# Blender 5.2.2 LTS
# www.blender.org
mtllib ruins_ch_wall_c.mtl
o piece
v -0.000008 -0.000214 -0.513185
v -2.499999 -0.002595 -0.625382
v -2.499999 -2.498332 -0.625684
v -0.000008 -2.498332 -0.625684
v -2.499999 -2.498332 -0.400684
v -0.000008 -2.498332 -0.400684
v -0.000008 -0.004988 -0.400685
v -2.499999 -0.004988 -0.400685
v 2.499992 -0.001161 -0.624722
v 2.499992 -2.498332 -0.625684
v 0.000001 -0.004988 -0.625685
v 2.499992 -2.498332 -0.400684
v 2.499992 -0.004988 -0.400685
v -0.000008 2.498118 -0.513185
v -2.499999 2.495737 -0.625382
v -2.499999 -0.000000 -0.625684
v -0.000008 -0.000000 -0.625684
v -0.000008 2.493344 -0.625685
v -2.499999 -0.000000 -0.400684
v -0.000008 -0.000000 -0.400684
v -0.000008 2.493344 -0.400685
v -2.499999 2.493344 -0.400685
v 2.499992 2.497171 -0.624722
v 2.499992 -0.000000 -0.625684
v 2.499992 -0.000000 -0.400684
v 2.499992 2.493344 -0.400685
v -1.692071 -2.333635 0.059088
v -2.455188 -0.014255 0.063761
v -2.450873 -2.335443 0.053161
v -1.683094 -0.014146 0.061596
v -1.641797 -2.382156 0.112656
v -2.498201 -2.382156 0.112656
v -1.641797 -2.498332 0.112656
v -2.498201 -2.498332 0.112656
v -2.498201 -2.498332 -0.401184
v -1.641797 -2.498332 -0.401184
v -1.641797 -2.382156 -0.401184
v -1.686871 -2.331551 -0.401184
v -1.685777 -0.012708 -0.401185
v -2.452927 -0.005300 -0.401176
v -2.449660 -2.333137 -0.401184
v -2.498201 -2.382156 -0.401184
v -1.692071 0.164698 0.059088
v -2.455188 2.484077 0.063761
v -2.450873 0.162890 0.053161
v -1.683094 2.484186 0.061596
v -1.641797 0.116176 0.112656
v -2.498201 0.116176 0.112656
v -1.641797 -0.000000 0.112656
v -2.498201 -0.000000 0.112656
v -2.498201 -0.000000 -0.401184
v -1.641797 -0.000000 -0.401184
v -1.641797 0.116176 -0.401184
v -1.686871 0.166781 -0.401184
v -1.685777 2.485624 -0.401185
v -2.452927 2.493032 -0.401176
v -2.449660 0.165195 -0.401184
v -2.498201 0.116176 -0.401184
v 0.377928 -2.333634 0.059088
v -0.385188 -0.014255 0.063761
v -0.380874 -2.335443 0.053161
v 0.386905 -0.014146 0.061596
v 0.428202 -2.382156 0.112656
v -0.428201 -2.382156 0.112656
v 0.428202 -2.498332 0.112656
v -0.428201 -2.498332 0.112656
v -0.428201 -2.498332 -0.401184
v 0.428202 -2.498332 -0.401184
v 0.428202 -2.382156 -0.401184
v 0.383129 -2.331551 -0.401184
v 0.378805 -0.004184 -0.401178
v -0.386975 -0.014316 -0.401185
v -0.379660 -2.333137 -0.401184
v -0.428201 -2.382156 -0.401184
v 0.377928 0.164698 0.059088
v -0.385188 2.484077 0.063761
v -0.380874 0.162890 0.053161
v 0.386905 2.484186 0.061596
v 0.428202 0.116176 0.112656
v -0.428201 0.116176 0.112656
v 0.428202 -0.000000 0.112656
v -0.428201 -0.000000 0.112656
v -0.428201 -0.000000 -0.401184
v 0.428202 -0.000000 -0.401184
v 0.428202 0.116176 -0.401184
v 0.383129 0.166781 -0.401184
v 0.378805 2.494148 -0.401178
v -0.386975 2.484016 -0.401185
v -0.379660 0.165195 -0.401184
v -0.428201 0.116176 -0.401184
v 2.447928 -2.333635 0.059088
v 1.684811 -0.014255 0.063761
v 1.689126 -2.335443 0.053161
v 2.456905 -0.014146 0.061596
v 2.498202 -2.382156 0.112656
v 1.641799 -2.382156 0.112656
v 2.498202 -2.498332 0.112656
v 1.641799 -2.498332 0.112656
v 1.641799 -2.498332 -0.401184
v 2.498202 -2.498332 -0.401184
v 2.498202 -2.382156 -0.401184
v 2.453129 -2.331551 -0.401184
v 2.448805 -0.004184 -0.401178
v 1.683025 -0.014316 -0.401185
v 1.690339 -2.333137 -0.401184
v 1.641799 -2.382156 -0.401184
v 2.447928 0.164698 0.059088
v 1.684811 2.484077 0.063761
v 1.689126 0.162890 0.053161
v 2.456905 2.484186 0.061596
v 2.498202 0.116176 0.112656
v 1.641799 0.116176 0.112656
v 2.498202 -0.000000 0.112656
v 1.641799 -0.000000 0.112656
v 1.641799 -0.000000 -0.401184
v 2.498202 -0.000000 -0.401184
v 2.498202 0.116176 -0.401184
v 2.453129 0.166781 -0.401184
v 2.448805 2.494148 -0.401178
v 1.683025 2.484016 -0.401185
v 1.690339 0.165195 -0.401184
v 1.641799 0.116176 -0.401184
v -0.000008 -2.479738 0.549154
v -0.000008 -2.132999 0.591948
v -2.496627 -2.122876 -0.401184
v -0.000008 -2.133000 -0.401184
v -2.495106 -2.490311 -0.401191
v -0.000008 -2.479738 -0.401184
v -2.493243 -2.185236 0.530984
v -0.000008 -2.177505 0.519163
v -0.000008 -2.153840 0.591948
v -2.503496 -2.142882 0.591300
v -0.000008 -2.314613 0.519163
v -2.500267 -2.322875 0.528334
v -0.000008 -2.338093 0.549154
v -1.633997 -2.496453 -0.401184
v -1.634267 -2.162913 0.616017
v -1.634279 -2.184161 0.537242
v -1.636582 -2.309670 0.533324
v -0.874771 -2.496453 -0.401184
v -0.879164 -2.494276 0.568543
v -2.488740 -2.489660 0.569895
v -2.459385 -2.112738 0.625684
v -2.459385 -2.167732 0.625684
v -2.459385 -2.310935 0.546446
v -2.459385 -2.333664 0.580974
v -1.651711 -2.333664 0.580974
v -1.634262 -2.494682 0.569086
v -1.616010 -2.333664 0.580974
v -1.630852 -2.323589 0.547256
v -1.634269 -2.119080 0.616094
v -0.848296 -2.500000 0.580974
v -0.876793 -2.335033 0.567067
v -0.876901 -2.312845 0.535675
v -0.876935 -2.186242 0.535779
v -0.876784 -2.159941 0.614211
v -0.876858 -2.118695 0.614258
v -0.022764 -2.500000 -0.401184
v -0.022764 -2.500000 0.580974
v -0.022764 -2.333664 0.580974
v -0.022764 -2.310935 0.546446
v -0.022764 -2.190640 0.546446
v -0.022764 -2.167732 0.625684
v -0.022764 -2.112738 0.625684
v -0.022764 -2.112738 -0.401184
v -2.229705 -2.112738 -0.401184
v -1.634597 -2.119357 0.416272
v -0.877993 -2.121562 0.417393
v -0.242661 -2.112738 -0.401184
v -2.229705 -2.112738 0.414352
v -0.242661 -2.112738 0.414352
v -0.281650 -2.193988 -0.401184
v -2.190757 -2.193988 -0.401184
v -0.893831 -2.193987 0.372845
v -1.614628 -2.193987 0.372845
v -2.190757 -2.193987 0.372845
v -0.281650 -2.193987 0.372845
v 2.490309 -2.492714 0.571764
v 2.503637 -2.143077 0.589047
v 2.495576 -2.120177 -0.401184
v 2.493933 -2.493247 -0.401189
v 2.491959 -2.183813 0.539664
v 2.494962 -2.315507 0.537153
v 0.866003 -2.496453 -0.401184
v 0.865732 -2.162913 0.616017
v 0.865721 -2.184161 0.537242
v 0.863418 -2.309670 0.533324
v 1.625229 -2.496453 -0.401184
v 1.620836 -2.494277 0.568543
v 0.040615 -2.500000 0.580974
v 0.040615 -2.500000 -0.401184
v 0.040615 -2.112738 -0.401184
v 0.040615 -2.112738 0.625684
v 0.040615 -2.167732 0.625684
v 0.040615 -2.190640 0.546446
v 0.040615 -2.310935 0.546446
v 0.040615 -2.333664 0.580974
v 0.848289 -2.333664 0.580974
v 0.865738 -2.494682 0.569086
v 0.883990 -2.333664 0.580974
v 0.869148 -2.323589 0.547256
v 0.865730 -2.119080 0.616094
v 1.651703 -2.500000 0.580974
v 1.623206 -2.335033 0.567067
v 1.623098 -2.312845 0.535675
v 1.623064 -2.186242 0.535779
v 1.623215 -2.159941 0.614211
v 1.623142 -2.118695 0.614258
v 2.477235 -2.333664 0.580974
v 2.477235 -2.167732 0.625684
v 2.477235 -2.112738 0.625684
v 0.270295 -2.112738 -0.401184
v 0.865403 -2.119357 0.416272
v 1.622007 -2.121562 0.417393
v 2.257339 -2.112738 -0.401184
v 0.270295 -2.112738 0.414352
v 2.257339 -2.112738 0.414352
v 2.218350 -2.193988 -0.401184
v 0.309242 -2.193988 -0.401184
v 1.606169 -2.193987 0.372845
v 0.885372 -2.193987 0.372845
v 0.309242 -2.193987 0.372845
v 2.218350 -2.193987 0.372845
v -0.000313 -0.083115 0.031246
v -2.494244 0.015401 0.024425
v -0.003322 0.012675 0.025261
v -2.495028 0.094906 -0.399133
v -0.004851 0.094398 -0.399258
v -2.498817 -0.083112 -0.397014
v -2.492932 0.097607 -0.175562
v -0.006025 0.093040 -0.175009
v -2.498675 0.012133 -0.165184
v -0.000904 0.013194 -0.165372
v -1.249929 -0.083117 0.030781
v -1.250104 0.092576 -0.176089
v -1.250002 0.011400 -0.165497
v -2.498051 -0.083116 0.030932
v -1.249990 0.011399 0.023796
v -1.250088 0.092584 -0.398007
v -1.249927 -0.083112 -0.398007
v 0.000493 -0.083112 -0.398128
v 2.499687 -0.083113 0.031246
v 0.005755 0.015401 0.024425
v 2.496678 0.012675 0.025261
v 0.004971 0.094906 -0.399133
v 2.495149 0.094398 -0.399258
v 2.499605 -0.083112 -0.399153
v 0.007068 0.097608 -0.175562
v 2.493974 0.093040 -0.175009
v 0.001084 0.012003 -0.165195
v 2.498885 0.013249 -0.165363
v 1.250070 -0.083117 0.030781
v 1.249895 0.092576 -0.176089
v 1.249997 0.011399 -0.165497
v 0.001949 -0.083119 0.030932
v 1.250010 0.011399 0.023796
v 1.249911 0.092584 -0.398007
v 1.250072 -0.083112 -0.398007
v 0.000001 2.479738 0.549154
v -2.490308 2.492714 0.571765
v 0.000001 2.133000 0.591948
v -2.503635 2.143077 0.589047
v -2.495574 2.120177 -0.401184
v -2.493932 2.493247 -0.401189
v 0.000001 2.177506 0.519163
v -2.491957 2.183813 0.539664
v 0.000001 2.153840 0.591948
v 0.000001 2.314613 0.519163
v -2.494960 2.315508 0.537154
v -0.866001 2.496453 -0.401184
v -0.865734 2.161754 0.616027
v -0.865715 2.185528 0.537220
v -0.863416 2.309670 0.533324
v -1.625227 2.496453 -0.401184
v -1.620834 2.494277 0.568543
v -0.040613 2.500000 0.580974
v -0.040613 2.500000 -0.401184
v -0.040613 2.112737 -0.401184
v -0.040613 2.112737 0.625684
v -0.040613 2.167732 0.625684
v -0.040613 2.190640 0.546446
v -0.040613 2.310935 0.546446
v -0.040613 2.333664 0.580974
v -0.848288 2.333664 0.580974
v -0.865736 2.494683 0.569086
v -0.883988 2.333664 0.580974
v -0.869147 2.323589 0.547256
v -0.865729 2.119080 0.616094
v -1.651702 2.500000 0.580974
v -1.623205 2.335033 0.567067
v -1.623097 2.312845 0.535675
v -1.623063 2.186242 0.535779
v -1.623214 2.159941 0.614212
v -1.623140 2.118695 0.614258
v -2.477234 2.333664 0.580974
v -2.477234 2.167732 0.625685
v -2.477234 2.112738 0.625685
v -0.270293 2.112737 -0.401184
v -0.865401 2.119357 0.416272
v -1.622005 2.121562 0.417394
v -2.257338 2.112738 -0.401184
v -0.270293 2.112737 0.414352
v -2.257338 2.112738 0.414352
v -2.218348 2.193988 -0.401184
v -0.309241 2.193988 -0.401184
v -1.606167 2.193987 0.372845
v -0.885370 2.193987 0.372845
v -0.309241 2.193987 0.372845
v -2.218348 2.193987 0.372845
v 2.496629 2.122876 -0.401184
v 0.000009 2.133000 -0.401184
v 2.495107 2.490311 -0.401191
v 0.000009 2.479738 -0.401184
v 2.493245 2.185236 0.530984
v 2.503498 2.142882 0.591299
v 2.500269 2.322875 0.528334
v 0.000009 2.338093 0.549155
v 1.633998 2.496453 -0.401184
v 1.634268 2.162913 0.616017
v 1.634280 2.184161 0.537242
v 1.636583 2.309670 0.533324
v 0.874772 2.496453 -0.401184
v 0.879165 2.494277 0.568543
v 2.488741 2.489660 0.569895
v 2.459386 2.112737 0.625684
v 2.459386 2.167732 0.625684
v 2.459386 2.310935 0.546446
v 2.459386 2.333664 0.580974
v 1.651712 2.333664 0.580974
v 1.634263 2.494683 0.569086
v 1.616011 2.333664 0.580974
v 1.630853 2.323589 0.547256
v 1.634271 2.119080 0.616094
v 0.848298 2.500000 0.580974
v 0.876795 2.335033 0.567067
v 0.876903 2.312845 0.535675
v 0.876936 2.186242 0.535779
v 0.876786 2.159941 0.614212
v 0.876859 2.118695 0.614258
v 0.022765 2.500000 -0.401184
v 0.022765 2.500000 0.580974
v 0.022765 2.333664 0.580974
v 0.022765 2.310935 0.546446
v 0.022765 2.190641 0.546446
v 0.022765 2.167732 0.625685
v 0.022765 2.112738 0.625685
v 0.022765 2.112738 -0.401184
v 2.229706 2.112737 -0.401184
v 1.634598 2.119357 0.416272
v 0.877994 2.121562 0.417394
v 0.242662 2.112738 -0.401184
v 2.229706 2.112737 0.414352
v 0.242662 2.112738 0.414352
v 0.281651 2.193988 -0.401184
v 2.190758 2.193988 -0.401184
v 0.893832 2.193987 0.372845
v 1.614629 2.193987 0.372845
v 2.190758 2.193987 0.372845
v 0.281651 2.193987 0.372845
v -1.609999 0.332446 -0.221184
v -1.609999 2.160899 -0.221184
v -1.609999 0.332446 -0.381184
v -1.609999 2.160899 -0.381184
v -0.459999 0.332446 -0.221184
v -0.459999 2.160899 -0.221184
v -0.459999 0.332446 -0.381184
v -0.459999 2.160899 -0.381184
v -1.410566 0.495234 -0.207851
v -1.410566 0.537344 -0.194518
v -1.292766 0.495234 -0.194518
v -1.292766 0.537344 -0.207851
v -1.410566 0.570810 -0.207851
v -1.410566 0.612920 -0.194518
v -1.292766 0.570810 -0.221184
v -1.292766 0.570810 -0.181184
v -1.292766 0.612920 -0.207851
v -1.405657 0.580257 -0.207851
v -1.405657 0.622367 -0.194518
v -1.297674 0.580257 -0.194518
v -1.297674 0.622367 -0.207851
v -1.405657 0.485787 -0.207851
v -1.405657 0.527896 -0.194518
v -1.297674 0.485787 -0.194518
v -1.297674 0.527896 -0.207851
v -1.323007 0.506841 -0.207851
v -1.323007 0.601312 -0.221184
v -1.323007 0.601312 -0.181184
v -1.272341 0.506841 -0.194518
v -1.272341 0.601312 -0.207851
v -1.430991 0.506841 -0.221184
v -1.430991 0.506841 -0.181184
v -1.430991 0.601312 -0.194518
v -1.380324 0.506841 -0.194518
v -1.380324 0.601312 -0.207851
v -1.425649 0.562723 -0.207851
v -1.425649 0.638521 -0.194518
v -1.334450 0.562723 -0.194518
v -1.334450 0.638521 -0.221184
v -1.334450 0.638521 -0.181184
v -1.410566 0.772272 -0.207851
v -1.410566 0.814382 -0.194518
v -1.292766 0.772272 -0.194518
v -1.292766 0.814382 -0.221184
v -1.292766 0.814382 -0.181184
v -1.410566 0.847848 -0.207851
v -1.410566 0.889958 -0.194518
v -1.292766 0.847848 -0.194518
v -1.292766 0.889958 -0.207851
v -1.440876 0.760584 -0.207851
v -1.440876 0.836381 -0.194518
v -1.349676 0.760584 -0.194518
v -1.349676 0.836381 -0.207851
v -1.420382 0.861589 -0.207851
v -1.420382 0.903699 -0.194518
v -1.282949 0.861589 -0.194518
v -1.282949 0.903699 -0.207851
v -1.318099 0.779586 -0.207851
v -1.318099 0.882644 -0.194518
v -1.267432 0.779586 -0.194518
v -1.267432 0.882644 -0.207851
v -1.410566 1.049310 -0.221184
v -1.410566 1.049310 -0.181184
v -1.410566 1.091420 -0.194518
v -1.292766 1.049310 -0.194518
v -1.292766 1.091420 -0.207851
v -1.410566 1.124886 -0.207851
v -1.410566 1.166996 -0.194518
v -1.292766 1.124886 -0.194518
v -1.292766 1.166996 -0.221184
v -1.292766 1.166996 -0.181184
v -1.449832 1.138628 -0.207851
v -1.449832 1.180737 -0.194518
v -1.253499 1.138628 -0.194518
v -1.253499 1.180737 -0.207851
v -1.420382 1.138628 -0.207851
v -1.420382 1.180737 -0.194518
v -1.282949 1.138628 -0.194518
v -1.282949 1.180737 -0.207851
v -1.318099 1.056624 -0.207851
v -1.318099 1.159683 -0.194518
v -1.267432 1.056624 -0.194518
v -1.267432 1.159683 -0.207851
v -1.392657 1.310116 -0.221184
v -1.392657 1.310116 -0.181184
v -1.392657 1.385914 -0.194518
v -1.301457 1.310116 -0.221184
v -1.301457 1.310116 -0.181184
v -1.301457 1.385914 -0.207851
v -1.405657 1.411372 -0.207851
v -1.405657 1.453481 -0.194518
v -1.297674 1.411372 -0.194518
v -1.297674 1.453481 -0.207851
v -1.405657 1.316902 -0.207851
v -1.405657 1.359012 -0.221184
v -1.405657 1.359012 -0.181184
v -1.297674 1.316902 -0.194518
v -1.297674 1.359012 -0.207851
v -1.323007 1.337957 -0.221184
v -1.323007 1.337957 -0.181184
v -1.323007 1.432427 -0.194518
v -1.272341 1.337957 -0.194518
v -1.272341 1.432427 -0.207851
v -1.430991 1.337957 -0.207851
v -1.430991 1.432427 -0.194518
v -1.380324 1.337957 -0.221184
v -1.380324 1.337957 -0.181184
v -1.380324 1.432427 -0.207851
v -1.410566 1.603387 -0.207851
v -1.410566 1.645497 -0.221184
v -1.410566 1.645497 -0.181184
v -1.292766 1.603387 -0.194518
v -1.292766 1.645497 -0.207851
v -1.410566 1.678963 -0.207851
v -1.410566 1.721073 -0.194518
v -1.292766 1.678963 -0.194518
v -1.292766 1.721073 -0.207851
v -1.420382 1.692704 -0.207851
v -1.420382 1.734814 -0.194518
v -1.282949 1.692704 -0.194518
v -1.282949 1.734814 -0.207851
v -1.318099 1.610701 -0.221184
v -1.318099 1.610701 -0.181184
v -1.318099 1.713759 -0.194518
v -1.267432 1.610701 -0.194518
v -1.267432 1.713759 -0.207851
v -1.420382 1.969743 -0.207851
v -1.420382 2.011853 -0.194518
v -1.282949 1.969743 -0.194518
v -1.282949 2.011853 -0.207851
v -1.318099 1.887740 -0.207851
v -1.318099 1.990798 -0.194518
v -1.267432 1.887740 -0.194518
v -1.267432 1.990798 -0.207851
v -1.339586 1.902715 -0.207851
v -1.339586 1.978513 -0.194518
v -1.248387 1.902715 -0.221184
v -1.248387 1.902715 -0.181184
v -1.248387 1.978513 -0.207851
v -1.376999 1.853387 -0.207851
v -1.376999 2.025150 -0.194518
v -1.326332 1.853387 -0.194518
v -1.326332 2.025150 -0.207851
v -1.095144 0.484647 -0.221184
v -1.095144 0.484647 -0.181184
v -1.127712 0.516905 -0.201184
v -0.942287 0.591248 -0.201184
v -0.974855 0.623506 -0.221184
v -0.974855 0.623506 -0.181184
v -1.093899 0.495234 -0.207851
v -1.093899 0.537344 -0.221184
v -1.093899 0.537344 -0.181184
v -0.976099 0.495234 -0.194518
v -0.976099 0.537344 -0.221184
v -0.976099 0.537344 -0.181184
v -1.093899 0.570810 -0.207851
v -1.093899 0.612920 -0.194518
v -0.976099 0.570810 -0.194518
v -0.976099 0.612920 -0.207851
v -1.029729 0.835819 -0.207851
v -1.029729 0.911616 -0.194518
v -0.938529 0.835819 -0.221184
v -0.938529 0.835819 -0.181184
v -0.938529 0.911616 -0.207851
v -1.093899 0.772272 -0.207851
v -1.093899 0.814382 -0.194518
v -0.976099 0.772272 -0.194518
v -0.976099 0.814382 -0.207851
v -1.093899 0.847848 -0.207851
v -1.093899 0.889958 -0.194518
v -0.976099 0.847848 -0.194518
v -0.976099 0.889958 -0.207851
v -1.088991 1.134333 -0.207851
v -1.088991 1.176443 -0.194518
v -0.981007 1.134333 -0.194518
v -0.981007 1.176443 -0.207851
v -1.088991 1.039864 -0.207851
v -1.088991 1.081973 -0.194518
v -0.981007 1.039864 -0.194518
v -0.981007 1.081973 -0.207851
v -1.006341 1.060919 -0.207851
v -1.006341 1.155388 -0.194518
v -0.955674 1.060919 -0.194518
v -0.955674 1.155388 -0.207851
v -1.114324 1.060919 -0.207851
v -1.114324 1.155388 -0.221184
v -1.114324 1.155388 -0.181184
v -1.063658 1.060919 -0.194518
v -1.063658 1.155388 -0.207851
v -1.001432 1.022271 -0.207851
v -1.001432 1.194035 -0.194518
v -0.950766 1.022271 -0.194518
v -0.950766 1.194035 -0.207851
v -1.103716 1.138628 -0.207851
v -1.103716 1.180737 -0.194518
v -0.966283 1.138628 -0.194518
v -0.966283 1.180737 -0.207851
v -1.001432 1.056624 -0.207851
v -1.001432 1.159683 -0.194518
v -0.950766 1.056624 -0.194518
v -0.950766 1.159683 -0.207851
v -1.001432 1.299310 -0.207851
v -1.001432 1.471074 -0.194518
v -0.950766 1.299310 -0.194518
v -0.950766 1.471074 -0.207851
v -1.133166 1.364137 -0.207851
v -1.133166 1.406247 -0.194518
v -0.936832 1.364137 -0.221184
v -0.936832 1.364137 -0.181184
v -0.936832 1.406247 -0.207851
v -1.103716 1.692704 -0.207851
v -1.103716 1.734814 -0.194518
v -0.966283 1.692704 -0.194518
v -0.966283 1.734814 -0.207851
v -1.001432 1.610701 -0.207851
v -1.001432 1.713759 -0.194518
v -0.950766 1.610701 -0.194518
v -0.950766 1.713759 -0.221184
v -0.950766 1.713759 -0.181184
v -1.088991 1.688410 -0.207851
v -1.088991 1.730520 -0.194518
v -0.981007 1.688410 -0.194518
v -0.981007 1.730520 -0.221184
v -0.981007 1.730520 -0.181184
v -1.088991 1.593940 -0.207851
v -1.088991 1.636050 -0.221184
v -1.088991 1.636050 -0.181184
v -0.981007 1.593940 -0.194518
v -0.981007 1.636050 -0.207851
v -1.006341 1.614995 -0.207851
v -1.006341 1.709465 -0.221184
v -1.006341 1.709465 -0.181184
v -0.955674 1.614995 -0.194518
v -0.955674 1.709465 -0.207851
v -1.114324 1.614995 -0.207851
v -1.114324 1.709465 -0.221184
v -1.114324 1.709465 -0.181184
v -1.063658 1.614995 -0.194518
v -1.063658 1.709465 -0.207851
v -1.093899 1.603387 -0.221184
v -1.093899 1.603387 -0.181184
v -1.093899 1.645497 -0.194518
v -0.976099 1.603387 -0.194518
v -0.976099 1.645497 -0.221184
v -0.976099 1.645497 -0.181184
v -1.093899 1.678963 -0.207851
v -1.093899 1.721073 -0.194518
v -0.976099 1.678963 -0.194518
v -0.976099 1.721073 -0.221184
v -0.976099 1.721073 -0.181184
v -1.119232 1.853387 -0.207851
v -1.119232 2.025150 -0.194518
v -1.068566 1.853387 -0.194518
v -1.068566 2.025150 -0.207851
v -1.133166 1.918214 -0.221184
v -1.133166 1.918214 -0.181184
v -1.133166 1.960324 -0.194518
v -0.936832 1.918214 -0.194518
v -0.936832 1.960324 -0.207851
v -0.777233 0.495234 -0.207851
v -0.777233 0.537344 -0.194518
v -0.659433 0.495234 -0.194518
v -0.659433 0.537344 -0.207851
v -0.777233 0.570810 -0.207851
v -0.777233 0.612920 -0.194518
v -0.659433 0.570810 -0.194518
v -0.659433 0.612920 -0.207851
v -0.778477 0.484647 -0.221184
v -0.778477 0.484647 -0.181184
v -0.811045 0.516905 -0.201184
v -0.625620 0.591248 -0.201184
v -0.658188 0.623506 -0.221184
v -0.658188 0.623506 -0.181184
v -0.756550 0.783303 -0.207851
v -0.756550 0.859100 -0.194518
v -0.665350 0.783303 -0.194518
v -0.665350 0.859100 -0.221184
v -0.665350 0.859100 -0.181184
v -0.743666 0.745233 -0.207851
v -0.743666 0.916997 -0.194518
v -0.692999 0.745233 -0.194518
v -0.692999 0.916997 -0.207851
v -0.772324 1.134333 -0.207851
v -0.772324 1.176443 -0.194518
v -0.664341 1.134333 -0.194518
v -0.664341 1.176443 -0.207851
v -0.772324 1.039864 -0.207851
v -0.772324 1.081973 -0.194518
v -0.664341 1.039864 -0.194518
v -0.664341 1.081973 -0.207851
v -0.689674 1.060919 -0.207851
v -0.689674 1.155388 -0.194518
v -0.639008 1.060919 -0.221184
v -0.639008 1.060919 -0.181184
v -0.639008 1.155388 -0.207851
v -0.797657 1.060919 -0.207851
v -0.797657 1.155388 -0.221184
v -0.797657 1.155388 -0.181184
v -0.746991 1.060919 -0.194518
v -0.746991 1.155388 -0.207851
v -0.770966 1.019948 -0.221184
v -0.770966 1.019948 -0.181184
v -0.770966 1.095745 -0.194518
v -0.679766 1.019948 -0.194518
v -0.679766 1.095745 -0.207851
v -0.772324 1.411372 -0.207851
v -0.772324 1.453481 -0.194518
v -0.664341 1.411372 -0.194518
v -0.664341 1.453481 -0.207851
v -0.772324 1.316902 -0.207851
v -0.772324 1.359012 -0.194518
v -0.664341 1.316902 -0.194518
v -0.664341 1.359012 -0.207851
v -0.689674 1.337957 -0.207851
v -0.689674 1.432427 -0.194518
v -0.639008 1.337957 -0.194518
v -0.639008 1.432427 -0.207851
v -0.797657 1.337957 -0.207851
v -0.797657 1.432427 -0.194518
v -0.746991 1.337957 -0.194518
v -0.746991 1.432427 -0.207851
v -0.777233 1.326349 -0.207851
v -0.777233 1.368459 -0.194518
v -0.659433 1.326349 -0.194518
v -0.659433 1.368459 -0.207851
v -0.777233 1.401925 -0.221184
v -0.777233 1.401925 -0.181184
v -0.777233 1.444035 -0.194518
v -0.659433 1.401925 -0.194518
v -0.659433 1.444035 -0.207851
v -0.816499 1.415666 -0.207851
v -0.816499 1.457776 -0.194518
v -0.620166 1.415666 -0.221184
v -0.620166 1.415666 -0.181184
v -0.620166 1.457776 -0.207851
v -0.816499 1.692704 -0.207851
v -0.816499 1.734814 -0.194518
v -0.620166 1.692704 -0.221184
v -0.620166 1.692704 -0.181184
v -0.620166 1.734814 -0.221184
v -0.620166 1.734814 -0.181184
v -0.777233 1.603387 -0.221184
v -0.777233 1.603387 -0.181184
v -0.777233 1.645497 -0.221184
v -0.777233 1.645497 -0.181184
v -0.659433 1.603387 -0.221184
v -0.659433 1.603387 -0.181184
v -0.659433 1.645497 -0.221184
v -0.659433 1.645497 -0.181184
v -0.777233 1.678963 -0.221184
v -0.777233 1.678963 -0.181184
v -0.777233 1.721073 -0.221184
v -0.777233 1.721073 -0.181184
v -0.659433 1.678963 -0.221184
v -0.659433 1.678963 -0.181184
v -0.659433 1.721073 -0.221184
v -0.659433 1.721073 -0.181184
v -0.772324 1.965449 -0.221184
v -0.772324 1.965449 -0.181184
v -0.772324 2.007559 -0.221184
v -0.772324 2.007559 -0.181184
v -0.664341 1.965449 -0.221184
v -0.664341 1.965449 -0.181184
v -0.664341 2.007559 -0.221184
v -0.664341 2.007559 -0.181184
v -0.772324 1.870979 -0.221184
v -0.772324 1.870979 -0.181184
v -0.772324 1.913088 -0.221184
v -0.772324 1.913088 -0.181184
v -0.664341 1.870979 -0.221184
v -0.664341 1.870979 -0.181184
v -0.664341 1.913088 -0.221184
v -0.664341 1.913088 -0.181184
v -0.689674 1.892034 -0.221184
v -0.689674 1.892034 -0.181184
v -0.689674 1.986503 -0.221184
v -0.689674 1.986503 -0.181184
v -0.639008 1.892034 -0.221184
v -0.639008 1.892034 -0.181184
v -0.639008 1.986503 -0.221184
v -0.639008 1.986503 -0.181184
v -0.797657 1.892034 -0.221184
v -0.797657 1.892034 -0.181184
v -0.797657 1.986503 -0.221184
v -0.797657 1.986503 -0.181184
v -0.746991 1.892034 -0.221184
v -0.746991 1.892034 -0.181184
v -0.746991 1.986503 -0.221184
v -0.746991 1.986503 -0.181184
v -0.777233 1.880425 -0.221184
v -0.777233 1.880425 -0.181184
v -0.777233 1.922535 -0.221184
v -0.777233 1.922535 -0.181184
v -0.659433 1.880425 -0.221184
v -0.659433 1.880425 -0.181184
v -0.659433 1.922535 -0.221184
v -0.659433 1.922535 -0.181184
v -0.777233 1.956002 -0.221184
v -0.777233 1.956002 -0.181184
v -0.777233 1.998111 -0.221184
v -0.777233 1.998111 -0.181184
v -0.659433 1.956002 -0.221184
v -0.659433 1.956002 -0.181184
v -0.659433 1.998111 -0.221184
v -0.659433 1.998111 -0.181184
v -0.778477 1.869839 -0.221184
v -0.778477 1.869839 -0.181184
v -0.811045 1.902097 -0.201184
v -0.625620 1.976440 -0.201184
v -0.658188 2.008698 -0.221184
v -0.658188 2.008698 -0.181184
v -1.609999 2.111032 -0.221184
v -1.609999 2.111032 -0.141184
v -1.609999 2.160899 -0.141184
v -0.459999 2.111032 -0.221184
v -0.459999 2.111032 -0.141184
v -0.459999 2.160899 -0.141184
v -1.609999 0.332446 -0.141184
v -1.609999 0.382313 -0.221184
v -1.609999 0.382313 -0.141184
v -0.459999 0.332446 -0.141184
v -0.459999 0.382313 -0.221184
v -0.459999 0.382313 -0.141184
v -0.519999 0.332446 -0.221184
v -0.519999 0.332446 -0.141184
v -0.519999 2.160899 -0.221184
v -0.519999 2.160899 -0.141184
v -1.549999 0.332446 -0.221184
v -1.549999 0.332446 -0.141184
v -1.549999 2.160899 -0.221184
v -1.549999 2.160899 -0.141184
v 0.460001 0.332446 -0.221184
v 0.460001 2.160899 -0.221184
v 0.460001 0.332446 -0.381184
v 0.460001 2.160899 -0.381184
v 1.610000 0.332446 -0.221184
v 1.610000 2.160899 -0.221184
v 1.610000 0.332446 -0.381184
v 1.610000 2.160899 -0.381184
v 0.649617 0.584551 -0.207851
v 0.649617 0.626661 -0.194518
v 0.787050 0.584551 -0.194518
v 0.787050 0.626661 -0.221184
v 0.787050 0.626661 -0.181184
v 0.751901 0.502548 -0.207851
v 0.751901 0.605606 -0.194518
v 0.802567 0.502548 -0.194518
v 0.802567 0.605606 -0.207851
v 0.620167 0.584551 -0.207851
v 0.620167 0.626661 -0.194518
v 0.816501 0.584551 -0.194518
v 0.816501 0.626661 -0.207851
v 0.641278 0.826177 -0.207851
v 0.641278 0.901975 -0.194518
v 0.732478 0.826177 -0.194518
v 0.732478 0.901975 -0.207851
v 0.664342 0.857295 -0.207851
v 0.664342 0.899405 -0.194518
v 0.772326 0.857295 -0.194518
v 0.772326 0.899405 -0.207851
v 0.664342 0.762825 -0.207851
v 0.664342 0.804935 -0.194518
v 0.772326 0.762825 -0.194518
v 0.772326 0.804935 -0.221184
v 0.772326 0.804935 -0.181184
v 0.746992 0.783880 -0.221184
v 0.746992 0.783880 -0.181184
v 0.746992 0.878350 -0.194518
v 0.797659 0.783880 -0.194518
v 0.797659 0.878350 -0.207851
v 0.639009 0.783880 -0.207851
v 0.639009 0.878350 -0.221184
v 0.639009 0.878350 -0.181184
v 0.689676 0.783880 -0.194518
v 0.689676 0.878350 -0.207851
v 0.659434 0.772272 -0.207851
v 0.659434 0.814382 -0.194518
v 0.777234 0.772272 -0.194518
v 0.777234 0.814382 -0.207851
v 0.659434 0.847848 -0.207851
v 0.659434 0.889958 -0.194518
v 0.777234 0.847848 -0.194518
v 0.777234 0.889958 -0.207851
v 0.659434 1.049310 -0.221184
v 0.659434 1.049310 -0.181184
v 0.659434 1.091420 -0.194518
v 0.777234 1.049310 -0.194518
v 0.777234 1.091420 -0.207851
v 0.659434 1.124886 -0.207851
v 0.659434 1.166996 -0.221184
v 0.659434 1.166996 -0.181184
v 0.777234 1.124886 -0.194518
v 0.777234 1.166996 -0.207851
v 0.751901 1.022271 -0.207851
v 0.751901 1.194035 -0.194518
v 0.802567 1.022271 -0.194518
v 0.802567 1.194035 -0.207851
v 0.625622 1.145325 -0.201184
v 0.658190 1.177583 -0.221184
v 0.658190 1.177583 -0.181184
v 0.778478 1.038724 -0.221184
v 0.778478 1.038724 -0.181184
v 0.811046 1.070982 -0.201184
v 0.649617 1.415666 -0.207851
v 0.649617 1.457776 -0.194518
v 0.787050 1.415666 -0.194518
v 0.787050 1.457776 -0.207851
v 0.751901 1.333663 -0.221184
v 0.751901 1.333663 -0.181184
v 0.751901 1.436721 -0.194518
v 0.802567 1.333663 -0.194518
v 0.802567 1.436721 -0.207851
v 0.659434 1.326349 -0.207851
v 0.659434 1.368459 -0.221184
v 0.659434 1.368459 -0.181184
v 0.777234 1.326349 -0.194518
v 0.777234 1.368459 -0.207851
v 0.659434 1.401925 -0.207851
v 0.659434 1.444035 -0.194518
v 0.777234 1.401925 -0.194518
v 0.777234 1.444035 -0.221184
v 0.777234 1.444035 -0.181184
v 0.664342 1.688410 -0.221184
v 0.664342 1.688410 -0.181184
v 0.664342 1.730520 -0.194518
v 0.772326 1.688410 -0.194518
v 0.772326 1.730520 -0.207851
v 0.664342 1.593940 -0.207851
v 0.664342 1.636050 -0.194518
v 0.772326 1.593940 -0.221184
v 0.772326 1.593940 -0.181184
v 0.772326 1.636050 -0.207851
v 0.746992 1.614995 -0.207851
v 0.746992 1.709465 -0.194518
v 0.797659 1.614995 -0.221184
v 0.797659 1.614995 -0.181184
v 0.797659 1.709465 -0.207851
v 0.639009 1.614995 -0.207851
v 0.639009 1.709465 -0.221184
v 0.639009 1.709465 -0.181184
v 0.689676 1.614995 -0.194518
v 0.689676 1.709465 -0.207851
v 0.658190 1.592801 -0.221184
v 0.658190 1.592801 -0.181184
v 0.625622 1.625059 -0.201184
v 0.811046 1.699401 -0.201184
v 0.778478 1.731660 -0.221184
v 0.778478 1.731660 -0.181184
v 0.664342 1.965449 -0.207851
v 0.664342 2.007559 -0.194518
v 0.772326 1.965449 -0.194518
v 0.772326 2.007559 -0.207851
v 0.664342 1.870979 -0.207851
v 0.664342 1.913088 -0.194518
v 0.772326 1.870979 -0.221184
v 0.772326 1.870979 -0.181184
v 0.772326 1.913088 -0.207851
v 0.746992 1.892034 -0.207851
v 0.746992 1.986503 -0.194518
v 0.797659 1.892034 -0.194518
v 0.797659 1.986503 -0.207851
v 0.639009 1.892034 -0.207851
v 0.639009 1.986503 -0.221184
v 0.639009 1.986503 -0.181184
v 0.689676 1.892034 -0.194518
v 0.689676 1.986503 -0.207851
v 0.659434 1.880425 -0.207851
v 0.659434 1.922535 -0.194518
v 0.777234 1.880425 -0.194518
v 0.777234 1.922535 -0.221184
v 0.777234 1.922535 -0.181184
v 0.659434 1.956002 -0.221184
v 0.659434 1.956002 -0.181184
v 0.659434 1.998111 -0.194518
v 0.777234 1.956002 -0.221184
v 0.777234 1.956002 -0.181184
v 0.777234 1.998111 -0.207851
v 0.680863 1.906477 -0.207851
v 0.680863 1.982274 -0.194518
v 0.772063 1.906477 -0.194518
v 0.772063 1.982274 -0.207851
v 0.960284 0.526196 -0.207851
v 0.960284 0.601994 -0.194518
v 1.051484 0.526196 -0.194518
v 1.051484 0.601994 -0.221184
v 1.051484 0.601994 -0.181184
v 0.936834 0.584551 -0.207851
v 0.936834 0.626661 -0.221184
v 0.936834 0.626661 -0.181184
v 1.133167 0.584551 -0.194518
v 1.133167 0.626661 -0.207851
v 0.950767 0.745233 -0.207851
v 0.950767 0.916997 -0.194518
v 1.001434 0.745233 -0.194518
v 1.001434 0.916997 -0.207851
v 0.942288 0.868286 -0.201184
v 0.974856 0.900544 -0.221184
v 0.974856 0.900544 -0.181184
v 1.095145 0.761686 -0.221184
v 1.095145 0.761686 -0.181184
v 1.127713 0.793944 -0.201184
v 0.966284 1.138628 -0.207851
v 0.966284 1.180737 -0.194518
v 1.103717 1.138628 -0.194518
v 1.103717 1.180737 -0.207851
v 1.068567 1.056624 -0.207851
v 1.068567 1.159683 -0.194518
v 1.119234 1.056624 -0.194518
v 1.119234 1.159683 -0.207851
v 1.009667 1.022271 -0.207851
v 1.009667 1.194035 -0.194518
v 1.060334 1.022271 -0.221184
v 1.060334 1.022271 -0.181184
v 1.060334 1.194035 -0.221184
v 1.060334 1.194035 -0.181184
v 0.936834 1.364137 -0.221184
v 0.936834 1.364137 -0.181184
v 0.936834 1.406247 -0.221184
v 0.936834 1.406247 -0.181184
v 1.133167 1.364137 -0.194518
v 1.133167 1.406247 -0.207851
v 0.942288 1.422363 -0.201184
v 0.974856 1.454621 -0.221184
v 0.974856 1.454621 -0.181184
v 1.095145 1.315763 -0.221184
v 1.095145 1.315763 -0.181184
v 1.127713 1.348020 -0.201184
v 0.966284 1.415666 -0.207851
v 0.966284 1.457776 -0.194518
v 1.103717 1.415666 -0.194518
v 1.103717 1.457776 -0.207851
v 1.068567 1.333663 -0.207851
v 1.068567 1.436721 -0.221184
v 1.068567 1.436721 -0.181184
v 1.119234 1.333663 -0.194518
v 1.119234 1.436721 -0.207851
v 0.981009 1.688410 -0.207851
v 0.981009 1.730520 -0.194518
v 1.088992 1.688410 -0.194518
v 1.088992 1.730520 -0.207851
v 0.981009 1.593940 -0.207851
v 0.981009 1.636050 -0.194518
v 1.088992 1.593940 -0.194518
v 1.088992 1.636050 -0.221184
v 1.088992 1.636050 -0.181184
v 1.063659 1.614995 -0.207851
v 1.063659 1.709465 -0.194518
v 1.114325 1.614995 -0.194518
v 1.114325 1.709465 -0.207851
v 0.955676 1.614995 -0.221184
v 0.955676 1.614995 -0.181184
v 0.955676 1.709465 -0.194518
v 1.006342 1.614995 -0.194518
v 1.006342 1.709465 -0.207851
v 0.975778 1.652853 -0.207851
v 0.975778 1.728651 -0.194518
v 1.066978 1.652853 -0.221184
v 1.066978 1.652853 -0.181184
v 1.066978 1.728651 -0.221184
v 1.066978 1.728651 -0.181184
v 0.966284 1.692704 -0.207851
v 0.966284 1.734814 -0.194518
v 1.103717 1.692704 -0.194518
v 1.103717 1.734814 -0.207851
v 1.068567 1.610701 -0.207851
v 1.068567 1.713759 -0.194518
v 1.119234 1.610701 -0.194518
v 1.119234 1.713759 -0.207851
v 0.942288 1.976440 -0.201184
v 0.974856 2.008698 -0.221184
v 0.974856 2.008698 -0.181184
v 1.095145 1.869839 -0.221184
v 1.095145 1.869839 -0.181184
v 1.127713 1.902097 -0.201184
v 1.022149 1.910703 -0.207851
v 1.022149 1.986501 -0.194518
v 1.113349 1.910703 -0.194518
v 1.113349 1.986501 -0.207851
v 0.966284 1.969743 -0.207851
v 0.966284 2.011853 -0.194518
v 1.103717 1.969743 -0.194518
v 1.103717 2.011853 -0.207851
v 1.068567 1.887740 -0.207851
v 1.068567 1.990798 -0.194518
v 1.119234 1.887740 -0.194518
v 1.119234 1.990798 -0.207851
v 1.297675 0.580257 -0.207851
v 1.297675 0.622367 -0.194518
v 1.405659 0.580257 -0.194518
v 1.405659 0.622367 -0.207851
v 1.297675 0.485787 -0.207851
v 1.297675 0.527896 -0.194518
v 1.405659 0.485787 -0.194518
v 1.405659 0.527896 -0.221184
v 1.405659 0.527896 -0.181184
v 1.380325 0.506841 -0.207851
v 1.380325 0.601312 -0.221184
v 1.380325 0.601312 -0.181184
v 1.430992 0.506841 -0.194518
v 1.430992 0.601312 -0.207851
v 1.272342 0.506841 -0.207851
v 1.272342 0.601312 -0.194518
v 1.323009 0.506841 -0.194518
v 1.323009 0.601312 -0.207851
v 1.247499 0.508503 -0.207851
v 1.247499 0.584301 -0.194518
v 1.338699 0.508503 -0.194518
v 1.338699 0.584301 -0.207851
v 1.282950 0.584551 -0.207851
v 1.282950 0.626661 -0.194518
v 1.420384 0.584551 -0.221184
v 1.420384 0.584551 -0.181184
v 1.420384 0.626661 -0.207851
v 1.385234 0.502548 -0.207851
v 1.385234 0.605606 -0.194518
v 1.435900 0.502548 -0.194518
v 1.435900 0.605606 -0.207851
v 1.282950 0.861589 -0.207851
v 1.282950 0.903699 -0.194518
v 1.420384 0.861589 -0.194518
v 1.420384 0.903699 -0.207851
v 1.385234 0.779586 -0.207851
v 1.385234 0.882644 -0.194518
v 1.435900 0.779586 -0.194518
v 1.435900 0.882644 -0.207851
v 1.267434 0.745233 -0.207851
v 1.267434 0.916997 -0.194518
v 1.318100 0.745233 -0.221184
v 1.318100 0.745233 -0.181184
v 1.318100 0.916997 -0.207851
v 1.249410 0.768092 -0.207851
v 1.249410 0.843890 -0.194518
v 1.340611 0.768092 -0.221184
v 1.340611 0.768092 -0.181184
v 1.340611 0.843890 -0.207851
v 1.282950 1.138628 -0.207851
v 1.282950 1.180737 -0.194518
v 1.420384 1.138628 -0.194518
v 1.420384 1.180737 -0.207851
v 1.385234 1.056624 -0.207851
v 1.385234 1.159683 -0.194518
v 1.435900 1.056624 -0.194518
v 1.435900 1.159683 -0.207851
v 1.344306 1.034961 -0.207851
v 1.344306 1.110758 -0.194518
v 1.435506 1.034961 -0.194518
v 1.435506 1.110758 -0.207851
v 1.297675 1.134333 -0.207851
v 1.297675 1.176443 -0.194518
v 1.405659 1.134333 -0.221184
v 1.405659 1.134333 -0.181184
v 1.405659 1.176443 -0.207851
v 1.297675 1.039864 -0.221184
v 1.297675 1.039864 -0.181184
v 1.297675 1.081973 -0.194518
v 1.405659 1.039864 -0.194518
v 1.405659 1.081973 -0.207851
v 1.380325 1.060919 -0.207851
v 1.380325 1.155388 -0.221184
v 1.380325 1.155388 -0.181184
v 1.430992 1.060919 -0.194518
v 1.430992 1.155388 -0.207851
v 1.272342 1.060919 -0.221184
v 1.272342 1.060919 -0.181184
v 1.272342 1.155388 -0.221184
v 1.272342 1.155388 -0.181184
v 1.323009 1.060919 -0.221184
v 1.323009 1.060919 -0.181184
v 1.323009 1.155388 -0.207851
v 1.253500 1.364137 -0.207851
v 1.253500 1.406247 -0.194518
v 1.449834 1.364137 -0.194518
v 1.449834 1.406247 -0.221184
v 1.449834 1.406247 -0.181184
v 1.282950 1.415666 -0.207851
v 1.282950 1.457776 -0.194518
v 1.420384 1.415666 -0.194518
v 1.420384 1.457776 -0.207851
v 1.385234 1.333663 -0.207851
v 1.385234 1.436721 -0.194518
v 1.435900 1.333663 -0.194518
v 1.435900 1.436721 -0.207851
v 1.256773 1.354911 -0.207851
v 1.256773 1.430709 -0.194518
v 1.347973 1.354911 -0.194518
v 1.347973 1.430709 -0.221184
v 1.347973 1.430709 -0.181184
v 1.385234 1.576348 -0.207851
v 1.385234 1.748112 -0.194518
v 1.435900 1.576348 -0.221184
v 1.435900 1.576348 -0.181184
v 1.435900 1.748112 -0.207851
v 1.297675 1.688410 -0.207851
v 1.297675 1.730520 -0.194518
v 1.405659 1.688410 -0.221184
v 1.405659 1.688410 -0.181184
v 1.405659 1.730520 -0.207851
v 1.297675 1.593940 -0.207851
v 1.297675 1.636050 -0.221184
v 1.297675 1.636050 -0.181184
v 1.405659 1.593940 -0.221184
v 1.405659 1.593940 -0.181184
v 1.405659 1.636050 -0.207851
v 1.380325 1.614995 -0.207851
v 1.380325 1.709465 -0.194518
v 1.430992 1.614995 -0.194518
v 1.430992 1.709465 -0.207851
v 1.272342 1.614995 -0.207851
v 1.272342 1.709465 -0.194518
v 1.323009 1.614995 -0.221184
v 1.323009 1.614995 -0.181184
v 1.323009 1.709465 -0.207851
v 1.297675 1.965449 -0.207851
v 1.297675 2.007559 -0.194518
v 1.405659 1.965449 -0.194518
v 1.405659 2.007559 -0.207851
v 1.297675 1.870979 -0.207851
v 1.297675 1.913088 -0.221184
v 1.297675 1.913088 -0.181184
v 1.405659 1.870979 -0.194518
v 1.405659 1.913088 -0.207851
v 1.380325 1.892034 -0.221184
v 1.380325 1.892034 -0.181184
v 1.380325 1.986503 -0.194518
v 1.430992 1.892034 -0.194518
v 1.430992 1.986503 -0.207851
v 1.272342 1.892034 -0.207851
v 1.272342 1.986503 -0.194518
v 1.323009 1.892034 -0.194518
v 1.323009 1.986503 -0.207851
v 1.291523 1.869839 -0.221184
v 1.291523 1.869839 -0.181184
v 1.258955 1.902097 -0.201184
v 1.444379 1.976440 -0.201184
v 1.411811 2.008698 -0.221184
v 1.411811 2.008698 -0.181184
v 0.460001 2.111032 -0.221184
v 0.460001 2.111032 -0.141184
v 0.460001 2.160899 -0.141184
v 1.610000 2.111032 -0.221184
v 1.610000 2.111032 -0.141184
v 1.610000 2.160899 -0.141184
v 0.460001 0.332446 -0.141184
v 0.460001 0.382313 -0.221184
v 0.460001 0.382313 -0.141184
v 1.610000 0.332446 -0.141184
v 1.610000 0.382313 -0.221184
v 1.610000 0.382313 -0.141184
v 1.550000 0.332446 -0.221184
v 1.550000 0.332446 -0.141184
v 1.550000 2.160899 -0.221184
v 1.550000 2.160899 -0.141184
v 0.520000 0.332446 -0.221184
v 0.520000 0.332446 -0.141184
v 0.520000 2.160899 -0.221184
v 0.520000 2.160899 -0.141184
vn -0.0071 0.9999 0.0074
vn 0.0071 -0.9999 0.0074
vn -0.0001 -0.0000 -1.0000
vn -0.0014 0.9999 0.0107
vn -0.0000 -0.0000 1.0000
vn -0.0015 0.9991 -0.0424
vn 0.0004 0.0004 -1.0000
vn 0.0023 0.9991 0.0424
vn -0.0000 -0.0000 -1.0000
vn -0.0000 -1.0000 -0.0000
vn 0.0028 -0.0011 1.0000
vn 1.0000 -0.0005 -0.0058
vn -1.0000 -0.0018 -0.0049
vn 0.6945 0.7195 -0.0000
vn -0.0070 0.7378 0.6749
vn -0.7025 0.7117 -0.0000
vn 1.0000 -0.0000 -0.0000
vn -1.0000 -0.0000 -0.0000
vn 0.0097 0.9999 0.0031
vn -0.0001 0.9998 0.0193
vn -0.0132 0.9999 -0.0001
vn 0.9998 0.0019 -0.0175
vn -1.0000 -0.0019 0.0038
vn -0.0000 1.0000 -0.0000
vn -0.0001 0.9998 0.0215
vn -0.0021 -0.9655 0.2604
vn 0.0005 -1.0000 0.0018
vn 0.0154 -0.0008 0.9999
vn 0.0024 -0.0018 1.0000
vn 0.0124 0.8166 0.5771
vn 0.0008 -0.0737 0.9973
vn -0.9048 0.0716 0.4197
vn -0.0059 -1.0000 0.0007
vn -0.0111 -0.9999 -0.0014
vn 0.0116 -0.0000 0.9999
vn 0.0078 -0.9838 0.1790
vn -0.0074 0.1201 0.9927
vn 0.0075 0.8352 0.5498
vn -0.0000 -0.0708 0.9975
vn -0.1829 -0.9831 0.0014
vn -0.7755 0.1017 0.6231
vn 0.8423 0.0517 0.5365
vn -0.0164 0.0812 0.9966
vn -0.0091 0.8166 0.5772
vn -0.0125 -0.0008 0.9999
vn -0.0129 -0.9480 0.3179
vn -0.0134 -0.0012 0.9999
vn -0.9976 0.0681 0.0085
vn 0.6650 -0.7469 -0.0000
vn 0.8134 -0.0000 0.5817
vn 0.6548 0.5951 0.4659
vn 0.7679 -0.0000 0.6405
vn 0.7065 -0.6799 0.1966
vn 0.8290 -0.0000 0.5592
vn 0.6650 0.7469 -0.0000
vn -0.0005 1.0000 -0.0014
vn 0.9017 0.4323 -0.0000
vn 0.0080 0.4579 -0.8889
vn -0.0000 0.5239 -0.8518
vn -0.9016 0.4326 -0.0000
vn 0.9997 -0.0255 0.0037
vn 0.0064 -1.0000 -0.0000
vn 0.0089 -0.9606 0.2777
vn 0.0112 -0.0000 0.9999
vn -0.4463 -0.8949 -0.0000
vn -0.4463 0.8949 -0.0000
vn -0.6389 -0.0000 0.7693
vn -0.4580 -0.8454 0.2749
vn -0.5575 -0.0000 0.8302
vn -0.4366 0.7084 0.5546
vn -0.6166 -0.0000 0.7872
vn -0.9987 0.0508 0.0070
vn 0.0087 -1.0000 0.0006
vn 0.0015 0.8166 0.5772
vn -0.0045 -0.0008 1.0000
vn 0.0111 0.9999 -0.0014
vn 0.9180 0.0527 0.3932
vn 0.8185 -0.5230 0.2379
vn 0.8113 -0.0000 0.5846
vn 0.9979 0.0647 0.0056
vn -0.0008 -0.0119 -0.9999
vn 0.0019 0.9999 -0.0121
vn 0.0009 0.1205 0.9927
vn 0.0006 0.9999 -0.0172
vn 0.0007 0.0659 0.9978
vn -0.0012 0.0737 0.9973
vn -0.0014 1.0000 -0.0000
vn -0.0009 0.1294 0.9916
vn -0.0015 1.0000 -0.0000
vn 0.9981 0.0621 0.0056
vn 0.0001 -0.0056 -1.0000
vn 0.0009 0.1202 0.9928
vn 0.0005 0.9998 -0.0179
vn -0.0009 -0.0000 -1.0000
vn 0.0004 0.9574 0.2888
vn -0.0005 1.0000 0.0018
vn -0.9997 -0.0227 0.0054
vn -0.0154 0.0008 0.9999
vn -0.0024 0.0016 1.0000
vn -0.0124 -0.8166 0.5771
vn -0.0008 0.0737 0.9973
vn 0.9048 -0.0716 0.4197
vn -0.0064 1.0000 -0.0000
vn -0.0116 -0.0000 0.9999
vn -0.0103 0.9573 0.2888
vn -0.0112 -0.0000 0.9999
vn -0.0075 -0.8352 0.5498
vn 0.1828 0.9831 0.0014
vn 0.4463 0.8949 -0.0000
vn 0.4464 -0.8949 -0.0000
vn 0.6390 -0.0000 0.7692
vn 0.4580 0.8454 0.2749
vn 0.5576 -0.0000 0.8301
vn 0.4366 -0.7084 0.5545
vn 0.6166 -0.0000 0.7872
vn -0.8423 -0.0517 0.5365
vn -0.0087 1.0000 0.0006
vn 0.0164 -0.0812 0.9966
vn -0.0015 -0.8166 0.5772
vn 0.0045 0.0008 1.0000
vn 0.0129 0.9480 0.3179
vn 0.0134 0.0012 0.9999
vn -0.9180 -0.0527 0.3932
vn -0.8185 0.5230 0.2379
vn -0.8113 -0.0000 0.5846
vn 0.0005 -1.0000 -0.0014
vn -0.9017 -0.4323 -0.0000
vn -0.0080 -0.4579 -0.8889
vn -0.0000 -0.5239 -0.8518
vn 0.9016 -0.4326 -0.0000
vn 0.0021 0.9655 0.2604
vn -0.0024 0.0018 1.0000
vn 0.9987 -0.0508 0.0070
vn 0.0059 1.0000 0.0007
vn -0.0078 0.9838 0.1790
vn 0.0074 -0.1201 0.9927
vn -0.0000 0.0708 0.9975
vn 0.1829 0.9831 0.0014
vn 0.7755 -0.1017 0.6231
vn 0.0091 -0.8166 0.5772
vn 0.0125 0.0008 0.9999
vn -0.6649 0.7470 -0.0000
vn -0.8134 -0.0000 0.5817
vn -0.6547 -0.5951 0.4661
vn -0.7678 -0.0000 0.6407
vn -0.7063 0.6800 0.1966
vn -0.8289 -0.0000 0.5593
vn -0.6650 -0.7469 -0.0000
vn -0.9018 -0.4323 -0.0000
vn -0.1073 0.3001 -0.9478
vn 0.1073 0.3001 0.9478
vn 0.0952 0.5326 0.8410
vn -0.1169 0.2998 -0.9468
vn 0.1169 0.2998 0.9468
vn 0.2522 -0.1352 -0.9582
vn 0.4622 0.1239 0.8781
vn -0.2455 0.2633 -0.9329
vn 0.2522 0.1352 0.9582
vn -0.2767 0.1665 -0.9464
vn -0.1425 -0.1715 0.9748
vn -0.2110 0.2951 -0.9319
vn -0.1073 -0.3001 0.9478
vn -0.1425 0.1715 -0.9748
vn 0.1425 0.1715 0.9748
vn -0.0921 0.3006 -0.9493
vn 0.0921 0.3006 0.9493
vn -0.2525 0.1241 -0.9596
vn 0.2525 0.1241 0.9596
vn -0.0952 0.5326 -0.8410
vn -0.0646 0.3012 -0.9514
vn 0.0646 0.3012 0.9514
vn -0.1366 0.3288 -0.9345
vn 0.1366 0.3288 0.9345
vn 0.1169 -0.2998 -0.9468
vn 0.2292 0.2938 0.9280
vn -0.2522 0.1352 -0.9582
vn 0.2455 0.2633 0.9329
vn 0.1073 -0.3001 -0.9478
vn 0.2110 0.2951 0.9319
vn -0.2469 0.2428 -0.9381
vn -0.2538 0.0749 -0.9644
vn 0.2538 0.0749 0.9644
vn -0.7037 -0.7105 -0.0000
vn 0.7037 0.7105 -0.0000
vn -0.3028 0.2623 -0.9162
vn 0.3028 -0.2623 0.9162
vn -0.0000 -0.3019 -0.9534
vn -0.0000 -0.3019 0.9534
vn 0.0573 0.5341 0.8435
vn -0.4627 0.1137 -0.8792
vn -0.2525 -0.1241 0.9596
vn -0.2292 0.2938 -0.9280
vn -0.1169 -0.2998 0.9468
vn -0.1878 0.5255 -0.8298
vn -0.0573 0.5341 -0.8435
vn -0.1284 0.2994 -0.9455
vn -0.0678 -0.0000 0.9977
vn -0.1819 0.2968 -0.9374
vn -0.0921 -0.3006 0.9493
vn 0.5720 0.8202 -0.0000
vn -0.5720 -0.8202 -0.0000
vn -0.3028 -0.2623 -0.9162
vn 0.3028 0.2623 0.9162
vn -0.2469 0.2427 -0.9381
vn -0.1038 0.5321 -0.8403
vn 0.1038 0.5321 0.8403
vn 0.0646 -0.3012 -0.9514
vn 0.1284 0.2994 0.9455
vn -0.4646 0.0685 -0.8828
vn -0.2545 -0.0000 0.9671
vn 0.0678 -0.0000 -0.9977
vn 0.2525 -0.1241 -0.9596
vn 0.4627 0.1137 0.8792
vn -0.1447 -0.0000 0.9895
vn 0.0817 0.5332 0.8420
vn 0.2517 0.1485 0.9564
vn 0.2545 -0.0000 -0.9671
vn 0.4519 0.2423 0.8585
vn -0.0646 -0.3012 0.9514
vn 0.2042 0.5237 0.8270
vn -0.0140 0.9998 -0.0145
vn 0.0010 0.9991 -0.0424
vn 0.0140 -0.9998 -0.0145
vn -0.0000 0.0001 -1.0000
vn -0.0000 0.9991 0.0424
vn -0.0000 0.9999 0.0171
vn -0.0078 -0.0046 1.0000
vn 0.9999 -0.0039 0.0113
vn -1.0000 -0.0014 -0.0027
vn 0.7467 0.6651 0.0114
vn -0.0000 0.7865 0.6176
vn -0.7106 0.7036 0.0017
vn -1.0000 -0.0032 -0.0027
vn 0.0045 -0.9481 0.3179
vn -0.0000 -1.0000 0.0022
vn 0.0021 0.0717 0.9974
vn 0.0024 -0.0011 1.0000
vn -0.0092 0.9570 0.2900
vn 0.0188 0.0090 0.9998
vn -0.9231 0.0049 0.3846
vn -0.0071 -1.0000 0.0018
vn -0.0078 -0.9999 0.0085
vn -1.0000 -0.0021 0.0034
vn -0.9989 0.0402 0.0239
vn -0.9975 0.0707 0.0085
vn -0.9997 0.0251 -0.0077
vn 0.0117 -0.0018 0.9999
vn -0.0007 -0.9655 0.2604
vn 0.0160 -0.0315 0.9994
vn -0.0000 0.8932 0.4497
vn 0.0005 -0.0736 0.9973
vn -0.3713 0.0141 0.9284
vn -0.5708 0.8210 0.0126
vn -0.6148 -0.0000 0.7887
vn -0.6540 -0.6669 0.3571
vn -0.4058 0.0031 0.9140
vn -0.4382 0.7508 0.4942
vn 0.4832 0.7107 0.5113
vn -0.0042 -1.0000 -0.0035
vn -0.0103 0.8352 0.5498
vn -0.0126 -0.0000 0.9999
vn -0.0084 -0.9606 0.2777
vn -0.0134 -0.0000 0.9999
vn -0.9997 0.0212 -0.0081
vn -1.0000 -0.0029 0.0018
vn -0.9989 0.0401 0.0226
vn 0.6816 0.6112 0.4024
vn 0.6769 -0.7000 0.2276
vn 0.0029 0.9999 -0.0146
vn -0.0000 0.5029 -0.8643
vn 0.0027 0.5035 -0.8640
vn -0.0106 0.4589 -0.8884
vn -0.0068 -1.0000 -0.0071
vn -0.0312 -0.9995 -0.0000
vn 1.0000 -0.0044 -0.0003
vn 0.9655 -0.2600 -0.0139
vn 0.9997 0.0227 0.0054
vn 0.0043 -1.0000 0.0018
vn 0.0105 -0.9654 0.2604
vn 0.0148 -0.0720 0.9973
vn -0.4881 -0.8385 0.2424
vn -0.4626 0.7405 0.4875
vn -1.0000 -0.0041 -0.0048
vn -0.9977 -0.0673 0.0066
vn -0.9754 -0.2202 -0.0112
vn 0.0037 -1.0000 -0.0037
vn 0.0115 -0.0569 0.9983
vn -0.0077 0.9249 0.3801
vn -0.0018 -0.0191 0.9998
vn 0.0019 -0.9829 0.1841
vn -0.0380 0.9993 -0.0000
vn -0.0088 0.9999 -0.0096
vn 0.0078 0.9999 0.0085
vn 0.7596 0.6503 0.0089
vn 0.0068 1.0000 -0.0071
vn 0.0312 0.9995 -0.0000
vn 0.9994 0.0322 0.0128
vn 0.9999 0.0100 0.0019
vn 0.9995 0.0300 -0.0064
vn 0.0009 -0.0000 -1.0000
vn 0.0040 1.0000 -0.0000
vn 0.0003 0.1294 0.9916
vn 0.0032 1.0000 -0.0000
vn 0.0001 0.0737 0.9973
vn -0.0004 0.0623 0.9981
vn -0.0010 1.0000 0.0027
vn -0.0003 0.1198 0.9928
vn -0.0004 1.0000 0.0061
vn -0.0010 -0.0064 -1.0000
vn 1.0000 -0.0000 0.0001
vn 0.9994 0.0321 0.0117
vn 1.0000 0.0079 -0.0002
vn 0.9997 0.0251 -0.0073
vn -0.0010 1.0000 0.0030
vn -0.0003 0.1200 0.9928
vn -0.0010 -0.0006 -1.0000
vn -0.0030 0.9481 0.3179
vn -0.0000 1.0000 0.0022
vn -0.9997 0.0255 0.0037
vn -1.0000 0.0044 -0.0003
vn -0.9655 0.2600 -0.0139
vn -0.0020 -0.0725 0.9974
vn -0.0024 0.0011 1.0000
vn 0.0092 -0.9570 0.2900
vn 1.0000 0.0001 -0.0003
vn -0.0188 -0.0090 0.9998
vn 0.9230 -0.0050 0.3847
vn -0.0043 1.0000 0.0018
vn -0.0117 0.0016 0.9999
vn -0.0091 0.9606 0.2777
vn -0.0160 0.0317 0.9994
vn -0.0000 -0.8932 0.4497
vn -0.0148 0.0720 0.9973
vn 0.3713 -0.0141 0.9284
vn 0.4464 0.8948 -0.0000
vn 0.4464 -0.8948 -0.0000
vn 0.4881 0.8384 0.2424
vn 0.4626 -0.7405 0.4875
vn 0.6167 -0.0000 0.7872
vn -0.4832 -0.7107 0.5113
vn -0.0037 1.0000 -0.0037
vn -0.0115 0.0569 0.9983
vn 0.0077 -0.9249 0.3801
vn 0.0018 0.0191 0.9998
vn -0.0019 0.9829 0.1841
vn 0.0134 -0.0000 0.9999
vn -0.7596 -0.6503 0.0089
vn -0.0029 -0.9999 -0.0146
vn -0.0000 -0.5029 -0.8643
vn -0.0027 -0.5035 -0.8640
vn 0.0106 -0.4589 -0.8884
vn -0.0045 0.9481 0.3179
vn -0.0021 -0.0717 0.9974
vn 1.0000 0.0041 -0.0048
vn 0.9977 0.0673 0.0066
vn 0.9754 0.2202 -0.0112
vn 0.9231 -0.0049 0.3846
vn 0.0071 1.0000 0.0018
vn -0.0117 0.0018 0.9999
vn 0.0007 0.9655 0.2604
vn -0.0160 0.0315 0.9994
vn -0.0005 0.0736 0.9973
vn 0.5708 -0.8210 0.0126
vn 0.6148 -0.0000 0.7887
vn 0.6540 0.6669 0.3571
vn 0.4058 -0.0031 0.9140
vn 0.4382 -0.7508 0.4942
vn 0.0042 1.0000 -0.0035
vn 0.0103 -0.8352 0.5498
vn 0.0126 -0.0000 0.9999
vn 0.0084 0.9606 0.2777
vn 0.0380 -0.9993 -0.0000
vn 0.0088 -0.9999 -0.0096
vn -0.6650 0.7469 -0.0000
vn -0.8133 -0.0000 0.5819
vn -0.6815 -0.6112 0.4024
vn -0.6768 0.7001 0.2276
vn -0.6649 -0.7470 -0.0000
vn -0.1073 0.3001 -0.9479
vn -0.2110 -0.2951 0.9319
vn -0.2455 -0.2633 0.9329
vn 0.4622 -0.1239 -0.8781
vn 0.1366 -0.3288 -0.9345
vn 0.0952 -0.5326 -0.8410
vn 0.1425 -0.1715 -0.9748
vn 0.0921 -0.3006 -0.9493
vn 0.2110 -0.2951 -0.9319
vn -0.0000 0.1732 -0.9849
vn -0.0000 0.1732 0.9849
vn -0.1038 -0.5321 0.8403
vn -0.4622 -0.1239 0.8781
vn -0.0952 -0.5326 0.8410
vn 0.4627 -0.1137 -0.8792
vn -0.2767 -0.1665 0.9464
vn 0.2538 -0.0749 -0.9644
vn -0.2538 -0.0749 0.9644
vn -0.5720 0.8202 -0.0000
vn 0.5720 -0.8202 -0.0000
vn 0.3028 -0.2623 -0.9162
vn -0.3028 0.2623 0.9162
vn -0.2522 -0.1352 0.9582
vn -0.1284 -0.2994 0.9455
vn 0.2469 -0.2427 -0.9381
vn 0.1038 -0.5321 -0.8403
vn 0.1878 -0.5255 -0.8298
vn 0.1284 -0.2994 -0.9455
vn 0.2767 -0.1665 -0.9464
vn -0.0678 -0.0000 -0.9977
vn 0.0817 -0.5332 -0.8420
vn -0.7037 0.7105 -0.0000
vn 0.7037 -0.7105 -0.0000
vn 0.3028 0.2623 -0.9162
vn -0.3028 -0.2623 0.9162
vn 0.2292 -0.2938 -0.9280
vn -0.2292 -0.2938 0.9280
vn -0.0000 0.3019 -0.9534
vn -0.0000 0.3019 0.9534
vn -0.0573 -0.5341 0.8435
vn -0.2545 -0.0000 -0.9671
vn -0.4647 -0.0685 0.8828
vn 0.0678 -0.0000 0.9977
vn -0.2469 -0.2427 0.9381
vn -0.1447 -0.0000 -0.9895
vn -0.1819 -0.2968 0.9374
vn -0.0000 0.1398 -0.9902
vn 0.0573 -0.5341 -0.8435
vn -0.2042 -0.5237 0.8270
vt 0.875000 0.875000
vt 0.625000 0.625000
vt 0.875000 0.625000
vt 0.125000 0.875000
vt 0.375000 0.875000
vt 0.125000 0.625000
vt 0.375000 0.625000
vt 0.875000 0.375000
s 0
usemtl ruins_ch_wall_c
f 171/1/1 157/1/1 164/1/1
f 353/1/2 339/1/2 346/1/2
f 4/2/3 2/2/3 11/2/3
f 8/2/4 1/2/4 2/2/4
f 8/2/5 6/2/5 7/2/5
f 9/2/6 11/2/6 1/2/6
f 10/2/7 11/2/7 9/2/7
f 7/2/8 9/2/8 1/2/8
f 7/2/5 12/2/5 13/2/5
f 305/1/9 274/1/9 270/1/9
f 17/2/3 15/2/3 18/2/3
f 16/2/10 20/2/10 19/2/10
f 22/2/4 14/2/4 15/2/4
f 22/2/5 20/2/5 21/2/5
f 23/2/6 18/2/6 14/2/6
f 24/2/7 18/2/7 23/2/7
f 21/2/8 23/2/8 14/2/8
f 21/2/5 25/2/5 26/2/5
f 28/3/11 27/3/11 30/3/11
f 36/3/10 34/3/10 35/3/10
f 30/3/12 38/3/12 39/3/12
f 40/3/13 29/3/13 28/3/13
f 37/3/14 27/3/14 31/3/14
f 29/3/15 31/3/15 27/3/15
f 29/3/16 42/3/16 32/3/16
f 37/3/17 33/3/17 36/3/17
f 32/3/5 33/3/5 31/3/5
f 42/3/18 34/3/18 32/3/18
f 4/2/10 12/2/10 6/2/10
f 40/3/19 30/3/19 39/3/19
f 28/3/20 30/3/20 40/3/20
f 44/3/11 43/3/11 46/3/11
f 52/3/10 50/3/10 51/3/10
f 46/3/12 54/3/12 55/3/12
f 56/3/13 45/3/13 44/3/13
f 53/3/14 43/3/14 47/3/14
f 45/3/15 47/3/15 43/3/15
f 45/3/16 58/3/16 48/3/16
f 53/3/17 49/3/17 52/3/17
f 48/3/5 49/3/5 47/3/5
f 58/3/18 50/3/18 48/3/18
f 17/2/17 14/2/17 20/2/17
f 24/2/17 23/2/17 25/2/17
f 54/3/9 52/3/9 57/3/9
f 56/3/19 46/3/19 55/3/19
f 44/3/20 46/3/20 56/3/20
f 60/3/11 59/3/11 62/3/11
f 60/3/21 71/3/21 72/3/21
f 68/3/10 66/3/10 67/3/10
f 62/3/22 70/3/22 71/3/22
f 72/3/23 61/3/23 60/3/23
f 69/3/14 59/3/14 63/3/14
f 61/3/15 63/3/15 59/3/15
f 61/3/16 74/3/16 64/3/16
f 69/3/17 65/3/17 68/3/17
f 64/3/5 65/3/5 63/3/5
f 74/3/18 66/3/18 64/3/18
f 220/4/24 223/4/24 218/4/24
f 38/3/9 35/3/9 41/3/9
f 60/3/25 62/3/25 71/3/25
f 76/3/11 75/3/11 78/3/11
f 76/3/21 87/3/21 88/3/21
f 84/3/10 82/3/10 83/3/10
f 78/3/22 86/3/22 87/3/22
f 88/3/23 77/3/23 76/3/23
f 85/3/14 75/3/14 79/3/14
f 77/3/15 79/3/15 75/3/15
f 77/3/16 90/3/16 80/3/16
f 85/3/17 81/3/17 84/3/17
f 80/3/5 81/3/5 79/3/5
f 90/3/18 82/3/18 80/3/18
f 5/2/18 8/2/18 2/2/18
f 86/3/9 84/3/9 89/3/9
f 76/3/25 78/3/25 87/3/25
f 92/3/11 91/3/11 94/3/11
f 92/3/21 103/3/21 104/3/21
f 100/3/10 98/3/10 99/3/10
f 94/3/22 102/3/22 103/3/22
f 104/3/23 93/3/23 92/3/23
f 101/3/14 91/3/14 95/3/14
f 93/3/15 95/3/15 91/3/15
f 93/3/16 106/3/16 96/3/16
f 101/3/17 97/3/17 100/3/17
f 96/3/5 97/3/5 95/3/5
f 106/3/18 98/3/18 96/3/18
f 102/3/9 100/3/9 105/3/9
f 92/3/25 94/3/25 103/3/25
f 108/3/11 107/3/11 110/3/11
f 108/3/21 119/3/21 120/3/21
f 116/3/10 114/3/10 115/3/10
f 110/3/22 118/3/22 119/3/22
f 120/3/23 109/3/23 108/3/23
f 117/3/14 107/3/14 111/3/14
f 109/3/15 111/3/15 107/3/15
f 109/3/16 122/3/16 112/3/16
f 117/3/17 113/3/17 116/3/17
f 112/3/5 113/3/5 111/3/5
f 122/3/18 114/3/18 112/3/18
f 175/4/24 174/4/24 173/4/24
f 118/3/9 115/3/9 121/3/9
f 108/3/25 110/3/25 119/3/25
f 155/5/26 137/5/26 138/5/26
f 136/1/27 141/1/27 148/1/27
f 155/5/28 150/5/28 154/5/28
f 137/1/29 157/1/29 151/1/29
f 154/1/30 149/1/30 153/1/30
f 133/5/17 123/5/17 128/5/17
f 141/1/31 149/1/31 148/1/31
f 148/5/32 149/5/32 150/5/32
f 127/1/33 148/1/33 142/1/33
f 288/1/34 299/1/34 302/1/34
f 144/1/35 151/1/35 143/1/35
f 129/5/36 137/5/36 144/5/36
f 145/5/37 138/5/37 129/5/37
f 146/1/38 139/1/38 145/1/38
f 142/1/39 147/1/39 146/1/39
f 141/5/40 140/5/40 152/5/40
f 17/2/10 25/2/10 20/2/10
f 142/5/41 146/5/41 134/5/41
f 147/5/42 148/5/42 150/5/42
f 152/1/10 158/1/10 159/1/10
f 152/1/43 160/1/43 153/1/43
f 153/1/44 161/1/44 154/1/44
f 154/5/45 162/5/45 155/5/45
f 155/5/46 163/5/46 156/5/46
f 156/1/47 164/1/47 157/1/47
f 232/5/48 230/5/48 227/5/48
f 158/5/49 123/5/49 159/5/49
f 160/5/50 123/5/50 135/5/50
f 161/5/51 135/5/51 133/5/51
f 162/5/52 133/5/52 130/5/52
f 162/5/53 131/5/53 163/5/53
f 163/5/54 124/5/54 164/5/54
f 165/5/55 124/5/55 126/5/55
f 157/1/56 167/1/56 151/1/56
f 166/1/57 176/1/57 173/1/57
f 167/1/58 176/1/58 170/1/58
f 175/1/59 168/1/59 174/1/59
f 168/1/59 177/1/59 174/1/59
f 169/1/60 177/1/60 171/1/60
f 206/5/26 185/5/26 186/5/26
f 184/1/27 189/1/27 199/1/27
f 303/1/2 294/1/2 297/1/2
f 206/5/28 201/5/28 205/5/28
f 19/2/18 22/2/18 15/2/18
f 185/1/29 208/1/29 202/1/29
f 205/1/30 200/1/30 204/1/30
f 183/5/61 178/5/61 181/5/61
f 189/1/31 200/1/31 199/1/31
f 199/5/32 200/5/32 201/5/32
f 191/1/62 199/1/62 190/1/62
f 219/1/9 188/1/9 184/1/9
f 194/1/35 202/1/35 193/1/35
f 195/5/63 185/5/63 194/5/63
f 196/5/64 186/5/64 195/5/64
f 197/1/38 187/1/38 196/1/38
f 190/1/5 198/1/5 197/1/5
f 189/5/40 188/5/40 203/5/40
f 191/5/65 123/5/65 128/5/65
f 192/5/9 128/5/9 126/5/9
f 124/5/66 192/5/66 126/5/66
f 194/5/67 124/5/67 131/5/67
f 195/5/68 131/5/68 130/5/68
f 133/5/69 195/5/69 130/5/69
f 135/5/70 196/5/70 133/5/70
f 123/5/71 197/5/71 135/5/71
f 198/5/42 199/5/42 201/5/42
f 134/5/72 129/5/72 125/5/72
f 203/1/73 181/1/73 178/1/73
f 203/1/43 209/1/43 204/1/43
f 204/1/74 183/1/74 205/1/74
f 205/5/75 182/5/75 206/5/75
f 206/5/46 210/5/46 207/5/46
f 207/1/47 211/1/47 208/1/47
f 151/1/76 167/1/76 170/1/76
f 209/5/77 178/5/77 183/5/77
f 182/5/78 179/5/78 210/5/78
f 210/5/79 179/5/79 211/5/79
f 208/1/56 213/1/56 202/1/56
f 212/1/57 222/1/57 219/1/57
f 213/1/58 222/1/58 216/1/58
f 221/1/59 214/1/59 220/1/59
f 214/1/59 223/1/59 220/1/59
f 215/1/60 223/1/60 217/1/60
f 165/5/9 128/5/9 158/5/9
f 217/1/1 208/1/1 211/1/1
f 228/5/80 231/5/80 233/5/80
f 202/1/76 213/1/76 216/1/76
f 227/5/81 240/5/81 229/5/81
f 230/1/82 239/1/82 227/1/82
f 232/5/83 235/5/83 230/5/83
f 225/1/84 236/1/84 232/1/84
f 237/5/85 238/5/85 225/5/85
f 234/5/86 226/5/86 238/5/86
f 238/1/87 233/1/87 236/1/87
f 236/5/88 231/5/88 235/5/88
f 235/1/89 228/1/89 239/1/89
f 239/5/3 241/5/3 240/5/3
f 4/2/17 1/2/17 6/2/17
f 246/5/90 249/5/90 251/5/90
f 311/5/9 277/5/9 313/5/9
f 245/5/91 258/5/91 241/5/91
f 248/1/82 257/1/82 245/1/82
f 250/5/92 253/5/92 248/5/92
f 243/1/93 254/1/93 250/1/93
f 255/5/85 256/5/85 243/5/85
f 252/5/86 244/5/86 256/5/86
f 256/1/89 251/1/89 254/1/89
f 254/5/88 249/5/88 253/5/88
f 253/1/89 246/1/89 257/1/89
f 257/5/94 247/5/94 258/5/94
f 3/2/10 6/2/10 5/2/10
f 292/5/95 271/5/95 272/5/95
f 270/1/96 275/1/96 285/1/96
f 263/5/97 266/5/97 269/5/97
f 292/5/98 287/5/98 291/5/98
f 173/1/9 140/1/9 136/1/9
f 271/1/99 294/1/99 288/1/99
f 291/1/100 286/1/100 290/1/100
f 268/5/17 265/5/17 311/5/17
f 275/1/101 286/1/101 285/1/101
f 285/5/102 286/5/102 287/5/102
f 277/1/103 285/1/103 276/1/103
f 280/1/104 288/1/104 279/1/104
f 280/5/105 272/5/105 271/5/105
f 282/5/106 272/5/106 281/5/106
f 283/1/107 273/1/107 282/1/107
f 276/1/5 284/1/5 283/1/5
f 275/5/108 274/5/108 289/5/108
f 277/5/109 259/5/109 313/5/109
f 261/5/110 278/5/110 311/5/110
f 280/5/111 261/5/111 267/5/111
f 281/5/112 267/5/112 265/5/112
f 268/5/113 281/5/113 265/5/113
f 317/5/114 282/5/114 268/5/114
f 259/5/115 283/5/115 317/5/115
f 284/5/116 285/5/116 287/5/116
f 289/1/117 264/1/117 260/1/117
f 289/1/118 295/1/118 290/1/118
f 290/1/119 269/1/119 291/1/119
f 291/5/120 266/5/120 292/5/120
f 292/5/121 296/5/121 293/5/121
f 293/1/122 297/1/122 294/1/122
f 10/2/17 9/2/17 12/2/17
f 70/3/9 68/3/9 73/3/9
f 295/5/123 260/5/123 269/5/123
f 266/5/124 262/5/124 296/5/124
f 296/5/125 262/5/125 297/5/125
f 306/4/10 309/4/10 304/4/10
f 294/1/126 299/1/126 288/1/126
f 298/1/127 308/1/127 305/1/127
f 299/1/128 308/1/128 302/1/128
f 307/1/129 300/1/129 306/1/129
f 300/1/129 309/1/129 306/1/129
f 301/1/130 309/1/130 303/1/130
f 337/5/131 319/5/131 320/5/131
f 356/4/10 359/4/10 354/4/10
f 318/1/96 323/1/96 330/1/96
f 347/5/9 313/5/9 340/5/9
f 337/5/98 332/5/98 336/5/98
f 319/1/132 339/1/132 333/1/132
f 336/1/100 331/1/100 335/1/100
f 316/5/133 314/5/133 310/5/133
f 323/1/101 331/1/101 330/1/101
f 330/5/102 331/5/102 332/5/102
f 312/1/134 330/1/134 324/1/134
f 326/1/104 333/1/104 325/1/104
f 314/5/135 319/5/135 326/5/135
f 327/5/136 320/5/136 314/5/136
f 328/1/107 321/1/107 327/1/107
f 324/1/137 329/1/137 328/1/137
f 323/5/138 322/5/138 334/5/138
f 324/5/139 328/5/139 316/5/139
f 329/5/116 330/5/116 332/5/116
f 334/1/24 340/1/24 341/1/24
f 334/1/118 342/1/118 335/1/118
f 335/1/140 343/1/140 336/1/140
f 336/5/141 344/5/141 337/5/141
f 337/5/121 345/5/121 338/5/121
f 338/1/122 346/1/122 339/1/122
f 333/1/34 349/1/34 352/1/34
f 340/5/142 259/5/142 341/5/142
f 342/5/143 259/5/143 317/5/143
f 343/5/144 317/5/144 268/5/144
f 344/5/145 268/5/145 265/5/145
f 344/5/146 267/5/146 345/5/146
f 345/5/147 261/5/147 346/5/147
f 347/5/148 261/5/148 311/5/148
f 339/1/126 349/1/126 333/1/126
f 355/1/9 322/1/9 318/1/9
f 348/1/149 358/1/149 355/1/149
f 349/1/128 358/1/128 352/1/128
f 357/1/129 350/1/129 356/1/129
f 350/1/129 359/1/129 356/1/129
f 351/1/130 359/1/130 353/1/130
f 361/6/18 362/6/18 360/6/18
f 363/5/9 366/5/9 362/5/9
f 367/6/17 364/6/17 366/6/17
f 365/7/5 360/7/5 364/7/5
f 366/5/10 360/5/10 362/5/10
f 363/3/24 365/3/24 367/3/24
f 371/8/150 368/8/150 369/8/150
f 369/8/151 370/8/151 371/8/151
f 375/8/10 372/8/10 374/8/10
f 376/8/150 372/8/150 373/8/150
f 373/8/152 375/8/152 376/8/152
f 380/8/153 377/8/153 378/8/153
f 378/8/154 379/8/154 380/8/154
f 384/8/153 381/8/153 382/8/153
f 382/8/154 383/8/154 384/8/154
f 387/8/24 389/8/24 386/8/24
f 389/8/155 385/8/155 386/8/155
f 387/8/156 388/8/156 389/8/156
f 391/8/18 392/8/18 390/8/18
f 394/8/157 390/8/157 392/8/157
f 392/8/158 393/8/158 394/8/158
f 399/8/17 397/8/17 398/8/17
f 398/8/159 395/8/159 396/8/159
f 396/8/160 397/8/160 399/8/160
f 404/8/17 402/8/17 403/8/17
f 403/8/161 400/8/161 401/8/161
f 401/8/162 402/8/162 404/8/162
f 408/8/150 405/8/150 406/8/150
f 406/8/151 407/8/151 408/8/151
f 412/8/163 409/8/163 410/8/163
f 410/8/164 411/8/164 412/8/164
f 416/8/165 413/8/165 414/8/165
f 414/8/166 415/8/166 416/8/166
f 420/8/167 417/8/167 418/8/167
f 418/8/168 419/8/168 420/8/168
f 422/8/18 423/8/18 421/8/18
f 425/8/169 421/8/169 423/8/169
f 423/8/151 424/8/151 425/8/151
f 430/8/17 428/8/17 429/8/17
f 429/8/161 426/8/161 427/8/161
f 427/8/162 428/8/162 430/8/162
f 434/8/170 431/8/170 432/8/170
f 432/8/171 433/8/171 434/8/171
f 438/8/165 435/8/165 436/8/165
f 436/8/166 437/8/166 438/8/166
f 442/8/167 439/8/167 440/8/167
f 440/8/168 441/8/168 442/8/168
f 444/8/18 445/8/18 443/8/18
f 447/8/10 443/8/10 446/8/10
f 448/8/172 443/8/172 445/8/172
f 445/8/173 447/8/173 448/8/173
f 452/8/153 449/8/153 450/8/153
f 450/8/154 451/8/154 452/8/154
f 455/8/24 457/8/24 454/8/24
f 457/8/174 453/8/174 454/8/174
f 455/8/175 456/8/175 457/8/175
f 459/8/18 460/8/18 458/8/18
f 462/8/157 458/8/157 460/8/157
f 460/8/158 461/8/158 462/8/158
f 466/8/10 463/8/10 465/8/10
f 467/8/176 463/8/176 464/8/176
f 464/8/177 466/8/177 467/8/177
f 470/8/24 472/8/24 469/8/24
f 472/8/178 468/8/178 469/8/178
f 470/8/179 471/8/179 472/8/179
f 476/8/150 473/8/150 474/8/150
f 474/8/151 475/8/151 476/8/151
f 480/8/165 477/8/165 478/8/165
f 478/8/166 479/8/166 480/8/166
f 482/8/18 483/8/18 481/8/18
f 485/8/180 481/8/180 483/8/180
f 483/8/168 484/8/168 485/8/168
f 489/8/165 486/8/165 487/8/165
f 487/8/166 488/8/166 489/8/166
f 493/8/167 490/8/167 491/8/167
f 491/8/168 492/8/168 493/8/168
f 497/8/10 494/8/10 496/8/10
f 498/8/163 494/8/163 495/8/163
f 495/8/173 497/8/173 498/8/173
f 502/8/181 499/8/181 500/8/181
f 500/8/182 501/8/182 502/8/182
f 504/8/183 505/8/183 503/8/183
f 508/8/184 506/8/184 507/8/184
f 507/8/185 503/8/185 505/8/185
f 508/8/186 504/8/186 506/8/186
f 511/8/24 513/8/24 510/8/24
f 514/8/17 512/8/17 513/8/17
f 513/8/187 509/8/187 510/8/187
f 511/8/188 512/8/188 514/8/188
f 518/8/150 515/8/150 516/8/150
f 516/8/151 517/8/151 518/8/151
f 522/8/10 519/8/10 521/8/10
f 523/8/163 519/8/163 520/8/163
f 520/8/173 522/8/173 523/8/173
f 527/8/150 524/8/150 525/8/150
f 525/8/151 526/8/151 527/8/151
f 531/8/150 528/8/150 529/8/150
f 529/8/151 530/8/151 531/8/151
f 535/8/153 532/8/153 533/8/153
f 533/8/154 534/8/154 535/8/154
f 539/8/153 536/8/153 537/8/153
f 537/8/154 538/8/154 539/8/154
f 543/8/176 540/8/176 541/8/176
f 541/8/158 542/8/158 543/8/158
f 546/8/24 548/8/24 545/8/24
f 548/8/155 544/8/155 545/8/155
f 546/8/156 547/8/156 548/8/156
f 552/8/181 549/8/181 550/8/181
f 550/8/182 551/8/182 552/8/182
f 556/8/165 553/8/165 554/8/165
f 554/8/166 555/8/166 556/8/166
f 560/8/167 557/8/167 558/8/167
f 558/8/168 559/8/168 560/8/168
f 564/8/181 561/8/181 562/8/181
f 562/8/182 563/8/182 564/8/182
f 568/8/10 565/8/10 567/8/10
f 569/8/170 565/8/170 566/8/170
f 566/8/189 568/8/189 569/8/189
f 573/8/165 570/8/165 571/8/165
f 571/8/166 572/8/166 573/8/166
f 578/8/17 576/8/17 577/8/17
f 577/8/190 574/8/190 575/8/190
f 575/8/191 576/8/191 578/8/191
f 583/8/17 581/8/17 582/8/17
f 582/8/192 579/8/192 580/8/192
f 580/8/193 581/8/193 583/8/193
f 586/8/24 588/8/24 585/8/24
f 588/8/174 584/8/174 585/8/174
f 586/8/175 587/8/175 588/8/175
f 591/8/24 593/8/24 590/8/24
f 593/8/155 589/8/155 590/8/155
f 591/8/156 592/8/156 593/8/156
f 596/8/24 598/8/24 595/8/24
f 598/8/155 594/8/155 595/8/155
f 596/8/156 597/8/156 598/8/156
f 600/8/18 601/8/18 599/8/18
f 604/8/17 602/8/17 603/8/17
f 603/8/194 599/8/194 601/8/194
f 601/8/162 602/8/162 604/8/162
f 609/8/17 607/8/17 608/8/17
f 608/8/161 605/8/161 606/8/161
f 606/8/162 607/8/162 609/8/162
f 613/8/181 610/8/181 611/8/181
f 611/8/182 612/8/182 613/8/182
f 615/8/18 616/8/18 614/8/18
f 618/8/195 614/8/195 616/8/195
f 616/8/171 617/8/171 618/8/171
f 622/8/150 619/8/150 620/8/150
f 620/8/151 621/8/151 622/8/151
f 626/8/150 623/8/150 624/8/150
f 624/8/151 625/8/151 626/8/151
f 628/8/183 629/8/183 627/8/183
f 632/8/184 630/8/184 631/8/184
f 631/8/185 627/8/185 629/8/185
f 632/8/186 628/8/186 630/8/186
f 637/8/17 635/8/17 636/8/17
f 636/8/159 633/8/159 634/8/159
f 634/8/160 635/8/160 637/8/160
f 641/8/181 638/8/181 639/8/181
f 639/8/182 640/8/182 641/8/182
f 645/8/153 642/8/153 643/8/153
f 643/8/154 644/8/154 645/8/154
f 649/8/153 646/8/153 647/8/153
f 647/8/154 648/8/154 649/8/154
f 653/8/10 650/8/10 652/8/10
f 654/8/176 650/8/176 651/8/176
f 651/8/177 653/8/177 654/8/177
f 657/8/24 659/8/24 656/8/24
f 659/8/155 655/8/155 656/8/155
f 657/8/156 658/8/156 659/8/156
f 661/8/18 662/8/18 660/8/18
f 664/8/172 660/8/172 662/8/172
f 662/8/164 663/8/164 664/8/164
f 668/8/153 665/8/153 666/8/153
f 666/8/154 667/8/154 668/8/154
f 672/8/153 669/8/153 670/8/153
f 670/8/154 671/8/154 672/8/154
f 676/8/176 673/8/176 674/8/176
f 674/8/158 675/8/158 676/8/158
f 680/8/176 677/8/176 678/8/176
f 678/8/158 679/8/158 680/8/158
f 684/8/150 681/8/150 682/8/150
f 682/8/151 683/8/151 684/8/151
f 686/8/18 687/8/18 685/8/18
f 689/8/169 685/8/169 687/8/169
f 687/8/151 688/8/151 689/8/151
f 693/8/10 690/8/10 692/8/10
f 694/8/170 690/8/170 691/8/170
f 691/8/189 693/8/189 694/8/189
f 700/8/17 697/8/17 699/8/17
f 698/8/10 695/8/10 697/8/10
f 699/8/196 695/8/196 696/8/196
f 696/8/197 698/8/197 700/8/197
f 702/8/18 703/8/18 701/8/18
f 704/8/24 707/8/24 703/8/24
f 708/8/17 705/8/17 707/8/17
f 706/8/10 701/8/10 705/8/10
f 707/8/9 701/8/9 703/8/9
f 704/8/5 706/8/5 708/8/5
f 710/8/18 711/8/18 709/8/18
f 712/8/24 715/8/24 711/8/24
f 716/8/17 713/8/17 715/8/17
f 714/8/10 709/8/10 713/8/10
f 715/8/9 709/8/9 711/8/9
f 712/8/5 714/8/5 716/8/5
f 718/8/18 719/8/18 717/8/18
f 720/8/24 723/8/24 719/8/24
f 724/8/17 721/8/17 723/8/17
f 722/8/10 717/8/10 721/8/10
f 723/8/9 717/8/9 719/8/9
f 720/8/5 722/8/5 724/8/5
f 726/8/18 727/8/18 725/8/18
f 728/8/24 731/8/24 727/8/24
f 732/8/17 729/8/17 731/8/17
f 730/8/10 725/8/10 729/8/10
f 731/8/9 725/8/9 727/8/9
f 728/8/5 730/8/5 732/8/5
f 734/8/18 735/8/18 733/8/18
f 736/8/24 739/8/24 735/8/24
f 740/8/17 737/8/17 739/8/17
f 738/8/10 733/8/10 737/8/10
f 739/8/9 733/8/9 735/8/9
f 736/8/5 738/8/5 740/8/5
f 742/8/18 743/8/18 741/8/18
f 744/8/24 747/8/24 743/8/24
f 748/8/17 745/8/17 747/8/17
f 746/8/10 741/8/10 745/8/10
f 747/8/9 741/8/9 743/8/9
f 744/8/5 746/8/5 748/8/5
f 750/8/18 751/8/18 749/8/18
f 752/8/24 755/8/24 751/8/24
f 756/8/17 753/8/17 755/8/17
f 754/8/10 749/8/10 753/8/10
f 755/8/9 749/8/9 751/8/9
f 752/8/5 754/8/5 756/8/5
f 758/8/18 759/8/18 757/8/18
f 760/8/24 763/8/24 759/8/24
f 764/8/17 761/8/17 763/8/17
f 762/8/10 757/8/10 761/8/10
f 763/8/9 757/8/9 759/8/9
f 760/8/5 762/8/5 764/8/5
f 766/8/183 767/8/183 765/8/183
f 770/8/184 768/8/184 769/8/184
f 769/8/185 765/8/185 767/8/185
f 770/8/186 766/8/186 768/8/186
f 772/3/18 361/3/18 771/3/18
f 773/3/24 365/3/24 361/3/24
f 776/3/17 774/3/17 365/3/17
f 775/3/10 771/3/10 774/3/10
f 365/3/9 771/3/9 361/3/9
f 773/3/5 775/3/5 776/3/5
f 777/3/18 778/3/18 360/3/18
f 779/3/24 781/3/24 778/3/24
f 782/3/17 364/3/17 781/3/17
f 780/3/10 360/3/10 364/3/10
f 781/3/9 360/3/9 778/3/9
f 779/3/5 780/3/5 782/3/5
f 784/3/18 785/3/18 783/3/18
f 786/3/24 365/3/24 785/3/24
f 776/3/17 364/3/17 365/3/17
f 780/3/10 783/3/10 364/3/10
f 365/3/9 783/3/9 785/3/9
f 786/3/5 780/3/5 776/3/5
f 777/3/18 361/3/18 360/3/18
f 773/3/24 789/3/24 361/3/24
f 790/3/17 787/3/17 789/3/17
f 788/3/10 360/3/10 787/3/10
f 789/3/9 360/3/9 361/3/9
f 773/3/5 788/3/5 790/3/5
f 792/6/18 793/6/18 791/6/18
f 794/5/9 797/5/9 793/5/9
f 798/6/17 795/6/17 797/6/17
f 796/7/5 791/7/5 795/7/5
f 797/5/10 791/5/10 793/5/10
f 794/3/24 796/3/24 798/3/24
f 803/8/17 801/8/17 802/8/17
f 802/8/198 799/8/198 800/8/198
f 800/8/199 801/8/199 803/8/199
f 807/8/167 804/8/167 805/8/167
f 805/8/168 806/8/168 807/8/168
f 811/8/170 808/8/170 809/8/170
f 809/8/171 810/8/171 811/8/171
f 815/8/163 812/8/163 813/8/163
f 813/8/164 814/8/164 815/8/164
f 819/8/153 816/8/153 817/8/153
f 817/8/154 818/8/154 819/8/154
f 824/8/17 822/8/17 823/8/17
f 823/8/192 820/8/192 821/8/192
f 821/8/193 822/8/193 824/8/193
f 826/8/18 827/8/18 825/8/18
f 829/8/157 825/8/157 827/8/157
f 827/8/158 828/8/158 829/8/158
f 832/8/24 834/8/24 831/8/24
f 834/8/155 830/8/155 831/8/155
f 832/8/156 833/8/156 834/8/156
f 838/8/150 835/8/150 836/8/150
f 836/8/151 837/8/151 838/8/151
f 842/8/150 839/8/150 840/8/150
f 840/8/151 841/8/151 842/8/151
f 844/8/18 845/8/18 843/8/18
f 847/8/169 843/8/169 845/8/169
f 845/8/151 846/8/151 847/8/151
f 850/8/24 852/8/24 849/8/24
f 852/8/178 848/8/178 849/8/178
f 850/8/179 851/8/179 852/8/179
f 856/8/181 853/8/181 854/8/181
f 854/8/182 855/8/182 856/8/182
f 859/8/200 862/8/200 858/8/200
f 861/8/201 857/8/201 860/8/201
f 858/8/202 860/8/202 857/8/202
f 859/8/203 861/8/203 862/8/203
f 866/8/165 863/8/165 864/8/165
f 864/8/166 865/8/166 866/8/166
f 868/8/18 869/8/18 867/8/18
f 871/8/204 867/8/204 869/8/204
f 869/8/168 870/8/168 871/8/168
f 874/8/24 876/8/24 873/8/24
f 876/8/178 872/8/178 873/8/178
f 874/8/179 875/8/179 876/8/179
f 881/8/17 879/8/17 880/8/17
f 880/8/161 877/8/161 878/8/161
f 878/8/162 879/8/162 881/8/162
f 883/8/18 884/8/18 882/8/18
f 886/8/205 882/8/205 884/8/205
f 884/8/154 885/8/154 886/8/154
f 890/8/10 887/8/10 889/8/10
f 891/8/153 887/8/153 888/8/153
f 888/8/206 890/8/206 891/8/206
f 895/8/10 892/8/10 894/8/10
f 896/8/176 892/8/176 893/8/176
f 893/8/177 895/8/177 896/8/177
f 899/8/24 901/8/24 898/8/24
f 901/8/155 897/8/155 898/8/155
f 899/8/156 900/8/156 901/8/156
f 903/8/183 904/8/183 902/8/183
f 907/8/184 905/8/184 906/8/184
f 906/8/185 902/8/185 904/8/185
f 907/8/186 903/8/186 905/8/186
f 911/8/153 908/8/153 909/8/153
f 909/8/154 910/8/154 911/8/154
f 915/8/10 912/8/10 914/8/10
f 916/8/153 912/8/153 913/8/153
f 913/8/206 915/8/206 916/8/206
f 920/8/176 917/8/176 918/8/176
f 918/8/158 919/8/158 920/8/158
f 923/8/24 925/8/24 922/8/24
f 925/8/155 921/8/155 922/8/155
f 923/8/156 924/8/156 925/8/156
f 930/8/17 928/8/17 929/8/17
f 929/8/161 926/8/161 927/8/161
f 927/8/162 928/8/162 930/8/162
f 932/8/18 933/8/18 931/8/18
f 935/8/10 931/8/10 934/8/10
f 936/8/169 931/8/169 933/8/169
f 933/8/152 935/8/152 936/8/152
f 940/8/163 937/8/163 938/8/163
f 938/8/164 939/8/164 940/8/164
f 945/8/17 943/8/17 944/8/17
f 944/8/159 941/8/159 942/8/159
f 942/8/160 943/8/160 945/8/160
f 948/8/24 950/8/24 947/8/24
f 950/8/207 946/8/207 947/8/207
f 948/8/208 949/8/208 950/8/208
f 954/8/181 951/8/181 952/8/181
f 952/8/182 953/8/182 954/8/182
f 957/8/200 960/8/200 956/8/200
f 959/8/201 955/8/201 958/8/201
f 956/8/202 958/8/202 955/8/202
f 957/8/203 959/8/203 960/8/203
f 964/8/165 961/8/165 962/8/165
f 962/8/166 963/8/166 964/8/166
f 968/8/167 965/8/167 966/8/167
f 966/8/168 967/8/168 968/8/168
f 974/8/17 971/8/17 973/8/17
f 972/8/10 969/8/10 971/8/10
f 973/8/209 969/8/209 970/8/209
f 970/8/210 972/8/210 974/8/210
f 976/8/18 977/8/18 975/8/18
f 978/8/24 980/8/24 977/8/24
f 980/8/211 975/8/211 977/8/211
f 978/8/208 979/8/208 980/8/208
f 983/8/200 986/8/200 982/8/200
f 985/8/201 981/8/201 984/8/201
f 982/8/202 984/8/202 981/8/202
f 983/8/203 985/8/203 986/8/203
f 990/8/165 987/8/165 988/8/165
f 988/8/166 989/8/166 990/8/166
f 993/8/24 995/8/24 992/8/24
f 995/8/212 991/8/212 992/8/212
f 993/8/213 994/8/213 995/8/213
f 999/8/153 996/8/153 997/8/153
f 997/8/154 998/8/154 999/8/154
f 1004/8/17 1002/8/17 1003/8/17
f 1003/8/192 1000/8/192 1001/8/192
f 1001/8/193 1002/8/193 1004/8/193
f 1008/8/176 1005/8/176 1006/8/176
f 1006/8/158 1007/8/158 1008/8/158
f 1010/8/18 1011/8/18 1009/8/18
f 1013/8/157 1009/8/157 1011/8/157
f 1011/8/158 1012/8/158 1013/8/158
f 1019/8/17 1016/8/17 1018/8/17
f 1017/8/10 1014/8/10 1016/8/10
f 1018/8/159 1014/8/159 1015/8/159
f 1015/8/214 1017/8/214 1019/8/214
f 1023/8/165 1020/8/165 1021/8/165
f 1021/8/166 1022/8/166 1023/8/166
f 1027/8/167 1024/8/167 1025/8/167
f 1025/8/168 1026/8/168 1027/8/168
f 1030/8/200 1033/8/200 1029/8/200
f 1032/8/201 1028/8/201 1031/8/201
f 1029/8/202 1031/8/202 1028/8/202
f 1030/8/203 1032/8/203 1033/8/203
f 1037/8/163 1034/8/163 1035/8/163
f 1035/8/164 1036/8/164 1037/8/164
f 1041/8/165 1038/8/165 1039/8/165
f 1039/8/166 1040/8/166 1041/8/166
f 1045/8/167 1042/8/167 1043/8/167
f 1043/8/168 1044/8/168 1045/8/168
f 1049/8/153 1046/8/153 1047/8/153
f 1047/8/154 1048/8/154 1049/8/154
f 1054/8/17 1052/8/17 1053/8/17
f 1053/8/192 1050/8/192 1051/8/192
f 1051/8/193 1052/8/193 1054/8/193
f 1057/8/24 1059/8/24 1056/8/24
f 1059/8/155 1055/8/155 1056/8/155
f 1057/8/156 1058/8/156 1059/8/156
f 1063/8/176 1060/8/176 1061/8/176
f 1061/8/158 1062/8/158 1063/8/158
f 1067/8/163 1064/8/163 1065/8/163
f 1065/8/164 1066/8/164 1067/8/164
f 1071/8/10 1068/8/10 1070/8/10
f 1072/8/165 1068/8/165 1069/8/165
f 1069/8/215 1071/8/215 1072/8/215
f 1076/8/167 1073/8/167 1074/8/167
f 1074/8/168 1075/8/168 1076/8/168
f 1080/8/165 1077/8/165 1078/8/165
f 1078/8/166 1079/8/166 1080/8/166
f 1084/8/167 1081/8/167 1082/8/167
f 1082/8/168 1083/8/168 1084/8/168
f 1088/8/10 1085/8/10 1087/8/10
f 1089/8/181 1085/8/181 1086/8/181
f 1086/8/216 1088/8/216 1089/8/216
f 1093/8/10 1090/8/10 1092/8/10
f 1094/8/163 1090/8/163 1091/8/163
f 1091/8/173 1093/8/173 1094/8/173
f 1098/8/165 1095/8/165 1096/8/165
f 1096/8/166 1097/8/166 1098/8/166
f 1102/8/167 1099/8/167 1100/8/167
f 1100/8/168 1101/8/168 1102/8/168
f 1106/8/163 1103/8/163 1104/8/163
f 1104/8/164 1105/8/164 1106/8/164
f 1110/8/10 1107/8/10 1109/8/10
f 1111/8/153 1107/8/153 1108/8/153
f 1108/8/206 1110/8/206 1111/8/206
f 1113/8/18 1114/8/18 1112/8/18
f 1116/8/205 1112/8/205 1114/8/205
f 1114/8/154 1115/8/154 1116/8/154
f 1119/8/24 1121/8/24 1118/8/24
f 1121/8/155 1117/8/155 1118/8/155
f 1119/8/156 1120/8/156 1121/8/156
f 1123/8/18 1124/8/18 1122/8/18
f 1125/8/24 1128/8/24 1124/8/24
f 1127/8/10 1122/8/10 1126/8/10
f 1128/8/217 1122/8/217 1124/8/217
f 1125/8/218 1127/8/218 1128/8/218
f 1133/8/17 1131/8/17 1132/8/17
f 1132/8/196 1129/8/196 1130/8/196
f 1130/8/219 1131/8/219 1133/8/219
f 1137/8/165 1134/8/165 1135/8/165
f 1135/8/166 1136/8/166 1137/8/166
f 1141/8/167 1138/8/167 1139/8/167
f 1139/8/168 1140/8/168 1141/8/168
f 1146/8/17 1144/8/17 1145/8/17
f 1145/8/159 1142/8/159 1143/8/159
f 1143/8/160 1144/8/160 1146/8/160
f 1150/8/10 1147/8/10 1149/8/10
f 1151/8/181 1147/8/181 1148/8/181
f 1148/8/216 1150/8/216 1151/8/216
f 1155/8/10 1152/8/10 1154/8/10
f 1156/8/153 1152/8/153 1153/8/153
f 1153/8/206 1155/8/206 1156/8/206
f 1159/8/24 1162/8/24 1158/8/24
f 1161/8/10 1157/8/10 1160/8/10
f 1162/8/174 1157/8/174 1158/8/174
f 1159/8/220 1161/8/220 1162/8/220
f 1166/8/176 1163/8/176 1164/8/176
f 1164/8/158 1165/8/158 1166/8/158
f 1170/8/10 1167/8/10 1169/8/10
f 1171/8/176 1167/8/176 1168/8/176
f 1168/8/177 1170/8/177 1171/8/177
f 1175/8/153 1172/8/153 1173/8/153
f 1173/8/154 1174/8/154 1175/8/154
f 1178/8/24 1180/8/24 1177/8/24
f 1180/8/174 1176/8/174 1177/8/174
f 1178/8/175 1179/8/175 1180/8/175
f 1182/8/18 1183/8/18 1181/8/18
f 1185/8/157 1181/8/157 1183/8/157
f 1183/8/158 1184/8/158 1185/8/158
f 1189/8/176 1186/8/176 1187/8/176
f 1187/8/158 1188/8/158 1189/8/158
f 1191/8/183 1192/8/183 1190/8/183
f 1195/8/184 1193/8/184 1194/8/184
f 1194/8/185 1190/8/185 1192/8/185
f 1195/8/186 1191/8/186 1193/8/186
f 1197/3/18 792/3/18 1196/3/18
f 1198/3/24 796/3/24 792/3/24
f 1201/3/17 1199/3/17 796/3/17
f 1200/3/10 1196/3/10 1199/3/10
f 796/3/9 1196/3/9 792/3/9
f 1198/3/5 1200/3/5 1201/3/5
f 1202/3/18 1203/3/18 791/3/18
f 1204/3/24 1206/3/24 1203/3/24
f 1207/3/17 795/3/17 1206/3/17
f 1205/3/10 791/3/10 795/3/10
f 1206/3/9 791/3/9 1203/3/9
f 1204/3/5 1205/3/5 1207/3/5
f 1209/3/18 1210/3/18 1208/3/18
f 1211/3/24 796/3/24 1210/3/24
f 1201/3/17 795/3/17 796/3/17
f 1205/3/10 1208/3/10 795/3/10
f 796/3/9 1208/3/9 1210/3/9
f 1211/3/5 1205/3/5 1201/3/5
f 1202/3/18 792/3/18 791/3/18
f 1198/3/24 1214/3/24 792/3/24
f 1215/3/17 1212/3/17 1214/3/17
f 1213/3/10 791/3/10 1212/3/10
f 1214/3/9 791/3/9 792/3/9
f 1198/3/5 1213/3/5 1215/3/5
f 171/1/221 168/1/221 157/1/221
f 164/1/24 165/1/24 171/1/24
f 165/1/24 169/1/24 171/1/24
f 1/2/222 11/2/222 2/2/222
f 353/1/223 350/1/223 339/1/223
f 346/1/10 347/1/10 353/1/10
f 347/1/10 351/1/10 353/1/10
f 4/2/224 3/2/224 2/2/224
f 8/2/225 7/2/225 1/2/225
f 8/2/5 5/2/5 6/2/5
f 10/2/9 4/2/9 11/2/9
f 7/2/226 13/2/226 9/2/226
f 7/2/5 6/2/5 12/2/5
f 304/1/9 301/1/9 263/1/9
f 263/1/9 264/1/9 304/1/9
f 264/1/9 274/1/9 304/1/9
f 270/1/9 277/1/9 305/1/9
f 277/1/9 278/1/9 305/1/9
f 278/1/9 298/1/9 305/1/9
f 305/1/9 304/1/9 274/1/9
f 14/2/222 18/2/222 15/2/222
f 17/2/224 16/2/224 15/2/224
f 16/2/10 17/2/10 20/2/10
f 22/2/225 21/2/225 14/2/225
f 22/2/5 19/2/5 20/2/5
f 24/2/9 17/2/9 18/2/9
f 21/2/226 26/2/226 23/2/226
f 21/2/5 20/2/5 25/2/5
f 28/3/227 29/3/227 27/3/227
f 36/3/10 33/3/10 34/3/10
f 30/3/228 27/3/228 38/3/228
f 40/3/229 41/3/229 29/3/229
f 37/3/230 38/3/230 27/3/230
f 29/3/231 32/3/231 31/3/231
f 29/3/232 41/3/232 42/3/232
f 37/3/17 31/3/17 33/3/17
f 32/3/5 34/3/5 33/3/5
f 42/3/18 35/3/18 34/3/18
f 4/2/10 10/2/10 12/2/10
f 44/3/227 45/3/227 43/3/227
f 52/3/10 49/3/10 50/3/10
f 46/3/228 43/3/228 54/3/228
f 56/3/229 57/3/229 45/3/229
f 53/3/230 54/3/230 43/3/230
f 45/3/231 48/3/231 47/3/231
f 45/3/232 57/3/232 58/3/232
f 53/3/17 47/3/17 49/3/17
f 48/3/5 50/3/5 49/3/5
f 58/3/18 51/3/18 50/3/18
f 18/2/17 14/2/17 17/2/17
f 14/2/17 21/2/17 20/2/17
f 23/2/17 26/2/17 25/2/17
f 55/3/9 54/3/9 56/3/9
f 56/3/9 54/3/9 57/3/9
f 54/3/9 53/3/9 52/3/9
f 52/3/9 51/3/9 57/3/9
f 51/3/9 58/3/9 57/3/9
f 60/3/227 61/3/227 59/3/227
f 68/3/10 65/3/10 66/3/10
f 62/3/228 59/3/228 70/3/228
f 72/3/233 73/3/233 61/3/233
f 69/3/230 70/3/230 59/3/230
f 61/3/231 64/3/231 63/3/231
f 61/3/232 73/3/232 74/3/232
f 69/3/17 63/3/17 65/3/17
f 64/3/5 66/3/5 65/3/5
f 74/3/18 67/3/18 66/3/18
f 218/4/24 219/4/24 220/4/24
f 219/4/24 222/4/24 221/4/24
f 219/4/24 221/4/24 220/4/24
f 37/3/9 36/3/9 38/3/9
f 36/3/9 35/3/9 38/3/9
f 35/3/9 42/3/9 41/3/9
f 39/3/9 38/3/9 40/3/9
f 40/3/9 38/3/9 41/3/9
f 76/3/227 77/3/227 75/3/227
f 84/3/10 81/3/10 82/3/10
f 78/3/228 75/3/228 86/3/228
f 88/3/233 89/3/233 77/3/233
f 85/3/230 86/3/230 75/3/230
f 77/3/231 80/3/231 79/3/231
f 77/3/232 89/3/232 90/3/232
f 85/3/17 79/3/17 81/3/17
f 80/3/5 82/3/5 81/3/5
f 90/3/18 83/3/18 82/3/18
f 3/2/18 5/2/18 2/2/18
f 89/3/9 88/3/9 87/3/9
f 87/3/9 86/3/9 89/3/9
f 86/3/9 85/3/9 84/3/9
f 84/3/9 83/3/9 89/3/9
f 83/3/9 90/3/9 89/3/9
f 92/3/227 93/3/227 91/3/227
f 100/3/10 97/3/10 98/3/10
f 94/3/228 91/3/228 102/3/228
f 104/3/233 105/3/233 93/3/233
f 101/3/230 102/3/230 91/3/230
f 93/3/231 96/3/231 95/3/231
f 93/3/232 105/3/232 106/3/232
f 101/3/17 95/3/17 97/3/17
f 96/3/5 98/3/5 97/3/5
f 106/3/18 99/3/18 98/3/18
f 105/3/9 104/3/9 103/3/9
f 103/3/9 102/3/9 105/3/9
f 102/3/9 101/3/9 100/3/9
f 100/3/9 99/3/9 105/3/9
f 99/3/9 106/3/9 105/3/9
f 108/3/227 109/3/227 107/3/227
f 116/3/10 113/3/10 114/3/10
f 110/3/228 107/3/228 118/3/228
f 120/3/233 121/3/233 109/3/233
f 117/3/230 118/3/230 107/3/230
f 109/3/231 112/3/231 111/3/231
f 109/3/232 121/3/232 122/3/232
f 117/3/17 111/3/17 113/3/17
f 112/3/5 114/3/5 113/3/5
f 122/3/18 115/3/18 114/3/18
f 174/4/24 177/4/24 172/4/24
f 172/4/24 173/4/24 174/4/24
f 173/4/24 176/4/24 175/4/24
f 117/3/9 116/3/9 118/3/9
f 116/3/9 115/3/9 118/3/9
f 115/3/9 122/3/9 121/3/9
f 121/3/9 120/3/9 119/3/9
f 119/3/9 118/3/9 121/3/9
f 155/5/234 156/5/234 137/5/234
f 136/1/235 140/1/235 141/1/235
f 155/5/236 138/5/236 150/5/236
f 137/1/237 156/1/237 157/1/237
f 154/1/238 150/1/238 149/1/238
f 128/5/17 126/5/17 133/5/17
f 126/5/17 124/5/17 130/5/17
f 124/5/17 131/5/17 130/5/17
f 133/5/17 135/5/17 123/5/17
f 126/5/17 130/5/17 133/5/17
f 141/1/239 153/1/239 149/1/239
f 139/5/240 150/5/240 138/5/240
f 127/1/241 136/1/241 148/1/241
f 298/1/10 278/1/10 302/1/10
f 278/1/10 279/1/10 302/1/10
f 279/1/242 288/1/242 302/1/242
f 241/5/243 255/5/243 250/5/243
f 255/5/244 243/5/244 250/5/244
f 250/5/245 248/5/245 245/5/245
f 245/5/246 241/5/246 250/5/246
f 144/1/247 137/1/247 151/1/247
f 129/5/248 138/5/248 137/5/248
f 145/5/249 139/5/249 138/5/249
f 146/1/250 147/1/250 139/1/250
f 142/1/251 148/1/251 147/1/251
f 141/5/252 152/5/252 153/5/252
f 17/2/10 24/2/10 25/2/10
f 132/5/253 143/5/253 125/5/253
f 144/5/254 143/5/254 132/5/254
f 129/5/255 144/5/255 132/5/255
f 134/5/256 145/5/256 129/5/256
f 134/5/257 146/5/257 145/5/257
f 139/5/258 147/5/258 150/5/258
f 152/1/259 140/1/259 158/1/259
f 152/1/5 159/1/5 160/1/5
f 153/1/260 160/1/260 161/1/260
f 154/5/261 161/5/261 162/5/261
f 155/5/262 162/5/262 163/5/262
f 156/1/263 163/1/263 164/1/263
f 227/5/264 229/5/264 232/5/264
f 229/5/265 237/5/265 232/5/265
f 237/5/266 225/5/266 232/5/266
f 158/5/49 128/5/49 123/5/49
f 160/5/50 159/5/50 123/5/50
f 161/5/267 160/5/267 135/5/267
f 162/5/52 161/5/52 133/5/52
f 162/5/268 130/5/268 131/5/268
f 163/5/54 131/5/54 124/5/54
f 165/5/55 164/5/55 124/5/55
f 157/1/269 168/1/269 167/1/269
f 166/1/57 170/1/57 176/1/57
f 167/1/270 175/1/270 176/1/270
f 175/1/271 167/1/271 168/1/271
f 168/1/272 171/1/272 177/1/272
f 169/1/60 172/1/60 177/1/60
f 206/5/234 207/5/234 185/5/234
f 184/1/235 188/1/235 189/1/235
f 303/1/223 300/1/223 294/1/223
f 297/1/273 263/1/273 303/1/273
f 263/1/274 301/1/274 303/1/274
f 206/5/236 186/5/236 201/5/236
f 16/2/18 19/2/18 15/2/18
f 185/1/237 207/1/237 208/1/237
f 205/1/238 201/1/238 200/1/238
f 181/5/275 180/5/275 183/5/275
f 180/5/276 179/5/276 182/5/276
f 180/5/277 182/5/277 183/5/277
f 189/1/239 204/1/239 200/1/239
f 187/5/240 201/5/240 186/5/240
f 191/1/278 184/1/278 199/1/278
f 218/1/9 215/1/9 180/1/9
f 180/1/9 181/1/9 218/1/9
f 181/1/9 188/1/9 218/1/9
f 184/1/9 191/1/9 219/1/9
f 191/1/9 192/1/9 219/1/9
f 192/1/9 212/1/9 219/1/9
f 219/1/9 218/1/9 188/1/9
f 194/1/247 185/1/247 202/1/247
f 195/5/279 186/5/279 185/5/279
f 196/5/249 187/5/249 186/5/249
f 197/1/250 198/1/250 187/1/250
f 190/1/280 199/1/280 198/1/280
f 189/5/252 203/5/252 204/5/252
f 191/5/65 190/5/65 123/5/65
f 192/5/9 191/5/9 128/5/9
f 124/5/66 193/5/66 192/5/66
f 194/5/67 193/5/67 124/5/67
f 195/5/281 194/5/281 131/5/281
f 133/5/69 196/5/69 195/5/69
f 135/5/282 197/5/282 196/5/282
f 123/5/71 190/5/71 197/5/71
f 187/5/258 198/5/258 201/5/258
f 125/5/283 127/5/283 134/5/283
f 127/5/284 142/5/284 134/5/284
f 129/5/285 132/5/285 125/5/285
f 203/1/286 188/1/286 181/1/286
f 203/1/287 178/1/287 209/1/287
f 204/1/288 209/1/288 183/1/288
f 205/5/289 183/5/289 182/5/289
f 206/5/290 182/5/290 210/5/290
f 207/1/263 210/1/263 211/1/263
f 166/1/291 125/1/291 170/1/291
f 125/1/292 143/1/292 170/1/292
f 143/1/293 151/1/293 170/1/293
f 180/5/294 211/5/294 179/5/294
f 208/1/269 214/1/269 213/1/269
f 258/5/10 247/5/10 242/5/10
f 242/5/10 252/5/10 258/5/10
f 252/5/10 255/5/10 241/5/10
f 241/5/10 258/5/10 252/5/10
f 212/1/57 216/1/57 222/1/57
f 213/1/270 221/1/270 222/1/270
f 221/1/271 213/1/271 214/1/271
f 214/1/272 217/1/272 223/1/272
f 215/1/60 218/1/60 223/1/60
f 165/5/9 126/5/9 128/5/9
f 217/1/221 214/1/221 208/1/221
f 211/1/295 180/1/295 217/1/295
f 180/1/296 215/1/296 217/1/296
f 226/5/297 224/5/297 233/5/297
f 224/5/298 241/5/298 233/5/298
f 241/5/299 228/5/299 233/5/299
f 212/1/24 192/1/24 216/1/24
f 192/1/24 193/1/24 216/1/24
f 193/1/293 202/1/293 216/1/293
f 227/5/300 239/5/300 240/5/300
f 230/1/301 235/1/301 239/1/301
f 232/5/302 236/5/302 235/5/302
f 225/1/303 238/1/303 236/1/303
f 237/5/304 234/5/304 238/5/304
f 234/5/305 224/5/305 226/5/305
f 238/1/306 226/1/306 233/1/306
f 236/5/307 233/5/307 231/5/307
f 235/1/308 231/1/308 228/1/308
f 239/5/309 228/5/309 241/5/309
f 11/2/310 1/2/310 4/2/310
f 1/2/17 7/2/17 6/2/17
f 234/5/10 237/5/10 240/5/10
f 229/5/10 240/5/10 237/5/10
f 224/5/10 234/5/10 241/5/10
f 241/5/10 234/5/10 240/5/10
f 244/5/311 242/5/311 251/5/311
f 242/5/312 247/5/312 251/5/312
f 247/5/313 246/5/313 251/5/313
f 311/5/9 278/5/9 277/5/9
f 245/5/300 257/5/300 258/5/300
f 248/1/301 253/1/301 257/1/301
f 250/5/302 254/5/302 253/5/302
f 243/1/303 256/1/303 254/1/303
f 255/5/304 252/5/304 256/5/304
f 252/5/305 242/5/305 244/5/305
f 256/1/314 244/1/314 251/1/314
f 254/5/315 251/5/315 249/5/315
f 253/1/308 249/1/308 246/1/308
f 257/5/316 246/5/316 247/5/316
f 3/2/10 4/2/10 6/2/10
f 292/5/317 293/5/317 271/5/317
f 270/1/318 274/1/318 275/1/318
f 260/5/319 264/5/319 269/5/319
f 264/5/320 263/5/320 269/5/320
f 263/5/321 262/5/321 266/5/321
f 292/5/322 272/5/322 287/5/322
f 172/1/9 169/1/9 165/1/9
f 165/1/9 158/1/9 172/1/9
f 158/1/9 140/1/9 172/1/9
f 136/1/9 127/1/9 173/1/9
f 127/1/9 125/1/9 173/1/9
f 125/1/9 166/1/9 173/1/9
f 173/1/9 172/1/9 140/1/9
f 271/1/323 293/1/323 294/1/323
f 291/1/324 287/1/324 286/1/324
f 311/5/17 313/5/17 268/5/17
f 313/5/17 259/5/17 268/5/17
f 259/5/325 317/5/325 268/5/325
f 265/5/17 267/5/17 261/5/17
f 265/5/17 261/5/17 311/5/17
f 275/1/326 290/1/326 286/1/326
f 273/5/327 287/5/327 272/5/327
f 277/1/328 270/1/328 285/1/328
f 280/1/329 271/1/329 288/1/329
f 280/5/330 281/5/330 272/5/330
f 282/5/331 273/5/331 272/5/331
f 283/1/332 284/1/332 273/1/332
f 276/1/333 285/1/333 284/1/333
f 275/5/334 289/5/334 290/5/334
f 277/5/335 276/5/335 259/5/335
f 261/5/336 279/5/336 278/5/336
f 280/5/111 279/5/111 261/5/111
f 281/5/337 280/5/337 267/5/337
f 268/5/113 282/5/113 281/5/113
f 317/5/338 283/5/338 282/5/338
f 259/5/339 276/5/339 283/5/339
f 273/5/340 284/5/340 287/5/340
f 289/1/341 274/1/341 264/1/341
f 289/1/342 260/1/342 295/1/342
f 290/1/343 295/1/343 269/1/343
f 291/5/344 269/5/344 266/5/344
f 292/5/345 266/5/345 296/5/345
f 293/1/346 296/1/346 297/1/346
f 9/2/17 13/2/17 12/2/17
f 73/3/9 72/3/9 71/3/9
f 71/3/9 70/3/9 73/3/9
f 70/3/9 69/3/9 68/3/9
f 68/3/9 67/3/9 73/3/9
f 67/3/9 74/3/9 73/3/9
f 263/5/347 297/5/347 262/5/347
f 304/4/10 305/4/10 306/4/10
f 305/4/10 308/4/10 307/4/10
f 306/4/10 305/4/10 307/4/10
f 294/1/348 300/1/348 299/1/348
f 298/1/127 302/1/127 308/1/127
f 299/1/349 307/1/349 308/1/349
f 307/1/350 299/1/350 300/1/350
f 300/1/351 303/1/351 309/1/351
f 301/1/130 304/1/130 309/1/130
f 337/5/352 338/5/352 319/5/352
f 354/4/10 355/4/10 356/4/10
f 355/4/10 358/4/10 357/4/10
f 356/4/10 355/4/10 357/4/10
f 318/1/318 322/1/318 323/1/318
f 347/5/9 311/5/9 313/5/9
f 337/5/353 320/5/353 332/5/353
f 319/1/323 338/1/323 339/1/323
f 336/1/324 332/1/324 331/1/324
f 310/5/354 312/5/354 316/5/354
f 312/5/355 324/5/355 316/5/355
f 314/5/356 315/5/356 310/5/356
f 323/1/326 335/1/326 331/1/326
f 321/5/357 332/5/357 320/5/357
f 312/1/358 318/1/358 330/1/358
f 326/1/359 319/1/359 333/1/359
f 314/5/360 320/5/360 319/5/360
f 327/5/361 321/5/361 320/5/361
f 328/1/332 329/1/332 321/1/332
f 324/1/362 330/1/362 329/1/362
f 323/5/334 334/5/334 335/5/334
f 315/5/363 325/5/363 310/5/363
f 326/5/364 325/5/364 315/5/364
f 314/5/365 326/5/365 315/5/365
f 316/5/366 327/5/366 314/5/366
f 316/5/367 328/5/367 327/5/367
f 321/5/340 329/5/340 332/5/340
f 334/1/368 322/1/368 340/1/368
f 334/1/5 341/1/5 342/1/5
f 335/1/369 342/1/369 343/1/369
f 336/5/370 343/5/370 344/5/370
f 337/5/371 344/5/371 345/5/371
f 338/1/346 345/1/346 346/1/346
f 348/1/372 310/1/372 352/1/372
f 310/1/373 325/1/373 352/1/373
f 325/1/242 333/1/242 352/1/242
f 340/5/374 313/5/374 259/5/374
f 342/5/375 341/5/375 259/5/375
f 343/5/376 342/5/376 317/5/376
f 344/5/145 343/5/145 268/5/145
f 344/5/377 265/5/377 267/5/377
f 345/5/147 267/5/147 261/5/147
f 347/5/378 346/5/378 261/5/378
f 339/1/348 350/1/348 349/1/348
f 354/1/9 351/1/9 347/1/9
f 347/1/9 340/1/9 354/1/9
f 340/1/9 322/1/9 354/1/9
f 318/1/9 312/1/9 355/1/9
f 312/1/9 310/1/9 355/1/9
f 310/1/9 348/1/9 355/1/9
f 355/1/9 354/1/9 322/1/9
f 348/1/127 352/1/127 358/1/127
f 349/1/349 357/1/349 358/1/349
f 357/1/350 349/1/350 350/1/350
f 350/1/351 353/1/351 359/1/351
f 351/1/130 354/1/130 359/1/130
f 361/6/18 363/6/18 362/6/18
f 363/5/9 367/5/9 366/5/9
f 367/6/17 365/6/17 364/6/17
f 365/7/5 361/7/5 360/7/5
f 366/5/10 364/5/10 360/5/10
f 363/3/24 361/3/24 365/3/24
f 371/8/178 370/8/178 368/8/178
f 369/8/162 368/8/162 370/8/162
f 376/8/17 375/8/17 374/8/17
f 376/8/379 374/8/379 372/8/379
f 373/8/380 372/8/380 375/8/380
f 380/8/174 379/8/174 377/8/174
f 378/8/193 377/8/193 379/8/193
f 384/8/174 383/8/174 381/8/174
f 382/8/193 381/8/193 383/8/193
f 385/8/18 387/8/18 386/8/18
f 389/8/155 388/8/155 385/8/155
f 387/8/381 385/8/381 388/8/381
f 393/8/10 391/8/10 390/8/10
f 394/8/382 393/8/382 390/8/382
f 392/8/158 391/8/158 393/8/158
f 396/8/24 399/8/24 398/8/24
f 398/8/383 397/8/383 395/8/383
f 396/8/160 395/8/160 397/8/160
f 401/8/24 404/8/24 403/8/24
f 403/8/384 402/8/384 400/8/384
f 401/8/162 400/8/162 402/8/162
f 408/8/178 407/8/178 405/8/178
f 406/8/162 405/8/162 407/8/162
f 412/8/385 411/8/385 409/8/385
f 410/8/160 409/8/160 411/8/160
f 416/8/386 415/8/386 413/8/386
f 414/8/199 413/8/199 415/8/199
f 420/8/212 419/8/212 417/8/212
f 418/8/191 417/8/191 419/8/191
f 424/8/10 422/8/10 421/8/10
f 425/8/387 424/8/387 421/8/387
f 423/8/151 422/8/151 424/8/151
f 427/8/24 430/8/24 429/8/24
f 429/8/384 428/8/384 426/8/384
f 427/8/162 426/8/162 428/8/162
f 434/8/207 433/8/207 431/8/207
f 432/8/219 431/8/219 433/8/219
f 438/8/386 437/8/386 435/8/386
f 436/8/199 435/8/199 437/8/199
f 442/8/212 441/8/212 439/8/212
f 440/8/191 439/8/191 441/8/191
f 448/8/17 447/8/17 446/8/17
f 447/8/10 444/8/10 443/8/10
f 448/8/388 446/8/388 443/8/388
f 445/8/389 444/8/389 447/8/389
f 452/8/174 451/8/174 449/8/174
f 450/8/193 449/8/193 451/8/193
f 453/8/18 455/8/18 454/8/18
f 457/8/174 456/8/174 453/8/174
f 455/8/390 453/8/390 456/8/390
f 461/8/10 459/8/10 458/8/10
f 462/8/382 461/8/382 458/8/382
f 460/8/158 459/8/158 461/8/158
f 467/8/17 466/8/17 465/8/17
f 467/8/176 465/8/176 463/8/176
f 464/8/391 463/8/391 466/8/391
f 468/8/18 470/8/18 469/8/18
f 472/8/178 471/8/178 468/8/178
f 470/8/392 468/8/392 471/8/392
f 476/8/178 475/8/178 473/8/178
f 474/8/162 473/8/162 475/8/162
f 480/8/386 479/8/386 477/8/386
f 478/8/199 477/8/199 479/8/199
f 484/8/10 482/8/10 481/8/10
f 485/8/393 484/8/393 481/8/393
f 483/8/168 482/8/168 484/8/168
f 489/8/386 488/8/386 486/8/386
f 487/8/199 486/8/199 488/8/199
f 493/8/212 492/8/212 490/8/212
f 491/8/191 490/8/191 492/8/191
f 498/8/17 497/8/17 496/8/17
f 498/8/163 496/8/163 494/8/163
f 495/8/394 494/8/394 497/8/394
f 502/8/395 501/8/395 499/8/395
f 500/8/396 499/8/396 501/8/396
f 505/8/397 508/8/397 507/8/397
f 506/8/398 504/8/398 503/8/398
f 507/8/399 506/8/399 503/8/399
f 508/8/400 505/8/400 504/8/400
f 509/8/18 511/8/18 510/8/18
f 511/8/24 514/8/24 513/8/24
f 513/8/384 512/8/384 509/8/384
f 511/8/392 509/8/392 512/8/392
f 518/8/178 517/8/178 515/8/178
f 516/8/162 515/8/162 517/8/162
f 523/8/17 522/8/17 521/8/17
f 523/8/163 521/8/163 519/8/163
f 520/8/394 519/8/394 522/8/394
f 527/8/178 526/8/178 524/8/178
f 525/8/162 524/8/162 526/8/162
f 531/8/178 530/8/178 528/8/178
f 529/8/162 528/8/162 530/8/162
f 535/8/174 534/8/174 532/8/174
f 533/8/193 532/8/193 534/8/193
f 539/8/174 538/8/174 536/8/174
f 537/8/193 536/8/193 538/8/193
f 543/8/155 542/8/155 540/8/155
f 541/8/401 540/8/401 542/8/401
f 544/8/18 546/8/18 545/8/18
f 548/8/155 547/8/155 544/8/155
f 546/8/381 544/8/381 547/8/381
f 552/8/395 551/8/395 549/8/395
f 550/8/396 549/8/396 551/8/396
f 556/8/386 555/8/386 553/8/386
f 554/8/199 553/8/199 555/8/199
f 560/8/212 559/8/212 557/8/212
f 558/8/191 557/8/191 559/8/191
f 564/8/395 563/8/395 561/8/395
f 562/8/396 561/8/396 563/8/396
f 569/8/17 568/8/17 567/8/17
f 569/8/170 567/8/170 565/8/170
f 566/8/402 565/8/402 568/8/402
f 573/8/386 572/8/386 570/8/386
f 571/8/199 570/8/199 572/8/199
f 575/8/24 578/8/24 577/8/24
f 577/8/403 576/8/403 574/8/403
f 575/8/191 574/8/191 576/8/191
f 580/8/24 583/8/24 582/8/24
f 582/8/404 581/8/404 579/8/404
f 580/8/193 579/8/193 581/8/193
f 584/8/18 586/8/18 585/8/18
f 588/8/174 587/8/174 584/8/174
f 586/8/390 584/8/390 587/8/390
f 589/8/18 591/8/18 590/8/18
f 593/8/155 592/8/155 589/8/155
f 591/8/381 589/8/381 592/8/381
f 594/8/18 596/8/18 595/8/18
f 598/8/155 597/8/155 594/8/155
f 596/8/381 594/8/381 597/8/381
f 601/8/24 604/8/24 603/8/24
f 602/8/10 600/8/10 599/8/10
f 603/8/405 602/8/405 599/8/405
f 601/8/151 600/8/151 602/8/151
f 606/8/24 609/8/24 608/8/24
f 608/8/384 607/8/384 605/8/384
f 606/8/162 605/8/162 607/8/162
f 613/8/395 612/8/395 610/8/395
f 611/8/396 610/8/396 612/8/396
f 617/8/10 615/8/10 614/8/10
f 618/8/406 617/8/406 614/8/406
f 616/8/171 615/8/171 617/8/171
f 622/8/178 621/8/178 619/8/178
f 620/8/162 619/8/162 621/8/162
f 626/8/178 625/8/178 623/8/178
f 624/8/162 623/8/162 625/8/162
f 629/8/397 632/8/397 631/8/397
f 630/8/398 628/8/398 627/8/398
f 631/8/399 630/8/399 627/8/399
f 632/8/400 629/8/400 628/8/400
f 634/8/24 637/8/24 636/8/24
f 636/8/383 635/8/383 633/8/383
f 634/8/160 633/8/160 635/8/160
f 641/8/395 640/8/395 638/8/395
f 639/8/396 638/8/396 640/8/396
f 645/8/174 644/8/174 642/8/174
f 643/8/193 642/8/193 644/8/193
f 649/8/174 648/8/174 646/8/174
f 647/8/193 646/8/193 648/8/193
f 654/8/17 653/8/17 652/8/17
f 654/8/176 652/8/176 650/8/176
f 651/8/391 650/8/391 653/8/391
f 655/8/18 657/8/18 656/8/18
f 659/8/155 658/8/155 655/8/155
f 657/8/381 655/8/381 658/8/381
f 663/8/10 661/8/10 660/8/10
f 664/8/407 663/8/407 660/8/407
f 662/8/164 661/8/164 663/8/164
f 668/8/174 667/8/174 665/8/174
f 666/8/193 665/8/193 667/8/193
f 672/8/174 671/8/174 669/8/174
f 670/8/193 669/8/193 671/8/193
f 676/8/155 675/8/155 673/8/155
f 674/8/401 673/8/401 675/8/401
f 680/8/155 679/8/155 677/8/155
f 678/8/401 677/8/401 679/8/401
f 684/8/178 683/8/178 681/8/178
f 682/8/162 681/8/162 683/8/162
f 688/8/10 686/8/10 685/8/10
f 689/8/387 688/8/387 685/8/387
f 687/8/151 686/8/151 688/8/151
f 694/8/17 693/8/17 692/8/17
f 694/8/170 692/8/170 690/8/170
f 691/8/402 690/8/402 693/8/402
f 696/8/24 700/8/24 699/8/24
f 700/8/17 698/8/17 697/8/17
f 699/8/408 697/8/408 695/8/408
f 696/8/402 695/8/402 698/8/402
f 702/8/18 704/8/18 703/8/18
f 704/8/24 708/8/24 707/8/24
f 708/8/17 706/8/17 705/8/17
f 706/8/10 702/8/10 701/8/10
f 707/8/9 705/8/9 701/8/9
f 704/8/5 702/8/5 706/8/5
f 710/8/18 712/8/18 711/8/18
f 712/8/24 716/8/24 715/8/24
f 716/8/17 714/8/17 713/8/17
f 714/8/10 710/8/10 709/8/10
f 715/8/9 713/8/9 709/8/9
f 712/8/5 710/8/5 714/8/5
f 718/8/18 720/8/18 719/8/18
f 720/8/24 724/8/24 723/8/24
f 724/8/17 722/8/17 721/8/17
f 722/8/10 718/8/10 717/8/10
f 723/8/9 721/8/9 717/8/9
f 720/8/5 718/8/5 722/8/5
f 726/8/18 728/8/18 727/8/18
f 728/8/24 732/8/24 731/8/24
f 732/8/17 730/8/17 729/8/17
f 730/8/10 726/8/10 725/8/10
f 731/8/9 729/8/9 725/8/9
f 728/8/5 726/8/5 730/8/5
f 734/8/18 736/8/18 735/8/18
f 736/8/24 740/8/24 739/8/24
f 740/8/17 738/8/17 737/8/17
f 738/8/10 734/8/10 733/8/10
f 739/8/9 737/8/9 733/8/9
f 736/8/5 734/8/5 738/8/5
f 742/8/18 744/8/18 743/8/18
f 744/8/24 748/8/24 747/8/24
f 748/8/17 746/8/17 745/8/17
f 746/8/10 742/8/10 741/8/10
f 747/8/9 745/8/9 741/8/9
f 744/8/5 742/8/5 746/8/5
f 750/8/18 752/8/18 751/8/18
f 752/8/24 756/8/24 755/8/24
f 756/8/17 754/8/17 753/8/17
f 754/8/10 750/8/10 749/8/10
f 755/8/9 753/8/9 749/8/9
f 752/8/5 750/8/5 754/8/5
f 758/8/18 760/8/18 759/8/18
f 760/8/24 764/8/24 763/8/24
f 764/8/17 762/8/17 761/8/17
f 762/8/10 758/8/10 757/8/10
f 763/8/9 761/8/9 757/8/9
f 760/8/5 758/8/5 762/8/5
f 767/8/397 770/8/397 769/8/397
f 768/8/398 766/8/398 765/8/398
f 769/8/399 768/8/399 765/8/399
f 770/8/400 767/8/400 766/8/400
f 772/3/18 773/3/18 361/3/18
f 773/3/24 776/3/24 365/3/24
f 776/3/17 775/3/17 774/3/17
f 775/3/10 772/3/10 771/3/10
f 365/3/9 774/3/9 771/3/9
f 773/3/5 772/3/5 775/3/5
f 777/3/18 779/3/18 778/3/18
f 779/3/24 782/3/24 781/3/24
f 782/3/17 780/3/17 364/3/17
f 780/3/10 777/3/10 360/3/10
f 781/3/9 364/3/9 360/3/9
f 779/3/5 777/3/5 780/3/5
f 784/3/18 786/3/18 785/3/18
f 786/3/24 776/3/24 365/3/24
f 776/3/17 780/3/17 364/3/17
f 780/3/10 784/3/10 783/3/10
f 365/3/9 364/3/9 783/3/9
f 786/3/5 784/3/5 780/3/5
f 777/3/18 773/3/18 361/3/18
f 773/3/24 790/3/24 789/3/24
f 790/3/17 788/3/17 787/3/17
f 788/3/10 777/3/10 360/3/10
f 789/3/9 787/3/9 360/3/9
f 773/3/5 777/3/5 788/3/5
f 792/6/18 794/6/18 793/6/18
f 794/5/9 798/5/9 797/5/9
f 798/6/17 796/6/17 795/6/17
f 796/7/5 792/7/5 791/7/5
f 797/5/10 795/5/10 791/5/10
f 794/3/24 792/3/24 796/3/24
f 800/8/24 803/8/24 802/8/24
f 802/8/409 801/8/409 799/8/409
f 800/8/199 799/8/199 801/8/199
f 807/8/212 806/8/212 804/8/212
f 805/8/191 804/8/191 806/8/191
f 811/8/207 810/8/207 808/8/207
f 809/8/219 808/8/219 810/8/219
f 815/8/385 814/8/385 812/8/385
f 813/8/160 812/8/160 814/8/160
f 819/8/174 818/8/174 816/8/174
f 817/8/193 816/8/193 818/8/193
f 821/8/24 824/8/24 823/8/24
f 823/8/404 822/8/404 820/8/404
f 821/8/193 820/8/193 822/8/193
f 828/8/10 826/8/10 825/8/10
f 829/8/382 828/8/382 825/8/382
f 827/8/158 826/8/158 828/8/158
f 830/8/18 832/8/18 831/8/18
f 834/8/155 833/8/155 830/8/155
f 832/8/381 830/8/381 833/8/381
f 838/8/178 837/8/178 835/8/178
f 836/8/162 835/8/162 837/8/162
f 842/8/178 841/8/178 839/8/178
f 840/8/162 839/8/162 841/8/162
f 846/8/10 844/8/10 843/8/10
f 847/8/387 846/8/387 843/8/387
f 845/8/151 844/8/151 846/8/151
f 848/8/18 850/8/18 849/8/18
f 852/8/178 851/8/178 848/8/178
f 850/8/392 848/8/392 851/8/392
f 856/8/395 855/8/395 853/8/395
f 854/8/396 853/8/396 855/8/396
f 857/8/410 859/8/410 858/8/410
f 862/8/411 861/8/411 860/8/411
f 858/8/412 862/8/412 860/8/412
f 859/8/413 857/8/413 861/8/413
f 866/8/386 865/8/386 863/8/386
f 864/8/199 863/8/199 865/8/199
f 870/8/10 868/8/10 867/8/10
f 871/8/393 870/8/393 867/8/393
f 869/8/168 868/8/168 870/8/168
f 872/8/18 874/8/18 873/8/18
f 876/8/178 875/8/178 872/8/178
f 874/8/392 872/8/392 875/8/392
f 878/8/24 881/8/24 880/8/24
f 880/8/384 879/8/384 877/8/384
f 878/8/162 877/8/162 879/8/162
f 885/8/10 883/8/10 882/8/10
f 886/8/414 885/8/414 882/8/414
f 884/8/154 883/8/154 885/8/154
f 891/8/17 890/8/17 889/8/17
f 891/8/153 889/8/153 887/8/153
f 888/8/415 887/8/415 890/8/415
f 896/8/17 895/8/17 894/8/17
f 896/8/176 894/8/176 892/8/176
f 893/8/391 892/8/391 895/8/391
f 897/8/18 899/8/18 898/8/18
f 901/8/155 900/8/155 897/8/155
f 899/8/381 897/8/381 900/8/381
f 904/8/397 907/8/397 906/8/397
f 905/8/398 903/8/398 902/8/398
f 906/8/399 905/8/399 902/8/399
f 907/8/400 904/8/400 903/8/400
f 911/8/174 910/8/174 908/8/174
f 909/8/193 908/8/193 910/8/193
f 916/8/17 915/8/17 914/8/17
f 916/8/153 914/8/153 912/8/153
f 913/8/415 912/8/415 915/8/415
f 920/8/155 919/8/155 917/8/155
f 918/8/401 917/8/401 919/8/401
f 921/8/18 923/8/18 922/8/18
f 925/8/155 924/8/155 921/8/155
f 923/8/381 921/8/381 924/8/381
f 927/8/24 930/8/24 929/8/24
f 929/8/384 928/8/384 926/8/384
f 927/8/162 926/8/162 928/8/162
f 936/8/17 935/8/17 934/8/17
f 935/8/10 932/8/10 931/8/10
f 936/8/416 934/8/416 931/8/416
f 933/8/417 932/8/417 935/8/417
f 940/8/385 939/8/385 937/8/385
f 938/8/160 937/8/160 939/8/160
f 942/8/24 945/8/24 944/8/24
f 944/8/383 943/8/383 941/8/383
f 942/8/160 941/8/160 943/8/160
f 946/8/18 948/8/18 947/8/18
f 950/8/207 949/8/207 946/8/207
f 948/8/418 946/8/418 949/8/418
f 954/8/395 953/8/395 951/8/395
f 952/8/396 951/8/396 953/8/396
f 955/8/410 957/8/410 956/8/410
f 960/8/411 959/8/411 958/8/411
f 956/8/412 960/8/412 958/8/412
f 957/8/413 955/8/413 959/8/413
f 964/8/386 963/8/386 961/8/386
f 962/8/199 961/8/199 963/8/199
f 968/8/212 967/8/212 965/8/212
f 966/8/191 965/8/191 967/8/191
f 970/8/24 974/8/24 973/8/24
f 974/8/17 972/8/17 971/8/17
f 973/8/419 971/8/419 969/8/419
f 970/8/420 969/8/420 972/8/420
f 976/8/18 978/8/18 977/8/18
f 979/8/10 976/8/10 975/8/10
f 980/8/406 979/8/406 975/8/406
f 978/8/421 976/8/421 979/8/421
f 981/8/410 983/8/410 982/8/410
f 986/8/411 985/8/411 984/8/411
f 982/8/412 986/8/412 984/8/412
f 983/8/413 981/8/413 985/8/413
f 990/8/386 989/8/386 987/8/386
f 988/8/199 987/8/199 989/8/199
f 991/8/18 993/8/18 992/8/18
f 995/8/212 994/8/212 991/8/212
f 993/8/422 991/8/422 994/8/422
f 999/8/174 998/8/174 996/8/174
f 997/8/193 996/8/193 998/8/193
f 1001/8/24 1004/8/24 1003/8/24
f 1003/8/404 1002/8/404 1000/8/404
f 1001/8/193 1000/8/193 1002/8/193
f 1008/8/155 1007/8/155 1005/8/155
f 1006/8/401 1005/8/401 1007/8/401
f 1012/8/10 1010/8/10 1009/8/10
f 1013/8/382 1012/8/382 1009/8/382
f 1011/8/158 1010/8/158 1012/8/158
f 1015/8/24 1019/8/24 1018/8/24
f 1019/8/17 1017/8/17 1016/8/17
f 1018/8/423 1016/8/423 1014/8/423
f 1015/8/394 1014/8/394 1017/8/394
f 1023/8/386 1022/8/386 1020/8/386
f 1021/8/199 1020/8/199 1022/8/199
f 1027/8/212 1026/8/212 1024/8/212
f 1025/8/191 1024/8/191 1026/8/191
f 1028/8/410 1030/8/410 1029/8/410
f 1033/8/411 1032/8/411 1031/8/411
f 1029/8/412 1033/8/412 1031/8/412
f 1030/8/413 1028/8/413 1032/8/413
f 1037/8/385 1036/8/385 1034/8/385
f 1035/8/160 1034/8/160 1036/8/160
f 1041/8/386 1040/8/386 1038/8/386
f 1039/8/199 1038/8/199 1040/8/199
f 1045/8/212 1044/8/212 1042/8/212
f 1043/8/191 1042/8/191 1044/8/191
f 1049/8/174 1048/8/174 1046/8/174
f 1047/8/193 1046/8/193 1048/8/193
f 1051/8/24 1054/8/24 1053/8/24
f 1053/8/404 1052/8/404 1050/8/404
f 1051/8/193 1050/8/193 1052/8/193
f 1055/8/18 1057/8/18 1056/8/18
f 1059/8/155 1058/8/155 1055/8/155
f 1057/8/381 1055/8/381 1058/8/381
f 1063/8/155 1062/8/155 1060/8/155
f 1061/8/401 1060/8/401 1062/8/401
f 1067/8/385 1066/8/385 1064/8/385
f 1065/8/160 1064/8/160 1066/8/160
f 1072/8/17 1071/8/17 1070/8/17
f 1072/8/165 1070/8/165 1068/8/165
f 1069/8/424 1068/8/424 1071/8/424
f 1076/8/212 1075/8/212 1073/8/212
f 1074/8/191 1073/8/191 1075/8/191
f 1080/8/386 1079/8/386 1077/8/386
f 1078/8/199 1077/8/199 1079/8/199
f 1084/8/212 1083/8/212 1081/8/212
f 1082/8/191 1081/8/191 1083/8/191
f 1089/8/17 1088/8/17 1087/8/17
f 1089/8/181 1087/8/181 1085/8/181
f 1086/8/420 1085/8/420 1088/8/420
f 1094/8/17 1093/8/17 1092/8/17
f 1094/8/163 1092/8/163 1090/8/163
f 1091/8/394 1090/8/394 1093/8/394
f 1098/8/386 1097/8/386 1095/8/386
f 1096/8/199 1095/8/199 1097/8/199
f 1102/8/212 1101/8/212 1099/8/212
f 1100/8/191 1099/8/191 1101/8/191
f 1106/8/385 1105/8/385 1103/8/385
f 1104/8/160 1103/8/160 1105/8/160
f 1111/8/17 1110/8/17 1109/8/17
f 1111/8/153 1109/8/153 1107/8/153
f 1108/8/415 1107/8/415 1110/8/415
f 1115/8/10 1113/8/10 1112/8/10
f 1116/8/414 1115/8/414 1112/8/414
f 1114/8/154 1113/8/154 1115/8/154
f 1117/8/18 1119/8/18 1118/8/18
f 1121/8/155 1120/8/155 1117/8/155
f 1119/8/381 1117/8/381 1120/8/381
f 1123/8/18 1125/8/18 1124/8/18
f 1128/8/17 1127/8/17 1126/8/17
f 1127/8/10 1123/8/10 1122/8/10
f 1128/8/425 1126/8/425 1122/8/425
f 1125/8/5 1123/8/5 1127/8/5
f 1130/8/24 1133/8/24 1132/8/24
f 1132/8/426 1131/8/426 1129/8/426
f 1130/8/219 1129/8/219 1131/8/219
f 1137/8/386 1136/8/386 1134/8/386
f 1135/8/199 1134/8/199 1136/8/199
f 1141/8/212 1140/8/212 1138/8/212
f 1139/8/191 1138/8/191 1140/8/191
f 1143/8/24 1146/8/24 1145/8/24
f 1145/8/383 1144/8/383 1142/8/383
f 1143/8/160 1142/8/160 1144/8/160
f 1151/8/17 1150/8/17 1149/8/17
f 1151/8/181 1149/8/181 1147/8/181
f 1148/8/420 1147/8/420 1150/8/420
f 1156/8/17 1155/8/17 1154/8/17
f 1156/8/153 1154/8/153 1152/8/153
f 1153/8/415 1152/8/415 1155/8/415
f 1157/8/18 1159/8/18 1158/8/18
f 1162/8/17 1161/8/17 1160/8/17
f 1162/8/153 1160/8/153 1157/8/153
f 1159/8/427 1157/8/427 1161/8/427
f 1166/8/155 1165/8/155 1163/8/155
f 1164/8/401 1163/8/401 1165/8/401
f 1171/8/17 1170/8/17 1169/8/17
f 1171/8/176 1169/8/176 1167/8/176
f 1168/8/391 1167/8/391 1170/8/391
f 1175/8/174 1174/8/174 1172/8/174
f 1173/8/193 1172/8/193 1174/8/193
f 1176/8/18 1178/8/18 1177/8/18
f 1180/8/174 1179/8/174 1176/8/174
f 1178/8/390 1176/8/390 1179/8/390
f 1184/8/10 1182/8/10 1181/8/10
f 1185/8/382 1184/8/382 1181/8/382
f 1183/8/158 1182/8/158 1184/8/158
f 1189/8/155 1188/8/155 1186/8/155
f 1187/8/401 1186/8/401 1188/8/401
f 1192/8/397 1195/8/397 1194/8/397
f 1193/8/398 1191/8/398 1190/8/398
f 1194/8/399 1193/8/399 1190/8/399
f 1195/8/400 1192/8/400 1191/8/400
f 1197/3/18 1198/3/18 792/3/18
f 1198/3/24 1201/3/24 796/3/24
f 1201/3/17 1200/3/17 1199/3/17
f 1200/3/10 1197/3/10 1196/3/10
f 796/3/9 1199/3/9 1196/3/9
f 1198/3/5 1197/3/5 1200/3/5
f 1202/3/18 1204/3/18 1203/3/18
f 1204/3/24 1207/3/24 1206/3/24
f 1207/3/17 1205/3/17 795/3/17
f 1205/3/10 1202/3/10 791/3/10
f 1206/3/9 795/3/9 791/3/9
f 1204/3/5 1202/3/5 1205/3/5
f 1209/3/18 1211/3/18 1210/3/18
f 1211/3/24 1201/3/24 796/3/24
f 1201/3/17 1205/3/17 795/3/17
f 1205/3/10 1209/3/10 1208/3/10
f 796/3/9 795/3/9 1208/3/9
f 1211/3/5 1209/3/5 1205/3/5
f 1202/3/18 1198/3/18 792/3/18
f 1198/3/24 1215/3/24 1214/3/24
f 1215/3/17 1213/3/17 1212/3/17
f 1213/3/10 1202/3/10 791/3/10
f 1214/3/9 1212/3/9 791/3/9
f 1198/3/5 1202/3/5 1213/3/5
