# Blender 5.2.2 LTS
# www.blender.org
mtllib ruins_beacon_voice.mtl
o piece
v -1.182663 -4.195055 0.210756
v -1.169113 -4.191135 0.201744
v -1.173465 -4.005636 0.190039
v -1.168210 -4.054816 0.176115
v -1.218772 -4.012166 0.159153
v -1.199698 -4.193074 0.200557
v -1.203061 -3.903445 0.076817
v -1.211630 -4.192105 0.240639
v -1.235086 -4.190474 0.242193
v -1.218784 -3.989497 0.202800
v -1.251260 -4.023622 0.182780
v -1.239523 -4.010114 0.262122
v -1.301472 -3.967473 0.235747
v -1.218790 -4.193185 0.260413
v -0.360190 -4.191674 0.462968
v -0.363022 -4.004700 0.445100
v -0.344662 -4.056514 0.437169
v -0.383975 -4.007741 0.406163
v -0.386683 -4.186810 0.436711
v -0.388478 -4.194040 0.458084
v -0.299155 -3.905216 0.344032
v -0.415964 -4.191220 0.467500
v -0.440972 -4.190199 0.438637
v -0.408163 -3.996639 0.415015
v -0.416129 -4.028330 0.381169
v -0.450345 -4.013983 0.435394
v -0.472183 -3.978728 0.381230
v -0.441257 -4.192821 0.470775
v -0.412138 -4.192219 0.473178
v -0.411813 -3.943407 0.470409
v -0.440128 -3.972891 0.478583
v -0.414214 -3.940731 0.530398
v -0.398868 -4.190688 0.490062
v -0.420340 -4.193771 0.514081
v -0.487540 -3.787592 0.548271
v -0.242532 -4.192659 0.512212
v -0.240300 -4.190020 0.497146
v -0.212134 -3.959749 0.490858
v -0.257205 -3.956997 0.476051
v -0.230395 -3.911819 0.441990
v -0.262918 -4.192722 0.499028
v -0.281741 -4.193096 0.500600
v -0.286669 -3.898208 0.475932
v -0.335556 -3.901410 0.497649
v -0.337729 -3.930001 0.474504
v -0.317532 -4.192273 0.523286
v -0.327994 -4.193567 0.482803
v -0.354294 -3.744401 0.401680
v -0.477695 -4.188207 -0.248360
v -0.477337 -4.010072 -0.207479
v -0.453146 -4.018186 -0.265019
v -0.408480 -3.974627 -0.229624
v -0.483607 -4.192904 -0.271481
v -0.450082 -4.191835 -0.267436
v -0.118869 -4.194139 -0.818680
v -0.104330 -4.190783 -0.809582
v -0.106607 -4.003278 -0.822888
v -0.078470 -4.059253 -0.824287
v -0.112686 -4.006137 -0.869868
v -0.133943 -4.191606 -0.837915
v -0.113748 -4.187646 -0.838264
v -0.002304 -3.911409 -0.890852
v -0.145805 -4.192693 -0.855251
v -0.123384 -4.009676 -0.882492
v -0.179581 -4.019893 -0.864481
v -0.177972 -3.982543 -0.912462
v -0.176913 -4.192235 -0.825215
v -0.175058 -4.188907 -0.851671
v -0.129611 -4.193268 -0.818689
v -0.158998 -4.190500 -0.800042
v -0.139505 -3.944960 -0.812802
v -0.179593 -3.977699 -0.816583
v -0.143198 -3.947211 -0.768452
v -0.213101 -3.858261 -0.771010
v -0.140756 -4.191298 -0.789970
v 0.105026 -4.192628 -0.471992
v 0.116069 -4.188867 -0.454580
v 0.098367 -3.887202 -0.431416
v 0.100906 -3.929974 -0.404623
v 0.151401 -3.891209 -0.438930
v 0.167863 -3.776170 -0.371741
v 0.123642 -4.192528 -0.466408
v 0.169095 -4.191484 -0.465929
v 0.168112 -3.959376 -0.467616
v 0.196634 -3.983427 -0.485118
v 0.144650 -3.961540 -0.504063
v 0.192610 -3.897983 -0.534749
v 0.139176 -4.192901 -0.470578
v 0.152164 -4.192650 -0.505073
v 0.255619 -4.192850 -0.379186
v 0.256975 -3.931608 -0.392881
v 0.207059 -3.946936 -0.373981
v 0.201158 -3.853860 -0.426135
v 0.220633 -4.193050 -0.356074
v 0.230630 -4.190002 -0.376117
v -0.550789 -4.192996 -0.241214
v -0.555753 -4.007796 -0.241121
v -0.565890 -4.028885 -0.209309
v -0.496060 -4.009915 -0.222893
v -0.518965 -4.193254 -0.221703
v -0.516855 -4.191491 -0.265184
v -0.525345 -3.835462 -0.153001
v -0.519485 -4.193477 -0.252429
v -0.516033 -4.190896 -0.285161
v -0.501913 -3.947232 -0.263379
v -0.485361 -3.974876 -0.278743
v -0.537573 -3.951240 -0.319698
v -0.539395 -4.192562 -0.275584
v -0.478751 -3.797660 -0.374400
v 0.194144 -4.193444 1.071234
v 0.171889 -4.189947 1.048074
v 0.188724 -4.005635 1.033046
v 0.188870 -4.054814 1.018193
v 0.134702 -4.005404 1.018455
v 0.171158 -4.191012 1.084245
v 0.122061 -3.903444 0.936882
v 0.150955 -4.189608 1.087038
v 0.150528 -3.989498 1.060591
v 0.113138 -4.023622 1.052913
v 0.151382 -4.010114 1.123442
v 0.083821 -3.967340 1.120023
v 0.163076 -4.193294 1.107259
v 0.145163 -4.190970 1.121294
v 0.268643 -4.191130 1.047212
v 0.262793 -3.891162 1.000573
v 0.225491 -3.887723 1.037001
v 0.194473 -3.801722 0.992144
v 0.269906 -4.194253 1.068479
v 0.230630 -4.194115 1.052731
v 0.218023 -4.192341 1.082521
v 0.207742 -3.951720 1.066258
v 0.183463 -3.977939 1.098674
v 0.260635 -3.955061 1.103749
v 0.236368 -3.981279 1.136162
v 0.260220 -4.193506 1.081795
v 0.239737 -4.191288 1.104622
v 0.196860 -3.828693 1.183470
v 0.829428 -4.193672 0.562358
v 0.828384 -4.193745 0.596928
v 0.833379 -3.911685 0.600827
v 0.871701 -3.915144 0.578628
v 0.874965 -3.870819 0.617262
v 0.865339 -4.192982 0.578936
v 0.869229 -4.193224 0.536536
v 0.891935 -4.190314 0.534036
v 0.869357 -3.899747 0.545659
v 0.898575 -3.932136 0.569440
v 0.901749 -3.904102 0.502095
v 0.959316 -3.809667 0.544445
v 0.886172 -4.192727 0.516144
v 0.749844 -4.192926 -0.116804
v 0.774826 -4.191696 -0.098396
v 0.785001 -4.007508 -0.097548
v 0.793796 -4.054420 -0.091794
v 0.819338 -4.019748 -0.147150
v 0.780600 -4.192883 -0.127768
v 0.901645 -3.909100 -0.113359
v 0.761685 -4.190274 -0.160274
v 0.796655 -4.009533 -0.171831
v 0.743594 -4.018293 -0.179625
v 0.769287 -3.983828 -0.223593
v 0.736240 -4.194712 -0.161917
v 0.733157 -4.190844 -0.180821
v 0.758371 -4.193713 -0.119135
v 0.739407 -4.192531 -0.138629
v 0.739529 -3.948220 -0.128206
v 0.719022 -3.976765 -0.144121
v 0.694326 -3.938117 -0.103665
v 0.729502 -4.193259 -0.100319
v 0.629819 -3.797258 -0.141164
v -0.442343 -2.211632 -1.135677
v -0.408835 -2.083131 -1.063124
v -0.098141 -2.199015 -1.351056
v -0.292523 -2.343297 -1.243581
v -0.582236 -2.183366 -0.767270
v -0.544681 -2.291424 -0.850803
v -0.590604 -2.331453 -0.689240
v -0.311447 -2.034780 -0.939290
v -0.481259 -2.399755 -0.857933
v -0.213632 -2.047223 -0.740416
v 0.025870 -2.216579 -1.387593
v -0.435501 -2.323782 -0.805361
v -0.038651 -2.451046 -1.204779
v -0.103342 -2.146845 -1.316547
v -0.480368 -2.252671 -0.517098
v -0.550174 -2.512693 -0.736507
v 0.079708 -2.017639 -0.891428
v -0.202847 -2.438373 -0.902218
v -0.208096 -2.451835 -1.000938
v -0.248306 -2.493083 -0.929247
v 0.161636 -2.345576 -1.396800
v -0.632974 -2.436278 -0.450958
v -0.149893 -2.581548 -0.996980
v -0.263748 -2.517511 -0.865437
v -0.383633 -2.205217 -0.377562
v -0.359836 -2.573654 -0.492638
v 0.265372 -2.199372 -1.366560
v -0.058981 -2.459107 -1.064217
v -0.206868 -2.522781 -0.779874
v -0.542551 -2.328216 -0.388068
v -0.485214 -2.527953 -0.413095
v 0.016904 -2.555348 -1.069417
v 0.055814 -2.464276 -1.067455
v -0.499619 -2.429399 -0.313200
v 0.061990 -2.621185 -0.800200
v -0.296774 -2.100390 -0.316646
v -0.356220 -2.285591 -0.372986
v 0.317514 -2.476852 -0.999583
v 0.308585 -2.094933 -1.182475
v 0.291812 -2.413305 -1.295458
v 0.140274 -2.548563 -0.990309
v -0.174863 -2.028125 -0.516667
v -0.223355 -2.513131 -0.382237
v -0.029609 -2.447648 -0.678379
v 0.089114 -2.611546 -0.970100
v 0.424631 -2.323092 -1.291954
v 0.177213 -2.475708 -0.934604
v -0.058896 -2.512197 -0.669905
v 0.041605 -2.017053 -0.581525
v 0.480795 -2.204940 -1.141742
v -0.217258 -2.276974 -0.201439
v -0.250778 -2.420491 -0.311173
v 0.137802 -2.478557 -0.770653
v 0.173825 -2.530539 -0.780415
v -0.207872 -2.383503 -0.346939
v -0.057809 -2.437680 -0.522734
v 0.357573 -2.128863 -1.039787
v 0.271829 -2.045340 -0.876413
v -0.155270 -2.121336 -0.237087
v 0.280354 -2.045128 -0.599615
v 0.188669 -2.455204 -0.455826
v 0.009720 -2.146304 -0.316170
v 0.590836 -2.358037 -0.987541
v 0.621561 -2.261691 -1.005653
v 0.013132 -2.292906 -0.226819
v 0.262033 -2.300495 -0.317784
v 0.512466 -2.190525 -1.023341
v 0.396109 -2.464917 -0.763999
v 0.194595 -2.488787 -0.626250
v 0.362558 -1.974751 -0.697919
v 0.162955 -2.167065 -0.350826
v 0.207175 -2.235225 -0.283646
v 0.426419 -2.141669 -0.512764
v 0.657260 -2.021139 -0.797861
v 0.430337 -2.098101 -0.488930
v 0.609000 -2.276432 -0.878157
v 0.349790 -2.404853 -0.404905
v 0.564041 -2.372090 -0.666530
v 0.509600 -2.265837 -0.507401
v 0.451999 -2.367138 -0.440746
v 0.591428 -2.020356 -0.593433
v 0.723050 -2.137214 -0.781128
v 0.540168 -2.209668 -0.539114
v 0.622897 -2.259777 -0.677922
v 0.677774 -2.202828 -0.629569
v 0.588882 -2.172347 -0.529286
v 0.026370 -3.967239 -0.241562
v -0.185898 -3.862526 -0.162030
v -0.325522 -3.930288 0.015855
v -0.271500 -3.930301 0.247012
v -0.065073 -3.862351 0.347665
v 0.097275 -3.977405 0.396405
v 0.246280 -3.862993 0.107007
v 0.201852 -3.862492 -0.100110
v 0.304275 -3.005147 -0.292476
v 0.054623 -3.064855 -0.209517
v 0.057388 -2.983893 -0.042192
v 0.211459 -3.015545 0.088206
v 0.399722 -3.119600 -0.108829
v 0.353537 -3.114703 -0.233254
v -0.021603 -4.114636 0.063857
v -0.061252 -3.676338 0.259029
v 0.121884 -3.455769 0.178412
v 0.148318 -3.591735 0.105789
v 0.114914 -3.639887 -0.032213
v -0.005606 -3.677445 -0.105742
v -0.142697 -3.653172 -0.072499
v 0.126413 -3.128441 -0.292833
v 0.240933 -3.161116 -0.295049
v 0.345682 -3.136215 0.010905
v 0.215042 -3.155787 0.062633
v 0.101328 -3.163038 -0.002193
v 0.062015 -3.195276 -0.131496
v 0.349648 -2.922334 0.006363
v 0.187631 -2.872376 -0.103023
v 0.203848 -2.927891 -0.217644
v -0.148526 -2.809399 -0.234660
v -0.120187 -2.807978 -0.112515
v -0.017923 -2.729456 -0.166359
v -0.025443 -2.731188 -0.229193
v 0.394907 -2.745125 0.012730
v 0.444174 -2.757690 -0.084456
v 0.407736 -2.754040 -0.189392
v 0.298648 -2.746883 -0.267734
v 0.306143 -2.734687 0.002666
v 0.247903 -2.709399 -0.075813
v 0.252078 -2.736341 -0.198918
v 0.095773 -2.918670 0.049744
v 0.140805 -2.859563 -0.000052
v 0.268973 -2.881790 0.076494
v 0.231955 -2.856060 0.011941
v 0.283640 -2.920316 -0.390794
v 0.152139 -3.015086 -0.408720
v 0.210171 -2.853042 -0.333684
v 0.021909 -2.985476 -0.374123
v 0.288480 -2.508702 0.008412
v 0.349252 -2.546107 -0.113171
v 0.282413 -2.491650 -0.140114
v 0.295999 -2.581980 -0.177770
v 0.172989 -2.607105 -0.210043
v 0.202267 -2.490626 -0.002257
v 0.140775 -2.498880 -0.070590
v 0.119437 -2.547270 -0.158220
v 0.289810 -2.334944 0.055881
v 0.331454 -2.332896 -0.035314
v 0.256754 -2.334851 -0.054924
v 0.214706 -2.344790 0.052647
v 0.245975 -2.255612 0.004501
v 0.277060 -2.427382 -0.255800
v 0.234952 -2.440828 -0.337511
v 0.215646 -2.372971 -0.212409
v 0.130222 -2.445968 -0.358150
v 0.087259 -2.414072 -0.291060
v 0.100034 -2.360933 -0.241843
v 0.279196 -2.172740 -0.381185
v 0.240005 -2.160809 -0.447289
v 0.214584 -2.155114 -0.313580
v 0.117349 -2.151400 -0.332472
v 0.146963 -2.179786 -0.469672
v 0.136246 -1.960542 -0.274176
v 0.092825 -1.937886 -0.375496
v 0.068411 -1.947041 -0.219537
v 0.000418 -1.924408 -0.372463
v -0.117398 -1.910029 -0.191295
v -0.119968 -1.880834 -0.250539
v -0.047556 -1.876637 -0.190398
v -0.057602 -1.843368 -0.282939
v 0.211105 -1.713732 -0.300020
v 0.188669 -1.715976 -0.375279
v 0.149759 -1.681331 -0.271941
v 0.112888 -1.693139 -0.377779
v 0.356815 -1.627551 -0.394856
v 0.333633 -1.636314 -0.468326
v 0.317447 -1.572435 -0.380951
v 0.277206 -1.589882 -0.484134
v 0.400827 -1.417053 -0.507599
v 0.356100 -1.461078 -0.584429
v 0.356833 -1.382152 -0.745859
v 0.298874 -1.381227 -0.723366
v 0.335654 -1.334594 -0.682355
v 0.370877 -1.340442 -0.721953
v 0.425589 -1.476086 -0.582027
v 0.490341 -1.383947 -0.608136
v 0.460062 -1.401765 -0.652278
v 0.437979 -1.361515 -0.641403
v 0.453561 -1.351241 -0.588344
v 0.598087 -1.329034 -0.658904
v 0.571921 -1.349258 -0.698773
v 0.554495 -1.309909 -0.698502
v 0.565359 -1.294068 -0.651097
v 0.616714 -1.173138 -0.783863
v 0.325919 -1.234408 -0.799431
v 0.275992 -1.232982 -0.780239
v 0.336533 -1.199995 -0.777452
v 0.305777 -1.194570 -0.744879
v 0.302860 -1.124625 -0.937911
v -0.096994 -1.616482 -0.142160
v -0.113516 -1.600478 -0.204701
v -0.042056 -1.591102 -0.150084
v -0.039438 -1.617764 -0.224492
v -0.204733 -1.525844 -0.083844
v -0.215219 -1.510121 -0.128272
v -0.187595 -1.495299 -0.090471
v -0.086087 -1.484332 -0.265169
v -0.025107 -1.497781 -0.282356
v -0.028293 -1.475121 -0.221411
v -0.082211 -1.330938 -0.342812
v -0.127609 -1.365361 -0.322536
v -0.095661 -1.193469 -0.300074
v 0.586417 -2.080056 0.091218
v 0.441098 -2.143216 0.028894
v 0.387045 -2.155806 0.128982
v 0.534976 -2.085199 0.175755
v 0.515634 -2.049879 0.064809
v 0.462045 -2.060887 0.160876
v 0.433030 -2.108906 0.084165
v 0.454916 -1.910790 0.216412
v 0.500967 -1.904504 0.142430
v 0.437778 -1.878312 0.120135
v 0.391037 -1.890421 0.204031
v 0.616928 -1.674574 0.331378
v 0.587344 -1.625397 0.348771
v 0.331210 -2.142691 0.040677
v 0.120828 -1.613361 0.296351
v 0.264951 -1.719910 0.225480
v 0.131356 -1.584678 0.239870
v 0.073752 -1.618566 0.252006
v 0.132376 -1.579999 0.264863
v 0.075919 -1.392781 0.311728
v 0.604233 -1.687465 0.406923
v 0.626669 -1.583825 0.495392
v 0.657242 -1.632704 0.399370
v 1.018913 -1.498362 0.158521
v 0.788113 -1.647030 0.327693
v 1.027581 -1.488399 0.205602
v 0.793137 -1.640939 0.264966
v 1.036246 -1.525366 0.219391
v 1.055209 -1.528383 0.171338
v 1.058237 -1.421392 0.146168
v 1.048709 -1.428345 0.093175
v 1.083462 -1.455908 0.110373
v 1.127410 -1.350640 0.138285
v 1.147159 -1.470868 0.293028
v 1.167123 -1.465311 0.252795
v 1.122281 -1.452889 0.262825
v 1.158139 -1.385641 0.368991
v 1.172281 -1.372734 0.337178
v 1.133066 -1.383168 0.343657
v 1.187324 -1.254889 0.352959
v -0.016537 -2.693480 0.106077
v 0.064859 -2.708015 0.175041
v 0.020596 -2.633524 0.064987
v 0.145639 -2.655304 0.137675
v 0.109329 -2.629104 0.077727
v -0.120236 -2.645676 0.268440
v -0.035544 -2.647607 0.349004
v -0.118686 -2.569320 0.254875
v -0.009494 -2.596004 0.347778
v -0.072751 -2.547166 0.321867
v -0.348087 -2.666856 0.225462
v -0.361203 -2.670619 0.327399
v -0.334433 -2.590719 0.224638
v -0.336246 -2.582078 0.316385
v -0.125021 -2.566367 0.571529
v -0.062668 -2.547006 0.538884
v -0.109476 -2.526453 0.497105
v -0.111667 -2.594200 0.363185
v -0.152109 -2.546864 0.529492
v -0.139737 -2.438542 0.629146
v -0.067172 -2.444631 0.629619
v -0.105307 -2.422390 0.599089
v -0.119087 -2.421890 0.710170
v -0.568295 -2.569318 0.287727
v -0.568973 -2.597881 0.385197
v -0.526657 -2.504860 0.309660
v -0.516281 -2.521728 0.399275
v -0.836465 -2.640445 0.503886
v -0.772708 -2.669568 0.583690
v -0.818057 -2.565489 0.515993
v -0.752902 -2.579118 0.582880
v -0.912350 -2.634257 0.713814
v -0.866812 -2.660914 0.804628
v -0.876669 -2.564592 0.716052
v -0.822269 -2.578768 0.790156
v -0.895328 -2.600179 0.788788
v -1.125461 -2.565628 0.694600
v -1.103049 -2.534495 0.785670
v -1.060416 -2.538067 0.712039
v -1.118881 -2.601734 0.779561
v -1.246005 -2.430593 0.714395
v -1.194827 -2.408735 0.766470
v -1.191196 -2.409325 0.721226
v -1.223245 -2.457499 0.766640
v -1.343344 -2.419206 0.720832
v -0.932486 -2.650171 0.923938
v -0.866885 -2.661276 0.943860
v -0.917953 -2.707138 0.931132
v -1.033725 -2.751390 0.963208
v -1.009946 -2.707440 0.973329
v -0.991220 -2.743907 1.009111
v -1.000436 -2.771936 0.978749
v -1.088010 -2.739092 1.103171
v -0.597128 -2.521644 0.359323
v -0.551968 -2.441865 0.455131
v -0.552744 -2.445038 0.357527
v -0.624136 -2.465381 0.410759
v -0.601138 -2.489200 0.343989
v -0.690805 -2.388145 0.375253
v -0.708578 -2.407345 0.313682
v -0.710410 -2.438723 0.373772
v -0.703140 -2.450341 0.322673
v -0.781863 -2.390343 0.437804
v -0.814548 -2.424589 0.432286
v -0.813187 -2.433315 0.385762
v -0.873286 -2.339220 0.387754
v -0.225882 -2.534247 -0.279344
v -0.075827 -2.482242 -0.212782
v -0.080197 -2.491260 -0.274323
v -0.204294 -2.521071 -0.156894
v -0.453568 -2.357358 -0.217117
v -0.387033 -2.259960 -0.226042
v -0.373038 -2.296087 -0.284068
v -0.442953 -2.303263 -0.147844
v -0.454355 -2.284932 -0.241644
v -0.455185 -2.204150 -0.414934
v -0.531259 -2.243470 -0.387067
v -0.460434 -2.190342 -0.361611
v -0.487485 -2.025648 -0.497417
v -0.543173 -2.019083 -0.450945
v -0.489359 -2.014358 -0.443790
v -0.555893 -2.072921 -0.465489
v -0.672813 -1.983565 -0.629048
v -0.516751 -2.081556 -0.191087
v -0.524997 -2.078935 -0.119750
v -0.470407 -2.089156 -0.167844
v -0.555429 -2.114118 -0.163890
v -0.554062 -1.869575 -0.208525
v -0.561697 -1.868353 -0.137425
v -0.507809 -1.878236 -0.185219
v -0.591727 -1.902473 -0.181862
v -0.595395 -1.696240 -0.125182
v -0.588779 -1.724004 -0.061562
v -0.549258 -1.707179 -0.103114
v -0.631363 -1.732425 -0.100041
v -0.741415 -1.632022 -0.023613
v -0.710312 -1.621402 -0.003694
v -0.738571 -1.596249 -0.068138
v -0.547116 -1.598637 0.038588
v -0.511588 -1.608083 -0.002138
v -0.586307 -1.598922 0.000638
v -0.705002 -1.586221 -0.028475
v -0.777774 -1.526877 0.108742
v -0.760501 -1.489400 0.099911
v -0.772928 -1.489609 0.049922
v -0.865040 -1.451132 0.144433
v -0.872122 -1.408503 0.184603
v -0.514853 -1.469583 -0.045697
v -0.561264 -1.477584 -0.070288
v -0.543973 -1.489670 -0.010993
v -0.537330 -1.357859 0.039286
v -0.563241 -1.327841 0.030885
v 0.370877 -2.859534 -0.462555
v 0.302786 -2.913163 -0.507094
v 0.307211 -2.795223 -0.511653
v 0.202945 -2.877341 -0.582475
v 0.461563 -2.865046 -0.514620
v 0.448337 -2.924603 -0.611675
v 0.444070 -2.792001 -0.617183
v 0.440787 -2.898339 -0.738744
v 0.654428 -2.929549 -0.532626
v 0.551340 -2.985934 -0.592297
v 0.588132 -2.963717 -0.639215
v 0.590683 -2.885460 -0.602638
v 0.779446 -2.953169 -0.624735
v 0.714151 -3.038517 -0.701039
v 0.726956 -2.977702 -0.726866
v 0.706656 -2.920693 -0.678389
v 0.984586 -2.851406 -0.880501
v 0.982407 -2.912003 -0.918919
v 0.915213 -2.870710 -0.969276
v 0.917789 -2.838202 -0.891730
v 0.472964 -2.913900 -0.701317
v 0.520682 -2.875937 -0.651476
v 0.581690 -2.937854 -0.833130
v 0.535831 -2.966649 -0.774278
v 0.529422 -2.943447 -0.819223
v 0.589511 -2.955305 -0.774852
v 0.992429 -2.668832 -0.974910
v 0.997671 -2.648233 -0.918898
v 1.047114 -2.638983 -0.921919
v 0.790256 -2.926982 -0.728236
v 0.844174 -2.832505 -0.780589
v 0.786587 -2.810143 -0.746751
v 0.829990 -2.832450 -0.709891
v 0.849689 -2.628299 -0.789649
v 0.864346 -2.643415 -0.755548
v 0.099088 -2.868962 -0.353908
v 0.227396 -2.815285 -0.559889
v -0.167184 -3.993412 0.460435
v -0.183078 -4.006278 0.744524
v -0.084775 -4.074659 0.544969
v 0.020438 -3.996973 0.515060
v 0.420377 -4.136856 -0.034518
v 0.467252 -3.984759 -0.109048
v 0.230692 -4.126673 -0.070007
v 0.404459 -3.983756 -0.269266
v 0.232950 -4.072583 -0.252715
v -0.499045 -4.007520 0.075613
v -0.478043 -3.999846 0.197255
v -0.406967 -4.058430 0.077504
v -0.279648 -4.036486 -0.380855
v -0.279953 -4.136856 -0.339656
v -0.372342 -4.055291 -0.252077
v -0.097092 -4.136856 -0.508380
v -0.237973 -4.136856 -0.540904
v -0.348782 -4.136856 -0.459935
v -0.663290 -4.136856 0.013702
v -0.671268 -4.136856 0.158763
v -0.545590 -4.136856 0.097496
v -0.261020 -4.136856 0.755728
v -0.215097 -4.136856 0.889320
v -0.116466 -4.137322 0.784258
v 0.529599 -4.136856 -0.111914
v 0.353488 -4.136856 -0.176851
v 0.522269 -4.136856 -0.344360
v 0.396994 -4.136856 -0.360063
v 0.114005 -3.858642 0.272786
v 0.328665 -4.010412 0.181316
v 0.316019 -4.046216 0.462700
v 0.525589 -4.032069 0.358318
v 0.453690 -4.007572 0.476080
v 0.460837 -4.136856 0.595430
v 0.606113 -4.136856 0.545819
v 0.557089 -4.136856 0.653218
v 0.472714 -4.136856 0.451920
v -0.329904 -3.995083 -0.009798
v -0.275064 -4.010644 0.272035
v 0.678641 -1.596790 0.493205
v 0.659634 -1.640114 0.506532
v 0.731624 -1.636364 0.658450
v 0.740692 -1.645885 0.631459
v -0.143747 -3.407817 0.020853
v -0.103757 -3.392347 0.143069
v -0.003610 -3.408899 0.209517
v 0.135159 -3.513380 -0.051846
v 0.025162 -3.493463 -0.117159
v -0.090506 -3.449757 -0.087116
v 0.171768 -3.343816 -0.216544
v 0.274979 -3.359562 -0.160835
v 0.323013 -3.350553 -0.047173
v 0.152267 -3.280657 0.093959
v 0.054825 -3.266688 0.029269
v 0.064273 -3.309910 -0.183951
v 0.253732 -3.321680 0.042679
v 0.176688 -2.359451 -0.035109
v 0.053769 -2.258244 0.035908
v 0.092709 -2.240703 0.122633
v 0.135617 -2.201447 0.050201
v 0.120987 -2.236911 -0.005300
v -0.118283 -2.065836 -0.105437
v -0.092813 -2.053349 -0.044347
v -0.091000 -2.016852 -0.096407
v 1.116434 -2.475951 -0.450807
v 1.174283 -2.578462 -0.473598
v 0.958798 -2.412732 -0.526100
v 0.956204 -2.348672 -0.593324
v 0.733481 -2.479353 -0.723207
v 0.748349 -2.536544 -0.664897
v 1.393338 -2.462089 -0.554353
v 1.364639 -2.544861 -0.540590
v 0.986624 -2.606429 -0.517539
v 0.839828 -2.353899 -0.707997
v 0.878818 -2.294156 -0.862633
v 1.247672 -2.322085 -0.616283
v 0.956400 -2.675964 -0.689374
v 1.192764 -2.656793 -0.605608
v 1.362338 -2.346856 -0.705338
v 0.745950 -2.414337 -0.824921
v 0.736533 -2.548498 -0.905809
v 0.717325 -2.375689 -0.952583
v 0.872647 -2.646481 -0.904471
v 1.125443 -2.262492 -0.838632
v 1.298929 -2.648388 -0.743489
v 1.379398 -2.561132 -0.695851
v 1.172201 -2.641821 -0.745833
v 1.004623 -2.285363 -1.186156
v 1.099509 -2.730041 -0.862409
v 1.158591 -2.281729 -1.010607
v 0.746793 -2.431969 -1.058823
v 0.853213 -2.610327 -1.022232
v 1.025211 -2.628285 -0.861079
v 1.256897 -2.764313 -0.868527
v 1.296384 -2.724911 -0.775832
v 1.322482 -2.564615 -0.758482
v 0.980606 -2.690423 -0.955069
v 0.811319 -2.503555 -1.143626
v 1.097816 -2.495891 -1.107833
v 0.923079 -2.409679 -1.266710
v 0.968376 -2.602236 -1.073331
v 1.062692 -2.326477 -1.165334
v 1.045584 -2.766906 -1.114638
v 1.040482 -2.606237 -1.181284
v 1.097751 -2.739537 -1.100246
v -1.497195 -1.021409 -0.218680
v -1.529453 -0.966590 -0.104750
v -1.297332 -1.092639 -0.531460
v -1.477156 -1.254917 -0.346345
v -1.603354 -1.080292 0.302290
v -1.595425 -1.196991 0.194342
v -1.558060 -1.243231 0.390825
v -1.097232 -1.020663 -0.572798
v -1.430801 -1.233001 0.216166
v -1.378104 -0.919147 0.037205
v -1.510129 -1.316582 0.168291
v -1.157284 -0.932824 0.243498
v -1.133078 -1.114612 -0.645589
v -1.434036 -1.192374 0.334170
v -1.124307 -1.370099 -0.415239
v -1.278604 -1.039539 -0.498984
v -1.574930 -1.440509 0.399832
v -1.212630 -1.348542 0.067318
v -1.263761 -1.412789 0.038129
v -1.418765 -1.357313 0.629559
v -1.154172 -1.517217 -0.110768
v -1.243039 -1.444130 0.085832
v -1.159384 -1.105057 0.694919
v -1.509164 -1.457140 0.494568
v -0.834000 -1.097014 -0.700336
v -1.319186 -1.168505 0.611332
v -1.125961 -1.202306 0.664534
v -1.081766 -1.380861 -0.225832
v -1.136601 -1.450077 0.168698
v -1.343662 -1.241593 0.713691
v -1.342319 -1.456446 0.723109
v -0.981503 -1.254845 -0.724957
v -0.983481 -1.485204 -0.263158
v -0.847604 -0.904437 -0.053685
v -0.946552 -1.382086 -0.269940
v -1.266147 -1.350785 0.797807
v -1.008811 -1.436036 0.217518
v -0.852109 -1.545241 -0.170839
v -0.816470 -1.557071 0.050676
v -0.699155 -0.984746 -0.483853
v -1.031064 -0.990827 0.750386
v -1.151303 -1.200554 0.711905
v -0.585251 -1.397266 -0.289504
v -0.781821 -1.328503 -0.644225
v -1.175546 -1.504592 0.541215
v -0.798618 -1.476868 -0.216265
v -0.902669 -1.369542 0.238167
v -0.996774 -0.911383 0.491440
v -0.956741 -1.439840 0.625145
v -0.778757 -1.425056 0.184027
v -0.761557 -1.531695 -0.087776
v -0.612027 -1.231457 -0.674681
v -0.735049 -1.399276 -0.159825
v -0.912613 -1.440903 0.251910
v -0.773679 -0.899421 0.359776
v -0.454672 -1.103891 -0.506160
v -0.872452 -1.182404 0.852061
v -0.961447 -1.338800 0.717404
v -0.720541 -1.400203 0.069615
v -0.680692 -1.459332 0.036955
v -0.973679 -1.276401 0.674687
v -0.902487 -1.310068 0.628670
v -0.572180 -1.014244 -0.316645
v -0.845285 -1.355278 0.427949
v -0.519337 -0.939524 0.228439
v -0.501144 -0.955269 -0.258814
v -0.601462 -0.930108 -0.093430
v -0.832083 -1.012256 0.801921
v -0.413724 -0.960555 0.297590
v -0.515341 -1.374129 0.452502
v -0.677939 -1.039004 0.669420
v -0.244980 -1.268510 -0.355385
v -0.298026 -1.128763 -0.425093
v -0.621518 -1.198346 0.767222
v -0.376938 -1.206992 0.602974
v -0.356821 -1.089497 -0.377680
v -0.218820 -1.164898 -0.392650
v -0.228152 -1.051736 -0.353389
v -0.390176 -1.384433 -0.013997
v -0.584744 -1.410394 0.240349
v -0.410361 -0.852477 0.099748
v -0.516525 -1.061197 0.592586
v -0.470009 -1.111545 0.687962
v -0.240146 -0.969386 -0.300072
v -0.259665 -1.033009 0.306135
v -0.074136 -0.902619 -0.141872
v -0.243326 -0.984937 0.336868
v -0.177725 -1.179748 -0.234548
v -0.294443 -1.319571 0.456129
v -0.138943 -1.284221 0.047128
v -0.181625 -1.188658 0.307765
v -0.195377 -1.279491 0.386473
v -0.079471 -0.900043 0.139280
v 0.015787 -1.027896 -0.152938
v -0.157437 -1.092002 0.254020
v -0.067111 -1.160845 0.011082
v -0.091889 -1.148284 0.131927
v -0.128201 -1.151500 0.258475
v 0.033414 -1.006583 0.057969
v 0.021530 -1.099502 0.050525
v -0.055276 -1.066063 0.216922
v 1.114090 -1.085165 -0.515837
v 1.435721 -1.199692 -0.415607
v 0.866238 -1.191840 -0.608879
v 1.097397 -1.176638 -0.612927
v 1.171890 -1.335029 -0.590463
v 1.225681 -1.403137 -0.469762
v 0.812003 -1.314188 -0.575008
v 0.863394 -1.075676 -0.357308
v 1.176047 -1.019506 -0.427001
v 1.020834 -1.073186 -0.401433
v 1.341550 -1.125835 -0.269870
v 0.630453 -1.146374 -0.314241
v 1.394974 -0.946976 -0.151708
v 0.712753 -1.311628 -0.478111
v 1.026785 -0.804975 -0.245787
v 1.115067 -0.875147 -0.388167
v 0.830203 -1.001043 -0.369225
v 1.433914 -1.291948 -0.164749
v 0.645194 -1.079901 -0.148964
v 1.373904 -1.154651 -0.067125
v 1.472470 -1.117662 -0.014467
v 1.355893 -1.392788 -0.277107
v 0.879672 -0.826936 -0.068315
v 1.063467 -0.765783 -0.036910
v 1.441653 -0.976131 -0.058989
v 1.375110 -1.250059 0.117851
v 1.274130 -1.401516 0.067515
v 0.831949 -1.399849 -0.202431
v 0.687932 -1.119340 -0.131655
v 0.684280 -1.217658 -0.022296
v 1.265924 -1.300935 0.264906
v 1.472157 -1.146184 0.115158
v 0.622220 -1.227700 -0.074327
v 1.079733 -1.399377 0.083313
v 1.151614 -0.751240 0.170337
v 1.493033 -1.054294 0.190193
v 0.542911 -0.881607 0.115294
v 0.852518 -1.359831 0.076385
v 1.291653 -1.342366 0.273352
v 0.749826 -0.783954 0.090916
v 1.455557 -1.060938 0.329992
v 1.044174 -1.298292 0.224608
v 0.861081 -0.754758 0.222072
v 1.446048 -0.920570 0.377800
v 1.522098 -1.171064 0.203535
v 0.742422 -1.254999 0.058078
v 1.521164 -1.308399 0.199077
v 1.181668 -1.261493 0.301124
v 1.487637 -1.371320 0.263632
v 1.170084 -1.319411 0.364445
v 1.407236 -0.819763 0.286570
v 1.004941 -0.806434 0.576491
v 0.502438 -1.084213 0.241993
v 0.705234 -1.249033 0.227098
v 1.202341 -0.760946 0.397877
v 0.638553 -0.886893 0.294659
v 0.545779 -0.901687 0.257474
v 0.964651 -1.256201 0.159807
v 1.150296 -1.243787 0.597415
v 1.416782 -0.951848 0.555607
v 1.351480 -1.400403 0.618934
v 1.409374 -1.084989 0.552249
v 0.597293 -1.082596 0.428364
v 1.161954 -0.864269 0.635740
v 0.724454 -0.942070 0.488786
v 1.431540 -1.230737 0.622504
v 0.864951 -1.255047 0.453468
v 1.448795 -1.386444 0.465397
v 0.876535 -0.899557 0.611049
v 0.703342 -1.033440 0.557338
v 0.829898 -1.201334 0.566022
v 1.266644 -1.142766 0.732097
v 1.393478 -1.347861 0.687806
v 1.354898 -1.019455 0.672658
v 1.380606 -1.149030 0.695781
v 1.229837 -1.229203 0.751132
v 1.218027 -1.093648 0.780014
v 0.947067 -1.136600 0.736049
v 1.118253 -0.955207 0.781611
v -1.573341 -2.222268 0.405550
v -1.613327 -2.452799 0.342790
v -1.401859 -2.175412 0.671496
v -1.281672 -2.210426 0.833636
v -1.224626 -2.441245 0.922188
v -1.613626 -2.295373 0.337938
v -1.543167 -2.330244 0.256856
v -1.178964 -2.543617 0.992650
v -1.536746 -2.184655 0.402507
v -1.462308 -2.587233 0.571857
v -1.561838 -2.585125 0.410216
v -1.314963 -2.174283 0.422223
v -1.362320 -2.405289 0.207098
v -1.375436 -2.265640 0.263124
v -1.195322 -2.265507 0.852223
v -1.239288 -2.526054 0.484403
v -1.318729 -1.920283 0.261224
v -1.325874 -2.150372 0.569278
v -1.158780 -2.347590 0.869169
v -1.229135 -2.666243 0.907405
v -1.248868 -2.185596 0.759199
v -1.203496 -2.217180 0.640473
v -1.314466 -2.388594 0.214175
v -1.202475 -2.561160 0.514737
v -1.213351 -1.966563 0.632991
v -1.298373 -2.445069 0.264625
v -1.218283 -2.511813 0.536751
v -1.218124 -2.474981 0.849589
v -1.158981 -1.840380 0.142030
v -1.188431 -1.998563 0.821083
v -1.204758 -2.248547 0.746251
v -1.121176 -2.299327 0.670042
v -1.059287 -2.477182 0.696109
v -1.165878 -2.415421 0.410582
v -1.144418 -2.478659 0.831105
v -1.312106 -2.145987 0.216865
v -1.206737 -2.235218 0.384920
v -1.119559 -2.473045 0.509282
v -1.149167 -2.604628 0.734895
v -1.097080 -2.009327 0.890755
v -1.172580 -2.151371 0.833412
v -1.221848 -2.258646 0.244147
v -1.084335 -2.363015 0.567912
v -1.168179 -2.520002 0.555849
v -1.261807 -1.930644 0.138383
v -1.207993 -2.064893 0.059765
v -1.048892 -1.772638 0.219716
v -1.013858 -2.106516 0.971504
v -1.147464 -2.258302 0.032713
v -1.131253 -2.242717 0.783824
v -1.024863 -2.314992 0.767251
v -1.307456 -2.339246 0.102017
v -1.033688 -2.466304 0.421725
v -1.062979 -2.259902 1.045041
v -1.023944 -1.842469 0.694529
v -0.879709 -2.042739 0.930192
v -0.931400 -2.158494 1.073331
v -1.090988 -2.026637 -0.034091
v -1.132126 -2.457966 0.011101
v -0.879666 -2.304289 1.097206
v -1.031436 -1.852336 0.110303
v -0.732101 -2.209025 1.128461
v -0.829495 -2.334190 0.798430
v -0.948093 -1.765778 0.352466
v -0.654947 -2.164861 1.015895
v -0.821524 -2.450889 0.445390
v -0.891452 -1.805903 0.181389
v -1.059470 -2.144076 -0.134612
v -0.905972 -2.393510 0.570775
v -0.790823 -2.096216 0.995956
v -0.959985 -2.264086 -0.006126
v -0.672250 -2.097929 1.043887
v -0.854404 -1.729257 0.445433
v -0.570401 -1.961074 1.003699
v -0.715286 -1.749698 0.591991
v -0.821587 -1.968399 0.852226
v -0.963242 -2.053711 -0.163353
v -0.969260 -2.345973 -0.092688
v -0.816726 -1.739296 0.240973
v -0.594193 -2.322026 0.717952
v -0.931418 -2.350627 0.950995
v -0.714200 -2.302678 1.087190
v -0.673819 -2.385819 0.618817
v -0.845187 -2.474213 0.089009
v -0.603256 -2.153907 1.033815
v -0.530008 -2.223353 0.970186
v -0.751309 -2.298187 0.061055
v -0.665768 -2.407518 0.373669
v -0.770609 -1.993107 -0.047907
v -0.504526 -2.032317 0.974627
v -0.586276 -1.714343 0.443063
v -0.830954 -2.201480 -0.134003
v -0.751395 -2.254745 0.003508
v -0.665845 -2.380227 0.134189
v -0.419955 -1.886061 0.253529
v -0.511063 -1.815966 0.623356
v -0.535635 -2.179693 0.944810
v -0.663412 -1.944094 -0.024661
v -0.309030 -2.150431 0.719908
v -0.422397 -1.924490 0.772323
v -0.555844 -2.000177 -0.045119
v -0.301828 -2.124067 0.198149
v -0.383884 -1.846631 0.382805
v -0.592111 -1.883988 0.230794
v -0.493729 -2.365397 0.442593
v -0.661911 -2.362996 0.038765
v -0.508017 -2.214547 0.031471
v -0.372275 -2.304310 0.449113
v -0.520920 -2.388628 0.141568
v -0.450241 -2.143188 0.017659
v -0.519797 -2.295993 -0.037569
v -0.216611 -2.140714 0.462071
v -0.386288 -2.275218 0.663193
v -0.368747 -2.213297 0.125996
v -0.379245 -2.236964 0.048190
v -0.316098 -2.339524 0.180734
v -0.326462 -2.334203 0.290437
v -0.237582 -2.028325 0.413051
v -0.284854 -2.245795 0.290231
v 0.254300 -0.960254 -0.696746
v 0.184146 -1.086948 -0.691338
v 0.369894 -1.073780 -0.620790
v 0.165097 -0.961513 -0.722904
v 0.276987 -0.882010 -0.733849
v 0.435788 -0.965518 -0.622148
v 0.275162 -1.151768 -0.684639
v 0.091959 -1.116847 -0.851041
v 0.208633 -0.858740 -0.789026
v 0.500259 -0.920777 -0.684535
v 0.366751 -0.894495 -0.778038
v 0.635086 -1.102660 -0.688265
v 0.577530 -0.954637 -0.716644
v 0.115695 -1.184493 -0.886176
v 0.292032 -1.262364 -0.871817
v 0.519681 -0.845719 -0.826885
v 0.008920 -1.161550 -1.087972
v 0.709879 -0.993321 -0.730792
v 0.321776 -0.754772 -0.923407
v 0.142191 -1.138256 -0.900959
v 0.093344 -0.914404 -1.039418
v 0.513437 -0.784306 -0.926279
v 0.550448 -1.231491 -0.954085
v 0.752567 -1.061750 -0.782927
v 0.022281 -1.244107 -1.071205
v 0.256155 -1.306033 -0.945349
v 0.064212 -1.062003 -0.983765
v 0.096066 -1.087405 -1.170491
v 0.179436 -0.848726 -1.018277
v 0.689700 -1.211456 -0.988387
v 0.159341 -1.106113 -1.173895
v 0.660214 -0.812150 -0.975476
v 0.109177 -0.931353 -1.224961
v 0.398160 -0.835669 -1.224839
v 0.780930 -0.916153 -1.026039
v 0.119852 -1.062140 -1.258960
v 0.788290 -1.047818 -1.096262
v 0.664847 -1.213171 -1.070906
v 0.036215 -1.243534 -1.216475
v 0.151877 -1.299183 -1.238124
v 0.095499 -1.201369 -1.341509
v 0.559686 -1.249599 -1.016749
v 0.751498 -0.890115 -1.113072
v 0.233245 -1.089618 -1.311440
v 0.661881 -1.033086 -1.305929
v 0.294485 -0.975970 -1.309407
v 0.578611 -1.159904 -1.250191
v 0.426535 -1.248795 -1.328502
v 0.296591 -1.281254 -1.302417
v 0.288516 -1.205698 -1.387711
v 0.332779 -1.108588 -1.380896
v 0.460876 -0.942905 -1.381227
v 0.483755 -1.013362 -1.373032
v 0.539023 -1.110430 -1.357207
v -0.879044 -2.670373 1.392885
v -1.131454 -2.640194 1.062900
v -1.175367 -2.388488 0.989288
v -0.882639 -2.513290 1.388539
v -1.258962 -2.846600 0.846903
v -1.256296 -2.578361 0.856232
v -1.315207 -2.773675 0.722552
v -1.285220 -2.682558 0.815723
v -1.328220 -2.708327 0.757503
v -0.935764 -2.842611 1.322536
v -0.948848 -2.795196 1.307753
v -0.994540 -2.806362 1.029162
v -0.855942 -2.903235 1.322562
v -0.730881 -2.879718 1.367024
v -0.781320 -2.790549 1.414427
v -1.041847 -2.824614 1.150413
v -1.153824 -2.754387 0.662483
v -0.811734 -2.375804 1.290056
v -1.183273 -2.537296 0.708211
v -1.142831 -2.657429 0.701353
v -0.781229 -2.711943 1.409715
v -0.785873 -2.747774 1.321561
v -0.940628 -2.348199 0.750773
v -0.986691 -2.660393 0.695030
v -1.042294 -2.817747 0.784273
v -0.774075 -2.537789 1.410161
v -0.623556 -2.900425 1.197740
v -0.905264 -2.317338 1.018831
v -1.229043 -2.491422 0.740904
v -0.641098 -2.688987 1.358699
v -0.592783 -2.733034 1.220528
v -0.576474 -2.852001 1.297659
v -1.039395 -2.618452 0.629703
v -0.834354 -2.783007 0.944487
v -0.919479 -2.711367 0.692544
v -0.754587 -2.857274 0.983514
v -0.667624 -2.342093 0.803898
v -0.832883 -2.728281 0.674888
v -0.989175 -2.453096 0.644427
v -0.824643 -2.644493 0.617750
v -0.627111 -2.428408 1.289841
v -0.627280 -2.767868 0.948819
v -0.555713 -2.762128 1.087534
v -0.559207 -2.828892 1.067859
v -0.436049 -2.483732 1.064612
v -0.518132 -2.607622 1.348341
v -0.766678 -2.431401 0.655276
v -0.620468 -2.468533 0.677487
v -0.428403 -2.658653 1.052269
v -0.603586 -2.727012 0.812932
v -0.486588 -2.410087 1.091345
v -0.616818 -2.563289 0.656723
v -0.472971 -2.609472 0.833232
v -0.459573 -2.471120 0.890932
v 0.175809 -2.666794 -1.505244
v 0.205936 -2.577092 -1.478352
v 0.459266 -2.511638 -1.474320
v 0.328702 -2.476987 -1.492542
v 0.531074 -2.768475 -1.443031
v 0.191592 -2.705832 -1.419634
v 0.243484 -2.556738 -1.428909
v 0.281424 -2.725069 -1.446695
v 0.515131 -2.432184 -1.440089
v 0.300394 -2.767665 -1.472870
v 0.405112 -2.817433 -1.447878
v 0.712973 -2.527175 -1.426850
v 0.319363 -2.474295 -1.330072
v 0.169803 -2.810822 -1.382751
v 0.225150 -2.565573 -1.299400
v 0.681100 -2.777071 -1.398297
v 0.458603 -2.473029 -1.200278
v 0.541483 -2.819273 -1.376520
v 0.160580 -2.710931 -1.359290
v 0.265945 -2.669171 -1.229924
v 0.669681 -2.453390 -1.266707
v 0.517276 -2.466918 -1.215910
v 0.808536 -2.642581 -1.321166
v 0.253384 -2.749701 -1.167305
v 0.774918 -2.527163 -1.335052
v 0.312497 -2.523973 -1.195064
v 0.608261 -2.449544 -1.297932
v 0.290927 -2.595425 -1.160408
v 0.177365 -2.821386 -1.286749
v 0.487735 -2.451946 -1.271149
v 0.818707 -2.628394 -1.268402
v 0.770529 -2.679424 -1.257730
v 0.553952 -2.750567 -1.192694
v 0.374522 -2.706783 -1.154746
v 0.772537 -2.263181 -1.278252
v 0.322429 -2.320314 -1.199272
v 0.456351 -2.515617 -1.216362
v 0.397124 -2.505454 -1.233922
v 0.747971 -2.538763 -1.226381
v 0.431102 -2.568344 -1.141595
v 0.659122 -2.655818 -1.159476
v 0.815237 -2.443485 -1.269615
v 0.689656 -2.515663 -1.195300
v 0.396732 -2.797885 -1.148915
v 0.275357 -2.331901 -1.140418
v 0.318112 -2.444076 -1.186589
v 0.793570 -2.528361 -1.197520
v 0.501365 -2.610983 -1.097785
v 0.414066 -2.700296 -1.095844
v 0.869400 -2.273371 -1.219868
v 0.923550 -2.383718 -1.160054
v 0.824574 -2.146078 -1.031469
v 0.262386 -2.359277 -0.985136
v 0.922580 -2.525635 -1.099391
v 0.368948 -2.578463 -1.076090
v 0.880850 -2.589080 -1.242723
v 0.630887 -2.697963 -1.060686
v 0.170261 -2.531371 -1.124811
v 0.434037 -2.200350 -1.068582
v 0.181003 -2.411535 -0.962424
v 1.051901 -2.446564 -0.999648
v 0.934897 -2.689148 -1.084216
v 0.169070 -2.570364 -0.860509
v 0.336533 -2.293874 -0.927565
v 0.136905 -2.489002 -0.878070
v 0.362515 -2.597310 -0.921488
v 0.211502 -2.435642 -0.873850
v 0.522031 -2.643558 -0.958238
v 0.965756 -2.541283 -0.939598
v 0.682307 -2.126672 -0.948657
v 0.529776 -2.129009 -0.803636
v 0.407852 -2.253168 -0.798081
v 0.297977 -2.260267 -0.810857
v 1.077872 -2.369199 -0.917711
v 1.024258 -2.599446 -0.936990
v 0.800108 -2.123775 -0.848028
v 0.446756 -2.588853 -0.727629
v 0.245193 -2.609212 -1.016527
v 0.511923 -2.638611 -0.780989
v 0.902982 -2.707664 -0.863065
v 0.233711 -2.463082 -0.757637
v 0.924097 -2.564573 -0.778348
v 0.663472 -2.676459 -0.807225
v 0.979471 -2.280659 -0.786727
v 0.254532 -2.294810 -0.744490
v 0.657675 -2.101880 -0.682123
v 1.071567 -2.494836 -0.814546
v 0.983633 -2.533678 -0.773995
v 0.882047 -2.635844 -0.723150
v 0.818033 -2.238000 -0.521112
v 1.035980 -2.309630 -0.628720
v 0.635433 -2.477300 -0.399039
v 0.435703 -2.267119 -0.598987
v 0.723410 -2.205719 -0.509459
v 0.819199 -2.235308 -0.662473
v 0.958993 -2.621151 -0.704479
v 0.664505 -2.575824 -0.508113
v 0.883218 -2.643091 -0.594377
v 0.995743 -2.446589 -0.519281
v 1.031607 -2.564528 -0.577309
v 0.845267 -2.337284 -0.462972
v 0.525040 -2.384453 -0.467061
v 0.508231 -2.552740 -0.553816
v 0.916879 -2.498509 -0.464937
v 0.975479 -2.514272 -0.466298
v 0.878567 -2.601407 -0.430519
v 0.793558 -2.514338 -0.416992
v 0.788827 -2.597198 -0.449828
v 0.714352 -2.349087 -0.394930
v 0.813187 -2.459209 -0.390886
v 0.950484 -1.470548 1.071102
v 1.168179 -1.394475 1.026577
v 1.283536 -1.389672 0.941523
v 1.141281 -1.515518 1.035548
v 1.122446 -1.281782 0.961912
v 0.905537 -1.412492 1.060165
v 1.348703 -1.398941 0.739384
v 1.292783 -1.496255 0.916450
v 1.222476 -1.603364 0.828743
v 0.910464 -1.294879 0.952134
v 1.249010 -1.273999 0.779283
v 1.016605 -1.610468 0.940690
v 1.352756 -1.491312 0.729126
v 0.788406 -1.505284 0.963463
v 1.178268 -1.615026 0.765721
v 1.310886 -1.376969 0.647172
v 1.266031 -1.562192 0.693899
v 1.305075 -1.618541 0.661816
v 0.723862 -1.366892 0.925474
v 0.677676 -1.314592 0.830345
v 0.633170 -1.399966 0.800613
v 1.179239 -1.287655 0.581282
v 1.277783 -1.539693 0.572884
v 1.291482 -1.651918 0.523308
v 1.025980 -1.613531 0.788701
v 1.214365 -1.692755 0.601817
v 0.722666 -1.598411 0.759126
v 1.268564 -1.579602 0.436735
v 0.936020 -1.248310 0.828183
v 1.072109 -1.520867 0.372079
v 1.129159 -1.502738 0.379561
v 0.769247 -1.262051 0.552926
v 0.946103 -1.658162 0.637755
v 1.126547 -1.584005 0.307426
v 0.896585 -1.190404 0.542232
v 0.628987 -1.379427 0.593503
v 1.082602 -1.340473 0.383082
v 0.630850 -1.051632 0.592573
v 1.234555 -1.660741 0.415019
v 1.007071 -1.182946 0.411998
v 0.943582 -1.256830 0.501871
v 0.913303 -1.283324 0.439079
v 0.609122 -1.464673 0.605226
v 0.790581 -1.585415 0.515224
v 0.531888 -1.481875 0.581286
v 0.638589 -1.503713 0.579799
v 0.840164 -1.564324 0.401959
v 1.020326 -1.536283 0.309756
v 0.468091 -0.971115 0.453557
v 1.056320 -1.117636 0.384196
v 0.941837 -1.326840 0.425895
v 1.000803 -1.337011 0.404570
v 0.932716 -1.381372 0.318024
v 1.084952 -1.416293 0.328651
v 0.724161 -1.478691 0.432554
v 0.914871 -1.087786 0.421942
v 0.595254 -1.246759 0.602395
v 0.712957 -1.315247 0.471845
v 0.964639 -1.634738 0.324983
v 1.088260 -1.128066 0.299718
v 0.660314 -1.349694 0.527656
v 0.834943 -1.420269 0.324265
v 0.928360 -1.527755 0.274849
v 0.507547 -1.061440 0.571519
v 0.902299 -0.968082 0.224308
v 0.422324 -1.178551 0.543242
v 0.972079 -1.393461 0.233461
v 0.508011 -0.925316 0.366548
v 1.061551 -1.155500 0.118110
v 0.384024 -1.336371 0.497331
v 1.056901 -1.288197 0.349613
v 0.497061 -1.407630 0.622404
v 0.687405 -1.523270 0.314876
v 1.186014 -1.344360 0.257207
v 1.134488 -1.216475 0.078856
v 0.303641 -1.142248 0.460521
v 0.360226 -1.515211 0.488588
v 1.129538 -1.384173 -0.096546
v 1.159567 -1.298962 -0.066344
v 0.935135 -1.412183 0.051729
v 0.588742 -0.919212 0.248994
v 1.060580 -1.261270 -0.142699
v 0.635275 -1.510301 0.122043
v 0.422281 -0.954762 0.240181
v 0.202042 -1.247487 0.451176
v 0.769113 -1.462629 0.165770
v 0.282187 -1.352001 0.338084
v 1.086600 -1.204816 -0.122916
v 0.636838 -0.888161 0.146840
v 1.023087 -1.086998 -0.222783
v 0.720340 -0.906341 -0.005837
v 0.974581 -1.089625 0.036455
v 0.147293 -1.164754 0.374455
v 0.213272 -1.416273 0.366508
v 0.446937 -0.897982 0.161051
v 0.791354 -1.402085 -0.134780
v 1.086581 -1.425915 0.126869
v 0.733011 -1.456223 -0.043642
v 0.331607 -1.531391 0.218248
v 0.985867 -1.313897 -0.247539
v 0.285549 -1.377894 0.132941
v 0.517557 -1.474835 0.000578
v 0.182938 -1.112633 0.183380
v 0.981509 -1.150632 -0.272753
v 0.547427 -0.875936 -0.086092
v 0.126553 -1.299913 0.251047
v 0.219369 -1.342670 0.153984
v 0.306475 -1.451049 0.056314
v 0.321915 -1.022234 -0.190454
v 0.679727 -0.962571 -0.190337
v 0.967111 -1.277014 -0.237651
v 0.165469 -1.071212 0.083122
v 0.697061 -1.254040 -0.387343
v 0.779361 -1.055786 -0.299140
v 0.109726 -1.119760 -0.008641
v 0.425571 -0.987959 -0.251221
v 0.362527 -1.020177 -0.032344
v 0.221658 -1.436582 0.069011
v 0.160110 -1.311707 -0.065337
v 0.482315 -1.386662 -0.274587
v 0.264450 -1.459067 -0.077681
v 0.126041 -1.246536 -0.115259
v 0.105020 -1.375463 -0.039327
v 0.273245 -1.130216 -0.241713
v 0.640152 -1.181507 -0.403635
v 0.438358 -1.244890 -0.416133
v 0.675229 -1.361980 -0.304906
v 0.195163 -1.304290 -0.209639
v 0.131979 -1.322069 -0.183087
v 0.225815 -1.414545 -0.266789
v 0.315959 -1.323872 -0.320438
v 0.326901 -1.410254 -0.282364
v 0.403281 -1.143229 -0.387010
v 0.289719 -1.260072 -0.341348
v 1.067361 -1.206979 -0.895702
v 0.983482 -1.007086 -0.948160
v 0.931766 -1.113090 -1.077734
v 1.022853 -1.134995 -0.869839
v 1.033023 -1.272196 -0.910306
v 0.940103 -1.036062 -1.047524
v 0.987106 -1.144389 -0.993161
v 0.987607 -1.214799 -1.029880
v 0.849136 -1.259978 -1.038222
v 0.783243 -0.975492 -1.018071
v 1.034964 -1.091567 -0.788143
v 0.794397 -1.085042 -1.135914
v 0.993845 -1.231026 -0.715303
v 0.940591 -0.996312 -0.785181
v 0.974466 -1.136998 -0.763741
v 0.685727 -1.152710 -1.094237
v 0.834933 -0.982951 -0.721022
v 0.698978 -0.965682 -0.845275
v 0.959482 -1.070319 -0.705651
v 0.941421 -1.160711 -0.688420
v 0.854871 -1.194707 -0.689979
v 0.848825 -1.269625 -0.740791
v 0.765883 -1.206751 -1.042551
v 0.622501 -0.989146 -0.964565
v 0.848471 -1.109001 -0.601270
v 0.871957 -1.044582 -0.619742
v 0.488419 -1.082976 -0.920275
v 0.731168 -1.256421 -0.829396
v 0.611813 -1.038970 -0.639772
v 0.768625 -1.168567 -0.603635
v 0.496730 -1.162311 -0.935008
v 0.647354 -1.137316 -0.595110
v 0.529791 -1.054332 -0.689304
v 0.495889 -1.199256 -0.832247
v 0.339511 -1.210367 0.514206
v 0.094040 -1.313419 0.708107
v 0.535397 -1.305939 0.391032
v 0.416409 -1.292333 0.555253
v 0.362100 -1.433248 0.598269
v 0.248221 -1.495423 0.571382
v 0.539316 -1.415117 0.338948
v 0.246695 -1.157004 0.512372
v 0.364151 -1.207192 0.257625
v 0.051700 -1.251080 0.598822
v 0.454898 -1.265321 0.071681
v -0.060519 -1.093270 0.625700
v -0.090555 -1.396684 0.643301
v 0.524478 -1.412936 0.214833
v 0.199362 -0.967944 0.311027
v 0.251309 -1.030499 0.449141
v 0.389481 -1.141321 0.240646
v -0.203702 -1.406997 0.505069
v -0.198825 -1.120406 0.639525
v 0.333887 -1.211433 -0.003759
v -0.110690 -1.277445 0.575586
v -0.298801 -1.246218 0.638609
v 0.154764 -0.987206 0.116392
v -0.237360 -1.371653 0.458937
v -0.386758 -1.091161 0.568460
v -0.261858 -1.351533 0.496302
v -0.403281 -0.980872 0.375256
v -0.406198 -1.267922 0.545747
v -0.127890 -1.493893 0.393509
v 0.269962 -1.492673 0.152839
v -0.154631 -1.026102 0.572580
v 0.300933 -1.244431 0.020786
v -0.233432 -1.405457 0.265801
v 0.224661 -1.334305 -0.044013
v -0.120920 -1.402675 0.090031
v 0.291519 -1.338094 -0.061458
v -0.045090 -1.491958 0.191705
v -0.119888 -0.920900 0.216395
v -0.504953 -1.189695 0.500627
v 0.204080 -1.036606 -0.213234
v 0.065628 -1.456722 0.019301
v -0.265439 -1.441149 0.294438
v 0.111246 -0.949589 -0.056598
v -0.562875 -1.289645 0.508104
v 0.137296 -1.365420 -0.046529
v -0.550656 -1.412647 0.504176
v -0.216171 -1.371719 0.180012
v -0.537302 -1.469458 0.436015
v -0.254935 -1.420290 0.127943
v -0.532950 -1.071136 0.342189
v -0.361996 -0.969553 -0.126619
v -0.533176 -1.191751 0.378718
v 0.137698 -1.216161 -0.308949
v 0.039615 -1.361994 -0.159885
v -0.336246 -0.929506 0.128767
v 0.102090 -1.053609 -0.287380
v -0.592221 -1.217722 0.428312
v -0.754214 -1.346177 0.344243
v -0.046738 -1.367053 0.057127
v -0.722409 -1.238465 0.292785
v -0.398105 -1.354214 -0.012137
v -0.618375 -1.097020 0.199037
v -0.555783 -1.493291 0.104736
v -0.621445 -1.206765 0.202960
v -0.043015 -1.213849 -0.341728
v -0.471530 -1.019849 -0.025020
v -0.152414 -1.088032 -0.285001
v -0.200003 -1.367265 -0.167143
v -0.718631 -1.446984 0.220410
v -0.317386 -1.051806 -0.243318
v -0.188303 -1.170478 -0.335246
v -0.259793 -1.320009 -0.251825
v -0.768533 -1.340250 0.155620
v -0.566270 -1.262994 -0.011312
v -0.675742 -1.447821 0.077693
v -0.621591 -1.157110 0.081772
v -0.707407 -1.285290 0.063533
v -0.543954 -1.338706 -0.052114
v -0.572348 -1.224863 -0.072101
v -0.421683 -1.262227 -0.248749
v -0.538205 -1.100985 -0.147162
v -0.656833 -1.816012 0.304417
v -0.617307 -1.680521 0.236464
v -1.020650 -1.781714 0.085534
v -0.817056 -1.954756 0.224024
v -0.312888 -1.785979 0.223753
v -0.393185 -1.897679 0.238078
v -0.251669 -1.945274 0.184138
v -0.407553 -1.935236 0.111943
v -0.564493 -1.629248 0.081352
v -0.434335 -2.017092 0.182922
v -0.451706 -1.642245 -0.123967
v -1.128159 -1.821079 -0.009297
v -0.318283 -1.896057 0.094560
v -0.946225 -2.068295 -0.051613
v -0.307675 -2.135244 0.175378
v -0.591591 -2.056672 -0.047933
v -0.671854 -2.072321 0.008662
v -0.592978 -2.115752 0.010246
v -0.035733 -2.054281 0.080650
v -0.700467 -2.208935 -0.047923
v -0.529037 -2.139299 -0.008473
v -0.084006 -1.808094 -0.193892
v -0.212869 -2.204698 -0.015524
v -1.240121 -1.805200 -0.232744
v -0.120212 -1.870659 -0.047923
v -0.814786 -2.076905 -0.102852
v -0.024289 -1.941752 -0.039952
v -0.071072 -2.150419 -0.076332
v -0.675345 -2.250874 -0.110167
v -0.476740 -2.142835 -0.106756
v -1.220859 -1.956214 -0.115096
v -0.863235 -2.179480 -0.170934
v -0.747653 -1.614579 -0.322756
v -0.878753 -2.080258 -0.203193
v 0.020139 -2.048189 -0.124452
v -0.645615 -2.250542 -0.349815
v -1.105600 -1.693871 -0.371465
v -0.070053 -1.699142 -0.310231
v -0.095102 -1.901606 -0.223145
v -0.980191 -2.095501 -0.491855
v -1.206387 -2.027354 -0.284271
v -0.193649 -2.199534 -0.141206
v -0.870926 -2.172890 -0.328591
v -0.289829 -1.621566 -0.294660
v -0.161209 -2.136075 -0.332334
v -0.489996 -2.067092 -0.328713
v -0.809685 -2.238991 -0.336260
v -1.273526 -1.933913 -0.409349
v -0.842868 -2.099437 -0.391887
v -0.465756 -2.135365 -0.305182
v -0.439999 -1.609641 -0.451827
v -1.182797 -1.809951 -0.556209
v -0.008493 -1.883445 -0.452120
v -0.088522 -2.038873 -0.350066
v -0.663382 -2.098123 -0.438999
v -0.694467 -2.155363 -0.465787
v -0.136070 -1.998498 -0.368054
v -1.023363 -1.729133 -0.498388
v -0.352457 -2.055632 -0.394122
v -0.589542 -1.658243 -0.606156
v -0.829080 -1.640154 -0.506577
v -0.066928 -1.720526 -0.485143
v -0.579007 -1.671547 -0.727327
v -0.400729 -2.072750 -0.665782
v -0.202023 -1.747238 -0.585091
v -1.112686 -1.968456 -0.744725
v -1.146072 -1.868572 -0.761022
v -0.128067 -1.901568 -0.643440
v -0.313449 -1.909969 -0.814783
v -0.982724 -1.666184 -0.555173
v -1.104526 -1.796402 -0.654219
v -0.809738 -2.083231 -0.691097
v -0.560483 -2.108837 -0.572176
v -0.716037 -1.564780 -0.691045
v -0.296945 -1.768790 -0.702644
v -0.259830 -1.841475 -0.784767
v -1.072604 -1.679774 -0.754073
v -0.575424 -1.739833 -0.854752
v -0.976889 -1.614148 -0.917475
v -0.552371 -1.693817 -0.872008
v -1.028555 -1.883863 -0.822525
v -0.432958 -2.019222 -0.845464
v -0.811911 -1.984742 -0.905019
v -0.591458 -1.891564 -0.920593
v -0.525925 -1.980400 -0.923094
v -0.745877 -1.611962 -0.969187
v -1.003769 -1.735833 -0.990398
v -0.636508 -1.797246 -0.928661
v -0.782204 -1.857903 -0.942990
v -0.641086 -1.856094 -0.954335
v -0.833859 -1.715570 -1.046154
v -0.834685 -1.822683 -1.022283
v -0.687277 -1.772085 -1.004033
v -0.358438 -3.961743 -1.761786
v -1.499216 -3.961743 -0.992319
v -1.423776 -0.703787 -0.942398
v -0.340414 -0.703788 -1.673134
v -1.761777 -3.961742 0.358430
v -1.673141 -0.703787 0.340416
v -0.992307 -3.961742 1.499217
v -0.942380 -0.703787 1.423782
v 0.358450 -3.961742 1.761781
v 0.340408 -0.703787 1.673146
v 1.499216 -3.961742 0.992323
v 1.423782 -0.703787 0.942389
v 1.761783 -3.961743 -0.358440
v 1.673147 -0.703787 -0.340407
v 0.992306 -3.961743 -1.499219
v 0.942380 -0.703787 -1.423796
v -0.384933 -4.018551 -1.891977
v -1.610019 -4.018550 -1.065642
v -1.891983 -4.018550 0.384926
v -1.065640 -4.018550 1.610014
v 0.384927 -4.018550 1.891977
v 1.610013 -4.018550 1.065640
v 1.891983 -4.018550 -0.384926
v 1.065646 -4.018550 -1.610028
v -0.361417 -0.646980 -1.776451
v -1.511691 -0.646980 -1.000566
v -1.776437 -0.646980 0.361412
v -1.000571 -0.646980 1.511703
v 0.361404 -0.646979 1.776460
v 1.511685 -0.646980 1.000578
v 1.776443 -0.646980 -0.361426
v 1.000577 -0.646980 -1.511701
v -0.361691 -4.345287 -1.777693
v -1.512765 -4.345287 -1.001274
v -1.777695 -4.345287 0.361675
v -1.001279 -4.345287 1.512761
v 0.361685 -4.345287 1.777684
v 1.512759 -4.345287 1.001274
v 1.777683 -4.345287 -0.361668
v 1.001272 -4.345287 -1.512761
v -0.361417 -0.340729 -1.776451
v -1.511691 -0.340729 -1.000566
v -1.776437 -0.340729 0.361412
v -1.000571 -0.340729 1.511703
v 0.361404 -0.340729 1.776460
v 1.511685 -0.340729 1.000578
v 1.776443 -0.340729 -0.361426
v 1.000577 -0.340729 -1.511701
v -0.321182 -3.961743 -1.578584
v -1.343320 -3.961743 -0.889131
v -1.578592 -3.961743 0.321162
v -0.889127 -3.961742 1.343326
v 0.321182 -3.961742 1.578586
v 1.343326 -3.961743 0.889140
v 1.578592 -3.961743 -0.321176
v 0.889133 -3.961743 -1.343335
v -1.285294 -4.131037 -0.850729
v -1.506032 -4.136577 0.307821
v -0.850711 -4.131037 1.285277
v 0.307297 -4.131037 1.510370
v 1.285281 -4.131037 0.850719
v 1.510385 -4.131037 -0.307297
v 0.850717 -4.131037 -1.285286
v -0.307309 -4.131037 -1.510381
v -0.384933 -4.279941 -1.891977
v 1.065646 -4.279941 -1.610028
v 1.891983 -4.279940 -0.384926
v 1.610013 -4.279940 1.065640
v 0.384927 -4.279940 1.891977
v -1.065640 -4.279940 1.610014
v -1.891983 -4.279940 0.384926
v -1.610019 -4.279940 -1.065642
v 0.000009 -4.152100 -0.000002
v -0.127640 -0.703787 -0.627317
v -0.533835 -0.703787 -0.353337
v -0.627329 -0.703787 0.127626
v -0.353336 -0.703787 0.533815
v 0.127640 -0.703787 0.627319
v 0.533835 -0.703787 0.353337
v 0.627328 -0.703787 -0.127637
v 0.353336 -0.703787 -0.533835
v -0.122775 -0.774270 -0.603432
v -0.513510 -0.774270 -0.339873
v -0.603439 -0.774270 0.122772
v -0.339890 -0.774270 0.513505
v 0.122775 -0.774270 0.603431
v 0.513510 -0.774270 0.339885
v 0.603433 -0.774270 -0.122779
v 0.339889 -0.774270 -0.513516
v 0.195663 -4.152100 0.961681
v -0.658121 -4.131037 0.994286
v -0.724661 -4.141983 0.146081
v -0.922147 -4.152100 -0.610359
v -0.165183 -4.152100 -0.811792
v 0.646268 -4.152100 -0.976405
v 0.607876 -4.131378 -0.108827
v 0.748249 -4.123361 0.462535
v -0.227408 -4.102063 0.795081
v -0.773434 -4.102063 0.410237
v -0.652442 -4.098049 -0.290612
v 0.332571 -4.102063 -1.177257
v 0.680057 -4.102063 -0.328371
v 1.181882 -4.102063 0.084727
v -0.263238 -4.131037 0.397716
v 0.387772 -4.152100 -0.585854
v 0.232669 -4.102063 -0.351517
v 0.097824 -4.102063 0.480853
v -0.229966 -0.694284 -1.130344
v -0.207040 -0.703787 -1.017615
v -0.865958 -0.703787 -0.573163
v -1.142105 -0.703787 0.232359
v -1.027970 -0.689532 0.209136
v -0.573160 -0.703787 0.865951
v 0.232364 -0.703787 1.142090
v 0.209562 -0.686681 1.030015
v 0.971896 -0.703787 0.643271
v 0.871816 -0.694284 0.577035
v 1.030013 -0.686681 -0.209562
v 0.578995 -0.689532 -0.874765
v -0.953885 -0.686681 -0.631369
v -0.211258 -0.675277 -1.038301
v -0.883572 -0.675277 -0.584804
v -1.106827 -0.675277 0.225177
v -0.635341 -0.692383 0.959878
v -0.584818 -0.675277 0.883561
v 0.225180 -0.675277 1.106825
v 0.941873 -0.675277 0.623402
v 1.120929 -0.686681 -0.228054
v 0.633339 -0.689532 -0.956898
v -0.332199 -3.961743 -1.632806
v -1.389450 -3.961743 -0.919670
v -1.389450 -0.703787 -0.919670
v -0.332199 -0.703788 -1.632807
v -1.632797 -3.961743 0.332198
v -1.632797 -0.703787 0.332197
v -0.919650 -3.961743 1.389436
v -0.919650 -0.703787 1.389436
v 0.332205 -3.961743 1.632783
v 0.332205 -0.703787 1.632783
v 1.389456 -3.961743 0.919661
v 1.389456 -0.703787 0.919661
v 1.632791 -3.961743 -0.332199
v 1.632791 -0.703787 -0.332199
v 0.919675 -3.961743 -1.389462
v 0.919675 -0.703787 -1.389462
v 0.174975 -0.139502 0.059404
v 0.174975 -0.139502 -0.059407
v 0.174975 -0.242395 -0.118812
v 0.174975 -0.345288 -0.059407
v 0.174975 -0.345288 0.059404
v 0.174975 -0.242395 0.118809
v -0.174969 -0.139502 0.059404
v -0.174969 -0.139502 -0.059407
v -0.174969 -0.242395 -0.118812
v -0.174969 -0.345288 -0.059407
v -0.174969 -0.345288 0.059404
v -0.174969 -0.242395 0.118809
v 0.173817 -0.176099 -0.000001
v 0.174975 -0.300833 -0.033741
v 0.174975 -0.300833 0.033738
v 0.174975 -0.242395 0.067477
v -0.173620 -0.209287 0.057342
v -0.174969 -0.183956 -0.033741
v -0.174969 -0.242395 -0.067480
v -0.174969 -0.300833 -0.033741
v -0.174969 -0.300833 0.033738
v 0.131313 -0.223191 0.046566
v 0.133191 -0.199450 -0.024796
v 0.161047 -0.242395 -0.061517
v 0.132004 -0.290972 -0.000001
v -0.133185 -0.199450 0.024793
v -0.130695 -0.223294 -0.046318
v -0.133185 -0.285340 -0.024796
v -0.131219 -0.266518 0.041782
v 0.000003 4.311506 -0.029803
v -0.016996 4.345287 -0.008225
v -0.010399 4.341947 0.019039
v 0.022638 4.341861 -0.000002
v 0.067799 0.556009 -0.048241
v -0.003817 0.557031 -0.080115
v -0.075982 0.555028 -0.039239
v -0.067793 0.556009 0.048239
v 0.004005 0.556959 0.080243
v 0.075996 0.555003 0.039484
v 0.076844 0.423103 -0.039021
v 0.001568 0.423435 -0.087927
v -0.074094 0.424005 -0.042782
v -0.075283 0.422775 0.041585
v 0.072215 0.423103 0.047035
v 0.085381 0.402533 -0.049294
v -0.003162 0.421641 0.084950
v 0.000003 -0.242395 -0.098587
v -0.085375 -0.242395 -0.049295
v -0.085375 -0.242395 0.049292
v 0.000003 -0.242395 0.098585
v 0.085381 -0.242395 0.049292
v 0.085381 -0.242395 -0.049294
v 0.000003 0.402533 -0.098588
v -0.085375 0.402533 -0.049295
v -0.085375 0.402533 0.049292
v 0.000003 0.402533 0.098584
v 0.085381 0.402533 0.049292
v -0.995014 -0.221816 -0.035645
v -0.995014 -0.283552 -0.071288
v -0.992511 -0.328876 -0.031212
v -0.995014 -0.345288 0.035642
v -0.995014 -0.283552 0.071285
v -1.204980 -0.221816 0.035642
v -1.204980 -0.283552 -0.071288
v -1.204980 -0.345288 -0.035645
v -1.207483 -0.328876 0.031209
v -1.204980 -0.283552 0.071285
v -0.993014 -0.238346 0.036042
v -0.995983 -0.263721 -0.034349
v -0.996042 -0.299316 0.038225
v -1.204171 -0.263687 0.034405
v -1.207483 -0.238227 -0.031212
v -1.204010 -0.303382 -0.034349
v -1.020988 -0.271992 0.028030
v -1.022122 -0.267920 -0.027077
v -1.020972 -0.312623 -0.000001
v -1.179910 -0.257785 0.014875
v -1.178730 -0.269078 -0.025071
v -1.179910 -0.309319 -0.014878
v -1.178730 -0.298026 0.025068
v -1.098699 2.468966 0.012242
v -1.111151 2.467953 -0.003644
v -1.093319 2.467775 -0.011568
v -1.056682 0.194887 -0.027643
v -1.102289 0.196104 -0.048069
v -1.143046 0.195485 -0.024845
v -1.143181 0.194902 0.027711
v -1.095270 0.195490 0.049698
v -1.057100 0.196060 0.021992
v -1.051267 0.114019 -0.027888
v -1.151224 -0.283552 -0.029577
v -1.151224 -0.283552 0.029574
v -1.099997 -0.283552 0.059150
v -1.048770 -0.283552 0.029574
v -1.070725 -0.283552 -0.050703
v -1.100211 0.114019 -0.056146
v -1.148726 0.114019 -0.027595
v -1.148259 0.114019 0.028156
v -1.099997 0.114019 0.056020
v -1.051735 0.114019 0.028156
v 1.204986 -0.221816 0.035642
v 1.204986 -0.283552 -0.071288
v 1.204986 -0.345288 -0.035645
v 1.204986 -0.345288 0.035642
v 1.204986 -0.283552 0.071285
v 0.995020 -0.221816 0.035642
v 0.995020 -0.283552 -0.071288
v 0.995020 -0.345288 -0.035645
v 0.995020 -0.283552 0.071285
v 1.206987 -0.229734 -0.021129
v 1.203756 -0.308720 -0.032696
v 1.203756 -0.258383 0.032693
v 0.995829 -0.263687 0.034405
v 0.993020 -0.238346 -0.036045
v 0.996251 -0.299282 -0.038145
v 0.992517 -0.328876 0.031209
v 1.178422 -0.272091 0.027789
v 1.179916 -0.257785 -0.014878
v 1.178422 -0.295012 -0.027792
v 1.196630 -0.315516 0.018453
v 1.020090 -0.257785 0.014875
v 1.021585 -0.272091 -0.027792
v 1.023295 -0.308130 0.014189
v 1.091709 2.470676 -0.006031
v 1.093528 2.455536 0.015699
v 1.113007 2.467371 -0.001240
v 1.143319 0.194887 -0.027643
v 1.097711 0.196104 -0.048069
v 1.056954 0.195485 -0.024845
v 1.056819 0.194902 0.027710
v 1.104730 0.195490 0.049698
v 1.142900 0.196060 0.021992
v 1.148733 0.114019 -0.027889
v 1.048776 -0.283552 -0.029577
v 1.048776 -0.283552 0.029574
v 1.100003 -0.283552 0.059150
v 1.151230 -0.283552 0.029574
v 1.129275 -0.283552 -0.050703
v 1.099789 0.114019 -0.056146
v 1.051274 0.114019 -0.027596
v 1.051741 0.114019 0.028156
v 1.100003 0.114019 0.056020
v 1.148265 0.114019 0.028156
vn 0.9298 -0.0049 0.3682
vn 0.1703 -0.1832 -0.9682
vn -0.5711 0.1254 0.8112
vn 0.9815 0.1414 -0.1290
vn -0.2145 -0.5698 -0.7933
vn -0.5196 0.5623 0.6433
vn 0.6120 -0.1243 -0.7810
vn -0.4237 -0.0564 0.9040
vn -0.8231 -0.2596 -0.5051
vn 0.9335 0.1025 0.3436
vn -0.1513 0.6033 -0.7830
vn 0.3862 0.8211 0.4204
vn 0.4130 0.0069 0.9107
vn -0.9965 0.0008 -0.0834
vn 0.6678 -0.2129 -0.7132
vn -0.8755 0.1492 0.4595
vn 0.7503 0.1680 0.6394
vn 0.9512 -0.3067 -0.0334
vn -0.4677 -0.1418 -0.8724
vn -0.6432 0.7083 0.2908
vn 0.9845 -0.0814 -0.1555
vn -0.9200 0.0306 0.3908
vn -0.2561 -0.2883 -0.9227
vn 0.1135 0.1984 0.9735
vn 0.5027 0.5689 -0.6509
vn -0.0667 0.8237 0.5630
vn -0.2674 -0.0104 -0.9635
vn -0.9726 -0.1192 -0.1996
vn 0.9978 0.0552 0.0375
vn -0.4631 0.2057 -0.8621
vn -0.6943 -0.4021 0.5968
vn 0.9026 0.4302 0.0169
vn -0.7548 -0.0455 -0.6544
vn 0.8853 -0.1206 -0.4491
vn -0.5408 0.0946 0.8358
vn -0.1971 0.6621 0.7230
vn -0.9873 -0.0478 0.1517
vn 0.0787 -0.0818 -0.9935
vn 0.5340 0.1070 0.8387
vn 0.2352 -0.3368 -0.9117
vn -0.9901 -0.0350 0.1361
vn 0.3175 0.5218 0.7917
vn 0.6709 -0.0897 -0.7361
vn 0.3942 -0.2063 0.8956
vn -0.5136 0.7930 -0.3277
vn 0.0827 0.0167 0.9964
vn 0.9201 -0.2173 -0.3259
vn -0.9839 0.1333 0.1192
vn 0.4156 0.1867 0.8902
vn 0.9049 -0.3955 0.1571
vn -0.0462 -0.1645 -0.9853
vn -0.6467 0.7618 0.0373
vn -0.9981 -0.0280 -0.0553
vn 0.4018 -0.1828 -0.8973
vn 0.6856 0.1718 0.7075
vn 0.0539 0.7871 0.6145
vn 0.0724 0.0265 -0.9970
vn -0.1484 -0.0883 0.9850
vn 0.9965 0.0026 0.0831
vn -0.1655 0.3107 -0.9360
vn 0.7813 0.6167 0.0963
vn -0.9984 -0.0283 0.0494
vn 0.9913 -0.0820 -0.1025
vn -0.1320 0.1021 -0.9860
vn -0.8326 0.2577 0.4902
vn -0.0825 0.5114 -0.8554
vn 0.4780 -0.0703 0.8756
vn -0.4167 -0.1205 -0.9010
vn 0.9275 -0.1542 -0.3406
vn 0.6963 0.3848 0.6059
vn -0.6439 0.6669 0.3749
vn -0.9984 -0.0538 0.0169
vn 0.4601 -0.0489 -0.8865
vn 0.5486 0.0907 0.8312
vn 0.1732 0.4898 0.8545
vn -0.9475 -0.0252 -0.3187
vn 0.9914 -0.1236 0.0431
vn -0.5124 -0.2091 0.8329
vn 0.2930 0.1849 -0.9381
vn -0.9592 0.2431 -0.1445
vn -0.3929 -0.1802 0.9018
vn 0.8080 -0.0972 0.5811
vn 0.2809 0.3972 -0.8737
vn 0.6671 -0.0145 0.7448
vn -0.8437 0.1027 0.5269
vn 0.8412 0.2322 0.4884
vn 0.4205 -0.4431 -0.7918
vn -0.7666 0.4550 0.4530
vn 0.9985 0.0184 -0.0511
vn -0.2492 0.2797 0.9272
vn 0.8775 0.1411 -0.4584
vn -0.5238 -0.5708 -0.6323
vn -0.2071 0.5954 0.7763
vn 0.3587 -0.1873 -0.9145
vn -0.1099 -0.0944 0.9895
vn -0.9460 -0.2563 -0.1983
vn -0.4097 0.6029 -0.6846
vn 0.5067 0.8212 0.2625
vn -0.8860 -0.0815 0.4564
vn -0.0810 -0.1547 -0.9846
vn 0.6181 0.5271 0.5832
vn -0.7677 -0.0758 -0.6363
vn 0.8198 -0.0539 0.5701
vn -0.5777 -0.1535 0.8017
vn -0.0146 0.0917 -0.9957
vn -0.8641 0.3051 -0.4004
vn -0.5518 -0.3740 0.7454
vn 0.7937 0.0170 0.6080
vn 0.4759 0.6284 -0.6154
vn 0.9981 -0.0229 -0.0580
vn -0.3620 -0.0065 0.9321
vn 0.4193 -0.0106 -0.9078
vn -0.3455 0.6309 -0.6947
vn -0.6466 -0.0234 0.7625
vn 0.6651 -0.0721 -0.7433
vn -0.7692 0.0104 -0.6389
vn -0.3329 0.3443 0.8779
vn -0.6104 0.6026 -0.5141
vn -0.5149 0.0086 0.8572
vn 0.9298 -0.1448 0.3384
vn -0.8034 0.1143 -0.5844
vn 0.0275 0.1268 0.9916
vn 0.8028 -0.5962 -0.0030
vn -0.5808 0.6000 -0.5501
vn -0.8579 -0.0158 -0.5137
vn 0.8244 -0.1935 -0.5320
vn -0.2131 0.8255 0.5226
vn 0.5987 0.0164 -0.8008
vn -0.8876 -0.0953 -0.4507
vn 0.4892 0.0788 0.8686
vn 0.3974 0.2122 -0.8928
vn -0.8896 -0.4400 -0.1226
vn 0.5031 0.4300 0.7497
vn -0.7507 -0.5150 -0.4139
vn -0.4655 0.5241 -0.7132
vn -0.5307 0.0870 -0.8431
vn -0.8388 0.4166 -0.3505
vn -0.9349 -0.0537 -0.3509
vn -0.4090 -0.9012 -0.1436
vn -0.8565 -0.4672 0.2193
vn -0.3070 -0.2669 -0.9135
vn 0.0060 0.9299 -0.3678
vn -0.4691 0.8828 0.0242
vn -0.1274 -0.5878 -0.7989
vn -0.4629 0.6758 -0.5736
vn -0.8474 -0.0512 -0.5285
vn -0.1691 0.5320 -0.8297
vn -0.3584 -0.9087 0.2141
vn -0.3649 -0.9173 -0.1596
vn -0.0470 0.5874 -0.8079
vn -0.4341 -0.5234 -0.7332
vn -0.3456 -0.9222 0.1737
vn -0.4812 -0.4528 -0.7506
vn -0.9594 -0.1521 -0.2375
vn -0.8082 0.2668 -0.5251
vn -0.2468 0.9312 -0.2681
vn -0.6774 0.7288 0.1002
vn -0.0706 0.4884 -0.8698
vn -0.6523 0.7545 -0.0724
vn 0.0089 0.7217 -0.6921
vn -0.8160 0.3783 0.4371
vn -0.7947 0.5949 0.1204
vn -0.2409 -0.9663 -0.0903
vn -0.0088 0.9909 -0.1347
vn -0.7562 0.6525 -0.0488
vn -0.3909 -0.2028 -0.8978
vn -0.7217 -0.3422 -0.6017
vn -0.1911 -0.9004 -0.3909
vn -0.0939 -0.9806 -0.1719
vn -0.4325 -0.8944 0.1140
vn -0.3565 -0.2322 -0.9050
vn -0.7494 -0.5373 -0.3870
vn -0.0545 0.9945 0.0890
vn -0.0067 0.9576 -0.2881
vn 0.0758 0.1501 -0.9858
vn 0.3748 -0.0748 -0.9241
vn 0.3578 -0.4961 -0.7911
vn -0.0467 -0.9969 -0.0639
vn 0.0548 0.8629 -0.5024
vn -0.2349 0.8839 0.4043
vn -0.0438 -0.8557 -0.5156
vn 0.0953 -0.9877 -0.1242
vn -0.7090 0.1996 0.6764
vn -0.0267 0.0329 -0.9991
vn -0.4652 -0.8508 -0.2445
vn -0.3328 -0.9286 0.1640
vn -0.0280 -0.9967 -0.0768
vn -0.5372 -0.6379 0.5519
vn -0.0598 -0.8868 -0.4583
vn -0.1159 -0.9904 -0.0747
vn 0.0527 -0.9754 -0.2141
vn -0.0303 0.9599 -0.2787
vn 0.5358 -0.2113 -0.8175
vn 0.4596 -0.5871 -0.6664
vn -0.1049 -0.9665 0.2341
vn -0.7497 0.6586 -0.0645
vn 0.5460 0.6672 -0.5067
vn -0.1884 0.5312 0.8260
vn 0.5520 -0.8041 -0.2207
vn 0.1967 -0.6836 0.7028
vn -0.4384 -0.8467 0.3015
vn 0.4058 0.9107 0.0772
vn 0.6451 0.4646 -0.6066
vn -0.7630 -0.2257 0.6057
vn -0.5735 0.3570 0.7373
vn 0.3732 -0.9271 0.0345
vn 0.7373 0.1326 -0.6624
vn 0.0560 0.3351 0.9405
vn -0.1032 -0.8129 0.5732
vn 0.3766 -0.9254 0.0418
vn -0.1081 0.9940 -0.0152
vn -0.0725 0.9947 -0.0723
vn -0.4956 0.8685 0.0117
vn -0.1753 -0.0037 0.9845
vn -0.7919 0.0401 0.6094
vn 0.3903 -0.8661 -0.3125
vn 0.5107 -0.8471 0.1468
vn 0.7638 -0.6419 -0.0670
vn 0.3189 -0.5603 0.7645
vn 0.6228 -0.7804 0.0552
vn 0.0877 0.8914 0.4447
vn 0.1346 0.9029 0.4083
vn 0.8733 0.1667 -0.4577
vn -0.0312 0.7133 0.7002
vn 0.0152 -0.6057 0.7955
vn -0.0840 -0.9958 -0.0375
vn 0.8219 0.5307 0.2068
vn 0.4231 -0.0734 0.9031
vn -0.2000 0.2756 -0.9403
vn 0.1610 0.9105 -0.3809
vn 0.5354 0.8444 0.0170
vn -0.6860 -0.6075 0.4005
vn 0.7400 -0.2576 0.6213
vn -0.1808 -0.9835 0.0014
vn 0.6913 -0.2656 0.6720
vn 0.5005 0.1881 0.8450
vn 0.4578 0.8828 -0.1054
vn 0.1482 0.9890 -0.0031
vn -0.6858 0.1551 0.7111
vn 0.5857 -0.3263 -0.7419
vn -0.0839 -0.9953 0.0485
vn 0.0181 -0.2149 -0.9765
vn -0.4169 0.3575 0.8357
vn 0.0335 0.8969 -0.4409
vn 0.1378 0.8838 0.4471
vn 0.1198 0.1761 0.9771
vn 0.1359 -0.9082 0.3959
vn 0.4004 -0.9122 -0.0874
vn -0.2181 -0.9589 0.1814
vn 0.1237 -0.9923 0.0090
vn 0.0184 0.9265 -0.3758
vn 0.4377 0.4753 0.7632
vn -0.6370 0.7706 0.0190
vn 0.5233 0.8391 0.1486
vn 0.0093 -0.8065 0.5911
vn 0.3289 0.6414 -0.6931
vn -0.2559 0.9072 0.3340
vn 0.1308 -0.8922 0.4323
vn -0.1447 -0.7030 0.6963
vn -0.2677 -0.1112 0.9571
vn 0.2428 -0.9512 0.1904
vn 0.6882 0.2945 -0.6631
vn 0.7612 -0.1918 -0.6196
vn 0.2282 0.8274 0.5132
vn 0.2401 0.7560 0.6089
vn 0.2356 -0.9519 0.1958
vn 0.0942 0.5197 0.8491
vn 0.4829 -0.8757 0.0020
vn 0.2376 0.8232 0.5156
vn 0.3305 -0.2041 0.9215
vn 0.3824 -0.9020 0.2002
vn -0.0914 0.8443 0.5280
vn -0.6332 -0.3269 0.7016
vn 0.4701 0.5248 0.7097
vn 0.7868 0.6090 0.1000
vn 0.1724 0.9837 0.0517
vn -0.0700 0.8490 0.5238
vn -0.3832 -0.9179 0.1029
vn 0.7739 -0.6333 -0.0010
vn 0.4664 0.3476 0.8134
vn 0.9794 -0.0142 0.2016
vn 0.4047 -0.8875 0.2203
vn -0.0794 -0.4729 0.8775
vn 0.3775 0.2909 0.8791
vn 0.8679 -0.2213 0.4447
vn 0.8742 -0.2086 0.4384
vn 0.5798 0.1914 0.7920
vn 0.4215 -0.3455 0.8384
vn 0.7538 0.4903 0.4375
vn 0.8872 0.3635 0.2843
vn 0.3829 0.3538 0.8534
vn 0.0762 -0.3457 0.9352
vn 0.7454 -0.6635 -0.0646
vn 0.3690 -0.7820 0.5022
vn 0.7615 0.2412 0.6017
vn -0.3529 -0.2526 -0.9009
vn -0.6831 0.2927 -0.6691
vn -0.5585 0.7670 0.3157
vn -0.2355 0.7987 0.5538
vn 0.6077 -0.6898 -0.3936
vn 0.2526 -0.7017 -0.6662
vn -0.9229 0.3190 0.2157
vn -0.5035 0.3801 0.7759
vn 0.5423 0.5680 0.6191
vn 0.9624 0.0440 0.2680
vn 0.8894 0.3197 -0.3268
vn 0.3819 0.4029 -0.8318
vn -0.1370 0.4079 -0.9027
vn -0.7940 0.3701 -0.4823
vn -0.0131 0.0218 -0.9997
vn 0.5341 -0.2034 -0.8206
vn 0.9119 -0.0082 0.4104
vn 0.3838 -0.1562 0.9101
vn -0.6445 0.0126 0.7645
vn -0.9988 -0.0362 0.0340
vn -0.8248 -0.3240 -0.4634
vn -0.7777 -0.6000 0.1874
vn 0.1089 0.4618 0.8803
vn 0.5875 0.8039 -0.0925
vn 0.0708 -0.0418 -0.9966
vn 0.8544 -0.2349 0.4635
vn 0.9395 -0.0932 -0.3295
vn 0.7408 -0.0297 -0.6711
vn -0.5453 0.0621 0.8360
vn -0.9308 0.2595 -0.2574
vn -0.5627 0.0667 -0.8240
vn -0.6181 -0.4960 0.6099
vn -0.6971 0.6005 -0.3917
vn 0.5902 -0.1849 0.7858
vn 0.4920 0.8683 0.0640
vn 0.4581 0.8383 -0.2956
vn 0.5126 -0.5940 -0.6201
vn 0.7272 0.5581 0.3996
vn -0.3299 -0.6372 -0.6965
vn -0.7995 0.4633 0.3823
vn 0.8646 0.3949 0.3107
vn 0.8860 0.3574 -0.2952
vn 0.5504 0.4067 -0.7292
vn -0.1300 -0.0354 0.9909
vn -0.6721 -0.3581 0.6481
vn -0.8041 -0.5858 0.1009
vn -0.7519 -0.4974 -0.4327
vn 0.9042 -0.1190 0.4102
vn 0.5685 0.3236 -0.7563
vn -0.1842 -0.3325 0.9249
vn -0.8613 0.4297 0.2713
vn 0.8062 -0.1849 -0.5620
vn 0.7424 0.5997 0.2988
vn 0.3143 -0.6486 -0.6932
vn -0.8216 -0.4883 -0.2940
vn -0.2068 0.4768 0.8543
vn -0.0824 0.7665 0.6370
vn 0.4700 0.7807 0.4119
vn 0.8822 -0.2139 -0.4194
vn 0.7283 0.2915 0.6201
vn 0.2864 -0.3542 -0.8902
vn -0.9713 0.0757 -0.2253
vn -0.1597 0.4030 0.9012
vn -0.8633 -0.1479 -0.4825
vn 0.7104 0.6333 -0.3069
vn 0.6362 0.1013 0.7648
vn 0.1405 0.3863 -0.9116
vn -0.7556 -0.6544 -0.0277
vn -0.1829 -0.5087 0.8413
vn -0.7308 -0.1675 -0.6617
vn -0.7637 -0.5916 -0.2584
vn 0.0387 -0.4762 0.8785
vn -0.5929 0.3672 -0.7167
vn 0.5466 0.8051 0.2301
vn 0.8496 -0.3029 -0.4318
vn 0.6225 -0.0364 0.7818
vn 0.0294 -0.0117 -0.9995
vn -0.8119 0.4045 0.4209
vn 0.4528 -0.8850 -0.1086
vn 0.4730 0.1420 0.8695
vn -0.2208 -0.5439 -0.8096
vn -0.5069 0.8604 0.0522
vn 0.7735 -0.6008 -0.2020
vn 0.6264 0.2622 0.7341
vn -0.0882 -0.5423 -0.8356
vn -0.7984 0.5884 0.1276
vn -0.1760 -0.8840 -0.4330
vn -0.8420 0.2385 0.4839
vn 0.9061 -0.0656 -0.4179
vn 0.8693 0.4849 -0.0954
vn 0.7499 -0.6037 -0.2707
vn -0.7456 -0.2413 -0.6211
vn -0.9460 0.2238 0.2345
vn 0.6532 0.3190 0.6867
vn 0.4932 -0.8624 0.1138
vn -0.3246 -0.1373 -0.9359
vn -0.4709 0.8635 -0.1806
vn 0.4838 0.0145 0.8751
vn -0.5580 -0.2416 -0.7939
vn 0.6251 0.4413 0.6438
vn -0.3396 -0.3826 -0.8592
vn 0.8814 0.0292 -0.4714
vn -0.7968 0.1053 0.5949
vn 0.7114 0.4075 0.5726
vn 0.9568 -0.1284 -0.2611
vn -0.8527 0.4869 0.1893
vn 0.4612 0.8365 0.2961
vn -0.9678 -0.0187 0.2509
vn 0.0683 -0.1693 0.9832
vn -0.1920 0.2606 -0.9462
vn 0.9987 -0.0255 0.0443
vn -0.6696 -0.7426 -0.0131
vn 0.3028 0.7908 -0.5319
vn 0.4406 -0.0528 0.8961
vn 0.3030 0.7910 -0.5315
vn -0.7758 0.5145 0.3652
vn 0.6802 0.7057 -0.1980
vn -0.3275 -0.3784 -0.8658
vn -0.5768 0.4802 0.6608
vn 0.9949 -0.0791 0.0634
vn -0.1253 -0.3756 -0.9183
vn -0.6119 0.1599 0.7746
vn -0.6938 0.0350 0.7193
vn 0.9591 0.1653 -0.2297
vn 0.6206 -0.7373 0.2668
vn 0.3500 0.1125 -0.9300
vn 0.0104 -0.3826 0.9238
vn -0.7489 0.3948 0.5322
vn -0.2260 0.5646 -0.7938
vn 0.3713 0.0600 -0.9266
vn -0.2405 -0.1330 0.9615
vn -0.7610 0.6390 -0.1121
vn -0.5801 0.6514 -0.4890
vn 0.8123 0.2501 0.5269
vn 0.4744 0.4514 -0.7558
vn -0.2833 -0.3446 0.8950
vn -0.8405 -0.2220 -0.4943
vn 0.8152 -0.5778 0.0384
vn 0.4517 0.4193 -0.7875
vn -0.1345 -0.6263 0.7679
vn -0.6880 0.6665 -0.2871
vn -0.5495 -0.5303 0.6456
vn 0.3805 -0.0970 0.9197
vn 0.3736 0.4551 -0.8083
vn -0.1002 0.3025 -0.9479
vn 0.6277 0.4083 0.6628
vn 0.6937 0.7023 -0.1598
vn -0.6628 -0.1855 0.7254
vn 0.8698 0.1442 0.4718
vn -0.3682 0.1052 -0.9238
vn -0.1344 0.9375 0.3211
vn 0.1543 -0.9779 -0.1409
vn 0.4324 -0.3014 0.8498
vn -0.4124 0.9037 -0.1153
vn 0.4204 -0.9057 -0.0543
vn 0.4763 -0.0431 0.8782
vn -0.0991 -0.4897 -0.8662
vn 0.4528 -0.8607 0.2327
vn 0.8305 0.1052 0.5470
vn -0.8799 0.4651 0.0972
vn -0.2039 -0.5824 -0.7869
vn -0.7126 0.7007 0.0362
vn 0.0594 0.7481 -0.6609
vn -0.5561 0.1729 0.8130
vn 0.4006 -0.9134 0.0726
vn 0.0210 0.6729 -0.7395
vn -0.8117 -0.3843 0.4398
vn 0.9011 -0.3474 0.2596
vn -0.6789 0.2368 0.6950
vn 0.9244 -0.1641 0.3443
vn -0.6188 -0.4667 0.6319
vn -0.6407 -0.1226 -0.7579
vn 0.3765 -0.0811 0.9229
vn 0.8159 0.5152 -0.2625
vn 0.1106 0.3313 -0.9370
vn -0.2659 -0.9575 0.1121
vn -0.7918 0.0750 -0.6061
vn 0.7466 -0.3636 0.5572
vn 0.4695 0.8773 0.0991
vn -0.0014 0.9477 -0.3191
vn 0.0971 -0.9950 -0.0242
vn 0.1537 -0.1759 -0.9723
vn -0.1080 0.7051 0.7009
vn -0.1229 0.9643 -0.2346
vn 0.4751 -0.7477 0.4640
vn 0.4697 0.8778 -0.0944
vn -0.8400 0.4895 -0.2339
vn -0.0410 -0.3107 0.9496
vn -0.6435 -0.7630 0.0607
vn 0.7008 0.4902 -0.5183
vn -0.6575 0.5406 -0.5248
vn 0.6168 -0.5580 0.5551
vn -0.8602 -0.2885 0.4204
vn 0.4702 0.8809 0.0544
vn -0.4677 0.8817 -0.0620
vn -0.4241 -0.9014 -0.0878
vn -0.1986 0.4283 -0.8816
vn 0.1622 -0.2868 0.9442
vn 0.3686 0.9204 0.1306
vn 0.0280 -0.9593 -0.2809
vn -0.5921 0.2682 -0.7599
vn 0.7166 -0.1508 0.6810
vn -0.0917 0.9780 0.1876
vn -0.3206 -0.9431 -0.0881
vn -0.9235 0.2707 -0.2718
vn 0.8414 -0.3904 0.3737
vn 0.1774 0.9824 0.0577
vn 0.2974 0.9464 0.1263
vn 0.0246 0.0195 -0.9995
vn -0.2562 -0.8966 -0.3612
vn -0.0417 0.2338 0.9714
vn 0.8023 0.5942 0.0567
vn 0.1596 0.2306 -0.9599
vn -0.7471 -0.6645 -0.0167
vn -0.1847 -0.0457 0.9817
vn -0.0648 0.9977 -0.0182
vn -0.0205 0.3533 -0.9353
vn -0.9390 -0.1449 -0.3118
vn 0.0051 0.8805 0.4741
vn -0.7435 -0.4725 -0.4732
vn 0.6684 -0.7438 -0.0016
vn -0.4065 -0.2158 -0.8878
vn -0.0957 0.7016 0.7061
vn 0.0060 -0.5971 -0.8022
vn 0.6960 -0.6204 0.3614
vn -0.7878 0.5068 -0.3501
vn 0.4991 0.7238 0.4765
vn -0.4838 -0.8681 -0.1114
vn 0.4682 -0.7155 0.5184
vn 0.9073 0.4200 -0.0209
vn -0.3089 -0.7182 0.6235
vn -0.2597 0.5317 -0.8061
vn -0.9464 -0.2260 -0.2307
vn 0.3772 0.9256 -0.0331
vn -0.3618 0.1131 0.9254
vn 0.2705 -0.0014 -0.9627
vn -0.3839 -0.9036 0.1901
vn -0.3411 0.8153 -0.4679
vn 0.3768 -0.4866 0.7882
vn -0.5105 -0.2374 -0.8264
vn -0.0259 -0.9756 0.2181
vn 0.6019 0.3991 -0.6918
vn 0.9712 0.2046 -0.1219
vn 0.0828 -0.1659 -0.9827
vn -0.9523 -0.2363 0.1933
vn 0.3071 0.2328 0.9228
vn 0.5565 0.7589 -0.3383
vn 0.0341 0.0012 -0.9994
vn -0.5704 -0.7999 0.1866
vn 0.5160 0.5377 0.6668
vn -0.6272 0.5958 0.5016
vn 0.8139 0.5606 -0.1527
vn -0.8533 0.1589 0.4966
vn 0.1599 -0.7577 -0.6327
vn -0.4710 0.2183 0.8547
vn 0.9817 0.1842 0.0489
vn -0.8835 0.0843 0.4608
vn -0.1170 -0.4340 -0.8933
vn -0.1206 0.9530 0.2779
vn 0.3391 0.9229 -0.1824
vn -0.8052 0.0303 0.5922
vn 0.2497 -0.7635 -0.5956
vn 0.6692 0.1537 0.7270
vn 0.0830 0.3575 -0.9302
vn -0.7825 -0.4269 0.4532
vn -0.5869 0.0211 -0.8094
vn 0.6710 0.1774 0.7199
vn 0.4491 0.0060 -0.8935
vn -0.7881 -0.0834 0.6098
vn -0.4769 -0.1551 -0.8651
vn 0.7488 -0.1928 0.6341
vn 0.4656 0.4721 -0.7486
vn -0.5255 -0.4652 0.7123
vn -0.6789 0.1803 -0.7117
vn -0.1862 -0.7162 0.6726
vn 0.6892 0.6876 0.2284
vn -0.4569 -0.1545 -0.8760
vn -0.6566 -0.3254 0.6805
vn 0.5029 -0.6353 0.5861
vn 0.0596 0.7013 -0.7104
vn 0.3536 0.7911 -0.4992
vn -0.1128 -0.7929 0.5989
vn 0.8989 0.1534 0.4104
vn 0.7278 0.6607 -0.1837
vn -0.9774 -0.1301 -0.1669
vn -0.3170 -0.6778 0.6634
vn -0.0630 0.6789 -0.7315
vn -0.6858 -0.5879 -0.4290
vn -0.8682 0.3714 0.3289
vn 0.7574 0.2522 0.6023
vn -0.0722 -0.3008 -0.9510
vn -0.9541 -0.1763 0.2423
vn 0.8079 -0.2452 0.5360
vn 0.7304 0.5005 -0.4647
vn 0.5979 -0.8000 0.0492
vn 0.7579 0.3738 0.5347
vn 0.1563 -0.7957 -0.5851
vn -0.7477 0.5578 -0.3602
vn 0.2663 -0.7931 0.5478
vn 0.3654 0.7865 0.4979
vn -0.2069 -0.9611 -0.1828
vn -0.3404 0.7122 -0.6139
vn -0.1275 -0.6015 0.7887
vn -0.1357 -0.4985 -0.8562
vn 0.5696 0.3327 -0.7516
vn 0.4410 0.7649 0.4695
vn 0.2930 -0.7520 0.5905
vn -0.5926 -0.4415 -0.6737
vn -0.4289 0.4917 -0.7578
vn 0.4011 0.8944 0.1980
vn 0.7944 -0.3454 0.4997
vn -0.5473 -0.2269 -0.8056
vn -0.2485 -0.9514 -0.1819
vn 0.5805 -0.8118 0.0626
vn -0.0514 -0.9985 0.0169
vn 0.7428 0.6692 0.0213
vn -0.7597 -0.6156 -0.2095
vn 0.1717 -0.7822 0.5990
vn 0.8042 0.5904 0.0689
vn 0.1938 -0.9324 -0.3052
vn 0.9318 -0.2177 0.2905
vn 0.7336 -0.1811 -0.6550
vn -0.9287 0.3520 -0.1167
vn -0.1257 0.1920 0.9733
vn -0.1931 0.9266 -0.3227
vn 0.0798 0.8486 0.5230
vn -0.6208 0.7710 -0.1419
vn -0.4853 0.0693 -0.8716
vn 0.4824 -0.6188 -0.6199
vn -0.2769 0.6422 0.7147
vn 0.9220 -0.3872 -0.0017
vn -0.7725 0.3869 0.5035
vn 0.9722 -0.1296 0.1952
vn -0.2133 0.8263 0.5213
vn -0.3163 0.9393 0.1327
vn -0.1476 0.9758 -0.1616
vn -0.4704 0.7569 0.4537
vn -0.8599 0.1862 0.4753
vn 0.4380 0.7955 0.4187
vn 0.5535 -0.8209 0.1409
vn -0.1329 -0.8788 0.4583
vn 0.4091 0.8993 -0.1547
vn -0.3439 0.5180 -0.7832
vn -0.4255 -0.7871 -0.4467
vn -0.3350 0.9389 0.0783
vn -0.4420 0.3559 -0.8234
vn -0.3165 0.2948 0.9016
vn 0.1262 0.7495 -0.6499
vn 0.5337 -0.7914 -0.2981
vn -0.6445 0.7298 -0.2279
vn -0.9849 -0.0019 0.1730
vn 0.1167 0.8548 -0.5057
vn 0.3515 -0.8552 0.3810
vn -0.6229 0.7016 -0.3459
vn -0.4778 -0.8348 0.2734
vn -0.5843 0.8100 0.0498
vn 0.5480 -0.3274 -0.7697
vn -0.3288 0.2047 0.9220
vn -0.8136 0.5097 0.2797
vn -0.3004 -0.8169 -0.4923
vn 0.6371 0.5014 0.5854
vn 0.5624 -0.8151 -0.1390
vn 0.5645 0.2164 0.7966
vn -0.0587 -0.9979 0.0276
vn 0.7864 0.6173 -0.0248
vn -0.3329 0.4930 -0.8039
vn -0.1039 -0.9943 -0.0247
vn 0.1684 -0.9310 0.3240
vn 0.1558 0.2224 0.9624
vn 0.0333 0.4294 0.9025
vn 0.4534 0.8865 0.0924
vn -0.0915 0.7243 0.6834
vn 0.4238 -0.7129 -0.5587
vn -0.2604 -0.9562 -0.1334
vn 0.5825 0.7900 0.1913
vn -0.4092 0.6066 0.6816
vn 0.4028 -0.7144 -0.5722
vn -0.5024 -0.8636 -0.0416
vn 0.8569 0.5114 0.0645
vn 0.4212 0.8108 0.4065
vn -0.1806 0.3215 0.9295
vn 0.6684 -0.0014 -0.7438
vn -0.4070 -0.8599 0.3080
vn -0.3216 -0.6086 -0.7254
vn 0.4774 -0.8718 -0.1096
vn -0.1259 -0.9402 0.3164
vn -0.6861 -0.7269 -0.0297
vn 0.7251 0.1097 0.6798
vn 0.2609 0.5923 -0.7623
vn -0.1938 -0.9400 -0.2807
vn -0.4918 -0.8332 -0.2527
vn 0.2073 0.8969 -0.3906
vn 0.7126 -0.6986 -0.0642
vn 0.6693 0.7421 -0.0369
vn -0.8232 -0.4029 0.4000
vn -0.9080 0.3324 0.2550
vn -0.4039 0.2934 0.8665
vn 0.2796 0.1162 0.9531
vn 0.9684 -0.1815 -0.1711
vn 0.4712 -0.2084 -0.8571
vn -0.2390 -0.0203 -0.9708
vn -0.8516 0.1832 -0.4911
vn 0.5618 -0.3952 -0.7268
vn 0.8637 -0.3764 -0.3352
vn -0.4525 0.4387 0.7764
vn -0.8822 0.4437 0.1576
vn -0.9382 0.1285 -0.3213
vn -0.1189 -0.3537 -0.9278
vn 0.4503 -0.0024 0.8929
vn 0.5233 0.2948 0.7995
vn 0.7844 -0.1666 0.5974
vn 0.9034 -0.1986 0.3802
vn -0.3353 0.4068 -0.8498
vn -0.7445 0.0219 0.6673
vn -0.4725 -0.8129 0.3405
vn 0.6850 0.3885 0.6163
vn -0.2704 0.1097 -0.9565
vn 0.1653 0.8107 -0.5616
vn -0.8076 -0.4128 0.4211
vn 0.2636 0.7740 0.5757
vn 0.3660 -0.0324 -0.9300
vn 0.7180 0.4850 -0.4992
vn -0.4385 -0.0233 0.8984
vn -0.1736 -0.3061 0.9361
vn -0.0398 0.7226 0.6901
vn -0.5339 -0.0394 0.8446
vn -0.5875 0.5744 0.5700
vn -0.6606 0.4449 0.6048
vn -0.6531 0.4829 0.5833
vn 0.1639 0.8201 0.5482
vn 0.3507 -0.0103 0.9364
vn -0.3104 0.9104 0.2735
vn 0.0316 0.4317 0.9015
vn -0.7470 0.5980 0.2907
vn -0.5863 -0.6481 -0.4861
vn 0.3246 0.0445 0.9448
vn -0.4771 -0.7823 0.4005
vn -0.0612 -0.9214 0.3836
vn 0.5100 0.7311 0.4533
vn -0.9980 0.0418 0.0469
vn 0.3217 -0.7938 0.5161
vn -0.5460 -0.8320 0.0985
vn 0.0084 -0.8594 0.5112
vn -0.7692 0.5430 0.3369
vn -0.5833 -0.8093 0.0688
vn 0.9439 -0.3070 0.1219
vn 0.6886 -0.7115 0.1400
vn 0.4431 -0.8485 0.2894
vn 0.0804 -0.9968 0.0012
vn -0.5243 0.8304 0.1886
vn -0.8560 -0.5158 0.0358
vn -0.9971 0.0756 -0.0093
vn 0.9864 0.0720 -0.1476
vn 0.1717 -0.9648 -0.1991
vn 0.0378 -0.9667 -0.2533
vn -0.5765 -0.8029 -0.1514
vn 0.2835 0.9538 0.0998
vn -0.7245 -0.5241 -0.4477
vn 0.0507 0.9973 0.0525
vn -0.5430 -0.5586 0.6270
vn -0.7645 0.0700 -0.6408
vn -0.8277 -0.5311 -0.1815
vn -0.0588 -0.9570 -0.2841
vn 0.1624 -0.9732 -0.1629
vn -0.1252 0.9919 -0.0217
vn 0.3534 0.9348 -0.0364
vn -0.0371 -0.3880 0.9209
vn -0.6452 -0.3593 0.6743
vn 0.0845 0.9919 -0.0947
vn 0.7116 -0.3127 -0.6292
vn -0.2158 -0.9669 -0.1364
vn -0.1737 -0.8775 0.4470
vn -0.3899 0.9121 -0.1268
vn -0.6499 0.5822 -0.4886
vn 0.7390 0.0290 -0.6731
vn -0.9286 0.2450 0.2787
vn 0.9080 -0.1883 0.3742
vn -0.3319 -0.8962 0.2944
vn -0.6496 -0.6401 -0.4102
vn 0.9306 -0.1138 -0.3480
vn -0.0710 -0.7610 -0.6449
vn -0.2408 -0.7154 -0.6559
vn -0.5813 0.6754 -0.4538
vn 0.8390 -0.0209 -0.5437
vn -0.9387 -0.1571 -0.3069
vn 0.8427 0.0197 -0.5380
vn 0.3294 -0.6293 -0.7038
vn 0.6061 0.5807 -0.5436
vn 0.8369 0.0793 -0.5416
vn 0.4732 0.2390 -0.8479
vn -0.6358 0.6285 -0.4480
vn 0.6317 -0.1285 -0.7645
vn 0.8376 -0.0117 -0.5461
vn 0.5096 -0.7454 -0.4297
vn 0.4110 -0.3381 -0.8466
vn 0.8233 -0.0179 -0.5674
vn 0.8017 -0.0188 -0.5975
vn -0.9687 -0.1294 -0.2120
vn -0.9755 0.0350 -0.2171
vn -0.7927 0.2386 -0.5609
vn -0.9766 0.1066 -0.1869
vn -0.3589 0.5758 -0.7346
vn -0.2204 -0.9738 0.0561
vn -0.4289 -0.9006 0.0704
vn 0.0988 0.9073 -0.4086
vn -0.7010 -0.5094 0.4992
vn -0.5747 -0.2514 -0.7787
vn -0.1463 0.9402 -0.3076
vn -0.4350 0.8846 0.1681
vn -0.3426 -0.6356 -0.6919
vn -0.5615 0.7423 -0.3656
vn -0.9699 0.0723 -0.2327
vn -0.8097 0.0957 0.5789
vn -0.3713 0.6531 -0.6601
vn -0.2422 -0.9194 0.3099
vn -0.0221 -0.9998 -0.0036
vn -0.1921 0.6187 -0.7618
vn -0.5331 -0.6748 -0.5104
vn -0.0711 -0.9908 0.1148
vn -0.4755 0.8277 -0.2980
vn -0.7130 -0.4829 -0.5084
vn -0.8494 0.0601 0.5243
vn -0.8493 0.4590 -0.2607
vn -0.2961 0.9357 0.1918
vn -0.3228 0.4798 0.8158
vn -0.1743 0.6438 -0.7451
vn -0.5488 0.5214 0.6534
vn -0.8254 0.1377 0.5474
vn -0.2416 -0.9704 -0.0009
vn -0.6426 0.6756 -0.3614
vn -0.8198 -0.0464 -0.5708
vn -0.0947 0.9953 0.0219
vn -0.2174 0.5418 -0.8119
vn -0.3769 -0.8408 -0.3887
vn -0.1057 -0.9893 -0.1003
vn -0.6024 -0.3032 -0.7384
vn -0.7538 -0.6495 -0.0993
vn -0.0855 0.9686 -0.2334
vn -0.1888 0.3212 -0.9280
vn -0.0257 -0.9984 -0.0510
vn 0.0262 0.8806 -0.4730
vn -0.1402 0.9771 0.1601
vn -0.1651 -0.8970 -0.4100
vn -0.0206 -0.9988 -0.0452
vn -0.7617 0.0236 0.6475
vn -0.3094 0.0483 -0.9497
vn -0.5736 -0.7510 -0.3271
vn -0.1955 -0.7214 0.6644
vn -0.2402 -0.9403 0.2410
vn 0.1329 0.0304 -0.9907
vn -0.2155 -0.9612 0.1721
vn -0.0435 -0.9986 -0.0291
vn -0.1585 -0.9155 -0.3698
vn -0.0996 -0.9943 -0.0371
vn 0.1474 -0.5216 -0.8404
vn -0.7181 0.0260 0.6955
vn -0.0058 -0.9823 -0.1872
vn -0.1177 -0.9807 -0.1558
vn -0.2077 0.9671 -0.1469
vn 0.1562 -0.9795 -0.1270
vn 0.2495 -0.1522 -0.9563
vn -0.0620 0.9770 -0.2038
vn -0.3396 -0.1421 0.9298
vn 0.2141 -0.6512 -0.7281
vn -0.0480 -0.9705 0.2362
vn -0.0138 0.9966 0.0808
vn -0.7019 0.6666 0.2511
vn 0.3122 0.7498 -0.5833
vn -0.1109 0.5559 0.8238
vn 0.4049 -0.8293 -0.3851
vn 0.4191 -0.7059 0.5711
vn -0.2832 -0.8830 0.3744
vn 0.3985 0.5129 -0.7604
vn -0.3067 -0.3783 0.8734
vn -0.3183 0.2219 0.9217
vn 0.5169 -0.8517 0.0859
vn 0.4635 0.2405 -0.8528
vn 0.5269 -0.7162 -0.4576
vn 0.3116 0.9477 -0.0694
vn 0.4191 0.8875 0.1914
vn 0.3105 0.2817 0.9079
vn 0.0494 -0.8489 0.5263
vn 0.4391 0.1105 0.8916
vn 0.3253 -0.9373 -0.1248
vn 0.2260 -0.9701 -0.0882
vn -0.0878 0.9961 0.0036
vn -0.0755 0.9965 -0.0373
vn -0.4403 0.8731 0.2095
vn -0.2367 -0.3629 0.9013
vn -0.0456 -0.9966 -0.0681
vn 0.2565 -0.8812 -0.3972
vn 0.5004 -0.8614 -0.0866
vn 0.8638 -0.3630 -0.3494
vn 0.5066 -0.6195 0.5997
vn 0.5878 -0.8045 0.0857
vn 0.1648 0.9173 0.3625
vn 0.1982 0.9294 0.3114
vn 0.6569 0.1624 -0.7363
vn 0.1865 0.5796 0.7933
vn 0.2172 -0.6527 0.7259
vn -0.0080 -0.9997 -0.0248
vn -0.0758 -0.9971 0.0008
vn 0.5182 0.7423 0.4249
vn 0.8154 0.5768 -0.0492
vn 0.3077 -0.8607 0.4057
vn 0.1041 0.9946 0.0025
vn -0.3973 0.8403 -0.3688
vn 0.0416 0.9367 -0.3476
vn 0.4204 0.8928 -0.1617
vn -0.5000 -0.6140 0.6107
vn 0.6233 0.5212 0.5829
vn 0.8270 -0.3575 0.4338
vn -0.1276 -0.9909 0.0424
vn 0.8674 -0.3716 0.3309
vn 0.8261 0.2898 0.4833
vn 0.1372 0.9899 -0.0365
vn 0.2820 0.9230 -0.2618
vn -0.0638 -0.9935 0.0939
vn 0.1218 0.9908 -0.0583
vn -0.4602 0.0879 0.8835
vn 0.4058 -0.2800 -0.8700
vn -0.0819 -0.8605 0.5028
vn 0.1732 0.9843 0.0348
vn -0.0707 -0.9772 0.2000
vn 0.1494 0.8446 -0.5142
vn -0.2049 0.3211 0.9246
vn -0.0686 0.9793 -0.1906
vn 0.2148 0.9135 0.3454
vn -0.0662 0.7381 -0.6714
vn 0.3252 0.1955 0.9252
vn 0.1762 -0.7352 0.6546
vn 0.3172 -0.9309 -0.1812
vn -0.1261 -0.9702 0.2071
vn 0.1004 -0.9946 -0.0247
vn -0.0775 0.9493 -0.3048
vn -0.0216 0.5918 -0.8058
vn 0.5927 0.5633 0.5758
vn -0.5005 0.8522 0.1526
vn -0.0100 0.9250 -0.3799
vn 0.5033 0.8596 -0.0878
vn 0.1993 -0.3758 -0.9050
vn 0.1078 -0.8693 0.4823
vn -0.0310 0.5400 -0.8411
vn 0.4234 0.9056 -0.0250
vn 0.3119 -0.5775 -0.7544
vn 0.9074 -0.3249 -0.2664
vn 0.1969 -0.9190 0.3416
vn 0.1704 -0.7335 0.6580
vn 0.2397 -0.9672 0.0846
vn 0.5122 0.5181 -0.6850
vn 0.6047 -0.4007 -0.6883
vn 0.3098 0.8617 0.4019
vn 0.2834 0.8982 0.3359
vn 0.9050 -0.3429 -0.2518
vn 0.2375 -0.9674 0.0877
vn 0.1179 0.5495 0.8272
vn 0.3960 -0.9076 -0.1397
vn 0.5212 0.4387 -0.7321
vn 0.4114 0.8304 -0.3757
vn 0.3688 0.8329 0.4127
vn 0.5415 -0.1993 0.8168
vn 0.3582 -0.9320 0.0556
vn -0.0646 0.8511 0.5210
vn -0.3914 -0.3975 0.8299
vn 0.6271 0.6328 0.4542
vn 0.7218 0.6920 0.0133
vn 0.1430 0.9897 -0.0064
vn 0.0750 0.8921 0.4455
vn -0.0410 -0.9946 0.0950
vn 0.6601 -0.7109 -0.2426
vn 0.6382 0.4597 0.6175
vn 0.6581 0.0504 0.7513
vn -0.1694 -0.4990 -0.8499
vn 0.4233 -0.9022 0.0830
vn 0.0970 -0.5593 0.8233
vn 0.5750 0.3383 0.7449
vn 0.8632 -0.4462 0.2363
vn 0.7273 -0.5972 0.3381
vn 0.9864 -0.0071 0.1641
vn 0.7729 0.3446 0.5328
vn 0.6299 -0.4038 0.6635
vn 0.8006 0.5858 -0.1261
vn 0.6888 0.7249 0.0064
vn 0.6095 0.4070 0.6803
vn 0.3962 -0.3416 0.8522
vn 0.3875 -0.7404 0.5493
vn 0.6268 -0.7293 -0.2744
vn 0.5000 -0.8449 0.1903
vn 0.8594 0.4416 0.2578
vn 0.7466 0.3680 0.5543
vn 0.9901 -0.1210 -0.0705
vn 0.8862 -0.1485 0.4389
vn 0.5063 0.1169 -0.8544
vn 0.4261 0.6207 -0.6581
vn -0.0600 0.7317 -0.6790
vn -0.0079 -0.1440 -0.9895
vn -0.0557 -0.2434 -0.9683
vn 0.6415 -0.5096 -0.5734
vn 0.3848 0.8994 -0.2072
vn -0.0711 -0.8819 -0.4660
vn -0.2261 0.8834 -0.4105
vn 0.6829 -0.5906 -0.4298
vn -0.1713 -0.9738 -0.1497
vn 0.1478 -0.7399 -0.6563
vn 0.1533 0.9879 0.0216
vn -0.0578 0.9869 -0.1504
vn 0.6272 0.7788 0.0106
vn -0.7583 0.1613 -0.6317
vn 0.9387 0.3214 0.1250
vn 0.6427 0.4402 -0.6271
vn -0.1199 0.1230 -0.9851
vn -0.2163 0.1674 -0.9619
vn -0.6508 0.3460 -0.6758
vn 0.8619 -0.4779 -0.1696
vn -0.1670 -0.9577 -0.2343
vn 0.7396 0.2030 -0.6417
vn -0.2565 -0.2626 -0.9302
vn -0.3330 0.8546 -0.3984
vn 0.8961 0.0252 -0.4432
vn 0.9199 -0.3402 -0.1952
vn 0.3484 0.9083 -0.2316
vn 0.4097 0.8863 -0.2158
vn -0.3606 0.7284 -0.5826
vn -0.6325 -0.3883 -0.6702
vn 0.5102 -0.1550 -0.8460
vn -0.4668 -0.7269 -0.5036
vn 0.9407 0.3040 0.1507
vn 0.0862 -0.9963 -0.0048
vn -0.6068 0.7583 -0.2382
vn 0.5014 -0.7676 -0.3992
vn -0.2981 0.9534 -0.0473
vn -0.9351 -0.3247 -0.1422
vn -0.5992 0.6866 -0.4117
vn -0.5254 -0.8488 0.0586
vn 0.6960 -0.7027 0.1473
vn -0.5753 0.8044 0.1485
vn -0.2937 0.9475 -0.1262
vn 0.7706 0.6059 -0.1974
vn 0.9749 0.1654 -0.1491
vn -0.8013 0.5744 0.1672
vn 0.7965 -0.5247 0.3005
vn -0.7826 -0.6054 0.1446
vn 0.9809 -0.1905 -0.0396
vn 0.6587 -0.7122 0.2426
vn 0.3617 0.8926 -0.2692
vn 0.4029 0.8850 -0.2335
vn -0.2216 0.8808 -0.4184
vn 0.0272 -0.8902 0.4547
vn -0.4503 0.6217 -0.6408
vn 0.9120 0.4057 -0.0608
vn -0.3763 -0.6827 -0.6263
vn -0.5579 0.6264 0.5445
vn -0.6029 -0.5010 -0.6209
vn -0.1740 -0.9729 0.1525
vn 0.3465 -0.3463 -0.8718
vn -0.1115 -0.8213 0.5595
vn -0.0735 0.9965 -0.0387
vn -0.9309 -0.3523 -0.0959
vn 0.8960 -0.3847 0.2219
vn -0.6175 0.4408 0.6515
vn 0.8718 0.0100 -0.4898
vn -0.6496 -0.6009 0.4658
vn -0.6392 -0.6925 0.3346
vn -0.1195 -0.5409 0.8326
vn -0.0442 0.9824 -0.1812
vn -0.4114 0.7382 -0.5347
vn 0.9464 0.3190 -0.0501
vn 0.9659 -0.0224 0.2579
vn 0.7096 0.6720 -0.2118
vn -0.4020 -0.2694 0.8751
vn -0.1174 -0.7960 0.5938
vn 0.0813 -0.7345 -0.6737
vn -0.1481 -0.8135 -0.5624
vn -0.5220 0.2631 0.8114
vn -0.5796 -0.4923 -0.6494
vn 0.9372 -0.2490 0.2441
vn 0.2667 0.9636 -0.0183
vn -0.2102 0.9412 -0.2645
vn -0.8481 -0.1486 -0.5085
vn 0.9280 0.2840 0.2410
vn 0.9777 -0.0134 0.2094
vn -0.5350 -0.5724 -0.6214
vn -0.4542 0.8701 0.1916
vn -0.3920 0.8894 0.2352
vn 0.8221 0.5221 0.2272
vn -0.5660 -0.8240 0.0266
vn -0.6317 -0.7671 -0.1119
vn -0.0196 -0.9993 0.0310
vn -0.9909 0.0784 -0.1096
vn 0.4411 0.8778 0.1867
vn 0.0361 -0.9970 -0.0678
vn -0.1515 -0.9788 -0.1382
vn 0.0128 0.9902 0.1392
vn -0.9726 0.2266 0.0516
vn -0.2212 0.7370 -0.6387
vn -0.2666 -0.9570 -0.1146
vn 0.4534 0.7868 0.4188
vn 0.4067 0.8257 0.3909
vn -0.2107 0.9673 0.1409
vn 0.9421 0.2507 0.2229
vn -0.1572 0.9846 0.0770
vn -0.3818 0.5749 0.7237
vn 0.9866 -0.0587 0.1521
vn -0.8787 0.1708 0.4457
vn -0.5870 -0.7498 0.3053
vn 0.0088 -0.9981 0.0606
vn -0.6154 -0.7636 0.1956
vn 0.1715 0.8926 0.4169
vn -0.4986 0.7504 0.4339
vn -0.4929 0.8035 0.3337
vn 0.4223 0.6702 0.6103
vn -0.7199 0.5152 0.4650
vn 0.8965 -0.0610 0.4388
vn -0.7620 0.4671 0.4485
vn 0.6466 -0.0981 0.7565
vn -0.5299 -0.7710 0.3534
vn 0.9064 0.2872 0.3098
vn -0.8171 0.4320 0.3818
vn -0.5941 -0.7117 0.3749
vn -0.4644 -0.6303 0.6221
vn 0.1859 0.8829 0.4312
vn -0.1582 -0.9094 0.3847
vn 0.9508 -0.1615 0.2645
vn 0.5445 -0.7931 0.2730
vn -0.1361 0.5042 0.8528
vn -0.6471 0.1960 0.7368
vn 0.4670 0.3271 0.8215
vn -0.2788 0.6167 0.7362
vn -0.7989 -0.6003 0.0377
vn 0.3066 0.0783 0.9486
vn 0.4930 -0.3901 0.7777
vn 0.5173 0.2823 0.8079
vn -0.2417 -0.6948 0.6774
vn -0.1486 0.8586 0.4907
vn 0.4484 0.6920 0.5657
vn -0.0047 -0.7007 0.7135
vn -0.0079 -0.7967 0.6044
vn -0.1604 -0.8807 0.4458
vn -0.1416 -0.1134 0.9834
vn -0.5105 0.2773 0.8139
vn -0.6438 -0.4534 0.6163
vn -0.8360 -0.0043 0.5486
vn -0.8501 -0.0645 0.5226
vn -0.8282 0.0034 0.5604
vn -0.8074 -0.1986 0.5556
vn -0.8265 0.0116 0.5628
vn -0.8655 0.0138 0.5008
vn -0.6951 -0.5789 -0.4263
vn -0.6971 0.6546 -0.2924
vn -0.7592 -0.0215 -0.6505
vn -0.6683 0.6754 0.3119
vn -0.4083 0.6546 -0.6363
vn -0.4055 -0.4493 -0.7961
vn -0.2410 0.6917 -0.6808
vn -0.1047 0.3618 -0.9264
vn 0.2098 -0.9674 -0.1418
vn -0.0457 0.9989 -0.0114
vn 0.0038 0.8666 -0.4991
vn 0.0325 0.3650 0.9304
vn 0.0723 -0.7809 -0.6204
vn 0.2524 -0.8840 -0.3936
vn 0.2136 0.9755 0.0523
vn 0.2560 0.7931 -0.5527
vn 0.0071 0.3729 -0.9278
vn 0.2174 0.9728 0.0802
vn 0.3138 -0.5813 -0.7508
vn 0.0022 -0.4286 0.9035
vn -0.9990 -0.0216 -0.0393
vn -0.7753 -0.6304 -0.0381
vn 0.1146 -0.0885 -0.9895
vn 0.4402 0.5120 -0.7376
vn 0.5531 -0.7567 -0.3484
vn -0.0853 -0.7011 -0.7079
vn 0.0407 -0.9659 -0.2557
vn -0.9040 0.0567 -0.4237
vn 0.4716 0.8792 -0.0680
vn 0.5027 0.8468 0.1739
vn 0.8527 -0.4404 0.2810
vn 0.9278 -0.1918 -0.3201
vn 0.7828 0.4449 -0.4351
vn -0.8350 0.3700 0.4072
vn -0.7807 -0.5896 0.2072
vn -0.3346 -0.9024 -0.2716
vn 0.6739 0.7255 0.1396
vn -0.8785 0.4552 0.1454
vn 0.2838 0.3134 0.9062
vn 0.3801 0.4756 -0.7933
vn -0.3120 0.9279 0.2039
vn -0.9529 0.2519 0.1691
vn -0.6940 -0.0139 0.7198
vn -0.8316 -0.0081 -0.5553
vn -0.4854 -0.4892 0.7246
vn 0.6348 -0.3975 0.6626
vn 0.9301 0.3578 -0.0830
vn 0.8577 -0.4237 -0.2913
vn 0.2144 -0.9471 -0.2389
vn 0.8428 -0.4938 0.2143
vn -0.6126 0.7117 -0.3439
vn -0.6063 0.0013 0.7952
vn -0.5079 -0.8588 0.0671
vn -0.3566 -0.9146 0.1905
vn -0.6470 -0.7289 -0.2239
vn 0.8583 0.4375 0.2681
vn 0.0623 0.9968 0.0502
vn -0.3500 -0.8039 0.4810
vn 0.1661 -0.8157 -0.5542
vn 0.1199 -0.7589 -0.6400
vn 0.1445 0.9070 0.3956
vn 0.9954 0.0317 -0.0907
vn -0.5827 0.7849 0.2107
vn 0.1287 -0.9868 -0.0985
vn -0.1491 -0.8905 0.4299
vn -0.6280 0.7758 -0.0617
vn 0.8872 0.4169 0.1979
vn 0.8932 -0.0477 -0.4471
vn -0.4467 -0.3074 0.8402
vn 0.2175 -0.9678 0.1266
vn 0.9774 -0.1503 0.1486
vn -0.3212 0.7772 0.5412
vn -0.6473 0.4880 0.5855
vn -0.9016 -0.0824 0.4247
vn -0.5184 -0.5698 -0.6377
vn -0.5040 0.8456 -0.1759
vn 0.9554 0.1896 0.2264
vn 0.9417 -0.1380 -0.3069
vn 0.5730 -0.7941 -0.2025
vn -0.6501 0.1728 -0.7400
vn -0.2116 -0.2671 0.9402
vn -0.3868 0.9101 0.1490
vn -0.9153 -0.2414 -0.3224
vn -0.5502 -0.8303 0.0892
vn -0.1615 -0.9082 0.3862
vn -0.3257 -0.7091 0.6254
vn -0.0792 -0.9969 -0.0012
vn -0.2078 0.2746 -0.9388
vn -0.4872 -0.7983 0.3540
vn -0.3094 0.6671 -0.6777
vn -0.8156 -0.1782 -0.5506
vn -0.5315 0.4985 0.6848
vn -0.1504 -0.7779 -0.6101
vn -0.5167 -0.8506 0.0978
vn -0.6508 0.3853 -0.6542
vn -0.1101 0.6931 0.7124
vn -0.0956 0.8531 0.5129
vn -0.4822 0.2292 -0.8455
vn -0.4987 -0.0751 -0.8635
vn -0.2675 0.9512 0.1539
vn -0.0729 0.8006 -0.5948
vn -0.1175 0.7277 -0.6758
vn -0.2909 -0.8554 0.4285
vn -0.0240 0.7660 0.6424
vn 0.2068 0.5813 -0.7870
vn -0.0124 0.7283 0.6852
vn -0.5992 0.4217 -0.6805
vn -0.2524 0.0581 0.9659
vn -0.0856 -0.9935 -0.0753
vn -0.3196 -0.8648 0.3872
vn -0.0722 -0.9854 -0.1544
vn -0.1654 -0.9394 0.3003
vn 0.0182 -0.9045 0.4262
vn -0.0546 -0.9985 -0.0072
vn 0.0286 0.8101 -0.5855
vn -0.3389 0.7960 -0.5016
vn -0.2339 0.9585 0.1630
vn 0.1058 0.7969 -0.5948
vn 0.1781 0.5829 0.7928
vn 0.1094 0.8975 0.4271
vn -0.2551 0.0790 0.9637
vn 0.1272 -0.7674 -0.6285
vn 0.1629 0.9712 -0.1739
vn 0.0656 -0.9960 0.0608
vn -0.7175 0.0789 0.6921
vn -0.1245 0.7355 -0.6660
vn -0.0590 -0.2450 -0.9677
vn -0.1963 -0.7878 -0.5838
vn 0.0271 -0.9556 0.2933
vn -0.0216 -0.9657 0.2589
vn 0.2866 -0.9571 0.0436
vn -0.2757 0.9562 -0.0978
vn -0.4571 0.8203 -0.3437
vn 0.7853 0.1612 -0.5978
vn 0.0594 -0.3930 0.9176
vn -0.3309 0.7938 0.5103
vn -0.3426 -0.4365 0.8319
vn -0.0039 -0.8966 -0.4429
vn -0.0190 0.7692 0.6387
vn 0.4618 -0.5448 -0.6999
vn 0.0191 -0.9953 -0.0944
vn 0.3245 0.6695 -0.6681
vn 0.0147 -0.9960 0.0886
vn 0.4599 -0.6486 0.6065
vn -0.2153 -0.4236 0.8799
vn 0.1534 -0.9829 0.1014
vn 0.1893 -0.8879 0.4193
vn 0.5883 -0.1023 -0.8022
vn 0.4467 0.2281 -0.8651
vn 0.5090 0.6234 0.5935
vn 0.5902 -0.2284 0.7743
vn 0.4940 -0.8450 0.2048
vn 0.2315 0.1115 0.9664
vn 0.4530 -0.7112 -0.5376
vn 0.4814 -0.8708 -0.0994
vn -0.0560 0.9967 -0.0592
vn 0.1344 0.7309 0.6691
vn 0.4325 0.7105 -0.5552
vn 0.0828 -0.9386 0.3349
vn 0.4915 0.4841 0.7239
vn 0.4572 0.0607 0.8873
vn 0.7235 -0.2804 0.6309
vn -0.5891 -0.6454 -0.4863
vn -0.6056 -0.7784 -0.1655
vn 0.3198 0.8247 -0.4665
vn -0.0529 0.9809 0.1870
vn 0.1956 -0.8710 -0.4506
vn 0.9704 -0.0150 -0.2411
vn 0.1293 0.2679 -0.9547
vn -0.3947 0.9128 -0.1046
vn -0.2186 0.9226 0.3179
vn 0.2015 -0.9751 0.0929
vn 0.2252 0.8860 0.4054
vn 0.3877 0.8394 0.3808
vn 0.3070 -0.8398 0.4477
vn 0.2911 -0.8937 0.3413
vn -0.0478 -0.9826 -0.1794
vn 0.3880 -0.4678 -0.7941
vn 0.5976 -0.6077 0.5230
vn 0.2773 -0.9546 -0.1089
vn 0.4282 0.8241 -0.3708
vn 0.5775 0.7440 -0.3362
vn -0.2347 -0.4710 -0.8504
vn 0.4583 0.8884 -0.0260
vn 0.7191 0.4483 0.5309
vn 0.5775 0.7903 0.2046
vn 0.3831 -0.1192 -0.9160
vn 0.6941 -0.2806 0.6629
vn -0.0619 -0.9947 0.0823
vn -0.0196 0.6481 -0.7613
vn 0.3350 -0.9305 0.1484
vn 0.4116 -0.8527 0.3218
vn 0.2179 -0.8979 -0.3824
vn 0.7312 0.2637 -0.6292
vn 0.4187 -0.8628 0.2834
vn 0.1289 0.2850 -0.9498
vn 0.4811 -0.5253 -0.7018
vn 0.2020 0.9291 -0.3099
vn 0.2059 0.6153 -0.7610
vn 0.2932 -0.7525 -0.5897
vn 0.7181 0.6281 0.2996
vn 0.8190 0.2971 0.4908
vn 0.7117 -0.6883 0.1401
vn 0.5951 -0.4731 -0.6496
vn 0.7515 0.5427 -0.3752
vn 0.7591 0.4793 -0.4405
vn 0.7741 -0.0720 -0.6289
vn 0.7670 -0.5897 0.2527
vn 0.7688 0.5756 -0.2788
vn 0.8566 -0.4024 0.3231
vn 0.6698 0.7304 0.1335
vn 0.8910 0.3107 0.3311
vn 0.8204 0.5696 0.0499
vn 0.8430 -0.2448 -0.4790
vn 0.7120 -0.6884 0.1382
vn 0.8487 -0.4003 -0.3456
vn 0.9635 -0.0625 -0.2602
vn 0.9273 0.0098 -0.3742
vn -0.2786 0.1944 0.9405
vn -0.3116 -0.3460 0.8850
vn -0.8656 -0.0055 0.5007
vn -0.2540 0.4736 0.8433
vn -0.8233 -0.0208 0.5672
vn 0.1029 -0.7019 0.7048
vn -0.3630 0.6080 0.7061
vn 0.2313 -0.1287 0.9643
vn -0.5408 -0.7133 0.4457
vn -0.8167 0.5143 0.2617
vn -0.9392 0.2374 0.2482
vn -0.2881 -0.9504 0.1177
vn 0.4552 0.2703 0.8484
vn -0.9033 0.2955 0.3110
vn 0.4923 0.3815 0.7824
vn -0.6371 -0.6874 0.3487
vn 0.3223 0.9252 -0.2001
vn 0.5017 0.3470 0.7924
vn -0.0337 -0.9979 -0.0551
vn 0.1279 -0.9079 0.3993
vn -0.1416 0.8371 0.5284
vn 0.0967 0.8157 0.5704
vn 0.3805 -0.3266 0.8652
vn 0.1750 0.2506 0.9521
vn 0.0457 0.2804 0.9588
vn 0.1500 0.9885 0.0170
vn -0.0021 0.7108 0.7034
vn 0.2205 -0.9034 0.3676
vn -0.7118 0.5483 0.4390
vn -0.3635 -0.7123 0.6004
vn 0.2599 -0.8209 0.5085
vn -0.8851 -0.0493 0.4627
vn 0.2355 -0.8817 0.4088
vn 0.1381 0.8464 0.5143
vn 0.2835 0.7524 0.5946
vn 0.6523 -0.1579 0.7413
vn 0.5574 -0.7429 0.3707
vn -0.4543 -0.7551 0.4727
vn -0.3599 0.8742 -0.3258
vn 0.3817 0.7968 0.4683
vn -0.6223 -0.7726 -0.1254
vn 0.1498 0.9827 -0.1093
vn 0.7854 0.6014 -0.1462
vn -0.5826 0.8034 -0.1231
vn -0.9827 0.1569 -0.0982
vn 0.3495 0.6499 0.6749
vn 0.2876 0.9489 0.1298
vn -0.4859 0.8400 0.2416
vn -0.9795 -0.1777 -0.0947
vn 0.2425 -0.9219 0.3021
vn -0.2968 -0.9513 0.0835
vn -0.9798 -0.0285 -0.1981
vn -0.5986 -0.7903 -0.1307
vn -0.4400 -0.8968 -0.0457
vn -0.3520 -0.8881 -0.2957
vn 0.2865 0.9209 0.2644
vn -0.9057 0.2431 -0.3474
vn 0.1637 -0.9832 -0.0813
vn 0.1288 0.9655 -0.2265
vn 0.9505 -0.3026 -0.0703
vn 0.6858 0.5864 0.4312
vn 0.9104 -0.3154 -0.2677
vn -0.7764 0.5256 -0.3477
vn 0.1374 -0.9903 -0.0208
vn 0.4493 -0.8384 0.3085
vn -0.3626 0.2116 -0.9076
vn -0.3696 0.2054 -0.9062
vn 0.6100 -0.3461 0.7128
vn -0.4853 0.7283 -0.4837
vn 0.2491 0.9042 -0.3471
vn 0.6539 0.7565 0.0052
vn -0.5999 0.5270 -0.6020
vn -0.4526 -0.7577 -0.4701
vn 0.0468 0.9220 -0.3845
vn 0.1219 -0.9925 -0.0023
vn 0.9456 0.1927 -0.2621
vn -0.3604 0.6295 -0.6884
vn -0.1818 -0.7619 -0.6217
vn 0.2227 -0.9700 -0.0976
vn 0.2768 0.8407 -0.4655
vn -0.3687 0.7894 -0.4907
vn 0.7904 -0.5906 -0.1628
vn 0.5814 -0.7742 -0.2503
vn 0.6807 -0.5773 -0.4510
vn -0.1709 -0.7455 -0.6442
vn 0.8518 0.1451 -0.5034
vn -0.2837 0.1698 -0.9438
vn -0.2258 0.1702 -0.9592
vn 0.4998 0.5683 -0.6536
vn -0.1599 -0.2468 -0.9558
vn -0.0380 -0.7934 -0.6075
vn -0.1193 -0.9173 -0.3799
vn 0.1969 0.9803 0.0145
vn 0.8455 -0.3575 -0.3967
vn -0.0841 -0.3977 -0.9137
vn -0.3495 -0.2195 -0.9109
vn 0.4663 -0.0187 -0.8844
vn 0.3531 0.0058 -0.9356
vn 0.3570 0.0512 -0.9327
vn 0.6007 -0.6176 -0.5077
vn -0.8260 -0.0507 0.5615
vn -0.8265 -0.0980 0.5544
vn 0.0189 -0.9998 -0.0119
vn -0.7927 0.0280 0.6089
vn -0.5968 -0.6476 0.4738
vn -0.1988 -0.9547 -0.2213
vn -0.8557 0.0021 0.5175
vn -0.8512 0.0326 0.5239
vn -0.9214 -0.3093 0.2353
vn 0.1972 -0.9778 -0.0702
vn -0.3114 0.9325 -0.1828
vn -0.3621 0.3825 -0.8500
vn -0.8524 -0.0738 0.5176
vn -0.9313 0.3606 0.0518
vn -0.8702 0.3687 -0.3270
vn -0.3624 0.3819 -0.8502
vn -0.0739 -0.8745 -0.4794
vn -0.7659 -0.4132 -0.4925
vn -0.6013 -0.1577 -0.7833
vn -0.5359 0.1130 0.8367
vn -0.5810 -0.7649 0.2781
vn -0.2579 -0.3391 0.9047
vn -0.4922 0.6602 0.5673
vn -0.2716 -0.5670 0.7777
vn -0.0121 -0.8916 -0.4527
vn -0.4211 0.8665 -0.2681
vn -0.3196 -0.4054 0.8565
vn -0.0304 0.3749 -0.9266
vn -0.2866 0.8648 0.4124
vn 0.1374 -0.9903 0.0192
vn -0.3949 0.2383 -0.8873
vn 0.2332 -0.9051 0.3556
vn 0.6160 -0.7833 -0.0837
vn -0.1903 0.0228 0.9815
vn -0.5307 -0.1309 -0.8374
vn -0.1678 0.0044 0.9858
vn 0.0942 0.1720 -0.9806
vn 0.2183 -0.7695 -0.6002
vn -0.2732 -0.6608 -0.6991
vn 0.1150 -0.9746 0.1921
vn -0.0271 0.5913 0.8060
vn -0.0372 -0.8543 -0.5184
vn 0.2972 -0.9067 0.2993
vn -0.2459 0.9661 -0.0788
vn -0.3820 0.1964 -0.9031
vn 0.3444 -0.0166 0.9387
vn 0.9542 -0.2930 0.0601
vn -0.1677 0.8670 0.4693
vn 0.1447 0.9014 0.4081
vn 0.4323 -0.2203 0.8744
vn -0.2734 0.9166 0.2918
vn 0.1894 -0.1630 0.9683
vn -0.0037 -0.9622 -0.2724
vn 0.5364 0.5097 0.6727
vn 0.1754 0.6124 0.7709
vn -0.3488 0.7419 -0.5726
vn -0.6047 -0.7961 -0.0233
vn -0.2262 -0.9544 -0.1950
vn -0.0713 -0.9854 -0.1549
vn 0.2204 0.9664 0.1323
vn 0.3259 0.4666 0.8222
vn -0.0430 0.1016 -0.9939
vn 0.6357 -0.7325 -0.2435
vn -0.1212 -0.6587 -0.7426
vn 0.0498 -0.4222 -0.9051
vn 0.2816 -0.8926 -0.3521
vn -0.2673 -0.5248 -0.8082
vn 0.0756 -0.9773 -0.1980
vn 0.3566 -0.7327 -0.5796
vn 0.2640 0.9253 0.2723
vn 0.7309 -0.6824 -0.0137
vn -0.0000 0.9934 -0.1144
vn 0.0898 0.8261 -0.5563
vn -0.0364 0.7197 -0.6933
vn 0.0320 0.1649 -0.9858
vn 0.6917 0.5667 0.4476
vn 0.8836 0.0892 -0.4596
vn 0.9428 0.2624 0.2054
vn 0.9951 -0.0720 0.0675
vn 0.1764 0.9770 0.1200
vn 0.5337 -0.7591 0.3728
vn 0.1608 -0.9526 -0.2584
vn 0.4360 -0.8800 -0.1885
vn 0.7604 0.3158 0.5675
vn 0.3565 -0.5501 -0.7552
vn 0.6496 -0.6915 0.3160
vn 0.2800 0.7290 -0.6247
vn 0.1795 0.1230 -0.9760
vn 0.4104 -0.6119 -0.6761
vn 0.5833 -0.7866 -0.2023
vn 0.7353 0.5963 -0.3221
vn 0.0975 0.2166 -0.9714
vn -0.6102 -0.4241 0.6692
vn 0.5792 -0.5378 -0.6127
vn 0.6647 -0.6886 -0.2899
vn 0.3263 0.9156 -0.2349
vn 0.8110 0.5811 -0.0677
vn -0.6200 0.7764 0.1129
vn 0.9808 0.0561 -0.1870
vn 0.9898 -0.0388 -0.1369
vn -0.4099 0.3855 -0.8267
vn 0.1177 0.9930 0.0126
vn 0.1261 -0.1585 -0.9793
vn 0.2018 0.2644 -0.9431
vn 0.1930 0.2706 -0.9431
vn -0.9329 0.2303 0.2770
vn -0.8139 0.3137 0.4890
vn -0.6152 -0.5931 0.5194
vn -0.6147 0.7748 0.1479
vn 0.6394 -0.7684 -0.0281
vn -0.2959 -0.8885 -0.3506
vn 0.1242 -0.2240 -0.9666
vn -0.7029 0.7094 -0.0522
vn -0.8644 0.2747 -0.4211
vn 0.4308 0.8583 -0.2790
vn 0.6336 -0.1671 -0.7554
vn 0.2752 -0.1437 -0.9506
vn 0.3080 -0.7322 -0.6074
vn -0.7035 0.7089 -0.0512
vn -0.8942 0.4371 -0.0968
vn -0.1986 -0.7403 -0.6423
vn -0.2258 0.9737 -0.0291
vn -0.2663 -0.9393 -0.2162
vn -0.5489 0.2464 -0.7988
vn -0.5922 0.1320 -0.7949
vn -0.0004 -0.9997 -0.0251
vn -0.1351 0.9815 0.1353
vn 0.1388 -0.7764 -0.6147
vn -0.0569 -0.9929 -0.1048
vn 0.8166 0.1716 -0.5511
vn 0.3192 -0.8946 0.3127
vn -0.0618 0.9862 0.1534
vn 0.4201 0.8620 -0.2836
vn 0.0341 -0.9928 0.1150
vn -0.6347 0.7351 0.2382
vn 0.7181 -0.6955 0.0263
vn -0.9920 -0.1072 0.0664
vn -0.0365 0.9875 0.1534
vn -0.3024 0.8994 0.3156
vn -0.8686 0.1989 0.4538
vn 0.3853 -0.8545 0.3484
vn 0.6814 0.6353 0.3634
vn 0.9381 0.2436 -0.2463
vn -0.8741 0.1668 0.4562
vn 0.7309 -0.6812 0.0423
vn -0.0107 -0.9999 0.0040
vn 0.1360 -0.0152 -0.9906
vn 0.1324 -0.4856 -0.8641
vn -0.0349 -0.9691 -0.2440
vn 0.7211 0.5706 0.3930
vn 0.4066 -0.6693 0.6218
vn 0.3516 -0.8845 0.3067
vn -0.3880 0.0159 -0.9215
vn 0.5208 0.0826 -0.8497
vn 0.1413 0.7653 0.6279
vn -0.3129 -0.9497 -0.0148
vn -0.7514 0.4741 0.4590
vn 0.5501 -0.6837 -0.4795
vn 0.1001 -0.6769 -0.7293
vn -0.1629 0.5509 0.8185
vn 0.0014 0.5452 -0.8383
vn -0.7641 0.4533 0.4590
vn -0.3190 -0.7092 0.6287
vn -0.5501 -0.0661 -0.8325
vn 0.7177 -0.0250 -0.6959
vn 0.2750 -0.3524 0.8945
vn 0.5134 -0.6279 -0.5849
vn -0.2926 -0.1719 0.9407
vn -0.2937 0.6149 0.7319
vn -0.7768 -0.0373 -0.6286
vn -0.2019 -0.8884 -0.4122
vn -0.4517 -0.8691 -0.2016
vn 0.9638 -0.1373 0.2286
vn 0.0280 -0.8213 -0.5698
vn -0.0972 -0.8774 0.4698
vn -0.5502 -0.6997 -0.4558
vn 0.2331 0.1186 0.9652
vn -0.1060 -0.8951 -0.4330
vn -0.3327 -0.8319 -0.4442
vn 0.0637 0.6532 -0.7545
vn 0.5455 -0.6305 -0.5521
vn -0.1847 -0.9557 0.2293
vn -0.1155 0.0354 0.9927
vn -0.2006 0.8011 -0.5640
vn -0.5377 0.7977 -0.2730
vn -0.5859 0.6762 -0.4467
vn -0.4413 0.1179 -0.8896
vn 0.7261 -0.5433 -0.4214
vn 0.3333 0.8224 -0.4611
vn 0.5952 -0.5723 -0.5642
vn -0.6600 0.6532 0.3711
vn 0.2866 -0.2601 0.9220
vn 0.3014 -0.5956 0.7446
vn -0.0869 0.9070 -0.4121
vn 0.7903 0.0572 -0.6100
vn -0.9431 -0.3049 -0.1325
vn 0.5770 -0.3244 -0.7496
vn -0.4486 -0.8827 -0.1396
vn -0.3297 -0.9290 -0.1680
vn -0.6972 -0.5655 -0.4405
vn -0.4820 -0.7868 0.3855
vn 0.3630 0.8099 -0.4608
vn 0.7913 0.5772 -0.2018
vn 0.6892 -0.2888 -0.6646
vn -0.5666 0.6805 -0.4647
vn -0.1517 -0.9827 0.1064
vn -0.0607 -0.8299 -0.5546
vn 0.8614 0.3216 -0.3931
vn 0.8864 -0.1900 -0.4222
vn -0.0925 0.9224 -0.3751
vn 0.7026 0.7012 -0.1212
vn -0.6512 0.7571 0.0519
vn 0.7954 0.6052 0.0325
vn -0.6897 0.7208 0.0695
vn -0.9265 0.3294 -0.1818
vn 0.0356 -0.9922 -0.1195
vn -0.6299 -0.7679 -0.1161
vn 0.1890 -0.9757 -0.1111
vn -0.3181 -0.9221 -0.2205
vn -0.3481 -0.9293 0.1236
vn 0.3683 0.6149 -0.6973
vn -0.1944 0.9626 -0.1889
vn 0.6605 0.7507 -0.0113
vn -0.5501 0.7382 0.3904
vn -0.9238 -0.3782 -0.0599
vn 0.6776 -0.7346 0.0363
vn 0.0705 0.9913 -0.1111
vn -0.1062 -0.9895 0.0976
vn 0.9742 -0.1704 -0.1479
vn -0.2761 -0.9611 0.0111
vn -0.4261 0.8250 0.3713
vn -0.4297 0.8200 -0.3781
vn 0.4231 -0.9058 -0.0215
vn -0.6626 0.7480 0.0380
vn -0.0287 0.9580 -0.2853
vn -0.7711 0.6083 -0.1881
vn 0.7339 -0.5534 0.3939
vn 0.1015 -0.9948 -0.0007
vn 0.6721 0.6883 0.2730
vn -0.2401 -0.9707 0.0134
vn -0.9049 0.4027 -0.1374
vn -0.1467 -0.9743 0.1710
vn -0.4595 -0.8560 0.2370
vn 0.8361 -0.0722 0.5438
vn 0.8489 0.3093 0.4286
vn -0.5675 0.7704 0.2904
vn -0.7524 -0.1595 0.6391
vn -0.4014 -0.4963 0.7698
vn -0.9721 0.1038 0.2103
vn 0.4495 -0.8841 0.1277
vn -0.0098 -0.8902 0.4555
vn 0.0506 0.9948 -0.0879
vn -0.6997 0.6946 0.1670
vn 0.5226 0.7534 0.3991
vn -0.1057 0.9087 0.4038
vn 0.8802 0.4096 -0.2397
vn 0.3803 -0.6387 -0.6689
vn 0.2926 -0.6874 -0.6647
vn 0.4486 0.8511 0.2728
vn -0.1124 0.9884 -0.1023
vn 0.4715 -0.8590 0.1996
vn 0.9822 0.1875 0.0117
vn 0.3152 0.9471 0.0609
vn -0.1784 -0.9324 0.3143
vn -0.4826 0.8127 0.3266
vn -0.7024 0.6964 0.1471
vn -0.2282 0.9685 0.0998
vn -0.5127 -0.7863 0.3447
vn -0.3962 -0.8610 0.3190
vn 0.2006 -0.9780 -0.0569
vn 0.6557 -0.7000 0.2828
vn -0.6292 -0.3563 0.6908
vn 0.0535 -0.9465 0.3183
vn 0.3401 0.8574 0.3862
vn 0.2358 0.8775 0.4177
vn 0.8441 -0.4586 -0.2778
vn -0.3381 0.7441 0.5762
vn 0.9628 -0.0754 0.2596
vn -0.3118 -0.9488 -0.0506
vn 0.2582 0.9646 -0.0540
vn 0.6306 0.7754 -0.0322
vn -0.2341 -0.9107 0.3404
vn 0.3899 -0.9032 0.1795
vn -0.2358 -0.9600 0.1508
vn -0.6216 0.3270 0.7118
vn 0.5646 0.4076 0.7177
vn 0.9623 0.2716 0.0131
vn 0.5526 -0.8038 0.2202
vn -0.0975 -0.9652 0.2428
vn -0.3517 0.5977 0.7204
vn -0.7096 -0.4413 0.5493
vn -0.2857 -0.7478 0.5993
vn 0.6585 -0.5023 0.5604
vn 0.2928 0.5854 0.7560
vn 0.3482 0.5430 0.7641
vn 0.5291 0.3244 0.7841
vn 0.5761 -0.0197 0.8172
vn 0.1954 0.6640 0.7218
vn -0.3856 0.5442 0.7451
vn -0.3818 0.2061 0.9010
vn -0.1565 0.5191 0.8403
vn 0.3686 -0.5018 0.7825
vn -0.1021 -0.7516 0.6517
vn 0.2432 -0.3693 0.8969
vn 0.3975 0.3873 0.8319
vn -0.0454 -0.0041 0.9990
vn 0.9578 0.0216 0.2865
vn 0.1900 0.0305 0.9813
vn 0.0030 0.4986 0.8668
vn 0.2123 0.3371 0.9172
vn 0.4699 0.5750 0.6698
vn 0.5916 -0.1356 0.7947
vn 0.6223 -0.0806 0.7786
vn -0.0272 -0.6884 0.7248
vn 0.4818 -0.7224 0.4960
vn -0.0756 0.6762 0.7328
vn -0.1463 0.9605 0.2365
vn 0.5632 0.8136 0.1443
vn 0.2828 -0.8378 0.4669
vn -0.5030 -0.2326 0.8324
vn 0.7262 -0.6529 0.2153
vn -0.2690 -0.7216 0.6379
vn -0.0735 0.9385 0.3374
vn 0.7376 0.4196 0.5290
vn -0.3282 -0.8153 0.4771
vn 0.0967 -0.9886 0.1151
vn 0.0984 0.9890 0.1104
vn -0.6047 -0.0641 0.7939
vn -0.8570 0.4222 0.2955
vn -0.3457 0.6426 0.6838
vn 0.4278 -0.8938 -0.1347
vn -0.9721 0.0040 0.2345
vn 0.7481 0.6457 -0.1529
vn 0.6338 -0.0013 0.7735
vn -0.3796 0.8891 0.2558
vn 0.9288 0.0809 -0.3616
vn -0.7693 -0.1915 0.6095
vn 0.8995 0.0164 -0.4367
vn -0.7743 -0.4436 0.4513
vn -0.2039 0.8127 0.5458
vn 0.6298 0.7276 -0.2721
vn 0.3571 -0.8111 0.4633
vn -0.2464 0.9639 0.1012
vn -0.8145 0.2408 0.5278
vn -0.8613 -0.4411 0.2521
vn 0.0310 -0.9628 0.2683
vn -0.6603 -0.5495 0.5119
vn 0.5703 -0.8096 0.1391
vn 0.9451 -0.3252 0.0313
vn 0.8131 0.5813 -0.0313
vn 0.9795 0.1516 -0.1327
vn 0.0670 0.9934 -0.0933
vn -0.8937 0.4443 0.0621
vn -0.0611 -0.9070 0.4167
vn -0.1498 -0.9717 -0.1827
vn -0.0433 -0.9969 -0.0652
vn 0.3680 -0.9223 -0.1183
vn -0.9717 0.2323 0.0427
vn -0.3246 0.8513 0.4123
vn 0.0651 0.9937 -0.0915
vn -0.2042 -0.9763 -0.0713
vn 0.5474 0.7924 -0.2693
vn -0.0696 -0.9945 -0.0786
vn 0.6444 0.6000 -0.4741
vn -0.7845 -0.6188 0.0410
vn 0.8660 -0.2465 -0.4352
vn 0.0727 0.9930 -0.0936
vn 0.8053 0.1027 -0.5839
vn -0.5264 -0.8286 -0.1907
vn -0.3639 0.2328 0.9019
vn 0.6723 -0.0849 -0.7354
vn 0.6341 -0.3617 -0.6834
vn 0.4528 0.6431 0.6175
vn 0.1932 0.0141 0.9811
vn 0.2320 -0.4713 0.8509
vn -0.3227 0.9107 0.2577
vn -0.1118 -0.6002 0.7920
vn -0.6025 -0.6516 -0.4609
vn -0.3623 -0.9276 -0.0909
vn 0.6234 0.5455 0.5601
vn 0.7512 0.1394 0.6452
vn -0.1740 0.0811 0.9814
vn 0.2479 -0.3689 0.8958
vn 0.8379 -0.0602 0.5424
vn -0.2102 0.8780 -0.4301
vn 0.1974 0.9190 -0.3412
vn 0.5435 -0.1970 0.8160
vn -0.7235 0.6896 -0.0328
vn -0.3310 0.2038 0.9214
vn -0.5582 -0.7368 -0.3815
vn 0.5568 0.5413 -0.6300
vn -0.6199 -0.5699 0.5394
vn 0.1167 -0.7317 0.6716
vn 0.0574 0.7803 -0.6228
vn 0.7136 0.4230 -0.5584
vn -0.3049 0.9522 0.0178
vn 0.1542 -0.7246 -0.6716
vn 0.2611 0.9359 0.2363
vn 0.2892 0.1820 0.9398
vn 0.6311 -0.1521 0.7607
vn -0.3217 0.0055 0.9468
vn 0.2692 0.6345 -0.7246
vn -0.6258 -0.6703 -0.3988
vn -0.1683 0.7547 0.6342
vn 0.9302 -0.0699 0.3603
vn 0.7257 -0.0626 0.6852
vn 0.1976 -0.9337 0.2987
vn 0.2711 -0.9122 -0.3073
vn -0.7277 -0.5854 0.3575
vn 0.0090 -0.8927 0.4505
vn 0.1878 0.5766 -0.7951
vn 0.7654 -0.3247 -0.5556
vn 0.5168 -0.8415 0.1574
vn -0.4676 0.1293 -0.8744
vn 0.3019 0.8238 0.4798
vn 0.6108 -0.7881 -0.0765
vn -0.1560 -0.8016 0.5772
vn 0.0126 -0.9632 -0.2684
vn -0.0722 -0.1124 -0.9910
vn 0.2526 0.8346 0.4895
vn 0.3157 0.9488 0.0022
vn 0.5940 0.6927 0.4090
vn -0.4625 -0.6935 0.5525
vn -0.0137 0.8634 0.5043
vn 0.0205 -0.2083 -0.9778
vn -0.3036 -0.5666 0.7660
vn 0.0091 0.4242 -0.9055
vn 0.3512 -0.0418 -0.9354
vn -0.6286 -0.2008 -0.7514
vn -0.5800 -0.5821 -0.5699
vn 0.2823 0.7895 0.5450
vn 0.7552 0.6434 -0.1257
vn -0.5245 0.1808 0.8320
vn 0.9686 -0.2236 -0.1087
vn -0.1176 -0.2510 0.9608
vn 0.5045 -0.7903 0.3478
vn 0.1087 -0.7748 0.6228
vn 0.3692 -0.8804 0.2977
vn 0.4890 -0.8718 0.0299
vn 0.6727 -0.7367 0.0690
vn 0.0161 -0.9969 0.0766
vn -0.5562 0.5595 0.6145
vn -0.3275 -0.1898 0.9256
vn 0.6992 0.6612 0.2721
vn 0.9519 0.0105 0.3064
vn 0.1550 -0.8863 0.4363
vn -0.4541 0.3663 0.8122
vn -0.6565 0.2233 0.7205
vn -0.6665 -0.0748 0.7417
vn 0.1645 0.9727 0.1635
vn -0.5823 0.7563 0.2982
vn 0.2260 -0.9726 0.0542
vn -0.7019 0.6827 0.2030
vn 0.7064 0.6771 -0.2062
vn -0.4855 0.3997 0.7775
vn 0.9407 0.3379 -0.0295
vn 0.6479 -0.7616 -0.0177
vn -0.1544 -0.9791 0.1323
vn 0.3527 -0.9301 0.1021
vn 0.3780 -0.9113 -0.1635
vn 0.0068 -0.9982 0.0590
vn -0.5463 0.8181 0.1800
vn -0.3759 0.7958 0.4748
vn 0.1629 0.9776 0.1335
vn -0.5660 0.8160 0.1170
vn 0.5512 0.7628 -0.3381
vn 0.9489 -0.2924 -0.1186
vn -0.6173 -0.7787 0.1120
vn -0.2035 0.9750 -0.0891
vn 0.0442 -0.9959 -0.0789
vn 0.8742 0.1573 0.4594
vn -0.5721 0.7403 0.3530
vn -0.8912 -0.2237 0.3947
vn 0.2445 -0.9670 -0.0717
vn -0.0170 -0.9641 -0.2650
vn -0.0288 0.9601 0.2783
vn -0.2040 0.8244 0.5280
vn 0.4958 0.8042 -0.3280
vn 0.5336 0.8388 0.1083
vn 0.8663 -0.4641 0.1850
vn -0.3704 -0.9223 0.1103
vn 0.5925 0.7609 -0.2643
vn -0.7886 -0.5908 -0.1707
vn -0.1027 -0.9944 0.0254
vn -0.7005 0.7066 -0.1007
vn 0.0771 -0.9961 -0.0438
vn 0.4352 -0.6585 -0.6140
vn 0.8819 0.4714 -0.0048
vn 0.0713 -0.9829 -0.1699
vn 0.3397 -0.8880 -0.3100
vn -0.9563 0.0311 -0.2908
vn -0.9620 0.2494 -0.1114
vn 0.6513 0.3819 -0.6558
vn 0.7222 -0.0094 -0.6916
vn 0.1019 -0.8613 -0.4978
vn 0.7614 -0.1282 -0.6355
vn -0.2080 -0.8887 -0.4086
vn -0.0463 0.9965 0.0701
vn 0.5852 0.7307 -0.3515
vn -0.6282 0.7517 -0.2008
vn -0.8749 0.3744 0.3071
vn 0.5868 0.4743 -0.6563
vn 0.8171 -0.0862 -0.5701
vn 0.7091 -0.2625 -0.6545
vn -0.1218 -0.6676 0.7345
vn -0.0209 -0.7260 0.6874
vn -0.4982 0.8579 -0.1260
vn 0.1812 0.9833 -0.0180
vn -0.4950 -0.0189 -0.8687
vn -0.9332 0.2708 0.2362
vn -0.0142 0.9233 0.3839
vn 0.3460 0.9353 0.0742
vn -0.8652 0.3840 0.3224
vn 0.0191 -0.9514 -0.3073
vn 0.3134 0.8869 -0.3393
vn 0.2581 0.8377 -0.4813
vn 0.3423 -0.8351 -0.4305
vn 0.2422 -0.8943 -0.3762
vn -0.8600 -0.5051 -0.0724
vn 0.3425 -0.6130 -0.7120
vn -0.1800 -0.9432 -0.2792
vn -0.4375 0.8605 -0.2609
vn -0.3954 0.8717 -0.2895
vn -0.7194 -0.4756 0.5062
vn -0.3336 0.9019 -0.2745
vn 0.3190 0.4476 -0.8354
vn 0.0612 0.8044 -0.5909
vn -0.9933 -0.1149 -0.0154
vn 0.4458 -0.2863 -0.8481
vn 0.2881 -0.9570 -0.0331
vn -0.1084 0.7037 -0.7022
vn -0.6678 0.6905 0.2779
vn 0.0643 -0.9341 -0.3512
vn -0.4154 -0.9073 -0.0647
vn 0.1565 -0.9704 -0.1837
vn 0.2980 0.3931 -0.8699
vn -0.7553 0.3621 -0.5462
vn -0.9232 0.3054 0.2332
vn -0.7849 -0.5791 -0.2204
vn -0.2779 0.9604 -0.0181
vn -0.7281 0.6758 0.1145
vn -0.6157 -0.7857 -0.0592
vn 0.0058 -0.9731 -0.2303
vn 0.1167 0.6443 -0.7558
vn 0.3520 0.0664 -0.9337
vn -0.0199 -0.7095 -0.7044
vn -0.7960 -0.5034 -0.3362
vn -0.5437 0.5954 -0.5916
vn -0.5986 0.5474 -0.5848
vn -0.7526 0.3381 -0.5651
vn 0.1047 -0.1391 -0.9847
vn -0.8103 -0.0124 -0.5859
vn 0.0658 -0.6140 -0.7865
vn -0.4398 0.6701 -0.5979
vn 0.1050 -0.3899 -0.9148
vn 0.0611 0.6908 -0.7204
vn -0.0244 0.2675 -0.9632
vn -0.1483 0.5767 -0.8034
vn -0.6385 -0.4639 -0.6141
vn -0.0794 -0.7165 -0.6930
vn -0.5524 -0.3938 -0.7347
vn -0.6650 0.3997 -0.6309
vn -0.4552 0.0965 -0.8851
vn -0.3722 -0.4237 -0.8258
vn 0.8211 0.2685 -0.5037
vn 0.8206 -0.3271 -0.4687
vn 0.8523 0.1831 -0.4900
vn 0.7734 0.5745 -0.2680
vn 0.8256 -0.4953 0.2704
vn 0.9075 0.0645 -0.4150
vn 0.9513 0.1184 -0.2848
vn 0.8388 0.3777 0.3922
vn 0.9613 0.1574 -0.2262
vn 0.3371 -0.7896 -0.5128
vn 0.2954 -0.8127 -0.5023
vn 0.2713 0.8857 -0.3767
vn 0.4229 0.2908 -0.8582
vn 0.6462 -0.7094 0.2813
vn 0.1926 -0.6253 -0.7563
vn 0.0673 0.4617 -0.8845
vn 0.2096 -0.9473 0.2421
vn 0.7056 0.6947 0.1398
vn 0.0574 0.0085 -0.9983
vn -0.0438 -0.9985 -0.0324
vn 0.1574 0.7307 -0.6643
vn 0.6013 -0.4438 0.6645
vn 0.8409 0.3745 0.3906
vn 0.2778 0.4845 0.8295
vn 0.9572 -0.2023 -0.2068
vn 0.6477 0.6283 0.4309
vn 0.9225 -0.1140 0.3688
vn 0.0861 -0.6190 -0.7807
vn 0.1021 0.9940 -0.0388
vn 0.3645 -0.9220 -0.1304
vn -0.0873 -0.9957 -0.0324
vn 0.0040 -0.5615 0.8274
vn 0.4290 0.7098 0.5587
vn 0.6999 -0.0037 0.7142
vn -0.5081 -0.8169 -0.2731
vn 0.5241 0.7990 0.2946
vn 0.6735 -0.0338 0.7384
vn 0.2571 -0.6857 0.6810
vn -0.5740 -0.4274 0.6985
vn -0.5298 0.3855 -0.7554
vn -0.2808 0.6895 -0.6676
vn -0.0221 0.8504 0.5256
vn -0.1222 0.9858 -0.1156
vn -0.1362 0.9500 0.2810
vn -0.5267 0.3981 -0.7511
vn 0.4484 -0.6264 0.6376
vn -0.2253 -0.9401 -0.2558
vn -0.3078 -0.8553 -0.4169
vn -0.6447 0.0737 -0.7608
vn -0.2797 -0.9028 -0.3269
vn 0.0692 -0.9335 0.3518
vn -0.4040 0.9113 0.0797
vn -0.2958 0.3614 0.8842
vn -0.2987 0.9319 0.2056
vn -0.5731 0.8195 0.0010
vn -0.0621 0.3940 0.9170
vn 0.0850 0.0584 0.9947
vn -0.2075 -0.9059 0.3692
vn -0.2223 -0.8956 0.3854
vn -0.5331 0.1825 0.8261
vn -0.9719 -0.1373 0.1911
vn -0.7274 -0.3881 0.5660
vn -0.9829 0.1756 0.0551
vn 0.4196 0.1132 0.9006
vn 0.2965 0.6353 0.7131
vn 0.5826 0.7278 0.3618
vn 0.7981 -0.1278 0.5888
vn 0.8113 -0.2278 0.5385
vn 0.0993 -0.5425 0.8341
vn 0.0205 0.8718 0.4894
vn 0.4243 -0.8761 0.2287
vn 0.4659 0.8831 0.0557
vn -0.0070 -0.6044 0.7966
vn 0.2322 -0.9716 -0.0448
vn 0.5352 -0.7472 0.3940
vn -0.1404 0.9901 -0.0012
vn -0.2098 0.8121 0.5445
vn 0.9640 0.1419 -0.2249
vn -0.4544 0.3806 0.8054
vn 0.3891 0.4005 0.8296
vn 0.8624 0.2008 0.4647
vn 0.9351 0.3381 -0.1059
vn 0.2969 -0.9549 0.0091
vn 0.3626 0.1000 0.9266
vn 0.8688 -0.2197 0.4438
vn 0.5108 0.8595 -0.0194
vn -0.0350 0.5893 0.8071
vn 0.1158 -0.0862 0.9895
vn -0.0643 -0.4071 0.9111
vn 0.0229 -0.9967 -0.0776
vn 0.1227 0.9206 0.3708
vn 0.1958 0.7623 0.6169
vn 0.6862 0.7241 0.0699
vn 0.9197 -0.3795 -0.1003
vn 0.2756 -0.2258 0.9344
vn 0.6806 -0.7295 -0.0670
vn -0.1835 -0.9065 0.3802
vn -0.1888 0.6257 0.7568
vn 0.5602 0.7537 -0.3436
vn 0.0620 -0.8083 0.5855
vn 0.1974 0.9590 -0.2035
vn 0.6801 -0.3194 -0.6599
vn 0.6979 0.6792 -0.2271
vn 0.2773 -0.8424 -0.4620
vn -0.3929 -0.8356 0.3839
vn -0.2424 0.8335 0.4965
vn -0.3723 -0.1802 0.9105
vn -0.4517 0.3530 0.8194
vn 0.3226 0.6060 -0.7271
vn -0.6965 -0.7129 0.0820
vn 0.3617 -0.5988 -0.7146
vn -0.5861 -0.3075 0.7497
vn -0.2875 -0.8041 0.5204
vn -0.7787 -0.6205 0.0928
vn -0.0467 0.9592 0.2788
vn -0.4917 -0.8594 0.1404
vn -0.4734 -0.8573 -0.2024
vn 0.7877 0.6155 0.0256
vn -0.7055 0.5019 0.5003
vn 0.7329 -0.6761 0.0750
vn -0.0291 -0.9755 -0.2181
vn -0.1543 0.6606 -0.7347
vn 0.1031 -0.3683 0.9240
vn -0.4984 -0.8010 -0.3317
vn 0.0556 0.9561 0.2878
vn 0.1845 0.9730 -0.1386
vn -0.4241 0.7786 -0.4625
vn 0.6411 -0.3453 -0.6854
vn -0.6576 -0.7352 0.1646
vn -0.1781 0.5653 -0.8054
vn -0.2263 -0.0535 0.9726
vn -0.5991 -0.6967 -0.3945
vn 0.0288 -0.5994 -0.8000
vn 0.0499 -0.7317 -0.6798
vn -0.6323 -0.5717 -0.5229
vn 0.2792 0.9505 0.1365
vn 0.6753 0.7375 -0.0095
vn -0.5860 0.6811 0.4389
vn -0.9721 0.0696 0.2239
vn -0.0312 0.9002 0.4343
vn -0.2602 0.6677 0.6975
vn -0.4751 -0.2379 -0.8472
vn 0.1742 -0.7394 0.6504
vn 0.2911 -0.8763 0.3839
vn -0.5332 0.4470 -0.7182
vn 0.7278 -0.6846 -0.0399
vn -0.5776 -0.6792 0.4529
vn -0.2002 0.8913 0.4069
vn 0.9192 -0.1446 -0.3662
vn -0.6583 0.4225 0.6230
vn -0.6329 -0.0874 0.7692
vn 0.8125 -0.5794 -0.0644
vn 0.0225 0.9111 -0.4116
vn 0.1490 0.8993 -0.4112
vn 0.3081 -0.8271 -0.4700
vn 0.4769 -0.7644 -0.4340
vn -0.0055 -0.9997 -0.0255
vn 0.7251 0.1433 -0.6735
vn -0.5756 -0.7073 0.4104
vn -0.2182 -0.9724 0.0821
vn 0.1360 -0.9887 0.0635
vn -0.0235 0.9920 -0.1241
vn 0.5477 0.2268 -0.8054
vn 0.0004 -1.0000 -0.0094
vn 0.2422 -0.9645 -0.1056
vn -0.5703 0.8212 0.0193
vn -0.3860 0.9203 0.0640
vn -0.8902 0.1336 0.4356
vn -0.2971 0.9444 0.1408
vn -0.2599 0.9644 0.0482
vn -0.6709 0.4715 0.5723
vn 0.0244 0.9873 -0.1573
vn -0.8613 0.0422 0.5063
vn 0.1780 0.1677 -0.9696
vn 0.1097 -0.7456 -0.6573
vn -0.0785 -0.9968 -0.0164
vn 0.2322 -0.7665 -0.5988
vn -0.4820 0.8717 -0.0881
vn -0.1044 0.7251 -0.6806
vn -0.4557 0.8658 -0.2067
vn -0.9446 0.3179 0.0817
vn -0.9173 -0.3941 0.0572
vn 0.0378 0.8235 -0.5660
vn -0.7495 0.5973 -0.2855
vn -0.0814 0.5443 -0.8349
vn -0.9995 0.0284 0.0129
vn 0.0427 0.2860 -0.9573
vn -0.9220 -0.3627 -0.1353
vn 0.0363 -0.7666 -0.6411
vn 0.2769 0.5178 -0.8094
vn 0.1142 -0.7119 -0.6930
vn -0.2202 -0.6260 -0.7481
vn -0.3088 0.8974 -0.3150
vn -0.7892 0.5895 -0.1721
vn -0.2939 -0.9078 -0.2991
vn -0.8145 -0.5275 -0.2417
vn -0.3341 -0.9378 -0.0949
vn -0.7139 0.4140 -0.5647
vn -0.2155 0.1318 -0.9676
vn -0.9426 0.0608 -0.3284
vn -0.4746 0.5994 -0.6446
vn 0.4663 -0.5904 -0.6587
vn -0.4835 0.3006 -0.8221
vn -0.6107 -0.4324 -0.6634
vn -0.6779 -0.0536 -0.7332
vn -0.1086 -0.7039 -0.7019
vn -0.3543 0.8564 -0.3755
vn -0.7044 0.7049 -0.0837
vn -0.6125 -0.6958 -0.3752
vn -0.4585 -0.8428 -0.2819
vn -0.3244 -0.8921 -0.3145
vn -0.7674 -0.1641 -0.6198
vn -0.4317 0.2364 -0.8705
vn -0.1664 -0.4186 -0.8928
vn 0.0447 -0.5390 0.8411
vn -0.4107 0.5017 0.7613
vn -0.5073 0.0891 0.8572
vn 0.1761 0.3998 0.8995
vn 0.2316 -0.0418 0.9719
vn 0.1196 -0.9552 0.2708
vn 0.1688 -0.8688 0.4655
vn 0.6789 -0.4099 0.6092
vn -0.6295 -0.1272 0.7665
vn -0.3088 0.9294 0.2021
vn 0.3156 0.8637 0.3930
vn -0.6375 -0.5598 0.5293
vn -0.2718 0.6797 0.6813
vn 0.0130 -0.0499 0.9987
vn 0.4271 -0.8787 0.2130
vn 0.0266 -0.9286 0.3701
vn -0.7190 0.5745 0.3912
vn -0.4516 -0.5300 0.7177
vn 0.1881 -0.9783 0.0871
vn -0.2244 0.7740 0.5921
vn -0.3607 -0.4089 0.8383
vn 0.3647 -0.1499 0.9190
vn 0.2774 0.9140 0.2959
vn -0.7696 0.4571 0.4459
vn -0.5730 0.7456 0.3401
vn 0.7777 0.4845 0.4006
vn 0.5710 0.5725 0.5884
vn 0.0293 -0.9707 0.2384
vn -0.1161 0.9873 0.1083
vn 0.3466 0.6540 0.6724
vn -0.5993 -0.1960 0.7762
vn -0.2044 -0.3377 0.9188
vn -0.2452 -0.9167 0.3155
vn -0.1907 -0.9491 0.2506
vn 0.4000 -0.7794 0.4822
vn -0.6133 -0.2148 0.7601
vn 0.0365 -0.5592 0.8282
vn 0.1794 -0.7808 0.5985
vn -0.3062 0.9227 0.2343
vn -0.8611 0.2396 0.4485
vn -0.0419 -0.9973 0.0600
vn -0.4523 0.8565 0.2487
vn 0.2105 0.9688 0.1309
vn -0.4205 -0.8486 0.3209
vn -0.7633 0.2167 0.6086
vn -0.4330 -0.8188 0.3769
vn 0.9466 0.1860 0.2634
vn -0.8431 0.0424 0.5361
vn 0.0746 -0.8578 0.5085
vn 0.6256 -0.7775 0.0637
vn 0.4561 -0.8470 0.2732
vn -0.9841 0.0124 0.1771
vn 0.2680 -0.9414 0.2047
vn -0.0327 -0.9974 0.0642
vn 0.7756 -0.6009 0.1934
vn -0.4022 -0.8952 0.1919
vn -0.0711 -0.9974 -0.0102
vn -0.8759 -0.4669 0.1214
vn -0.2220 -0.9720 0.0772
vn -0.9891 -0.1409 0.0424
vn -0.2323 0.9625 0.1402
vn -0.7331 -0.6801 0.0073
vn 0.4779 -0.8784 -0.0066
vn 0.0989 0.9951 -0.0087
vn 0.4120 0.6399 0.6487
vn -0.7112 0.6897 -0.1362
vn 0.8322 0.5134 -0.2092
vn -0.5242 -0.7928 -0.3109
vn 0.5325 -0.6995 -0.4766
vn 0.5268 -0.8475 0.0642
vn -0.8780 0.4504 -0.1622
vn 0.9712 -0.1681 0.1689
vn 0.9331 0.3537 0.0650
vn -0.2225 -0.9267 -0.3029
vn -0.9602 0.1926 -0.2022
vn -0.1555 0.9212 -0.3567
vn 0.8221 0.3378 -0.4583
vn 0.5784 -0.7985 -0.1670
vn -0.1968 -0.9200 -0.3389
vn 0.0259 0.9947 0.0998
vn -0.0237 0.9949 0.0981
vn 0.3289 0.8485 0.4147
vn 0.9678 -0.0370 -0.2489
vn -0.0895 -0.9925 0.0839
vn -0.5101 -0.8456 -0.1575
vn -0.1803 -0.8319 -0.5249
vn -0.5264 -0.4199 -0.7393
vn 0.5133 -0.5446 -0.6632
vn -0.1055 -0.7900 -0.6039
vn 0.3602 0.8909 -0.2766
vn 0.2983 0.9056 -0.3017
vn -0.8888 0.1297 -0.4396
vn 0.6809 0.6680 -0.3003
vn 0.7115 -0.5990 -0.3674
vn -0.0311 -0.9995 0.0034
vn 0.0354 -0.9936 0.1073
vn -0.2219 0.5096 -0.8313
vn 0.5774 -0.0752 -0.8130
vn 0.0148 0.9894 -0.1442
vn -0.3136 0.7396 0.5955
vn -0.4137 0.9086 0.0569
vn -0.2831 0.8609 -0.4226
vn 0.7449 -0.5496 0.3782
vn 0.1303 -0.2714 -0.9536
vn 0.0845 -0.9859 0.1446
vn 0.1871 -0.2788 -0.9420
vn 0.5184 0.1150 -0.8474
vn -0.1025 0.9729 -0.2071
vn -0.3360 0.8878 -0.3144
vn -0.1045 0.9869 -0.1225
vn 0.9609 0.1349 0.2416
vn -0.9420 -0.3271 -0.0753
vn -0.1892 0.9741 -0.1234
vn 0.1038 -0.9936 0.0442
vn -0.7332 -0.3960 0.5528
vn 0.9425 0.3332 -0.0239
vn 0.3110 0.8816 -0.3550
vn -0.6849 0.6795 0.2631
vn 0.8248 0.1877 -0.5333
vn 0.2769 -0.9157 -0.2914
vn -0.2900 -0.9075 -0.3040
vn 0.2677 -0.9596 0.0870
vn -0.0517 -0.9931 -0.1054
vn -0.2356 0.9417 0.2404
vn 0.4507 0.4965 -0.7419
vn 0.2706 0.8217 0.5016
vn -0.1570 0.8455 -0.5103
vn 0.5439 -0.7964 -0.2645
vn -0.8567 0.4501 0.2519
vn -0.2932 0.9470 0.1313
vn 0.6086 0.7927 -0.0341
vn -0.4094 0.9040 0.1232
vn -0.4730 -0.2936 -0.8307
vn 0.3232 -0.8955 -0.3058
vn 0.6885 -0.7027 -0.1795
vn 0.9845 0.0046 -0.1752
vn 0.0420 -0.9550 -0.2936
vn -0.9587 0.0194 -0.2838
vn -0.9278 -0.2011 -0.3143
vn 0.3284 0.8459 -0.4203
vn 0.4259 0.7644 -0.4841
vn -0.4604 -0.3079 -0.8326
vn 0.0444 -0.9552 -0.2925
vn 0.7241 0.5188 -0.4545
vn -0.2615 -0.8778 -0.4015
vn -0.8534 0.3934 -0.3419
vn 0.3269 0.8368 -0.4392
vn 0.6686 -0.2109 -0.7131
vn -0.0170 -0.9083 -0.4180
vn 0.6132 0.7899 -0.0087
vn 0.9025 -0.3686 0.2229
vn 0.3260 0.5643 -0.7585
vn -0.3762 0.6028 -0.7036
vn -0.0457 0.9857 -0.1623
vn 0.4640 0.8638 -0.1963
vn -0.0785 -0.9293 -0.3608
vn -0.4460 -0.6376 -0.6281
vn 0.4703 0.4057 -0.7837
vn 0.5826 0.0431 -0.8116
vn -0.4185 -0.1691 -0.8923
vn -0.0138 -0.9008 -0.4340
vn 0.8140 -0.5112 -0.2757
vn 0.6292 0.2692 -0.7291
vn 0.0246 0.3839 -0.9230
vn 0.1713 -0.5426 -0.8223
vn -0.0628 -0.0182 -0.9979
vn 0.3572 0.2885 -0.8883
vn 0.5142 -0.3416 -0.7867
vn -0.3201 0.5380 -0.7798
vn -0.1672 0.6755 -0.7182
vn 0.5361 0.3621 -0.7625
vn 0.7496 -0.2817 -0.5989
vn 0.3729 -0.7752 -0.5099
vn -0.0785 0.4038 -0.9115
vn 0.3751 0.3261 -0.8677
vn -0.2827 -0.2066 -0.9367
vn 0.1923 -0.2149 -0.9575
vn -0.7958 0.6053 -0.0171
vn -0.0000 -1.0000 -0.0000
vn 0.8085 -0.5431 0.2268
vn -0.0000 1.0000 -0.0000
vn -0.2349 0.9075 -0.3482
vn -0.4123 0.9075 -0.0801
vn -0.3482 0.9075 0.2349
vn -0.0801 0.9075 0.4123
vn 0.2349 0.9075 0.3482
vn 0.4123 0.9075 0.0801
vn 0.3481 0.9075 -0.2348
vn 0.0801 0.9075 -0.4123
vn -0.2817 -0.8638 -0.4177
vn -0.4946 -0.8638 -0.0961
vn -0.4178 -0.8638 0.2818
vn -0.0961 -0.8638 0.4945
vn 0.2817 -0.8638 0.4177
vn 0.4946 -0.8638 0.0961
vn 0.4177 -0.8638 -0.2817
vn 0.0961 -0.8638 -0.4946
vn -0.2900 -0.8550 -0.4299
vn -0.5090 -0.8550 -0.0989
vn -0.4299 -0.8550 0.2900
vn -0.0989 -0.8551 0.5090
vn 0.2900 -0.8550 0.4299
vn 0.5090 -0.8551 0.0989
vn 0.4299 -0.8551 -0.2900
vn 0.0989 -0.8550 -0.5090
vn -0.5592 -0.0000 -0.8290
vn -0.9816 -0.0000 -0.1908
vn -0.8290 -0.0000 0.5592
vn -0.1908 -0.0000 0.9816
vn 0.5592 -0.0000 0.8290
vn 0.9816 -0.0000 0.1908
vn 0.8290 -0.0000 -0.5592
vn 0.1908 -0.0000 -0.9816
vn 0.9181 0.3548 0.1766
vn 0.7737 0.3608 -0.5208
vn 0.1784 0.3551 -0.9176
vn -0.5227 0.3552 -0.7750
vn -0.9176 0.3551 -0.1784
vn -0.7750 0.3551 0.5228
vn -0.1784 0.3551 0.9176
vn 0.5228 0.3551 0.7750
vn 0.0292 0.9986 0.0433
vn -0.1020 0.9914 -0.0816
vn -0.0360 0.9971 0.0673
vn 0.0069 0.9999 0.0102
vn 0.1141 0.9932 0.0222
vn -0.0509 0.9981 0.0344
vn 0.0267 0.9902 -0.1374
vn 0.0810 -0.9895 0.1201
vn 0.2379 -0.9705 0.0385
vn -0.5327 -0.3045 -0.7897
vn -0.9350 -0.3044 -0.1818
vn -0.7898 -0.3042 0.5327
vn -0.1818 -0.3044 0.9351
vn 0.5327 -0.3043 0.7897
vn 0.9350 -0.3045 0.1818
vn 0.7898 -0.3042 -0.5327
vn 0.1817 -0.3043 -0.9351
vn -0.0043 1.0000 -0.0028
vn 0.0576 0.9976 0.0381
vn -0.0364 0.9899 -0.1367
vn 0.1110 0.9911 0.0735
vn -0.1072 0.9917 -0.0710
vn 0.2203 -0.9731 0.0680
vn 0.0353 0.9947 0.0963
vn 0.1432 0.9874 -0.0670
vn -0.0645 0.9957 -0.0668
vn 0.0038 0.9987 -0.0504
vn -0.0250 0.9878 -0.1539
vn 0.0286 0.9941 0.1047
vn -0.0680 0.9967 0.0439
vn 0.0805 0.9894 0.1208
vn 0.0676 0.9839 -0.1654
vn -0.0067 0.9915 0.1302
vn -0.0505 0.9987 -0.0016
vn -0.0203 0.9957 -0.0906
vn -0.0144 0.9991 0.0397
vn -0.0730 0.9971 -0.0234
vn 0.0527 0.9888 -0.1397
vn 0.0352 0.9938 0.1058
vn 0.0907 0.9957 -0.0185
vn -0.1622 0.9862 0.0330
vn -0.0097 0.9908 0.1346
vn -0.0350 0.9994 -0.0054
vn 0.0295 0.9936 -0.1094
vn -0.0587 0.9941 -0.0915
vn 0.0076 0.9996 0.0286
vn 0.0486 0.9987 0.0140
vn -0.0963 0.9933 -0.0637
vn 0.0309 0.9893 0.1423
vn -0.0070 -0.9995 -0.0292
vn 0.0313 -0.9993 -0.0211
vn -0.0228 -0.9996 0.0154
vn -0.4615 -0.5647 -0.6842
vn 0.6389 -0.7592 0.1242
vn -0.8101 -0.5648 -0.1575
vn 0.1242 -0.7591 -0.6390
vn -0.1575 -0.5648 0.8101
vn -0.3639 -0.7592 -0.5395
vn -0.0000 0.5000 -0.8660
vn -0.0000 -0.5000 -0.8660
vn -0.0000 -0.5000 0.8660
vn -0.0000 0.5000 0.8660
vn -0.9992 -0.0204 0.0353
vn -0.9998 -0.0193 -0.0000
vn 0.9002 -0.3765 0.2188
vn 1.0000 -0.0000 -0.0000
vn -1.0000 -0.0000 -0.0000
vn 0.6124 0.4537 0.6474
vn 0.2237 0.9747 -0.0000
vn 0.5359 0.4221 -0.7312
vn 0.0221 -0.7130 -0.7009
vn 0.0185 -0.9632 -0.2681
vn -0.1944 -0.4905 0.8495
vn -0.5328 0.4231 0.7329
vn -0.3477 0.9376 -0.0000
vn -0.5798 -0.2160 -0.7856
vn -0.4931 0.0122 -0.8699
vn -0.9956 0.0147 0.0930
vn -0.4073 0.0132 0.9132
vn 0.4993 0.0159 0.8663
vn 0.9956 0.0131 -0.0929
vn 0.4067 0.0165 -0.9134
vn 0.5446 -0.0211 -0.8384
vn -0.4933 0.0310 -0.8693
vn -0.9998 -0.0140 -0.0143
vn -0.5154 -0.0138 0.8568
vn 0.4492 0.0073 0.8934
vn 0.9982 -0.0255 0.0537
vn 0.4211 0.5391 -0.7294
vn -0.4509 0.4321 -0.7810
vn -0.8845 0.4664 -0.0057
vn -0.4397 0.5026 0.7444
vn 0.4095 0.5739 0.7092
vn 0.8423 0.5391 -0.0000
vn -0.5000 -0.0000 -0.8660
vn -0.5000 -0.0000 0.8660
vn 0.5000 -0.0000 0.8660
vn 0.5000 -0.0000 -0.8660
vn 0.0754 0.9721 0.2220
vn -0.0566 0.4992 -0.8646
vn -0.0000 -0.6624 -0.7492
vn 0.0797 -0.9688 -0.2348
vn -0.0566 -0.4992 0.8646
vn -0.0000 0.6148 0.7887
vn -0.9989 -0.0206 0.0424
vn -0.9988 0.0245 -0.0434
vn 0.2365 -0.9172 0.3207
vn 0.7762 0.3411 0.5302
vn 0.1012 0.9172 -0.3853
vn 0.3303 -0.0502 -0.9425
vn -0.0618 -0.9315 -0.3583
vn -0.5809 0.2158 0.7848
vn -0.0606 0.9314 0.3590
vn -0.4952 0.0159 -0.8686
vn -0.9999 0.0141 -0.0024
vn -0.4172 0.0143 0.9087
vn 0.5872 0.0142 0.8093
vn 0.9754 0.0188 0.2195
vn 0.4090 0.0130 -0.9124
vn 0.4997 0.0361 -0.8655
vn -0.4946 0.0727 -0.8661
vn -0.9976 0.0696 -0.0018
vn -0.4997 0.0361 0.8655
vn 0.4996 0.0382 0.8654
vn 0.9978 0.0659 0.0083
vn -0.2537 -0.0321 -0.9668
vn -1.0000 0.0063 -0.0000
vn -0.5000 0.0068 0.8660
vn 0.5000 0.0068 0.8660
vn 0.9999 0.0075 0.0083
vn -0.0000 0.9904 -0.1381
vn 0.0236 0.6811 -0.7318
vn -0.4285 -0.9035 -0.0118
vn 0.9904 -0.0995 -0.0965
vn 0.9390 0.0785 -0.3349
vn 0.9991 -0.0416 0.0048
vn -0.9988 0.0244 -0.0434
vn -0.3519 0.9074 0.2298
vn -0.9993 -0.0203 0.0326
vn 0.6414 -0.6926 -0.3301
vn 0.1100 -0.1484 0.9828
vn 0.0611 0.2342 -0.9703
vn -0.0422 -0.9407 -0.3367
vn -0.3314 -0.0500 0.9422
vn -0.3864 0.8557 0.3443
vn -0.6225 -0.0290 -0.7821
vn -0.0013 0.8204 0.5717
vn -0.4952 0.0147 -0.8687
vn -0.9999 0.0153 -0.0024
vn -0.4172 0.0116 0.9087
vn 0.5872 0.0151 0.8093
vn 0.4091 0.0161 -0.9124
vn 0.5156 0.1550 0.8427
vn 0.0516 -0.2176 -0.9747
vn -0.4999 0.1181 0.8580
vn -0.0858 -0.3416 -0.9359
vn -0.7446 -0.2033 0.6358
vn 0.9279 0.0998 0.3591
vn -0.1831 0.2046 0.9616
vn 0.7075 -0.3304 -0.6247
vn -0.9882 -0.1516 -0.0211
vn 0.3443 0.2316 0.9098
vn 0.7480 -0.0607 0.6609
vn -0.8925 -0.0075 0.4510
vn 0.7865 -0.0079 -0.6175
vn 0.9852 -0.1171 0.1255
vn -0.0586 -0.1921 -0.9796
vn -0.3027 0.1261 0.9447
vn -0.9676 -0.0278 0.2509
vn 0.3592 -0.0161 -0.9331
vn 0.4000 0.0830 0.9127
vn -0.9644 -0.0573 0.2582
vn 0.1137 0.1492 -0.9822
vn 0.5296 -0.2429 0.8127
vn -0.8993 0.1717 -0.4023
vn -0.5525 0.1991 0.8094
vn -0.0405 0.1191 -0.9921
vn -0.7814 0.0639 0.6208
vn -0.9966 -0.0360 -0.0744
vn -0.1523 -0.2813 -0.9475
vn 0.2858 0.1067 0.9523
vn -0.5399 -0.1170 -0.8335
vn -0.4827 -0.1539 0.8621
vn -0.9220 -0.1179 -0.3689
vn 0.9325 0.0286 0.3599
vn -0.8189 -0.1546 0.5527
vn 0.7911 -0.2143 0.5729
vn -0.0414 -0.1916 0.9806
vn 0.2842 0.1324 -0.9496
vn -0.1577 0.1114 0.9812
vn -0.9321 0.0927 -0.3502
vn 0.9072 -0.1636 -0.3875
vn -0.8395 0.0972 0.5346
vn -0.8764 -0.1452 -0.4592
vn -0.1381 -0.1576 -0.9778
vn 0.3409 0.0474 0.9389
vn -0.5764 -0.0150 -0.8170
vn 0.9854 -0.1427 0.0927
vn -0.3640 -0.1648 -0.9167
vn 0.5987 -0.0613 -0.7986
vn -0.7540 0.0828 0.6516
vn 0.6820 -0.2386 -0.6914
vn -0.9792 -0.2014 -0.0257
vn -0.1789 -0.1910 -0.9652
vn 0.4988 0.1865 0.8464
vn 0.8614 0.0936 -0.4993
vn 0.6212 0.1747 0.7639
vn -0.9499 -0.2615 -0.1710
vn 0.9980 0.0631 0.0071
vn 0.9983 0.0105 -0.0577
vn -0.3696 0.1084 0.9228
vn -0.1292 -0.1629 -0.9781
vn 0.6963 0.1724 0.6967
vn 0.7370 -0.0888 0.6700
vn -0.7057 -0.1163 0.6989
vn 0.5767 -0.0305 -0.8164
vn -0.9994 0.0181 -0.0301
vn 0.4366 -0.1191 0.8917
vn -0.4889 0.1246 -0.8634
vn 0.1258 -0.1380 0.9824
vn 0.9457 -0.1597 -0.2830
vn 0.5827 -0.1251 0.8030
vn -0.8014 0.0189 -0.5978
vn -0.5940 0.0435 0.8033
vn 0.9613 -0.1931 0.1968
vn -0.3317 0.1595 -0.9298
vn -0.0779 0.0786 0.9939
vn -0.9577 0.2082 0.1988
vn 0.5677 -0.2604 -0.7810
vn -0.1615 0.1052 0.9812
vn 0.7174 0.0501 -0.6948
vn -0.9586 -0.1354 -0.2504
vn 0.5454 0.0727 0.8350
vn -0.6491 0.7592 -0.0475
vn -0.8068 -0.0021 0.5909
vn 0.9186 -0.3783 -0.1143
vn -0.2149 0.2462 -0.9451
vn -0.2536 0.9042 0.3438
vn 0.4173 -0.6979 0.5820
vn -0.3333 -0.2589 -0.9066
vn -0.7685 0.3695 -0.5225
vn -0.5796 0.8103 0.0871
vn -0.2498 0.7979 0.5486
vn 0.6429 -0.7356 -0.2134
vn 0.2663 -0.7006 -0.6621
vn 0.7550 0.2753 0.5952
vn 0.8933 0.4070 -0.1906
vn 0.4008 0.4247 -0.8118
vn -0.1446 0.4141 -0.8987
vn -0.7020 0.2506 -0.6666
vn 0.5051 0.0090 0.8630
vn -0.4799 -0.1692 0.8608
vn -0.9334 -0.1568 0.3229
vn -0.7283 -0.6120 0.3082
vn 0.0351 0.4467 0.8940
vn 0.6360 0.7260 -0.2616
vn -0.0003 -0.0589 -0.9983
vn 0.8003 -0.1376 0.5835
vn 0.9318 -0.0975 -0.3497
vn 0.5848 0.0900 -0.8061
vn -0.1134 -0.0067 0.9935
vn -0.8168 -0.1786 0.5486
vn -0.9260 0.3609 -0.1104
vn -0.7829 0.2527 -0.5685
vn -0.8187 0.5707 -0.0630
vn -0.0206 0.9909 -0.1327
vn 0.4726 -0.6802 -0.5604
vn 0.7633 0.5597 0.3227
vn -0.7517 -0.6400 -0.1592
vn -0.5015 0.5842 0.6382
vn 0.8295 0.4218 0.3660
vn 0.5724 0.4193 -0.7047
vn 0.1308 0.4764 -0.8694
vn -0.1166 -0.0344 0.9926
vn -0.8054 -0.3329 0.4904
vn -0.8018 -0.4186 0.4264
vn -0.8179 -0.5215 -0.2431
vn 0.8778 -0.0980 0.4689
vn 0.2088 0.4930 -0.8446
vn -0.0070 -0.2635 0.9646
vn 0.8907 -0.1132 -0.4404
vn 0.1787 -0.6397 -0.7476
vn -0.8241 -0.4873 -0.2890
vn -0.2105 0.5101 0.8340
vn 0.3208 0.6178 0.7179
vn 0.8208 -0.2213 -0.5266
vn 0.7146 0.3042 0.6299
vn 0.1964 -0.3894 -0.8999
vn -0.9848 0.1308 0.1143
vn -0.1840 0.4133 0.8918
vn 0.7849 0.5845 -0.2057
vn 0.7341 0.1620 0.6594
vn 0.0230 0.3672 -0.9299
vn 0.1001 -0.2353 0.9668
vn 0.8882 -0.3834 -0.2534
vn 0.4043 -0.0269 0.9142
vn -0.0338 -0.0066 -0.9994
vn -0.9020 0.3308 0.2773
vn 0.4614 -0.8863 -0.0399
vn 0.4861 0.1292 0.8643
vn -0.1496 -0.5838 -0.7980
vn -0.5056 0.8590 0.0803
vn 0.7923 -0.5828 -0.1805
vn 0.6900 0.2243 0.6882
vn -0.1986 -0.5235 -0.8286
vn -0.7825 0.5876 0.2058
vn -0.1820 -0.8831 -0.4326
vn -0.8914 0.1785 0.4166
vn 0.5941 0.6811 0.4279
vn -0.8837 0.1761 -0.4337
vn 0.4435 -0.8945 0.0568
vn -0.4404 0.0010 -0.8978
vn -0.4696 0.8822 -0.0329
vn 0.3648 0.1358 0.9211
vn 0.8482 -0.3893 -0.3592
vn -0.8948 0.4427 0.0571
vn -0.3411 -0.3821 -0.8589
vn 0.8637 -0.0020 -0.5039
vn -0.8071 0.0885 0.5838
vn 0.6977 0.4043 0.5914
vn -0.2441 -0.7793 -0.5772
vn -0.9958 0.0573 0.0714
vn 0.2047 -0.1407 0.9687
vn -0.5249 0.1491 -0.8380
vn 0.9911 -0.0475 -0.1247
vn -0.6719 -0.7337 -0.1011
vn 0.2396 -0.2238 0.9447
vn -0.3202 -0.3769 -0.8692
vn -0.5722 0.4778 0.6666
vn 0.9935 -0.0794 0.0815
vn -0.3354 -0.5016 -0.7975
vn 0.9510 0.3027 -0.0628
vn -0.5248 0.2055 -0.8261
vn 0.5867 -0.7475 0.3115
vn 0.2453 0.1806 -0.9525
vn -0.1542 -0.3004 0.9413
vn -0.7444 0.5000 0.4427
vn -0.0973 0.3695 -0.9241
vn -0.6010 0.7597 -0.2482
vn 0.8205 0.2493 0.5144
vn 0.4579 0.4542 -0.7642
vn -0.2964 -0.3438 0.8911
vn -0.8376 -0.2226 -0.4988
vn 0.6749 -0.6409 0.3657
vn 0.3634 0.4973 -0.7878
vn -0.3132 -0.4864 0.8157
vn -0.8167 0.5743 0.0562
vn -0.7633 -0.5006 0.4083
vn 0.6822 0.0293 0.7306
vn 0.8185 0.5340 -0.2120
vn -0.3206 0.2145 -0.9226
vn 0.9460 0.3094 -0.0965
vn -0.3352 0.2439 -0.9100
vn -0.3813 -0.0836 -0.9207
vn 0.1566 -0.9842 -0.0830
vn 0.2048 0.3839 0.9004
vn 0.8548 0.0958 0.5100
vn -0.8844 0.4622 0.0650
vn -0.1381 -0.6437 -0.7527
vn 0.5082 -0.4126 0.7560
vn 0.4678 0.0388 -0.8830
vn 0.1560 0.7027 -0.6942
vn -0.6283 0.3211 0.7086
vn 0.3656 -0.9087 0.2013
vn -0.2968 0.7423 -0.6007
vn -0.6551 -0.4540 0.6040
vn 0.8476 -0.3825 0.3678
vn -0.2011 0.1552 -0.9672
vn -0.6068 -0.4702 0.6408
vn -0.6489 -0.1363 -0.7486
vn 0.4263 -0.0122 0.9045
vn 0.8134 0.5168 -0.2668
vn 0.1178 0.3320 -0.9359
vn -0.2175 -0.9541 0.2058
vn -0.8503 -0.0753 -0.5209
vn 0.6133 -0.5157 0.5983
vn 0.5652 0.8113 0.1493
vn 0.0050 0.9484 -0.3170
vn 0.0770 -0.9915 -0.1047
vn 0.1892 -0.0445 -0.9809
vn -0.0850 0.9918 -0.0951
vn 0.8423 -0.4171 0.3413
vn 0.6026 0.7974 0.0320
vn -0.6076 0.7127 -0.3506
vn -0.1919 0.1742 0.9658
vn -0.5635 -0.8228 0.0738
vn 0.6899 0.4924 -0.5307
vn -0.6840 0.5347 -0.4962
vn 0.5144 -0.5560 0.6529
vn -0.9291 -0.2355 0.2852
vn -0.3830 -0.8857 -0.2622
vn -0.2572 0.0357 -0.9657
vn 0.4170 -0.0045 0.9089
vn 0.3770 0.9228 -0.0795
vn -0.0019 -0.9399 -0.3414
vn -0.6157 0.5186 -0.5933
vn 0.5975 -0.5254 0.6058
vn -0.0311 0.9730 0.2285
vn -0.3358 -0.9359 -0.1064
vn -0.8401 0.4404 -0.3167
vn 0.9289 -0.2006 0.3112
vn 0.1620 0.9858 0.0430
vn 0.1170 0.8799 0.4605
vn 0.1603 0.2291 -0.9601
vn -0.2081 -0.9618 -0.1780
vn -0.0405 -0.0809 0.9959
vn 0.6683 0.6536 0.3553
vn 0.0494 0.1879 -0.9810
vn -0.7876 -0.5867 -0.1884
vn -0.1127 0.0691 0.9912
vn -0.1326 -0.9035 -0.4075
vn -0.3005 0.1784 0.9370
vn -0.8971 -0.2727 -0.3475
vn -0.2030 0.9234 0.3257
vn 0.8790 -0.4768 -0.0008
vn -0.3833 0.3992 -0.8329
vn -0.0461 0.6875 0.7248
vn 0.6188 -0.7520 0.2268
vn 0.9083 0.4174 -0.0266
vn -0.2492 -0.6274 0.7378
vn -0.2864 0.4692 -0.8354
vn -0.9423 -0.2309 -0.2422
vn 0.3145 0.8766 -0.3642
vn -0.5119 -0.0475 0.8577
vn 0.1323 -0.1868 -0.9735
vn -0.3532 -0.9219 0.1594
vn -0.3542 0.9169 -0.1837
vn 0.5538 -0.2380 0.7979
vn -0.0303 -0.9826 0.1834
vn -0.3751 0.2126 0.9023
vn -0.8396 -0.5379 0.0763
vn 0.9740 0.2037 -0.0990
vn 0.1233 -0.1252 -0.9844
vn -0.9444 -0.2425 0.2219
vn 0.3228 0.2472 0.9136
vn 0.5512 0.8191 -0.1592
vn -0.4627 -0.3024 -0.8333
vn -0.5436 -0.6191 0.5668
vn 0.2563 0.4111 0.8748
vn -0.3980 0.7105 0.5803
vn 0.7956 0.6009 -0.0773
vn 0.1180 -0.7991 -0.5895
vn -0.1551 0.3969 0.9046
vn 0.9842 0.1768 -0.0028
vn -0.1074 -0.4281 -0.8973
vn 0.7604 0.1564 0.6304
vn 0.4654 0.3454 -0.8150
vn -0.6402 -0.3215 0.6977
vn -0.7900 -0.2043 -0.5780
vn 0.6690 0.1781 0.7216
vn 0.4509 0.0059 -0.8926
vn -0.7929 -0.0876 0.6030
vn -0.4774 -0.1553 -0.8649
vn 0.6274 -0.2082 0.7504
vn 0.4690 0.4711 -0.7471
vn -0.5394 -0.4688 0.6995
vn -0.6717 0.1882 -0.7166
vn -0.3607 -0.7443 0.5621
vn 0.7775 0.2794 0.5633
vn -0.7525 -0.4891 -0.4410
vn -0.9954 -0.0261 0.0921
vn 0.6695 -0.6395 0.3778
vn 0.4375 0.6957 -0.5697
vn 0.8081 -0.2464 0.5351
vn 0.4182 0.7313 -0.5388
vn -0.9776 -0.1317 -0.1640
vn 0.5703 -0.0700 0.8185
vn 0.3118 0.9466 -0.0815
vn -0.6586 0.3273 0.6776
vn 0.6726 0.2364 0.7012
vn 0.4688 -0.5159 -0.7170
vn -0.5647 -0.2691 0.7802
vn 0.3227 0.5328 -0.7823
vn 0.5800 -0.8134 0.0455
vn 0.1247 0.6771 0.7252
vn -0.3282 -0.6912 -0.6439
vn -0.8039 0.4558 -0.3820
vn 0.2757 -0.8356 0.4752
vn 0.3558 0.7636 0.5388
vn -0.2071 -0.9604 -0.1862
vn -0.2739 0.4224 -0.8641
vn -0.5107 -0.7000 0.4992
vn -0.5427 -0.5102 -0.6672
vn 0.4835 0.6710 -0.5622
vn 0.3280 0.9049 0.2712
vn 0.1165 -0.8145 0.5683
vn -0.5359 -0.2319 -0.8118
vn -0.4146 0.3964 -0.8191
vn 0.2985 0.9402 0.1641
vn 0.6001 -0.7370 0.3109
vn -0.1533 -0.8546 -0.4962
vn -0.0068 -0.9998 0.0197
vn -0.4456 -0.8952 0.0110
vn 0.0171 -0.8032 0.5954
vn -0.0260 -0.8898 -0.4556
vn 0.4982 -0.2140 -0.8402
vn -0.9232 0.3806 -0.0535
vn 0.0256 0.1840 0.9826
vn -0.1983 0.9549 0.2209
vn -0.7418 0.6269 -0.2382
vn -0.7876 0.2116 -0.5787
vn -0.2612 0.6270 0.7339
vn 0.8939 -0.4106 0.1797
vn -0.5134 -0.0242 -0.8578
vn -0.5291 0.2889 0.7979
vn 0.9109 -0.0428 -0.4105
vn -0.1670 0.9745 0.1499
vn 0.6205 -0.7321 0.2811
vn 0.1505 -0.9183 0.3662
vn 0.4144 0.9059 -0.0867
vn -0.4032 0.9150 0.0119
vn -0.5995 0.7315 -0.3247
vn 0.0662 0.8279 -0.5569
vn -0.4084 0.7217 -0.5589
vn -0.6105 0.7913 -0.0336
vn -0.0601 -0.1454 -0.9875
vn -0.8593 0.5108 -0.0249
vn 0.0457 -0.9678 -0.2474
vn 0.6322 0.5007 0.5913
vn 0.8685 0.3624 -0.3381
vn 0.1075 0.5033 -0.8574
vn 0.2876 0.9356 0.2049
vn -0.5031 -0.8542 -0.1313
vn 0.5556 0.7918 0.2536
vn -0.2519 0.6489 0.7180
vn -0.4646 -0.8369 0.2894
vn -0.1317 -0.7435 -0.6557
vn 0.1825 -0.9091 0.3745
vn -0.2172 -0.9529 0.2115
vn 0.3375 0.8780 -0.3395
vn -0.7515 -0.3266 0.5732
vn 0.9090 -0.4138 -0.0489
vn 0.2453 0.9577 0.1507
vn -0.3681 -0.9087 0.1969
vn 0.7293 -0.4722 -0.4950
vn -0.5034 0.2610 0.8237
vn 0.5475 -0.1427 -0.8245
vn -0.2530 -0.0046 -0.9675
vn 0.3589 -0.4799 -0.8006
vn 0.8637 -0.3763 -0.3354
vn -0.4678 0.4290 0.7727
vn -0.3759 -0.3787 -0.8457
vn 0.3713 -0.0251 0.9282
vn 0.3483 0.3575 0.8665
vn 0.7595 -0.1485 0.6333
vn 0.7262 -0.2503 0.6403
vn -0.4300 0.3251 -0.8423
vn -0.9103 -0.0756 0.4070
vn -0.4693 -0.8006 0.3726
vn 0.4813 0.2797 0.8307
vn -0.5163 -0.0265 -0.8560
vn 0.1519 0.6062 -0.7807
vn -0.8026 -0.4012 0.4415
vn 0.2762 0.7824 0.5581
vn -0.2049 -0.6918 -0.6924
vn -0.8205 0.3524 0.4500
vn -0.2837 -0.6712 0.6848
vn -0.0292 -0.9996 -0.0060
vn -0.3202 0.4754 0.8194
vn 0.8295 -0.3858 -0.4039
vn 0.5935 -0.6910 0.4128
vn -0.5885 0.7964 0.1395
vn 0.7208 -0.6773 -0.1473
vn -0.4152 0.8609 0.2941
vn 0.4335 0.8807 0.1910
vn -0.2529 0.6981 -0.6698
vn 0.7905 -0.3116 0.5272
vn -0.6420 -0.6862 -0.3420
vn 0.9791 -0.0029 0.2032
vn 0.1557 -0.0594 -0.9860
vn 0.7878 0.1705 -0.5918
vn 0.1794 -0.0694 -0.9813
vn 0.8688 0.3561 0.3440
vn -0.8505 -0.0175 0.5257
vn -0.0271 -0.9988 -0.0408
vn 0.1389 0.9902 -0.0144
vn 0.0224 -0.9996 -0.0144
vn -0.2397 -0.9499 -0.2004
vn 0.2741 -0.8959 0.3497
vn 0.2808 -0.9008 0.3314
vn 0.9514 -0.3006 0.0663
vn -0.1544 0.8715 0.4654
vn 0.6276 -0.7345 -0.2582
vn -0.6445 -0.3974 0.6532
vn -0.5979 0.7939 0.1108
vn 0.1431 0.9897 -0.0052
vn 0.6496 -0.7563 -0.0775
vn 0.9802 -0.0760 0.1830
vn -0.0045 -1.0000 0.0056
vn -0.4800 -0.7871 0.3873
vn -0.0737 -0.2701 -0.9600
vn -0.5562 -0.8027 -0.2154
vn -0.0641 0.9545 0.2911
vn -0.9700 0.0081 0.2431
vn -0.2036 -0.9763 -0.0732
vn -0.3596 0.2376 0.9024
vn 0.9523 0.0079 0.3051
vn 0.0227 -0.9965 -0.0802
vn 0.3581 -0.7036 0.6137
vn -0.0031 -1.0000 -0.0067
vn -0.9235 -0.3554 -0.1445
vn -0.6653 0.0240 0.7462
vn -0.7319 0.1657 0.6610
vn -0.5435 -0.4191 -0.7273
vn 0.0244 0.3757 -0.9264
vn 0.3305 -0.7618 -0.5571
vn -0.3482 0.9075 0.2348
vn 0.3482 0.9075 -0.2349
vn 0.0801 0.9076 -0.4122
vn -0.2818 -0.8638 -0.4177
vn -0.4176 -0.8638 0.2817
vn 0.0961 -0.8638 -0.4945
vn -0.0989 -0.8550 0.5090
vn 0.5090 -0.8550 0.0989
vn 0.4299 -0.8551 -0.2899
vn 0.0989 -0.8551 -0.5090
vn 0.9137 0.3656 0.1776
vn 0.7750 0.3551 -0.5228
vn -0.5227 0.3551 -0.7750
vn -0.9177 0.3551 -0.1784
vn -0.1784 0.3551 0.9177
vn 0.5228 0.3550 0.7750
vn -0.0554 0.9966 0.0604
vn 0.1130 -0.9774 0.1789
vn 0.1358 -0.9900 0.0374
vn -0.1878 -0.9808 -0.0518
vn -0.0367 -0.9772 0.2092
vn -0.0159 -0.9998 -0.0105
vn 0.1512 -0.9812 -0.1199
vn -0.1527 -0.9808 0.1211
vn 0.0029 -1.0000 0.0019
vn 0.0008 -1.0000 0.0038
vn 0.0513 -0.9812 -0.1860
vn -0.0428 -0.9870 0.1552
vn 0.0028 -0.9999 0.0140
vn 0.0870 -0.9878 0.1290
vn 0.1283 -0.9705 0.2039
vn 0.8554 0.1251 0.5026
vn 0.9997 -0.0064 0.0242
vn -0.5327 -0.3044 -0.7897
vn -0.9351 -0.3044 -0.1818
vn -0.7897 -0.3043 0.5327
vn -0.1818 -0.3041 0.9351
vn 0.5326 -0.3044 0.7897
vn 0.9351 -0.3043 0.1817
vn 0.7897 -0.3044 -0.5327
vn 0.1817 -0.3042 -0.9351
vn -0.0358 0.9955 0.0876
vn 0.2305 -0.9716 0.0542
vn 0.0834 0.9928 0.0863
vn 0.0105 0.9793 -0.2022
vn 0.0368 0.9962 -0.0788
vn 0.0104 -0.9998 0.0154
vn -0.0035 -0.9998 0.0182
vn -0.0006 -0.9995 0.0301
vn 0.0184 -0.9998 -0.0124
vn -0.0362 -0.9990 -0.0258
vn 0.0134 -0.9993 0.0347
vn 0.0432 -0.9990 -0.0104
vn 0.0028 -0.9999 0.0137
vn 0.0135 -0.9991 0.0397
vn -0.0350 -0.9994 0.0026
vn -0.0333 -0.9994 0.0113
vn 0.0230 -0.9994 -0.0266
vn 0.0381 -0.9990 -0.0215
vn 0.0422 -0.9991 -0.0012
vn 0.0154 -0.9991 0.0393
vn 0.0142 -0.9997 0.0210
vn 0.0249 -0.9997 0.0048
vn -0.0265 -0.9994 0.0217
vn -0.4616 -0.5646 -0.6843
vn 0.5395 -0.7593 -0.3639
vn -0.6841 -0.5648 0.4615
vn -0.3640 -0.7592 -0.5396
vn -0.6388 -0.7593 -0.1242
vn 0.1575 -0.5646 -0.8102
vn -0.9987 0.0250 -0.0434
vn -0.9998 0.0179 -0.0123
vn -0.9993 -0.0184 -0.0318
vn -0.9998 0.0102 0.0176
vn 0.9988 0.0247 -0.0428
vn 0.9990 -0.0219 0.0380
vn 0.9986 0.0531 -0.0023
vn 0.9989 0.0200 0.0423
vn 0.9999 -0.0083 -0.0144
vn 0.9998 0.0175 -0.0000
vn 0.9189 0.3252 0.2234
vn 0.9995 -0.0316 -0.0000
vn 0.9999 -0.0083 0.0144
vn 0.5900 -0.7707 -0.2409
vn -0.0638 -0.6722 0.7376
vn 0.6128 0.4517 -0.6484
vn -0.6080 -0.7589 0.2332
vn -0.3110 0.3226 0.8940
vn -0.5803 0.7880 -0.2056
vn -0.0180 0.2499 -0.9681
vn 0.2120 0.5996 -0.7717
vn 0.9987 -0.0499 -0.0073
vn 0.9991 -0.0242 -0.0334
vn -0.7721 0.0172 -0.6352
vn -0.9714 0.0166 0.2371
vn 0.4929 0.0160 0.8699
vn 0.7927 0.0074 -0.6096
vn 0.4064 0.0697 -0.9110
vn -0.5122 0.0158 -0.8587
vn -0.9944 0.0513 0.0925
vn -0.4072 0.0533 0.9118
vn 0.4931 0.0356 0.8692
vn 0.9939 0.0612 -0.0922
vn 0.5093 0.3604 -0.7815
vn -0.4504 0.4674 -0.7607
vn -0.8949 0.4462 -0.0000
vn -0.4408 0.4718 0.7636
vn 0.4142 0.3570 0.8373
vn 0.9311 0.3614 0.0501
vn -0.0797 0.9688 -0.2348
vn -0.0000 0.6624 -0.7492
vn 0.0566 -0.4992 -0.8646
vn -0.0797 -0.9688 0.2348
vn -0.0000 -0.6624 0.7492
vn 0.0373 0.4997 0.8654
vn -0.9990 0.0219 0.0380
vn -0.9987 0.0505 0.0053
vn -0.9986 -0.0531 -0.0023
vn -0.9992 0.0204 -0.0353
vn 0.0638 0.9923 0.1062
vn 0.9997 0.0139 -0.0195
vn 0.7747 -0.6292 -0.0624
vn 0.2586 0.0602 0.9641
vn 0.6920 0.4101 -0.5941
vn -0.7377 -0.6550 0.1634
vn -0.2703 -0.0607 0.9609
vn -0.7377 0.6550 -0.1634
vn -0.2705 0.0608 -0.9608
vn -0.0136 0.9985 -0.0530
vn -0.4059 0.0142 -0.9138
vn -0.7875 0.0196 0.6160
vn 0.9998 0.0161 0.0081
vn 0.4089 0.0996 -0.9071
vn -0.5061 0.0643 -0.8601
vn -0.9980 0.0627 0.0084
vn -0.4162 0.0943 0.9044
vn 0.5836 0.0987 0.8060
vn 0.9977 0.0668 0.0068
vn -0.5072 0.0075 -0.8618
vn -0.9999 0.0075 0.0084
vn 0.9641 -0.0321 -0.2637
vn 0.4998 0.0252 -0.8657
vn -0.0236 0.9743 -0.2240
vn -0.0000 0.6148 -0.7887
vn -0.9979 -0.0633 -0.0137
vn -0.4891 -0.8680 -0.0854
vn 0.9628 0.2703 -0.0000
vn 0.9898 0.0220 0.1408
vn 0.9985 -0.0369 0.0403
vn 0.9628 0.1351 -0.2340
vn 0.9983 -0.0295 -0.0511
vn 0.9228 0.3544 0.1512
vn 0.9983 0.0295 0.0511
vn -0.9983 0.0295 0.0511
vn -0.3519 0.9073 0.2302
vn -0.9985 -0.0533 0.0118
vn 0.4980 -0.8273 -0.2600
vn 0.5000 -0.3017 0.8118
vn 0.4950 0.8497 0.1818
vn -0.7721 -0.6102 0.1776
vn -0.7297 0.5038 0.4623
vn -0.5176 0.0681 -0.8529
vn -0.9953 0.0167 0.0949
vn 0.6505 0.0163 0.7594
vn 0.9999 0.0132 0.0081
vn 0.2222 0.0186 -0.9748
vn 0.4998 0.0252 -0.8658
vt 0.875000 0.875000
vt 0.625000 0.875000
vt 0.375000 0.875000
vt 0.125000 0.875000
vt 0.625000 0.625000
vt 0.125000 0.125000
vt 0.125000 0.625000
s 0
usemtl ruins_beacon_voice
f 1/1/1 4/1/1 3/1/1
f 2/1/2 5/1/2 4/1/2
f 6/1/3 3/1/3 5/1/3
f 3/1/4 4/1/4 7/1/4
f 4/1/5 5/1/5 7/1/5
f 5/1/6 3/1/6 7/1/6
f 8/1/7 11/1/7 10/1/7
f 13/1/8 14/1/8 12/1/8
f 9/1/9 13/1/9 11/1/9
f 8/1/10 12/1/10 14/1/10
f 10/1/11 11/1/11 13/1/11
f 12/1/12 10/1/12 13/1/12
f 20/1/13 17/1/13 16/1/13
f 19/1/14 20/1/14 18/1/14
f 19/1/15 17/1/15 15/1/15
f 20/1/16 16/1/16 18/1/16
f 16/1/17 17/1/17 21/1/17
f 17/1/18 19/1/18 21/1/18
f 19/1/19 18/1/19 21/1/19
f 18/1/20 16/1/20 21/1/20
f 22/1/21 25/1/21 24/1/21
f 27/1/22 28/1/22 26/1/22
f 23/1/23 27/1/23 25/1/23
f 22/1/24 26/1/24 28/1/24
f 24/1/25 25/1/25 27/1/25
f 26/1/26 24/1/26 27/1/26
f 29/1/27 31/1/27 30/1/27
f 34/1/28 31/1/28 29/1/28
f 33/1/29 30/1/29 32/1/29
f 30/1/30 31/1/30 35/1/30
f 31/1/31 32/1/31 35/1/31
f 32/1/32 30/1/32 35/1/32
f 40/1/33 41/1/33 39/1/33
f 37/1/34 40/1/34 38/1/34
f 36/1/35 39/1/35 41/1/35
f 39/1/36 38/1/36 40/1/36
f 45/1/37 46/1/37 44/1/37
f 42/1/38 45/1/38 43/1/38
f 42/1/39 44/1/39 46/1/39
f 43/1/40 45/1/40 48/1/40
f 45/1/41 44/1/41 48/1/41
f 44/1/42 43/1/42 48/1/42
f 52/1/43 53/1/43 51/1/43
f 49/1/44 52/1/44 50/1/44
f 51/1/45 50/1/45 52/1/45
f 55/1/46 58/1/46 57/1/46
f 61/1/47 58/1/47 56/1/47
f 60/1/48 57/1/48 59/1/48
f 57/1/49 58/1/49 62/1/49
f 58/1/50 60/1/50 62/1/50
f 60/1/51 59/1/51 62/1/51
f 59/1/52 57/1/52 62/1/52
f 66/1/53 67/1/53 65/1/53
f 63/1/54 66/1/54 64/1/54
f 63/1/55 65/1/55 67/1/55
f 65/1/56 64/1/56 66/1/56
f 69/1/57 72/1/57 71/1/57
f 74/1/58 75/1/58 73/1/58
f 75/1/59 71/1/59 73/1/59
f 71/1/60 72/1/60 74/1/60
f 73/1/61 71/1/61 74/1/61
f 76/1/62 79/1/62 78/1/62
f 81/1/63 82/1/63 80/1/63
f 82/1/64 78/1/64 80/1/64
f 78/1/65 79/1/65 81/1/65
f 80/1/66 78/1/66 81/1/66
f 88/1/67 85/1/67 84/1/67
f 87/1/68 88/1/68 86/1/68
f 83/1/69 87/1/69 85/1/69
f 84/1/70 85/1/70 87/1/70
f 86/1/71 84/1/71 87/1/71
f 93/1/72 94/1/72 92/1/72
f 90/1/73 93/1/73 91/1/73
f 90/1/74 92/1/74 94/1/74
f 92/1/75 91/1/75 93/1/75
f 96/1/76 98/1/76 97/1/76
f 100/1/77 101/1/77 99/1/77
f 100/1/78 98/1/78 96/1/78
f 101/1/79 97/1/79 99/1/79
f 97/1/80 98/1/80 102/1/80
f 98/1/81 100/1/81 102/1/81
f 100/1/82 99/1/82 102/1/82
f 99/1/83 97/1/83 102/1/83
f 103/1/84 106/1/84 105/1/84
f 108/1/85 105/1/85 107/1/85
f 105/1/86 106/1/86 109/1/86
f 106/1/87 107/1/87 109/1/87
f 107/1/88 105/1/88 109/1/88
f 110/1/89 113/1/89 112/1/89
f 115/1/90 112/1/90 114/1/90
f 112/1/91 113/1/91 116/1/91
f 113/1/92 114/1/92 116/1/92
f 114/1/93 112/1/93 116/1/93
f 122/1/94 119/1/94 118/1/94
f 121/1/95 122/1/95 120/1/95
f 117/1/96 121/1/96 119/1/96
f 118/1/97 119/1/97 121/1/97
f 120/1/98 118/1/98 121/1/98
f 127/1/99 128/1/99 126/1/99
f 124/1/100 127/1/100 125/1/100
f 126/1/101 125/1/101 127/1/101
f 130/1/102 132/1/102 131/1/102
f 134/1/103 135/1/103 133/1/103
f 130/1/104 134/1/104 132/1/104
f 130/1/105 133/1/105 135/1/105
f 131/1/106 132/1/106 137/1/106
f 132/1/107 134/1/107 137/1/107
f 134/1/108 133/1/108 137/1/108
f 133/1/109 131/1/109 137/1/109
f 142/1/110 143/1/110 141/1/110
f 139/1/111 142/1/111 140/1/111
f 138/1/112 141/1/112 143/1/112
f 141/1/113 140/1/113 142/1/113
f 144/1/114 147/1/114 146/1/114
f 149/1/115 150/1/115 148/1/115
f 144/1/116 148/1/116 150/1/116
f 146/1/117 147/1/117 149/1/117
f 148/1/118 146/1/118 149/1/118
f 151/1/119 154/1/119 153/1/119
f 152/1/120 155/1/120 154/1/120
f 156/1/121 153/1/121 155/1/121
f 153/1/122 154/1/122 157/1/122
f 154/1/123 155/1/123 157/1/123
f 155/1/124 153/1/124 157/1/124
f 161/1/125 162/1/125 160/1/125
f 158/1/126 161/1/126 159/1/126
f 160/1/127 159/1/127 161/1/127
f 164/1/128 167/1/128 166/1/128
f 165/1/129 168/1/129 167/1/129
f 169/1/130 166/1/130 168/1/130
f 166/1/131 167/1/131 170/1/131
f 167/1/132 168/1/132 170/1/132
f 168/1/133 166/1/133 170/1/133
f 174/1/134 176/1/134 171/1/134
f 173/1/135 171/1/135 172/1/135
f 171/1/136 173/1/136 174/1/136
f 171/1/137 175/1/137 172/1/137
f 175/1/138 171/1/138 176/1/138
f 174/1/139 188/1/139 176/1/139
f 175/1/140 176/1/140 185/1/140
f 174/1/141 173/1/141 181/1/141
f 172/1/142 178/1/142 173/1/142
f 172/1/143 175/1/143 178/1/143
f 181/1/144 183/1/144 174/1/144
f 182/1/145 179/1/145 177/1/145
f 177/1/146 179/1/146 186/1/146
f 173/1/147 184/1/147 181/1/147
f 176/1/148 188/1/148 182/1/148
f 174/1/149 183/1/149 188/1/149
f 182/1/150 188/1/150 179/1/150
f 179/1/151 190/1/151 186/1/151
f 176/1/152 182/1/152 185/1/152
f 181/1/153 191/1/153 183/1/153
f 177/1/154 186/1/154 192/1/154
f 173/1/155 178/1/155 184/1/155
f 182/1/156 177/1/156 185/1/156
f 177/1/157 200/1/157 185/1/157
f 188/1/158 190/1/158 179/1/158
f 1222/2/159 1226/2/159 1210/2/159
f 181/1/160 184/1/160 197/1/160
f 185/1/161 195/1/161 175/1/161
f 177/1/162 192/1/162 200/1/162
f 198/1/163 188/1/163 183/1/163
f 188/1/164 198/1/164 189/1/164
f 188/1/165 189/1/165 190/1/165
f 189/1/166 198/1/166 193/1/166
f 189/1/167 193/1/167 190/1/167
f 186/1/168 190/1/168 194/1/168
f 186/1/169 194/1/169 196/1/169
f 186/1/170 196/1/170 192/1/170
f 198/1/171 202/1/171 193/1/171
f 194/1/172 190/1/172 193/1/172
f 180/1/173 187/1/173 178/1/173
f 178/1/174 187/1/174 184/1/174
f 191/1/175 181/1/175 197/1/175
f 191/1/176 197/1/176 216/1/176
f 191/1/177 216/1/177 210/1/177
f 183/1/178 203/1/178 198/1/178
f 184/1/179 209/1/179 197/1/179
f 207/1/180 185/1/180 200/1/180
f 191/1/181 210/1/181 183/1/181
f 196/1/182 194/1/182 199/1/182
f 192/1/183 204/1/183 200/1/183
f 202/1/184 198/1/184 203/1/184
f 192/1/185 196/1/185 201/1/185
f 199/1/186 194/1/186 193/1/186
f 208/1/187 203/1/187 183/1/187
f 192/1/188 201/1/188 204/1/188
f 193/1/189 202/1/189 215/1/189
f 215/1/190 205/1/190 193/1/190
f 210/1/191 208/1/191 183/1/191
f 187/1/192 209/1/192 184/1/192
f 202/1/193 203/1/193 211/1/193
f 211/1/194 215/1/194 202/1/194
f 193/1/195 218/1/195 199/1/195
f 180/1/196 195/1/196 206/1/196
f 209/1/197 220/1/197 197/1/197
f 207/1/198 200/1/198 204/1/198
f 216/1/199 208/1/199 210/1/199
f 196/1/200 204/1/200 201/1/200
f 205/1/201 218/1/201 193/1/201
f 227/1/202 209/1/202 187/1/202
f 197/1/203 220/1/203 216/1/203
f 195/1/204 185/1/204 207/1/204
f 214/1/205 199/1/205 218/1/205
f 199/1/206 214/1/206 196/1/206
f 203/1/207 217/1/207 211/1/207
f 204/1/208 225/1/208 207/1/208
f 213/1/209 204/1/209 196/1/209
f 214/1/210 213/1/210 196/1/210
f 219/1/211 187/1/211 180/1/211
f 212/1/212 219/1/212 180/1/212
f 180/1/213 206/1/213 212/1/213
f 225/1/214 195/1/214 207/1/214
f 1027/3/215 1029/3/215 1028/3/215
f 233/1/216 208/1/216 216/1/216
f 226/1/217 213/1/217 214/1/217
f 211/1/218 224/1/218 215/1/218
f 205/1/219 224/1/219 218/1/219
f 224/1/220 205/1/220 215/1/220
f 212/1/221 232/1/221 219/1/221
f 206/1/222 232/1/222 212/1/222
f 216/1/223 220/1/223 233/1/223
f 222/1/224 225/1/224 204/1/224
f 213/1/225 222/1/225 204/1/225
f 239/1/226 223/1/226 217/1/226
f 217/1/227 223/1/227 224/1/227
f 214/1/228 218/1/228 224/1/228
f 1107/1/229 1116/1/229 1115/1/229
f 228/1/230 227/1/230 187/1/230
f 227/1/231 220/1/231 209/1/231
f 195/1/232 225/1/232 221/1/232
f 225/1/233 222/1/233 213/1/233
f 239/1/234 214/1/234 223/1/234
f 225/1/235 213/1/235 226/1/235
f 223/1/236 214/1/236 224/1/236
f 227/1/237 234/1/237 220/1/237
f 206/1/238 229/1/238 232/1/238
f 195/1/239 221/1/239 206/1/239
f 233/1/240 220/1/240 234/1/240
f 214/1/241 231/1/241 226/1/241
f 237/1/242 234/1/242 227/1/242
f 221/1/243 229/1/243 206/1/243
f 244/1/244 227/1/244 228/1/244
f 219/1/245 232/1/245 230/1/245
f 235/1/246 229/1/246 221/1/246
f 226/1/247 236/1/247 225/1/247
f 233/1/248 238/1/248 208/1/248
f 239/1/249 231/1/249 214/1/249
f 238/1/250 239/1/250 208/1/250
f 240/1/251 244/1/251 228/1/251
f 235/1/252 232/1/252 229/1/252
f 240/1/253 228/1/253 230/1/253
f 237/1/254 246/1/254 234/1/254
f 225/1/255 235/1/255 221/1/255
f 237/1/256 227/1/256 244/1/256
f 678/1/257 685/1/257 683/1/257
f 236/1/258 235/1/258 225/1/258
f 226/1/259 247/1/259 236/1/259
f 231/1/260 247/1/260 226/1/260
f 238/1/261 247/1/261 239/1/261
f 237/1/262 244/1/262 252/1/262
f 237/1/263 252/1/263 246/1/263
f 241/1/264 230/1/264 232/1/264
f 232/1/265 242/1/265 241/1/265
f 247/1/266 231/1/266 239/1/266
f 242/1/267 232/1/267 235/1/267
f 233/1/268 248/1/268 238/1/268
f 230/1/269 241/1/269 243/1/269
f 236/1/270 242/1/270 235/1/270
f 248/1/271 247/1/271 238/1/271
f 230/1/272 245/1/272 240/1/272
f 245/1/273 230/1/273 243/1/273
f 236/1/274 249/1/274 241/1/274
f 236/1/275 241/1/275 242/1/275
f 251/1/276 244/1/276 240/1/276
f 245/1/277 251/1/277 240/1/277
f 246/1/278 254/1/278 253/1/278
f 252/1/279 254/1/279 246/1/279
f 249/1/280 243/1/280 241/1/280
f 248/1/281 246/1/281 253/1/281
f 248/1/282 250/1/282 247/1/282
f 253/1/283 245/1/283 243/1/283
f 253/1/284 243/1/284 249/1/284
f 253/1/285 249/1/285 248/1/285
f 248/1/286 249/1/286 250/1/286
f 249/1/287 236/1/287 250/1/287
f 250/1/288 236/1/288 247/1/288
f 255/1/289 252/1/289 244/1/289
f 255/1/290 244/1/290 251/1/290
f 251/1/291 245/1/291 256/1/291
f 245/1/292 253/1/292 256/1/292
f 255/1/293 254/1/293 252/1/293
f 255/1/294 253/1/294 254/1/294
f 251/1/295 256/1/295 255/1/295
f 616/4/296 623/4/296 618/4/296
f 617/4/297 283/4/297 623/4/297
f 612/4/298 622/4/298 283/4/298
f 614/4/299 622/4/299 613/4/299
f 615/4/300 620/4/300 274/4/300
f 615/4/301 618/4/301 619/4/301
f 259/4/302 260/4/302 612/4/302
f 260/4/303 261/4/303 272/4/303
f 272/4/304 262/4/304 597/4/304
f 597/4/305 274/4/305 273/4/305
f 263/4/306 275/4/306 274/4/306
f 264/4/307 276/4/307 275/4/307
f 258/4/308 276/4/308 257/4/308
f 259/4/309 277/4/309 258/4/309
f 279/4/310 278/4/310 265/4/310
f 270/4/311 279/4/311 265/4/311
f 280/4/312 269/4/312 284/4/312
f 280/4/313 268/4/313 281/4/313
f 282/4/314 268/4/314 267/4/314
f 283/4/315 267/4/315 266/4/315
f 278/4/316 283/4/316 266/4/316
f 266/4/317 288/4/317 287/4/317
f 267/4/318 289/4/318 288/4/318
f 285/4/319 290/4/319 289/4/319
f 290/4/320 266/4/320 287/4/320
f 284/4/321 292/4/321 291/4/321
f 269/4/322 293/4/322 292/4/322
f 265/4/323 293/4/323 270/4/323
f 284/4/324 296/4/324 285/4/324
f 285/4/325 297/4/325 286/4/325
f 286/4/326 294/4/326 265/4/326
f 267/4/327 268/4/327 298/4/327
f 267/4/328 299/4/328 285/4/328
f 268/4/329 284/4/329 300/4/329
f 284/4/330 301/4/330 300/4/330
f 285/4/331 301/4/331 284/4/331
f 265/4/332 303/4/332 302/4/332
f 265/4/333 304/4/333 286/4/333
f 278/4/334 305/4/334 303/4/334
f 266/4/335 567/4/335 305/4/335
f 291/4/336 307/4/336 306/4/336
f 293/4/337 307/4/337 292/4/337
f 294/4/338 309/4/338 293/4/338
f 295/4/339 306/4/339 311/4/339
f 296/4/340 311/4/340 312/4/340
f 296/4/341 313/4/341 297/4/341
f 297/4/342 310/4/342 294/4/342
f 306/4/343 315/4/343 314/4/343
f 308/4/344 315/4/344 307/4/344
f 306/4/345 317/4/345 311/4/345
f 630/4/346 631/4/346 632/4/346
f 309/4/347 319/4/347 307/4/347
f 308/4/348 319/4/348 321/4/348
f 310/4/349 320/4/349 309/4/349
f 310/4/350 323/4/350 322/4/350
f 1108/1/351 1120/1/351 1106/1/351
f 312/4/352 321/4/352 324/4/352
f 308/4/353 307/4/353 319/4/353
f 320/4/354 325/4/354 319/4/354
f 321/4/355 325/4/355 327/4/355
f 320/4/356 329/4/356 326/4/356
f 323/4/357 328/4/357 329/4/357
f 324/4/358 327/4/358 328/4/358
f 322/4/359 323/4/359 329/4/359
f 326/4/360 330/4/360 325/4/360
f 327/4/361 330/4/361 332/4/361
f 329/4/362 331/4/362 326/4/362
f 329/4/363 328/4/363 335/4/363
f 328/4/364 327/4/364 332/4/364
f 329/4/365 335/4/365 333/4/365
f 335/4/366 328/4/366 334/4/366
f 332/4/367 334/4/367 328/4/367
f 333/4/368 335/4/368 337/4/368
f 332/4/369 337/4/369 336/4/369
f 331/4/370 338/4/370 330/4/370
f 330/4/371 340/4/371 332/4/371
f 331/4/372 341/4/372 339/4/372
f 332/4/373 341/4/373 333/4/373
f 339/4/374 342/4/374 338/4/374
f 338/4/375 344/4/375 340/4/375
f 339/4/376 345/4/376 343/4/376
f 341/4/377 344/4/377 345/4/377
f 342/4/378 352/4/378 353/4/378
f 342/4/379 346/4/379 344/4/379
f 343/4/380 347/4/380 352/4/380
f 345/4/381 346/4/381 347/4/381
f 347/4/382 348/4/382 352/4/382
f 347/4/383 350/4/383 349/4/383
f 351/4/384 352/4/384 348/4/384
f 352/4/385 350/4/385 346/4/385
f 353/4/386 352/4/386 354/4/386
f 352/4/387 355/4/387 354/4/387
f 352/4/388 356/4/388 355/4/388
f 346/4/389 353/4/389 356/4/389
f 353/4/390 358/4/390 357/4/390
f 354/4/391 359/4/391 358/4/391
f 355/4/392 360/4/392 359/4/392
f 353/4/393 360/4/393 356/4/393
f 358/4/394 359/4/394 361/4/394
f 360/4/395 357/4/395 361/4/395
f 349/4/396 362/4/396 348/4/396
f 351/4/397 362/4/397 364/4/397
f 350/4/398 363/4/398 349/4/398
f 351/4/399 365/4/399 350/4/399
f 364/4/400 362/4/400 366/4/400
f 363/4/401 365/4/401 366/4/401
f 364/4/402 366/4/402 365/4/402
f 335/4/403 367/4/403 368/4/403
f 336/4/404 367/4/404 334/4/404
f 337/4/405 368/4/405 370/4/405
f 336/4/406 370/4/406 369/4/406
f 367/4/407 372/4/407 368/4/407
f 369/4/408 368/4/408 372/4/408
f 367/4/409 373/4/409 371/4/409
f 369/4/410 372/4/410 373/4/410
f 372/4/411 371/4/411 373/4/411
f 332/4/412 333/4/412 337/4/412
f 370/4/413 374/4/413 375/4/413
f 368/4/414 376/4/414 374/4/414
f 370/4/415 376/4/415 369/4/415
f 375/4/416 378/4/416 377/4/416
f 374/4/417 376/4/417 378/4/417
f 376/4/418 379/4/418 378/4/418
f 376/4/419 377/4/419 379/4/419
f 315/4/420 383/4/420 314/4/420
f 315/4/421 381/4/421 380/4/421
f 314/4/422 382/4/422 317/4/422
f 318/4/423 382/4/423 393/4/423
f 318/4/424 381/4/424 316/4/424
f 380/4/425 381/4/425 384/4/425
f 382/4/426 383/4/426 385/4/426
f 385/4/427 386/4/427 382/4/427
f 386/4/428 384/4/428 381/4/428
f 383/4/429 388/4/429 387/4/429
f 384/4/430 388/4/430 380/4/430
f 385/4/431 387/4/431 390/4/431
f 385/4/432 389/4/432 384/4/432
f 387/4/433 391/4/433 400/4/433
f 389/4/434 391/4/434 388/4/434
f 390/4/435 400/4/435 401/4/435
f 390/4/436 392/4/436 389/4/436
f 393/4/437 394/4/437 397/4/437
f 382/4/438 395/4/438 394/4/438
f 386/4/439 396/4/439 395/4/439
f 393/4/440 396/4/440 381/4/440
f 394/4/441 395/4/441 398/4/441
f 395/4/442 396/4/442 398/4/442
f 397/4/443 394/4/443 399/4/443
f 398/4/444 399/4/444 394/4/444
f 392/4/445 406/4/445 391/4/445
f 392/4/446 402/4/446 403/4/446
f 391/4/447 404/4/447 400/4/447
f 402/4/448 400/4/448 404/4/448
f 403/4/449 402/4/449 405/4/449
f 404/4/450 406/4/450 407/4/450
f 404/4/451 405/4/451 402/4/451
f 403/4/452 408/4/452 406/4/452
f 407/4/453 406/4/453 408/4/453
f 408/4/454 409/4/454 405/4/454
f 403/4/455 409/4/455 410/4/455
f 403/4/456 411/4/456 408/4/456
f 409/4/457 412/4/457 410/4/457
f 408/4/458 415/4/458 414/4/458
f 407/4/459 415/4/459 405/4/459
f 407/4/460 414/4/460 413/4/460
f 415/4/461 417/4/461 414/4/461
f 413/4/462 418/4/462 415/4/462
f 413/4/463 417/4/463 416/4/463
f 416/4/464 419/4/464 418/4/464
f 417/4/465 419/4/465 416/4/465
f 298/4/466 421/4/466 420/4/466
f 299/4/467 420/4/467 422/4/467
f 300/4/468 421/4/468 268/4/468
f 301/4/469 423/4/469 300/4/469
f 299/4/470 424/4/470 301/4/470
f 421/4/471 425/4/471 420/4/471
f 420/4/472 427/4/472 422/4/472
f 421/4/473 428/4/473 426/4/473
f 424/4/474 428/4/474 423/4/474
f 422/4/475 429/4/475 424/4/475
f 425/4/476 431/4/476 430/4/476
f 425/4/477 432/4/477 427/4/477
f 433/4/478 437/4/478 429/4/478
f 427/4/479 433/4/479 429/4/479
f 426/4/480 435/4/480 434/4/480
f 428/4/481 436/4/481 435/4/481
f 437/4/482 436/4/482 429/4/482
f 437/4/483 431/4/483 426/4/483
f 437/4/484 434/4/484 438/4/484
f 435/4/485 441/4/485 440/4/485
f 438/4/486 441/4/486 436/4/486
f 434/4/487 440/4/487 442/4/487
f 434/4/488 439/4/488 438/4/488
f 440/4/489 441/4/489 442/4/489
f 441/4/490 439/4/490 442/4/490
f 431/4/491 443/4/491 430/4/491
f 432/4/492 443/4/492 445/4/492
f 431/4/493 446/4/493 444/4/493
f 433/4/494 445/4/494 446/4/494
f 444/4/495 447/4/495 443/4/495
f 473/4/496 447/4/496 449/4/496
f 444/4/497 450/4/497 448/4/497
f 473/4/498 450/4/498 446/4/498
f 448/4/499 451/4/499 447/4/499
f 447/4/500 453/4/500 449/4/500
f 448/4/501 454/4/501 452/4/501
f 450/4/502 453/4/502 454/4/502
f 455/4/503 458/4/503 457/4/503
f 451/4/504 458/4/504 453/4/504
f 451/4/505 459/4/505 456/4/505
f 455/4/506 459/4/506 452/4/506
f 457/4/507 462/4/507 461/4/507
f 456/4/508 462/4/508 458/4/508
f 456/4/509 463/4/509 460/4/509
f 457/4/510 463/4/510 459/4/510
f 462/4/511 464/4/511 461/4/511
f 462/4/512 460/4/512 464/4/512
f 455/4/513 465/4/513 453/4/513
f 454/4/514 465/4/514 466/4/514
f 455/4/515 452/4/515 467/4/515
f 452/4/516 466/4/516 467/4/516
f 467/4/517 469/4/517 465/4/517
f 465/4/518 470/4/518 466/4/518
f 467/4/519 471/4/519 468/4/519
f 467/4/520 470/4/520 471/4/520
f 469/4/521 468/4/521 472/4/521
f 470/4/522 469/4/522 472/4/522
f 468/4/523 471/4/523 472/4/523
f 471/4/524 470/4/524 472/4/524
f 446/4/525 475/4/525 474/4/525
f 446/4/526 476/4/526 473/4/526
f 445/4/527 477/4/527 475/4/527
f 473/4/528 477/4/528 443/4/528
f 475/4/529 478/4/529 474/4/529
f 476/4/530 478/4/530 480/4/530
f 477/4/531 479/4/531 475/4/531
f 476/4/532 481/4/532 477/4/532
f 478/4/533 484/4/533 482/4/533
f 480/4/534 482/4/534 483/4/534
f 479/4/535 481/4/535 484/4/535
f 480/4/536 484/4/536 481/4/536
f 484/4/537 485/4/537 482/4/537
f 290/4/538 487/4/538 289/4/538
f 290/4/539 486/4/539 488/4/539
f 287/4/540 489/4/540 486/4/540
f 289/4/541 489/4/541 288/4/541
f 487/4/542 492/4/542 491/4/542
f 486/4/543 492/4/543 488/4/543
f 489/4/544 490/4/544 486/4/544
f 489/4/545 491/4/545 493/4/545
f 494/4/546 497/4/546 496/4/546
f 492/4/547 497/4/547 491/4/547
f 490/4/548 494/4/548 496/4/548
f 492/4/549 496/4/549 495/4/549
f 497/4/550 499/4/550 496/4/550
f 495/4/551 500/4/551 497/4/551
f 496/4/552 499/4/552 501/4/552
f 495/4/553 501/4/553 498/4/553
f 499/4/554 500/4/554 502/4/554
f 498/4/555 502/4/555 500/4/555
f 499/4/556 502/4/556 501/4/556
f 501/4/557 502/4/557 498/4/557
f 493/4/558 505/4/558 504/4/558
f 494/4/559 505/4/559 491/4/559
f 493/4/560 506/4/560 490/4/560
f 494/4/561 506/4/561 503/4/561
f 504/4/562 509/4/562 508/4/562
f 503/4/563 509/4/563 505/4/563
f 504/4/564 510/4/564 506/4/564
f 503/4/565 510/4/565 507/4/565
f 508/4/566 513/4/566 512/4/566
f 507/4/567 513/4/567 509/4/567
f 508/4/568 514/4/568 510/4/568
f 507/4/569 514/4/569 511/4/569
f 514/4/570 516/4/570 515/4/570
f 511/4/571 516/4/571 512/4/571
f 514/4/572 517/4/572 511/4/572
f 520/4/573 512/4/573 518/4/573
f 512/4/574 519/4/574 518/4/574
f 513/4/575 520/4/575 519/4/575
f 521/4/576 511/4/576 517/4/576
f 515/4/577 516/4/577 522/4/577
f 521/4/578 522/4/578 516/4/578
f 521/4/579 524/4/579 523/4/579
f 515/4/580 524/4/580 517/4/580
f 522/4/581 526/4/581 525/4/581
f 523/4/582 525/4/582 526/4/582
f 522/4/583 525/4/583 524/4/583
f 520/4/584 529/4/584 528/4/584
f 519/4/585 529/4/585 518/4/585
f 520/4/586 527/4/586 519/4/586
f 529/4/587 531/4/587 528/4/587
f 527/4/588 530/4/588 529/4/588
f 527/4/589 531/4/589 530/4/589
f 302/4/590 533/4/590 532/4/590
f 302/4/591 534/4/591 304/4/591
f 303/4/592 535/4/592 533/4/592
f 567/4/593 535/4/593 305/4/593
f 533/4/594 536/4/594 532/4/594
f 534/4/595 536/4/595 538/4/595
f 535/4/596 537/4/596 533/4/596
f 535/4/597 538/4/597 539/4/597
f 536/4/598 541/4/598 540/4/598
f 553/4/599 541/4/599 537/4/599
f 553/4/600 543/4/600 542/4/600
f 536/4/601 543/4/601 538/4/601
f 540/4/602 545/4/602 544/4/602
f 542/4/603 545/4/603 541/4/603
f 542/4/604 547/4/604 546/4/604
f 540/4/605 547/4/605 543/4/605
f 544/4/606 549/4/606 548/4/606
f 546/4/607 549/4/607 545/4/607
f 537/4/608 539/4/608 552/4/608
f 553/4/609 537/4/609 552/4/609
f 1215/2/610 1202/2/610 1217/2/610
f 538/4/611 553/4/611 554/4/611
f 552/4/612 556/4/612 555/4/612
f 553/4/613 555/4/613 557/4/613
f 554/4/614 553/4/614 557/4/614
f 555/4/615 554/4/615 557/4/615
f 548/4/616 549/4/616 560/4/616
f 549/4/617 558/4/617 560/4/617
f 551/4/618 558/4/618 550/4/618
f 548/4/619 559/4/619 551/4/619
f 558/4/620 559/4/620 560/4/620
f 561/4/621 548/4/621 551/4/621
f 561/4/622 550/4/622 546/4/622
f 546/4/623 563/4/623 562/4/623
f 561/4/624 546/4/624 562/4/624
f 547/4/625 564/4/625 563/4/625
f 561/4/626 564/4/626 544/4/626
f 563/4/627 566/4/627 565/4/627
f 562/4/628 566/4/628 564/4/628
f 567/4/629 286/4/629 304/4/629
f 568/4/630 304/4/630 534/4/630
f 538/4/631 568/4/631 534/4/631
f 261/4/632 260/4/632 569/4/632
f 260/4/633 607/4/633 569/4/633
f 262/4/634 261/4/634 570/4/634
f 262/4/635 571/4/635 271/4/635
f 598/4/636 575/4/636 573/4/636
f 264/4/637 574/4/637 576/4/637
f 577/4/638 264/4/638 576/4/638
f 271/4/639 257/4/639 577/4/639
f 259/4/640 579/4/640 260/4/640
f 259/4/641 606/4/641 578/4/641
f 607/4/642 260/4/642 579/4/642
f 258/4/643 257/4/643 581/4/643
f 257/4/644 271/4/644 582/4/644
f 258/4/645 583/4/645 259/4/645
f 583/4/646 606/4/646 259/4/646
f 581/4/647 584/4/647 585/4/647
f 257/4/648 582/4/648 584/4/648
f 581/4/649 586/4/649 583/4/649
f 582/4/650 583/4/650 586/4/650
f 578/4/651 588/4/651 579/4/651
f 578/4/652 589/4/652 587/4/652
f 588/4/653 607/4/653 579/4/653
f 570/4/654 590/4/654 591/4/654
f 571/4/655 590/4/655 569/4/655
f 570/4/656 592/4/656 572/4/656
f 572/4/657 592/4/657 571/4/657
f 574/4/658 573/4/658 593/4/658
f 573/4/659 575/4/659 594/4/659
f 576/4/660 593/4/660 595/4/660
f 576/4/661 596/4/661 577/4/661
f 575/4/662 596/4/662 594/4/662
f 262/4/663 271/4/663 598/4/663
f 272/4/664 597/4/664 273/4/664
f 261/4/665 262/4/665 272/4/665
f 263/4/666 601/4/666 600/4/666
f 597/4/667 262/4/667 601/4/667
f 598/4/668 600/4/668 605/4/668
f 598/4/669 599/4/669 262/4/669
f 601/4/670 603/4/670 600/4/670
f 601/4/671 602/4/671 604/4/671
f 605/4/672 600/4/672 603/4/672
f 599/4/673 605/4/673 602/4/673
f 263/4/674 598/4/674 573/4/674
f 262/4/675 570/4/675 572/4/675
f 601/4/676 262/4/676 599/4/676
f 598/4/677 263/4/677 600/4/677
f 606/4/678 582/4/678 271/4/678
f 606/4/679 580/4/679 578/4/679
f 607/4/680 589/4/680 580/4/680
f 271/4/681 607/4/681 580/4/681
f 569/4/682 271/4/682 571/4/682
f 263/4/683 573/4/683 574/4/683
f 257/4/684 264/4/684 577/4/684
f 271/4/685 577/4/685 575/4/685
f 575/4/686 577/4/686 596/4/686
f 402/4/687 401/4/687 608/4/687
f 402/4/688 609/4/688 400/4/688
f 608/4/689 610/4/689 611/4/689
f 609/4/690 610/4/690 401/4/690
f 612/4/691 260/4/691 613/4/691
f 272/4/692 613/4/692 260/4/692
f 272/4/693 273/4/693 614/4/693
f 274/4/694 275/4/694 615/4/694
f 275/4/695 616/4/695 615/4/695
f 277/4/696 616/4/696 276/4/696
f 277/4/697 612/4/697 617/4/697
f 619/4/698 279/4/698 270/4/698
f 619/4/699 269/4/699 620/4/699
f 621/4/700 282/4/700 622/4/700
f 283/4/701 622/4/701 282/4/701
f 623/4/702 283/4/702 278/4/702
f 618/4/703 278/4/703 279/4/703
f 624/4/704 281/4/704 621/4/704
f 621/4/705 273/4/705 624/4/705
f 274/4/706 624/4/706 273/4/706
f 280/4/707 620/4/707 269/4/707
f 308/4/708 625/4/708 316/4/708
f 311/4/709 625/4/709 312/4/709
f 317/4/710 626/4/710 625/4/710
f 317/4/711 628/4/711 627/4/711
f 625/4/712 629/4/712 316/4/712
f 318/4/713 629/4/713 628/4/713
f 626/4/714 631/4/714 630/4/714
f 628/4/715 631/4/715 627/4/715
f 629/4/716 630/4/716 632/4/716
f 628/4/717 629/4/717 632/4/717
f 633/2/718 635/2/718 641/2/718
f 641/2/719 634/2/719 633/2/719
f 633/2/720 636/2/720 635/2/720
f 641/2/721 635/2/721 638/2/721
f 635/2/722 636/2/722 642/2/722
f 637/2/723 638/2/723 635/2/723
f 635/2/724 642/2/724 637/2/724
f 633/2/725 639/2/725 636/2/725
f 639/2/726 633/2/726 634/2/726
f 642/2/727 636/2/727 643/2/727
f 636/2/728 639/2/728 644/2/728
f 648/2/729 637/2/729 642/2/729
f 637/2/730 648/2/730 638/2/730
f 639/2/731 634/2/731 640/2/731
f 641/2/732 638/2/732 645/2/732
f 646/2/733 641/2/733 645/2/733
f 639/2/734 647/2/734 644/2/734
f 638/2/735 648/2/735 649/2/735
f 640/2/736 634/2/736 646/2/736
f 638/2/737 651/2/737 645/2/737
f 634/2/738 641/2/738 646/2/738
f 650/2/739 648/2/739 642/2/739
f 651/2/740 638/2/740 649/2/740
f 639/2/741 640/2/741 654/2/741
f 640/2/742 653/2/742 654/2/742
f 646/2/743 653/2/743 640/2/743
f 645/2/744 653/2/744 646/2/744
f 650/2/745 642/2/745 643/2/745
f 659/2/746 648/2/746 650/2/746
f 659/2/747 649/2/747 648/2/747
f 647/2/748 639/2/748 654/2/748
f 651/2/749 661/2/749 645/2/749
f 661/2/750 653/2/750 645/2/750
f 649/2/751 660/2/751 651/2/751
f 644/2/752 647/2/752 652/2/752
f 659/2/753 660/2/753 649/2/753
f 653/2/754 661/2/754 655/2/754
f 661/2/755 665/2/755 655/2/755
f 659/2/756 668/2/756 666/2/756
f 659/2/757 666/2/757 660/2/757
f 660/2/758 669/2/758 651/2/758
f 669/2/759 661/2/759 651/2/759
f 656/2/760 643/2/760 652/2/760
f 652/2/761 647/2/761 658/2/761
f 655/2/762 663/2/762 653/2/762
f 655/2/763 665/2/763 657/2/763
f 652/2/764 658/2/764 656/2/764
f 664/2/765 654/2/765 653/2/765
f 657/2/766 665/2/766 662/2/766
f 663/2/767 657/2/767 662/2/767
f 650/2/768 643/2/768 656/2/768
f 650/2/769 668/2/769 659/2/769
f 647/2/770 654/2/770 664/2/770
f 661/2/771 669/2/771 665/2/771
f 664/2/772 653/2/772 663/2/772
f 671/2/773 662/2/773 665/2/773
f 672/2/774 665/2/774 669/2/774
f 664/2/775 663/2/775 662/2/775
f 668/2/776 660/2/776 666/2/776
f 660/2/777 668/2/777 669/2/777
f 668/2/778 650/2/778 656/2/778
f 667/2/779 647/2/779 664/2/779
f 672/2/780 671/2/780 665/2/780
f 662/2/781 667/2/781 664/2/781
f 668/2/782 667/2/782 669/2/782
f 670/2/783 656/2/783 658/2/783
f 658/2/784 647/2/784 670/2/784
f 668/2/785 656/2/785 670/2/785
f 669/2/786 667/2/786 672/2/786
f 668/2/787 670/2/787 667/2/787
f 670/2/788 647/2/788 667/2/788
f 673/2/789 662/2/789 671/2/789
f 672/2/790 673/2/790 671/2/790
f 662/2/791 673/2/791 667/2/791
f 673/2/792 672/2/792 667/2/792
f 678/1/793 675/1/793 674/1/793
f 677/1/794 679/1/794 674/1/794
f 674/1/795 676/1/795 677/1/795
f 678/1/796 674/1/796 679/1/796
f 689/1/797 681/1/797 676/1/797
f 682/1/798 679/1/798 677/1/798
f 677/1/799 691/1/799 682/1/799
f 674/1/800 675/1/800 683/1/800
f 678/1/801 679/1/801 699/1/801
f 677/1/802 676/1/802 686/1/802
f 674/1/803 683/1/803 676/1/803
f 675/1/804 678/1/804 683/1/804
f 686/1/805 688/1/805 677/1/805
f 682/1/806 684/1/806 680/1/806
f 680/1/807 684/1/807 690/1/807
f 697/1/808 680/1/808 690/1/808
f 676/1/809 681/1/809 686/1/809
f 679/1/810 682/1/810 687/1/810
f 841/1/811 832/1/811 822/1/811
f 682/1/812 691/1/812 684/1/812
f 684/1/813 692/1/813 690/1/813
f 679/1/814 687/1/814 699/1/814
f 682/1/815 680/1/815 687/1/815
f 686/1/816 705/1/816 688/1/816
f 680/1/817 697/1/817 693/1/817
f 676/1/818 683/1/818 689/1/818
f 680/1/819 703/1/819 687/1/819
f 927/1/820 923/1/820 925/1/820
f 686/1/821 681/1/821 698/1/821
f 699/1/822 696/1/822 678/1/822
f 680/1/823 693/1/823 703/1/823
f 701/1/824 691/1/824 688/1/824
f 691/1/825 701/1/825 692/1/825
f 692/1/826 701/1/826 694/1/826
f 713/1/827 681/1/827 689/1/827
f 691/1/828 692/1/828 684/1/828
f 690/1/829 692/1/829 695/1/829
f 690/1/830 695/1/830 697/1/830
f 701/1/831 706/1/831 694/1/831
f 695/1/832 692/1/832 694/1/832
f 683/1/833 713/1/833 689/1/833
f 705/1/834 686/1/834 698/1/834
f 688/1/835 708/1/835 701/1/835
f 681/1/836 713/1/836 698/1/836
f 700/1/837 687/1/837 703/1/837
f 705/1/838 717/1/838 688/1/838
f 697/1/839 695/1/839 702/1/839
f 693/1/840 704/1/840 703/1/840
f 706/1/841 701/1/841 708/1/841
f 693/1/842 718/1/842 704/1/842
f 693/1/843 697/1/843 718/1/843
f 702/1/844 695/1/844 694/1/844
f 705/1/845 698/1/845 725/1/845
f 699/1/846 687/1/846 700/1/846
f 716/1/847 708/1/847 688/1/847
f 694/1/848 706/1/848 711/1/848
f 711/1/849 712/1/849 694/1/849
f 717/1/850 705/1/850 725/1/850
f 709/1/851 703/1/851 704/1/851
f 717/1/852 716/1/852 688/1/852
f 718/1/853 697/1/853 702/1/853
f 703/1/854 715/1/854 700/1/854
f 702/1/855 710/1/855 718/1/855
f 706/1/856 708/1/856 719/1/856
f 713/1/857 683/1/857 707/1/857
f 710/1/858 702/1/858 727/1/858
f 719/1/859 711/1/859 706/1/859
f 694/1/860 727/1/860 702/1/860
f 685/1/861 707/1/861 683/1/861
f 685/1/862 696/1/862 714/1/862
f 713/1/863 729/1/863 698/1/863
f 715/1/864 703/1/864 709/1/864
f 725/1/865 716/1/865 717/1/865
f 718/1/866 709/1/866 704/1/866
f 712/1/867 727/1/867 694/1/867
f 698/1/868 729/1/868 725/1/868
f 696/1/869 699/1/869 700/1/869
f 720/1/870 710/1/870 727/1/870
f 710/1/871 720/1/871 718/1/871
f 708/1/872 726/1/872 719/1/872
f 719/1/873 724/1/873 711/1/873
f 707/1/874 736/1/874 713/1/874
f 734/1/875 700/1/875 715/1/875
f 709/1/876 734/1/876 715/1/876
f 722/1/877 709/1/877 718/1/877
f 727/1/878 723/1/878 720/1/878
f 720/1/879 722/1/879 718/1/879
f 712/1/880 711/1/880 724/1/880
f 728/1/881 707/1/881 685/1/881
f 721/1/882 728/1/882 685/1/882
f 685/1/883 714/1/883 721/1/883
f 734/1/884 696/1/884 700/1/884
f 708/1/885 716/1/885 726/1/885
f 745/1/886 716/1/886 725/1/886
f 737/1/887 722/1/887 720/1/887
f 724/1/888 726/1/888 733/1/888
f 712/1/889 733/1/889 727/1/889
f 733/1/890 712/1/890 724/1/890
f 721/1/891 744/1/891 728/1/891
f 714/1/892 744/1/892 721/1/892
f 725/1/893 729/1/893 745/1/893
f 731/1/894 734/1/894 709/1/894
f 722/1/895 731/1/895 709/1/895
f 716/1/896 753/1/896 726/1/896
f 753/1/897 732/1/897 726/1/897
f 732/1/898 720/1/898 723/1/898
f 726/1/899 732/1/899 733/1/899
f 723/1/900 727/1/900 733/1/900
f 707/1/901 738/1/901 740/1/901
f 739/1/902 736/1/902 740/1/902
f 740/1/903 736/1/903 707/1/903
f 736/1/904 729/1/904 713/1/904
f 696/1/905 734/1/905 730/1/905
f 735/1/906 734/1/906 731/1/906
f 735/1/907 731/1/907 722/1/907
f 753/1/908 720/1/908 732/1/908
f 735/1/909 722/1/909 737/1/909
f 732/1/910 723/1/910 733/1/910
f 728/1/911 738/1/911 707/1/911
f 736/1/912 746/1/912 729/1/912
f 743/1/913 737/1/913 720/1/913
f 714/1/914 741/1/914 744/1/914
f 696/1/915 730/1/915 714/1/915
f 745/1/916 729/1/916 746/1/916
f 734/1/917 735/1/917 730/1/917
f 742/1/918 738/1/918 728/1/918
f 735/1/919 737/1/919 743/1/919
f 749/1/920 746/1/920 736/1/920
f 730/1/921 741/1/921 714/1/921
f 759/1/922 739/1/922 740/1/922
f 728/1/923 744/1/923 742/1/923
f 736/1/924 739/1/924 757/1/924
f 747/1/925 741/1/925 730/1/925
f 743/1/926 748/1/926 735/1/926
f 745/1/927 752/1/927 716/1/927
f 753/1/928 743/1/928 720/1/928
f 752/1/929 753/1/929 716/1/929
f 754/1/930 759/1/930 740/1/930
f 749/1/931 736/1/931 751/1/931
f 747/1/932 744/1/932 741/1/932
f 754/1/933 740/1/933 738/1/933
f 757/1/934 739/1/934 759/1/934
f 749/1/935 761/1/935 746/1/935
f 746/1/936 750/1/936 745/1/936
f 735/1/937 747/1/937 730/1/937
f 751/1/938 736/1/938 757/1/938
f 761/1/939 750/1/939 746/1/939
f 751/1/940 761/1/940 749/1/940
f 745/1/941 750/1/941 761/1/941
f 748/1/942 747/1/942 735/1/942
f 743/1/943 762/1/943 748/1/943
f 752/1/944 762/1/944 753/1/944
f 751/1/945 757/1/945 767/1/945
f 751/1/946 767/1/946 761/1/946
f 755/1/947 742/1/947 744/1/947
f 744/1/948 756/1/948 755/1/948
f 745/1/949 761/1/949 763/1/949
f 762/1/950 743/1/950 753/1/950
f 756/1/951 744/1/951 747/1/951
f 745/1/952 763/1/952 752/1/952
f 757/1/953 759/1/953 767/1/953
f 758/1/954 738/1/954 742/1/954
f 742/1/955 755/1/955 758/1/955
f 748/1/956 756/1/956 747/1/956
f 763/1/957 762/1/957 752/1/957
f 738/1/958 760/1/958 754/1/958
f 760/1/959 738/1/959 758/1/959
f 748/1/960 764/1/960 755/1/960
f 748/1/961 755/1/961 756/1/961
f 766/1/962 759/1/962 754/1/962
f 760/1/963 766/1/963 754/1/963
f 761/1/964 769/1/964 770/1/964
f 767/1/965 769/1/965 761/1/965
f 771/1/966 758/1/966 755/1/966
f 771/1/967 755/1/967 764/1/967
f 864/1/968 855/1/968 860/1/968
f 763/1/969 765/1/969 762/1/969
f 768/1/970 760/1/970 758/1/970
f 768/1/971 758/1/971 771/1/971
f 770/1/972 771/1/972 763/1/972
f 764/1/973 763/1/973 771/1/973
f 763/1/974 764/1/974 765/1/974
f 764/1/975 748/1/975 765/1/975
f 765/1/976 748/1/976 762/1/976
f 772/1/977 767/1/977 759/1/977
f 772/1/978 759/1/978 766/1/978
f 766/1/979 760/1/979 774/1/979
f 760/1/980 768/1/980 774/1/980
f 774/1/981 768/1/981 770/1/981
f 773/1/982 769/1/982 767/1/982
f 773/1/983 770/1/983 769/1/983
f 768/1/984 771/1/984 770/1/984
f 766/1/985 774/1/985 772/1/985
f 772/1/986 773/1/986 767/1/986
f 773/1/987 772/1/987 774/1/987
f 778/1/988 776/1/988 779/1/988
f 775/1/989 776/1/989 778/1/989
f 778/1/990 777/1/990 775/1/990
f 777/1/991 778/1/991 779/1/991
f 777/1/992 779/1/992 781/1/992
f 776/1/993 780/1/993 779/1/993
f 775/1/994 785/1/994 776/1/994
f 781/1/995 779/1/995 780/1/995
f 777/1/996 782/1/996 775/1/996
f 780/1/997 776/1/997 796/1/997
f 788/1/998 781/1/998 780/1/998
f 783/1/999 785/1/999 784/1/999
f 785/1/1000 775/1/1000 784/1/1000
f 775/1/1001 782/1/1001 784/1/1001
f 776/1/1002 785/1/1002 794/1/1002
f 777/1/1003 781/1/1003 786/1/1003
f 776/1/1004 794/1/1004 792/1/1004
f 790/1/1005 787/1/1005 783/1/1005
f 791/1/1006 790/1/1006 784/1/1006
f 790/1/1007 783/1/1007 784/1/1007
f 781/1/1008 788/1/1008 786/1/1008
f 776/1/1009 792/1/1009 796/1/1009
f 788/1/1010 780/1/1010 802/1/1010
f 787/1/1011 785/1/1011 783/1/1011
f 791/1/1012 784/1/1012 782/1/1012
f 782/1/1013 777/1/1013 786/1/1013
f 787/1/1014 799/1/1014 785/1/1014
f 799/1/1015 794/1/1015 785/1/1015
f 790/1/1016 789/1/1016 798/1/1016
f 787/1/1017 790/1/1017 798/1/1017
f 789/1/1018 790/1/1018 791/1/1018
f 791/1/1019 782/1/1019 793/1/1019
f 799/1/1020 795/1/1020 794/1/1020
f 782/1/1021 803/1/1021 793/1/1021
f 792/1/1022 794/1/1022 800/1/1022
f 796/1/1023 801/1/1023 780/1/1023
f 791/1/1024 793/1/1024 789/1/1024
f 795/1/1025 800/1/1025 794/1/1025
f 782/1/1026 786/1/1026 803/1/1026
f 786/1/1027 788/1/1027 807/1/1027
f 789/1/1028 793/1/1028 797/1/1028
f 812/1/1029 807/1/1029 788/1/1029
f 796/1/1030 792/1/1030 801/1/1030
f 900/1/1031 878/1/1031 908/1/1031
f 797/1/1032 798/1/1032 789/1/1032
f 787/1/1033 825/1/1033 799/1/1033
f 795/1/1034 799/1/1034 810/1/1034
f 807/1/1035 803/1/1035 786/1/1035
f 792/1/1036 805/1/1036 801/1/1036
f 802/1/1037 812/1/1037 788/1/1037
f 810/1/1038 806/1/1038 795/1/1038
f 800/1/1039 805/1/1039 792/1/1039
f 825/1/1040 787/1/1040 809/1/1040
f 787/1/1041 798/1/1041 809/1/1041
f 798/1/1042 797/1/1042 814/1/1042
f 805/1/1043 808/1/1043 801/1/1043
f 797/1/1044 793/1/1044 811/1/1044
f 799/1/1045 818/1/1045 810/1/1045
f 804/1/1046 793/1/1046 803/1/1046
f 804/1/1047 803/1/1047 807/1/1047
f 800/1/1048 813/1/1048 805/1/1048
f 808/1/1049 812/1/1049 802/1/1049
f 821/1/1050 800/1/1050 806/1/1050
f 805/1/1051 816/1/1051 808/1/1051
f 814/1/1052 809/1/1052 798/1/1052
f 804/1/1053 811/1/1053 793/1/1053
f 810/1/1054 815/1/1054 806/1/1054
f 804/1/1055 807/1/1055 820/1/1055
f 821/1/1056 806/1/1056 819/1/1056
f 812/1/1057 820/1/1057 807/1/1057
f 832/1/1058 808/1/1058 816/1/1058
f 812/1/1059 808/1/1059 832/1/1059
f 817/1/1060 809/1/1060 814/1/1060
f 797/1/1061 811/1/1061 814/1/1061
f 818/1/1062 799/1/1062 825/1/1062
f 810/1/1063 818/1/1063 815/1/1063
f 819/1/1064 806/1/1064 815/1/1064
f 832/1/1065 820/1/1065 812/1/1065
f 805/1/1066 822/1/1066 816/1/1066
f 800/1/1067 821/1/1067 823/1/1067
f 813/1/1068 800/1/1068 823/1/1068
f 822/1/1069 832/1/1069 816/1/1069
f 805/1/1070 813/1/1070 824/1/1070
f 821/1/1071 840/1/1071 823/1/1071
f 829/1/1072 825/1/1072 809/1/1072
f 1057/3/1073 1069/3/1073 1048/3/1073
f 811/1/1074 804/1/1074 827/1/1074
f 815/1/1075 840/1/1075 819/1/1075
f 819/1/1076 840/1/1076 821/1/1076
f 805/1/1077 824/1/1077 822/1/1077
f 830/1/1078 817/1/1078 814/1/1078
f 811/1/1079 830/1/1079 814/1/1079
f 825/1/1080 834/1/1080 818/1/1080
f 804/1/1081 820/1/1081 827/1/1081
f 827/1/1082 820/1/1082 828/1/1082
f 828/1/1083 820/1/1083 832/1/1083
f 833/1/1084 822/1/1084 824/1/1084
f 1444/3/1085 1450/3/1085 1448/3/1085
f 823/1/1086 842/1/1086 835/1/1086
f 835/1/1087 813/1/1087 823/1/1087
f 826/1/1088 809/1/1088 817/1/1088
f 831/1/1089 811/1/1089 827/1/1089
f 554/4/1090 539/4/1090 538/4/1090
f 835/1/1091 824/1/1091 813/1/1091
f 829/1/1092 838/1/1092 825/1/1092
f 825/1/1093 838/1/1093 834/1/1093
f 811/1/1094 831/1/1094 830/1/1094
f 815/1/1095 836/1/1095 840/1/1095
f 809/1/1096 826/1/1096 829/1/1096
f 837/1/1097 830/1/1097 831/1/1097
f 834/1/1098 836/1/1098 818/1/1098
f 831/1/1099 827/1/1099 837/1/1099
f 837/1/1100 827/1/1100 828/1/1100
f 833/1/1101 841/1/1101 822/1/1101
f 835/1/1102 833/1/1102 824/1/1102
f 838/1/1103 829/1/1103 826/1/1103
f 826/1/1104 830/1/1104 839/1/1104
f 839/1/1105 843/1/1105 826/1/1105
f 848/1/1106 834/1/1106 838/1/1106
f 844/1/1107 839/1/1107 830/1/1107
f 836/1/1108 834/1/1108 848/1/1108
f 844/1/1109 830/1/1109 837/1/1109
f 846/1/1110 848/1/1110 851/1/1110
f 841/1/1111 837/1/1111 828/1/1111
f 840/1/1112 836/1/1112 849/1/1112
f 850/1/1113 846/1/1113 833/1/1113
f 835/1/1114 850/1/1114 833/1/1114
f 844/1/1115 837/1/1115 841/1/1115
f 849/1/1116 836/1/1116 846/1/1116
f 833/1/1117 845/1/1117 841/1/1117
f 842/1/1118 840/1/1118 847/1/1118
f 842/1/1119 847/1/1119 835/1/1119
f 838/1/1120 826/1/1120 843/1/1120
f 852/1/1121 843/1/1121 839/1/1121
f 848/1/1122 853/1/1122 851/1/1122
f 844/1/1123 852/1/1123 839/1/1123
f 844/1/1124 841/1/1124 845/1/1124
f 846/1/1125 850/1/1125 849/1/1125
f 840/1/1126 849/1/1126 850/1/1126
f 847/1/1127 840/1/1127 850/1/1127
f 850/1/1128 835/1/1128 847/1/1128
f 843/1/1129 853/1/1129 838/1/1129
f 838/1/1130 853/1/1130 848/1/1130
f 846/1/1131 851/1/1131 852/1/1131
f 833/1/1132 846/1/1132 852/1/1132
f 852/1/1133 845/1/1133 833/1/1133
f 853/1/1134 852/1/1134 851/1/1134
f 843/1/1135 852/1/1135 853/1/1135
f 844/1/1136 845/1/1136 852/1/1136
f 855/1/1137 863/1/1137 854/1/1137
f 863/1/1138 855/1/1138 864/1/1138
f 854/1/1139 863/1/1139 858/1/1139
f 856/1/1140 854/1/1140 857/1/1140
f 854/1/1141 858/1/1141 857/1/1141
f 854/1/1142 859/1/1142 855/1/1142
f 876/1/1143 912/1/1143 879/1/1143
f 854/1/1144 862/1/1144 859/1/1144
f 859/1/1145 860/1/1145 855/1/1145
f 856/1/1146 862/1/1146 854/1/1146
f 862/1/1147 860/1/1147 859/1/1147
f 860/1/1148 866/1/1148 864/1/1148
f 862/1/1149 867/1/1149 860/1/1149
f 860/1/1150 867/1/1150 866/1/1150
f 864/1/1151 869/1/1151 863/1/1151
f 856/1/1152 865/1/1152 862/1/1152
f 865/1/1153 867/1/1153 862/1/1153
f 868/1/1154 857/1/1154 858/1/1154
f 879/1/1155 864/1/1155 866/1/1155
f 864/1/1156 879/1/1156 869/1/1156
f 857/1/1157 875/1/1157 856/1/1157
f 865/1/1158 890/1/1158 867/1/1158
f 866/1/1159 867/1/1159 876/1/1159
f 856/1/1160 875/1/1160 865/1/1160
f 876/1/1161 879/1/1161 866/1/1161
f 1172/1/1162 1187/1/1162 1190/1/1162
f 871/1/1163 870/1/1163 889/1/1163
f 871/1/1164 889/1/1164 895/1/1164
f 1085/1/1165 1084/1/1165 1083/1/1165
f 867/1/1166 890/1/1166 876/1/1166
f 879/1/1167 887/1/1167 880/1/1167
f 869/1/1168 877/1/1168 863/1/1168
f 863/1/1169 877/1/1169 873/1/1169
f 870/1/1170 898/1/1170 889/1/1170
f 875/1/1171 890/1/1171 865/1/1171
f 857/1/1172 868/1/1172 875/1/1172
f 881/1/1173 872/1/1173 858/1/1173
f 879/1/1174 880/1/1174 869/1/1174
f 869/1/1175 880/1/1175 877/1/1175
f 874/1/1176 878/1/1176 871/1/1176
f 871/1/1177 884/1/1177 874/1/1177
f 871/1/1178 875/1/1178 884/1/1178
f 868/1/1179 885/1/1179 875/1/1179
f 890/1/1180 905/1/1180 876/1/1180
f 872/1/1181 868/1/1181 858/1/1181
f 897/1/1182 877/1/1182 880/1/1182
f 870/1/1183 878/1/1183 882/1/1183
f 883/1/1184 878/1/1184 874/1/1184
f 874/1/1185 894/1/1185 883/1/1185
f 898/1/1186 899/1/1186 889/1/1186
f 894/1/1187 874/1/1187 884/1/1187
f 872/1/1188 881/1/1188 886/1/1188
f 881/1/1189 858/1/1189 861/1/1189
f 892/1/1190 877/1/1190 897/1/1190
f 877/1/1191 892/1/1191 873/1/1191
f 873/1/1192 892/1/1192 861/1/1192
f 898/1/1193 870/1/1193 882/1/1193
f 883/1/1194 894/1/1194 893/1/1194
f 875/1/1195 871/1/1195 890/1/1195
f 890/1/1196 871/1/1196 895/1/1196
f 884/1/1197 875/1/1197 885/1/1197
f 885/1/1198 868/1/1198 872/1/1198
f 888/1/1199 886/1/1199 881/1/1199
f 906/1/1200 887/1/1200 879/1/1200
f 891/1/1201 880/1/1201 887/1/1201
f 880/1/1202 891/1/1202 897/1/1202
f 881/1/1203 861/1/1203 888/1/1203
f 897/1/1204 888/1/1204 892/1/1204
f 878/1/1205 883/1/1205 908/1/1205
f 907/1/1206 884/1/1206 903/1/1206
f 884/1/1207 885/1/1207 903/1/1207
f 895/1/1208 905/1/1208 890/1/1208
f 886/1/1209 896/1/1209 872/1/1209
f 896/1/1210 891/1/1210 887/1/1210
f 1188/1/1211 1187/1/1211 1177/1/1211
f 886/1/1212 888/1/1212 897/1/1212
f 888/1/1213 861/1/1213 892/1/1213
f 883/1/1214 893/1/1214 908/1/1214
f 907/1/1215 901/1/1215 894/1/1215
f 907/1/1216 894/1/1216 884/1/1216
f 895/1/1217 889/1/1217 899/1/1217
f 905/1/1218 895/1/1218 902/1/1218
f 885/1/1219 872/1/1219 896/1/1219
f 891/1/1220 896/1/1220 886/1/1220
f 897/1/1221 891/1/1221 886/1/1221
f 899/1/1222 898/1/1222 911/1/1222
f 894/1/1223 909/1/1223 893/1/1223
f 894/1/1224 901/1/1224 909/1/1224
f 895/1/1225 899/1/1225 902/1/1225
f 907/1/1226 903/1/1226 904/1/1226
f 896/1/1227 887/1/1227 922/1/1227
f 887/1/1228 906/1/1228 922/1/1228
f 912/1/1229 906/1/1229 879/1/1229
f 882/1/1230 914/1/1230 898/1/1230
f 903/1/1231 885/1/1231 904/1/1231
f 911/1/1232 898/1/1232 914/1/1232
f 902/1/1233 899/1/1233 921/1/1233
f 910/1/1234 901/1/1234 907/1/1234
f 921/1/1235 924/1/1235 902/1/1235
f 934/1/1236 907/1/1236 904/1/1236
f 899/1/1237 911/1/1237 921/1/1237
f 909/1/1238 901/1/1238 923/1/1238
f 901/1/1239 910/1/1239 923/1/1239
f 905/1/1240 902/1/1240 931/1/1240
f 912/1/1241 905/1/1241 931/1/1241
f 917/1/1242 900/1/1242 908/1/1242
f 914/1/1243 882/1/1243 900/1/1243
f 931/1/1244 902/1/1244 924/1/1244
f 885/1/1245 896/1/1245 916/1/1245
f 893/1/1246 929/1/1246 908/1/1246
f 920/1/1247 911/1/1247 914/1/1247
f 929/1/1248 893/1/1248 909/1/1248
f 921/1/1249 911/1/1249 930/1/1249
f 910/1/1250 907/1/1250 915/1/1250
f 916/1/1251 904/1/1251 885/1/1251
f 934/1/1252 913/1/1252 907/1/1252
f 916/1/1253 934/1/1253 904/1/1253
f 916/1/1254 896/1/1254 922/1/1254
f 919/1/1255 922/1/1255 906/1/1255
f 912/1/1256 937/1/1256 906/1/1256
f 900/1/1257 920/1/1257 914/1/1257
f 911/1/1258 920/1/1258 930/1/1258
f 908/1/1259 928/1/1259 917/1/1259
f 930/1/1260 920/1/1260 942/1/1260
f 910/1/1261 918/1/1261 923/1/1261
f 915/1/1262 918/1/1262 910/1/1262
f 915/1/1263 907/1/1263 913/1/1263
f 931/1/1264 937/1/1264 912/1/1264
f 920/1/1265 900/1/1265 917/1/1265
f 919/1/1266 906/1/1266 937/1/1266
f 928/1/1267 926/1/1267 917/1/1267
f 920/1/1268 932/1/1268 942/1/1268
f 921/1/1269 930/1/1269 945/1/1269
f 921/1/1270 945/1/1270 924/1/1270
f 935/1/1271 913/1/1271 934/1/1271
f 936/1/1272 916/1/1272 922/1/1272
f 941/1/1273 919/1/1273 937/1/1273
f 932/1/1274 917/1/1274 926/1/1274
f 932/1/1275 920/1/1275 917/1/1275
f 1074/3/1276 1079/3/1276 1078/3/1276
f 915/1/1277 913/1/1277 935/1/1277
f 929/1/1278 909/1/1278 927/1/1278
f 925/1/1279 923/1/1279 918/1/1279
f 945/1/1280 940/1/1280 924/1/1280
f 929/1/1281 928/1/1281 908/1/1281
f 931/1/1282 947/1/1282 937/1/1282
f 933/1/1283 934/1/1283 916/1/1283
f 924/1/1284 940/1/1284 931/1/1284
f 941/1/1285 936/1/1285 922/1/1285
f 941/1/1286 922/1/1286 919/1/1286
f 925/1/1287 918/1/1287 938/1/1287
f 933/1/1288 935/1/1288 934/1/1288
f 936/1/1289 933/1/1289 916/1/1289
f 940/1/1290 947/1/1290 931/1/1290
f 942/1/1291 945/1/1291 930/1/1291
f 939/1/1292 918/1/1292 915/1/1292
f 939/1/1293 915/1/1293 935/1/1293
f 939/1/1294 935/1/1294 933/1/1294
f 927/1/1295 925/1/1295 938/1/1295
f 945/1/1296 946/1/1296 940/1/1296
f 937/1/1297 947/1/1297 941/1/1297
f 926/1/1298 944/1/1298 932/1/1298
f 949/1/1299 928/1/1299 929/1/1299
f 942/1/1300 932/1/1300 957/1/1300
f 918/1/1301 950/1/1301 938/1/1301
f 939/1/1302 950/1/1302 918/1/1302
f 943/1/1303 927/1/1303 938/1/1303
f 950/1/1304 943/1/1304 938/1/1304
f 946/1/1305 959/1/1305 940/1/1305
f 959/1/1306 947/1/1306 940/1/1306
f 948/1/1307 932/1/1307 944/1/1307
f 926/1/1308 928/1/1308 944/1/1308
f 960/1/1309 946/1/1309 945/1/1309
f 950/1/1310 939/1/1310 933/1/1310
f 932/1/1311 948/1/1311 957/1/1311
f 951/1/1312 942/1/1312 957/1/1312
f 927/1/1313 949/1/1313 929/1/1313
f 958/1/1314 936/1/1314 941/1/1314
f 928/1/1315 949/1/1315 944/1/1315
f 949/1/1316 927/1/1316 953/1/1316
f 966/1/1317 950/1/1317 933/1/1317
f 966/1/1318 933/1/1318 936/1/1318
f 959/1/1319 962/1/1319 947/1/1319
f 963/1/1320 960/1/1320 945/1/1320
f 966/1/1321 952/1/1321 950/1/1321
f 947/1/1322 958/1/1322 941/1/1322
f 956/1/1323 948/1/1323 944/1/1323
f 955/1/1324 951/1/1324 957/1/1324
f 946/1/1325 964/1/1325 959/1/1325
f 955/1/1326 954/1/1326 951/1/1326
f 927/1/1327 943/1/1327 953/1/1327
f 956/1/1328 944/1/1328 949/1/1328
f 945/1/1329 954/1/1329 963/1/1329
f 950/1/1330 952/1/1330 943/1/1330
f 947/1/1331 962/1/1331 958/1/1331
f 946/1/1332 960/1/1332 964/1/1332
f 961/1/1333 966/1/1333 936/1/1333
f 958/1/1334 961/1/1334 936/1/1334
f 959/1/1335 964/1/1335 969/1/1335
f 963/1/1336 954/1/1336 955/1/1336
f 961/1/1337 958/1/1337 970/1/1337
f 948/1/1338 955/1/1338 957/1/1338
f 963/1/1339 967/1/1339 960/1/1339
f 960/1/1340 967/1/1340 968/1/1340
f 960/1/1341 968/1/1341 964/1/1341
f 959/1/1342 969/1/1342 962/1/1342
f 956/1/1343 949/1/1343 971/1/1343
f 952/1/1344 953/1/1344 943/1/1344
f 965/1/1345 966/1/1345 961/1/1345
f 969/1/1346 964/1/1346 968/1/1346
f 971/1/1347 948/1/1347 956/1/1347
f 955/1/1348 948/1/1348 971/1/1348
f 967/1/1349 963/1/1349 955/1/1349
f 952/1/1350 966/1/1350 965/1/1350
f 968/1/1351 967/1/1351 972/1/1351
f 970/1/1352 972/1/1352 961/1/1352
f 949/1/1353 953/1/1353 971/1/1353
f 971/1/1354 952/1/1354 965/1/1354
f 970/1/1355 969/1/1355 968/1/1355
f 955/1/1356 972/1/1356 967/1/1356
f 972/1/1357 965/1/1357 961/1/1357
f 972/1/1358 970/1/1358 968/1/1358
f 955/1/1359 971/1/1359 972/1/1359
f 972/1/1360 971/1/1360 965/1/1360
f 973/1/1361 976/1/1361 974/1/1361
f 975/1/1362 974/1/1362 979/1/1362
f 974/1/1363 976/1/1363 980/1/1363
f 977/1/1364 976/1/1364 973/1/1364
f 873/1/1365 858/1/1365 863/1/1365
f 975/1/1366 979/1/1366 984/1/1366
f 977/1/1367 981/1/1367 976/1/1367
f 978/1/1368 975/1/1368 984/1/1368
f 980/1/1369 979/1/1369 974/1/1369
f 976/1/1370 981/1/1370 993/1/1370
f 976/1/1371 993/1/1371 980/1/1371
f 980/1/1372 992/1/1372 979/1/1372
f 977/1/1373 973/1/1373 983/1/1373
f 980/1/1374 993/1/1374 999/1/1374
f 985/1/1375 982/1/1375 978/1/1375
f 979/1/1376 992/1/1376 987/1/1376
f 982/1/1377 985/1/1377 983/1/1377
f 985/1/1378 978/1/1378 984/1/1378
f 208/1/1379 217/1/1379 203/1/1379
f 984/1/1380 979/1/1380 995/1/1380
f 991/1/1381 981/1/1381 977/1/1381
f 977/1/1382 988/1/1382 991/1/1382
f 977/1/1383 983/1/1383 988/1/1383
f 984/1/1384 990/1/1384 985/1/1384
f 992/1/1385 986/1/1385 987/1/1385
f 1342/2/1386 1326/2/1386 1334/2/1386
f 988/1/1387 983/1/1387 985/1/1387
f 995/1/1388 1002/1/1388 984/1/1388
f 986/1/1389 992/1/1389 989/1/1389
f 987/1/1390 986/1/1390 998/1/1390
f 979/1/1391 987/1/1391 995/1/1391
f 997/1/1392 986/1/1392 989/1/1392
f 987/1/1393 998/1/1393 995/1/1393
f 991/1/1394 988/1/1394 994/1/1394
f 985/1/1395 990/1/1395 988/1/1395
f 990/1/1396 984/1/1396 996/1/1396
f 1002/1/1397 996/1/1397 984/1/1397
f 998/1/1398 986/1/1398 997/1/1398
f 991/1/1399 1006/1/1399 1001/1/1399
f 990/1/1400 994/1/1400 988/1/1400
f 992/1/1401 999/1/1401 1008/1/1401
f 994/1/1402 1004/1/1402 991/1/1402
f 990/1/1403 996/1/1403 994/1/1403
f 1001/1/1404 1005/1/1404 993/1/1404
f 993/1/1405 1005/1/1405 999/1/1405
f 1004/1/1406 994/1/1406 996/1/1406
f 1000/1/1407 992/1/1407 1003/1/1407
f 989/1/1408 992/1/1408 1000/1/1408
f 989/1/1409 1011/1/1409 997/1/1409
f 1014/1/1410 995/1/1410 998/1/1410
f 1012/1/1411 998/1/1411 997/1/1411
f 999/1/1412 1005/1/1412 1008/1/1412
f 1003/1/1413 992/1/1413 1008/1/1413
f 1012/1/1414 997/1/1414 1011/1/1414
f 1008/1/1415 1016/1/1415 1003/1/1415
f 1003/1/1416 1016/1/1416 1000/1/1416
f 989/1/1417 1013/1/1417 1011/1/1417
f 1012/1/1418 1014/1/1418 998/1/1418
f 1006/1/1419 991/1/1419 1004/1/1419
f 1002/1/1420 1007/1/1420 996/1/1420
f 996/1/1421 1007/1/1421 1004/1/1421
f 1010/1/1422 1007/1/1422 1002/1/1422
f 1000/1/1423 1013/1/1423 989/1/1423
f 1010/1/1424 1002/1/1424 995/1/1424
f 1014/1/1425 1010/1/1425 995/1/1425
f 1016/1/1426 1005/1/1426 1018/1/1426
f 1008/1/1427 1005/1/1427 1016/1/1427
f 1010/1/1428 1009/1/1428 1007/1/1428
f 1000/1/1429 1016/1/1429 1013/1/1429
f 1015/1/1430 1006/1/1430 1004/1/1430
f 1015/1/1431 1004/1/1431 1007/1/1431
f 1006/1/1432 1024/1/1432 1001/1/1432
f 1011/1/1433 1013/1/1433 1012/1/1433
f 1005/1/1434 1001/1/1434 1018/1/1434
f 1012/1/1435 1021/1/1435 1014/1/1435
f 1009/1/1436 1015/1/1436 1007/1/1436
f 1016/1/1437 1023/1/1437 1013/1/1437
f 1013/1/1438 1021/1/1438 1012/1/1438
f 1020/1/1439 1014/1/1439 1021/1/1439
f 1024/1/1440 1006/1/1440 1015/1/1440
f 1024/1/1441 1018/1/1441 1001/1/1441
f 1019/1/1442 1017/1/1442 1014/1/1442
f 1020/1/1443 1019/1/1443 1014/1/1443
f 1010/1/1444 1017/1/1444 1009/1/1444
f 1013/1/1445 1022/1/1445 1021/1/1445
f 1017/1/1446 1015/1/1446 1009/1/1446
f 1025/1/1447 1016/1/1447 1018/1/1447
f 1023/1/1448 1022/1/1448 1013/1/1448
f 1017/1/1449 1024/1/1449 1015/1/1449
f 1016/1/1450 1025/1/1450 1026/1/1450
f 1010/1/1451 1014/1/1451 1017/1/1451
f 1016/1/1452 1026/1/1452 1019/1/1452
f 1016/1/1453 1019/1/1453 1023/1/1453
f 1023/1/1454 1021/1/1454 1022/1/1454
f 1020/1/1455 1021/1/1455 1023/1/1455
f 1018/1/1456 1024/1/1456 1025/1/1456
f 1019/1/1457 1020/1/1457 1023/1/1457
f 1024/1/1458 1017/1/1458 1025/1/1458
f 1025/1/1459 1017/1/1459 1026/1/1459
f 1017/1/1460 1019/1/1460 1026/1/1460
f 1037/3/1461 1035/3/1461 1031/3/1461
f 1035/3/1462 1037/3/1462 1028/3/1462
f 1426/2/1463 1417/2/1463 1405/2/1463
f 1037/3/1464 1027/3/1464 1028/3/1464
f 1042/3/1465 1037/3/1465 1031/3/1465
f 1038/3/1466 1039/3/1466 1042/3/1466
f 1029/3/1467 1032/3/1467 1028/3/1467
f 1028/3/1468 1032/3/1468 1034/3/1468
f 1035/3/1469 1033/3/1469 1031/3/1469
f 1031/3/1470 1038/3/1470 1042/3/1470
f 1046/3/1471 1035/3/1471 1034/3/1471
f 1033/3/1472 1035/3/1472 1043/3/1472
f 1036/3/1473 1037/3/1473 1042/3/1473
f 1055/3/1474 1032/3/1474 1029/3/1474
f 1032/3/1475 1045/3/1475 1034/3/1475
f 1035/3/1476 1046/3/1476 1043/3/1476
f 1033/3/1477 1043/3/1477 1031/3/1477
f 1032/3/1478 1055/3/1478 1045/3/1478
f 1045/3/1479 1046/3/1479 1034/3/1479
f 1036/3/1480 1041/3/1480 1037/3/1480
f 1036/3/1481 1042/3/1481 1039/3/1481
f 1039/3/1482 1040/3/1482 1036/3/1482
f 1029/3/1483 1030/3/1483 1044/3/1483
f 1041/3/1484 1036/3/1484 1040/3/1484
f 1043/3/1485 1051/3/1485 1031/3/1485
f 1055/3/1486 1029/3/1486 1049/3/1486
f 1037/3/1487 1047/3/1487 1027/3/1487
f 1046/3/1488 1050/3/1488 1043/3/1488
f 1037/3/1489 1041/3/1489 1048/3/1489
f 1031/3/1490 1051/3/1490 1038/3/1490
f 1055/3/1491 1065/3/1491 1045/3/1491
f 1047/3/1492 1037/3/1492 1048/3/1492
f 1051/3/1493 1061/3/1493 1038/3/1493
f 1027/3/1494 1052/3/1494 1030/3/1494
f 1059/3/1495 1046/3/1495 1045/3/1495
f 1052/3/1496 1027/3/1496 1047/3/1496
f 1050/3/1497 1061/3/1497 1043/3/1497
f 1043/3/1498 1061/3/1498 1051/3/1498
f 1038/3/1499 1060/3/1499 1062/3/1499
f 1039/3/1500 1053/3/1500 1040/3/1500
f 1030/3/1501 1052/3/1501 1044/3/1501
f 1046/3/1502 1059/3/1502 1050/3/1502
f 1053/3/1503 1058/3/1503 1040/3/1503
f 1054/3/1504 1049/3/1504 1029/3/1504
f 1045/3/1505 1065/3/1505 1059/3/1505
f 1052/3/1506 1047/3/1506 1056/3/1506
f 246/1/1507 233/1/1507 234/1/1507
f 978/1/1508 983/1/1508 973/1/1508
f 1041/3/1509 1057/3/1509 1048/3/1509
f 1041/3/1510 1040/3/1510 1058/3/1510
f 1029/3/1511 1044/3/1511 1054/3/1511
f 1056/3/1512 1072/3/1512 1052/3/1512
f 1060/3/1513 1038/3/1513 1061/3/1513
f 1057/3/1514 1041/3/1514 1058/3/1514
f 1067/3/1515 1044/3/1515 1052/3/1515
f 1049/3/1516 1065/3/1516 1055/3/1516
f 1059/3/1517 1061/3/1517 1050/3/1517
f 1064/3/1518 1060/3/1518 1061/3/1518
f 1062/3/1519 1053/3/1519 1039/3/1519
f 1044/3/1520 1063/3/1520 1054/3/1520
f 1052/3/1521 1072/3/1521 1067/3/1521
f 1059/3/1522 1065/3/1522 1066/3/1522
f 1141/1/1523 1149/1/1523 1134/1/1523
f 1059/3/1524 1066/3/1524 1061/3/1524
f 1068/3/1525 1062/3/1525 1060/3/1525
f 1070/3/1526 1053/3/1526 1062/3/1526
f 1064/3/1527 1061/3/1527 1066/3/1527
f 1060/3/1528 1064/3/1528 1068/3/1528
f 1062/3/1529 1068/3/1529 1070/3/1529
f 1067/3/1530 1077/3/1530 1044/3/1530
f 1070/3/1531 1058/3/1531 1053/3/1531
f 1063/3/1532 1049/3/1532 1054/3/1532
f 1063/3/1533 1073/3/1533 1049/3/1533
f 1049/3/1534 1073/3/1534 1065/3/1534
f 1065/3/1535 1073/3/1535 1066/3/1535
f 1071/3/1536 1067/3/1536 1072/3/1536
f 1069/3/1537 1070/3/1537 1068/3/1537
f 1069/3/1538 1057/3/1538 1058/3/1538
f 1058/3/1539 1070/3/1539 1069/3/1539
f 1077/3/1540 1063/3/1540 1044/3/1540
f 1069/3/1541 1072/3/1541 1056/3/1541
f 1064/3/1542 1076/3/1542 1068/3/1542
f 1076/3/1543 1069/3/1543 1068/3/1543
f 1071/3/1544 1077/3/1544 1067/3/1544
f 1064/3/1545 1066/3/1545 1078/3/1545
f 1069/3/1546 1075/3/1546 1072/3/1546
f 1063/3/1547 1074/3/1547 1073/3/1547
f 1073/3/1548 1074/3/1548 1066/3/1548
f 1064/3/1549 1078/3/1549 1076/3/1549
f 1076/3/1550 1075/3/1550 1069/3/1550
f 1074/3/1551 1063/3/1551 1077/3/1551
f 1066/3/1552 1074/3/1552 1078/3/1552
f 1108/1/1553 1100/1/1553 1114/1/1553
f 1078/3/1554 1079/3/1554 1076/3/1554
f 1079/3/1555 1075/3/1555 1076/3/1555
f 1080/3/1556 1074/3/1556 1077/3/1556
f 1071/3/1557 1080/3/1557 1077/3/1557
f 981/1/1558 1001/1/1558 993/1/1558
f 1079/3/1559 1071/3/1559 1075/3/1559
f 1080/3/1560 1071/3/1560 1079/3/1560
f 1082/1/1561 1084/1/1561 1081/1/1561
f 230/1/1562 187/1/1562 219/1/1562
f 1090/1/1563 1081/1/1563 1085/1/1563
f 1084/1/1564 1089/1/1564 1083/1/1564
f 1089/1/1565 1092/1/1565 1083/1/1565
f 1086/1/1566 1082/1/1566 1081/1/1566
f 1086/1/1567 1087/1/1567 1082/1/1567
f 1090/1/1568 1088/1/1568 1081/1/1568
f 1084/1/1569 1082/1/1569 1087/1/1569
f 1207/2/1570 1203/2/1570 1199/2/1570
f 1086/1/1571 1081/1/1571 1088/1/1571
f 1090/1/1572 1085/1/1572 1091/1/1572
f 1084/1/1573 1087/1/1573 1093/1/1573
f 1087/1/1574 1086/1/1574 1099/1/1574
f 1101/1/1575 1092/1/1575 1089/1/1575
f 1092/1/1576 1103/1/1576 1096/1/1576
f 1085/1/1577 1092/1/1577 1096/1/1577
f 1098/1/1578 1091/1/1578 1085/1/1578
f 1095/1/1579 1093/1/1579 1087/1/1579
f 1095/1/1580 1087/1/1580 1099/1/1580
f 1091/1/1581 1094/1/1581 1090/1/1581
f 1093/1/1582 1089/1/1582 1084/1/1582
f 1086/1/1583 1088/1/1583 1099/1/1583
f 1088/1/1584 1090/1/1584 1099/1/1584
f 1099/1/1585 1090/1/1585 1094/1/1585
f 1098/1/1586 1109/1/1586 1091/1/1586
f 1089/1/1587 1093/1/1587 1097/1/1587
f 1096/1/1588 1098/1/1588 1085/1/1588
f 1109/1/1589 1094/1/1589 1091/1/1589
f 1092/1/1590 1105/1/1590 1103/1/1590
f 1096/1/1591 1113/1/1591 1098/1/1591
f 1097/1/1592 1102/1/1592 1089/1/1592
f 1101/1/1593 1105/1/1593 1092/1/1593
f 1124/1/1594 1109/1/1594 1098/1/1594
f 1106/1/1595 1093/1/1595 1095/1/1595
f 1112/1/1596 1096/1/1596 1103/1/1596
f 1099/1/1597 1094/1/1597 1109/1/1597
f 1102/1/1598 1101/1/1598 1089/1/1598
f 1093/1/1599 1106/1/1599 1097/1/1599
f 1099/1/1600 1108/1/1600 1095/1/1600
f 1096/1/1601 1112/1/1601 1113/1/1601
f 1101/1/1602 1123/1/1602 1105/1/1602
f 1103/1/1603 1105/1/1603 1111/1/1603
f 1104/1/1604 1099/1/1604 1109/1/1604
f 1111/1/1605 1112/1/1605 1103/1/1605
f 808/1/1606 780/1/1606 801/1/1606
f 1107/1/1607 1115/1/1607 1122/1/1607
f 1107/1/1608 1122/1/1608 1119/1/1608
f 1107/1/1609 1102/1/1609 1110/1/1609
f 1105/1/1610 1123/1/1610 1111/1/1610
f 1112/1/1611 1121/1/1611 1113/1/1611
f 1098/1/1612 1113/1/1612 1124/1/1612
f 1110/1/1613 1118/1/1613 1116/1/1613
f 1115/1/1614 1130/1/1614 1122/1/1614
f 1102/1/1615 1123/1/1615 1101/1/1615
f 691/1/1616 677/1/1616 688/1/1616
f 1104/1/1617 1100/1/1617 1099/1/1617
f 1110/1/1618 1102/1/1618 1117/1/1618
f 1110/1/1619 1117/1/1619 1118/1/1619
f 1106/1/1620 1120/1/1620 1097/1/1620
f 1123/1/1621 1136/1/1621 1111/1/1621
f 1108/1/1622 1106/1/1622 1095/1/1622
f 1104/1/1623 1109/1/1623 1124/1/1623
f 1118/1/1624 1126/1/1624 1116/1/1624
f 1130/1/1625 1131/1/1625 1122/1/1625
f 1102/1/1626 1097/1/1626 1117/1/1626
f 1119/1/1627 1122/1/1627 1127/1/1627
f 1108/1/1628 1114/1/1628 1128/1/1628
f 1114/1/1629 1100/1/1629 1104/1/1629
f 1116/1/1630 1126/1/1630 1125/1/1630
f 1102/1/1631 1107/1/1631 1123/1/1631
f 1123/1/1632 1107/1/1632 1119/1/1632
f 1117/1/1633 1097/1/1633 1120/1/1633
f 1118/1/1634 1117/1/1634 1120/1/1634
f 1127/1/1635 1123/1/1635 1119/1/1635
f 1137/1/1636 1121/1/1636 1112/1/1636
f 1113/1/1637 1114/1/1637 1124/1/1637
f 1138/1/1638 1118/1/1638 1135/1/1638
f 1118/1/1639 1120/1/1639 1135/1/1639
f 1127/1/1640 1136/1/1640 1123/1/1640
f 1112/1/1641 1111/1/1641 1142/1/1641
f 1129/1/1642 1114/1/1642 1113/1/1642
f 1114/1/1643 1104/1/1643 1124/1/1643
f 1116/1/1644 1139/1/1644 1115/1/1644
f 1116/1/1645 1125/1/1645 1139/1/1645
f 1138/1/1646 1133/1/1646 1126/1/1646
f 1138/1/1647 1126/1/1647 1118/1/1647
f 1127/1/1648 1122/1/1648 1131/1/1648
f 1136/1/1649 1127/1/1649 1134/1/1649
f 1111/1/1650 1136/1/1650 1142/1/1650
f 1129/1/1651 1128/1/1651 1114/1/1651
f 1121/1/1652 1128/1/1652 1129/1/1652
f 1113/1/1653 1121/1/1653 1129/1/1653
f 1139/1/1654 1132/1/1654 1115/1/1654
f 1131/1/1655 1130/1/1655 1141/1/1655
f 1126/1/1656 1133/1/1656 1125/1/1656
f 1127/1/1657 1131/1/1657 1134/1/1657
f 1128/1/1658 1148/1/1658 1120/1/1658
f 1128/1/1659 1121/1/1659 1148/1/1659
f 1121/1/1660 1137/1/1660 1148/1/1660
f 1275/2/1661 1277/2/1661 1260/2/1661
f 1130/1/1662 1115/1/1662 1132/1/1662
f 1141/1/1663 1130/1/1663 1132/1/1663
f 1134/1/1664 1131/1/1664 1141/1/1664
f 1140/1/1665 1133/1/1665 1138/1/1665
f 1311/2/1666 1298/2/1666 1308/2/1666
f 1158/1/1667 1138/1/1667 1135/1/1667
f 1136/1/1668 1134/1/1668 1155/1/1668
f 1142/1/1669 1136/1/1669 1155/1/1669
f 1150/1/1670 1132/1/1670 1139/1/1670
f 1155/1/1671 1134/1/1671 1149/1/1671
f 1125/1/1672 1144/1/1672 1139/1/1672
f 1156/1/1673 1141/1/1673 1132/1/1673
f 1144/1/1674 1125/1/1674 1133/1/1674
f 1140/1/1675 1138/1/1675 1145/1/1675
f 1146/1/1676 1135/1/1676 1120/1/1676
f 1158/1/1677 1143/1/1677 1138/1/1677
f 1146/1/1678 1158/1/1678 1135/1/1678
f 1146/1/1679 1120/1/1679 1148/1/1679
f 1163/1/1680 1148/1/1680 1137/1/1680
f 1141/1/1681 1156/1/1681 1154/1/1681
f 1139/1/1682 1151/1/1682 1150/1/1682
f 1154/1/1683 1156/1/1683 1164/1/1683
f 1145/1/1684 1147/1/1684 1140/1/1684
f 1145/1/1685 1138/1/1685 1143/1/1685
f 1155/1/1686 1160/1/1686 1142/1/1686
f 1156/1/1687 1132/1/1687 1150/1/1687
f 1163/1/1688 1137/1/1688 1160/1/1688
f 1141/1/1689 1154/1/1689 1167/1/1689
f 1159/1/1690 1146/1/1690 1148/1/1690
f 1147/1/1691 1133/1/1691 1140/1/1691
f 1144/1/1692 1133/1/1692 1153/1/1692
f 1167/1/1693 1162/1/1693 1149/1/1693
f 1144/1/1694 1151/1/1694 1139/1/1694
f 1144/1/1695 1153/1/1695 1152/1/1695
f 1133/1/1696 1165/1/1696 1153/1/1696
f 1155/1/1697 1169/1/1697 1160/1/1697
f 1157/1/1698 1158/1/1698 1146/1/1698
f 1149/1/1699 1162/1/1699 1155/1/1699
f 1163/1/1700 1159/1/1700 1148/1/1700
f 1147/1/1701 1165/1/1701 1133/1/1701
f 1157/1/1702 1143/1/1702 1158/1/1702
f 1159/1/1703 1157/1/1703 1146/1/1703
f 1162/1/1704 1169/1/1704 1155/1/1704
f 1164/1/1705 1167/1/1705 1154/1/1705
f 1161/1/1706 1147/1/1706 1145/1/1706
f 1161/1/1707 1145/1/1707 1143/1/1707
f 1161/1/1708 1143/1/1708 1157/1/1708
f 1165/1/1709 1147/1/1709 1161/1/1709
f 1167/1/1710 1168/1/1710 1162/1/1710
f 1160/1/1711 1169/1/1711 1163/1/1711
f 1150/1/1712 1166/1/1712 1156/1/1712
f 1152/1/1713 1151/1/1713 1144/1/1713
f 1164/1/1714 1156/1/1714 1175/1/1714
f 1153/1/1715 1165/1/1715 1152/1/1715
f 1164/1/1716 1171/1/1716 1167/1/1716
f 1168/1/1717 1176/1/1717 1162/1/1717
f 1176/1/1718 1169/1/1718 1162/1/1718
f 1170/1/1719 1156/1/1719 1166/1/1719
f 1150/1/1720 1151/1/1720 1166/1/1720
f 1184/1/1721 1168/1/1721 1167/1/1721
f 1156/1/1722 1170/1/1722 1175/1/1722
f 1171/1/1723 1164/1/1723 1175/1/1723
f 1177/1/1724 1159/1/1724 1163/1/1724
f 1151/1/1725 1173/1/1725 1166/1/1725
f 1173/1/1726 1151/1/1726 1152/1/1726
f 1152/1/1727 1165/1/1727 1173/1/1727
f 1183/1/1728 1161/1/1728 1157/1/1728
f 1183/1/1729 1157/1/1729 1159/1/1729
f 1176/1/1730 1178/1/1730 1169/1/1730
f 1179/1/1731 1184/1/1731 1167/1/1731
f 1183/1/1732 1172/1/1732 1161/1/1732
f 1169/1/1733 1177/1/1733 1163/1/1733
f 1174/1/1734 1170/1/1734 1166/1/1734
f 1181/1/1735 1171/1/1735 1175/1/1735
f 1168/1/1736 1180/1/1736 1176/1/1736
f 1174/1/1737 1166/1/1737 1173/1/1737
f 1167/1/1738 1171/1/1738 1179/1/1738
f 1169/1/1739 1178/1/1739 1177/1/1739
f 1185/1/1740 1168/1/1740 1184/1/1740
f 1168/1/1741 1185/1/1741 1180/1/1741
f 1177/1/1742 1183/1/1742 1159/1/1742
f 1176/1/1743 1180/1/1743 1186/1/1743
f 1178/1/1744 1188/1/1744 1177/1/1744
f 1165/1/1745 1182/1/1745 1173/1/1745
f 1179/1/1746 1171/1/1746 1181/1/1746
f 1170/1/1747 1181/1/1747 1175/1/1747
f 1176/1/1748 1186/1/1748 1178/1/1748
f 1186/1/1749 1188/1/1749 1178/1/1749
f 1174/1/1750 1173/1/1750 1189/1/1750
f 1165/1/1751 1172/1/1751 1182/1/1751
f 1172/1/1752 1183/1/1752 1177/1/1752
f 1186/1/1753 1180/1/1753 1185/1/1753
f 1189/1/1754 1170/1/1754 1174/1/1754
f 1181/1/1755 1170/1/1755 1189/1/1755
f 1179/1/1756 1181/1/1756 1190/1/1756
f 1184/1/1757 1179/1/1757 1190/1/1757
f 1185/1/1758 1184/1/1758 1187/1/1758
f 1173/1/1759 1182/1/1759 1189/1/1759
f 1189/1/1760 1182/1/1760 1172/1/1760
f 1188/1/1761 1186/1/1761 1185/1/1761
f 1190/1/1762 1187/1/1762 1184/1/1762
f 1187/1/1763 1172/1/1763 1177/1/1763
f 1187/1/1764 1188/1/1764 1185/1/1764
f 1181/1/1765 1189/1/1765 1190/1/1765
f 1190/1/1766 1189/1/1766 1172/1/1766
f 1075/3/1767 1071/3/1767 1072/3/1767
f 1192/2/1768 1191/2/1768 1194/2/1768
f 1192/2/1769 1195/2/1769 1191/2/1769
f 1195/2/1770 1196/2/1770 1191/2/1770
f 1193/2/1771 1195/2/1771 1192/2/1771
f 1193/2/1772 1192/2/1772 1198/2/1772
f 1192/2/1773 1194/2/1773 1198/2/1773
f 1194/2/1774 1191/2/1774 1202/2/1774
f 1194/2/1775 1199/2/1775 1198/2/1775
f 1195/2/1776 1200/2/1776 1196/2/1776
f 636/2/1777 652/2/1777 643/2/1777
f 1193/2/1778 1197/2/1778 1195/2/1778
f 1199/2/1779 1194/2/1779 1202/2/1779
f 1204/2/1780 1191/2/1780 1196/2/1780
f 1198/2/1781 1199/2/1781 1203/2/1781
f 1191/2/1782 1204/2/1782 1202/2/1782
f 1195/2/1783 1219/2/1783 1200/2/1783
f 1195/2/1784 1197/2/1784 1201/2/1784
f 1204/2/1785 1217/2/1785 1202/2/1785
f 1202/2/1786 1205/2/1786 1199/2/1786
f 1201/2/1787 1219/2/1787 1195/2/1787
f 1196/2/1788 1209/2/1788 1204/2/1788
f 871/1/1789 878/1/1789 870/1/1789
f 1200/2/1790 1209/2/1790 1196/2/1790
f 1205/2/1791 1207/2/1791 1199/2/1791
f 324/4/1792 313/4/1792 312/4/1792
f 1201/2/1793 1197/2/1793 1206/2/1793
f 1205/2/1794 1208/2/1794 1207/2/1794
f 1200/2/1795 1219/2/1795 1209/2/1795
f 1206/2/1796 1197/2/1796 1203/2/1796
f 1209/2/1797 1211/2/1797 1204/2/1797
f 1206/2/1798 1203/2/1798 1213/2/1798
f 1211/2/1799 1217/2/1799 1204/2/1799
f 1210/2/1800 1209/2/1800 1219/2/1800
f 1201/2/1801 1206/2/1801 1212/2/1801
f 1208/2/1802 1205/2/1802 1216/2/1802
f 1222/2/1803 1210/2/1803 1219/2/1803
f 1210/2/1804 1211/2/1804 1209/2/1804
f 1211/2/1805 1233/2/1805 1217/2/1805
f 1223/2/1806 1205/2/1806 1215/2/1806
f 1234/2/1807 1223/2/1807 1215/2/1807
f 1216/2/1808 1214/2/1808 1208/2/1808
f 1213/2/1809 1207/2/1809 1218/2/1809
f 1207/2/1810 1208/2/1810 1218/2/1810
f 1218/2/1811 1208/2/1811 1214/2/1811
f 1201/2/1812 1232/2/1812 1219/2/1812
f 1210/2/1813 1226/2/1813 1211/2/1813
f 1223/2/1814 1216/2/1814 1205/2/1814
f 1223/2/1815 1229/2/1815 1216/2/1815
f 1217/2/1816 1234/2/1816 1215/2/1816
f 1229/2/1817 1214/2/1817 1216/2/1817
f 1211/2/1818 1226/2/1818 1233/2/1818
f 1220/2/1819 1213/2/1819 1221/2/1819
f 1212/2/1820 1232/2/1820 1201/2/1820
f 1462/3/1821 1469/3/1821 1481/3/1821
f 1218/2/1822 1221/2/1822 1213/2/1822
f 1249/2/1823 1229/2/1823 1223/2/1823
f 1227/2/1824 1212/2/1824 1206/2/1824
f 1236/2/1825 1217/2/1825 1233/2/1825
f 1218/2/1826 1214/2/1826 1229/2/1826
f 1232/2/1827 1222/2/1827 1219/2/1827
f 1213/2/1828 1244/2/1828 1206/2/1828
f 1217/2/1829 1236/2/1829 1234/2/1829
f 973/1/1830 975/1/1830 978/1/1830
f 1224/2/1831 1218/2/1831 1229/2/1831
f 1220/2/1832 1244/2/1832 1213/2/1832
f 1246/2/1833 1228/2/1833 1225/2/1833
f 1225/2/1834 1228/2/1834 1247/2/1834
f 1231/2/1835 1247/2/1835 1251/2/1835
f 1248/2/1836 1251/2/1836 1226/2/1836
f 1233/2/1837 1235/2/1837 1236/2/1837
f 1236/2/1838 1245/2/1838 1237/2/1838
f 1223/2/1839 1234/2/1839 1249/2/1839
f 1225/2/1840 1230/2/1840 1246/2/1840
f 1225/2/1841 1231/2/1841 1230/2/1841
f 1228/2/1842 1254/2/1842 1247/2/1842
f 1231/2/1843 1225/2/1843 1247/2/1843
f 1230/2/1844 1231/2/1844 1242/2/1844
f 1232/2/1845 1248/2/1845 1222/2/1845
f 1212/2/1846 1227/2/1846 1232/2/1846
f 1251/2/1847 1262/2/1847 1235/2/1847
f 1235/2/1848 1226/2/1848 1251/2/1848
f 1226/2/1849 1235/2/1849 1233/2/1849
f 1236/2/1850 1237/2/1850 1234/2/1850
f 1224/2/1851 1221/2/1851 1218/2/1851
f 1231/2/1852 1232/2/1852 1241/2/1852
f 1231/2/1853 1241/2/1853 1242/2/1853
f 1227/2/1854 1243/2/1854 1232/2/1854
f 1244/2/1855 1227/2/1855 1206/2/1855
f 1221/2/1856 1238/2/1856 1220/2/1856
f 1224/2/1857 1229/2/1857 1249/2/1857
f 1228/2/1858 1246/2/1858 1239/2/1858
f 1240/2/1859 1246/2/1859 1230/2/1859
f 1230/2/1860 1261/2/1860 1240/2/1860
f 1254/2/1861 1256/2/1861 1247/2/1861
f 1238/2/1862 1221/2/1862 1224/2/1862
f 1249/2/1863 1234/2/1863 1237/2/1863
f 1254/2/1864 1228/2/1864 1239/2/1864
f 1240/2/1865 1261/2/1865 1250/2/1865
f 1230/2/1866 1242/2/1866 1261/2/1866
f 1232/2/1867 1231/2/1867 1248/2/1867
f 1248/2/1868 1231/2/1868 1251/2/1868
f 1241/2/1869 1232/2/1869 1243/2/1869
f 1242/2/1870 1241/2/1870 1243/2/1870
f 1243/2/1871 1227/2/1871 1244/2/1871
f 1238/2/1872 1244/2/1872 1220/2/1872
f 1263/2/1873 1245/2/1873 1236/2/1873
f 1237/2/1874 1238/2/1874 1249/2/1874
f 1246/2/1875 1240/2/1875 1255/2/1875
f 1242/2/1876 1243/2/1876 1261/2/1876
f 1236/2/1877 1235/2/1877 1267/2/1877
f 1253/2/1878 1238/2/1878 1237/2/1878
f 1238/2/1879 1224/2/1879 1249/2/1879
f 1246/2/1880 1255/2/1880 1239/2/1880
f 1240/2/1881 1250/2/1881 1282/2/1881
f 1264/2/1882 1259/2/1882 1261/2/1882
f 1251/2/1883 1247/2/1883 1256/2/1883
f 1262/2/1884 1251/2/1884 1260/2/1884
f 1243/2/1885 1244/2/1885 1252/2/1885
f 1235/2/1886 1262/2/1886 1267/2/1886
f 1253/2/1887 1252/2/1887 1244/2/1887
f 1253/2/1888 1244/2/1888 1238/2/1888
f 1245/2/1889 1252/2/1889 1253/2/1889
f 1237/2/1890 1245/2/1890 1253/2/1890
f 1255/2/1891 1258/2/1891 1239/2/1891
f 1255/2/1892 1240/2/1892 1282/2/1892
f 1256/2/1893 1254/2/1893 1266/2/1893
f 1261/2/1894 1259/2/1894 1250/2/1894
f 1251/2/1895 1256/2/1895 1260/2/1895
f 1261/2/1896 1243/2/1896 1257/2/1896
f 1264/2/1897 1261/2/1897 1257/2/1897
f 1243/2/1898 1252/2/1898 1257/2/1898
f 1252/2/1899 1245/2/1899 1276/2/1899
f 1245/2/1900 1263/2/1900 1276/2/1900
f 1267/2/1901 1263/2/1901 1236/2/1901
f 1266/2/1902 1254/2/1902 1239/2/1902
f 1260/2/1903 1256/2/1903 1275/2/1903
f 1265/2/1904 1259/2/1904 1264/2/1904
f 1198/2/1905 1197/2/1905 1193/2/1905
f 1287/2/1906 1264/2/1906 1257/2/1906
f 1256/2/1907 1266/2/1907 1275/2/1907
f 1262/2/1908 1260/2/1908 1284/2/1908
f 1267/2/1909 1262/2/1909 1284/2/1909
f 1271/2/1910 1258/2/1910 1255/2/1910
f 1284/2/1911 1260/2/1911 1277/2/1911
f 1257/2/1912 1252/2/1912 1270/2/1912
f 1274/2/1913 1266/2/1913 1239/2/1913
f 1282/2/1914 1250/2/1914 1259/2/1914
f 1275/2/1915 1266/2/1915 1283/2/1915
f 1265/2/1916 1264/2/1916 1269/2/1916
f 1287/2/1917 1268/2/1917 1264/2/1917
f 1270/2/1918 1287/2/1918 1257/2/1918
f 1270/2/1919 1252/2/1919 1276/2/1919
f 1273/2/1920 1276/2/1920 1263/2/1920
f 1267/2/1921 1289/2/1921 1263/2/1921
f 1258/2/1922 1274/2/1922 1239/2/1922
f 1266/2/1923 1274/2/1923 1283/2/1923
f 1255/2/1924 1281/2/1924 1271/2/1924
f 1283/2/1925 1274/2/1925 1293/2/1925
f 1269/2/1926 1272/2/1926 1265/2/1926
f 1269/2/1927 1264/2/1927 1268/2/1927
f 1284/2/1928 1289/2/1928 1267/2/1928
f 1274/2/1929 1258/2/1929 1271/2/1929
f 1273/2/1930 1263/2/1930 1289/2/1930
f 1281/2/1931 1279/2/1931 1271/2/1931
f 1274/2/1932 1285/2/1932 1293/2/1932
f 1275/2/1933 1283/2/1933 1296/2/1933
f 1288/2/1934 1270/2/1934 1276/2/1934
f 1292/2/1935 1273/2/1935 1289/2/1935
f 1285/2/1936 1271/2/1936 1279/2/1936
f 1285/2/1937 1274/2/1937 1271/2/1937
f 1272/2/1938 1259/2/1938 1265/2/1938
f 1282/2/1939 1259/2/1939 1280/2/1939
f 1278/2/1940 1259/2/1940 1272/2/1940
f 1296/2/1941 1291/2/1941 1277/2/1941
f 1282/2/1942 1281/2/1942 1255/2/1942
f 1284/2/1943 1298/2/1943 1289/2/1943
f 1286/2/1944 1287/2/1944 1270/2/1944
f 1277/2/1945 1291/2/1945 1284/2/1945
f 1292/2/1946 1288/2/1946 1276/2/1946
f 1292/2/1947 1276/2/1947 1273/2/1947
f 1278/2/1948 1280/2/1948 1259/2/1948
f 1286/2/1949 1268/2/1949 1287/2/1949
f 1288/2/1950 1286/2/1950 1270/2/1950
f 1291/2/1951 1298/2/1951 1284/2/1951
f 1293/2/1952 1296/2/1952 1283/2/1952
f 1290/2/1953 1272/2/1953 1269/2/1953
f 1290/2/1954 1269/2/1954 1268/2/1954
f 1290/2/1955 1268/2/1955 1286/2/1955
f 1280/2/1956 1278/2/1956 1272/2/1956
f 1289/2/1957 1298/2/1957 1292/2/1957
f 1279/2/1958 1295/2/1958 1285/2/1958
f 1300/2/1959 1281/2/1959 1282/2/1959
f 1293/2/1960 1285/2/1960 1307/2/1960
f 1293/2/1961 1302/2/1961 1296/2/1961
f 1290/2/1962 1301/2/1962 1272/2/1962
f 1294/2/1963 1280/2/1963 1272/2/1963
f 1301/2/1964 1294/2/1964 1272/2/1964
f 1297/2/1965 1308/2/1965 1291/2/1965
f 1308/2/1966 1298/2/1966 1291/2/1966
f 1299/2/1967 1285/2/1967 1295/2/1967
f 1279/2/1968 1281/2/1968 1295/2/1968
f 1301/2/1969 1290/2/1969 1286/2/1969
f 1285/2/1970 1299/2/1970 1307/2/1970
f 1302/2/1971 1293/2/1971 1307/2/1971
f 1280/2/1972 1300/2/1972 1282/2/1972
f 1302/2/1973 1305/2/1973 1296/2/1973
f 1310/2/1974 1288/2/1974 1292/2/1974
f 1281/2/1975 1300/2/1975 1295/2/1975
f 1300/2/1976 1280/2/1976 1304/2/1976
f 1317/2/1977 1301/2/1977 1286/2/1977
f 1317/2/1978 1286/2/1978 1288/2/1978
f 1312/2/1979 1309/2/1979 1296/2/1979
f 1317/2/1980 1303/2/1980 1301/2/1980
f 1298/2/1981 1310/2/1981 1292/2/1981
f 1306/2/1982 1299/2/1982 1295/2/1982
f 1314/2/1983 1302/2/1983 1307/2/1983
f 1297/2/1984 1313/2/1984 1308/2/1984
f 1314/2/1985 1305/2/1985 1302/2/1985
f 1280/2/1986 1294/2/1986 1304/2/1986
f 1306/2/1987 1295/2/1987 1300/2/1987
f 1296/2/1988 1305/2/1988 1312/2/1988
f 1301/2/1989 1303/2/1989 1294/2/1989
f 1298/2/1990 1311/2/1990 1310/2/1990
f 1315/2/1991 1300/2/1991 1304/2/1991
f 1297/2/1992 1309/2/1992 1313/2/1992
f 1310/2/1993 1317/2/1993 1288/2/1993
f 1308/2/1994 1313/2/1994 1320/2/1994
f 1311/2/1995 1322/2/1995 1310/2/1995
f 1294/2/1996 1315/2/1996 1304/2/1996
f 1312/2/1997 1305/2/1997 1314/2/1997
f 1299/2/1998 1314/2/1998 1307/2/1998
f 1312/2/1999 1318/2/1999 1309/2/1999
f 1309/2/2000 1318/2/2000 1319/2/2000
f 1309/2/2001 1319/2/2001 1313/2/2001
f 1308/2/2002 1320/2/2002 1311/2/2002
f 1320/2/2003 1322/2/2003 1311/2/2003
f 1306/2/2004 1300/2/2004 1323/2/2004
f 1294/2/2005 1303/2/2005 1315/2/2005
f 1316/2/2006 1317/2/2006 1310/2/2006
f 1320/2/2007 1313/2/2007 1319/2/2007
f 1323/2/2008 1299/2/2008 1306/2/2008
f 1314/2/2009 1299/2/2009 1323/2/2009
f 1312/2/2010 1314/2/2010 1324/2/2010
f 1315/2/2011 1303/2/2011 1316/2/2011
f 1318/2/2012 1312/2/2012 1324/2/2012
f 1303/2/2013 1317/2/2013 1316/2/2013
f 1319/2/2014 1318/2/2014 1321/2/2014
f 1322/2/2015 1321/2/2015 1310/2/2015
f 1300/2/2016 1315/2/2016 1323/2/2016
f 1323/2/2017 1315/2/2017 1316/2/2017
f 1322/2/2018 1320/2/2018 1319/2/2018
f 1324/2/2019 1321/2/2019 1318/2/2019
f 1321/2/2020 1316/2/2020 1310/2/2020
f 1321/2/2021 1322/2/2021 1319/2/2021
f 1314/2/2022 1323/2/2022 1324/2/2022
f 1324/2/2023 1323/2/2023 1316/2/2023
f 1324/2/2024 1316/2/2024 1321/2/2024
f 1332/2/2025 1331/2/2025 1325/2/2025
f 1332/2/2026 1325/2/2026 1329/2/2026
f 1326/2/2027 1331/2/2027 1327/2/2027
f 1325/2/2028 1331/2/2028 1328/2/2028
f 1325/2/2029 1337/2/2029 1329/2/2029
f 1330/2/2030 1326/2/2030 1327/2/2030
f 1326/2/2031 1328/2/2031 1331/2/2031
f 1325/2/2032 1328/2/2032 1337/2/2032
f 1326/2/2033 1335/2/2033 1328/2/2033
f 1347/2/2034 1327/2/2034 1331/2/2034
f 1332/2/2035 1329/2/2035 1333/2/2035
f 1330/2/2036 1334/2/2036 1326/2/2036
f 1327/2/2037 1336/2/2037 1330/2/2037
f 1339/2/2038 1328/2/2038 1335/2/2038
f 1347/2/2039 1336/2/2039 1327/2/2039
f 1331/2/2040 1332/2/2040 1347/2/2040
f 1337/2/2041 1346/2/2041 1329/2/2041
f 1338/2/2042 1335/2/2042 1326/2/2042
f 1332/2/2043 1333/2/2043 1347/2/2043
f 1346/2/2044 1333/2/2044 1329/2/2044
f 1330/2/2045 1336/2/2045 1334/2/2045
f 1335/2/2046 1343/2/2046 1339/2/2046
f 1328/2/2047 1339/2/2047 1337/2/2047
f 1345/2/2048 1337/2/2048 1339/2/2048
f 770/1/2049 763/1/2049 761/1/2049
f 1343/2/2050 1335/2/2050 1338/2/2050
f 1343/2/2051 1344/2/2051 1339/2/2051
f 1347/2/2052 1340/2/2052 1336/2/2052
f 1341/2/2053 1338/2/2053 1326/2/2053
f 1345/2/2054 1339/2/2054 1344/2/2054
f 1346/2/2055 1352/2/2055 1333/2/2055
f 1345/2/2056 1346/2/2056 1337/2/2056
f 1343/2/2057 1338/2/2057 1341/2/2057
f 1343/2/2058 1350/2/2058 1344/2/2058
f 1352/2/2059 1347/2/2059 1333/2/2059
f 1350/2/2060 1343/2/2060 1341/2/2060
f 1349/2/2061 1344/2/2061 1350/2/2061
f 1344/2/2062 1349/2/2062 1345/2/2062
f 1345/2/2063 1352/2/2063 1346/2/2063
f 1351/2/2064 1336/2/2064 1340/2/2064
f 1336/2/2065 1348/2/2065 1334/2/2065
f 1353/2/2066 1350/2/2066 1341/2/2066
f 1334/2/2067 1348/2/2067 1342/2/2067
f 1353/2/2068 1341/2/2068 1342/2/2068
f 1351/2/2069 1348/2/2069 1336/2/2069
f 1354/2/2070 1345/2/2070 1349/2/2070
f 1347/2/2071 1352/2/2071 1358/2/2071
f 1355/2/2072 1340/2/2072 1347/2/2072
f 1355/2/2073 1351/2/2073 1340/2/2073
f 1347/2/2074 1358/2/2074 1355/2/2074
f 1345/2/2075 1354/2/2075 1352/2/2075
f 1357/2/2076 1342/2/2076 1348/2/2076
f 1349/2/2077 1350/2/2077 1354/2/2077
f 1357/2/2078 1353/2/2078 1342/2/2078
f 1348/2/2079 1351/2/2079 1357/2/2079
f 1353/2/2080 1356/2/2080 1350/2/2080
f 1350/2/2081 1356/2/2081 1354/2/2081
f 1354/2/2082 1356/2/2082 1358/2/2082
f 1354/2/2083 1358/2/2083 1352/2/2083
f 1356/2/2084 1353/2/2084 1357/2/2084
f 1357/2/2085 1351/2/2085 1355/2/2085
f 1356/2/2086 1357/2/2086 1358/2/2086
f 1357/2/2087 1355/2/2087 1358/2/2087
f 1362/2/2088 1360/2/2088 1363/2/2088
f 1359/2/2089 1360/2/2089 1362/2/2089
f 1362/2/2090 1361/2/2090 1359/2/2090
f 1361/2/2091 1362/2/2091 1363/2/2091
f 1361/2/2092 1363/2/2092 1365/2/2092
f 1360/2/2093 1364/2/2093 1363/2/2093
f 1359/2/2094 1368/2/2094 1360/2/2094
f 1365/2/2095 1363/2/2095 1364/2/2095
f 1361/2/2096 1367/2/2096 1359/2/2096
f 1364/2/2097 1360/2/2097 1371/2/2097
f 1372/2/2098 1365/2/2098 1364/2/2098
f 1366/2/2099 1368/2/2099 1367/2/2099
f 1368/2/2100 1359/2/2100 1367/2/2100
f 1360/2/2101 1368/2/2101 1379/2/2101
f 1361/2/2102 1365/2/2102 1369/2/2102
f 1360/2/2103 1379/2/2103 1371/2/2103
f 1374/2/2104 1370/2/2104 1366/2/2104
f 1375/2/2105 1374/2/2105 1366/2/2105
f 1365/2/2106 1372/2/2106 1369/2/2106
f 1372/2/2107 1364/2/2107 1388/2/2107
f 1370/2/2108 1368/2/2108 1366/2/2108
f 1375/2/2109 1366/2/2109 1367/2/2109
f 1367/2/2110 1361/2/2110 1369/2/2110
f 1389/2/2111 1377/2/2111 1370/2/2111
f 1370/2/2112 1377/2/2112 1368/2/2112
f 1377/2/2113 1379/2/2113 1368/2/2113
f 1142/1/2114 1137/1/2114 1112/1/2114
f 1374/2/2115 1373/2/2115 1389/2/2115
f 1370/2/2116 1374/2/2116 1389/2/2116
f 1373/2/2117 1374/2/2117 1375/2/2117
f 1375/2/2118 1367/2/2118 1378/2/2118
f 1377/2/2119 1380/2/2119 1379/2/2119
f 1367/2/2120 1390/2/2120 1378/2/2120
f 1371/2/2121 1387/2/2121 1364/2/2121
f 1377/2/2122 1389/2/2122 1383/2/2122
f 1375/2/2123 1378/2/2123 1373/2/2123
f 1380/2/2124 1382/2/2124 1379/2/2124
f 1367/2/2125 1369/2/2125 1390/2/2125
f 1369/2/2126 1372/2/2126 1394/2/2126
f 1373/2/2127 1378/2/2127 1381/2/2127
f 1399/2/2128 1394/2/2128 1372/2/2128
f 1371/2/2129 1376/2/2129 1387/2/2129
f 1389/2/2130 1385/2/2130 1383/2/2130
f 1383/2/2131 1397/2/2131 1377/2/2131
f 1380/2/2132 1377/2/2132 1397/2/2132
f 1394/2/2133 1390/2/2133 1369/2/2133
f 1376/2/2134 1391/2/2134 1387/2/2134
f 1388/2/2135 1399/2/2135 1372/2/2135
f 1397/2/2136 1386/2/2136 1380/2/2136
f 1384/2/2137 1380/2/2137 1386/2/2137
f 1382/2/2138 1391/2/2138 1376/2/2138
f 1385/2/2139 1389/2/2139 1396/2/2139
f 1382/2/2140 1384/2/2140 1391/2/2140
f 1391/2/2141 1395/2/2141 1387/2/2141
f 1381/2/2142 1378/2/2142 1398/2/2142
f 1383/2/2143 1408/2/2143 1397/2/2143
f 1392/2/2144 1378/2/2144 1390/2/2144
f 1395/2/2145 1399/2/2145 1388/2/2145
f 1394/2/2146 1392/2/2146 1390/2/2146
f 1404/2/2147 1384/2/2147 1386/2/2147
f 1391/2/2148 1393/2/2148 1395/2/2148
f 1396/2/2149 1389/2/2149 1373/2/2149
f 1381/2/2150 1396/2/2150 1373/2/2150
f 1408/2/2151 1385/2/2151 1396/2/2151
f 1392/2/2152 1398/2/2152 1378/2/2152
f 1397/2/2153 1410/2/2153 1386/2/2153
f 1392/2/2154 1394/2/2154 1403/2/2154
f 1404/2/2155 1386/2/2155 1402/2/2155
f 1391/2/2156 1405/2/2156 1393/2/2156
f 1399/2/2157 1403/2/2157 1394/2/2157
f 1417/2/2158 1395/2/2158 1393/2/2158
f 1399/2/2159 1395/2/2159 1417/2/2159
f 1401/2/2160 1396/2/2160 1381/2/2160
f 1381/2/2161 1398/2/2161 1401/2/2161
f 1408/2/2162 1383/2/2162 1385/2/2162
f 1397/2/2163 1408/2/2163 1410/2/2163
f 1415/2/2164 1386/2/2164 1410/2/2164
f 1402/2/2165 1386/2/2165 1415/2/2165
f 1417/2/2166 1403/2/2166 1399/2/2166
f 1384/2/2167 1404/2/2167 1406/2/2167
f 1400/2/2168 1384/2/2168 1406/2/2168
f 1405/2/2169 1417/2/2169 1393/2/2169
f 1391/2/2170 1400/2/2170 1407/2/2170
f 1404/2/2171 1416/2/2171 1406/2/2171
f 1413/2/2172 1408/2/2172 1396/2/2172
f 1398/2/2173 1392/2/2173 1411/2/2173
f 1415/2/2174 1416/2/2174 1402/2/2174
f 1402/2/2175 1416/2/2175 1404/2/2175
f 1391/2/2176 1407/2/2176 1405/2/2176
f 1401/2/2177 1414/2/2177 1409/2/2177
f 1398/2/2178 1414/2/2178 1401/2/2178
f 1392/2/2179 1403/2/2179 1411/2/2179
f 1411/2/2180 1403/2/2180 1412/2/2180
f 1412/2/2181 1403/2/2181 1417/2/2181
f 1419/2/2182 1405/2/2182 1407/2/2182
f 1416/2/2183 1427/2/2183 1406/2/2183
f 1406/2/2184 1427/2/2184 1421/2/2184
f 1421/2/2185 1400/2/2185 1406/2/2185
f 1409/2/2186 1396/2/2186 1401/2/2186
f 1414/2/2187 1398/2/2187 1411/2/2187
f 1395/2/2188 1364/2/2188 1387/2/2188
f 1421/2/2189 1407/2/2189 1400/2/2189
f 1413/2/2190 1424/2/2190 1408/2/2190
f 1408/2/2191 1424/2/2191 1420/2/2191
f 1408/2/2192 1422/2/2192 1410/2/2192
f 1418/2/2193 1415/2/2193 1410/2/2193
f 1418/2/2194 1410/2/2194 1422/2/2194
f 1415/2/2195 1418/2/2195 1416/2/2195
f 1396/2/2196 1409/2/2196 1413/2/2196
f 1420/2/2197 1422/2/2197 1408/2/2197
f 1414/2/2198 1411/2/2198 1423/2/2198
f 1423/2/2199 1411/2/2199 1412/2/2199
f 1419/2/2200 1426/2/2200 1405/2/2200
f 1421/2/2201 1419/2/2201 1407/2/2201
f 1424/2/2202 1413/2/2202 1409/2/2202
f 1409/2/2203 1414/2/2203 1425/2/2203
f 1422/2/2204 1435/2/2204 1418/2/2204
f 1416/2/2205 1418/2/2205 1431/2/2205
f 1431/2/2206 1427/2/2206 1416/2/2206
f 1425/2/2207 1428/2/2207 1409/2/2207
f 1434/2/2208 1420/2/2208 1424/2/2208
f 1429/2/2209 1425/2/2209 1414/2/2209
f 1422/2/2210 1420/2/2210 1434/2/2210
f 1429/2/2211 1414/2/2211 1423/2/2211
f 1432/2/2212 1434/2/2212 1437/2/2212
f 1426/2/2213 1423/2/2213 1412/2/2213
f 1436/2/2214 1432/2/2214 1419/2/2214
f 1421/2/2215 1436/2/2215 1419/2/2215
f 1429/2/2216 1423/2/2216 1426/2/2216
f 1435/2/2217 1422/2/2217 1432/2/2217
f 1418/2/2218 1435/2/2218 1431/2/2218
f 1419/2/2219 1430/2/2219 1426/2/2219
f 1427/2/2220 1431/2/2220 1433/2/2220
f 1427/2/2221 1433/2/2221 1421/2/2221
f 1424/2/2222 1409/2/2222 1428/2/2222
f 1438/2/2223 1428/2/2223 1425/2/2223
f 1434/2/2224 1439/2/2224 1437/2/2224
f 1429/2/2225 1438/2/2225 1425/2/2225
f 1429/2/2226 1426/2/2226 1430/2/2226
f 1432/2/2227 1436/2/2227 1435/2/2227
f 1431/2/2228 1435/2/2228 1436/2/2228
f 1433/2/2229 1431/2/2229 1436/2/2229
f 1436/2/2230 1421/2/2230 1433/2/2230
f 1428/2/2231 1439/2/2231 1424/2/2231
f 1424/2/2232 1439/2/2232 1434/2/2232
f 1432/2/2233 1437/2/2233 1438/2/2233
f 1419/2/2234 1432/2/2234 1438/2/2234
f 1438/2/2235 1430/2/2235 1419/2/2235
f 1439/2/2236 1438/2/2236 1437/2/2236
f 1428/2/2237 1438/2/2237 1439/2/2237
f 1429/2/2238 1430/2/2238 1438/2/2238
f 1443/3/2239 1445/3/2239 1440/3/2239
f 1442/3/2240 1440/3/2240 1441/3/2240
f 1440/3/2241 1442/3/2241 1443/3/2241
f 1440/3/2242 1444/3/2242 1441/3/2242
f 1444/3/2243 1440/3/2243 1445/3/2243
f 1447/3/2244 1445/3/2244 1443/3/2244
f 1443/3/2245 1455/3/2245 1447/3/2245
f 1444/3/2246 1445/3/2246 1464/3/2246
f 1443/3/2247 1442/3/2247 1451/3/2247
f 1441/3/2248 1448/3/2248 1442/3/2248
f 1441/3/2249 1444/3/2249 1448/3/2249
f 1451/3/2250 1453/3/2250 1443/3/2250
f 1447/3/2251 1449/3/2251 1446/3/2251
f 1446/3/2252 1449/3/2252 1454/3/2252
f 1445/3/2253 1447/3/2253 1452/3/2253
f 1443/3/2254 1453/3/2254 1455/3/2254
f 1447/3/2255 1455/3/2255 1449/3/2255
f 1449/3/2256 1457/3/2256 1454/3/2256
f 1445/3/2257 1452/3/2257 1464/3/2257
f 1447/3/2258 1446/3/2258 1452/3/2258
f 1451/3/2259 1470/3/2259 1453/3/2259
f 1446/3/2260 1454/3/2260 1458/3/2260
f 1446/3/2261 1466/3/2261 1452/3/2261
f 1455/3/2262 1457/3/2262 1449/3/2262
f 1451/3/2263 1442/3/2263 1463/3/2263
f 1464/3/2264 1461/3/2264 1444/3/2264
f 1446/3/2265 1458/3/2265 1466/3/2265
f 1465/3/2266 1455/3/2266 1453/3/2266
f 1455/3/2267 1465/3/2267 1456/3/2267
f 1455/3/2268 1456/3/2268 1457/3/2268
f 1456/3/2269 1465/3/2269 1459/3/2269
f 1456/3/2270 1459/3/2270 1457/3/2270
f 1454/3/2271 1457/3/2271 1460/3/2271
f 1454/3/2272 1460/3/2272 1462/3/2272
f 1454/3/2273 1462/3/2273 1458/3/2273
f 1465/3/2274 1471/3/2274 1459/3/2274
f 1460/3/2275 1457/3/2275 1459/3/2275
f 1459/3/2276 1468/3/2276 1460/3/2276
f 1448/3/2277 1476/3/2277 1442/3/2277
f 1470/3/2278 1451/3/2278 1463/3/2278
f 1453/3/2279 1473/3/2279 1465/3/2279
f 1442/3/2280 1476/3/2280 1463/3/2280
f 1478/3/2281 1452/3/2281 1466/3/2281
f 1470/3/2282 1480/3/2282 1453/3/2282
f 1379/2/2283 1376/2/2283 1371/2/2283
f 1459/3/2284 1471/3/2284 1468/3/2284
f 1458/3/2285 1474/3/2285 1466/3/2285
f 1471/3/2286 1465/3/2286 1473/3/2286
f 1458/3/2287 1481/3/2287 1467/3/2287
f 1458/3/2288 1462/3/2288 1481/3/2288
f 1469/3/2289 1460/3/2289 1468/3/2289
f 1470/3/2290 1463/3/2290 1487/3/2290
f 1464/3/2291 1452/3/2291 1478/3/2291
f 1479/3/2292 1473/3/2292 1453/3/2292
f 1458/3/2293 1467/3/2293 1474/3/2293
f 1468/3/2294 1471/3/2294 1486/3/2294
f 1486/3/2295 1475/3/2295 1468/3/2295
f 1480/3/2296 1470/3/2296 1487/3/2296
f 1480/3/2297 1479/3/2297 1453/3/2297
f 1471/3/2298 1473/3/2298 1482/3/2298
f 1476/3/2299 1448/3/2299 1472/3/2299
f 1482/3/2300 1486/3/2300 1471/3/2300
f 1468/3/2301 1489/3/2301 1469/3/2301
f 1450/3/2302 1472/3/2302 1448/3/2302
f 1450/3/2303 1461/3/2303 1477/3/2303
f 1476/3/2304 1491/3/2304 1463/3/2304
f 1478/3/2305 1466/3/2305 1474/3/2305
f 1487/3/2306 1479/3/2306 1480/3/2306
f 1481/3/2307 1474/3/2307 1467/3/2307
f 1475/3/2308 1489/3/2308 1468/3/2308
f 1463/3/2309 1491/3/2309 1487/3/2309
f 1461/3/2310 1464/3/2310 1478/3/2310
f 1485/3/2311 1469/3/2311 1489/3/2311
f 1469/3/2312 1485/3/2312 1481/3/2312
f 1473/3/2313 1488/3/2313 1482/3/2313
f 1472/3/2314 1497/3/2314 1476/3/2314
f 1474/3/2315 1496/3/2315 1478/3/2315
f 1484/3/2316 1474/3/2316 1481/3/2316
f 1485/3/2317 1484/3/2317 1481/3/2317
f 1490/3/2318 1472/3/2318 1450/3/2318
f 1483/3/2319 1490/3/2319 1450/3/2319
f 1450/3/2320 1477/3/2320 1483/3/2320
f 1496/3/2321 1461/3/2321 1478/3/2321
f 1473/3/2322 1479/3/2322 1488/3/2322
f 1505/3/2323 1479/3/2323 1487/3/2323
f 1498/3/2324 1484/3/2324 1485/3/2324
f 1486/3/2325 1488/3/2325 1495/3/2325
f 1475/3/2326 1495/3/2326 1489/3/2326
f 1495/3/2327 1475/3/2327 1486/3/2327
f 1483/3/2328 1504/3/2328 1490/3/2328
f 1477/3/2329 1504/3/2329 1483/3/2329
f 1487/3/2330 1491/3/2330 1505/3/2330
f 1493/3/2331 1496/3/2331 1474/3/2331
f 1484/3/2332 1493/3/2332 1474/3/2332
f 1479/3/2333 1512/3/2333 1488/3/2333
f 1512/3/2334 1494/3/2334 1488/3/2334
f 1488/3/2335 1494/3/2335 1495/3/2335
f 1485/3/2336 1489/3/2336 1495/3/2336
f 1472/3/2337 1499/3/2337 1500/3/2337
f 1509/3/2338 1497/3/2338 1500/3/2338
f 1500/3/2339 1497/3/2339 1472/3/2339
f 1497/3/2340 1491/3/2340 1476/3/2340
f 1461/3/2341 1496/3/2341 1492/3/2341
f 1496/3/2342 1493/3/2342 1484/3/2342
f 1512/3/2343 1485/3/2343 1494/3/2343
f 1496/3/2344 1484/3/2344 1498/3/2344
f 1494/3/2345 1485/3/2345 1495/3/2345
f 1490/3/2346 1499/3/2346 1472/3/2346
f 1497/3/2347 1506/3/2347 1491/3/2347
f 1477/3/2348 1501/3/2348 1504/3/2348
f 1461/3/2349 1492/3/2349 1477/3/2349
f 1505/3/2350 1491/3/2350 1506/3/2350
f 1502/3/2351 1499/3/2351 1490/3/2351
f 1485/3/2352 1503/3/2352 1498/3/2352
f 1510/3/2353 1506/3/2353 1497/3/2353
f 1492/3/2354 1501/3/2354 1477/3/2354
f 1490/3/2355 1504/3/2355 1502/3/2355
f 1497/3/2356 1509/3/2356 1516/3/2356
f 1507/3/2357 1501/3/2357 1492/3/2357
f 1498/3/2358 1508/3/2358 1496/3/2358
f 1505/3/2359 1511/3/2359 1479/3/2359
f 1512/3/2360 1503/3/2360 1485/3/2360
f 1511/3/2361 1512/3/2361 1479/3/2361
f 1513/3/2362 1509/3/2362 1500/3/2362
f 1507/3/2363 1504/3/2363 1501/3/2363
f 1513/3/2364 1500/3/2364 1499/3/2364
f 1510/3/2365 1520/3/2365 1506/3/2365
f 1496/3/2366 1507/3/2366 1492/3/2366
f 1510/3/2367 1497/3/2367 1516/3/2367
f 1513/3/2368 1518/3/2368 1509/3/2368
f 1499/3/2369 1502/3/2369 1513/3/2369
f 1518/3/2370 1516/3/2370 1509/3/2370
f 1505/3/2371 1506/3/2371 1520/3/2371
f 1508/3/2372 1507/3/2372 1496/3/2372
f 1498/3/2373 1521/3/2373 1508/3/2373
f 1503/3/2374 1521/3/2374 1498/3/2374
f 1511/3/2375 1521/3/2375 1512/3/2375
f 1510/3/2376 1516/3/2376 1526/3/2376
f 1510/3/2377 1526/3/2377 1520/3/2377
f 1514/3/2378 1502/3/2378 1504/3/2378
f 1504/3/2379 1515/3/2379 1514/3/2379
f 1505/3/2380 1520/3/2380 1522/3/2380
f 1521/3/2381 1503/3/2381 1512/3/2381
f 1515/3/2382 1504/3/2382 1507/3/2382
f 1505/3/2383 1522/3/2383 1511/3/2383
f 1516/3/2384 1518/3/2384 1526/3/2384
f 1502/3/2385 1514/3/2385 1517/3/2385
f 1508/3/2386 1515/3/2386 1507/3/2386
f 1522/3/2387 1521/3/2387 1511/3/2387
f 1502/3/2388 1519/3/2388 1513/3/2388
f 1519/3/2389 1502/3/2389 1517/3/2389
f 1508/3/2390 1523/3/2390 1514/3/2390
f 1508/3/2391 1514/3/2391 1515/3/2391
f 1525/3/2392 1518/3/2392 1513/3/2392
f 1519/3/2393 1525/3/2393 1513/3/2393
f 1520/3/2394 1531/3/2394 1528/3/2394
f 1526/3/2395 1531/3/2395 1520/3/2395
f 1529/3/2396 1517/3/2396 1514/3/2396
f 1529/3/2397 1514/3/2397 1523/3/2397
f 1522/3/2398 1520/3/2398 1528/3/2398
f 1522/3/2399 1524/3/2399 1521/3/2399
f 1527/3/2400 1519/3/2400 1517/3/2400
f 1527/3/2401 1517/3/2401 1529/3/2401
f 954/1/2402 942/1/2402 951/1/2402
f 1523/3/2403 1522/3/2403 1529/3/2403
f 1522/3/2404 1523/3/2404 1524/3/2404
f 1523/3/2405 1508/3/2405 1524/3/2405
f 1524/3/2406 1508/3/2406 1521/3/2406
f 1530/3/2407 1526/3/2407 1518/3/2407
f 1530/3/2408 1518/3/2408 1525/3/2408
f 1525/3/2409 1519/3/2409 1532/3/2409
f 1519/3/2410 1527/3/2410 1532/3/2410
f 1532/3/2411 1527/3/2411 1528/3/2411
f 1527/3/2412 1529/3/2412 1528/3/2412
f 1525/3/2413 1532/3/2413 1530/3/2413
f 1530/3/2414 1531/3/2414 1526/3/2414
f 1531/3/2415 1530/3/2415 1532/3/2415
f 261/4/2416 569/4/2416 570/4/2416
f 1571/5/2417 1569/5/2417 1567/5/2417
f 1400/2/2418 1391/2/2418 1384/2/2418
f 1578/5/2419 1580/5/2419 1574/5/2419
f 1534/5/2420 1549/5/2420 1550/5/2420
f 1537/5/2421 1550/5/2421 1551/5/2421
f 1539/5/2422 1551/5/2422 1552/5/2422
f 1539/5/2423 1553/5/2423 1541/5/2423
f 1543/5/2424 1553/5/2424 1554/5/2424
f 1545/5/2425 1554/5/2425 1555/5/2425
f 1545/5/2426 1556/5/2426 1547/5/2426
f 1533/5/2427 1556/5/2427 1549/5/2427
f 1536/5/2428 1558/5/2428 1557/5/2428
f 1535/5/2429 1559/5/2429 1558/5/2429
f 1538/5/2430 1560/5/2430 1559/5/2430
f 1540/5/2431 1561/5/2431 1560/5/2431
f 1542/5/2432 1562/5/2432 1561/5/2432
f 1544/5/2433 1563/5/2433 1562/5/2433
f 1546/5/2434 1564/5/2434 1563/5/2434
f 1548/5/2435 1557/5/2435 1564/5/2435
f 1604/5/2436 1565/5/2436 1566/5/2436
f 1604/5/2437 1567/5/2437 1603/5/2437
f 1603/5/2438 1568/5/2438 1602/5/2438
f 1601/5/2439 1568/5/2439 1569/5/2439
f 1600/5/2440 1569/5/2440 1570/5/2440
f 1600/5/2441 1571/5/2441 1599/5/2441
f 1599/5/2442 1572/5/2442 1598/5/2442
f 1597/5/2443 1572/5/2443 1565/5/2443
f 1558/5/2444 1573/5/2444 1557/5/2444
f 1559/5/2445 1574/5/2445 1558/5/2445
f 1560/5/2446 1575/5/2446 1559/5/2446
f 1561/5/2447 1576/5/2447 1560/5/2447
f 1562/5/2448 1577/5/2448 1561/5/2448
f 1563/5/2449 1578/5/2449 1562/5/2449
f 1564/5/2450 1579/5/2450 1563/5/2450
f 1557/5/2451 1580/5/2451 1564/5/2451
f 1537/5/2419 1582/5/2419 1534/5/2419
f 1543/5/2419 1545/5/2419 1586/5/2419
f 1582/5/2452 1590/5/2452 1589/5/2452
f 1583/5/2453 1591/5/2453 1590/5/2453
f 1584/5/2454 1592/5/2454 1591/5/2454
f 1585/5/2455 1593/5/2455 1592/5/2455
f 1587/5/2456 1593/5/2456 1586/5/2456
f 1587/5/2457 1595/5/2457 1594/5/2457
f 1581/5/2458 1595/5/2458 1588/5/2458
f 1582/5/2459 1596/5/2459 1581/5/2459
f 1549/5/2451 1598/5/2451 1597/5/2451
f 1555/5/2450 1598/5/2450 1556/5/2450
f 1554/5/2449 1599/5/2449 1555/5/2449
f 1553/5/2448 1600/5/2448 1554/5/2448
f 1552/5/2447 1601/5/2447 1553/5/2447
f 1551/5/2446 1602/5/2446 1552/5/2446
f 1550/5/2445 1603/5/2445 1551/5/2445
f 1549/5/2444 1604/5/2444 1550/5/2444
f 1596/2/2460 1589/2/2460 1625/2/2460
f 1625/2/2461 1590/2/2461 1632/2/2461
f 1623/2/2462 1592/2/2462 1630/2/2462
f 1592/2/2463 1593/2/2463 1629/2/2463
f 1593/2/2464 1594/2/2464 1635/2/2464
f 1594/2/2465 1595/2/2465 1627/2/2465
f 1595/2/2466 1596/2/2466 1633/2/2466
f 1652/6/2467 1653/6/2467 1654/6/2467
f 1649/6/2468 1650/6/2468 1659/6/2468
f 1607/5/2469 1614/5/2469 1615/5/2469
f 1608/5/2470 1615/5/2470 1616/5/2470
f 1609/5/2471 1616/5/2471 1617/5/2471
f 1609/5/2472 1618/5/2472 1610/5/2472
f 1610/5/2473 1619/5/2473 1611/5/2473
f 1611/5/2474 1620/5/2474 1612/5/2474
f 1613/5/2475 1620/5/2475 1621/5/2475
f 1613/5/2476 1614/5/2476 1606/5/2476
f 1591/2/2477 1623/2/2477 1590/2/2477
f 1636/2/2478 1631/2/2478 1623/2/2478
f 1626/2/2479 1625/2/2479 1632/2/2479
f 1633/2/2480 1637/2/2480 1627/2/2480
f 1637/2/2481 1634/2/2481 1627/2/2481
f 970/1/2482 962/1/2482 969/1/2482
f 1629/2/2483 1639/2/2483 1622/2/2483
f 1630/2/2484 1592/2/2484 1622/2/2484
f 1630/2/2485 1639/2/2485 1636/2/2485
f 1624/2/2486 1636/2/2486 1605/2/2486
f 1590/2/2487 1631/2/2487 1624/2/2487
f 1632/2/2488 1590/2/2488 1624/2/2488
f 1633/2/2489 1596/2/2489 1626/2/2489
f 1595/2/2490 1633/2/2490 1627/2/2490
f 1637/2/2491 1626/2/2491 1638/2/2491
f 1634/2/2492 1638/2/2492 1628/2/2492
f 1629/2/2493 1635/2/2493 1628/2/2493
f 1635/2/2494 1594/2/2494 1628/2/2494
f 1593/2/2495 1635/2/2495 1629/2/2495
f 1592/2/2496 1629/2/2496 1622/2/2496
f 1631/2/2497 1636/2/2497 1624/2/2497
f 1632/2/2498 1624/2/2498 1605/2/2498
f 1626/2/2499 1632/2/2499 1605/2/2499
f 1638/2/2500 1626/2/2500 1605/2/2500
f 1628/2/2501 1638/2/2501 1605/2/2501
f 1629/2/2502 1628/2/2502 1605/2/2502
f 1639/2/2503 1629/2/2503 1605/2/2503
f 1636/2/2504 1639/2/2504 1605/2/2504
f 1596/2/2505 1625/2/2505 1626/2/2505
f 1589/2/2506 1590/2/2506 1625/2/2506
f 1630/2/2507 1636/2/2507 1623/2/2507
f 1594/2/2508 1634/2/2508 1628/2/2508
f 1615/5/2417 1614/5/2417 1620/5/2417
f 1656/5/2509 1646/5/2509 1540/5/2509
f 1610/5/2417 1645/5/2417 1609/5/2417
f 1651/5/2510 1612/5/2510 1613/5/2510
f 1546/5/2511 1661/5/2511 1548/5/2511
f 1642/5/2512 1653/5/2512 1641/5/2512
f 1652/5/2513 1655/5/2513 1643/5/2513
f 1644/5/2514 1654/5/2514 1642/5/2514
f 1646/5/2515 1656/5/2515 1658/5/2515
f 1645/5/2516 1647/5/2516 1657/5/2516
f 1646/5/2517 1659/5/2517 1648/5/2517
f 1663/6/2444 1665/6/2444 1662/6/2444
f 1666/6/2445 1664/6/2445 1663/6/2445
f 1666/6/2446 1669/6/2446 1667/6/2446
f 1670/6/2447 1669/6/2447 1668/6/2447
f 1672/6/2448 1671/6/2448 1670/6/2448
f 1674/6/2449 1673/6/2449 1672/6/2449
f 1676/6/2450 1675/6/2450 1674/6/2450
f 1662/6/2451 1677/6/2451 1676/6/2451
f 1679/4/2419 1684/4/2419 1678/4/2419
f 1680/4/2518 1685/4/2518 1679/4/2518
f 1681/4/2519 1686/4/2519 1680/4/2519
f 1682/4/2417 1687/4/2417 1681/4/2417
f 1683/4/2520 1688/4/2520 1682/4/2520
f 1678/4/2521 1689/4/2521 1683/4/2521
f 1705/4/2522 1706/4/2522 1703/4/2522
f 1694/4/2523 1684/4/2523 1685/4/2523
f 1690/4/2524 1701/4/2524 1680/4/2524
f 1683/4/2525 1692/4/2525 1693/4/2525
f 1688/4/2526 1697/4/2526 1687/4/2526
f 1691/4/2527 1701/4/2527 1702/4/2527
f 1691/4/2528 1702/4/2528 1692/4/2528
f 1692/4/2529 1699/4/2529 1693/4/2529
f 1693/4/2530 1699/4/2530 1690/4/2530
f 1695/4/2531 1703/4/2531 1694/4/2531
f 1696/4/2532 1704/4/2532 1695/4/2532
f 1697/4/2533 1704/4/2533 1696/4/2533
f 1698/4/2534 1705/4/2534 1697/4/2534
f 1694/4/2535 1703/4/2535 1706/4/2535
f 1713/7/2536 1707/7/2536 1712/7/2536
f 1714/7/2537 1708/7/2537 1713/7/2537
f 1715/7/2538 1709/7/2538 1714/7/2538
f 1715/7/2539 1710/7/2539 1709/7/2539
f 1711/7/2540 1710/7/2540 1716/7/2540
f 1712/7/2541 1710/7/2541 1711/7/2541
f 1718/3/2542 1711/3/2542 1717/3/2542
f 1718/3/2543 1713/3/2543 1712/3/2543
f 1720/3/2544 1713/3/2544 1719/3/2544
f 1723/3/2545 1714/3/2545 1720/3/2545
f 1721/3/2546 1715/3/2546 1723/3/2546
f 1717/3/2547 1716/3/2547 1721/3/2547
f 1730/4/2548 1717/4/2548 1722/4/2548
f 1731/4/2549 1718/4/2549 1730/4/2549
f 1731/4/2550 1720/4/2550 1719/4/2550
f 1732/4/2551 1723/4/2551 1720/4/2551
f 1734/4/2552 1723/4/2552 1733/4/2552
f 1722/4/2553 1721/4/2553 1734/4/2553
f 1725/4/2554 1730/4/2554 1724/4/2554
f 1725/4/2526 1732/4/2526 1731/4/2526
f 1727/4/2555 1732/4/2555 1726/4/2555
f 1727/4/2556 1734/4/2556 1733/4/2556
f 1729/4/2525 1734/4/2525 1728/4/2525
f 1724/4/2557 1722/4/2557 1729/4/2557
f 1735/4/2558 1740/4/2558 1745/4/2558
f 1736/4/2559 1749/4/2559 1735/4/2559
f 1737/4/2560 1741/4/2560 1736/4/2560
f 1738/4/2561 1742/4/2561 1737/4/2561
f 1739/4/2562 1743/4/2562 1738/4/2562
f 1745/4/2563 1744/4/2563 1739/4/2563
f 1748/4/2564 1740/4/2564 1749/4/2564
f 1756/4/2522 1757/4/2522 1754/4/2522
f 1742/4/2565 1743/4/2565 1750/4/2565
f 1745/4/2566 1752/4/2566 1746/4/2566
f 1737/4/2567 1752/4/2567 1753/4/2567
f 1737/4/2568 1753/4/2568 1747/4/2568
f 1747/4/2569 1751/4/2569 1745/4/2569
f 1749/4/2570 1754/4/2570 1748/4/2570
f 1750/4/2571 1756/4/2571 1755/4/2571
f 1743/4/2572 1756/4/2572 1750/4/2572
f 1748/4/2535 1754/4/2535 1757/4/2535
f 1763/7/2573 1760/7/2573 1762/7/2573
f 1764/7/2574 1759/7/2574 1763/7/2574
f 1765/7/2575 1758/7/2575 1764/7/2575
f 1766/7/2576 1758/7/2576 1765/7/2576
f 1766/7/2577 1760/7/2577 1758/7/2577
f 1762/7/2578 1760/7/2578 1761/7/2578
f 1773/3/2579 1761/3/2579 1767/3/2579
f 1773/3/2580 1763/3/2580 1762/3/2580
f 1774/3/2581 1764/3/2581 1763/3/2581
f 1776/3/2582 1764/3/2582 1775/3/2582
f 1777/3/2583 1765/3/2583 1776/3/2583
f 1767/3/2584 1766/3/2584 1777/3/2584
f 1768/4/2585 1773/4/2585 1772/4/2585
f 1769/4/2586 1774/4/2586 1768/4/2586
f 1770/4/2587 1775/4/2587 1769/4/2587
f 1771/4/2588 1776/4/2588 1770/4/2588
f 1771/4/2589 1767/4/2589 1777/4/2589
f 1787/4/2590 1783/4/2590 1778/4/2590
f 1779/4/2591 1791/4/2591 1787/4/2591
f 1780/4/2519 1784/4/2519 1779/4/2519
f 1781/4/2417 1785/4/2417 1780/4/2417
f 1782/4/2562 1793/4/2562 1781/4/2562
f 1778/4/2521 1786/4/2521 1782/4/2521
f 1297/2/2592 1296/2/2592 1309/2/2592
f 1782/4/2593 1797/4/2593 1789/4/2593
f 1797/4/2594 1796/4/2594 1795/4/2594
f 1779/4/2595 1787/4/2595 1788/4/2595
f 1793/4/2596 1792/4/2596 1785/4/2596
f 175/1/2597 180/1/2597 178/1/2597
f 1783/4/2598 1791/4/2598 1790/4/2598
f 1789/4/2599 1795/4/2599 1787/4/2599
f 1787/4/2600 1796/4/2600 1788/4/2600
f 1797/4/2601 1794/4/2601 1789/4/2601
f 1791/4/2602 1798/4/2602 1790/4/2602
f 1792/4/2603 1799/4/2603 1791/4/2603
f 1793/4/2604 1800/4/2604 1792/4/2604
f 1790/4/2605 1798/4/2605 1800/4/2605
f 1802/7/2606 1803/7/2606 1801/7/2606
f 1806/7/2607 1801/7/2607 1805/7/2607
f 1807/7/2608 1801/7/2608 1806/7/2608
f 1808/7/2609 1802/7/2609 1807/7/2609
f 1809/7/2610 1802/7/2610 1808/7/2610
f 1805/7/2611 1803/7/2611 1804/7/2611
f 1816/3/2579 1804/3/2579 1810/3/2579
f 1816/3/2580 1806/3/2580 1805/3/2580
f 1817/3/2581 1807/3/2581 1806/3/2581
f 1819/3/2582 1807/3/2582 1818/3/2582
f 1820/3/2583 1808/3/2583 1819/3/2583
f 1810/3/2584 1809/3/2584 1820/3/2584
f 1811/4/2585 1816/4/2585 1815/4/2585
f 1812/4/2586 1817/4/2586 1811/4/2586
f 1813/4/2587 1818/4/2587 1812/4/2587
f 1814/4/2588 1819/4/2588 1813/4/2588
f 1814/4/2589 1810/4/2589 1820/4/2589
f 1/1/2612 2/1/2612 4/1/2612
f 2/1/2613 6/1/2613 5/1/2613
f 6/1/2614 1/1/2614 3/1/2614
f 8/1/2615 9/1/2615 11/1/2615
f 13/1/2616 9/1/2616 14/1/2616
f 8/1/2617 10/1/2617 12/1/2617
f 20/1/2618 15/1/2618 17/1/2618
f 22/1/2619 23/1/2619 25/1/2619
f 27/1/2620 23/1/2620 28/1/2620
f 22/1/2621 24/1/2621 26/1/2621
f 32/1/2622 34/1/2622 33/1/2622
f 34/1/2623 32/1/2623 31/1/2623
f 33/1/2624 29/1/2624 30/1/2624
f 36/1/2625 37/1/2625 38/1/2625
f 40/1/2626 37/1/2626 41/1/2626
f 36/1/2627 38/1/2627 39/1/2627
f 45/1/2628 47/1/2628 46/1/2628
f 42/1/2629 47/1/2629 45/1/2629
f 42/1/2630 43/1/2630 44/1/2630
f 53/1/2631 49/1/2631 50/1/2631
f 52/1/2632 54/1/2632 53/1/2632
f 49/1/2633 54/1/2633 52/1/2633
f 53/1/2634 50/1/2634 51/1/2634
f 55/1/2635 56/1/2635 58/1/2635
f 61/1/2636 60/1/2636 58/1/2636
f 60/1/2637 55/1/2637 57/1/2637
f 66/1/2638 68/1/2638 67/1/2638
f 63/1/2639 68/1/2639 66/1/2639
f 63/1/2640 64/1/2640 65/1/2640
f 69/1/2641 70/1/2641 72/1/2641
f 74/1/2642 70/1/2642 75/1/2642
f 70/1/2643 74/1/2643 72/1/2643
f 75/1/2644 69/1/2644 71/1/2644
f 76/1/2645 77/1/2645 79/1/2645
f 81/1/2646 77/1/2646 82/1/2646
f 77/1/2647 81/1/2647 79/1/2647
f 82/1/2648 76/1/2648 78/1/2648
f 88/1/2649 83/1/2649 85/1/2649
f 87/1/2650 89/1/2650 88/1/2650
f 83/1/2651 89/1/2651 87/1/2651
f 88/1/2652 84/1/2652 86/1/2652
f 93/1/2653 95/1/2653 94/1/2653
f 90/1/2654 95/1/2654 93/1/2654
f 90/1/2655 91/1/2655 92/1/2655
f 101/1/2656 96/1/2656 97/1/2656
f 103/1/2657 104/1/2657 106/1/2657
f 107/1/2658 104/1/2658 108/1/2658
f 104/1/2659 107/1/2659 106/1/2659
f 108/1/2660 103/1/2660 105/1/2660
f 110/1/2661 111/1/2661 113/1/2661
f 114/1/2662 111/1/2662 115/1/2662
f 111/1/2663 114/1/2663 113/1/2663
f 115/1/2664 110/1/2664 112/1/2664
f 122/1/2665 117/1/2665 119/1/2665
f 121/1/2666 123/1/2666 122/1/2666
f 117/1/2667 123/1/2667 121/1/2667
f 122/1/2668 118/1/2668 120/1/2668
f 128/1/2669 124/1/2669 125/1/2669
f 127/1/2670 129/1/2670 128/1/2670
f 124/1/2671 129/1/2671 127/1/2671
f 128/1/2672 125/1/2672 126/1/2672
f 134/1/2673 136/1/2673 135/1/2673
f 130/1/2674 136/1/2674 134/1/2674
f 130/1/2675 131/1/2675 133/1/2675
f 138/1/2676 139/1/2676 140/1/2676
f 139/1/2677 143/1/2677 142/1/2677
f 138/1/2678 140/1/2678 141/1/2678
f 144/1/2679 145/1/2679 147/1/2679
f 149/1/2680 145/1/2680 150/1/2680
f 145/1/2681 149/1/2681 147/1/2681
f 144/1/2682 146/1/2682 148/1/2682
f 151/1/2683 152/1/2683 154/1/2683
f 152/1/2684 156/1/2684 155/1/2684
f 156/1/2685 151/1/2685 153/1/2685
f 162/1/2686 158/1/2686 159/1/2686
f 161/1/2687 163/1/2687 162/1/2687
f 158/1/2688 163/1/2688 161/1/2688
f 162/1/2689 159/1/2689 160/1/2689
f 164/1/2690 165/1/2690 167/1/2690
f 165/1/2691 169/1/2691 168/1/2691
f 169/1/2692 164/1/2692 166/1/2692
f 1222/2/2693 1248/2/2693 1226/2/2693
f 1027/3/2694 1030/3/2694 1029/3/2694
f 211/1/2695 217/1/2695 224/1/2695
f 1107/1/2696 1110/1/2696 1116/1/2696
f 678/1/2697 696/1/2697 685/1/2697
f 255/1/2698 256/1/2698 253/1/2698
f 616/4/2699 617/4/2699 623/4/2699
f 617/4/2700 612/4/2700 283/4/2700
f 612/4/2701 613/4/2701 622/4/2701
f 614/4/2702 621/4/2702 622/4/2702
f 615/4/2703 619/4/2703 620/4/2703
f 615/4/2704 616/4/2704 618/4/2704
f 597/4/2705 263/4/2705 274/4/2705
f 263/4/2706 264/4/2706 275/4/2706
f 264/4/2707 257/4/2707 276/4/2707
f 258/4/2708 277/4/2708 276/4/2708
f 259/4/2709 612/4/2709 277/4/2709
f 280/4/2710 284/4/2710 268/4/2710
f 282/4/2711 281/4/2711 268/4/2711
f 283/4/2712 282/4/2712 267/4/2712
f 266/4/2713 267/4/2713 288/4/2713
f 267/4/2714 285/4/2714 289/4/2714
f 285/4/2715 286/4/2715 290/4/2715
f 290/4/2716 286/4/2716 266/4/2716
f 284/4/2717 269/4/2717 292/4/2717
f 269/4/2718 270/4/2718 293/4/2718
f 265/4/2719 294/4/2719 293/4/2719
f 284/4/2720 291/4/2720 295/4/2720
f 284/4/2721 295/4/2721 296/4/2721
f 285/4/2722 296/4/2722 297/4/2722
f 286/4/2723 297/4/2723 294/4/2723
f 267/4/2724 298/4/2724 299/4/2724
f 285/4/2725 299/4/2725 301/4/2725
f 265/4/2726 278/4/2726 303/4/2726
f 265/4/2727 302/4/2727 304/4/2727
f 278/4/2728 266/4/2728 305/4/2728
f 266/4/2729 286/4/2729 567/4/2729
f 291/4/2730 292/4/2730 307/4/2730
f 293/4/2731 309/4/2731 307/4/2731
f 294/4/2732 310/4/2732 309/4/2732
f 295/4/2733 291/4/2733 306/4/2733
f 296/4/2734 295/4/2734 311/4/2734
f 296/4/2735 312/4/2735 313/4/2735
f 297/4/2736 313/4/2736 310/4/2736
f 306/4/2737 307/4/2737 315/4/2737
f 308/4/2738 316/4/2738 315/4/2738
f 306/4/2739 314/4/2739 317/4/2739
f 309/4/2740 320/4/2740 319/4/2740
f 310/4/2741 322/4/2741 320/4/2741
f 310/4/2742 313/4/2742 323/4/2742
f 1108/1/2743 1128/1/2743 1120/1/2743
f 312/4/2744 308/4/2744 321/4/2744
f 320/4/2745 326/4/2745 325/4/2745
f 321/4/2746 319/4/2746 325/4/2746
f 320/4/2747 322/4/2747 329/4/2747
f 323/4/2748 324/4/2748 328/4/2748
f 324/4/2749 321/4/2749 327/4/2749
f 326/4/2750 331/4/2750 330/4/2750
f 327/4/2751 325/4/2751 330/4/2751
f 329/4/2752 333/4/2752 331/4/2752
f 332/4/2753 336/4/2753 334/4/2753
f 331/4/2754 339/4/2754 338/4/2754
f 330/4/2755 338/4/2755 340/4/2755
f 331/4/2756 333/4/2756 341/4/2756
f 332/4/2757 340/4/2757 341/4/2757
f 339/4/2758 343/4/2758 342/4/2758
f 338/4/2759 342/4/2759 344/4/2759
f 339/4/2760 341/4/2760 345/4/2760
f 341/4/2761 340/4/2761 344/4/2761
f 342/4/2762 343/4/2762 352/4/2762
f 342/4/2763 353/4/2763 346/4/2763
f 343/4/2764 345/4/2764 347/4/2764
f 345/4/2765 344/4/2765 346/4/2765
f 347/4/2766 349/4/2766 348/4/2766
f 347/4/2767 346/4/2767 350/4/2767
f 352/4/2768 351/4/2768 350/4/2768
f 352/4/2769 346/4/2769 356/4/2769
f 353/4/2770 354/4/2770 358/4/2770
f 354/4/2771 355/4/2771 359/4/2771
f 355/4/2772 356/4/2772 360/4/2772
f 353/4/2773 357/4/2773 360/4/2773
f 357/4/2774 358/4/2774 361/4/2774
f 359/4/2775 360/4/2775 361/4/2775
f 349/4/2776 363/4/2776 362/4/2776
f 351/4/2777 348/4/2777 362/4/2777
f 350/4/2778 365/4/2778 363/4/2778
f 351/4/2779 364/4/2779 365/4/2779
f 362/4/2780 363/4/2780 366/4/2780
f 335/4/2781 334/4/2781 367/4/2781
f 336/4/2782 369/4/2782 367/4/2782
f 337/4/2783 335/4/2783 368/4/2783
f 336/4/2784 337/4/2784 370/4/2784
f 367/4/2785 371/4/2785 372/4/2785
f 367/4/2786 369/4/2786 373/4/2786
f 370/4/2787 368/4/2787 374/4/2787
f 368/4/2788 369/4/2788 376/4/2788
f 370/4/2789 375/4/2789 376/4/2789
f 375/4/2790 374/4/2790 378/4/2790
f 376/4/2791 375/4/2791 377/4/2791
f 377/4/2792 378/4/2792 379/4/2792
f 315/4/2793 380/4/2793 383/4/2793
f 315/4/2794 316/4/2794 381/4/2794
f 314/4/2795 383/4/2795 382/4/2795
f 318/4/2796 317/4/2796 382/4/2796
f 318/4/2797 393/4/2797 381/4/2797
f 386/4/2798 385/4/2798 384/4/2798
f 383/4/2799 380/4/2799 388/4/2799
f 384/4/2800 389/4/2800 388/4/2800
f 385/4/2801 383/4/2801 387/4/2801
f 385/4/2802 390/4/2802 389/4/2802
f 387/4/2803 388/4/2803 391/4/2803
f 389/4/2804 392/4/2804 391/4/2804
f 390/4/2805 387/4/2805 400/4/2805
f 390/4/2806 401/4/2806 392/4/2806
f 393/4/2807 382/4/2807 394/4/2807
f 382/4/2808 386/4/2808 395/4/2808
f 386/4/2809 381/4/2809 396/4/2809
f 393/4/2810 397/4/2810 396/4/2810
f 398/4/2811 396/4/2811 399/4/2811
f 396/4/2812 397/4/2812 399/4/2812
f 392/4/2813 403/4/2813 406/4/2813
f 391/4/2814 406/4/2814 404/4/2814
f 404/4/2815 407/4/2815 405/4/2815
f 408/4/2816 411/4/2816 409/4/2816
f 403/4/2817 405/4/2817 409/4/2817
f 403/4/2818 410/4/2818 411/4/2818
f 409/4/2819 411/4/2819 412/4/2819
f 411/4/2820 410/4/2820 412/4/2820
f 408/4/2821 405/4/2821 415/4/2821
f 407/4/2822 413/4/2822 415/4/2822
f 407/4/2823 408/4/2823 414/4/2823
f 415/4/2824 418/4/2824 417/4/2824
f 413/4/2825 416/4/2825 418/4/2825
f 413/4/2826 414/4/2826 417/4/2826
f 417/4/2827 418/4/2827 419/4/2827
f 298/4/2828 268/4/2828 421/4/2828
f 299/4/2829 298/4/2829 420/4/2829
f 300/4/2830 423/4/2830 421/4/2830
f 301/4/2831 424/4/2831 423/4/2831
f 299/4/2832 422/4/2832 424/4/2832
f 421/4/2833 426/4/2833 425/4/2833
f 420/4/2834 425/4/2834 427/4/2834
f 421/4/2835 423/4/2835 428/4/2835
f 424/4/2836 429/4/2836 428/4/2836
f 422/4/2837 427/4/2837 429/4/2837
f 425/4/2838 426/4/2838 431/4/2838
f 425/4/2839 430/4/2839 432/4/2839
f 427/4/2840 432/4/2840 433/4/2840
f 426/4/2841 428/4/2841 435/4/2841
f 428/4/2842 429/4/2842 436/4/2842
f 437/4/2843 438/4/2843 436/4/2843
f 437/4/2844 433/4/2844 431/4/2844
f 437/4/2845 426/4/2845 434/4/2845
f 435/4/2846 436/4/2846 441/4/2846
f 438/4/2847 439/4/2847 441/4/2847
f 434/4/2848 435/4/2848 440/4/2848
f 434/4/2849 442/4/2849 439/4/2849
f 431/4/2850 444/4/2850 443/4/2850
f 432/4/2851 430/4/2851 443/4/2851
f 431/4/2852 433/4/2852 446/4/2852
f 433/4/2853 432/4/2853 445/4/2853
f 444/4/2854 448/4/2854 447/4/2854
f 473/4/2855 443/4/2855 447/4/2855
f 444/4/2856 446/4/2856 450/4/2856
f 473/4/2857 449/4/2857 450/4/2857
f 448/4/2858 452/4/2858 451/4/2858
f 447/4/2859 451/4/2859 453/4/2859
f 448/4/2860 450/4/2860 454/4/2860
f 450/4/2861 449/4/2861 453/4/2861
f 455/4/2862 453/4/2862 458/4/2862
f 451/4/2863 456/4/2863 458/4/2863
f 451/4/2864 452/4/2864 459/4/2864
f 455/4/2865 457/4/2865 459/4/2865
f 457/4/2866 458/4/2866 462/4/2866
f 456/4/2867 460/4/2867 462/4/2867
f 456/4/2868 459/4/2868 463/4/2868
f 457/4/2869 461/4/2869 463/4/2869
f 460/4/2870 463/4/2870 464/4/2870
f 463/4/2871 461/4/2871 464/4/2871
f 455/4/2872 467/4/2872 465/4/2872
f 454/4/2873 453/4/2873 465/4/2873
f 452/4/2874 454/4/2874 466/4/2874
f 467/4/2875 468/4/2875 469/4/2875
f 465/4/2876 469/4/2876 470/4/2876
f 467/4/2877 466/4/2877 470/4/2877
f 446/4/2878 445/4/2878 475/4/2878
f 446/4/2879 474/4/2879 476/4/2879
f 445/4/2880 443/4/2880 477/4/2880
f 473/4/2881 476/4/2881 477/4/2881
f 475/4/2882 479/4/2882 478/4/2882
f 476/4/2883 474/4/2883 478/4/2883
f 477/4/2884 481/4/2884 479/4/2884
f 476/4/2885 480/4/2885 481/4/2885
f 478/4/2886 479/4/2886 484/4/2886
f 480/4/2887 478/4/2887 482/4/2887
f 480/4/2888 483/4/2888 484/4/2888
f 483/4/2889 482/4/2889 485/4/2889
f 484/4/2890 483/4/2890 485/4/2890
f 290/4/2891 488/4/2891 487/4/2891
f 290/4/2892 287/4/2892 486/4/2892
f 287/4/2893 288/4/2893 489/4/2893
f 289/4/2894 487/4/2894 489/4/2894
f 487/4/2895 488/4/2895 492/4/2895
f 486/4/2896 490/4/2896 492/4/2896
f 489/4/2897 493/4/2897 490/4/2897
f 489/4/2898 487/4/2898 491/4/2898
f 494/4/2899 491/4/2899 497/4/2899
f 492/4/2900 495/4/2900 497/4/2900
f 492/4/2901 490/4/2901 496/4/2901
f 497/4/2902 500/4/2902 499/4/2902
f 495/4/2903 498/4/2903 500/4/2903
f 495/4/2904 496/4/2904 501/4/2904
f 493/4/2905 491/4/2905 505/4/2905
f 494/4/2906 503/4/2906 505/4/2906
f 493/4/2907 504/4/2907 506/4/2907
f 494/4/2908 490/4/2908 506/4/2908
f 504/4/2909 505/4/2909 509/4/2909
f 503/4/2910 507/4/2910 509/4/2910
f 504/4/2911 508/4/2911 510/4/2911
f 503/4/2912 506/4/2912 510/4/2912
f 508/4/2913 509/4/2913 513/4/2913
f 507/4/2914 511/4/2914 513/4/2914
f 508/4/2915 512/4/2915 514/4/2915
f 507/4/2916 510/4/2916 514/4/2916
f 514/4/2917 512/4/2917 516/4/2917
f 511/4/2918 521/4/2918 516/4/2918
f 514/4/2919 515/4/2919 517/4/2919
f 520/4/2920 511/4/2920 512/4/2920
f 512/4/2921 513/4/2921 519/4/2921
f 513/4/2922 511/4/2922 520/4/2922
f 521/4/2923 523/4/2923 522/4/2923
f 521/4/2924 517/4/2924 524/4/2924
f 515/4/2925 522/4/2925 524/4/2925
f 522/4/2926 523/4/2926 526/4/2926
f 523/4/2927 524/4/2927 525/4/2927
f 520/4/2928 518/4/2928 529/4/2928
f 519/4/2929 527/4/2929 529/4/2929
f 520/4/2930 528/4/2930 527/4/2930
f 529/4/2931 530/4/2931 531/4/2931
f 527/4/2932 528/4/2932 531/4/2932
f 302/4/2933 303/4/2933 533/4/2933
f 302/4/2934 532/4/2934 534/4/2934
f 303/4/2935 305/4/2935 535/4/2935
f 567/4/2936 568/4/2936 535/4/2936
f 533/4/2937 537/4/2937 536/4/2937
f 534/4/2938 532/4/2938 536/4/2938
f 535/4/2939 539/4/2939 537/4/2939
f 535/4/2940 568/4/2940 538/4/2940
f 536/4/2941 537/4/2941 541/4/2941
f 553/4/2942 542/4/2942 541/4/2942
f 553/4/2943 538/4/2943 543/4/2943
f 536/4/2944 540/4/2944 543/4/2944
f 540/4/2945 541/4/2945 545/4/2945
f 542/4/2946 546/4/2946 545/4/2946
f 542/4/2947 543/4/2947 547/4/2947
f 540/4/2948 544/4/2948 547/4/2948
f 544/4/2949 545/4/2949 549/4/2949
f 546/4/2950 550/4/2950 549/4/2950
f 1215/2/2951 1205/2/2951 1202/2/2951
f 552/4/2952 539/4/2952 556/4/2952
f 553/4/2953 552/4/2953 555/4/2953
f 555/4/2954 556/4/2954 554/4/2954
f 549/4/2955 550/4/2955 558/4/2955
f 551/4/2956 559/4/2956 558/4/2956
f 548/4/2957 560/4/2957 559/4/2957
f 561/4/2958 544/4/2958 548/4/2958
f 561/4/2959 551/4/2959 550/4/2959
f 546/4/2960 547/4/2960 563/4/2960
f 547/4/2961 544/4/2961 564/4/2961
f 561/4/2962 562/4/2962 564/4/2962
f 562/4/2963 563/4/2963 565/4/2963
f 563/4/2964 564/4/2964 566/4/2964
f 562/4/2965 565/4/2965 566/4/2965
f 568/4/2966 567/4/2966 304/4/2966
f 262/4/2967 572/4/2967 571/4/2967
f 598/4/2968 271/4/2968 575/4/2968
f 264/4/2969 263/4/2969 574/4/2969
f 259/4/2970 578/4/2970 579/4/2970
f 258/4/2971 581/4/2971 583/4/2971
f 581/4/2972 257/4/2972 584/4/2972
f 581/4/2973 585/4/2973 586/4/2973
f 578/4/2974 587/4/2974 588/4/2974
f 578/4/2975 580/4/2975 589/4/2975
f 570/4/2976 569/4/2976 590/4/2976
f 571/4/2977 592/4/2977 590/4/2977
f 570/4/2978 591/4/2978 592/4/2978
f 576/4/2979 574/4/2979 593/4/2979
f 576/4/2980 595/4/2980 596/4/2980
f 263/4/2981 597/4/2981 601/4/2981
f 598/4/2982 605/4/2982 599/4/2982
f 601/4/2983 604/4/2983 603/4/2983
f 601/4/2984 599/4/2984 602/4/2984
f 606/4/2985 583/4/2985 582/4/2985
f 606/4/2986 271/4/2986 580/4/2986
f 607/4/2987 588/4/2987 589/4/2987
f 569/4/2988 607/4/2988 271/4/2988
f 402/4/2989 392/4/2989 401/4/2989
f 401/4/2990 400/4/2990 609/4/2990
f 402/4/2991 608/4/2991 609/4/2991
f 608/4/2992 401/4/2992 610/4/2992
f 609/4/2993 611/4/2993 610/4/2993
f 609/4/2994 608/4/2994 611/4/2994
f 272/4/2995 614/4/2995 613/4/2995
f 275/4/2996 276/4/2996 616/4/2996
f 277/4/2997 617/4/2997 616/4/2997
f 619/4/2998 618/4/2998 279/4/2998
f 619/4/2999 270/4/2999 269/4/2999
f 621/4/3000 281/4/3000 282/4/3000
f 618/4/3001 623/4/3001 278/4/3001
f 624/4/3002 280/4/3002 281/4/3002
f 621/4/3003 614/4/3003 273/4/3003
f 274/4/3004 620/4/3004 624/4/3004
f 280/4/3005 624/4/3005 620/4/3005
f 308/4/3006 312/4/3006 625/4/3006
f 311/4/3007 317/4/3007 625/4/3007
f 317/4/3008 627/4/3008 626/4/3008
f 317/4/3009 318/4/3009 628/4/3009
f 625/4/3010 626/4/3010 629/4/3010
f 318/4/3011 316/4/3011 629/4/3011
f 626/4/3012 627/4/3012 631/4/3012
f 628/4/3013 632/4/3013 631/4/3013
f 629/4/3014 626/4/3014 630/4/3014
f 1035/3/3015 1028/3/3015 1034/3/3015
f 655/2/3016 657/2/3016 663/2/3016
f 841/1/3017 828/1/3017 832/1/3017
f 927/1/3018 909/1/3018 923/1/3018
f 724/1/3019 719/1/3019 726/1/3019
f 773/1/3020 774/1/3020 770/1/3020
f 900/1/3021 882/1/3021 878/1/3021
f 800/1/3022 795/1/3022 806/1/3022
f 830/1/3023 826/1/3023 817/1/3023
f 1444/3/3024 1461/3/3024 1450/3/3024
f 554/4/3025 556/4/3025 539/4/3025
f 846/1/3026 836/1/3026 848/1/3026
f 876/1/3027 905/1/3027 912/1/3027
f 815/1/3028 818/1/3028 836/1/3028
f 1085/1/3029 1081/1/3029 1084/1/3029
f 1074/3/3030 1080/3/3030 1079/3/3030
f 1092/1/3031 1085/1/3031 1083/1/3031
f 971/1/3032 953/1/3032 952/1/3032
f 873/1/3033 861/1/3033 858/1/3033
f 208/1/3034 239/1/3034 217/1/3034
f 1342/2/3035 1341/2/3035 1326/2/3035
f 1426/2/3036 1412/2/3036 1417/2/3036
f 1038/3/3037 1062/3/3037 1039/3/3037
f 1047/3/3038 1048/3/3038 1056/3/3038
f 1048/3/3039 1069/3/3039 1056/3/3039
f 246/1/3040 248/1/3040 233/1/3040
f 978/1/3041 982/1/3041 983/1/3041
f 1141/1/3042 1167/1/3042 1149/1/3042
f 1108/1/3043 1099/1/3043 1100/1/3043
f 981/1/3044 991/1/3044 1001/1/3044
f 230/1/3045 228/1/3045 187/1/3045
f 1207/2/3046 1213/2/3046 1203/2/3046
f 842/1/3047 823/1/3047 840/1/3047
f 808/1/3048 802/1/3048 780/1/3048
f 1275/2/3049 1296/2/3049 1277/2/3049
f 1528/3/3050 1529/3/3050 1522/3/3050
f 980/1/3051 999/1/3051 992/1/3051
f 636/2/3052 644/2/3052 652/2/3052
f 324/4/3053 323/4/3053 313/4/3053
f 1462/3/3054 1460/3/3054 1469/3/3054
f 973/1/3055 974/1/3055 975/1/3055
f 1198/2/3056 1203/2/3056 1197/2/3056
f 1142/1/3057 1160/1/3057 1137/1/3057
f 1384/2/3058 1382/2/3058 1380/2/3058
f 1395/2/3059 1388/2/3059 1364/2/3059
f 1432/2/3060 1422/2/3060 1434/2/3060
f 1161/1/3061 1172/1/3061 1165/1/3061
f 1379/2/3062 1382/2/3062 1376/2/3062
f 1486/3/3063 1482/3/3063 1488/3/3063
f 954/1/3064 945/1/3064 942/1/3064
f 1531/3/3065 1532/3/3065 1528/3/3065
f 1565/5/2417 1572/5/2417 1571/5/2417
f 1571/5/2417 1570/5/2417 1569/5/2417
f 1569/5/2417 1568/5/2417 1567/5/2417
f 1567/5/2417 1566/5/2417 1565/5/2417
f 1565/5/2417 1571/5/2417 1567/5/2417
f 1576/5/2419 1577/5/2419 1578/5/2419
f 1578/5/2419 1579/5/2419 1580/5/2419
f 1580/5/2419 1573/5/2419 1574/5/2419
f 1574/5/2419 1575/5/2419 1578/5/2419
f 1575/5/2419 1576/5/2419 1578/5/2419
f 1534/5/2420 1533/5/2420 1549/5/2420
f 1537/5/2421 1534/5/2421 1550/5/2421
f 1539/5/3066 1537/5/3066 1551/5/3066
f 1539/5/2423 1552/5/2423 1553/5/2423
f 1543/5/2424 1541/5/2424 1553/5/2424
f 1545/5/2425 1543/5/2425 1554/5/2425
f 1545/5/3067 1555/5/3067 1556/5/3067
f 1533/5/3068 1547/5/3068 1556/5/3068
f 1536/5/3069 1535/5/3069 1558/5/3069
f 1535/5/2429 1538/5/2429 1559/5/2429
f 1538/5/3070 1540/5/3070 1560/5/3070
f 1540/5/2431 1542/5/2431 1561/5/2431
f 1542/5/2432 1544/5/2432 1562/5/2432
f 1544/5/2433 1546/5/2433 1563/5/2433
f 1546/5/2434 1548/5/2434 1564/5/2434
f 1548/5/3071 1536/5/3071 1557/5/3071
f 1604/5/2436 1597/5/2436 1565/5/2436
f 1604/5/2437 1566/5/2437 1567/5/2437
f 1603/5/2438 1567/5/2438 1568/5/2438
f 1601/5/3072 1602/5/3072 1568/5/3072
f 1600/5/2440 1601/5/2440 1569/5/2440
f 1600/5/3073 1570/5/3073 1571/5/3073
f 1599/5/3074 1571/5/3074 1572/5/3074
f 1597/5/3075 1598/5/3075 1572/5/3075
f 1558/5/2444 1574/5/2444 1573/5/2444
f 1559/5/2445 1575/5/2445 1574/5/2445
f 1560/5/2446 1576/5/2446 1575/5/2446
f 1561/5/2447 1577/5/2447 1576/5/2447
f 1562/5/2448 1578/5/2448 1577/5/2448
f 1563/5/2449 1579/5/2449 1578/5/2449
f 1564/5/2450 1580/5/2450 1579/5/2450
f 1557/5/2451 1573/5/2451 1580/5/2451
f 1537/5/2419 1583/5/2419 1582/5/2419
f 1533/5/2419 1534/5/2419 1581/5/2419
f 1534/5/2419 1582/5/2419 1581/5/2419
f 1583/5/2419 1537/5/2419 1539/5/2419
f 1584/5/2419 1583/5/2419 1539/5/2419
f 1547/5/2419 1533/5/2419 1588/5/2419
f 1533/5/2419 1581/5/2419 1588/5/2419
f 1584/5/2419 1539/5/2419 1541/5/2419
f 1585/5/2419 1584/5/2419 1541/5/2419
f 1545/5/2419 1547/5/2419 1587/5/2419
f 1547/5/2419 1588/5/2419 1587/5/2419
f 1585/5/2419 1541/5/2419 1543/5/2419
f 1545/5/2419 1587/5/2419 1586/5/2419
f 1586/5/2419 1585/5/2419 1543/5/2419
f 1582/5/3076 1583/5/3076 1590/5/3076
f 1583/5/3077 1584/5/3077 1591/5/3077
f 1584/5/2454 1585/5/2454 1592/5/2454
f 1585/5/3078 1586/5/3078 1593/5/3078
f 1587/5/3079 1594/5/3079 1593/5/3079
f 1587/5/2457 1588/5/2457 1595/5/2457
f 1581/5/3080 1596/5/3080 1595/5/3080
f 1582/5/3081 1589/5/3081 1596/5/3081
f 1549/5/2451 1556/5/2451 1598/5/2451
f 1555/5/2450 1599/5/2450 1598/5/2450
f 1554/5/2449 1600/5/2449 1599/5/2449
f 1553/5/2448 1601/5/2448 1600/5/2448
f 1552/5/2447 1602/5/2447 1601/5/2447
f 1551/5/2446 1603/5/2446 1602/5/2446
f 1550/5/2445 1604/5/2445 1603/5/2445
f 1549/5/2444 1597/5/2444 1604/5/2444
f 1623/2/3082 1631/2/3082 1590/2/3082
f 1652/6/3083 1640/6/3083 1653/6/3083
f 1655/6/3084 1652/6/3084 1654/6/3084
f 1655/6/3085 1654/6/3085 1644/6/3085
f 1653/6/3086 1640/6/3086 1661/6/3086
f 1651/6/3087 1653/6/3087 1661/6/3087
f 1656/6/3088 1655/6/3088 1657/6/3088
f 1655/6/3089 1644/6/3089 1657/6/3089
f 1651/6/3090 1661/6/3090 1660/6/3090
f 1650/6/3091 1651/6/3091 1660/6/3091
f 1658/6/3092 1656/6/3092 1657/6/3092
f 1658/6/3093 1657/6/3093 1647/6/3093
f 1650/6/3094 1660/6/3094 1659/6/3094
f 1658/6/3095 1647/6/3095 1659/6/3095
f 1647/6/3096 1649/6/3096 1659/6/3096
f 1702/4/3097 1701/4/3097 1700/4/3097
f 1700/4/3098 1699/4/3098 1702/4/3098
f 1607/5/3099 1606/5/3099 1614/5/3099
f 1608/5/3100 1607/5/3100 1615/5/3100
f 1609/5/3101 1608/5/3101 1616/5/3101
f 1609/5/3102 1617/5/3102 1618/5/3102
f 1610/5/3103 1618/5/3103 1619/5/3103
f 1611/5/3104 1619/5/3104 1620/5/3104
f 1613/5/3105 1612/5/3105 1620/5/3105
f 1613/5/3106 1621/5/3106 1614/5/3106
f 1591/2/2419 1592/2/2419 1623/2/2419
f 1633/2/3107 1626/2/3107 1637/2/3107
f 970/1/3108 958/1/3108 962/1/3108
f 1630/2/3109 1622/2/3109 1639/2/3109
f 1634/2/3110 1637/2/3110 1638/2/3110
f 1594/2/3111 1627/2/3111 1634/2/3111
f 1621/5/2417 1620/5/2417 1614/5/2417
f 1620/5/2417 1619/5/2417 1618/5/2417
f 1615/5/2417 1618/5/2417 1617/5/2417
f 1620/5/2417 1618/5/2417 1615/5/2417
f 1617/5/2417 1616/5/2417 1615/5/2417
f 1535/5/3112 1536/5/3112 1640/5/3112
f 1536/5/3113 1548/5/3113 1640/5/3113
f 1548/5/3114 1661/5/3114 1640/5/3114
f 1540/5/3115 1538/5/3115 1656/5/3115
f 1538/5/2417 1535/5/2417 1643/5/2417
f 1544/5/2417 1542/5/2417 1646/5/2417
f 1542/5/2417 1540/5/2417 1646/5/2417
f 1660/5/3116 1546/5/3116 1648/5/3116
f 1546/5/2417 1544/5/2417 1648/5/2417
f 1535/5/3117 1640/5/3117 1652/5/3117
f 1535/5/3118 1652/5/3118 1643/5/3118
f 1646/5/2417 1648/5/2417 1544/5/2417
f 1538/5/3119 1643/5/3119 1656/5/3119
f 1610/5/3120 1647/5/3120 1645/5/3120
f 1608/5/2417 1609/5/2417 1645/5/2417
f 1645/5/3121 1644/5/3121 1608/5/3121
f 1644/5/3122 1642/5/3122 1608/5/3122
f 1642/5/2417 1641/5/2417 1606/5/2417
f 1641/5/3123 1651/5/3123 1613/5/3123
f 1606/5/2417 1641/5/2417 1613/5/2417
f 1651/5/3124 1650/5/3124 1612/5/3124
f 1650/5/3125 1649/5/3125 1612/5/3125
f 1649/5/3126 1647/5/3126 1610/5/3126
f 1649/5/3127 1610/5/3127 1611/5/3127
f 1607/5/2417 1608/5/2417 1642/5/2417
f 1649/5/3128 1611/5/3128 1612/5/3128
f 1606/5/2417 1607/5/2417 1642/5/2417
f 1546/5/3129 1660/5/3129 1661/5/3129
f 1642/5/3130 1654/5/3130 1653/5/3130
f 1656/5/3131 1643/5/3131 1655/5/3131
f 1644/5/3132 1645/5/3132 1657/5/3132
f 1646/5/3133 1658/5/3133 1659/5/3133
f 1660/5/3134 1648/5/3134 1659/5/3134
f 1651/5/3135 1641/5/3135 1653/5/3135
f 1663/6/2444 1664/6/2444 1665/6/2444
f 1666/6/2445 1667/6/2445 1664/6/2445
f 1666/6/2446 1668/6/2446 1669/6/2446
f 1670/6/2447 1671/6/2447 1669/6/2447
f 1672/6/2448 1673/6/2448 1671/6/2448
f 1674/6/2449 1675/6/2449 1673/6/2449
f 1676/6/2450 1677/6/2450 1675/6/2450
f 1662/6/2451 1665/6/2451 1677/6/2451
f 1679/4/2419 1685/4/2419 1684/4/2419
f 1680/4/2518 1686/4/2518 1685/4/2518
f 1681/4/2519 1687/4/2519 1686/4/2519
f 1682/4/2417 1688/4/2417 1687/4/2417
f 1683/4/2520 1689/4/2520 1688/4/2520
f 1678/4/2521 1684/4/2521 1689/4/2521
f 1704/4/3136 1705/4/3136 1703/4/3136
f 1686/4/2526 1687/4/2526 1697/4/2526
f 1686/4/2526 1697/4/2526 1696/4/2526
f 1698/4/2526 1688/4/2526 1689/4/2526
f 1694/4/3137 1698/4/3137 1689/4/3137
f 1685/4/2526 1686/4/2526 1695/4/2526
f 1686/4/2526 1696/4/2526 1695/4/2526
f 1689/4/3138 1684/4/3138 1694/4/3138
f 1685/4/3139 1695/4/3139 1694/4/3139
f 1739/4/3140 1738/4/3140 1747/4/3140
f 1736/4/3141 1735/4/3141 1746/4/3141
f 1736/4/3142 1746/4/3142 1737/4/3142
f 1747/4/3143 1738/4/3143 1737/4/3143
f 1692/4/2525 1682/4/2525 1681/4/2525
f 1678/4/3144 1683/4/3144 1690/4/3144
f 1683/4/3145 1693/4/3145 1690/4/3145
f 1691/4/2525 1692/4/2525 1681/4/2525
f 1701/4/3146 1691/4/3146 1680/4/3146
f 1691/4/2525 1681/4/2525 1680/4/2525
f 1679/4/3147 1678/4/3147 1690/4/3147
f 1679/4/3148 1690/4/3148 1680/4/3148
f 1683/4/2525 1682/4/2525 1692/4/2525
f 1688/4/2526 1698/4/2526 1697/4/2526
f 1690/4/3149 1699/4/3149 1700/4/3149
f 1701/4/3150 1690/4/3150 1700/4/3150
f 1692/4/3151 1702/4/3151 1699/4/3151
f 1695/4/3152 1704/4/3152 1703/4/3152
f 1697/4/3153 1705/4/3153 1704/4/3153
f 1698/4/3154 1706/4/3154 1705/4/3154
f 1698/4/3155 1694/4/3155 1706/4/3155
f 1707/7/3156 1708/7/3156 1710/7/3156
f 1739/4/3157 1747/4/3157 1745/4/3157
f 1745/4/3158 1746/4/3158 1735/4/3158
f 1713/7/3159 1708/7/3159 1707/7/3159
f 1714/7/3160 1709/7/3160 1708/7/3160
f 1715/7/3161 1716/7/3161 1710/7/3161
f 1712/7/3162 1707/7/3162 1710/7/3162
f 1718/3/3163 1712/3/3163 1711/3/3163
f 1718/3/3164 1719/3/3164 1713/3/3164
f 1720/3/3165 1714/3/3165 1713/3/3165
f 1723/3/3166 1715/3/3166 1714/3/3166
f 1721/3/3167 1716/3/3167 1715/3/3167
f 1717/3/3168 1711/3/3168 1716/3/3168
f 1730/4/3169 1718/4/3169 1717/4/3169
f 1731/4/3170 1719/4/3170 1718/4/3170
f 1731/4/3171 1732/4/3171 1720/4/3171
f 1732/4/3172 1733/4/3172 1723/4/3172
f 1734/4/3173 1721/4/3173 1723/4/3173
f 1722/4/3174 1717/4/3174 1721/4/3174
f 1725/4/2554 1731/4/2554 1730/4/2554
f 1725/4/2526 1726/4/2526 1732/4/2526
f 1727/4/2555 1733/4/2555 1732/4/2555
f 1727/4/2556 1728/4/2556 1734/4/2556
f 1729/4/2525 1722/4/2525 1734/4/2525
f 1724/4/2557 1730/4/2557 1722/4/2557
f 1735/4/3175 1749/4/3175 1740/4/3175
f 1736/4/3176 1741/4/3176 1749/4/3176
f 1737/4/3177 1742/4/3177 1741/4/3177
f 1738/4/3178 1743/4/3178 1742/4/3178
f 1739/4/3179 1744/4/3179 1743/4/3179
f 1745/4/3180 1740/4/3180 1744/4/3180
f 1741/4/3181 1742/4/3181 1750/4/3181
f 1748/4/3182 1743/4/3182 1744/4/3182
f 1741/4/3183 1750/4/3183 1749/4/3183
f 1744/4/3138 1740/4/3138 1748/4/3138
f 1755/4/3184 1756/4/3184 1754/4/3184
f 1709/7/3185 1710/7/3185 1708/7/3185
f 1753/4/3186 1752/4/3186 1751/4/3186
f 1745/4/3187 1751/4/3187 1752/4/3187
f 1737/4/3188 1746/4/3188 1752/4/3188
f 1747/4/3189 1753/4/3189 1751/4/3189
f 1749/4/3190 1755/4/3190 1754/4/3190
f 1749/4/3191 1750/4/3191 1755/4/3191
f 1743/4/3192 1757/4/3192 1756/4/3192
f 1743/4/3193 1748/4/3193 1757/4/3193
f 1759/7/3194 1758/7/3194 1760/7/3194
f 1763/7/3195 1759/7/3195 1760/7/3195
f 1764/7/3196 1758/7/3196 1759/7/3196
f 1766/7/3197 1761/7/3197 1760/7/3197
f 1773/3/3198 1762/3/3198 1761/3/3198
f 1773/3/3199 1774/3/3199 1763/3/3199
f 1774/3/3200 1775/3/3200 1764/3/3200
f 1776/3/3201 1765/3/3201 1764/3/3201
f 1777/3/3202 1766/3/3202 1765/3/3202
f 1767/3/3203 1761/3/3203 1766/3/3203
f 1768/4/3204 1774/4/3204 1773/4/3204
f 1769/4/3205 1775/4/3205 1774/4/3205
f 1770/4/2587 1776/4/2587 1775/4/2587
f 1771/4/2588 1777/4/2588 1776/4/2588
f 1771/4/3206 1772/4/3206 1767/4/3206
f 1772/4/3207 1773/4/3207 1767/4/3207
f 1787/4/3208 1791/4/3208 1783/4/3208
f 1779/4/3209 1784/4/3209 1791/4/3209
f 1780/4/2519 1785/4/2519 1784/4/2519
f 1781/4/3178 1793/4/3178 1785/4/3178
f 1782/4/3179 1786/4/3179 1793/4/3179
f 1778/4/2521 1783/4/2521 1786/4/2521
f 1799/4/3210 1800/4/3210 1798/4/3210
f 1297/2/3211 1291/2/3211 1296/2/3211
f 1781/4/3212 1780/4/3212 1797/4/3212
f 1780/4/3213 1788/4/3213 1797/4/3213
f 1789/4/3214 1787/4/3214 1778/4/3214
f 1782/4/3215 1781/4/3215 1797/4/3215
f 1789/4/3216 1778/4/3216 1782/4/3216
f 1794/4/3217 1797/4/3217 1795/4/3217
f 1788/4/3218 1780/4/3218 1779/4/3218
f 1786/4/3182 1790/4/3182 1793/4/3182
f 1784/4/3219 1785/4/3219 1792/4/3219
f 175/1/3220 195/1/3220 180/1/3220
f 1786/4/3138 1783/4/3138 1790/4/3138
f 1784/4/3221 1792/4/3221 1791/4/3221
f 1789/4/3222 1794/4/3222 1795/4/3222
f 1787/4/3223 1795/4/3223 1796/4/3223
f 1788/4/3224 1796/4/3224 1797/4/3224
f 1791/4/3225 1799/4/3225 1798/4/3225
f 1792/4/3226 1800/4/3226 1799/4/3226
f 1793/4/3227 1790/4/3227 1800/4/3227
f 1807/7/3228 1802/7/3228 1801/7/3228
f 1809/7/3229 1803/7/3229 1802/7/3229
f 1809/7/3230 1804/7/3230 1803/7/3230
f 1805/7/3231 1801/7/3231 1803/7/3231
f 1816/3/3198 1805/3/3198 1804/3/3198
f 1816/3/3199 1817/3/3199 1806/3/3199
f 1817/3/3200 1818/3/3200 1807/3/3200
f 1819/3/3201 1808/3/3201 1807/3/3201
f 1820/3/3202 1809/3/3202 1808/3/3202
f 1810/3/3203 1804/3/3203 1809/3/3203
f 1811/4/3204 1817/4/3204 1816/4/3204
f 1812/4/3205 1818/4/3205 1817/4/3205
f 1813/4/2587 1819/4/2587 1818/4/2587
f 1814/4/2588 1820/4/2588 1819/4/2588
f 1814/4/3206 1815/4/3206 1810/4/3206
f 1815/4/3232 1816/4/3232 1810/4/3232
