# Blender 5.2.2 LTS
# www.blender.org
mtllib ruins_kr_collar.mtl
o piece
v 3.943187 1.056574 0.359616
v 3.665935 1.807835 0.359618
v 3.238697 2.485139 0.359616
v 2.706805 3.063913 0.358342
v 1.818136 3.666782 0.360702
v 1.056574 3.943187 0.359616
v 0.282265 4.078563 0.358342
v -0.532845 4.047362 0.359616
v -1.337926 3.865814 0.359195
v -2.300028 3.383496 0.358328
v -3.073117 2.695050 0.359618
v -3.666782 1.818135 0.360702
v -4.010460 0.797730 0.357207
v -4.018397 -0.759887 0.360688
v -3.771540 -1.562222 0.359616
v -3.387807 -2.292883 0.359195
v -2.678928 -3.091584 0.359195
v -2.041143 -3.535362 0.359616
v -1.269689 -3.888150 0.359618
v -0.228880 -4.083203 0.360688
v 0.532845 -4.047359 0.359616
v 1.359644 -3.857613 0.359618
v 2.270867 -3.398600 0.359618
v 3.077640 -2.699021 0.359618
v 3.684796 -1.774034 0.360688
v 4.016852 -0.774223 0.359195
v 4.080365 0.291832 0.359195
v 3.801613 0.710380 0.239373
v 3.471354 1.711879 0.239371
v 2.898547 2.556423 0.237707
v 2.349780 3.062293 0.239417
v 1.699608 3.471053 0.237707
v 0.782346 3.787663 0.238703
v 0.000000 3.859935 0.239418
v -0.726685 3.798734 0.238703
v -1.675708 3.485605 0.240710
v -2.552001 2.910003 0.239371
v -3.213472 2.147179 0.239372
v -3.566115 1.477134 0.239418
v -3.790551 0.753988 0.239372
v -3.862219 -0.253142 0.239371
v -3.656208 -1.252599 0.237708
v -3.214762 -2.155498 0.240727
v -2.540066 -2.912888 0.237708
v -1.745203 -3.451331 0.240710
v -0.798492 -3.784083 0.239373
v 0.208110 -3.861808 0.239373
v 1.200524 -3.676358 0.239373
v 2.120284 -3.234534 0.237689
v 2.729383 -2.729383 0.239418
v 3.213466 -2.147168 0.236298
v 3.653140 -1.270035 0.238703
v 3.856470 -0.291601 0.240710
v 4.080508 0.252544 -0.796184
v 3.943187 1.056573 -0.797458
v 3.673270 1.794837 -0.796185
v 3.238697 2.485139 -0.797458
v 2.695051 3.073117 -0.797461
v 2.041144 3.535364 -0.797458
v 1.359648 3.857616 -0.797461
v 0.532846 4.047362 -0.797458
v -0.291799 4.080369 -0.797037
v -1.056573 3.943186 -0.797458
v -1.807837 3.665933 -0.797461
v -2.485138 3.238696 -0.797458
v -3.063912 2.706805 -0.796184
v -3.666782 1.818135 -0.798544
v -3.943186 1.056574 -0.797458
v -4.078563 0.282261 -0.796185
v -4.020615 -0.751325 -0.797460
v -3.671333 -1.810502 -0.797461
v -3.049102 -2.725420 -0.798530
v -2.252473 -3.414807 -0.797037
v -1.328251 -3.866533 -0.796184
v -0.532845 -4.047359 -0.797458
v 0.243297 -4.083545 -0.797037
v 1.323972 -3.872721 -0.798544
v 2.270867 -3.398599 -0.797460
v 3.054332 -2.721984 -0.796171
v 3.650594 -1.843387 -0.798530
v 4.012403 -0.807150 -0.798544
v 3.826913 0.503822 -0.677260
v 3.649601 1.279787 -0.678552
v 3.342803 1.929968 -0.677260
v 2.877867 2.583560 -0.677216
v 2.111131 3.240374 -0.677216
v 1.200534 3.676359 -0.677216
v 0.214274 3.861544 -0.678552
v -0.743318 3.792670 -0.675550
v -1.711879 3.471354 -0.677214
v -2.556423 2.898546 -0.675550
v -3.062292 2.349780 -0.677260
v -3.488210 1.670116 -0.677216
v -3.790550 0.753991 -0.677215
v -3.859934 0.000001 -0.677260
v -3.784086 -0.798488 -0.677216
v -3.451332 -1.745203 -0.678552
v -2.905716 -2.548240 -0.674140
v -2.145183 -3.221654 -0.678569
v -1.200530 -3.676357 -0.677215
v -0.214273 -3.861541 -0.678552
v 0.503822 -3.826910 -0.677260
v 1.270036 -3.653140 -0.676545
v 2.176918 -3.196692 -0.675531
v 2.933125 -2.520750 -0.678552
v 3.342798 -1.929965 -0.677260
v 3.676356 -1.200527 -0.677215
v 3.861538 -0.214281 -0.678552
v 3.758223 0.976978 -0.090288
v 3.846019 0.535597 -0.347554
v 3.584562 1.484774 -0.082654
v 3.351018 1.963012 -0.091627
v 3.057993 2.383049 -0.075021
v 2.743505 2.743504 -0.082655
v 2.344724 3.095967 -0.091627
v 1.936623 3.354329 -0.066392
v 1.512772 3.576345 -0.090289
v 1.004193 3.747696 -0.082655
v 0.506429 3.846707 -0.082655
v 0.000001 3.879900 -0.082654
v -0.506428 3.846707 -0.082655
v -1.004190 3.747697 -0.082655
v -1.460725 3.590549 -0.073682
v -1.916388 3.377304 -0.090288
v -2.361933 3.078134 -0.082655
v -2.763432 2.728770 -0.091628
v -3.072853 2.357883 -0.066392
v -3.332754 1.987303 -0.082655
v -3.578573 1.508824 -0.091627
v -3.728410 0.999025 -0.033865
v -3.826912 0.503823 -0.403977
v -3.839867 0.530251 -0.073682
v -3.883024 0.029012 -0.090289
v -3.847148 -0.531207 -0.091627
v -3.737169 -1.031407 -0.075021
v -3.584560 -1.484773 -0.082654
v -3.351015 -1.963012 -0.091627
v -3.044848 -2.405308 -0.082654
v -2.720779 -2.761808 -0.075020
v -2.379144 -3.060296 -0.073682
v -1.987301 -3.332752 -0.082655
v -1.512772 -3.576343 -0.090288
v -1.004192 -3.747693 -0.082654
v -0.506428 -3.846704 -0.082654
v -0.000000 -3.879897 -0.082654
v 0.506428 -3.846704 -0.082654
v 1.004191 -3.747693 -0.082654
v 1.484772 -3.584558 -0.082654
v 1.939949 -3.360090 -0.082654
v 2.361931 -3.078130 -0.082654
v 2.743501 -2.743501 -0.082655
v 3.057989 -2.383047 -0.075021
v 3.332751 -1.987299 -0.082654
v 3.576341 -1.512770 -0.090287
v 3.747692 -1.004192 -0.082654
v 3.846703 -0.506428 -0.082655
v 3.879897 0.000001 -0.082655
v 3.737806 1.026918 -0.364160
v 3.846267 0.481650 -0.073682
v 3.584561 1.484774 -0.355188
v 3.360093 1.939950 -0.355188
v 3.078133 2.361933 -0.355188
v 2.743506 2.743503 -0.355188
v 2.361933 3.078133 -0.355188
v 1.916387 3.377304 -0.347554
v 1.460725 3.590548 -0.364161
v 1.004192 3.747696 -0.355188
v 0.506429 3.846707 -0.355188
v 0.000000 3.879900 -0.355188
v -0.506428 3.846708 -0.355188
v -0.975359 3.752187 -0.362822
v -1.487321 3.590710 -0.338925
v -1.959340 3.344658 -0.364161
v -2.361933 3.078133 -0.355188
v -2.720781 2.761810 -0.362821
v -3.083413 2.365985 -0.338925
v -3.387431 1.892599 -0.355188
v -3.605484 1.434261 -0.355188
v -3.750493 0.979568 -0.364160
v -3.766981 1.009360 -0.131444
v -3.866501 0.509035 -0.306399
v -3.879899 -0.000000 -0.355188
v -3.846707 -0.506428 -0.355188
v -3.747696 -1.004191 -0.355188
v -3.584560 -1.484773 -0.355187
v -3.360091 -1.939949 -0.355187
v -3.078131 -2.361932 -0.355188
v -2.761810 -2.720778 -0.362822
v -2.365984 -3.083410 -0.338924
v -1.892599 -3.387429 -0.355187
v -1.460724 -3.590546 -0.364160
v -1.004192 -3.747693 -0.355187
v -0.506428 -3.846704 -0.355187
v -0.000001 -3.879897 -0.355188
v 0.506428 -3.846704 -0.355188
v 1.004191 -3.747693 -0.355188
v 1.484772 -3.584558 -0.355188
v 1.939948 -3.360090 -0.355187
v 2.361931 -3.078129 -0.355188
v 2.766225 -2.725195 -0.347554
v 3.111414 -2.318553 -0.355188
v 3.387428 -1.892597 -0.355188
v 3.590544 -1.460722 -0.364161
v 3.747692 -1.004191 -0.355188
v 3.846703 -0.506428 -0.355188
v 3.879896 0.000000 -0.355188
v 4.091665 0.538678 0.291153
v 3.986349 1.068139 0.291153
v 4.091665 0.538678 -0.728995
v 3.986348 1.068139 -0.728995
v 3.812825 1.579323 0.291153
v 3.812825 1.579323 -0.728995
v 3.574063 2.063485 0.291153
v 3.574063 2.063485 -0.728995
v 3.274148 2.512341 0.291153
v 3.274147 2.512341 -0.728995
v 2.918210 2.918209 0.291153
v 2.918210 2.918209 -0.728995
v 2.512342 3.274147 0.291153
v 2.512341 3.274147 -0.728995
v 2.063486 3.574062 0.291153
v 2.063486 3.574062 -0.728995
v 1.579324 3.812825 0.291153
v 1.579324 3.812825 -0.728995
v 1.068139 3.986348 0.291153
v 1.068139 3.986348 -0.728995
v 0.538678 4.091665 0.291153
v 0.538678 4.091665 -0.728995
v 0.000000 4.126971 0.291153
v 0.000000 4.126971 -0.728995
v -0.538677 4.091665 0.291153
v -0.538677 4.091665 -0.728995
v -1.068138 3.986348 0.291153
v -1.068138 3.986348 -0.728995
v -1.579323 3.812825 0.291153
v -1.579323 3.812825 -0.728995
v -2.063485 3.574062 0.291153
v -2.063485 3.574062 -0.728995
v -2.512341 3.274147 0.291153
v -2.512341 3.274147 -0.728995
v -2.918209 2.918210 0.291153
v -2.918209 2.918210 -0.728995
v -3.274146 2.512342 0.291153
v -3.274146 2.512341 -0.728995
v -3.574061 2.063486 0.291153
v -3.574061 2.063486 -0.728995
v -3.912858 1.328239 0.291343
v -3.812824 1.579324 -0.728995
v -3.986348 1.068139 -0.728995
v -4.091664 0.538679 0.291153
v -4.091663 0.538678 -0.728995
v -4.096395 0.011895 0.354437
v -4.126970 0.000001 -0.728995
v -4.091663 -0.538677 0.291153
v -4.091663 -0.538677 -0.728995
v -3.986347 -1.068138 0.291153
v -3.986347 -1.068138 -0.728995
v -3.812823 -1.579322 0.291153
v -3.574061 -2.063484 0.291153
v -3.706013 -1.827603 -0.729185
v -3.274145 -2.512339 0.291153
v -3.274145 -2.512339 -0.728995
v -2.918208 -2.918207 0.291153
v -2.918208 -2.918207 -0.728995
v -2.512341 -3.274144 0.291153
v -2.512340 -3.274144 -0.728995
v -2.063485 -3.574060 0.291153
v -2.063485 -3.574060 -0.728995
v -1.579323 -3.812822 0.291153
v -1.579323 -3.812822 -0.728995
v -1.068138 -3.986345 0.291153
v -1.068138 -3.986345 -0.728995
v -0.538678 -4.091661 0.291153
v -0.538678 -4.091661 -0.728995
v -0.000000 -4.126969 0.291153
v -0.000000 -4.126968 -0.728995
v 0.538677 -4.091661 0.291153
v 0.538677 -4.091661 -0.728995
v 1.068138 -3.986345 0.291153
v 1.068138 -3.986345 -0.728995
v 1.579322 -3.812821 0.291153
v 1.579322 -3.812821 -0.728995
v 2.063483 -3.574059 0.291153
v 2.063483 -3.574059 -0.728995
v 2.512338 -3.274144 0.291153
v 2.512338 -3.274143 -0.728995
v 2.918207 -2.918207 0.291153
v 2.918206 -2.918206 -0.728995
v 3.274143 -2.512338 0.291153
v 3.274143 -2.512338 -0.728995
v 3.574059 -2.063483 0.291153
v 3.812820 -1.579322 0.291153
v 3.716542 -1.806222 -0.733834
v 3.986343 -1.068138 0.291153
v 3.986343 -1.068138 -0.728995
v 4.124846 -0.246495 0.295992
v 4.091660 -0.538677 -0.728995
v 4.126966 0.000000 -0.728995
v 4.121982 0.513113 -0.012671
v 3.986349 1.068139 0.035812
v 4.091665 0.538678 -0.473654
v 3.986348 1.068139 -0.473654
v 3.812825 1.579323 0.035812
v 3.812825 1.579323 -0.473654
v 3.574063 2.063485 0.035812
v 3.604698 2.047332 -0.440170
v 3.298040 2.530673 -0.419010
v 2.918210 2.918209 0.035812
v 2.918210 2.918209 -0.473654
v 2.512342 3.274147 0.035812
v 2.512341 3.274147 -0.473654
v 2.063486 3.574062 0.035811
v 2.098095 3.575389 -0.440170
v 1.579324 3.812825 0.035811
v 1.647998 3.808827 -0.432671
v 1.068139 3.986348 0.035811
v 1.068139 3.986348 -0.473654
v 0.606050 4.105577 -0.432671
v 0.000000 4.126971 0.035811
v 0.000000 4.126971 -0.473654
v -0.477204 4.122540 -0.432671
v -1.068138 3.986348 0.035811
v -1.011219 4.024983 -0.432671
v -1.579323 3.812825 -0.473654
v -2.063485 3.574062 0.035811
v -2.063485 3.574062 -0.473654
v -2.512341 3.274147 0.035812
v -2.500324 3.306628 -0.440170
v -2.918209 2.918210 0.035812
v -2.918209 2.918210 -0.473654
v -3.277504 2.551857 -0.425171
v -3.574061 2.063486 -0.473654
v -3.840647 1.590850 -0.419010
v -3.986348 1.068139 0.035812
v -4.011758 1.044608 -0.440170
v -4.091663 0.538678 -0.473654
v -4.126970 0.000001 0.035812
v -4.126970 0.000001 -0.473654
v -4.091663 -0.538677 -0.473654
v -3.986347 -1.068138 0.035812
v -3.991347 -1.136748 -0.432670
v -3.812823 -1.579322 0.035812
v -3.826735 -1.585085 -0.446331
v -3.626111 -2.018504 -0.432671
v -3.274145 -2.512339 0.035812
v -3.331622 -2.474537 -0.432671
v -2.918208 -2.918207 -0.473654
v -2.512341 -3.274144 0.035812
v -2.546826 -3.270943 -0.440170
v -2.102226 -3.582546 -0.425171
v -1.579323 -3.812822 0.035812
v -1.579323 -3.812822 -0.473654
v -1.136750 -3.991345 -0.432670
v -0.538678 -4.091661 0.035812
v -0.606046 -4.105574 -0.432670
v -0.000000 -4.126968 -0.473654
v 0.538677 -4.091661 0.035812
v 0.538677 -4.091661 -0.473654
v 1.068138 -3.986345 0.035812
v 1.044603 -4.011755 -0.440170
v 1.579322 -3.812821 0.035812
v 1.579322 -3.812821 -0.473654
v 2.063483 -3.574059 0.035812
v 2.063483 -3.574059 -0.473654
v 2.512338 -3.274144 0.035812
v 2.512338 -3.274143 -0.473654
v 2.888230 -2.980125 -0.432670
v 3.274143 -2.512338 0.035812
v 3.277501 -2.551855 -0.425171
v 3.574059 -2.063483 -0.473654
v 3.812820 -1.579322 -0.473654
v 3.986343 -1.068138 0.035812
v 3.996583 -1.101222 -0.440170
v 4.091660 -0.538677 -0.473654
v 4.126966 0.000000 0.035812
v 4.126966 0.000000 -0.473654
v 4.029983 1.079830 -0.046155
v 4.136452 0.544574 -0.391687
v 4.029983 1.079830 -0.391688
v 3.854560 1.596611 -0.046155
v 3.854560 1.596611 -0.391688
v 3.613184 2.086072 -0.046155
v 3.270947 2.546826 0.002328
v 2.950153 2.950151 -0.046155
v 2.950153 2.950151 -0.391688
v 2.539842 3.309985 -0.046155
v 2.539841 3.309985 -0.391688
v 2.086073 3.613183 -0.046155
v 1.596611 3.854560 -0.046155
v 1.079831 4.029983 -0.046155
v 1.079831 4.029982 -0.391688
v 0.477205 4.122540 -0.005172
v 0.000000 4.172144 -0.046155
v 0.000000 4.172144 -0.391688
v -0.606048 4.105577 -0.005171
v -1.079830 4.029983 -0.046155
v -1.613463 3.818658 0.002328
v -1.596610 3.854559 -0.391688
v -2.086072 3.613183 -0.046155
v -2.086072 3.613183 -0.391688
v -2.539841 3.309986 -0.046155
v -2.950151 2.950152 -0.046155
v -2.950151 2.950152 -0.391688
v -3.331621 2.474541 -0.005171
v -3.626112 2.018506 -0.005172
v -3.613183 2.086072 -0.391688
v -3.841089 1.559310 0.002328
v -4.029982 1.079831 -0.046155
v -4.121981 0.513110 -0.012671
v -4.136451 0.544575 -0.391687
v -4.172144 0.000001 -0.046155
v -4.172144 0.000001 -0.391687
v -4.114058 -0.541625 -0.005172
v -4.136450 -0.544573 -0.391687
v -4.029982 -1.079829 -0.046155
v -3.854558 -1.596609 -0.046155
v -3.561132 -2.131051 -0.005172
v -3.309984 -2.539839 -0.046155
v -2.910533 -2.951979 0.002328
v -2.950150 -2.950150 -0.391687
v -2.539840 -3.309983 -0.046155
v -2.018507 -3.626109 -0.005172
v -1.596610 -3.854557 -0.046155
v -1.596610 -3.854557 -0.391687
v -1.011220 -4.024981 -0.005172
v -0.544574 -4.136449 -0.046155
v 0.029307 -4.145422 0.002328
v -0.000000 -4.172142 -0.391687
v 0.544573 -4.136448 -0.046155
v 0.544573 -4.136448 -0.391687
v 1.079829 -4.029979 -0.046155
v 1.596609 -3.854556 -0.046155
v 1.596609 -3.854556 -0.391687
v 2.086070 -3.613181 -0.046155
v 2.086070 -3.613181 -0.391687
v 2.539838 -3.309983 -0.046155
v 2.539838 -3.309983 -0.391687
v 2.980124 -2.888232 -0.005171
v 3.309982 -2.539838 -0.046155
v 3.626109 -2.018503 -0.005171
v 3.613180 -2.086070 -0.391687
v 3.841085 -1.559307 0.002328
v 3.854555 -1.596609 -0.391687
v 4.029978 -1.079829 -0.046155
v 4.113782 -0.512027 0.002328
v 4.136447 -0.544573 -0.391687
v 4.172140 0.000000 -0.046155
v 4.172140 0.000000 -0.391687
v -3.217595 -3.926408 -0.517681
v -3.218955 -3.923003 -0.220187
v -2.854153 -4.139150 -0.219923
v -2.851781 -4.143569 -0.519009
v -0.407659 4.095450 -0.105133
v -0.335515 4.095451 -0.222196
v -0.407659 4.095450 -0.339257
v -0.460289 4.095449 -0.222196
v -0.388149 4.187146 -0.105133
v -0.335515 4.187145 -0.222196
v -0.388149 4.187146 -0.339257
v -0.460289 4.187143 -0.222196
v -3.347812 -2.392318 -0.106756
v -3.379005 -2.338290 -0.222195
v -3.352689 -2.383870 -0.339256
v -3.316617 -2.446347 -0.222195
v -3.411624 -2.465180 -0.111947
v -3.442819 -2.411152 -0.111947
v -3.452036 -2.395188 -0.312387
v -3.403046 -2.480040 -0.321410
v -3.740836 -1.711578 -0.105132
v -3.720901 -1.746109 -0.312387
v -3.761310 -1.676116 -0.332442
v -3.776909 -1.649102 -0.222195
v -3.830003 -1.740529 -0.105132
v -3.793931 -1.803006 -0.222195
v -3.809528 -1.775992 -0.332442
v -3.849940 -1.705999 -0.312387
v 3.744034 -2.480650 0.830404
v 3.701291 -2.321135 0.830404
v 3.744034 -2.161618 0.830404
v 3.860808 -2.044844 0.830404
v 4.020323 -2.002103 0.830404
v 4.179838 -2.044844 0.830404
v 4.296612 -2.161618 0.830404
v 4.339355 -2.321135 0.830404
v 4.296612 -2.480650 0.830404
v 4.179838 -2.597424 0.830404
v 4.020323 -2.640165 0.830404
v 3.860806 -2.597424 0.830404
v 3.748281 -2.321135 1.118842
v 3.824955 -2.125760 1.119003
v 4.093590 -2.047719 1.119049
v 4.293455 -2.262528 1.119074
v 4.255918 -2.457155 1.118842
v 4.078930 -2.594266 1.119074
v 3.824949 -2.516505 1.118980
v 3.884371 -2.198243 1.118431
v 4.048159 -2.162647 1.097327
v 4.156275 -2.198243 1.118431
v 4.195462 -2.368062 1.118499
v 3.964013 -2.495593 1.118489
v 4.134399 -2.442088 1.100735
v 4.162373 -2.275282 1.083676
v 3.920324 -2.210512 1.083526
v 3.846503 -2.351665 1.113411
v 3.952539 -2.460894 1.082829
v 4.020323 2.002103 0.830404
v 3.860808 2.044844 0.830404
v 3.744034 2.161618 0.830404
v 3.701291 2.321135 0.830404
v 3.744034 2.480650 0.830404
v 3.860808 2.597424 0.830404
v 4.020323 2.640165 0.830404
v 4.179840 2.597424 0.830404
v 4.296612 2.480650 0.830404
v 4.339355 2.321135 0.830404
v 4.296612 2.161618 0.830404
v 4.179838 2.044844 0.830404
v 3.948809 2.054255 1.119003
v 3.784728 2.185114 1.118842
v 3.753447 2.392643 1.119035
v 3.934511 2.586984 1.119035
v 4.156344 2.556730 1.118842
v 4.287205 2.392643 1.119003
v 4.220467 2.120987 1.119131
v 3.857864 2.227338 1.117683
v 3.884372 2.444026 1.118431
v 4.156214 2.443973 1.118349
v 4.194781 2.264828 1.118489
v 4.058775 2.141951 1.118431
v 4.166027 2.352396 1.083426
v 4.065569 2.489987 1.109275
v 3.943970 2.453386 1.082985
v 3.874588 2.282082 1.083301
v 3.982159 2.178691 1.083509
v 4.120414 2.210400 1.083676
v 0.276289 4.482753 0.830403
v 0.159515 4.365980 0.830403
v 0.000000 4.323236 0.830403
v -0.159517 4.365980 0.830403
v -0.276288 4.482753 0.830403
v -0.319032 4.642268 0.830403
v -0.276288 4.801783 0.830404
v -0.159515 4.918559 0.830404
v 0.000000 4.961300 0.830404
v 0.159517 4.918559 0.830404
v 0.276289 4.801783 0.830404
v 0.319032 4.642268 0.830403
v 0.195366 4.446900 1.119035
v -0.073263 4.368851 1.119049
v -0.266878 4.570766 1.119035
v -0.207241 4.829597 1.119007
v 0.073260 4.915672 1.119131
v 0.273142 4.700876 1.119007
v 0.048034 4.462998 1.118328
v -0.135955 4.519379 1.118431
v -0.175140 4.689195 1.118499
v -0.048054 4.821607 1.118401
v 0.135895 4.765104 1.118349
v 0.175140 4.595335 1.118499
v 0.128582 4.729411 1.082829
v -0.075974 4.773872 1.082239
v -0.145735 4.603219 1.083301
v -0.038186 4.499748 1.083593
v 0.106835 4.535439 1.083509
v -3.744033 2.480650 0.830404
v -3.701290 2.321135 0.830404
v -3.744033 2.161618 0.830404
v -3.860808 2.044844 0.830404
v -4.020323 2.002103 0.830404
v -4.179837 2.044844 0.830404
v -4.296611 2.161618 0.830404
v -4.339355 2.321135 0.830404
v -4.296611 2.480650 0.830404
v -4.179837 2.597424 0.830404
v -4.020323 2.640165 0.830404
v -3.860805 2.597424 0.830404
v -3.753442 2.392645 1.119003
v -3.813084 2.133806 1.119035
v -4.020323 2.049092 1.118842
v -4.227564 2.133802 1.119007
v -4.286172 2.406945 1.119035
v -4.091829 2.588011 1.119035
v -3.884301 2.556728 1.118842
v -3.841138 2.359585 1.118431
v -3.892114 2.192921 1.118499
v -4.148485 2.192968 1.118431
v -4.199505 2.359583 1.118431
v -4.109740 2.476011 1.118842
v -3.964031 2.495539 1.118431
v -4.096724 2.453467 1.083078
v -4.166186 2.289838 1.083593
v -4.066133 2.179226 1.083526
v -3.975075 2.152282 1.109275
v -3.874522 2.289846 1.083526
v -3.920499 2.431563 1.083260
v -4.020323 -2.002103 0.830404
v -3.860808 -2.044844 0.830404
v -3.744033 -2.161618 0.830404
v -3.701290 -2.321135 0.830404
v -3.744033 -2.480650 0.830404
v -3.860808 -2.597424 0.830404
v -4.020323 -2.640165 0.830404
v -4.179840 -2.597424 0.830404
v -4.296611 -2.480650 0.830404
v -4.339355 -2.321135 0.830404
v -4.296611 -2.161618 0.830404
v -4.179837 -2.044844 0.830404
v -3.948808 -2.054251 1.118980
v -3.784728 -2.185113 1.118842
v -3.753447 -2.392642 1.119035
v -3.934507 -2.586981 1.119035
v -4.156344 -2.556730 1.118842
v -4.293460 -2.379742 1.119035
v -4.207647 -2.113894 1.119035
v -3.857764 -2.227279 1.117799
v -3.884368 -2.444024 1.118431
v -4.156213 -2.443973 1.118349
v -4.194781 -2.264827 1.118489
v -4.058757 -2.142029 1.118349
v -4.166122 -2.352417 1.083526
v -4.065568 -2.489987 1.109275
v -3.982122 -2.463707 1.083649
v -3.874587 -2.360184 1.083302
v -3.944028 -2.188985 1.082868
v -4.120359 -2.210460 1.083593
v -4.867544 -1.230365 -0.087098
v -4.865014 -1.230731 0.210990
v -4.723132 -1.630343 0.209809
v -4.718403 -1.628429 -0.088526
v -3.499301 3.600235 -0.087098
v -3.498353 3.597861 0.210989
v -3.773485 3.275181 0.209809
v -3.769464 3.272043 -0.088527
v 1.368243 4.830603 -0.087098
v 1.366664 4.828593 0.210990
v 0.949650 4.905526 0.209808
v 0.948942 4.900474 -0.088527
v 4.867544 1.230366 -0.087098
v 4.865015 1.230732 0.210990
v 4.723133 1.630343 0.209809
v 4.718404 1.628430 -0.088527
v 3.499302 -3.600235 -0.087099
v 3.498353 -3.597860 0.210989
v 3.773485 -3.275181 0.209809
v 3.769465 -3.272043 -0.088527
v -1.368243 -4.830601 -0.087098
v -1.366663 -4.828593 0.210989
v -0.949648 -4.905525 0.209809
v -0.948941 -4.900472 -0.088526
v 3.217595 3.926408 -0.517681
v 3.218955 3.923003 -0.220187
v 2.854154 4.139151 -0.219924
v 2.851781 4.143569 -0.519009
v 5.009164 -0.823314 -0.517681
v 5.006897 -0.826194 -0.220186
v 5.011685 -0.402193 -0.219923
v 5.014326 -0.397930 -0.519009
v 1.791572 -4.749722 -0.517681
v 1.787943 -4.749199 -0.220186
v 2.157531 -4.541345 -0.219923
v 2.162546 -4.541499 -0.519009
v -5.009166 0.823314 -0.517681
v -5.006898 0.826196 -0.220186
v -5.011684 0.402194 -0.219923
v -5.014326 0.397929 -0.519009
v -1.791572 4.749722 -0.517681
v -1.787943 4.749198 -0.220187
v -2.157531 4.541345 -0.219923
v -2.162545 4.541499 -0.519009
v -0.276288 -4.482753 0.830404
v -0.159517 -4.365980 0.830404
v 0.000000 -4.323236 0.830404
v 0.159517 -4.365980 0.830404
v 0.276289 -4.482753 0.830404
v 0.319032 -4.642268 0.830404
v 0.276289 -4.801785 0.830404
v 0.159515 -4.918559 0.830404
v 0.000000 -4.961300 0.830404
v -0.159517 -4.918559 0.830404
v -0.276288 -4.801783 0.830404
v -0.319032 -4.642268 0.830404
v -0.195371 -4.446894 1.118980
v 0.000000 -4.370227 1.118842
v 0.195369 -4.446897 1.119003
v 0.273418 -4.715530 1.119049
v 0.058611 -4.915400 1.119074
v -0.195371 -4.837638 1.119003
v -0.272041 -4.642268 1.118842
v -0.128168 -4.514106 1.118431
v 0.048053 -4.462928 1.118402
v 0.131235 -4.773503 1.118328
v -0.056312 -4.816726 1.118489
v -0.179184 -4.680718 1.118431
v -0.031234 -4.787814 1.083260
v 0.104397 -4.746665 1.083688
v 0.172961 -4.611888 1.112508
v 0.099928 -4.531717 1.083426
v -0.086876 -4.514081 1.082363
v -0.142049 -4.688118 1.083677
v 0.407659 -4.095449 -0.105132
v 0.335516 -4.095449 -0.222195
v 0.397904 -4.095449 -0.337633
v 0.460290 -4.095449 -0.222195
v 0.446254 -4.187145 -0.122978
v 0.348276 -4.187145 -0.132004
v 0.366711 -4.187145 -0.332442
v 0.429097 -4.187145 -0.332442
v 0.201229 -4.982031 0.789350
v 0.325526 -4.857737 0.789350
v 0.201946 -4.972414 0.982791
v 0.316008 -4.846002 0.982457
v 0.201229 -4.306253 0.789350
v 0.325526 -4.430550 0.789350
v -0.213821 -4.972188 0.983554
v -0.340638 -4.858451 0.982791
v -0.225955 -4.982031 0.789350
v -0.350255 -4.857734 0.789350
v -0.340212 -4.435752 0.984229
v -0.225955 -4.306253 0.789350
v -0.350255 -4.430550 0.789350
v 0.315578 -4.429809 0.983911
v 0.189095 -4.316095 0.983554
v -0.221129 -4.315569 0.981777
v 0.232665 -4.889170 1.022174
v 0.271558 -4.464665 1.020829
v 0.167114 -4.360221 1.020829
v -0.191840 -4.360221 1.020829
v -0.296286 -4.464665 1.020829
v -0.296286 -4.823619 1.020829
v -0.191840 -4.928063 1.020829
v 0.164702 -4.839022 1.020191
v 0.200576 -4.509535 1.020829
v 0.122243 -4.431201 1.020829
v -0.207204 -4.467109 1.020085
v -0.196006 -4.827785 1.020102
v 0.156450 -4.797529 0.947954
v 0.146738 -4.485038 0.947939
v -0.165749 -4.475327 0.947954
v -0.176463 -4.808242 0.947476
v -2.170411 -4.527365 -0.440878
v -2.201104 -4.535804 -0.451536
v -2.205842 -4.506962 -0.439755
v -2.186594 -4.511883 -0.492671
v -2.198123 -4.537523 -0.497292
v -2.210128 -4.504495 -0.439619
v -2.240822 -4.512935 -0.450280
v -2.245557 -4.484094 -0.438501
v -2.226303 -4.489016 -0.491418
v -2.237841 -4.514654 -0.496034
v -0.552201 -4.375563 -0.904430
v -2.998738 -3.643299 0.459027
v -0.558187 -4.626979 0.478816
v -3.548091 -2.659512 -0.842861
v -1.734508 -4.684177 -0.904587
v -0.541522 -4.967145 0.248725
v -1.701010 -4.785208 0.249264
v -1.763166 -4.764802 0.248862
v -3.231625 -3.917085 0.244933
v -3.293599 -3.865727 0.248862
v -0.538888 -4.872351 0.443719
v -1.665632 -4.684587 0.462436
v -1.727004 -4.664168 0.462612
v -3.163177 -3.834536 0.462436
v -3.224204 -3.784832 0.462436
v -3.217954 -3.883976 0.202125
v -3.216692 -3.885716 -0.514955
v -3.278824 -3.850050 -0.569500
v -3.205953 -3.770370 0.395612
v -3.152028 -3.814059 0.395626
v -1.694561 -4.760018 0.212823
v -1.751944 -4.741180 0.212824
v -1.758854 -4.752452 -0.549745
v -1.560626 -4.224163 -0.852008
v -1.717780 -4.648856 0.410014
v -1.661915 -4.667185 0.410014
v -2.641301 -4.270504 -0.540033
v -2.576059 -4.175309 0.476926
v -2.629682 -4.270741 0.245637
v -2.477012 -3.985346 0.512694
v -1.404553 -4.493906 0.462432
v -1.387238 -4.469522 0.509035
v -1.285792 -4.136231 -0.904429
v -1.311743 -4.167684 -0.733572
v -1.481468 -4.153937 -0.729313
v -1.533295 -4.150302 -0.694256
v -1.506948 -4.100145 -0.733572
v -2.371619 -3.600927 -0.733572
v -2.772542 -3.376668 -0.733298
v -2.812713 -3.419757 -0.683454
v -2.857157 -3.364687 -0.689335
v -3.480223 -2.613207 -0.710965
v -1.295407 -4.165417 0.494105
v -1.485100 -4.170775 0.458681
v -1.495474 -4.192507 0.406421
v -2.371619 -3.600927 0.291578
v -2.825749 -3.436200 0.385006
v -2.869481 -3.371708 0.458603
v -1.519287 -4.130882 0.458007
v -1.540823 -4.170389 0.399221
v -1.319304 -4.189710 0.450624
v -0.554614 -4.311856 0.453869
v -2.885326 -3.397682 0.392039
v -2.814381 -3.432177 0.460278
v -2.417645 -3.650758 0.462878
v -2.425270 -3.642326 -0.901508
v -1.541401 -4.186313 -0.904430
v -1.511734 -4.240151 -0.852008
v -1.503001 -4.222151 -0.904430
v -3.239111 -3.919131 -0.531004
v -2.904988 -3.412713 -0.904430
v -2.917948 -3.434634 -0.837607
v -2.861502 -3.479182 -0.837607
v -2.827872 -3.443571 -0.904430
v -3.956573 -2.893876 -0.850988
v -3.237071 -3.799891 -0.926184
v -3.218475 -3.784966 -0.837606
v -3.154235 -3.835733 -0.837606
v -3.171604 -3.865313 -0.904581
v -1.724613 -4.667320 -0.852008
v -1.673345 -4.705086 -0.869530
v -0.555626 -4.896097 -0.904430
v -2.451033 -3.981972 0.461702
v -3.454350 -3.539385 -0.915792
v -3.271213 -3.363601 -0.914879
v -3.512964 -3.602396 -0.562726
v -1.698708 -4.782336 -0.543393
v -4.032906 -2.955817 -0.557952
v -3.456943 -2.635688 0.449461
v -3.436827 -2.624080 -0.733572
v -3.513248 -2.666003 -0.904430
v -3.962331 -2.929235 -0.904430
v -3.494715 -2.629508 0.385818
v -3.939687 -2.896567 0.451447
v -4.034874 -2.956414 0.252399
v -3.268737 -3.843519 0.202440
v -0.515563 -4.946326 0.399502
v -0.534804 -4.347981 0.383535
v -0.544330 -4.975204 -0.540888
v -0.524444 -4.873008 -0.856713
v -0.529159 -4.402493 -0.842862
v -0.528931 -4.307629 -0.709611
v -0.394412 -5.174254 -1.025808
v -0.394412 -5.174254 0.583812
v -0.515259 -5.051670 -1.025808
v -0.515259 -4.232867 0.583812
v -0.515259 -5.051670 0.583812
v -0.394412 -4.110282 0.583812
v -0.394412 -4.110282 -1.025808
v -0.394412 -5.051670 0.830404
v -0.394412 -4.232867 0.830404
v -0.394412 -4.232867 -1.119131
v -0.394412 -5.051670 -1.119131
v -0.515259 -4.989926 -0.562714
v -0.515259 -4.232867 -1.025808
v -0.515417 -4.313240 0.445195
v 0.394413 -5.174254 -1.025808
v 0.394413 -5.174254 0.583812
v 0.515260 -5.051670 -1.025808
v 0.515260 -4.232867 0.583812
v 0.515260 -5.051670 0.583812
v 0.394413 -4.110282 0.583812
v 0.394413 -4.110282 -1.025808
v 0.394413 -5.051670 0.830404
v 0.394413 -4.232867 0.830404
v 0.394413 -4.232867 -1.119131
v 0.394413 -5.051670 -1.119131
v 0.529159 -4.402495 -0.842861
v 0.528177 -4.322552 -0.698540
v 0.515260 -4.989926 -0.562715
v 0.524445 -4.873009 -0.856713
v 0.515260 -4.232867 -1.025808
v 0.515417 -4.313240 0.445195
v 0.515563 -4.946326 0.399501
v -4.065450 -1.709562 -0.904430
v -4.465514 1.968572 0.408808
v -4.654558 0.775335 0.459027
v -4.286179 -1.830088 0.478817
v -4.923868 -0.839959 -0.904587
v -4.572434 -2.014601 0.248725
v -4.994616 -0.919486 0.249275
v -5.008020 -0.855454 0.248863
v -5.008107 0.840128 0.244933
v -4.994616 0.919476 0.248862
v -4.489022 -1.969484 0.443719
v -4.889791 -0.899813 0.462436
v -4.902788 -0.836453 0.462612
v -4.902393 0.822125 0.462436
v -4.889862 0.899827 0.462436
v -4.972600 0.844843 0.202121
v -4.973475 0.842879 -0.514956
v -4.973653 0.914520 -0.569498
v -4.868212 0.891252 0.395612
v -4.879085 0.822708 0.395626
v -4.969577 -0.912476 0.212822
v -4.981954 -0.853363 0.212826
v -4.995170 -0.853014 -0.549746
v -4.438544 -0.760539 -0.852008
v -4.884918 -0.836788 0.410014
v -4.872858 -0.894333 0.410014
v -5.019015 0.152183 -0.540034
v -4.903953 0.143278 0.476926
v -5.013411 0.142001 0.245639
v -4.689917 0.152482 0.512694
v -4.594111 -1.030573 0.462432
v -4.564339 -1.033375 0.509034
v -4.224977 -0.954587 -0.904429
v -4.265191 -0.947838 -0.733572
v -4.338148 -0.793980 -0.729313
v -4.360915 -0.747278 -0.694256
v -4.304304 -0.745016 -0.733572
v -4.304304 0.253419 -0.733572
v -4.310551 0.712757 -0.733298
v -4.367952 0.726002 -0.683454
v -4.342482 0.792026 -0.689335
v -4.255060 -0.960854 0.494104
v -4.354547 -0.799254 0.458681
v -4.378555 -0.801133 0.406421
v -4.304304 0.253419 0.291578
v -4.388711 0.729070 0.385005
v -4.354905 0.798569 0.458546
v -4.337092 -0.749699 0.458007
v -4.382074 -0.750804 0.399221
v -4.288046 -0.952304 0.450623
v -4.011483 -1.675619 0.453869
v -4.385130 0.800421 0.392103
v -4.379543 0.721238 0.460279
v -4.370472 0.268364 0.462878
v -4.366982 0.279184 -0.901508
v -4.396154 -0.758265 -0.904430
v -4.427945 -0.810874 -0.852008
v -4.407990 -0.809437 -0.904430
v -5.013622 0.845588 -0.531003
v -4.008136 1.718879 -0.869721
v -4.407990 0.809437 -0.904430
v -4.433454 0.809701 -0.837607
v -4.443810 0.738542 -0.837607
v -4.396154 0.727223 -0.904430
v -4.909336 0.903441 -0.926184
v -4.887114 0.894798 -0.837607
v -4.898960 0.813781 -0.837607
v -4.933262 0.814033 -0.904581
v -4.904325 -0.840103 -0.852008
v -4.911397 -0.903383 -0.869530
v -4.517957 -1.966864 -0.904430
v -4.674006 0.131672 0.461702
v -4.792372 1.221862 -0.915792
v -4.548572 1.151152 -0.914879
v -4.876247 1.241117 -0.562726
v -4.990973 -0.920041 -0.543379
v -4.498998 1.956421 0.462436
v -4.593534 2.009326 0.248862
v -4.565715 2.022044 -0.554172
v -4.011045 1.675956 0.449462
v -4.001387 1.688732 -0.750333
v -4.065450 1.709562 -0.904430
v -4.517957 1.966864 -0.904430
v -4.024580 1.711759 0.385820
v -4.080649 1.739478 -0.838404
v -4.962954 0.909051 0.202440
v -3.993207 -1.710244 0.444959
v -4.032864 -1.710837 0.383535
v -4.580819 -2.016197 -0.540888
v -4.489040 -1.973475 -0.838404
v -4.080649 -1.739478 -0.838404
v -3.996734 -1.687159 -0.720647
v 3.513249 -2.666003 -0.904430
v 1.655822 -4.418634 0.459027
v 3.727985 -2.796891 0.478816
v 3.189362 -3.844216 -0.904587
v 4.030913 -2.952545 0.248726
v 3.293612 -3.865730 0.249269
v 3.244857 -3.909346 0.248862
v 1.776482 -4.757212 0.244933
v 1.701017 -4.785203 0.248862
v 3.943810 -2.918035 0.462436
v 3.224159 -3.784780 0.462436
v 3.175786 -3.827712 0.462612
v 1.739217 -4.656662 0.462436
v 1.665659 -4.684659 0.462436
v 1.754642 -4.728819 0.202124
v 1.756785 -4.728595 -0.514957
v 1.694829 -4.764570 -0.569501
v 1.662257 -4.661621 0.395613
v 1.727055 -4.636766 0.395626
v 3.275016 -3.847543 0.212823
v 3.230011 -3.887818 0.212825
v 3.236317 -3.899437 -0.549746
v 2.877919 -3.463624 -0.852008
v 3.167138 -3.812070 0.410014
v 3.210943 -3.772852 0.410014
v 2.377714 -4.422686 -0.540036
v 2.327893 -4.318587 0.476926
v 2.383730 -4.412742 0.245638
v 2.212905 -4.137827 0.512694
v 3.189560 -3.463333 0.462432
v 3.177100 -3.436144 0.509034
v 2.939186 -3.181644 -0.904429
v 2.953449 -3.219844 -0.733572
v 2.856680 -3.359957 -0.729313
v 2.827620 -3.403024 -0.694256
v 2.797356 -3.355129 -0.733572
v 1.932685 -3.854346 -0.733572
v 1.538009 -4.089425 -0.733298
v 1.555240 -4.145759 -0.683454
v 1.485326 -4.156713 -0.689334
v 2.959654 -3.204564 0.494104
v 2.869447 -3.371521 0.458681
v 2.883079 -3.391373 0.406421
v 1.932685 -3.854346 0.291578
v 1.562963 -4.165270 0.385005
v 1.485245 -4.170897 0.458603
v 2.817805 -3.381184 0.458007
v 2.841253 -3.419586 0.399220
v 2.968743 -3.237404 0.450623
v 3.456870 -2.636237 0.453868
v 1.499814 -4.197608 0.392039
v 1.565163 -4.153413 0.460279
v 1.952827 -3.919122 0.462878
v 1.941713 -3.921510 -0.901508
v 2.854754 -3.428051 -0.904430
v 2.916211 -3.429277 -0.852008
v 2.904988 -3.412713 -0.904430
v 1.774512 -4.764719 -0.531004
v 1.503001 -4.222148 -0.904430
v 1.515506 -4.244334 -0.837606
v 1.582309 -4.217724 -0.837606
v 1.568285 -4.170793 -0.904430
v 1.672265 -4.703330 -0.926184
v 1.668639 -4.679764 -0.837606
v 1.744723 -4.649514 -0.837606
v 1.761655 -4.679345 -0.904581
v 3.179714 -3.827219 -0.852008
v 3.238049 -3.801703 -0.869530
v 3.962331 -2.929233 -0.904430
v 2.222972 -4.113643 0.461702
v 1.338023 -4.761247 -0.915792
v 1.277360 -4.514754 -0.914879
v 1.363283 -4.843515 -0.562724
v 3.292271 -3.862296 -0.543372
v 0.555189 -4.874459 0.462436
v 0.543359 -4.970507 -0.557951
v 0.554103 -4.311646 0.449462
v 0.554107 -4.288421 -0.733572
v 0.552202 -4.375563 -0.904430
v 0.555626 -4.896097 -0.904430
v 0.534804 -4.347982 0.383542
v 0.535244 -4.854771 0.396408
v 0.542892 -4.972510 0.252399
v 1.694216 -4.752568 0.202440
v 3.494598 -2.628548 0.386287
v 3.940238 -2.885615 0.400822
v 4.036489 -2.959007 -0.540888
v 3.953600 -2.900885 -0.838404
v 3.548850 -2.655108 -0.845830
v 3.465375 -2.612825 -0.709605
v 4.065451 1.709562 -0.904430
v 4.465512 -1.968571 0.408808
v 4.654559 -0.775334 0.459027
v 4.286180 1.830088 0.478816
v 4.923869 0.839959 -0.904587
v 4.572434 2.014600 0.248727
v 4.994617 0.919486 0.249275
v 5.008020 0.855454 0.248863
v 5.008108 -0.840128 0.244933
v 4.994616 -0.919479 0.248862
v 4.553775 -2.023706 0.227471
v 4.489022 1.969485 0.443719
v 4.889791 0.899813 0.462436
v 4.902789 0.836454 0.462612
v 4.902394 -0.822125 0.462436
v 4.889863 -0.899827 0.462436
v 4.972601 -0.844843 0.202121
v 4.973476 -0.842879 -0.514956
v 4.973654 -0.914520 -0.569499
v 4.868213 -0.891252 0.395612
v 4.879086 -0.822708 0.395626
v 4.969578 0.912476 0.212822
v 4.981954 0.853363 0.212826
v 4.995170 0.853014 -0.549746
v 4.438545 0.760539 -0.852008
v 4.884918 0.836788 0.410014
v 4.872859 0.894333 0.410014
v 5.019015 -0.152184 -0.540034
v 4.903954 -0.143278 0.476926
v 5.013412 -0.142001 0.245639
v 4.689917 -0.152482 0.512694
v 4.594111 1.030573 0.462432
v 4.564339 1.033376 0.509034
v 4.224977 0.954587 -0.904429
v 4.265192 0.947838 -0.733572
v 4.338149 0.793979 -0.729313
v 4.360916 0.747278 -0.694256
v 4.304305 0.745018 -0.733572
v 4.304305 -0.253419 -0.733572
v 4.310551 -0.712759 -0.733298
v 4.367953 -0.726004 -0.683454
v 4.342483 -0.792026 -0.689335
v 4.255061 0.960854 0.494104
v 4.354547 0.799254 0.458681
v 4.378555 0.801134 0.406421
v 4.304305 -0.253419 0.291578
v 4.388712 -0.729071 0.385005
v 4.354724 -0.799189 0.458603
v 4.337092 0.749700 0.458007
v 4.382074 0.750804 0.399221
v 4.288046 0.952304 0.450623
v 4.011484 1.675619 0.453869
v 4.385142 -0.799925 0.392038
v 4.379543 -0.721238 0.460279
v 4.370472 -0.268364 0.462878
v 4.366982 -0.279184 -0.901508
v 4.396154 0.758265 -0.904430
v 4.427946 0.810874 -0.852008
v 4.407990 0.809437 -0.904430
v 5.013622 -0.845588 -0.531003
v 4.407990 -0.809437 -0.904430
v 4.433455 -0.809701 -0.837607
v 4.443812 -0.738543 -0.837607
v 4.396154 -0.727223 -0.904430
v 4.482370 -1.982322 -0.856714
v 4.909336 -0.903441 -0.926184
v 4.887115 -0.894798 -0.837607
v 4.898960 -0.813783 -0.837607
v 4.933262 -0.814033 -0.904581
v 4.904325 0.840103 -0.852008
v 4.911397 0.903383 -0.869530
v 4.517958 1.966864 -0.904430
v 4.674006 -0.131672 0.461702
v 4.792372 -1.221862 -0.915792
v 4.548573 -1.151152 -0.914879
v 4.876247 -1.241117 -0.562726
v 4.990973 0.920041 -0.543379
v 4.498999 -1.956421 0.462436
v 4.593535 -2.009326 0.248862
v 4.565716 -2.022044 -0.554171
v 4.011045 -1.675956 0.449462
v 4.001387 -1.688732 -0.750333
v 4.065451 -1.709562 -0.904430
v 4.517958 -1.966864 -0.904430
v 4.024580 -1.711759 0.385820
v 4.080650 -1.739478 -0.838404
v 4.962955 -0.909049 0.202440
v 4.579032 2.048734 -0.562714
v 4.541428 2.026673 0.399497
v 4.032864 1.710837 0.383535
v 4.580818 2.016197 -0.540887
v 4.484458 1.979555 -0.850988
v 4.080650 1.739478 -0.838404
v 3.996735 1.687159 -0.720647
v 0.552202 4.375563 -0.904430
v 3.937590 2.882962 0.408805
v 2.998739 3.643299 0.459027
v 0.558187 4.626979 0.478816
v 1.734510 4.684176 -0.904587
v 4.063772 2.941192 -0.562715
v 0.541522 4.967144 0.248723
v 1.701008 4.785204 0.249290
v 1.763166 4.764801 0.248863
v 3.231626 3.917085 0.244933
v 3.293599 3.865727 0.248862
v 0.538888 4.872349 0.443719
v 1.665641 4.684604 0.462436
v 1.727006 4.664167 0.462612
v 3.163177 3.834536 0.462436
v 3.224204 3.784832 0.462436
v 3.217955 3.883977 0.202122
v 3.216693 3.885717 -0.514956
v 3.278825 3.850050 -0.569500
v 3.205953 3.770370 0.395612
v 3.152029 3.814058 0.395626
v 1.694562 4.760018 0.212822
v 1.751943 4.741180 0.212826
v 1.758855 4.752451 -0.549745
v 1.560626 4.224163 -0.852008
v 1.541146 4.171493 0.407154
v 1.661916 4.667182 0.410014
v 1.717780 4.648856 0.410014
v 2.641302 4.270503 -0.540037
v 2.576060 4.175309 0.476926
v 2.629682 4.270741 0.245637
v 2.477013 3.985346 0.512694
v 1.404553 4.493906 0.462432
v 1.387239 4.469522 0.509034
v 1.285792 4.136231 -0.904429
v 1.311743 4.167684 -0.733572
v 1.481469 4.153937 -0.729313
v 1.533296 4.150302 -0.694256
v 1.506949 4.100145 -0.733572
v 2.371620 3.600927 -0.733572
v 2.772542 3.376668 -0.733299
v 2.812714 3.419757 -0.683454
v 2.857157 3.364687 -0.689335
v 3.479350 2.618691 -0.698538
v 1.295407 4.165417 0.494104
v 1.485101 4.170775 0.458681
v 1.495475 4.192506 0.406421
v 2.371620 3.600927 0.291578
v 2.825749 3.436200 0.385006
v 2.869482 3.371708 0.458603
v 1.519288 4.130882 0.458006
v 1.319305 4.189710 0.450624
v 0.554614 4.311856 0.453868
v 2.885326 3.397682 0.392039
v 2.814381 3.432177 0.460278
v 2.417646 3.650758 0.462878
v 2.425271 3.642326 -0.901508
v 1.541401 4.186313 -0.904430
v 1.511735 4.240151 -0.852008
v 1.503001 4.222148 -0.904430
v 3.239113 3.919131 -0.531003
v 2.904988 3.412713 -0.904430
v 2.917949 3.434634 -0.837607
v 2.861502 3.479182 -0.837607
v 2.827873 3.443571 -0.904430
v 3.956574 2.893876 -0.850986
v 3.237071 3.799891 -0.926185
v 3.218475 3.784966 -0.837607
v 3.154235 3.835733 -0.837607
v 3.171604 3.865313 -0.904581
v 1.724613 4.667320 -0.852008
v 1.668444 4.685750 -0.852008
v 1.672728 4.704766 -0.904430
v 0.555626 4.896095 -0.904430
v 2.451034 3.981972 0.461702
v 3.454350 3.539385 -0.915792
v 3.271213 3.363601 -0.914879
v 3.512964 3.602396 -0.562725
v 1.698707 4.782327 -0.543386
v 3.943810 2.918035 0.462436
v 4.036896 2.973453 0.248862
v 4.032907 2.955817 -0.557952
v 3.456943 2.635688 0.449461
v 3.436828 2.624080 -0.733572
v 3.513249 2.666003 -0.904430
v 3.962331 2.929235 -0.904430
v 3.494716 2.629509 0.385818
v 3.268738 3.843519 0.202439
v 0.515417 4.313240 0.445194
v 0.515563 4.946326 0.399501
v 0.514500 4.946194 -0.897810
v 0.534805 4.347981 0.383534
v 0.544330 4.975206 -0.540889
v 0.537832 4.851442 -0.901131
v 0.527462 4.398982 -0.836137
v 0.530085 4.307516 -0.709606
v -3.513248 2.666003 -0.904430
v -1.655821 4.418634 0.459027
v -3.727985 2.796891 0.478816
v -3.189361 3.844216 -0.904587
v -0.514458 4.946284 -0.897817
v -4.036880 2.973473 -0.562714
v -4.030913 2.952545 0.248726
v -3.293609 3.865726 0.249278
v -3.244857 3.909346 0.248862
v -1.776482 4.757212 0.244933
v -1.701016 4.785205 0.248861
v -3.943810 2.918035 0.462436
v -3.224158 3.784780 0.462436
v -3.175786 3.827712 0.462612
v -1.739217 4.656662 0.462436
v -1.665659 4.684659 0.462436
v -0.515563 4.946326 0.399501
v -1.754642 4.728819 0.202124
v -1.756785 4.728595 -0.514957
v -1.694828 4.764571 -0.569504
v -1.662257 4.661621 0.395612
v -1.727054 4.636766 0.395626
v -3.275015 3.847543 0.212822
v -3.230010 3.887818 0.212825
v -3.236316 3.899437 -0.549746
v -2.877918 3.463624 -0.852008
v -3.167138 3.812070 0.410014
v -3.210942 3.772854 0.410014
v -2.377713 4.422686 -0.540035
v -2.327892 4.318587 0.476925
v -2.383729 4.412742 0.245638
v -2.212904 4.137827 0.512694
v -3.189560 3.463333 0.462432
v -3.177100 3.436144 0.509034
v -2.939185 3.181644 -0.904429
v -2.953448 3.219844 -0.733572
v -2.856681 3.359958 -0.729314
v -2.827620 3.403024 -0.694256
v -2.797355 3.355129 -0.733572
v -1.932684 3.854346 -0.733572
v -1.538008 4.089427 -0.733299
v -1.555239 4.145759 -0.683454
v -1.485326 4.156713 -0.689335
v -2.959654 3.204564 0.494104
v -2.869447 3.371522 0.458681
v -2.883079 3.391374 0.406421
v -1.932684 3.854346 0.291578
v -1.562962 4.165270 0.385005
v -1.485243 4.170897 0.458603
v -0.515417 4.313240 0.445194
v -2.817804 3.381184 0.458006
v -2.841252 3.419586 0.399220
v -2.968743 3.237405 0.450623
v -3.456870 2.636237 0.453868
v -1.499814 4.197608 0.392038
v -1.565163 4.153413 0.460279
v -1.952826 3.919122 0.462878
v -1.941713 3.921510 -0.901508
v -2.854753 3.428051 -0.904430
v -2.916211 3.429277 -0.852008
v -2.904988 3.412713 -0.904430
v -1.774512 4.764718 -0.531005
v -0.528614 4.399825 -0.836543
v -1.503001 4.222148 -0.904430
v -1.515508 4.244334 -0.837607
v -1.582308 4.217724 -0.837607
v -1.568284 4.170793 -0.904430
v -1.672265 4.703330 -0.926185
v -1.668639 4.679762 -0.837607
v -1.744723 4.649514 -0.837607
v -1.761655 4.679346 -0.904581
v -3.179713 3.827219 -0.852008
v -3.238048 3.801702 -0.869530
v -3.962331 2.929235 -0.904430
v -2.222971 4.113643 0.461702
v -1.336295 4.761973 -0.913014
v -1.277359 4.514753 -0.914879
v -1.363285 4.843515 -0.562725
v -3.292264 3.862290 -0.543365
v -0.555188 4.874456 0.462436
v -0.543358 4.970509 -0.557951
v -0.554102 4.311646 0.449462
v -0.530352 4.312233 -0.742644
v -0.552201 4.375563 -0.904430
v -0.537829 4.851443 -0.901130
v -0.555626 4.896095 -0.904430
v -0.534804 4.347982 0.383541
v -0.535243 4.854771 0.396407
v -0.542892 4.972508 0.252398
v -1.694216 4.752568 0.202440
v -4.030448 2.936703 -0.535439
v -4.063772 2.941192 0.248863
v -3.494597 2.628548 0.386287
v -3.940238 2.885615 0.400822
v -3.958157 2.890142 -0.857691
v -3.548850 2.655107 -0.845829
v -3.465374 2.612824 -0.709606
v 4.283830 -2.928699 -1.025808
v 4.283830 -2.928699 0.583812
v 4.117244 -2.972064 -1.025808
v 4.117244 -2.972064 0.583813
v 3.362403 -2.396713 0.583812
v 3.362403 -2.396713 -1.025808
v 4.177670 -2.867407 0.830404
v 3.468564 -2.458005 0.830404
v 3.468564 -2.458005 -1.119131
v 4.177670 -2.867407 -1.119131
v 4.030387 -2.922367 -0.850091
v 3.408140 -2.562661 -1.025808
v 3.408140 -2.562661 0.583813
v 4.063773 -2.941191 0.248862
v 4.678243 -2.245558 -1.025808
v 4.678243 -2.245558 0.583812
v 3.923400 -1.670207 -1.025808
v 3.923401 -1.670207 0.583811
v 3.756815 -1.713569 0.583812
v 3.756815 -1.713569 -1.025808
v 4.572080 -2.184265 0.830404
v 3.862976 -1.774864 0.830404
v 3.862976 -1.774864 -1.119131
v 4.572080 -2.184265 -1.119131
v 4.632504 -2.079606 -1.025808
v 4.008115 -1.718882 -0.869760
v 4.632504 -2.079606 0.583811
v 4.678243 2.245555 -1.025808
v 4.678243 2.245555 0.583812
v 3.923400 1.670204 -1.025808
v 4.632505 2.079606 0.583812
v 3.756815 1.713569 0.583812
v 3.756815 1.713569 -1.025808
v 4.572080 2.184263 0.830404
v 3.862976 1.774861 0.830404
v 3.862976 1.774861 -1.119131
v 4.572080 2.184263 -1.119131
v 4.632505 2.079606 -1.025808
v 4.008136 1.718879 -0.869721
v 3.993208 1.710244 0.444959
v 3.923400 1.670204 0.583812
v 4.283830 2.928699 -1.025808
v 4.283830 2.928699 0.583812
v 3.408140 2.562662 -1.025809
v 4.117247 2.972064 -1.025809
v 3.408140 2.562661 0.583813
v 3.362403 2.396713 0.583812
v 3.362403 2.396713 -1.025808
v 4.177670 2.867404 0.830403
v 3.468564 2.458005 0.830404
v 3.468564 2.458005 -1.119131
v 4.177670 2.867404 -1.119131
v 3.548850 2.655107 -0.845828
v 4.117246 2.972064 0.583812
v 4.029467 2.931831 0.227471
v 0.394413 5.174254 -1.025808
v 0.394413 5.174254 0.583812
v 0.515260 5.051670 -1.025808
v 0.515260 4.232867 0.583812
v 0.515260 5.051670 0.583812
v 0.394413 4.110282 0.583812
v 0.394413 4.110282 -1.025808
v 0.394413 5.051670 0.830403
v 0.394413 4.232867 0.830403
v 0.394413 4.232867 -1.119131
v 0.394413 5.051670 -1.119131
v 0.515260 4.232867 -1.025808
v -0.394412 5.174254 -1.025808
v -0.394412 5.174254 0.583812
v -0.515259 5.051670 -1.025808
v -0.515259 4.232867 0.583812
v -0.515259 5.051670 0.583812
v -0.394412 4.110282 0.583812
v -0.394412 4.110282 -1.025808
v -0.394412 5.051670 0.830403
v -0.394412 4.232867 0.830403
v -0.394412 4.232867 -1.119131
v -0.394412 5.051670 -1.119131
v -0.515259 4.232867 -1.025808
v -4.283830 2.928697 -1.025808
v -4.283830 2.928697 0.583812
v -4.117244 2.972064 -1.025809
v -4.117244 2.972064 0.583812
v -3.362402 2.396713 0.583812
v -3.362402 2.396713 -1.025808
v -4.177669 2.867407 0.830403
v -3.468563 2.458005 0.830404
v -3.468563 2.458005 -1.119131
v -4.177669 2.867407 -1.119131
v -3.408140 2.562661 -1.025809
v -3.408140 2.562661 0.583813
v -4.678242 2.245558 -1.025808
v -4.678242 2.245558 0.583812
v -3.923400 1.670207 -1.025808
v -3.923400 1.670207 0.583811
v -3.756815 1.713569 0.583812
v -3.756815 1.713569 -1.025808
v -4.572079 2.184265 0.830404
v -3.862976 1.774864 0.830404
v -3.862976 1.774864 -1.119131
v -4.572079 2.184265 -1.119131
v -4.632503 2.079606 -1.025808
v -4.482017 1.982794 -0.857691
v -4.632504 2.079606 0.583811
v -4.553775 2.023707 0.227467
v -4.678240 -2.245555 -1.025808
v -4.678240 -2.245555 0.583812
v -3.923399 -1.670205 -1.025809
v -4.632505 -2.079606 -1.025808
v -4.632505 -2.079606 0.583812
v -3.756815 -1.713569 0.583812
v -3.756815 -1.713569 -1.025808
v -4.572079 -2.184263 0.830404
v -3.862976 -1.774861 0.830404
v -3.862976 -1.774861 -1.119131
v -4.572079 -2.184263 -1.119131
v -4.546037 -2.029232 -0.850094
v -4.008250 -1.718869 -0.869503
v -3.923400 -1.670204 0.583812
v -4.541425 -2.026671 0.399502
v -4.283830 -2.928699 -1.025808
v -4.283830 -2.928699 0.583812
v -4.117245 -2.972064 -1.025808
v -3.408140 -2.562661 0.583813
v -4.117246 -2.972064 0.583812
v -3.362402 -2.396713 0.583812
v -3.362402 -2.396713 -1.025808
v -4.177669 -2.867404 0.830404
v -3.468563 -2.458005 0.830404
v -3.468563 -2.458005 -1.119131
v -4.177669 -2.867404 -1.119131
v -4.063772 -2.941191 -0.562714
v -3.408140 -2.562662 -1.025808
v -4.025867 -2.919657 0.399489
v -0.407659 -4.095449 -0.105132
v -0.335515 -4.095449 -0.222195
v -0.397904 -4.095449 -0.337633
v -0.460289 -4.095449 -0.222195
v -0.348275 -4.187145 -0.132004
v -0.366711 -4.187145 -0.332442
v -0.429096 -4.187145 -0.332442
v -0.446253 -4.187145 -0.122978
v -3.740836 1.711578 -0.105133
v -3.714521 1.757158 -0.222196
v -3.740836 1.711578 -0.339257
v -3.776909 1.649102 -0.222196
v -3.830002 1.740529 -0.105133
v -3.793931 1.803006 -0.222196
v -3.830002 1.740529 -0.339257
v -3.856319 1.694949 -0.222196
v 3.740837 -1.711578 -0.105133
v 3.720901 -1.746108 -0.312387
v 3.761310 -1.676116 -0.332442
v 3.776907 -1.649102 -0.222195
v 3.830004 -1.740529 -0.105132
v 3.793931 -1.803006 -0.222195
v 3.809528 -1.775992 -0.332442
v 3.849940 -1.705999 -0.312387
v 3.347812 2.392318 -0.106756
v 3.379006 2.338290 -0.222196
v 3.342934 2.400767 -0.339257
v 3.316618 2.446347 -0.222196
v 3.411625 2.465180 -0.111947
v 3.442820 2.411152 -0.111947
v 3.452037 2.395188 -0.312387
v 3.403047 2.480038 -0.321411
v 2.888155 0.380233 -0.215137
v 2.813816 0.753959 -0.215137
v 2.691331 1.114786 -0.215137
v 2.522798 1.456538 -0.215137
v 2.311099 1.773368 -0.215137
v 2.059856 2.059856 -0.215137
v 1.773368 2.311099 -0.215137
v 1.456539 2.522798 -0.215137
v 1.114786 2.691332 -0.215137
v 0.753960 2.813816 -0.215137
v 0.380233 2.888155 -0.215137
v 0.000000 2.913076 -0.215137
v -0.380232 2.888155 -0.215137
v -0.753959 2.813816 -0.215137
v -1.114786 2.691332 -0.215137
v -1.456537 2.522798 -0.215137
v -1.773368 2.311099 -0.215137
v -2.059856 2.059857 -0.215137
v -2.311099 1.773369 -0.215137
v -2.522797 1.456538 -0.215137
v -2.691331 1.114786 -0.215137
v -2.813815 0.753960 -0.215137
v -2.888153 0.380233 -0.215137
v -2.913074 0.000001 -0.215137
v -2.888155 -0.380232 -0.215137
v -2.813815 -0.753959 -0.215137
v -2.691331 -1.114785 -0.215137
v -2.522797 -1.456537 -0.215137
v -2.311098 -1.773367 -0.215137
v -2.059856 -2.059854 -0.215137
v -1.773368 -2.311097 -0.215137
v -1.456537 -2.522796 -0.215137
v -1.114785 -2.691329 -0.215137
v -0.753959 -2.813813 -0.215137
v -0.380233 -2.888152 -0.215137
v -0.000000 -2.913073 -0.215137
v 0.380232 -2.888152 -0.215137
v 0.753959 -2.813813 -0.215137
v 1.114785 -2.691328 -0.215137
v 1.456536 -2.522795 -0.215137
v 1.773367 -2.311096 -0.215137
v 2.059854 -2.059854 -0.215137
v 2.311096 -1.773367 -0.215137
v 2.522795 -1.456536 -0.215137
v 2.691329 -1.114785 -0.215137
v 2.813812 -0.753959 -0.215137
v 2.888150 -0.380232 -0.215137
v 2.913072 0.000000 -0.215137
v 3.862084 0.508452 -0.215137
v 3.762678 1.008206 -0.215137
v 3.598891 1.490708 -0.215137
v 3.373526 1.947704 -0.215137
v 3.090438 2.371375 -0.215137
v 2.754472 2.754470 -0.215137
v 2.371377 3.090436 -0.215137
v 1.947705 3.373523 -0.215137
v 1.490709 3.598889 -0.215137
v 1.008207 3.762676 -0.215137
v 0.508454 3.862083 -0.215137
v 0.000001 3.895409 -0.215137
v -0.508452 3.862083 -0.215137
v -1.008205 3.762676 -0.215137
v -1.490708 3.598889 -0.215137
v -1.947704 3.373523 -0.215137
v -2.371373 3.090436 -0.215137
v -2.754470 2.754471 -0.215137
v -3.090435 2.371375 -0.215137
v -3.373522 1.947705 -0.215137
v -3.598887 1.490709 -0.215137
v -3.762675 1.008206 -0.215137
v -3.862082 0.508453 -0.215137
v -3.895409 0.000000 -0.215137
v -3.862082 -0.508452 -0.215137
v -3.762676 -1.008205 -0.215137
v -3.598887 -1.490707 -0.215137
v -3.373523 -1.947704 -0.215137
v -3.090435 -2.371373 -0.215137
v -2.754470 -2.754469 -0.215137
v -2.371373 -3.090434 -0.215137
v -1.947704 -3.373522 -0.215137
v -1.490708 -3.598887 -0.215137
v -1.008206 -3.762674 -0.215137
v -0.508452 -3.862081 -0.215137
v 0.000000 -3.895407 -0.215137
v 0.508452 -3.862081 -0.215137
v 1.008206 -3.762674 -0.215137
v 1.490707 -3.598886 -0.215137
v 1.947702 -3.373521 -0.215137
v 2.371373 -3.090433 -0.215137
v 2.754468 -2.754468 -0.215137
v 3.090433 -2.371373 -0.215137
v 3.373520 -1.947703 -0.215137
v 3.598886 -1.490707 -0.215137
v 3.762673 -1.008205 -0.215137
v 3.862079 -0.508452 -0.215137
v 3.895406 -0.000000 -0.215137
vn -0.5057 -0.0912 0.8579
vn -0.4214 -0.1390 0.8962
vn -0.4117 -0.2597 0.8735
vn -0.3800 -0.3474 0.8573
vn -0.2846 -0.4229 0.8603
vn -0.1650 -0.4512 0.8770
vn -0.0901 -0.5074 0.8570
vn 0.0204 -0.4980 0.8670
vn 0.1133 -0.5046 0.8559
vn 0.2373 -0.4749 0.8474
vn 0.2284 -0.3498 0.9086
vn 0.4432 -0.2990 0.8451
vn 0.3890 -0.2047 0.8982
vn 0.4802 -0.1647 0.8616
vn 0.4669 -0.0332 0.8837
vn 0.4965 0.1516 0.8547
vn 0.3935 0.2062 0.8959
vn 0.3538 0.3140 0.8810
vn 0.2701 0.3890 0.8808
vn 0.1423 0.4012 0.9049
vn 0.0331 0.4292 0.9026
vn -0.0230 0.5150 0.8569
vn -0.0817 0.4373 0.8956
vn -0.1979 0.4153 0.8879
vn -0.3147 0.3629 0.8771
vn -0.3349 0.2832 0.8987
vn -0.5125 0.1715 0.8414
vn -0.5306 0.0316 0.8470
vn -0.4224 -0.0219 0.9061
vn 0.9808 0.1951 -0.0000
vn 0.9469 0.3214 -0.0000
vn 0.8757 0.4784 -0.0659
vn 0.8039 0.5941 0.0289
vn 0.7697 0.6384 -0.0000
vn 0.6593 0.7518 -0.0000
vn 0.5192 0.8521 -0.0659
vn 0.4418 0.8959 -0.0473
vn 0.3214 0.9469 -0.0000
vn 0.1523 0.9883 0.0067
vn 0.1034 0.9946 -0.0000
vn -0.1087 0.9940 0.0067
vn -0.1540 0.9872 -0.0401
vn -0.3619 0.9297 0.0692
vn -0.4423 0.8969 -0.0000
vn -0.5886 0.8058 -0.0659
vn -0.6593 0.7518 -0.0000
vn -0.7794 0.6264 0.0149
vn -0.8382 0.5413 0.0666
vn -0.9050 0.4242 0.0308
vn -0.9511 0.3007 -0.0709
vn -0.9853 0.1630 0.0511
vn -0.9953 0.0973 -0.0000
vn -0.9931 -0.1021 0.0583
vn -0.9704 -0.2334 -0.0626
vn -0.9368 -0.3417 -0.0750
vn -0.8768 -0.4809 0.0067
vn -0.8531 -0.5201 -0.0401
vn -0.7204 -0.6901 0.0692
vn -0.6260 -0.7771 -0.0659
vn -0.5193 -0.8545 0.0149
vn -0.4762 -0.8794 -0.0000
vn -0.2799 -0.9600 0.0067
vn -0.2355 -0.9711 -0.0401
vn -0.0214 -0.9974 0.0692
vn 0.0654 -0.9979 -0.0000
vn 0.2354 -0.9697 -0.0659
vn 0.3214 -0.9469 -0.0000
vn 0.4423 -0.8969 -0.0000
vn 0.5556 -0.8315 -0.0000
vn 0.6914 -0.7224 0.0067
vn 0.7232 -0.6895 -0.0401
vn 0.8512 -0.5211 0.0626
vn 0.9029 -0.4239 0.0710
vn 0.9575 -0.2810 -0.0659
vn 0.9860 -0.1514 0.0692
vn 0.9979 -0.0654 -0.0000
vn 0.9969 0.0653 0.0435
vn -0.4910 -0.0852 -0.8670
vn -0.4806 -0.1742 -0.8595
vn -0.4210 -0.2667 -0.8670
vn -0.3810 -0.3522 -0.8549
vn -0.2969 -0.4200 -0.8576
vn -0.1936 -0.4094 -0.8916
vn -0.1103 -0.4804 -0.8701
vn -0.0210 -0.5131 -0.8581
vn 0.0911 -0.5054 -0.8581
vn 0.1685 -0.4567 -0.8735
vn 0.2597 -0.4117 -0.8735
vn 0.3474 -0.3800 -0.8573
vn 0.4229 -0.2846 -0.8603
vn 0.4559 -0.1667 -0.8743
vn 0.5014 -0.0891 -0.8606
vn 0.5067 0.0295 -0.8616
vn 0.4721 0.1557 -0.8677
vn 0.4089 0.2791 -0.8689
vn 0.3146 0.3616 -0.8777
vn 0.2084 0.4246 -0.8811
vn 0.1066 0.4749 -0.8736
vn 0.0242 0.5091 -0.8604
vn -0.0922 0.4662 -0.8799
vn -0.2143 0.4299 -0.8771
vn -0.3224 0.3749 -0.8692
vn -0.4193 0.2823 -0.8628
vn -0.5127 0.1790 -0.8397
vn -0.5315 0.0360 -0.8463
vn -0.9838 -0.1760 -0.0338
vn -0.9462 -0.3236 -0.0000
vn -0.8986 -0.4387 0.0074
vn -0.8203 -0.5717 -0.0159
vn -0.7535 -0.6574 -0.0000
vn -0.6623 -0.7492 0.0074
vn -0.5360 -0.8437 -0.0304
vn -0.4619 -0.8861 -0.0392
vn -0.3193 -0.9477 -0.0000
vn -0.1951 -0.9808 -0.0000
vn -0.0654 -0.9979 -0.0000
vn 0.1951 -0.9808 0.0044
vn 0.3247 -0.9452 -0.0331
vn 0.4248 -0.9043 -0.0431
vn 0.5575 -0.8302 -0.0000
vn 0.6562 -0.7545 0.0113
vn 0.7653 -0.6418 -0.0487
vn 0.8187 -0.5721 -0.0487
vn 0.8895 -0.4566 -0.0198
vn 0.9355 -0.3532 0.0044
vn 0.9821 -0.1612 -0.0977
vn 0.9910 -0.0818 -0.1060
vn 0.9979 0.0639 0.0077
vn 0.9767 0.2142 -0.0159
vn 0.9477 0.3190 -0.0000
vn 0.8986 0.4387 0.0074
vn 0.8223 0.5690 -0.0099
vn 0.7400 0.6725 -0.0096
vn 0.6577 0.7526 -0.0330
vn 0.5697 0.8207 -0.0433
vn 0.4563 0.8896 -0.0199
vn 0.3193 0.9477 -0.0000
vn 0.1951 0.9808 -0.0000
vn 0.0654 0.9979 -0.0000
vn -0.0654 0.9979 -0.0000
vn -0.1951 0.9808 -0.0000
vn -0.3214 0.9469 -0.0000
vn -0.5556 0.8315 -0.0000
vn -0.6593 0.7518 -0.0046
vn -0.7532 0.6575 -0.0192
vn -0.8214 0.5698 -0.0255
vn -0.8896 0.4563 -0.0199
vn -0.9477 0.3193 -0.0000
vn -0.9808 0.1951 -0.0000
vn -0.9979 0.0654 -0.0000
vn -0.9975 -0.0694 -0.0128
vn -0.9706 -0.2216 0.0940
vn -0.9420 -0.3106 -0.1272
vn -0.9026 -0.4260 0.0617
vn -0.8102 -0.5763 0.1072
vn -0.8155 -0.5637 -0.1312
vn -0.6456 -0.7537 0.1231
vn -0.6745 -0.7314 -0.1007
vn -0.5367 -0.8402 -0.0773
vn -0.4292 -0.8964 0.1110
vn -0.3242 -0.9388 -0.1167
vn -0.1833 -0.9756 0.1209
vn -0.0916 -0.9904 -0.1033
vn 0.0716 -0.9909 0.1142
vn 0.0838 -0.9946 -0.0617
vn 0.3038 -0.9437 0.1313
vn 0.3109 -0.9430 -0.1187
vn 0.5573 -0.8213 0.1221
vn 0.5448 -0.8292 -0.1249
vn 0.7374 -0.6709 0.0782
vn 0.7566 -0.6403 -0.1327
vn 0.8430 -0.5283 0.1012
vn 0.8808 -0.4636 -0.0961
vn 0.9445 -0.3117 0.1037
vn 0.9555 -0.2880 -0.0635
vn 0.9932 -0.0985 0.0616
vn 0.9919 -0.0706 -0.1058
vn 0.9898 0.0940 0.1072
vn 0.9691 0.2087 -0.1312
vn 0.9366 0.3290 0.1209
vn 0.8924 0.4359 -0.1163
vn 0.8211 0.5585 0.1176
vn 0.8223 0.5690 -0.0075
vn 0.7352 0.6656 -0.1279
vn 0.6651 0.7348 0.1333
vn 0.5582 0.8235 -0.1013
vn 0.4308 0.8954 0.1126
vn 0.3289 0.9364 -0.1227
vn 0.1833 0.9756 0.1209
vn 0.0764 0.9894 -0.1231
vn -0.0482 0.9969 0.0617
vn -0.2201 0.9700 0.1033
vn -0.1823 0.9755 -0.1231
vn -0.4463 0.8865 0.1220
vn -0.4298 0.8943 -0.1245
vn -0.6610 0.7401 0.1238
vn -0.6347 0.7656 -0.1049
vn -0.7514 0.6569 -0.0617
vn -0.8209 0.5691 0.0477
vn -0.9052 0.4139 0.0959
vn -0.8885 0.4457 -0.1089
vn -0.9756 0.1833 0.1209
vn -0.9721 0.2023 -0.1187
vn -0.9969 -0.0482 0.0624
vn -0.9912 -0.0544 -0.1209
vn 0.9086 -0.1776 0.3781
vn 0.9074 -0.1836 -0.3781
vn 0.8252 0.1477 0.5452
vn 0.7420 0.1257 -0.6585
vn 0.7123 0.2629 0.6508
vn 0.7935 0.2693 -0.5457
vn 0.8197 0.4042 -0.4059
vn 0.6967 0.4655 0.5457
vn 0.6374 0.4001 -0.6585
vn 0.5619 0.5178 0.6451
vn 0.6300 0.5525 -0.5457
vn 0.6026 0.6871 0.4059
vn 0.4230 0.6331 0.6483
vn 0.4383 0.6200 -0.6508
vn 0.4155 0.8426 0.3425
vn 0.3583 0.7578 -0.5453
vn 0.2853 0.7883 0.5452
vn 0.1306 0.7529 0.6451
vn 0.1679 0.7316 -0.6607
vn 0.0548 0.8362 -0.5457
vn -0.0548 0.8362 0.5457
vn -0.1676 0.7417 0.6494
vn -0.1471 0.7397 -0.6567
vn -0.2693 0.7935 -0.5457
vn -0.3247 0.6464 0.6905
vn -0.4036 0.8185 -0.4089
vn -0.4051 0.6421 -0.6508
vn -0.4854 0.5464 0.6826
vn -0.5525 0.6300 -0.5457
vn -0.6861 0.6017 0.4089
vn -0.6331 0.4230 0.6483
vn -0.5974 0.4071 -0.6909
vn -0.8777 0.4045 0.2569
vn -0.6268 0.2085 0.7508
vn -0.7092 0.2407 -0.6626
vn -0.8219 0.1635 -0.5457
vn -0.7971 -0.0757 0.5990
vn -0.7240 -0.0397 -0.6886
vn -0.7935 -0.2694 0.5457
vn -0.6804 -0.2244 -0.6977
vn -0.6731 -0.3539 0.6494
vn -0.7369 -0.4649 -0.4907
vn -0.5453 -0.4840 0.6844
vn -0.6950 -0.6095 -0.3816
vn -0.5040 -0.5747 -0.6447
vn -0.4790 -0.6880 0.5452
vn -0.5153 -0.7712 -0.3737
vn -0.3122 -0.6826 0.6607
vn -0.3336 -0.6764 -0.6567
vn -0.2938 -0.8654 -0.4059
vn -0.1346 -0.7145 0.6866
vn -0.1678 -0.7336 -0.6585
vn -0.0387 -0.8374 -0.5452
vn 0.0402 -0.8373 0.5452
vn 0.1679 -0.7316 0.6607
vn 0.1384 -0.7143 -0.6860
vn 0.3301 -0.6553 0.6795
vn 0.3368 -0.6829 -0.6483
vn 0.4971 -0.5668 0.6570
vn 0.4783 -0.5526 -0.6826
vn 0.7074 -0.6204 0.3388
vn 0.6036 -0.3970 0.6914
vn 0.6003 -0.4092 -0.6871
vn 0.8290 -0.4088 0.3816
vn 0.6951 -0.2298 0.6812
vn 0.7470 -0.2608 -0.6116
vn 0.9486 -0.1615 0.2723
vn 0.6362 -0.0379 0.7706
vn 0.7474 -0.0490 -0.6626
vn 0.9497 0.0420 0.3103
vn 0.8969 0.4423 -0.0000
vn 0.8301 0.5547 0.0570
vn 0.8301 0.5547 -0.0570
vn 0.7518 0.6593 -0.0000
vn 0.7176 0.6898 -0.0961
vn 0.5556 0.8315 -0.0000
vn 0.4423 0.8969 -0.0000
vn 0.4416 0.8954 -0.0570
vn 0.3208 0.9451 -0.0616
vn 0.1947 0.9789 0.0616
vn 0.0653 0.9960 -0.0616
vn -0.0653 0.9960 0.0616
vn -0.1947 0.9789 -0.0616
vn -0.3209 0.9454 0.0570
vn -0.3208 0.9451 -0.0616
vn -0.6583 0.7506 -0.0570
vn -0.7504 0.6581 0.0616
vn -0.7518 0.6593 -0.0000
vn -0.8299 0.5545 0.0616
vn -0.8488 0.5231 -0.0774
vn -0.9029 0.4161 0.1084
vn -0.8969 0.4423 -0.0000
vn -0.9488 0.3009 -0.0963
vn -0.9700 0.2303 0.0774
vn -0.9843 0.1603 -0.0735
vn -0.9953 0.0203 0.0947
vn -0.9967 -0.0295 0.0756
vn -0.9979 -0.0654 -0.0000
vn -0.9808 -0.1951 -0.0000
vn -0.9862 -0.1654 -0.0000
vn -0.9469 -0.3214 -0.0000
vn -0.9354 -0.3406 -0.0946
vn -0.8952 -0.4414 0.0616
vn -0.8315 -0.5556 -0.0000
vn -0.8402 -0.5300 -0.1148
vn -0.7506 -0.6583 0.0570
vn -0.7504 -0.6581 -0.0616
vn -0.6593 -0.7518 -0.0000
vn -0.5545 -0.8299 0.0616
vn -0.5547 -0.8301 -0.0570
vn -0.4423 -0.8969 -0.0000
vn -0.4078 -0.9098 -0.0774
vn -0.3208 -0.9451 0.0616
vn -0.3214 -0.9469 -0.0000
vn -0.1947 -0.9789 -0.0616
vn -0.0653 -0.9962 0.0570
vn -0.0653 -0.9960 -0.0616
vn 0.1951 -0.9808 -0.0000
vn 0.3209 -0.9454 -0.0570
vn 0.6581 -0.7504 0.0616
vn 0.6593 -0.7518 -0.0000
vn 0.7518 -0.6593 -0.0000
vn 0.7504 -0.6581 -0.0616
vn 0.8299 -0.5545 0.0616
vn 0.8488 -0.5231 -0.0774
vn 0.8954 -0.4416 0.0570
vn 0.9469 -0.3214 -0.0000
vn 0.9382 -0.3426 -0.0484
vn 0.9797 -0.1658 0.1130
vn 0.9792 -0.1948 -0.0570
vn 0.9950 0.0189 0.0977
vn 0.9979 0.0654 -0.0000
vn 0.8600 0.1681 0.4818
vn 0.8594 0.1709 -0.4819
vn 0.8297 0.2817 0.4819
vn 0.8297 0.2817 -0.4819
vn 0.7859 0.3875 0.4819
vn 0.7873 0.3846 -0.4820
vn 0.6566 0.5802 0.4820
vn 0.5777 0.6588 0.4819
vn 0.5777 0.6588 -0.4819
vn 0.4868 0.7286 0.4819
vn 0.4895 0.7267 -0.4820
vn 0.3875 0.7859 0.4819
vn 0.2817 0.8297 0.4819
vn 0.1786 0.8577 -0.4821
vn 0.0495 0.8747 0.4821
vn -0.0495 0.8747 -0.4821
vn -0.1786 0.8577 0.4821
vn -0.3905 0.7844 0.4820
vn -0.3876 0.7859 -0.4819
vn -0.4868 0.7286 0.4819
vn -0.4841 0.7303 -0.4820
vn -0.5777 0.6588 0.4819
vn -0.6566 0.5802 -0.4820
vn -0.7859 0.3876 -0.4819
vn -0.8307 0.2785 0.4820
vn -0.8745 0.0540 0.4820
vn -0.8744 0.0573 -0.4819
vn -0.8744 -0.0573 -0.4819
vn -0.8594 -0.1709 0.4819
vn -0.8583 -0.1770 -0.4817
vn -0.8297 -0.2817 0.4819
vn -0.7241 -0.4932 0.4821
vn -0.5752 -0.6609 0.4820
vn -0.5802 -0.6566 -0.4820
vn -0.3805 -0.7892 0.4821
vn -0.2890 -0.8271 -0.4821
vn -0.1633 -0.8608 0.4821
vn 0.0606 -0.8741 0.4820
vn 0.0573 -0.8744 -0.4819
vn 0.1709 -0.8594 0.4819
vn 0.1677 -0.8600 -0.4820
vn 0.2817 -0.8297 0.4819
vn 0.3875 -0.7859 0.4819
vn 0.3876 -0.7859 -0.4819
vn 0.4868 -0.7286 0.4819
vn 0.4868 -0.7286 -0.4819
vn 0.5718 -0.6638 -0.4821
vn 0.6638 -0.5718 0.4821
vn 0.7859 -0.3876 -0.4819
vn 0.8307 -0.2785 0.4820
vn 0.8286 -0.2847 -0.4820
vn 0.8745 -0.0540 0.4820
vn 0.8744 -0.0573 -0.4819
vn 0.8744 0.0573 -0.4819
vn -0.5104 -0.8599 0.0075
vn 0.8377 -0.1782 0.5162
vn 0.9121 -0.0000 -0.4101
vn -0.8377 0.1782 -0.5162
vn -0.9121 -0.0000 0.4101
vn -0.5085 0.8381 -0.1977
vn -0.1968 0.8665 0.4587
vn -0.2088 0.8945 -0.3952
vn -0.2560 -0.0451 -0.9656
vn 0.7370 -0.4751 -0.4807
vn 0.2817 -0.9562 0.0794
vn 0.7331 -0.6559 0.1798
vn 0.2589 -0.1250 -0.9578
vn -0.3619 0.8923 -0.2699
vn -0.2645 0.8146 0.5162
vn -0.7755 0.4477 0.4451
vn -0.9542 -0.2557 0.1554
vn -0.9542 0.2557 0.1554
vn -0.7028 0.7028 0.1097
vn -0.2529 0.9437 0.2133
vn 0.2578 0.9623 0.0866
vn 0.6908 0.6908 0.2133
vn 0.9610 0.2575 0.1005
vn 0.9460 -0.2535 0.2019
vn 0.6985 -0.6985 0.1554
vn 0.2575 -0.9610 0.1005
vn -0.2535 -0.9460 0.2019
vn -0.7028 -0.7028 0.1097
vn -0.8970 -0.0034 0.4419
vn -0.0233 -0.0270 0.9994
vn -0.0000 -0.0000 1.0000
vn -0.1255 0.1637 0.9785
vn -0.9261 -0.2136 0.3110
vn 0.6514 -0.1849 0.7359
vn 0.7189 0.5994 0.3519
vn -0.1412 0.6864 0.7134
vn 0.0464 -0.2714 -0.9614
vn -0.2573 -0.9601 0.1097
vn -0.6985 -0.6985 0.1554
vn -0.9601 0.2573 0.1098
vn -0.6925 0.6925 0.2019
vn -0.2575 0.9610 0.1005
vn 0.2557 0.9542 0.1554
vn 0.6985 0.6985 0.1554
vn 0.9601 0.2573 0.1097
vn 0.9437 -0.2529 0.2133
vn 0.7044 -0.7044 0.0866
vn 0.2529 -0.9437 0.2133
vn -0.1839 -0.9807 0.0663
vn -0.0009 0.0022 1.0000
vn -0.9423 -0.2026 0.2666
vn -0.2758 -0.3682 0.8879
vn 0.5239 -0.2107 0.8253
vn 0.3884 0.9149 0.1104
vn -0.1239 0.5357 0.8353
vn -0.6469 0.7159 0.2627
vn -0.5157 0.1671 0.8403
vn -0.8660 -0.5000 -0.0000
vn 0.7028 -0.7028 0.1097
vn -0.2579 -0.9623 0.0866
vn -0.6908 -0.6908 0.2133
vn -0.9601 -0.2573 0.1097
vn -0.9460 0.2535 0.2019
vn -0.7035 0.7035 0.1005
vn 0.2578 0.9623 0.0867
vn 0.0068 -0.0025 1.0000
vn -0.2053 -0.6689 0.7144
vn 0.4756 -0.1891 0.8591
vn 0.9419 0.2172 0.2562
vn 0.2820 0.9197 0.2731
vn -0.1251 0.5105 0.8507
vn -0.8963 -0.2068 0.3924
vn 0.4907 -0.8296 0.2663
vn 0.7035 -0.7035 0.1005
vn 0.2557 -0.9542 0.1554
vn -0.2557 -0.9542 0.1554
vn -0.7035 -0.7035 0.1005
vn -0.9460 -0.2535 0.2019
vn -0.9610 0.2575 0.1005
vn -0.2572 0.9601 0.1098
vn 0.2557 0.9542 0.1555
vn 0.6985 0.6985 0.1555
vn 0.5505 -0.8343 0.0288
vn -0.1926 0.1740 0.9657
vn 0.9416 0.3302 0.0659
vn -0.0001 -0.0066 1.0000
vn -0.0009 0.0015 1.0000
vn 0.4769 -0.1998 0.8560
vn 0.4141 0.3741 0.8298
vn 0.2336 0.9565 0.1747
vn -0.9081 0.2779 0.3133
vn -0.7102 -0.6420 0.2887
vn 0.1117 -0.8218 0.5587
vn -0.9567 0.0066 0.2909
vn -0.2118 -0.1758 -0.9614
vn 0.2573 0.9601 0.1097
vn 0.9542 0.2557 0.1554
vn 0.9601 -0.2573 0.1098
vn 0.6925 -0.6925 0.2019
vn -0.9610 -0.2575 0.1005
vn -0.2535 0.9460 0.2019
vn -0.0073 0.0068 1.0000
vn -0.0028 0.0067 1.0000
vn 0.9427 0.2028 0.2648
vn 0.2755 0.3676 0.8882
vn -0.3775 0.3950 0.8375
vn -0.3902 -0.9197 -0.0446
vn 0.0641 -0.4972 0.8653
vn 0.6466 -0.7159 0.2635
vn 0.5158 -0.1667 0.8403
vn 0.0010 0.0027 1.0000
vn -0.9363 -0.3507 -0.0171
vn -0.7719 0.6355 -0.0171
vn 0.1644 0.9862 -0.0171
vn 0.9363 0.3507 -0.0171
vn 0.7719 -0.6355 -0.0171
vn -0.1644 -0.9862 -0.0171
vn 0.5104 0.8599 0.0075
vn 0.9999 -0.0121 0.0075
vn 0.4895 -0.8720 0.0075
vn -0.9999 0.0121 0.0075
vn -0.4895 0.8720 0.0075
vn -0.2557 0.9542 0.1555
vn 0.7028 0.7028 0.1097
vn 0.9437 0.2529 0.2133
vn 0.9623 -0.2578 0.0866
vn 0.6908 -0.6908 0.2133
vn -0.9542 -0.2557 0.1555
vn -0.9542 0.2557 0.1555
vn -0.0000 -0.0000 -1.0000
vn -0.1887 0.8207 0.5392
vn -0.6914 0.2035 0.6933
vn -0.7565 -0.6397 0.1362
vn 0.6450 -0.1975 0.7383
vn 0.6220 0.5622 0.5450
vn 0.0408 -0.0138 -0.9991
vn -0.7911 0.3694 0.4875
vn -0.9707 -0.2229 -0.0893
vn 0.8488 0.2628 -0.4587
vn 0.8726 0.2909 0.3923
vn 0.0704 -0.0067 -0.9975
vn 0.9987 0.0009 0.0511
vn -0.9988 -0.0000 0.0497
vn 0.0011 0.9987 0.0507
vn -0.0004 -0.9987 0.0506
vn 0.8758 0.1835 0.4464
vn -0.8813 0.0235 -0.4720
vn 0.1849 0.9805 0.0659
vn 0.7067 -0.7067 0.0325
vn 0.7067 0.7067 0.0334
vn -0.6658 -0.7419 0.0792
vn -0.7087 0.7033 0.0553
vn -0.7639 -0.6128 -0.2026
vn 0.5712 -0.5137 0.6402
vn 0.4459 -0.0380 0.8943
vn 0.3698 0.4140 0.8318
vn -0.0025 0.6460 0.7633
vn -0.4232 0.4232 0.8012
vn -0.6409 -0.0020 0.7676
vn -0.3797 -0.4178 0.8254
vn 0.0011 -0.6456 0.7637
vn 0.0076 0.0076 0.9999
vn -0.9792 0.1063 0.1729
vn -0.0251 -0.8081 0.5885
vn 0.8653 -0.0286 0.5005
vn 0.0299 0.9632 0.2672
vn 0.2478 -0.9674 0.0525
vn -0.9044 0.4201 -0.0747
vn 0.2477 -0.9674 0.0525
vn -0.9043 0.4204 -0.0747
vn 0.8970 0.0034 0.4419
vn -0.9022 0.4314 -0.0018
vn -0.4011 -0.8689 -0.2902
vn 0.2789 0.8502 0.4464
vn -0.7410 0.6261 -0.2427
vn -0.4977 -0.8413 -0.2111
vn -0.2582 0.0955 -0.9614
vn 0.9425 -0.3315 -0.0432
vn -0.6027 -0.7626 -0.2348
vn 0.6900 -0.5729 0.4424
vn 0.5000 0.8660 -0.0000
vn -0.1239 0.0682 0.9899
vn -0.4559 -0.7750 0.4376
vn -0.5642 -0.6962 0.4438
vn -0.0096 0.0260 0.9996
vn 0.0044 0.0058 1.0000
vn -0.8131 0.5781 -0.0678
vn 0.4226 -0.7802 0.4612
vn -0.9404 -0.3338 -0.0652
vn 0.7049 -0.7082 0.0392
vn -0.8589 0.4996 0.1121
vn -0.7555 0.6510 0.0734
vn 0.4610 0.7515 -0.4720
vn 0.8939 -0.4475 -0.0248
vn -0.9589 0.2826 0.0257
vn 0.9104 -0.4117 0.0398
vn 0.0159 -0.0218 0.9996
vn 0.7926 -0.4833 0.3718
vn -0.0323 -0.0284 -0.9991
vn 0.2910 0.8920 -0.3458
vn -0.0410 -0.0576 -0.9975
vn 0.1477 0.9153 -0.3747
vn 0.0409 0.7193 -0.6935
vn -0.3028 -0.9281 -0.2168
vn 0.2781 0.8505 -0.4464
vn 0.3995 0.8026 -0.4429
vn -0.7439 0.6680 -0.0221
vn 0.5255 0.6659 -0.5296
vn 0.2188 0.9757 0.0084
vn 0.1141 0.9934 0.0144
vn 0.0826 0.9964 0.0189
vn 0.8800 -0.4750 -0.0031
vn 0.6081 0.7939 0.0015
vn -0.7305 0.6829 0.0016
vn 0.5458 0.8370 0.0398
vn 0.8469 -0.5316 0.0058
vn 0.2498 0.9682 0.0137
vn 0.9365 -0.3449 0.0638
vn -0.9399 0.2714 0.2072
vn 0.0511 0.0782 0.9956
vn -0.7544 0.6532 0.0646
vn 0.0034 -0.0057 1.0000
vn 0.8992 -0.4349 0.0478
vn -0.4933 0.8698 0.0072
vn 0.0499 0.9341 -0.3536
vn 0.9359 -0.3463 -0.0651
vn 0.1550 0.9879 0.0106
vn -0.7793 -0.6266 -0.0024
vn -0.8246 -0.5657 -0.0018
vn -0.8385 0.3102 0.4480
vn 0.0085 -0.0422 -0.9991
vn -0.5506 0.8343 0.0288
vn -0.1487 0.9679 -0.2026
vn 0.4993 0.8099 0.3079
vn -0.9101 0.3839 -0.1559
vn -0.7174 -0.6734 -0.1787
vn -0.0000 -1.0000 -0.0000
vn 0.7567 -0.6504 0.0659
vn -0.4715 -0.8594 -0.1977
vn 0.9604 0.2784 0.0095
vn -0.4393 0.8214 0.3637
vn 0.7868 0.6170 0.0194
vn 0.7603 0.5773 -0.2980
vn 0.7639 0.6128 -0.2026
vn -0.0050 -0.0010 1.0000
vn -0.0019 0.0109 0.9999
vn 0.4303 0.7497 -0.5029
vn -0.5070 -0.8619 0.0139
vn -0.8298 0.5581 -0.0028
vn -0.4472 -0.8940 0.0288
vn -0.1648 -0.9863 -0.0041
vn -0.0159 0.0218 0.9996
vn -0.9357 -0.0062 -0.3529
vn -0.4543 -0.8205 0.3470
vn 0.8936 0.4484 0.0214
vn 0.9288 0.3011 -0.2159
vn 0.7377 -0.6546 -0.1654
vn 0.0221 -0.0649 -0.9976
vn 0.0133 -0.0230 0.9996
vn 0.8660 0.5000 -0.0000
vn -0.5932 -0.7543 -0.2814
vn 0.4301 -0.7498 -0.5028
vn -0.6724 -0.6628 0.3295
vn -0.6724 0.6628 0.3295
vn -0.5235 0.5161 -0.6779
vn -0.8980 -0.0000 0.4401
vn -0.7121 -0.7020 -0.0000
vn -0.5235 -0.5161 -0.6779
vn -0.6112 -0.0000 -0.7915
vn -0.7121 0.7020 -0.0000
vn -0.8660 0.5000 -0.0000
vn -0.9984 0.0473 -0.0320
vn 0.8660 -0.5000 -0.0000
vn -0.0000 1.0000 -0.0000
vn 0.4859 0.8712 -0.0699
vn 0.5246 -0.3029 -0.7957
vn -0.5246 -0.3029 -0.7957
vn -1.0000 -0.0000 -0.0000
vn 0.6724 -0.6628 0.3295
vn 0.6724 0.6628 0.3295
vn 0.5235 0.5161 -0.6779
vn 0.8980 -0.0000 0.4401
vn 0.7121 -0.7020 -0.0000
vn 0.5235 -0.5161 -0.6779
vn 0.6112 -0.0000 -0.7915
vn 0.7121 0.7020 -0.0000
vn 0.5000 -0.8660 0.0016
vn -0.9978 -0.0597 0.0288
vn 1.0000 -0.0032 -0.0002
vn -0.9530 -0.0872 -0.2902
vn -0.9330 -0.3597 0.0106
vn -0.0033 0.0039 1.0000
vn 1.0000 -0.0000 0.0059
vn -0.9774 0.0104 -0.2111
vn 0.4581 -0.7815 -0.4236
vn -0.0029 0.1414 0.9899
vn -0.9618 0.1406 -0.2348
vn -0.8991 0.0073 0.4376
vn -0.8851 0.1405 0.4438
vn -0.5000 0.8660 0.0016
vn 0.0178 0.0213 0.9996
vn 0.0941 0.9932 -0.0678
vn 0.9552 0.0083 0.2957
vn 0.9404 0.3338 -0.0652
vn -0.2609 -0.9646 0.0392
vn 0.0032 0.9937 0.1121
vn 0.1860 0.9798 0.0734
vn 0.0594 -0.9979 -0.0248
vn -0.2347 0.9717 0.0257
vn 0.0986 -0.9943 0.0398
vn 0.2391 0.9709 0.0095
vn -0.0222 -0.9280 0.3718
vn 0.9112 0.1925 -0.3642
vn 0.8665 0.3298 -0.3747
vn 0.6433 0.3243 -0.6935
vn -0.9551 -0.2018 -0.2168
vn 0.8756 0.1844 -0.4464
vn 0.4760 -0.8371 -0.2697
vn 0.8948 0.0554 -0.4429
vn 0.2065 0.9782 -0.0221
vn 0.8394 -0.1222 -0.5296
vn 0.9540 0.2995 0.0090
vn 0.9173 0.3978 0.0144
vn 0.9042 0.4266 0.0189
vn 0.0287 -0.9996 -0.0031
vn 0.9916 -0.1296 0.0015
vn 0.2261 0.9741 0.0016
vn 0.9977 -0.0540 0.0398
vn 0.1695 -0.9835 0.0639
vn -0.2349 0.9497 0.2072
vn 0.0933 -0.0052 0.9956
vn 0.1885 0.9799 0.0646
vn -0.0032 -0.0058 1.0000
vn 0.8813 -0.0235 -0.4720
vn 0.0730 -0.9962 0.0478
vn 0.4933 -0.8698 0.0072
vn 0.1680 -0.9836 -0.0651
vn 0.1536 -0.8988 0.4106
vn 0.4644 0.7560 0.4612
vn -0.1848 0.9818 0.0430
vn 0.0109 0.0247 0.9996
vn 0.0058 -0.0043 1.0000
vn 0.9510 -0.0275 0.3080
vn -0.1952 0.9644 -0.1785
vn -0.9418 0.2846 -0.1787
vn 0.0049 0.0111 0.9999
vn 0.8376 0.3216 0.4416
vn -0.0015 -0.0058 1.0000
vn 0.0193 0.9724 0.2324
vn -0.0003 0.0035 1.0000
vn 0.9347 -0.3553 0.0037
vn 0.8851 -0.3570 -0.2985
vn -0.4454 0.8506 0.2794
vn 0.0071 0.0125 -0.9999
vn 0.1487 -0.9679 -0.2026
vn -0.3502 -0.9127 -0.2107
vn 0.9623 0.2715 0.0141
vn -0.9999 0.0081 0.0139
vn 0.0684 0.9977 -0.0028
vn -0.3099 -0.9507 0.0052
vn -0.9800 -0.0213 -0.1977
vn -0.4760 -0.8371 -0.2697
vn 0.8403 -0.5419 0.0159
vn 0.6798 -0.7142 -0.1671
vn 0.0577 -0.9905 -0.1244
vn 0.7780 -0.6282 0.0106
vn -0.6839 0.7216 -0.1074
vn -0.3371 0.9258 -0.1711
vn 0.9526 -0.3041 -0.0089
vn 0.5520 -0.7818 -0.2901
vn 0.1609 0.9654 -0.2051
vn 0.4797 -0.8516 -0.2111
vn -0.4732 0.8072 -0.3529
vn 0.8246 0.5657 -0.0018
vn 0.3591 -0.9033 -0.2348
vn 0.5969 -0.6667 0.4464
vn 0.4433 -0.7823 0.4376
vn 0.3209 -0.8367 0.4438
vn -0.0273 0.0047 0.9996
vn -0.7569 -0.6520 -0.0440
vn -0.9073 -0.4151 -0.0678
vn 0.1812 0.9813 -0.0652
vn 0.7740 -0.6309 -0.0533
vn 0.9658 0.2563 0.0392
vn -0.8621 -0.4941 0.1121
vn -0.9415 -0.3288 0.0735
vn -0.7579 -0.6510 0.0429
vn 0.8345 0.5504 -0.0248
vn -0.7242 -0.6891 0.0257
vn 0.8118 0.5826 0.0398
vn 0.8148 0.4448 0.3718
vn -0.6273 0.6983 -0.3448
vn -0.7188 0.5856 -0.3747
vn -0.6025 0.3950 -0.6935
vn 0.6523 -0.7262 -0.2168
vn -0.5975 0.6661 -0.4464
vn -0.4203 0.7750 -0.4720
vn -0.4954 0.7473 -0.4429
vn -0.9504 -0.3102 -0.0221
vn -0.3139 0.7880 -0.5296
vn -0.7355 0.6775 0.0083
vn -0.8032 0.5955 0.0144
vn -0.8216 0.5697 0.0189
vn 0.8513 0.5246 -0.0031
vn -0.3835 0.9235 0.0015
vn -0.9567 -0.2912 0.0016
vn -0.4519 0.8912 0.0398
vn 0.8839 0.4676 0.0058
vn -0.7902 0.6127 0.0120
vn -0.1210 -0.0733 0.9899
vn 0.7669 0.6385 0.0638
vn -0.7050 -0.6782 0.2072
vn -0.0422 0.0834 0.9956
vn -0.9429 -0.3267 0.0646
vn 0.8262 0.5613 0.0478
vn -0.8755 0.4201 -0.2387
vn 0.5085 -0.8381 -0.1977
vn 0.7678 0.6373 -0.0651
vn 0.8385 -0.3102 0.4480
vn -0.5000 0.8660 -0.0000
vn 0.4515 -0.7752 0.4419
vn -0.9604 -0.2784 0.0095
vn 0.1403 0.8862 0.4416
vn -0.4517 0.8373 0.3079
vn -0.7385 -0.6534 -0.1665
vn 0.2245 -0.9580 -0.1787
vn -0.0085 0.0422 -0.9991
vn -0.8376 -0.3216 0.4416
vn -0.9349 -0.2976 0.1936
vn -0.0133 0.0230 0.9996
vn -0.0144 -0.0001 -0.9999
vn -0.1409 0.9898 0.0194
vn -0.1198 0.9470 -0.2979
vn 0.5687 -0.8225 -0.0017
vn 0.9978 0.0597 0.0288
vn -1.0000 -0.0054 0.0071
vn 0.4929 -0.8700 0.0139
vn -0.8982 -0.4395 -0.0028
vn 0.0008 0.0072 1.0000
vn 0.5046 -0.8633 0.0071
vn 0.9357 -0.0062 -0.3529
vn -0.1675 0.9857 0.0186
vn 0.0985 0.9659 -0.2394
vn 0.8290 0.5452 -0.1245
vn 0.4543 0.8205 0.3470
vn -0.2830 -0.9531 -0.1074
vn 0.9530 0.0872 -0.2901
vn -0.9334 -0.3549 -0.0534
vn 0.9774 -0.0104 -0.2111
vn -0.4760 0.8371 -0.2697
vn 0.9618 -0.1406 -0.2348
vn 0.0017 0.0048 1.0000
vn 0.8991 -0.0073 0.4376
vn 0.8851 -0.1405 0.4438
vn -0.0178 -0.0213 0.9996
vn -0.0941 -0.9932 -0.0678
vn -0.7592 0.6475 -0.0652
vn -0.6820 -0.5433 0.4895
vn 0.2609 0.9646 0.0392
vn -0.0032 -0.9937 0.1121
vn -0.0072 0.0009 1.0000
vn -0.1860 -0.9798 0.0734
vn -0.2391 -0.9709 0.0095
vn -0.0594 0.9979 -0.0248
vn 0.2347 -0.9717 0.0257
vn -0.0986 0.9943 0.0398
vn 0.1848 -0.9818 0.0430
vn 0.0222 0.9280 0.3718
vn -0.9112 -0.1925 -0.3642
vn 0.1862 -0.9815 -0.0440
vn -0.8665 -0.3298 -0.3747
vn -0.6433 -0.3243 -0.6935
vn 0.9551 0.2018 -0.2168
vn -0.8756 -0.1844 -0.4464
vn -0.8948 -0.0554 -0.4429
vn -0.2065 -0.9782 -0.0221
vn -0.8394 0.1222 -0.5296
vn -0.9540 -0.2995 0.0090
vn -0.9173 -0.3978 0.0144
vn -0.9042 -0.4266 0.0189
vn -0.0286 0.9996 -0.0031
vn -0.9916 0.1296 0.0015
vn -0.2261 -0.9741 0.0016
vn -0.9977 0.0542 0.0398
vn 0.0370 0.9993 0.0058
vn -0.0014 -0.0014 1.0000
vn -0.1695 0.9835 0.0639
vn 0.2349 -0.9497 0.2072
vn -0.0933 0.0052 0.9956
vn -0.1885 -0.9799 0.0646
vn 0.0032 0.0058 1.0000
vn -0.0730 0.9962 0.0478
vn 0.9800 0.0213 -0.1977
vn 0.5066 0.8621 0.0072
vn -0.1680 0.9836 -0.0651
vn 0.9783 0.2069 0.0052
vn 0.6879 0.5711 0.4480
vn -0.4644 -0.7560 0.4613
vn -0.0775 0.9970 -0.0018
vn -0.0067 0.0025 1.0000
vn 0.9130 -0.3651 -0.1820
vn -0.9510 0.0275 0.3079
vn 0.1824 -0.9671 -0.1772
vn 0.9418 -0.2846 -0.1787
vn -0.0071 -0.0125 -0.9999
vn -0.0408 0.0138 -0.9991
vn -0.6900 0.5729 0.4424
vn -0.0109 -0.0247 0.9996
vn -0.0193 -0.9724 0.2324
vn -0.9347 0.3553 0.0037
vn -0.8851 0.3570 -0.2985
vn 0.0029 -0.1414 0.9899
vn 0.0066 0.0001 1.0000
vn 0.3502 0.9127 -0.2107
vn -0.9625 -0.2709 0.0142
vn 0.9578 -0.2862 -0.0263
vn 0.9999 -0.0081 0.0139
vn -0.0684 -0.9977 -0.0028
vn -0.4907 0.8296 0.2663
vn 1.0000 0.0054 0.0071
vn 0.0016 0.0070 1.0000
vn -0.9552 -0.0083 0.2957
vn -0.4581 -0.7815 -0.4236
vn -0.8403 0.5418 0.0159
vn -0.6798 0.7142 -0.1671
vn 0.1247 0.9801 -0.1546
vn -0.7213 0.6926 0.0095
vn -0.4279 -0.9038 -0.0017
vn 0.9506 -0.1353 -0.2794
vn -0.4302 -0.7495 -0.5031
vn 0.3369 -0.9258 -0.1712
vn -0.9535 0.3011 -0.0088
vn -0.4456 -0.7786 0.4419
vn 0.4009 0.8690 -0.2902
vn 0.4454 -0.8506 0.2794
vn 0.4977 0.8413 -0.2111
vn 0.4581 0.7815 -0.4236
vn 0.4471 0.8940 0.0288
vn 0.6027 0.7626 -0.2348
vn -0.1403 -0.8862 0.4416
vn 0.0073 -0.0124 -0.9999
vn 0.4559 0.7750 0.4376
vn 0.5642 0.6962 0.4438
vn -0.7567 0.6504 0.0659
vn -0.0044 -0.0058 1.0000
vn 0.0096 -0.0260 0.9996
vn 0.8131 -0.5782 -0.0678
vn 0.7592 -0.6475 -0.0652
vn -0.1593 -0.9858 -0.0533
vn -0.7049 0.7082 0.0392
vn 0.8590 -0.4996 0.1121
vn -0.2790 -0.8502 0.4464
vn 0.7555 -0.6510 0.0735
vn -0.8939 0.4476 -0.0248
vn 0.9589 -0.2826 0.0257
vn -0.9104 0.4117 0.0398
vn -0.9361 0.3460 0.0635
vn -0.7926 0.4833 0.3718
vn -0.4296 0.7498 -0.5032
vn -0.2911 -0.8924 -0.3447
vn -0.1812 -0.9813 -0.0652
vn 0.0011 0.0070 -1.0000
vn 0.4317 0.9015 0.0294
vn -0.1477 -0.9153 -0.3747
vn -0.0409 -0.7193 -0.6935
vn 0.3028 0.9281 -0.2168
vn -0.2781 -0.8505 -0.4464
vn 0.9427 -0.3309 0.0430
vn -0.4610 -0.7515 -0.4720
vn -0.3995 -0.8026 -0.4429
vn 0.7439 -0.6680 -0.0221
vn -0.5255 -0.6659 -0.5296
vn -0.2190 -0.9757 0.0083
vn -0.1141 -0.9934 0.0144
vn -0.0833 -0.9963 0.0198
vn -0.8821 0.4710 -0.0030
vn -0.6081 -0.7939 0.0015
vn 0.7305 -0.6829 0.0016
vn -0.5458 -0.8370 0.0398
vn -0.8470 0.5316 0.0058
vn -0.1355 -0.9907 0.0120
vn -0.9427 0.3309 0.0430
vn 0.9399 -0.2714 0.2072
vn -0.0511 -0.0782 0.9956
vn 0.7544 -0.6532 0.0646
vn -0.0066 -0.0001 1.0000
vn 0.0033 -0.0039 1.0000
vn -0.8992 0.4349 0.0478
vn 0.4715 0.8594 -0.1977
vn -0.5066 -0.8621 0.0072
vn 0.0540 -0.9750 -0.2156
vn -0.9359 0.3463 -0.0651
vn -0.1536 0.8988 0.4106
vn 0.0072 -0.0098 0.9999
vn -0.9431 0.3295 -0.0440
vn 0.9022 -0.4313 -0.0018
vn -0.0067 -0.0029 1.0000
vn -0.4993 -0.8099 0.3079
vn 0.9101 -0.3839 -0.1559
vn 0.7174 0.6734 -0.1787
vn 0.4456 0.7786 0.4419
vn 0.0067 0.0029 1.0000
vn 0.8325 -0.5029 0.2324
vn -0.0133 -0.0230 0.9996
vn 0.0323 0.0284 -0.9991
vn -0.7868 -0.6170 0.0194
vn -0.7603 -0.5773 -0.2980
vn 0.7213 -0.6926 0.0095
vn 0.9980 0.0620 0.0107
vn 0.5070 0.8619 0.0139
vn 0.8298 -0.5581 -0.0028
vn -0.9427 -0.0262 -0.3325
vn -0.8929 -0.4497 0.0205
vn -0.9181 -0.3299 -0.2195
vn -0.9263 0.3612 -0.1074
vn -0.5046 0.8633 0.0071
vn -1.0000 -0.0000 0.0063
vn 0.9653 0.2412 -0.1003
vn -0.7241 0.6896 0.0045
vn -0.5521 0.7817 -0.2901
vn -0.7740 0.6309 -0.0533
vn -0.4797 0.8516 -0.2111
vn 0.9472 -0.0264 -0.3197
vn 0.7569 0.6520 -0.0440
vn -0.3591 0.9033 -0.2348
vn 0.9999 -0.0077 0.0072
vn -0.7779 0.6280 0.0219
vn -0.4433 0.7823 0.4376
vn -0.3209 0.8367 0.4438
vn -0.5969 0.6667 0.4464
vn 0.0273 -0.0047 0.9996
vn 0.9072 0.4151 -0.0678
vn -0.9658 -0.2563 0.0392
vn 0.8621 0.4941 0.1121
vn 0.2118 0.1758 -0.9614
vn 0.9415 0.3288 0.0735
vn -0.4515 0.7752 0.4419
vn -0.8345 -0.5504 -0.0248
vn 0.7242 0.6891 0.0257
vn -0.8118 -0.5826 0.0398
vn 0.7579 0.6510 0.0430
vn 0.1210 0.0733 0.9899
vn -0.8148 -0.4448 0.3718
vn -0.0058 0.0043 1.0000
vn 0.6273 -0.6983 -0.3448
vn -0.0073 0.0124 -0.9999
vn 0.7188 -0.5856 -0.3747
vn 0.6025 -0.3950 -0.6935
vn -0.6523 0.7263 -0.2168
vn 0.5975 -0.6661 -0.4464
vn -0.5000 -0.8660 -0.0000
vn 0.4954 -0.7473 -0.4429
vn 0.9504 0.3102 -0.0221
vn 0.3139 -0.7880 -0.5296
vn 0.7355 -0.6775 0.0083
vn 0.8032 -0.5955 0.0144
vn 0.8216 -0.5698 0.0189
vn -0.8513 -0.5246 -0.0031
vn 0.3835 -0.9235 0.0015
vn 0.9567 0.2912 0.0016
vn 0.4519 -0.8912 0.0398
vn -0.8839 -0.4676 0.0058
vn 0.9567 -0.0066 0.2909
vn -0.7669 -0.6385 0.0638
vn 0.7050 0.6782 0.2072
vn 0.0422 -0.0834 0.9956
vn 0.9429 0.3267 0.0646
vn -0.0034 0.0057 1.0000
vn 0.0050 0.0010 1.0000
vn -0.8262 -0.5613 0.0478
vn -0.9999 0.0077 0.0072
vn -0.7678 -0.6373 -0.0651
vn 0.9334 0.3549 -0.0534
vn 0.4203 -0.7750 -0.4720
vn -0.9416 -0.3302 0.0659
vn -0.0008 -0.0072 1.0000
vn 0.4517 -0.8373 0.3079
vn 0.9260 0.3609 -0.1103
vn -0.2244 0.9580 -0.1787
vn 0.0269 0.0029 0.9996
vn 0.5000 -0.8660 -0.0000
vn 0.9348 0.2976 0.1937
vn -0.9638 -0.0102 0.2663
vn 0.1609 -0.9870 0.0027
vn 0.1371 -0.9445 -0.2986
vn -0.4453 -0.8953 0.0107
vn -0.0017 -0.0048 1.0000
vn -0.9594 0.0395 0.2794
vn 0.9985 -0.0000 -0.0542
vn -0.4929 0.8700 0.0139
vn 0.8982 0.4395 -0.0028
vn 0.9638 0.0102 0.2663
vn -0.9130 0.3651 -0.1820
vn 0.4760 0.8371 -0.2697
vn 0.1676 -0.9857 0.0186
vn -0.0985 -0.9659 -0.2394
vn -0.9396 -0.2991 -0.1663
vn 0.2379 -0.9137 0.3295
vn -0.9102 -0.2509 0.3295
vn -0.7087 -0.1953 -0.6779
vn -0.4490 -0.7777 0.4401
vn 0.2519 -0.9677 -0.0000
vn 0.1852 -0.7114 -0.6779
vn -0.3056 -0.5293 -0.7915
vn -0.9641 -0.2657 -0.0000
vn -0.0000 0.6057 -0.7957
vn -0.0000 -0.6057 -0.7957
vn -0.0000 -0.8955 0.4451
vn -0.0000 0.8955 0.4451
vn 0.7755 -0.4477 0.4452
vn -0.4259 -0.9046 -0.0154
vn -0.5000 -0.8660 -0.0022
vn -0.5246 0.3029 -0.7957
vn -0.4966 -0.8680 -0.0000
vn 0.9102 0.2509 0.3295
vn -0.2378 0.9137 0.3295
vn -0.1852 0.7114 -0.6779
vn 0.4490 0.7777 0.4401
vn 0.9641 0.2657 -0.0000
vn 0.7087 0.1953 -0.6779
vn 0.3056 0.5293 -0.7915
vn -0.2519 0.9678 -0.0000
vn 0.5189 0.8543 -0.0308
vn -1.0000 -0.0000 0.0016
vn 0.4982 0.8671 -0.0000
vn 0.5789 0.8154 -0.0000
vn 0.9102 -0.2509 0.3295
vn -0.2379 -0.9137 0.3295
vn -0.1852 -0.7114 -0.6779
vn 0.4490 -0.7777 0.4401
vn 0.9641 -0.2657 -0.0000
vn 0.7087 -0.1953 -0.6779
vn 0.3056 -0.5293 -0.7915
vn -0.2519 -0.9677 -0.0000
vn 0.1593 0.9858 -0.0533
vn 0.7755 0.4477 0.4451
vn 0.5246 0.3029 -0.7957
vn 0.4981 -0.8671 -0.0000
vn 0.6265 0.7794 -0.0023
vn 0.2379 0.9137 0.3295
vn -0.9102 0.2509 0.3295
vn -0.7087 0.1953 -0.6779
vn -0.4490 0.7777 0.4401
vn 0.2519 0.9677 -0.0000
vn 0.1852 0.7114 -0.6779
vn -0.3056 0.5293 -0.7915
vn -0.9641 0.2657 -0.0000
vn -0.3954 0.9185 -0.0063
vn -0.7755 -0.4477 0.4451
vn -0.8758 -0.1836 0.4464
vn -0.0464 0.2714 -0.9614
vn 1.0000 0.0002 0.0010
vn 1.0000 -0.0000 0.0016
vn 1.0000 -0.0072 -0.0000
vn 0.4259 0.9046 -0.0154
vn 0.9330 0.3597 0.0106
vn -1.0000 0.0044 -0.0009
vn -0.2379 0.9137 0.3295
vn -0.2519 0.9677 -0.0000
vn 0.7755 -0.4477 0.4451
vn -1.0000 -0.0002 0.0010
vn -0.7755 0.4477 0.4452
vn 0.4993 0.8649 -0.0511
vn -0.0269 -0.0029 0.9996
vn 0.2378 -0.9137 0.3295
vn 0.2519 -0.9678 -0.0000
vn -0.4990 -0.8634 0.0738
vn -0.4981 -0.8671 -0.0000
vn -0.5789 -0.8154 -0.0000
vn -0.9102 0.2508 0.3295
vn -0.4993 -0.8649 -0.0511
vn 0.0071 -0.0009 1.0000
vn -0.5000 0.8660 -0.0022
vn -0.4975 0.8675 -0.0000
vn -0.5034 0.8641 -0.0000
vn 0.0775 -0.9970 -0.0018
vn 0.4987 -0.8638 -0.0720
vn 0.5741 -0.8188 -0.0000
vn 0.4972 -0.8676 -0.0002
vn 0.7911 0.3694 0.4875
vn -0.8488 0.2628 -0.4587
vn -0.8726 0.2909 0.3923
vn 0.0028 -0.0067 1.0000
vn -0.1862 0.9815 -0.0440
vn 0.2645 0.8146 0.5162
vn 0.4560 0.7899 -0.4101
vn -0.2645 -0.8146 -0.5162
vn -0.4560 -0.7899 0.4101
vn 0.9594 -0.0395 0.2794
vn -0.2645 -0.8146 0.5162
vn -0.2589 -0.1250 -0.9578
vn 0.3619 0.8923 -0.2698
vn 0.7331 0.6560 0.1798
vn 0.1968 -0.8665 0.4587
vn 0.2407 0.0358 -0.9699
vn -0.2816 0.9562 0.0794
vn -0.0704 0.0067 -0.9975
vn 1.0000 -0.0000 -0.0000
vn -0.4567 -0.1685 0.8735
vn -0.3728 -0.2511 0.8933
vn -0.2975 -0.3257 0.8975
vn -0.2537 -0.3998 0.8808
vn -0.1479 -0.4312 0.8900
vn -0.0396 -0.4375 0.8983
vn 0.0379 -0.4608 0.8867
vn 0.1345 -0.4018 0.9058
vn 0.3604 -0.4031 0.8412
vn 0.3244 -0.2813 0.9031
vn 0.4462 -0.1385 0.8841
vn 0.3975 -0.0467 0.9164
vn 0.4912 0.0567 0.8692
vn 0.4228 0.0857 0.9021
vn 0.4308 0.2135 0.8768
vn 0.3598 0.3170 0.8775
vn 0.2515 0.3762 0.8918
vn 0.2129 0.4656 0.8590
vn 0.0983 0.5290 0.8429
vn -0.1103 0.4804 0.8701
vn -0.2225 0.4417 0.8691
vn -0.3303 0.3953 0.8571
vn -0.4582 0.2998 0.8368
vn -0.3906 0.1933 0.9000
vn -0.4152 0.0844 0.9058
vn 0.9853 0.1630 0.0511
vn 0.8409 0.5366 -0.0709
vn 0.7808 0.6242 0.0263
vn 0.4583 0.8860 -0.0710
vn 0.3581 0.9316 -0.0626
vn 0.1576 0.9875 -0.0000
vn 0.1087 0.9940 -0.0067
vn -0.1034 0.9946 -0.0000
vn -0.1797 0.9836 -0.0151
vn -0.2830 0.9571 -0.0626
vn -0.4035 0.9126 0.0659
vn -0.6242 0.7782 -0.0692
vn -0.7726 0.6350 -0.0000
vn -0.8112 0.5848 0.0031
vn -0.9088 0.4151 0.0422
vn -0.9310 0.3641 0.0263
vn -0.9697 0.2354 -0.0659
vn -0.9969 0.0653 0.0435
vn -0.9856 -0.1584 0.0583
vn -0.9459 -0.3211 -0.0473
vn -0.9040 -0.4208 -0.0750
vn -0.8400 -0.5424 -0.0151
vn -0.7759 -0.6277 -0.0626
vn -0.6887 -0.7220 0.0659
vn -0.5709 -0.8180 -0.0709
vn -0.4739 -0.8806 0.0031
vn -0.2851 -0.9585 -0.0000
vn -0.2104 -0.9775 -0.0151
vn -0.1048 -0.9925 -0.0626
vn 0.0236 -0.9975 0.0659
vn 0.2789 -0.9578 -0.0692
vn 0.6875 -0.7262 -0.0000
vn 0.7400 -0.6724 -0.0145
vn 0.8120 -0.5815 -0.0511
vn 0.8959 -0.4418 0.0473
vn 0.9306 -0.3600 0.0659
vn 0.9689 -0.2374 -0.0692
vn 0.9921 -0.1068 0.0659
vn 0.9953 0.0973 -0.0000
vn -0.4390 -0.1018 -0.8927
vn -0.3993 -0.1867 -0.8976
vn -0.3687 -0.2622 -0.8918
vn -0.2794 -0.3262 -0.9031
vn -0.1986 -0.4148 -0.8880
vn -0.0806 -0.4356 -0.8965
vn 0.0278 -0.4255 -0.9045
vn 0.1429 -0.4261 -0.8933
vn 0.2511 -0.3728 -0.8933
vn 0.3257 -0.2975 -0.8975
vn 0.3954 -0.2479 -0.8844
vn 0.4257 -0.1405 -0.8939
vn 0.4370 -0.0402 -0.8986
vn 0.4596 0.0436 -0.8870
vn 0.4341 0.1538 -0.8876
vn 0.3966 0.2646 -0.8790
vn 0.3158 0.3624 -0.8769
vn 0.2025 0.4180 -0.8856
vn 0.0806 0.4356 -0.8965
vn -0.0196 0.4391 -0.8982
vn -0.1158 0.5142 -0.8498
vn -0.2169 0.4329 -0.8750
vn -0.3048 0.3370 -0.8908
vn -0.3941 0.2752 -0.8769
vn -0.4049 0.1852 -0.8954
vn -0.4172 0.0771 -0.9055
vn -0.4404 -0.0196 -0.8976
vn -0.9763 -0.2139 0.0338
vn -0.9481 -0.3176 0.0128
vn -0.8969 -0.4423 -0.0000
vn -0.8313 -0.5555 0.0200
vn -0.7518 -0.6593 -0.0044
vn -0.5571 -0.8302 0.0198
vn -0.4246 -0.9047 0.0338
vn -0.3252 -0.9455 0.0128
vn 0.1976 -0.9803 -0.0000
vn 0.3014 -0.9534 0.0157
vn 0.4606 -0.8870 0.0335
vn 0.5522 -0.8336 0.0128
vn 0.6613 -0.7502 -0.0000
vn 0.7379 -0.6740 0.0339
vn 0.8410 -0.5407 0.0192
vn 0.9026 -0.4294 0.0293
vn 0.9467 -0.3040 0.1060
vn 0.9690 -0.2269 0.0977
vn 0.9995 -0.0277 0.0148
vn 0.9978 0.0654 0.0046
vn 0.9806 0.1951 0.0200
vn 0.9469 0.3214 -0.0044
vn 0.8313 0.5555 0.0200
vn 0.7502 0.6610 0.0136
vn 0.6752 0.7376 0.0089
vn 0.5407 0.8410 0.0192
vn 0.4259 0.9041 0.0341
vn 0.3252 0.9455 0.0128
vn -0.6576 0.7533 -0.0000
vn -0.7623 0.6472 0.0036
vn -0.8390 0.5437 0.0206
vn -0.9041 0.4259 0.0341
vn -0.9455 0.3252 0.0128
vn -0.9980 -0.0631 -0.0000
vn -0.9742 -0.2120 0.0769
vn -0.9844 -0.1754 -0.0123
vn -0.9482 -0.3176 0.0106
vn -0.9414 -0.3204 -0.1050
vn -0.8924 -0.4401 0.0995
vn -0.8985 -0.4389 -0.0063
vn -0.8299 -0.5545 0.0617
vn -0.8225 -0.5581 -0.1100
vn -0.7518 -0.6593 0.0138
vn -0.7532 -0.6575 -0.0195
vn -0.6562 -0.7482 0.0978
vn -0.6600 -0.7484 -0.0660
vn -0.5572 -0.8302 0.0157
vn -0.5299 -0.8433 -0.0894
vn -0.4243 -0.8972 0.1220
vn -0.4630 -0.8861 -0.0207
vn -0.3253 -0.9456 0.0112
vn -0.3190 -0.9421 -0.1030
vn -0.1942 -0.9761 0.0978
vn -0.1951 -0.9807 -0.0127
vn -0.0654 -0.9978 0.0133
vn -0.0653 -0.9960 -0.0617
vn 0.0651 -0.9929 0.0995
vn 0.0651 -0.9925 -0.1036
vn 0.1972 -0.9802 0.0195
vn 0.1951 -0.9807 -0.0127
vn 0.3128 -0.9434 0.1100
vn 0.3224 -0.9419 -0.0940
vn 0.4620 -0.8869 0.0063
vn 0.4242 -0.9055 -0.0122
vn 0.5508 -0.8286 0.1000
vn 0.5531 -0.8264 -0.1050
vn 0.6609 -0.7502 0.0193
vn 0.6565 -0.7543 -0.0063
vn 0.7322 -0.6752 0.0896
vn 0.7515 -0.6516 -0.1034
vn 0.8376 -0.5406 0.0782
vn 0.8190 -0.5735 -0.0186
vn 0.9029 -0.4296 0.0142
vn 0.8874 -0.4545 -0.0769
vn 0.9450 -0.3038 0.1217
vn 0.9539 -0.2961 -0.0486
vn 0.9874 -0.1575 -0.0128
vn 0.9726 -0.2323 0.0128
vn 0.9946 -0.0915 0.0486
vn 0.9880 -0.0807 -0.1314
vn 0.9960 0.0653 0.0617
vn 0.9979 0.0639 -0.0083
vn 0.9807 0.1951 0.0138
vn 0.9734 0.2008 -0.1100
vn 0.9424 0.3199 0.0978
vn 0.9475 0.3193 -0.0195
vn 0.8968 0.4423 0.0133
vn 0.8921 0.4377 -0.1122
vn 0.8273 0.5528 0.0995
vn 0.7502 0.6609 0.0195
vn 0.7420 0.6614 -0.1092
vn 0.6594 0.7440 0.1075
vn 0.6579 0.7529 -0.0164
vn 0.5406 0.8412 0.0090
vn 0.5646 0.8161 -0.1235
vn 0.4243 0.8964 0.1282
vn 0.4564 0.8896 -0.0155
vn 0.3253 0.9456 0.0112
vn 0.3191 0.9427 -0.0973
vn 0.1942 0.9761 0.0978
vn 0.1951 0.9807 -0.0138
vn 0.0654 0.9978 0.0133
vn 0.0651 0.9931 -0.0978
vn -0.0651 0.9929 0.0995
vn -0.0654 0.9978 -0.0138
vn -0.1947 0.9789 0.0617
vn -0.1942 0.9761 -0.0978
vn -0.3214 0.9469 0.0127
vn -0.3214 0.9468 -0.0138
vn -0.4399 0.8920 0.1036
vn -0.4400 0.8922 -0.1020
vn -0.5555 0.8314 0.0131
vn -0.5555 0.8314 -0.0131
vn -0.6553 0.7485 0.1015
vn -0.6581 0.7504 -0.0617
vn -0.7621 0.6472 0.0155
vn -0.7654 0.6358 -0.0995
vn -0.8330 0.5398 0.1218
vn -0.8214 0.5699 -0.0216
vn -0.9017 0.4257 0.0756
vn -0.8833 0.4514 -0.1268
vn -0.9456 0.3253 0.0112
vn -0.9475 0.3194 -0.0145
vn -0.9761 0.1942 0.0979
vn -0.9759 0.1941 -0.0995
vn -0.9978 0.0654 0.0133
vn -0.9978 0.0654 -0.0133
vn -0.9930 -0.0642 0.0989
vn -0.9934 -0.0676 -0.0923
vn 0.8758 -0.3002 -0.3780
vn 0.9238 -0.0605 0.3780
vn 0.7397 0.1471 0.6566
vn 0.8219 0.1635 -0.5457
vn 0.7935 0.2693 0.5458
vn 0.7173 0.2634 -0.6451
vn 0.8185 0.4036 0.4089
vn 0.6421 0.4051 0.6508
vn 0.6967 0.4655 -0.5457
vn 0.6300 0.5525 0.5457
vn 0.5575 0.5154 -0.6508
vn 0.6017 0.6861 -0.4089
vn 0.4071 0.5974 0.6910
vn 0.4655 0.6967 -0.5457
vn 0.3399 0.6893 -0.6397
vn 0.2407 0.7092 0.6626
vn 0.2972 0.8756 -0.3808
vn 0.1635 0.8219 0.5457
vn 0.1635 0.8218 -0.5457
vn 0.0598 0.9119 0.4059
vn 0.0301 0.7598 -0.6494
vn -0.0278 0.7521 0.6585
vn -0.0607 0.9255 -0.3737
vn -0.1635 0.8218 0.5457
vn -0.1477 0.8252 -0.5452
vn -0.2981 0.8783 0.3737
vn -0.2629 0.7123 -0.6508
vn -0.3336 0.6764 0.6567
vn -0.5154 0.7713 0.3733
vn -0.4655 0.6967 -0.5457
vn -0.4999 0.5700 0.6521
vn -0.5178 0.5619 -0.6451
vn -0.6871 0.6026 -0.4059
vn -0.6055 0.4107 0.6817
vn -0.6331 0.4230 -0.6483
vn -0.8426 0.4155 -0.3425
vn -0.7883 0.2853 -0.5452
vn -0.9253 0.2095 0.3160
vn -0.7529 0.1306 -0.6451
vn -0.7738 0.0824 0.6281
vn -0.9119 0.0598 -0.4059
vn -0.7669 -0.0503 -0.6398
vn -0.9066 -0.1803 0.3816
vn -0.9069 -0.1804 -0.3808
vn -0.7216 -0.2229 0.6555
vn -0.8174 -0.3016 -0.4908
vn -0.7515 -0.3706 0.5457
vn -0.7712 -0.5153 0.3738
vn -0.5978 -0.4058 -0.6914
vn -0.5670 -0.4973 0.6567
vn -0.6116 -0.6974 0.3737
vn -0.4784 -0.5542 -0.6812
vn -0.4190 -0.6271 0.6567
vn -0.3706 -0.7515 0.5457
vn -0.3227 -0.6615 -0.6770
vn -0.2972 -0.8756 0.3808
vn -0.1499 -0.7538 0.6397
vn -0.1635 -0.8218 -0.5457
vn -0.0605 -0.9224 0.3815
vn -0.0493 -0.7526 -0.6567
vn 0.0500 -0.7628 0.6447
vn 0.0607 -0.9255 -0.3737
vn 0.1635 -0.8218 0.5457
vn 0.1461 -0.7346 -0.6626
vn 0.2972 -0.8756 0.3808
vn 0.3020 -0.8896 -0.3425
vn 0.3399 -0.6893 0.6397
vn 0.3282 -0.6539 -0.6817
vn 0.5070 -0.7588 0.4089
vn 0.5070 -0.7588 -0.4089
vn 0.4780 -0.5513 0.6838
vn 0.4999 -0.5700 -0.6521
vn 0.6975 -0.6117 -0.3733
vn 0.6268 -0.4188 0.6570
vn 0.7393 -0.4665 -0.4856
vn 0.7239 -0.2457 0.6447
vn 0.6941 -0.2493 -0.6754
vn 0.9214 -0.1833 -0.3425
vn 0.7332 -0.0456 -0.6784
vn 0.9119 0.0598 -0.4059
vn 0.9700 0.2303 0.0774
vn 0.9093 0.4096 -0.0735
vn 0.8472 0.5313 -0.0000
vn 0.8385 0.5362 -0.0963
vn 0.7264 0.6833 0.0735
vn 0.5826 0.8094 -0.0735
vn 0.4571 0.8844 -0.0940
vn 0.2927 0.9562 -0.0000
vn 0.2246 0.9745 -0.0000
vn 0.2403 0.9655 -0.1000
vn 0.0178 0.9948 0.1000
vn 0.0353 0.9994 -0.0000
vn -0.0353 0.9994 -0.0000
vn -0.0178 0.9948 -0.1000
vn -0.2403 0.9655 0.1000
vn -0.1789 0.9794 -0.0933
vn -0.2939 0.9558 -0.0000
vn -0.3498 0.9368 -0.0000
vn -0.4720 0.8785 0.0735
vn -0.5248 0.8480 -0.0735
vn -0.6808 0.7325 -0.0000
vn -0.7316 0.6817 -0.0000
vn -0.7170 0.6902 -0.0977
vn -0.8364 0.5401 0.0933
vn -0.8315 0.5556 -0.0000
vn -0.9011 0.4234 0.0940
vn -0.8717 0.4806 -0.0961
vn -0.9591 0.2828 -0.0120
vn -0.9454 0.3209 -0.0570
vn -0.9738 0.2205 0.0556
vn -0.9950 0.0189 0.0977
vn -0.9952 -0.0196 0.0962
vn -0.9704 -0.2295 0.0756
vn -0.9789 -0.1947 -0.0616
vn -0.9332 -0.3444 -0.1030
vn -0.9098 -0.4150 -0.0000
vn -0.9069 -0.4206 -0.0264
vn -0.8001 -0.5915 0.1000
vn -0.8364 -0.5401 -0.0933
vn -0.7706 -0.6373 -0.0000
vn -0.7316 -0.6817 -0.0000
vn -0.6310 -0.7723 0.0735
vn -0.6833 -0.7264 -0.0735
vn -0.5804 -0.8143 -0.0000
vn -0.5692 -0.8167 -0.0954
vn -0.3972 -0.9123 0.1000
vn -0.3499 -0.9368 -0.0000
vn -0.3642 -0.9259 -0.1000
vn -0.1475 -0.9840 0.1000
vn -0.2095 -0.9733 -0.0933
vn -0.0942 -0.9956 -0.0000
vn -0.0353 -0.9994 -0.0000
vn 0.0999 -0.9923 0.0735
vn 0.1603 -0.9843 -0.0735
vn 0.3487 -0.9372 -0.0000
vn 0.6364 -0.7714 -0.0000
vn 0.6198 -0.7784 -0.1000
vn 0.7784 -0.6198 0.1000
vn 0.7375 -0.6686 -0.0951
vn 0.8143 -0.5804 -0.0000
vn 0.8456 -0.5302 -0.0612
vn 0.9011 -0.4234 0.0940
vn 0.8956 -0.4416 0.0538
vn 0.9550 -0.2874 0.0735
vn 0.9326 -0.3533 -0.0735
vn 0.9747 -0.2234 -0.0000
vn 0.9860 -0.1666 -0.0000
vn 0.9996 -0.0247 -0.0153
vn 0.9979 0.0425 0.0484
vn 0.7859 0.3876 0.4819
vn 0.7270 0.4893 0.4818
vn 0.6588 0.5777 -0.4819
vn 0.3876 0.7859 0.4819
vn 0.2875 0.8278 -0.4817
vn 0.1649 0.8607 0.4817
vn 0.0634 0.8740 -0.4817
vn -0.0634 0.8740 0.4817
vn -0.2845 0.8288 0.4818
vn -0.2759 0.8318 -0.4817
vn -0.5756 0.6608 -0.4818
vn -0.6629 0.5732 0.4817
vn -0.7270 0.4893 -0.4818
vn -0.8600 0.1681 0.4818
vn -0.8600 0.1677 -0.4820
vn -0.8744 -0.0573 0.4819
vn -0.7832 -0.3931 0.4817
vn -0.6569 -0.5800 0.4818
vn -0.6629 -0.5732 -0.4817
vn -0.4818 -0.7320 0.4817
vn -0.3902 -0.7846 -0.4818
vn -0.2759 -0.8318 0.4817
vn -0.0544 -0.8746 0.4818
vn -0.0634 -0.8740 -0.4817
vn 0.2789 -0.8307 -0.4818
vn 0.3876 -0.7859 0.4819
vn 0.3875 -0.7859 -0.4819
vn 0.5824 -0.6548 0.4817
vn 0.7320 -0.4818 0.4817
vn 0.7270 -0.4893 -0.4818
vn 0.7859 -0.3875 -0.4819
vn 0.8600 -0.1681 0.4818
vn 0.8589 -0.1738 -0.4818
vn 0.8745 0.0540 0.4820
vn -0.5097 -0.8603 0.0087
vn 0.9121 -0.0000 0.4101
vn 0.8377 -0.1782 -0.5163
vn -0.9121 -0.0000 -0.4101
vn -0.8377 0.1782 0.5162
vn -0.4903 0.8383 -0.2385
vn -0.0045 -0.0566 0.9984
vn 0.0121 0.0013 0.9999
vn -0.0490 -0.0283 0.9984
vn -0.6784 0.7292 0.0893
vn 0.6520 -0.6037 0.4587
vn 0.2645 -0.8146 0.5162
vn 0.3619 -0.8923 -0.2698
vn -0.2589 0.1250 -0.9578
vn -0.7331 0.6559 0.1798
vn -0.4993 0.8648 -0.0538
vn -0.9100 -0.3570 0.2108
vn -0.9100 0.3570 0.2108
vn -0.2716 0.9349 0.2284
vn 0.7109 0.6615 0.2390
vn 0.9704 -0.1873 0.1522
vn 0.5979 -0.7715 0.2175
vn -0.2853 -0.9315 0.2257
vn -0.9038 -0.0073 0.4278
vn -0.0058 -0.0001 1.0000
vn -0.0082 -0.0075 0.9999
vn 0.0017 -0.0065 1.0000
vn 0.0490 -0.0200 0.9986
vn 0.0631 0.0255 0.9977
vn 0.0022 0.0085 1.0000
vn 0.0744 0.0925 0.9929
vn -0.0050 -0.0008 1.0000
vn -0.0016 0.0340 0.9994
vn -0.2211 -0.0960 0.9705
vn 0.1770 -0.2499 0.9520
vn -0.1592 -0.1043 0.9817
vn 0.5000 -0.8660 -0.0014
vn -0.4555 0.1658 0.8747
vn -0.3033 -0.4117 0.8594
vn 0.2447 -0.8080 0.5360
vn -0.0348 -0.0073 -0.9994
vn 0.3124 0.0376 0.9492
vn -0.1095 0.1193 0.9868
vn -0.0447 -0.1647 0.9853
vn -0.0014 -0.0030 1.0000
vn -0.6096 -0.7641 0.2108
vn -0.9666 -0.1459 0.2108
vn -0.7128 0.6641 0.2257
vn 0.1321 0.9671 0.2175
vn 0.7641 0.6096 0.2108
vn 0.9455 -0.2322 0.2284
vn 0.2322 -0.9455 0.2284
vn -0.1853 -0.9810 0.0569
vn -0.0013 0.0006 1.0000
vn -0.1249 -0.2706 0.9546
vn -0.0010 0.0021 1.0000
vn 0.2503 -0.9533 0.1692
vn 0.9538 -0.1176 0.2766
vn 0.3859 0.4032 0.8297
vn 0.2716 -0.9349 0.2284
vn -0.7027 -0.6738 0.2284
vn -0.9493 0.2188 0.2257
vn -0.2850 0.9283 0.2390
vn 0.7109 0.6614 0.2390
vn 0.9315 -0.2852 0.2257
vn 0.0265 -0.0001 0.9996
vn -0.1225 -0.5528 0.8243
vn 0.6796 -0.6521 0.3360
vn 0.3777 0.3950 0.8375
vn -0.7041 0.6760 0.2173
vn -0.4953 0.0586 0.8667
vn 0.4991 -0.8062 0.3178
vn 0.9493 -0.2187 0.2257
vn 0.3692 -0.9036 0.2175
vn -0.3692 -0.9036 0.2175
vn -0.9502 -0.2039 0.2357
vn -0.6641 0.7128 0.2257
vn 0.1459 0.9666 0.2108
vn 0.6668 -0.7451 0.0169
vn 0.0031 -0.0022 1.0000
vn 0.0019 -0.0020 1.0000
vn 0.0078 0.0016 1.0000
vn 0.0327 0.0780 0.9964
vn -0.0030 0.0051 1.0000
vn -0.0072 0.0018 1.0000
vn -0.0037 -0.0019 1.0000
vn -0.0049 -0.0044 1.0000
vn 0.0035 -0.0063 1.0000
vn -0.0053 0.0020 1.0000
vn 0.0059 0.0018 1.0000
vn 0.0419 -0.0462 0.9981
vn 0.9408 0.3309 0.0731
vn -0.0008 0.0016 1.0000
vn -0.1751 0.3033 0.9367
vn 0.0028 0.0019 1.0000
vn 0.6559 -0.5076 0.5587
vn 0.9085 0.2782 0.3119
vn -0.2799 0.3704 0.8857
vn -0.5228 -0.1680 0.8357
vn -0.0648 -0.5142 0.8552
vn -0.9604 0.0046 0.2786
vn -0.0238 0.0265 -0.9994
vn 0.6096 0.7641 0.2108
vn 0.9666 0.1459 0.2108
vn 0.7128 -0.6641 0.2257
vn -0.1321 -0.9671 0.2175
vn -0.7715 -0.5979 0.2175
vn -0.9248 0.2985 0.2357
vn -0.2187 0.9493 0.2257
vn 0.9796 0.2008 -0.0023
vn 0.0843 0.0518 0.9951
vn -0.2503 0.9543 0.1635
vn -0.9924 0.1219 0.0145
vn -0.4351 -0.1742 0.8834
vn 0.1879 0.3117 0.9314
vn 0.0006 0.0028 1.0000
vn 0.0043 -0.0019 1.0000
vn -0.9423 -0.3346 0.0076
vn -0.7609 0.6488 0.0076
vn 0.1814 0.9834 0.0076
vn 0.9423 0.3346 0.0076
vn 0.7609 -0.6488 0.0076
vn -0.1814 -0.9834 0.0076
vn 0.5097 0.8603 0.0087
vn 0.9999 -0.0113 0.0087
vn 0.4902 -0.8716 0.0087
vn -0.9999 0.0113 0.0087
vn -0.4902 0.8716 0.0087
vn -0.3570 0.9100 0.2108
vn 0.3570 0.9100 0.2108
vn 0.9349 0.2717 0.2284
vn 0.6615 -0.7109 0.2390
vn 0.0032 0.0033 1.0000
vn -0.2106 0.6870 0.6955
vn -0.0505 -0.4827 0.8743
vn 0.2658 -0.9150 0.3036
vn 0.6480 -0.1999 0.7349
vn 0.4545 0.5022 0.7357
vn 0.0386 -0.0147 -0.9991
vn -0.0894 -0.2264 0.9699
vn -0.0000 -0.0565 -0.9984
vn 0.9689 -0.2342 -0.0794
vn -0.2407 -0.9706 0.0083
vn -0.3802 -0.9249 -0.0000
vn 0.9988 -0.0000 0.0492
vn -0.9987 0.0008 0.0515
vn -0.0000 0.9988 0.0484
vn -0.0000 -0.9988 0.0497
vn 0.8758 0.1834 0.4464
vn -0.9369 -0.0000 -0.3497
vn 0.1838 0.9802 0.0732
vn 0.0024 0.0087 1.0000
vn -0.0091 0.0099 0.9999
vn -0.0923 -0.0266 0.9954
vn -0.0034 -0.0065 1.0000
vn 0.0021 -0.0036 1.0000
vn 0.0036 -0.0021 1.0000
vn 0.0057 0.0031 1.0000
vn -0.0004 0.0055 1.0000
vn 0.0063 -0.0019 1.0000
vn 0.0020 -0.0062 1.0000
vn -0.0221 0.0417 0.9989
vn 0.0002 -0.0394 0.9992
vn 0.7403 -0.6678 0.0771
vn 0.6663 0.7414 0.0792
vn -0.7067 -0.7067 0.0325
vn -0.7061 0.7062 0.0519
vn -0.7492 -0.6193 -0.2349
vn 0.6435 -0.0020 0.7654
vn 0.4409 0.4409 0.7818
vn -0.0000 0.6583 0.7527
vn -0.4040 0.4169 0.8142
vn -0.6510 -0.0000 0.7591
vn -0.4409 -0.4409 0.7819
vn 0.0373 -0.4386 0.8979
vn -0.8081 -0.0251 0.5885
vn -0.6801 -0.6801 0.2738
vn 0.1063 -0.9792 0.1727
vn 0.9632 0.0299 0.2672
vn -0.0286 0.8654 0.5003
vn 0.8707 -0.3250 -0.3692
vn -0.9401 -0.0153 -0.3405
vn -0.2011 -0.3985 0.8948
vn 0.8706 -0.3253 -0.3691
vn -0.9401 -0.0152 -0.3406
vn -0.2012 -0.3985 0.8948
vn 0.9038 0.0073 0.4278
vn -0.6266 -0.7460 -0.2254
vn 0.2791 0.8502 0.4465
vn -0.7423 0.6258 -0.2396
vn -0.6675 0.5516 0.5003
vn 0.0111 0.0338 -0.9994
vn -0.2766 -0.9177 -0.2850
vn 0.7178 -0.5793 0.3861
vn 0.5240 0.8513 0.0274
vn 0.0022 0.0068 1.0000
vn -0.4616 -0.7772 0.4277
vn -0.5559 -0.7013 0.4462
vn -0.1655 -0.0985 0.9813
vn 0.0870 -0.0471 0.9951
vn -0.7982 0.5996 -0.0578
vn 0.4622 -0.8133 0.3533
vn -0.9422 -0.3314 -0.0496
vn -0.9131 -0.3299 -0.2396
vn -0.9165 -0.3434 -0.2051
vn 0.6868 -0.7265 -0.0218
vn 0.7051 -0.7080 0.0389
vn -0.8178 0.5741 0.0395
vn -0.7202 0.6938 0.0083
vn -0.6109 0.7917 -0.0000
vn 0.9293 -0.3605 0.0805
vn 0.4684 0.8114 -0.3497
vn -0.9589 0.2825 0.0258
vn 0.9179 -0.3959 0.0263
vn -0.4452 0.8265 0.3445
vn 0.0072 0.1422 0.9898
vn 0.9333 0.0289 0.3580
vn 0.1439 0.8538 0.5002
vn -0.0320 -0.0261 -0.9991
vn -0.9297 0.3673 -0.0288
vn -0.2834 0.8161 -0.5036
vn 0.0055 -0.0000 -1.0000
vn -0.0008 -0.0066 -1.0000
vn -0.0001 0.0028 -1.0000
vn -0.9694 0.2454 -0.0019
vn -0.7451 0.6667 -0.0197
vn 0.7226 0.5367 -0.4356
vn 0.1950 0.9806 0.0218
vn 0.0812 0.9965 0.0191
vn -0.9055 0.4244 0.0032
vn 0.4335 0.9004 0.0359
vn 0.8845 -0.4666 -0.0025
vn -0.9796 -0.2008 -0.0023
vn 0.4815 0.8746 0.0576
vn -0.4731 0.8807 0.0244
vn 0.7771 0.6291 0.0192
vn 0.1343 0.9908 0.0165
vn 0.9272 -0.3620 -0.0964
vn -0.8980 0.2875 0.3329
vn 0.0603 0.0308 0.9977
vn -0.7512 0.6555 0.0784
vn 0.9069 -0.4203 0.0291
vn -0.4934 0.8698 0.0072
vn -0.9207 0.3903 0.0079
vn -0.1346 0.9746 -0.1789
vn 0.7973 -0.6021 -0.0429
vn 0.1648 0.9863 -0.0041
vn -0.7268 -0.6864 -0.0263
vn -0.7751 -0.6319 0.0045
vn -0.8420 0.3099 0.4415
vn 0.0066 -0.0408 -0.9991
vn -0.6668 0.7451 0.0169
vn -0.1620 0.9583 -0.2356
vn -0.0185 0.0245 -0.9995
vn -0.7511 -0.6171 -0.2348
vn -0.0294 0.0643 -0.9975
vn 0.7570 -0.6493 0.0732
vn -0.4808 -0.8438 -0.2385
vn 0.9473 0.3202 0.0075
vn 0.0513 0.0244 0.9984
vn -0.0072 0.0098 0.9999
vn 0.7814 0.6239 0.0122
vn 0.6930 0.5645 -0.4485
vn 0.7492 0.6193 -0.2349
vn 0.0201 -0.0638 0.9978
vn 0.0033 -0.0077 1.0000
vn -0.0018 0.0110 0.9999
vn 0.1175 -0.9651 0.2340
vn -0.3744 -0.8827 -0.2841
vn -0.6231 -0.7821 0.0008
vn -0.3119 -0.9500 0.0169
vn -0.1550 -0.9879 0.0106
vn -0.0072 -0.1422 0.9898
vn -0.8313 0.0247 -0.5552
vn -0.4733 -0.7906 0.3886
vn -0.4642 -0.8232 0.3268
vn 0.0156 0.0065 -0.9999
vn 0.0137 0.0108 -0.9998
vn 0.0012 -0.0070 1.0000
vn -0.8898 -0.4056 0.2092
vn -0.8825 0.4701 0.0126
vn -0.9729 0.2308 0.0125
vn -0.9965 -0.0075 -0.0827
vn 0.3630 0.9317 -0.0100
vn 0.7009 0.7131 0.0122
vn 0.5457 0.8379 0.0109
vn 0.4987 0.8638 0.0722
vn 0.4990 0.8634 0.0738
vn 0.5000 0.8660 -0.0013
vn -1.0000 0.0020 -0.0000
vn -1.0000 -0.0032 -0.0002
vn 0.9842 0.1766 0.0095
vn 0.9965 -0.0075 -0.0827
vn 0.9982 0.0558 -0.0241
vn -0.9786 -0.2049 0.0169
vn 1.0000 0.0020 -0.0000
vn -0.9594 0.1696 -0.2254
vn -0.9366 -0.3505 -0.0041
vn -0.0452 -0.0493 0.9978
vn -0.0050 -0.0067 1.0000
vn 0.4442 -0.7685 -0.4606
vn 0.0070 0.0015 1.0000
vn -0.9331 -0.2193 -0.2850
vn -0.9039 0.0112 0.4277
vn -0.8853 0.1308 0.4462
vn -0.1680 0.0941 0.9813
vn 0.1202 0.9911 -0.0578
vn 0.4408 -0.0645 0.8953
vn 0.9422 0.3314 -0.0496
vn 0.9131 0.3299 -0.2396
vn 0.9165 0.3434 -0.2051
vn -0.2858 -0.9580 -0.0218
vn -0.2606 -0.9647 0.0389
vn 0.0883 0.9953 0.0395
vn 0.1525 -0.9850 0.0806
vn -0.2348 0.9717 0.0258
vn 0.1161 -0.9929 0.0263
vn 0.1964 0.9805 0.0075
vn -0.9333 -0.0289 0.3580
vn 0.8114 0.3023 0.5002
vn -0.1467 0.9888 -0.0288
vn 0.5651 0.6535 -0.5036
vn 0.2407 0.9706 0.0083
vn 0.3802 0.9249 -0.0000
vn 0.4756 -0.8300 -0.2914
vn 0.2048 0.9786 -0.0197
vn 0.8261 -0.3575 -0.4356
vn 0.9467 0.3214 0.0218
vn 0.9036 0.4279 0.0191
vn -0.0851 0.9964 0.0032
vn 0.9965 0.0748 0.0359
vn 0.0382 -0.9993 -0.0025
vn 0.9981 0.0203 0.0576
vn 0.5261 0.8500 0.0244
vn 0.9334 -0.3584 0.0192
vn -0.0719 -0.9974 0.0049
vn 0.9284 0.3713 0.0114
vn 0.1501 -0.9840 -0.0964
vn -0.2000 0.9215 0.3329
vn 0.0568 -0.0368 0.9977
vn 0.1921 0.9782 0.0784
vn 0.9369 -0.0000 -0.3497
vn 0.0894 -0.9956 0.0291
vn 0.4934 -0.8698 0.0072
vn -0.1223 0.9925 0.0079
vn 0.6627 0.7276 -0.1771
vn -0.1228 -0.9915 -0.0429
vn 0.1446 -0.8858 0.4410
vn 0.4732 0.8070 0.3533
vn -0.9578 0.2862 -0.0263
vn -0.9385 0.3454 -0.0000
vn -0.9288 0.3696 -0.0263
vn -0.1841 0.9817 0.0493
vn -0.1267 -0.0648 0.9898
vn 0.0119 0.0282 -0.9995
vn -0.9099 0.3419 -0.2348
vn 0.0468 -0.0322 0.9984
vn 0.0081 -0.0018 1.0000
vn 0.0074 0.0072 0.9999
vn -0.0035 0.0121 0.9999
vn -0.0079 0.0025 1.0000
vn -0.0049 -0.0003 1.0000
vn 0.0049 0.0007 1.0000
vn -0.0045 0.0030 1.0000
vn 0.0021 0.0050 1.0000
vn 0.8403 0.3242 0.4345
vn -0.0090 -0.0089 0.9999
vn 0.0032 -0.0119 0.9999
vn 0.0037 -0.0028 1.0000
vn -0.1452 0.9247 0.3518
vn -0.0014 0.0068 1.0000
vn 0.0003 0.0031 1.0000
vn -0.3386 0.9409 0.0032
vn 0.9310 -0.3648 0.0122
vn 0.8565 -0.3259 -0.4001
vn 0.3964 -0.7607 0.5140
vn 0.0074 0.0125 -0.9999
vn 0.1618 -0.9585 -0.2349
vn -0.2722 0.9622 -0.0019
vn -0.9889 0.1486 0.0008
vn -0.3766 -0.9264 0.0033
vn -0.9732 -0.2294 0.0124
vn -0.9986 -0.0286 -0.0452
vn -0.9963 0.0163 -0.0847
vn -0.9711 -0.0055 -0.2385
vn -0.4473 -0.6977 -0.5596
vn 0.7718 -0.6359 -0.0041
vn -0.7961 0.5678 0.2092
vn -0.0458 0.9988 0.0199
vn 0.3328 -0.9157 -0.2254
vn -0.4917 0.7938 0.3580
vn 0.1647 0.9618 -0.2185
vn -0.4338 0.7722 -0.4642
vn -0.0061 0.0037 1.0000
vn -0.0136 -0.0011 0.9999
vn -0.0079 -0.0110 0.9999
vn 0.0026 -0.0105 0.9999
vn 0.0089 -0.0029 1.0000
vn 0.0070 0.0044 1.0000
vn 0.0156 0.1210 0.9925
vn -0.0565 0.0240 0.9981
vn 0.1017 0.0042 0.9948
vn 0.0052 0.0003 1.0000
vn -0.0002 -0.0069 1.0000
vn 0.0040 -0.0033 1.0000
vn 0.6565 -0.6984 -0.2850
vn 0.5967 -0.6668 0.4465
vn 0.4422 -0.7884 0.4277
vn 0.3294 -0.8321 0.4462
vn -0.6972 -0.7168 -0.0019
vn 0.0025 -0.1926 0.9813
vn -0.9184 -0.3914 -0.0578
vn 0.1841 0.9816 -0.0496
vn 0.7704 -0.6325 -0.0796
vn 0.9726 0.2315 -0.0218
vn 0.9657 0.2566 0.0389
vn -0.9061 -0.4212 0.0395
vn 0.7768 0.6246 0.0805
vn -0.7581 -0.6503 0.0493
vn -0.7242 -0.6892 0.0258
vn 0.8018 0.5970 0.0263
vn 0.4416 0.8227 0.3580
vn -0.1439 -0.8538 0.5002
vn -0.9609 -0.2768 0.0083
vn -0.9911 -0.1332 -0.0000
vn -0.7829 -0.6215 -0.0288
vn -0.8485 0.1626 -0.5036
vn 0.0294 -0.0643 -0.9975
vn -0.0055 -0.0000 -1.0000
vn 0.0008 0.0066 -1.0000
vn 0.0001 -0.0028 -1.0000
vn -0.4684 0.8114 -0.3497
vn -0.9499 -0.3119 -0.0197
vn -0.1035 0.8942 -0.4356
vn -0.7517 0.6592 0.0218
vn -0.8224 0.5686 0.0191
vn -0.8203 -0.5719 0.0032
vn -0.5631 0.8256 0.0359
vn 0.8463 0.5327 -0.0025
vn -0.5167 0.8543 0.0576
vn -0.9992 0.0307 0.0244
vn -0.1563 0.9875 0.0192
vn -0.8948 0.4462 0.0160
vn -0.0048 0.0053 1.0000
vn 0.7771 0.6220 -0.0964
vn -0.6980 -0.6340 0.3329
vn 0.0035 0.0676 0.9977
vn -0.9432 -0.3228 0.0784
vn -0.2555 -0.4466 -0.8575
vn 0.8175 0.5752 0.0291
vn 0.7423 -0.6258 -0.2397
vn 0.7557 -0.6220 -0.2051
vn -0.7983 -0.6022 0.0079
vn -0.9113 0.3707 -0.1789
vn 0.9201 0.3894 -0.0429
vn 0.4903 -0.8383 -0.2385
vn 0.8420 -0.3099 0.4415
vn -0.4753 0.8794 0.0274
vn 0.4583 -0.7791 0.4278
vn 0.2310 -0.9726 -0.0263
vn 0.1597 -0.9872 0.0045
vn 0.1530 -0.9882 -0.0024
vn -0.9473 -0.3202 0.0075
vn 0.1394 0.8898 0.4345
vn -0.0304 -0.0038 -0.9995
vn 0.1589 -0.9590 -0.2348
vn 0.0045 0.0566 0.9984
vn -0.0121 -0.0013 0.9999
vn -0.0066 0.0408 -0.9991
vn -0.8403 -0.3242 0.4345
vn -0.0012 0.0070 1.0000
vn -0.3158 -0.9488 -0.0023
vn -0.0145 0.0001 -0.9999
vn -0.1496 0.9887 0.0122
vn -0.1424 0.8824 -0.4485
vn -0.5801 -0.8137 0.0371
vn 0.9786 0.2049 0.0169
vn 0.9567 -0.1984 0.2131
vn 0.5771 -0.7649 -0.2861
vn 0.8776 0.4793 0.0059
vn -0.9996 -0.0236 -0.0162
vn 0.3658 -0.9307 0.0008
vn 0.5202 -0.8539 -0.0162
vn -0.4794 -0.8775 -0.0162
vn -0.4953 -0.8687 0.0071
vn 0.8313 0.0247 -0.5552
vn 0.8039 0.5443 0.2398
vn 0.4733 0.7906 0.3886
vn 0.4642 0.8232 0.3268
vn 0.2769 -0.8077 0.5205
vn 0.9594 -0.1696 -0.2254
vn -0.9330 -0.3509 -0.0796
vn -0.4622 0.7529 -0.4685
vn 0.9331 0.2193 -0.2850
vn -0.0653 0.0145 0.9978
vn -0.0083 0.0010 1.0000
vn -0.6638 0.7479 -0.0023
vn 0.9039 -0.0112 0.4277
vn 0.8853 -0.1308 0.4462
vn 0.3160 0.9488 -0.0023
vn 0.1680 -0.0941 0.9813
vn -0.1202 -0.9911 -0.0579
vn -0.7581 0.6503 -0.0496
vn -0.6948 -0.5681 0.4410
vn 0.2858 0.9580 -0.0218
vn 0.2606 0.9646 0.0390
vn -0.0883 -0.9953 0.0395
vn -0.0027 0.0989 0.9951
vn -0.1964 -0.9805 0.0075
vn 0.2722 -0.9622 -0.0019
vn -0.1525 0.9850 0.0806
vn 0.2348 -0.9717 0.0258
vn -0.1161 0.9929 0.0263
vn 0.1841 -0.9817 0.0493
vn -0.4416 -0.8227 0.3580
vn 0.6675 -0.5516 0.5003
vn 0.1467 -0.9888 -0.0288
vn -0.5651 -0.6535 -0.5036
vn -0.0053 0.0040 -1.0000
vn -0.0027 -0.0047 -1.0000
vn 0.0025 -0.0013 -1.0000
vn -0.2048 -0.9786 -0.0197
vn -0.8261 0.3575 -0.4356
vn -0.9467 -0.3214 0.0218
vn -0.9036 -0.4279 0.0191
vn 0.0851 -0.9964 0.0032
vn -0.9965 -0.0748 0.0359
vn -0.0382 0.9993 -0.0025
vn -0.9981 -0.0203 0.0576
vn -0.5261 -0.8501 0.0244
vn -0.9334 0.3584 0.0192
vn -0.9284 -0.3713 0.0114
vn -0.1501 0.9840 -0.0964
vn 0.2000 -0.9215 0.3329
vn -0.0568 0.0368 0.9977
vn -0.1921 -0.9782 0.0784
vn -0.0894 0.9956 0.0291
vn 0.9711 0.0055 -0.2385
vn 0.5066 0.8622 0.0072
vn 0.1223 -0.9925 0.0079
vn -0.6627 -0.7276 -0.1771
vn 0.1228 0.9915 -0.0429
vn 0.3266 -0.9448 -0.0261
vn 0.6894 0.5743 0.4415
vn -0.4732 -0.8070 0.3533
vn -0.0266 -0.0000 0.9996
vn 0.9109 -0.3391 -0.2349
vn -0.0119 -0.0282 -0.9995
vn 0.9099 -0.3419 -0.2348
vn -0.0074 -0.0125 -0.9999
vn -0.0386 0.0147 -0.9991
vn 0.3386 -0.9409 0.0032
vn 0.0081 -0.0081 0.9999
vn 0.0084 -0.0000 1.0000
vn 0.0073 0.0003 1.0000
vn -0.0251 0.0055 0.9997
vn -0.0000 0.0073 1.0000
vn -0.0060 0.0313 0.9995
vn -0.0015 -0.0067 1.0000
vn 0.0013 -0.0021 1.0000
vn -0.7178 0.5793 0.3861
vn 0.1267 0.0648 0.9898
vn 0.1452 -0.9247 0.3518
vn -0.0468 0.0322 0.9984
vn -0.0049 -0.0111 0.9999
vn -0.9992 0.0281 0.0274
vn -0.9310 0.3648 0.0122
vn -0.8565 0.3259 -0.4002
vn -0.0070 -0.0015 1.0000
vn 0.9385 -0.3454 -0.0000
vn 0.9288 -0.3696 -0.0263
vn 0.9889 -0.1486 0.0008
vn -0.4991 0.8062 0.3178
vn 0.9996 0.0236 -0.0162
vn -0.0014 -0.0058 1.0000
vn -0.3763 -0.0067 0.9265
vn -0.0056 0.0011 1.0000
vn -0.4409 0.0645 0.8953
vn -0.3976 -0.7210 -0.5675
vn -0.7510 0.6603 0.0075
vn 0.7961 -0.5678 0.2092
vn -0.9947 0.0955 0.0371
vn 0.0458 -0.9988 0.0199
vn -0.4456 -0.7864 0.4278
vn 0.2963 0.9029 -0.3116
vn 0.7202 -0.6938 0.0083
vn 0.6109 -0.7917 -0.0000
vn -0.3965 0.7607 0.5139
vn 0.5014 0.8171 -0.2845
vn 0.3119 0.9500 0.0169
vn 0.2766 0.9177 -0.2850
vn -0.1394 -0.8898 0.4345
vn 0.0072 -0.0127 -0.9999
vn 0.4616 0.7772 0.4277
vn 0.5559 0.7013 0.4462
vn -0.7570 0.6493 0.0732
vn -0.0870 0.0471 0.9951
vn 0.1655 0.0985 0.9813
vn 0.7268 0.6864 -0.0263
vn 0.7683 0.6400 -0.0000
vn 0.7792 0.6265 -0.0175
vn 0.7982 -0.5997 -0.0578
vn 0.7581 -0.6503 -0.0496
vn -0.1626 -0.9835 -0.0796
vn -0.6868 0.7265 -0.0218
vn -0.7051 0.7080 0.0389
vn 0.8178 -0.5741 0.0395
vn -0.2791 -0.8502 0.4464
vn -0.0018 -0.0053 1.0000
vn -0.0168 -0.0017 0.9999
vn 0.9663 -0.2571 -0.0143
vn -0.9293 0.3605 0.0805
vn 0.9589 -0.2825 0.0258
vn -0.9179 0.3959 0.0263
vn 0.6061 0.7954 -0.0000
vn 0.3342 0.9425 0.0088
vn 0.4748 0.8798 -0.0206
vn 0.6829 0.7305 0.0077
vn 0.5082 0.8601 -0.0445
vn 0.4917 -0.7938 0.3580
vn -0.3119 0.4896 -0.8142
vn 0.9694 -0.2454 -0.0019
vn -0.1841 -0.9816 -0.0496
vn -0.0118 -0.0690 -0.9975
vn -0.0028 0.0010 -1.0000
vn 0.9297 -0.3673 -0.0287
vn 0.2834 -0.8161 -0.5036
vn 0.9422 -0.3314 0.0492
vn 0.0053 -0.0040 -1.0000
vn 0.0027 0.0047 -1.0000
vn -0.0025 0.0013 -1.0000
vn -0.4684 -0.8114 -0.3497
vn 0.7451 -0.6667 -0.0197
vn -0.7226 -0.5367 -0.4356
vn -0.1950 -0.9806 0.0218
vn -0.0812 -0.9965 0.0191
vn 0.9055 -0.4244 0.0032
vn -0.4182 -0.9077 0.0360
vn -0.8844 0.4667 -0.0027
vn -0.4815 -0.8746 0.0576
vn 0.4731 -0.8807 0.0244
vn -0.7771 -0.6291 0.0192
vn -0.1419 -0.9898 0.0119
vn -0.9259 0.3616 -0.1092
vn -0.9422 0.3314 0.0492
vn 0.8980 -0.2875 0.3329
vn -0.0603 -0.0308 0.9977
vn 0.7512 -0.6555 0.0784
vn 0.0452 0.0493 0.9978
vn 0.0050 0.0067 1.0000
vn -0.9069 0.4203 0.0291
vn 0.4808 0.8438 -0.2385
vn -0.5066 -0.8622 0.0072
vn 0.9207 -0.3903 0.0079
vn 0.0549 -0.9751 -0.2147
vn -0.7973 0.6021 -0.0429
vn -0.1446 0.8858 0.4410
vn -0.0513 -0.0244 0.9984
vn 0.0185 -0.0245 -0.9995
vn 0.7511 0.6171 -0.2348
vn 0.4456 0.7864 0.4278
vn 0.8734 -0.3367 0.3518
vn -0.0055 -0.0046 1.0000
vn 0.9845 -0.1752 -0.0010
vn 0.0320 0.0261 -0.9991
vn -0.7814 -0.6239 0.0122
vn -0.6930 -0.5645 -0.4485
vn 0.7510 -0.6603 0.0075
vn 0.3744 0.8827 -0.2841
vn 0.5255 0.8498 0.0400
vn 0.6231 0.7821 0.0008
vn 0.4794 0.8774 -0.0162
vn 0.4953 0.8687 0.0071
vn -0.5500 -0.1064 -0.8284
vn -0.5202 0.8539 -0.0162
vn 0.8898 0.4056 0.2092
vn 0.8832 -0.4688 0.0135
vn -0.6241 0.7813 0.0004
vn -0.3328 0.9157 -0.2254
vn -0.7704 0.6325 -0.0796
vn 0.5517 -0.1070 -0.8272
vn -0.6565 0.6984 -0.2851
vn 0.9999 -0.0076 0.0072
vn -0.7665 0.6422 -0.0041
vn -0.4422 0.7884 0.4277
vn -0.3294 0.8321 0.4462
vn -0.5967 0.6668 0.4464
vn -0.0025 0.1926 0.9813
vn 0.9184 0.3914 -0.0578
vn 0.0028 -0.0047 -1.0000
vn -0.0061 -0.0026 -1.0000
vn 0.0024 0.0015 -1.0000
vn -0.1708 -0.9557 -0.2397
vn -0.1609 -0.9654 -0.2051
vn -0.9726 -0.2315 -0.0218
vn -0.9657 -0.2566 0.0389
vn 0.9061 0.4213 0.0395
vn 0.0238 -0.0265 -0.9994
vn 0.6973 0.7168 -0.0019
vn -0.7768 -0.6246 0.0805
vn -0.4583 0.7791 0.4278
vn 0.7241 0.6892 0.0258
vn -0.8018 -0.5970 0.0263
vn 0.7581 0.6503 0.0493
vn 0.0048 -0.0053 1.0000
vn -0.8114 -0.3023 0.5002
vn -0.0072 0.0127 -0.9999
vn 0.7829 0.6215 -0.0288
vn 0.8485 -0.1626 -0.5036
vn -0.0028 0.0047 -1.0000
vn 0.0061 0.0026 -1.0000
vn -0.0024 -0.0015 -1.0000
vn -0.5240 -0.8513 0.0274
vn 0.9499 0.3119 -0.0197
vn 0.1035 -0.8942 -0.4356
vn 0.7517 -0.6592 0.0218
vn 0.8224 -0.5686 0.0191
vn 0.8203 0.5719 0.0032
vn 0.5631 -0.8256 0.0359
vn -0.8463 -0.5327 -0.0025
vn 0.5167 -0.8543 0.0576
vn 0.9992 -0.0307 0.0244
vn 0.1563 -0.9875 0.0192
vn 0.8959 -0.4438 0.0176
vn 0.9604 -0.0046 0.2786
vn -0.7771 -0.6220 -0.0964
vn 0.9609 0.2768 0.0083
vn 0.9911 0.1332 -0.0000
vn 0.6980 0.6340 0.3329
vn -0.0035 -0.0676 0.9977
vn 0.9432 0.3228 0.0784
vn -0.0201 0.0638 0.9978
vn -0.0033 0.0077 1.0000
vn -0.8175 -0.5752 0.0291
vn -0.9999 0.0076 0.0072
vn 0.7983 0.6022 0.0079
vn 0.9362 -0.2655 -0.2304
vn -0.9200 -0.3895 -0.0429
vn -0.2310 0.9726 -0.0263
vn -0.1597 0.9872 0.0045
vn -0.1530 0.9882 -0.0024
vn 0.9330 0.3509 -0.0796
vn 0.4684 -0.8114 -0.3497
vn -0.9408 -0.3309 0.0731
vn 0.0363 0.0162 -0.9992
vn -0.1582 0.9589 -0.2354
vn -0.0517 0.0429 0.9977
vn 0.4753 -0.8794 0.0274
vn -0.9477 -0.0291 0.3178
vn 0.1496 -0.9887 0.0122
vn 0.1475 -0.9141 -0.3777
vn 0.4733 -0.8800 0.0400
vn 0.0653 -0.0145 0.9978
vn 0.0083 -0.0010 1.0000
vn 0.8568 -0.0373 0.5144
vn -0.9567 0.1984 0.2130
vn 0.9982 -0.0587 0.0078
vn -0.9653 0.2414 -0.0993
vn -0.8817 -0.4716 0.0115
vn -0.3658 0.9307 0.0008
vn 0.9477 0.0291 0.3178
vn -0.9109 0.3391 -0.2349
vn 0.4440 0.6868 -0.5755
vn -0.9854 -0.1702 0.0029
vn -0.9418 -0.2903 -0.1693
vn -0.8039 -0.5443 0.2398
vn -0.3266 0.9450 -0.0193
vn -0.2769 0.8077 0.5205
vn -0.9982 -0.0587 0.0078
vn -0.9985 -0.0000 -0.0542
vn -0.5082 -0.8601 -0.0445
vn -0.6061 -0.7954 -0.0000
vn -0.6829 -0.7305 0.0077
vn -0.5002 -0.8632 0.0690
vn -0.4986 -0.8636 0.0743
vn -0.4846 -0.8720 -0.0691
vn -0.5021 -0.8648 0.0004
vn -1.0000 0.0002 0.0010
vn 0.5686 -0.8225 0.0108
vn 0.4808 -0.8720 -0.0919
vn 0.1626 0.9835 -0.0796
vn -0.6184 0.7859 -0.0000
vn -0.6101 0.7923 0.0007
vn -0.4528 0.8916 0.0109
vn -0.4280 0.9037 0.0108
vn -0.5045 0.8598 -0.0791
vn -0.4987 0.8638 0.0722
vn -0.4982 0.8639 0.0738
vn -0.5186 0.8544 -0.0334
vn 0.7755 0.4477 0.4452
vn 0.4975 -0.8675 -0.0000
vn 0.6902 0.7236 0.0006
vn 0.5027 -0.8644 -0.0002
vn -0.8758 -0.1834 0.4464
vn 0.9682 -0.2496 0.0135
vn 0.0348 0.0073 -0.9994
vn 0.9988 -0.0272 -0.0404
vn 0.9969 0.0149 -0.0772
vn 1.0000 -0.0020 -0.0000
vn 1.0000 -0.0002 0.0010
vn 1.0000 0.0043 -0.0008
vn 0.4986 0.8636 0.0743
vn 0.5002 0.8632 0.0690
vn -1.0000 -0.0020 -0.0000
vn 0.9366 0.3505 -0.0041
vn -1.0000 -0.0076 -0.0000
vn 0.4984 0.8652 -0.0547
vn 0.0517 -0.0429 0.9977
vn -0.5457 -0.8379 0.0109
vn -0.4987 -0.8638 0.0722
vn -0.3630 -0.9317 -0.0100
vn -0.7009 -0.7131 0.0122
vn -0.5157 -0.8562 -0.0315
vn -0.4999 0.8661 -0.0017
vn -0.4864 -0.8737 0.0084
vn 0.0026 -0.0991 0.9951
vn -0.4975 0.8674 -0.0000
vn -0.5024 0.8647 0.0001
vn 0.6162 -0.7876 -0.0036
vn 0.4280 -0.9037 0.0108
vn 0.5669 -0.8238 -0.0025
vn 0.4973 -0.8641 -0.0770
vn 0.5000 -0.8660 0.0017
vn 0.0894 -0.2264 0.9699
vn 0.9707 -0.2229 -0.0893
vn -0.9689 -0.2342 -0.0794
vn -0.0843 -0.0518 0.9951
vn 0.4793 -0.8735 0.0853
vn 0.0063 -0.0042 1.0000
vn 0.0151 0.0013 0.9999
vn 0.0088 0.0122 0.9999
vn -0.0030 0.0103 0.9999
vn -0.0006 0.0073 1.0000
vn 0.4560 0.7899 0.4101
vn 0.2645 0.8146 -0.5162
vn -0.4560 -0.7899 -0.4101
vn -0.8568 0.0373 0.5144
vn -0.7331 -0.6559 0.1798
vn -0.3619 -0.8923 -0.2698
vn 0.2589 0.1250 -0.9578
vn 0.6638 -0.7480 -0.0023
vn -0.0038 0.0038 1.0000
vn -0.0094 0.0028 1.0000
vn -0.0067 -0.0044 1.0000
vn -0.0051 -0.0003 1.0000
vn -0.0156 -0.1210 0.9925
vn 0.0073 -0.0068 1.0000
vn 0.0565 -0.0240 0.9981
vn -0.1017 -0.0042 0.9948
vn 0.0490 0.0283 0.9984
vn 0.6784 -0.7292 0.0893
vn 0.0756 -0.8698 -0.4875
vn -0.6883 0.6102 -0.3923
vn -0.6520 0.6037 0.4587
vn 0.9992 -0.0281 0.0274
vt 0.125000 0.125000
vt 0.625000 0.875000
vt 0.375000 0.875000
vt 0.125000 0.875000
vt 0.875000 0.375000
vt 0.625000 0.375000
vt 0.125000 0.625000
s 0
usemtl ruins_kr_collar
f 1/1/1 28/1/1 27/1/1
f 1/1/2 29/1/2 28/1/2
f 3/1/3 29/1/3 2/1/3
f 4/1/4 30/1/4 3/1/4
f 5/1/5 31/1/5 4/1/5
f 6/1/6 32/1/6 5/1/6
f 7/1/7 33/1/7 6/1/7
f 8/1/8 34/1/8 7/1/8
f 9/1/9 35/1/9 8/1/9
f 10/1/10 36/1/10 9/1/10
f 10/1/11 37/1/11 36/1/11
f 12/1/12 38/1/12 11/1/12
f 12/1/13 39/1/13 38/1/13
f 13/1/14 39/1/14 12/1/14
f 13/1/15 41/1/15 40/1/15
f 15/1/16 42/1/16 14/1/16
f 16/1/17 42/1/17 15/1/17
f 17/1/18 43/1/18 16/1/18
f 18/1/19 44/1/19 17/1/19
f 19/1/20 46/1/20 45/1/20
f 20/1/21 47/1/21 46/1/21
f 21/1/22 47/1/22 20/1/22
f 21/1/23 48/1/23 47/1/23
f 22/1/24 49/1/24 48/1/24
f 24/1/25 49/1/25 23/1/25
f 24/1/26 51/1/26 50/1/26
f 26/1/27 52/1/27 25/1/27
f 27/1/28 53/1/28 26/1/28
f 27/1/29 28/1/29 53/1/29
f 377/2/30 378/2/30 379/2/30
f 380/2/31 379/2/31 381/2/31
f 382/2/32 381/2/32 306/2/32
f 382/2/33 307/2/33 383/2/33
f 384/2/34 307/2/34 385/2/34
f 386/2/35 385/2/35 387/2/35
f 388/2/36 387/2/36 313/2/36
f 388/2/37 315/2/37 389/2/37
f 389/2/38 391/2/38 390/2/38
f 390/2/39 318/2/39 392/2/39
f 392/2/40 394/2/40 393/2/40
f 393/2/41 321/2/41 395/2/41
f 395/2/42 323/2/42 396/2/42
f 396/2/43 398/2/43 397/2/43
f 399/2/44 398/2/44 400/2/44
f 401/2/45 400/2/45 328/2/45
f 401/2/46 403/2/46 402/2/46
f 402/2/47 331/2/47 404/2/47
f 404/2/48 406/2/48 405/2/48
f 405/2/49 333/2/49 407/2/49
f 408/2/50 333/2/50 335/2/50
f 408/2/51 410/2/51 409/2/51
f 409/2/52 412/2/52 411/2/52
f 411/2/53 414/2/53 413/2/53
f 415/2/54 414/2/54 341/2/54
f 416/2/55 341/2/55 343/2/55
f 416/2/56 344/2/56 417/2/56
f 417/2/57 346/2/57 418/2/57
f 418/2/58 420/2/58 419/2/58
f 421/2/59 420/2/59 349/2/59
f 421/2/60 350/2/60 422/2/60
f 422/2/61 424/2/61 423/2/61
f 423/2/62 353/2/62 425/2/62
f 425/2/63 355/2/63 426/2/63
f 426/2/64 428/2/64 427/2/64
f 429/2/65 428/2/65 430/2/65
f 431/2/66 430/2/66 360/2/66
f 431/2/67 433/2/67 432/2/67
f 432/2/68 435/2/68 434/2/68
f 434/2/69 437/2/69 436/2/69
f 436/2/70 367/2/70 438/2/70
f 438/2/71 369/2/71 439/2/71
f 439/2/72 441/2/72 440/2/72
f 440/2/73 443/2/73 442/2/73
f 444/2/74 443/2/74 373/2/74
f 444/2/75 446/2/75 445/2/75
f 447/2/76 446/2/76 448/2/76
f 299/2/77 448/2/77 378/2/77
f 82/1/78 55/1/78 54/1/78
f 83/1/79 56/1/79 55/1/79
f 84/1/80 57/1/80 56/1/80
f 57/1/81 85/1/81 58/1/81
f 86/1/82 59/1/82 58/1/82
f 86/1/83 60/1/83 59/1/83
f 87/1/84 61/1/84 60/1/84
f 88/1/85 62/1/85 61/1/85
f 89/1/86 63/1/86 62/1/86
f 63/1/87 90/1/87 64/1/87
f 90/1/88 65/1/88 64/1/88
f 91/1/89 66/1/89 65/1/89
f 92/1/90 67/1/90 66/1/90
f 93/1/91 68/1/91 67/1/91
f 94/1/92 69/1/92 68/1/92
f 95/1/93 70/1/93 69/1/93
f 96/1/94 71/1/94 70/1/94
f 71/1/95 98/1/95 72/1/95
f 98/1/96 73/1/96 72/1/96
f 99/1/97 74/1/97 73/1/97
f 100/1/98 75/1/98 74/1/98
f 75/1/99 101/1/99 76/1/99
f 76/1/100 103/1/100 77/1/100
f 77/1/101 104/1/101 78/1/101
f 104/1/102 79/1/102 78/1/102
f 79/1/103 106/1/103 80/1/103
f 107/1/104 81/1/104 80/1/104
f 108/1/105 54/1/105 81/1/105
f 109/1/106 110/1/106 159/1/106
f 160/1/107 109/1/107 111/1/107
f 161/1/108 111/1/108 112/1/108
f 162/1/109 112/1/109 113/1/109
f 163/1/110 113/1/110 114/1/110
f 164/1/111 114/1/111 115/1/111
f 165/1/112 115/1/112 116/1/112
f 117/1/113 165/1/113 116/1/113
f 167/1/114 117/1/114 118/1/114
f 168/1/115 118/1/115 119/1/115
f 169/1/116 119/1/116 120/1/116
f 170/1/65 120/1/65 121/1/65
f 171/1/117 121/1/117 122/1/117
f 172/1/118 122/1/118 123/1/118
f 124/1/119 172/1/119 123/1/119
f 174/1/120 124/1/120 125/1/120
f 175/1/121 125/1/121 126/1/121
f 176/1/122 126/1/122 127/1/122
f 128/1/123 176/1/123 127/1/123
f 129/1/124 177/1/124 128/1/124
f 180/1/125 178/1/125 129/1/125
f 181/1/126 180/1/126 132/1/126
f 133/1/127 181/1/127 132/1/127
f 183/1/128 133/1/128 134/1/128
f 184/1/129 134/1/129 135/1/129
f 185/1/130 135/1/130 136/1/130
f 186/1/131 136/1/131 137/1/131
f 187/1/132 137/1/132 138/1/132
f 188/1/133 138/1/133 139/1/133
f 189/1/134 139/1/134 140/1/134
f 141/1/135 189/1/135 140/1/135
f 142/1/136 190/1/136 141/1/136
f 192/1/137 142/1/137 143/1/137
f 193/1/138 143/1/138 144/1/138
f 194/1/139 144/1/139 145/1/139
f 195/1/140 145/1/140 146/1/140
f 196/1/141 146/1/141 147/1/141
f 197/1/142 147/1/142 148/1/142
f 198/1/44 148/1/44 149/1/44
f 199/1/143 149/1/143 150/1/143
f 200/1/144 150/1/144 151/1/144
f 152/1/145 200/1/145 151/1/145
f 153/1/146 201/1/146 152/1/146
f 154/1/147 202/1/147 153/1/147
f 204/1/148 154/1/148 155/1/148
f 205/1/149 155/1/149 156/1/149
f 206/1/150 156/1/150 157/1/150
f 110/1/151 157/1/151 159/1/151
f 82/3/152 158/3/152 83/3/152
f 29/3/153 109/3/153 28/3/153
f 83/3/154 161/3/154 84/3/154
f 84/3/155 162/3/155 85/3/155
f 29/3/156 113/3/156 112/3/156
f 85/3/157 164/3/157 86/3/157
f 31/3/158 114/3/158 30/3/158
f 31/3/159 116/3/159 115/3/159
f 86/3/160 166/3/160 87/3/160
f 33/3/161 117/3/161 32/3/161
f 87/3/162 168/3/162 88/3/162
f 34/3/163 119/3/163 33/3/163
f 88/3/164 170/3/164 89/3/164
f 35/3/165 120/3/165 34/3/165
f 90/3/166 171/3/166 172/3/166
f 36/3/167 122/3/167 35/3/167
f 90/3/168 174/3/168 91/3/168
f 37/3/169 124/3/169 36/3/169
f 92/3/170 175/3/170 176/3/170
f 37/3/171 127/3/171 126/3/171
f 92/3/172 177/3/172 93/3/172
f 39/3/173 128/3/173 38/3/173
f 93/3/174 179/3/174 94/3/174
f 39/3/175 130/3/175 129/3/175
f 95/3/176 131/3/176 182/3/176
f 41/3/177 132/3/177 40/3/177
f 95/3/178 183/3/178 96/3/178
f 41/3/179 135/3/179 134/3/179
f 96/3/180 185/3/180 97/3/180
f 43/3/181 136/3/181 42/3/181
f 97/3/182 187/3/182 98/3/182
f 43/3/183 138/3/183 137/3/183
f 43/3/184 139/3/184 138/3/184
f 99/3/185 188/3/185 189/3/185
f 45/3/186 140/3/186 44/3/186
f 99/3/187 191/3/187 100/3/187
f 46/3/188 142/3/188 45/3/188
f 100/3/189 193/3/189 101/3/189
f 47/3/190 144/3/190 46/3/190
f 101/3/191 195/3/191 102/3/191
f 102/3/192 196/3/192 103/3/192
f 48/3/193 146/3/193 47/3/193
f 103/3/194 198/3/194 104/3/194
f 49/3/195 148/3/195 48/3/195
f 104/3/196 200/3/196 105/3/196
f 50/3/197 150/3/197 49/3/197
f 50/3/198 152/3/198 151/3/198
f 105/3/199 202/3/199 106/3/199
f 106/3/200 203/3/200 107/3/200
f 52/3/201 153/3/201 51/3/201
f 107/3/202 205/3/202 108/3/202
f 53/3/203 155/3/203 52/3/203
f 108/3/204 110/3/204 82/3/204
f 28/3/205 157/3/205 53/3/205
f 131/3/206 179/3/206 181/3/206
f 132/3/207 180/3/207 130/3/207
f 27/3/208 208/3/208 1/3/208
f 55/3/209 209/3/209 54/3/209
f 1/3/210 211/3/210 2/3/210
f 55/3/211 212/3/211 210/3/211
f 56/3/212 214/3/212 212/3/212
f 3/3/213 213/3/213 215/3/213
f 57/3/214 214/3/214 56/3/214
f 3/3/215 217/3/215 4/3/215
f 57/3/216 218/3/216 216/3/216
f 4/3/217 217/3/217 219/3/217
f 5/3/218 219/3/218 221/3/218
f 59/3/219 220/3/219 58/3/219
f 5/3/220 221/3/220 223/3/220
f 60/3/221 222/3/221 59/3/221
f 5/3/222 225/3/222 6/3/222
f 6/3/223 227/3/223 7/3/223
f 61/3/224 226/3/224 60/3/224
f 61/3/225 230/3/225 228/3/225
f 8/3/226 229/3/226 231/3/226
f 8/3/227 233/3/227 9/3/227
f 62/3/228 234/3/228 232/3/228
f 63/3/229 236/3/229 234/3/229
f 9/3/230 237/3/230 10/3/230
f 64/3/231 238/3/231 236/3/231
f 65/3/232 238/3/232 64/3/232
f 10/3/233 241/3/233 11/3/233
f 65/3/234 242/3/234 240/3/234
f 11/3/235 241/3/235 243/3/235
f 12/3/236 243/3/236 245/3/236
f 67/3/237 244/3/237 66/3/237
f 12/3/238 245/3/238 247/3/238
f 12/3/239 247/3/239 13/3/239
f 67/3/240 249/3/240 248/3/240
f 68/3/241 251/3/241 249/3/241
f 14/3/242 252/3/242 254/3/242
f 70/3/243 253/3/243 69/3/243
f 15/3/244 256/3/244 258/3/244
f 71/3/245 257/3/245 70/3/245
f 15/3/246 259/3/246 16/3/246
f 71/3/247 262/3/247 260/3/247
f 16/3/248 263/3/248 17/3/248
f 72/3/249 264/3/249 262/3/249
f 72/3/250 266/3/250 264/3/250
f 17/3/251 267/3/251 18/3/251
f 73/3/252 268/3/252 266/3/252
f 18/3/253 269/3/253 19/3/253
f 73/3/254 270/3/254 268/3/254
f 74/3/255 272/3/255 270/3/255
f 19/3/256 273/3/256 20/3/256
f 75/3/257 272/3/257 74/3/257
f 76/3/258 274/3/258 75/3/258
f 20/3/259 277/3/259 21/3/259
f 21/3/260 279/3/260 22/3/260
f 77/3/261 278/3/261 76/3/261
f 22/3/262 283/3/262 23/3/262
f 77/3/263 284/3/263 282/3/263
f 24/3/264 285/3/264 287/3/264
f 79/3/265 286/3/265 78/3/265
f 24/3/266 287/3/266 289/3/266
f 24/3/267 291/3/267 25/3/267
f 80/3/268 290/3/268 79/3/268
f 25/3/269 291/3/269 292/3/269
f 25/3/270 294/3/270 26/3/270
f 81/3/271 293/3/271 80/3/271
f 26/3/272 294/3/272 296/3/272
f 26/3/273 296/3/273 27/3/273
f 81/3/274 298/3/274 297/3/274
f 27/3/275 296/3/275 207/3/275
f 207/3/30 300/3/30 208/3/30
f 210/3/30 301/3/30 209/3/30
f 208/3/31 303/3/31 211/3/31
f 212/3/31 302/3/31 210/3/31
f 211/3/276 305/3/276 213/3/276
f 214/3/276 304/3/276 212/3/276
f 213/3/277 383/3/277 215/3/277
f 216/3/278 306/3/278 214/3/278
f 215/3/279 308/3/279 217/3/279
f 216/3/280 309/3/280 307/3/280
f 217/3/35 310/3/35 219/3/35
f 220/3/35 309/3/35 218/3/35
f 219/3/281 312/3/281 221/3/281
f 222/3/281 311/3/281 220/3/281
f 221/3/282 314/3/282 223/3/282
f 224/3/283 313/3/283 222/3/283
f 223/3/38 316/3/38 225/3/38
f 226/3/284 315/3/284 224/3/284
f 225/3/285 392/3/285 227/3/285
f 228/3/138 317/3/138 226/3/138
f 227/3/139 319/3/139 229/3/139
f 230/3/286 318/3/286 228/3/286
f 229/3/287 395/3/287 231/3/287
f 232/3/140 320/3/140 230/3/140
f 231/3/141 322/3/141 233/3/141
f 234/3/288 321/3/288 232/3/288
f 233/3/289 397/3/289 235/3/289
f 236/3/290 323/3/290 234/3/290
f 235/3/44 325/3/44 237/3/44
f 238/3/44 324/3/44 236/3/44
f 237/3/143 327/3/143 239/3/143
f 240/3/143 326/3/143 238/3/143
f 239/3/46 329/3/46 241/3/46
f 242/3/291 328/3/291 240/3/291
f 241/3/292 404/3/292 243/3/292
f 244/3/293 330/3/293 242/3/293
f 243/3/294 405/3/294 245/3/294
f 244/3/295 332/3/295 331/3/295
f 245/3/296 407/3/296 247/3/296
f 248/3/297 332/3/297 246/3/297
f 248/3/298 335/3/298 333/3/298
f 250/3/299 334/3/299 409/3/299
f 249/3/300 336/3/300 335/3/300
f 250/3/301 337/3/301 252/3/301
f 251/3/150 338/3/150 336/3/150
f 254/3/302 337/3/302 413/3/302
f 253/3/303 339/3/303 338/3/303
f 254/3/304 340/3/304 256/3/304
f 255/3/305 341/3/305 339/3/305
f 256/3/306 342/3/306 258/3/306
f 257/3/307 343/3/307 341/3/307
f 258/3/308 417/3/308 259/3/308
f 259/3/309 345/3/309 261/3/309
f 262/3/310 344/3/310 260/3/310
f 261/3/311 419/3/311 263/3/311
f 264/3/312 346/3/312 262/3/312
f 263/3/313 348/3/313 265/3/313
f 266/3/313 347/3/313 264/3/313
f 265/3/314 422/3/314 267/3/314
f 268/3/315 349/3/315 266/3/315
f 267/3/316 351/3/316 269/3/316
f 268/3/317 352/3/317 350/3/317
f 269/3/318 425/3/318 271/3/318
f 272/3/319 352/3/319 270/3/319
f 271/3/115 354/3/115 273/3/115
f 274/3/320 353/3/320 272/3/320
f 273/3/321 427/3/321 275/3/321
f 276/3/322 355/3/322 274/3/322
f 275/3/65 357/3/65 277/3/65
f 278/3/65 356/3/65 276/3/65
f 277/3/323 359/3/323 279/3/323
f 280/3/323 358/3/323 278/3/323
f 279/3/67 361/3/67 281/3/67
f 282/3/324 360/3/324 280/3/324
f 281/3/68 363/3/68 283/3/68
f 284/3/68 362/3/68 282/3/68
f 283/3/69 365/3/69 285/3/69
f 286/3/69 364/3/69 284/3/69
f 285/3/325 438/3/325 287/3/325
f 288/3/326 366/3/326 286/3/326
f 287/3/327 368/3/327 289/3/327
f 290/3/328 367/3/328 288/3/328
f 289/3/329 440/3/329 291/3/329
f 290/3/330 370/3/330 369/3/330
f 291/3/331 442/3/331 292/3/331
f 292/3/332 372/3/332 294/3/332
f 295/3/333 371/3/333 293/3/333
f 294/3/334 445/3/334 296/3/334
f 297/3/335 373/3/335 295/3/335
f 298/3/76 374/3/76 297/3/76
f 207/3/336 375/3/336 299/3/336
f 209/3/337 376/3/337 298/3/337
f 299/2/338 377/2/338 300/2/338
f 301/2/339 379/2/339 378/2/339
f 303/2/340 377/2/340 380/2/340
f 304/2/341 379/2/341 302/2/341
f 305/2/342 380/2/342 382/2/342
f 306/2/343 381/2/343 304/2/343
f 383/2/344 384/2/344 308/2/344
f 308/2/345 386/2/345 310/2/345
f 311/2/346 385/2/346 309/2/346
f 310/2/347 388/2/347 312/2/347
f 313/2/348 387/2/348 311/2/348
f 312/2/349 389/2/349 314/2/349
f 314/2/350 390/2/350 316/2/350
f 317/2/351 318/2/351 391/2/351
f 392/2/352 393/2/352 319/2/352
f 321/2/353 394/2/353 320/2/353
f 395/2/354 396/2/354 322/2/354
f 325/2/355 397/2/355 399/2/355
f 326/2/356 398/2/356 324/2/356
f 327/2/357 399/2/357 401/2/357
f 328/2/358 400/2/358 326/2/358
f 327/2/359 402/2/359 329/2/359
f 330/2/360 331/2/360 403/2/360
f 333/2/361 406/2/361 332/2/361
f 334/2/362 407/2/362 408/2/362
f 337/2/363 409/2/363 411/2/363
f 338/2/364 410/2/364 336/2/364
f 338/2/365 414/2/365 412/2/365
f 413/2/366 415/2/366 340/2/366
f 341/2/367 414/2/367 339/2/367
f 342/2/368 415/2/368 416/2/368
f 345/2/369 417/2/369 418/2/369
f 348/2/370 419/2/370 421/2/370
f 349/2/371 420/2/371 347/2/371
f 351/2/372 422/2/372 423/2/372
f 352/2/373 353/2/373 424/2/373
f 354/2/374 425/2/374 426/2/374
f 427/2/375 429/2/375 357/2/375
f 358/2/376 428/2/376 356/2/376
f 357/2/377 431/2/377 359/2/377
f 358/2/378 360/2/378 430/2/378
f 359/2/379 432/2/379 361/2/379
f 363/2/380 432/2/380 434/2/380
f 364/2/381 433/2/381 362/2/381
f 365/2/382 434/2/382 436/2/382
f 364/2/383 437/2/383 435/2/383
f 366/2/384 367/2/384 437/2/384
f 438/2/385 439/2/385 368/2/385
f 371/2/386 441/2/386 370/2/386
f 442/2/387 444/2/387 372/2/387
f 373/2/388 443/2/388 371/2/388
f 445/2/389 447/2/389 375/2/389
f 376/2/390 446/2/390 374/2/390
f 301/2/391 448/2/391 376/2/391
f 452/4/392 450/4/392 449/4/392
f 454/5/393 457/5/393 453/5/393
f 454/5/394 459/5/394 458/5/394
f 455/5/395 460/5/395 459/5/395
f 453/5/396 460/5/396 456/5/396
f 1274/5/397 1249/5/397 1270/5/397
f 462/2/398 466/2/398 461/2/398
f 463/2/399 467/2/399 462/2/399
f 463/2/400 468/2/400 467/2/400
f 464/2/401 468/2/401 463/2/401
f 464/2/402 465/2/402 468/2/402
f 469/2/403 474/2/403 470/2/403
f 475/2/404 471/2/404 470/2/404
f 476/2/405 472/2/405 471/2/405
f 472/2/406 473/2/406 469/2/406
f 1364/6/407 1347/6/407 1350/6/407
f 477/6/408 489/6/408 478/6/408
f 489/6/409 479/6/409 478/6/409
f 479/6/410 490/6/410 480/6/410
f 480/6/411 491/6/411 481/6/411
f 491/6/412 482/6/412 481/6/412
f 491/6/413 483/6/413 482/6/413
f 492/6/414 484/6/414 483/6/414
f 492/6/415 485/6/415 484/6/415
f 493/6/416 486/6/416 485/6/416
f 494/6/417 487/6/417 486/6/417
f 494/6/418 488/6/418 487/6/418
f 495/6/419 477/6/419 488/6/419
f 902/5/420 881/5/420 886/5/420
f 490/6/421 504/6/421 496/6/421
f 1417/6/422 1406/6/422 1405/6/422
f 493/6/423 501/6/423 494/6/423
f 498/6/424 502/6/424 499/6/424
f 496/6/425 504/6/425 503/6/425
f 500/6/426 505/6/426 504/6/426
f 501/6/427 505/6/427 500/6/427
f 1126/2/428 1125/2/428 1080/2/428
f 506/6/429 518/6/429 507/6/429
f 507/6/430 519/6/430 508/6/430
f 519/6/408 509/6/408 508/6/408
f 520/6/431 510/6/431 509/6/431
f 510/6/432 521/6/432 511/6/432
f 511/6/433 521/6/433 512/6/433
f 512/6/434 522/6/434 513/6/434
f 522/6/435 514/6/435 513/6/435
f 514/6/436 523/6/436 515/6/436
f 515/6/437 524/6/437 516/6/437
f 516/6/438 524/6/438 517/6/438
f 524/6/439 506/6/439 517/6/439
f 925/5/440 888/5/440 892/5/440
f 532/2/441 533/2/441 535/2/441
f 527/6/442 530/6/442 528/6/442
f 527/6/443 531/6/443 530/6/443
f 526/6/444 533/6/444 532/6/444
f 529/6/445 534/6/445 525/6/445
f 529/6/446 535/6/446 534/6/446
f 528/6/447 535/6/447 529/6/447
f 528/6/448 530/6/448 535/6/448
f 1463/5/449 1449/5/449 1448/5/449
f 536/6/450 548/6/450 537/6/450
f 537/6/439 549/6/439 538/6/439
f 549/6/451 539/6/451 538/6/451
f 549/6/452 540/6/452 539/6/452
f 550/6/453 541/6/453 540/6/453
f 541/6/454 551/6/454 542/6/454
f 542/6/455 551/6/455 543/6/455
f 543/6/411 552/6/411 544/6/411
f 552/6/456 545/6/456 544/6/456
f 552/6/413 546/6/413 545/6/413
f 553/6/414 547/6/414 546/6/414
f 553/6/415 536/6/415 547/6/415
f 920/7/457 950/7/457 888/7/457
f 557/6/458 560/6/458 558/6/458
f 556/6/459 562/6/459 561/6/459
f 555/6/460 562/6/460 556/6/460
f 554/6/461 563/6/461 555/6/461
f 554/6/462 564/6/462 563/6/462
f 558/6/463 560/6/463 559/6/463
f 961/4/464 924/4/464 877/4/464
f 565/6/436 577/6/436 566/6/436
f 566/6/415 578/6/415 567/6/415
f 567/6/465 578/6/465 568/6/465
f 568/6/466 579/6/466 569/6/466
f 579/6/467 570/6/467 569/6/467
f 580/6/468 571/6/468 570/6/468
f 580/6/469 572/6/469 571/6/469
f 581/6/470 573/6/470 572/6/470
f 581/6/432 574/6/432 573/6/432
f 582/6/471 575/6/471 574/6/471
f 575/6/472 583/6/472 576/6/472
f 583/6/473 565/6/473 576/6/473
f 985/2/474 987/2/474 1039/2/474
f 579/6/475 585/6/475 593/6/475
f 1016/5/476 979/5/476 983/5/476
f 589/6/477 583/6/477 582/6/477
f 592/2/478 594/2/478 590/2/478
f 587/6/479 591/6/479 590/6/479
f 586/6/480 592/6/480 591/6/480
f 593/6/481 592/6/481 586/6/481
f 584/6/482 594/6/482 585/6/482
f 589/6/483 595/6/483 584/6/483
f 588/6/484 590/6/484 589/6/484
f 1040/4/485 1046/4/485 1047/4/485
f 1033/2/486 1032/2/486 988/2/486
f 596/6/487 608/6/487 597/6/487
f 597/6/435 609/6/435 598/6/435
f 609/6/488 599/6/488 598/6/488
f 610/6/489 600/6/489 599/6/489
f 600/6/490 611/6/490 601/6/490
f 601/6/417 611/6/417 602/6/417
f 602/6/467 612/6/467 603/6/467
f 612/6/430 604/6/430 603/6/430
f 604/6/491 613/6/491 605/6/491
f 613/6/454 606/6/454 605/6/454
f 606/6/455 614/6/455 607/6/455
f 614/6/492 596/6/492 607/6/492
f 616/6/493 611/6/493 610/6/493
f 983/2/494 984/2/494 1016/2/494
f 617/6/495 620/6/495 618/6/495
f 617/6/496 621/6/496 620/6/496
f 616/6/497 623/6/497 622/6/497
f 619/6/498 624/6/498 615/6/498
f 619/6/499 625/6/499 624/6/499
f 618/6/500 625/6/500 619/6/500
f 618/6/501 620/6/501 625/6/501
f 620/2/502 622/2/502 624/2/502
f 628/4/503 626/4/503 629/4/503
f 632/4/504 630/4/504 633/4/504
f 636/4/505 634/4/505 637/4/505
f 640/4/506 638/4/506 641/4/506
f 644/4/507 642/4/507 645/4/507
f 648/4/508 646/4/508 649/4/508
f 653/4/509 651/4/509 650/4/509
f 657/4/510 655/4/510 654/4/510
f 661/4/511 659/4/511 658/4/511
f 665/4/512 663/4/512 662/4/512
f 669/4/513 667/4/513 666/4/513
f 670/6/410 682/6/410 671/6/410
f 671/6/514 683/6/514 672/6/514
f 683/6/472 673/6/472 672/6/472
f 673/6/515 684/6/515 674/6/515
f 674/6/516 685/6/516 675/6/516
f 675/6/517 685/6/517 676/6/517
f 685/6/518 677/6/518 676/6/518
f 686/6/417 678/6/417 677/6/417
f 686/6/418 679/6/418 678/6/418
f 687/6/419 680/6/419 679/6/419
f 680/6/519 688/6/519 681/6/519
f 688/6/520 670/6/520 681/6/520
f 1123/2/521 1117/2/521 1118/2/521
f 691/6/522 694/6/522 692/6/522
f 691/6/523 696/6/523 695/6/523
f 690/6/524 697/6/524 696/6/524
f 693/6/525 698/6/525 689/6/525
f 692/6/526 699/6/526 693/6/526
f 947/6/527 934/6/527 938/6/527
f 701/5/528 705/5/528 700/5/528
f 701/5/529 706/5/529 705/5/529
f 703/5/530 707/5/530 702/5/530
f 700/5/531 704/5/531 703/5/531
f 1114/6/532 1127/6/532 1126/6/532
f 711/3/533 713/3/533 721/3/533
f 715/3/534 720/3/534 717/3/534
f 712/3/535 723/3/535 722/3/535
f 716/3/536 710/3/536 714/3/536
f 1082/2/537 1081/2/537 1078/2/537
f 1111/5/538 1093/5/538 1112/5/538
f 1108/5/539 1071/5/539 1075/5/539
f 717/3/521 719/3/521 713/3/521
f 709/3/540 710/3/540 708/3/540
f 712/3/541 721/3/541 713/3/541
f 715/3/542 716/3/542 714/3/542
f 723/3/543 720/3/543 718/3/543
f 831/5/544 825/5/544 827/5/544
f 711/2/545 724/2/545 710/2/545
f 711/2/546 725/2/546 724/2/546
f 722/2/547 725/2/547 721/2/547
f 723/2/548 726/2/548 722/2/548
f 723/2/549 728/2/549 727/2/549
f 715/2/550 728/2/550 718/2/550
f 714/2/551 729/2/551 715/2/551
f 710/2/552 730/2/552 714/2/552
f 730/2/553 735/2/553 729/2/553
f 732/2/554 736/2/554 731/2/554
f 733/2/555 738/2/555 737/2/555
f 734/2/556 739/2/556 738/2/556
f 731/2/557 739/2/557 735/2/557
f 744/4/558 740/4/558 741/4/558
f 741/4/559 743/4/559 744/4/559
f 749/4/560 745/4/560 746/4/560
f 746/4/561 748/4/561 749/4/561
f 1085/5/562 1063/5/562 1069/5/562
f 1173/5/563 1172/5/563 1158/5/563
f 1221/2/521 1220/2/521 1174/2/521
f 819/2/564 826/2/564 772/2/564
f 1176/2/565 1177/2/565 1172/2/565
f 1319/5/566 1251/5/566 1324/5/566
f 818/5/567 776/5/567 809/5/567
f 820/2/568 819/2/568 773/2/568
f 1222/6/569 1208/6/569 1209/6/569
f 766/2/570 816/2/570 817/2/570
f 971/5/571 975/5/571 976/5/571
f 795/5/572 786/5/572 787/5/572
f 794/2/573 799/2/573 774/2/573
f 778/5/574 763/5/574 758/5/574
f 768/2/575 765/2/575 769/2/575
f 777/6/576 751/6/576 763/6/576
f 768/2/577 769/2/577 802/2/577
f 817/5/578 809/5/578 766/5/578
f 1229/4/579 1236/4/579 1151/4/579
f 1313/6/580 1309/6/580 1310/6/580
f 759/5/581 768/5/581 764/5/581
f 758/5/582 769/5/582 765/5/582
f 751/5/583 769/5/583 763/5/583
f 805/5/584 786/5/584 806/5/584
f 819/5/585 772/5/585 754/5/585
f 756/5/586 775/5/586 770/5/586
f 757/5/587 774/5/587 762/5/587
f 1162/7/588 1153/7/588 1182/7/588
f 779/6/589 777/6/589 822/6/589
f 1226/6/590 1211/6/590 1216/6/590
f 782/5/591 841/5/591 750/5/591
f 808/6/592 821/6/592 820/6/592
f 808/7/593 784/7/593 750/7/593
f 784/5/594 783/5/594 750/5/594
f 783/7/595 782/7/595 750/7/595
f 785/2/596 807/2/596 773/2/596
f 813/7/597 788/7/597 805/7/597
f 788/5/598 812/5/598 789/5/598
f 790/5/599 812/5/599 811/5/599
f 782/5/600 801/5/600 841/5/600
f 800/5/601 784/5/601 793/5/601
f 799/2/602 784/2/602 785/2/602
f 799/5/603 786/5/603 798/5/603
f 788/5/604 804/5/604 805/5/604
f 796/5/605 788/5/605 789/5/605
f 796/5/606 790/5/606 802/5/606
f 802/5/607 790/5/607 797/5/607
f 791/4/608 828/4/608 829/4/608
f 799/5/609 762/5/609 774/5/609
f 781/6/610 800/6/610 780/6/610
f 801/6/611 781/6/611 752/6/611
f 751/5/612 796/5/612 769/5/612
f 1109/7/613 1058/7/613 1110/7/613
f 773/5/614 786/5/614 785/5/614
f 1274/5/615 1255/5/615 1307/5/615
f 829/4/616 753/4/616 791/4/616
f 819/6/617 754/6/617 773/6/617
f 1157/5/618 1242/5/618 1156/5/618
f 834/5/619 827/5/619 825/5/619
f 1270/5/620 1269/5/620 1254/5/620
f 951/5/621 888/5/621 950/5/621
f 1322/6/622 1309/6/622 1313/6/622
f 1268/2/623 1270/2/623 1324/2/623
f 1331/5/624 1323/5/624 1326/5/624
f 751/7/625 779/7/625 822/7/625
f 827/4/626 814/4/626 831/4/626
f 825/5/627 815/5/627 767/5/627
f 1319/6/521 1306/6/521 1246/6/521
f 1484/5/628 1483/5/628 1481/5/628
f 802/5/629 764/5/629 768/5/629
f 776/5/630 754/5/630 772/5/630
f 1298/5/631 1289/5/631 1280/5/631
f 833/4/632 832/4/632 1476/4/632
f 828/5/633 790/5/633 829/5/633
f 810/5/634 829/5/634 790/5/634
f 1235/5/635 1227/5/635 1231/5/635
f 1296/7/636 1302/7/636 1320/7/636
f 797/7/637 833/7/637 764/7/637
f 1120/4/638 1368/4/638 1141/4/638
f 766/2/639 835/2/639 767/2/639
f 766/5/640 809/5/640 765/5/640
f 770/2/641 772/2/641 826/2/641
f 838/5/642 756/5/642 826/5/642
f 761/7/643 752/7/643 780/7/643
f 1045/4/644 867/4/644 1044/4/644
f 1338/4/645 1299/4/645 1248/4/645
f 841/4/646 801/4/646 837/4/646
f 841/4/647 840/4/647 750/4/647
f 839/4/648 838/4/648 821/4/648
f 1321/6/649 1331/6/649 1330/6/649
f 1325/7/650 1294/7/650 1327/7/650
f 462/2/651 461/2/651 464/2/651
f 839/4/652 853/4/652 838/4/652
f 1381/4/653 1147/4/653 1148/4/653
f 843/6/654 849/6/654 846/6/654
f 847/6/655 845/6/655 850/6/655
f 848/6/656 851/6/656 854/6/656
f 846/6/657 850/6/657 845/6/657
f 844/5/658 843/5/658 846/5/658
f 844/6/659 852/6/659 842/6/659
f 854/6/660 852/6/660 844/6/660
f 845/5/661 848/5/661 854/5/661
f 1361/5/662 1348/5/662 1347/5/662
f 854/2/663 840/2/663 841/2/663
f 1343/5/664 1358/5/664 1344/5/664
f 1363/6/422 1350/6/422 1349/6/422
f 865/6/521 852/6/521 851/6/521
f 861/5/665 848/5/665 847/5/665
f 1368/6/666 1120/6/666 1367/6/666
f 1366/6/667 1343/6/667 1352/6/667
f 1390/6/668 1378/6/668 1375/6/668
f 846/5/669 853/5/669 844/5/669
f 857/6/670 860/6/670 863/6/670
f 861/6/671 864/6/671 859/6/671
f 862/6/672 871/6/672 865/6/672
f 864/6/673 860/6/673 859/6/673
f 857/5/674 858/5/674 860/5/674
f 858/6/675 856/6/675 866/6/675
f 866/6/676 871/6/676 858/6/676
f 862/5/677 859/5/677 871/5/677
f 1144/6/678 1373/6/678 1383/6/678
f 863/6/422 850/6/422 849/6/422
f 894/2/679 896/2/679 949/2/679
f 1419/6/521 1408/6/521 1407/6/521
f 860/5/680 869/5/680 873/5/680
f 942/2/681 949/2/681 896/2/681
f 880/5/682 962/5/682 879/5/682
f 1200/7/683 1205/7/683 1224/7/683
f 1409/6/684 1400/6/684 1240/6/684
f 941/5/685 900/5/685 932/5/685
f 1235/4/686 1395/4/686 1234/4/686
f 917/2/687 922/2/687 898/2/687
f 890/2/688 939/2/688 940/2/688
f 902/5/689 887/5/689 882/5/689
f 892/2/690 889/2/690 893/2/690
f 1462/6/691 1452/6/691 1461/6/691
f 901/6/692 876/6/692 887/6/692
f 1473/6/668 1448/6/668 1458/6/668
f 940/5/693 932/5/693 890/5/693
f 872/4/694 1047/4/694 1046/4/694
f 1028/6/695 1024/6/695 1025/6/695
f 883/5/696 892/5/696 888/5/696
f 882/5/697 893/5/697 889/5/697
f 876/5/698 893/5/698 887/5/698
f 942/5/699 896/5/699 878/5/699
f 880/5/700 899/5/700 894/5/700
f 881/5/701 898/5/701 886/5/701
f 923/5/702 915/5/702 906/5/702
f 903/6/703 901/6/703 945/6/703
f 1508/5/651 1505/5/651 1506/5/651
f 906/5/704 965/5/704 874/5/704
f 931/7/705 908/7/705 874/7/705
f 908/5/706 907/5/706 874/5/706
f 907/7/707 906/7/707 874/7/707
f 909/2/708 930/2/708 897/2/708
f 964/4/709 944/4/709 874/4/709
f 937/7/710 912/7/710 928/7/710
f 912/5/711 936/5/711 913/5/711
f 914/5/712 936/5/712 935/5/712
f 906/5/713 924/5/713 965/5/713
f 923/5/714 908/5/714 916/5/714
f 922/2/715 908/2/715 909/2/715
f 922/5/716 910/5/716 921/5/716
f 912/5/717 927/5/717 928/5/717
f 919/5/718 912/5/718 913/5/718
f 919/5/719 914/5/719 925/5/719
f 922/5/720 886/5/720 898/5/720
f 905/6/721 923/6/721 904/6/721
f 924/6/722 905/6/722 877/6/722
f 876/5/723 919/5/723 893/5/723
f 1017/7/724 967/7/724 1018/7/724
f 928/5/725 910/5/725 929/5/725
f 897/5/726 910/5/726 909/5/726
f 973/5/727 1023/5/727 991/5/727
f 942/6/728 878/6/728 897/6/728
f 1048/5/729 979/5/729 1040/5/729
f 950/4/730 957/4/730 875/4/730
f 885/5/731 917/5/731 899/5/731
f 885/7/732 877/7/732 904/7/732
f 1128/7/733 1110/7/733 1058/7/733
f 876/7/734 903/7/734 945/7/734
f 952/4/735 1445/4/735 956/4/735
f 948/5/736 938/5/736 891/5/736
f 904/7/737 916/7/737 885/7/737
f 1062/5/738 1067/5/738 1068/5/738
f 557/6/739 558/6/739 552/6/739
f 875/4/740 951/4/740 950/4/740
f 563/2/741 564/2/741 560/2/741
f 953/5/742 914/5/742 954/5/742
f 934/5/743 954/5/743 914/5/743
f 884/4/744 960/4/744 961/4/744
f 947/6/745 956/6/745 955/6/745
f 1045/5/746 1038/5/746 1041/5/746
f 958/4/747 933/4/747 954/4/747
f 957/4/748 954/4/748 933/4/748
f 890/2/749 959/2/749 891/2/749
f 890/5/750 932/5/750 889/5/750
f 1459/4/751 879/4/751 962/4/751
f 1438/5/664 1427/5/664 1426/5/664
f 900/5/752 878/5/752 896/5/752
f 1139/4/753 1141/4/753 1138/4/753
f 965/4/754 924/4/754 961/4/754
f 965/4/755 964/4/755 874/4/755
f 963/4/756 962/4/756 944/4/756
f 971/5/757 1052/5/757 970/5/757
f 963/4/758 1459/4/758 962/4/758
f 1460/4/759 964/4/759 965/4/759
f 965/4/760 960/4/760 1460/4/760
f 1032/2/761 1039/2/761 987/2/761
f 1223/5/762 1242/5/762 1228/5/762
f 1031/5/763 991/5/763 1023/5/763
f 831/4/764 753/4/764 830/4/764
f 987/5/765 986/5/765 972/5/765
f 981/2/766 1029/2/766 1030/2/766
f 1030/2/521 1025/2/521 1026/2/521
f 990/2/767 989/2/767 986/2/767
f 993/5/768 978/5/768 973/5/768
f 983/2/769 980/2/769 984/2/769
f 992/6/770 967/6/770 978/6/770
f 1033/6/771 1021/6/771 1022/6/771
f 1030/5/772 1023/5/772 981/5/772
f 1121/6/773 1116/6/773 1117/6/773
f 1219/6/774 1213/6/774 1214/6/774
f 974/5/775 983/5/775 979/5/775
f 973/5/776 984/5/776 980/5/776
f 967/5/777 984/5/777 978/5/777
f 976/5/778 1008/5/778 990/5/778
f 1032/5/779 987/5/779 969/5/779
f 971/5/780 990/5/780 985/5/780
f 972/5/781 989/5/781 977/5/781
f 994/6/782 992/6/782 1035/6/782
f 997/5/783 1055/5/783 966/5/783
f 1022/7/784 999/7/784 966/7/784
f 999/5/785 998/5/785 966/5/785
f 998/7/786 997/7/786 966/7/786
f 1000/2/787 1021/2/787 988/2/787
f 1034/6/521 1022/6/521 966/6/521
f 1019/5/788 1001/5/788 1020/5/788
f 1027/7/789 1003/7/789 1019/7/789
f 1003/5/790 1026/5/790 1004/5/790
f 1005/5/791 1026/5/791 1025/5/791
f 997/5/792 1015/5/792 1055/5/792
f 1014/5/793 999/5/793 1007/5/793
f 1013/2/794 999/2/794 1000/2/794
f 1013/5/795 1001/5/795 1012/5/795
f 1003/5/796 1018/5/796 1019/5/796
f 1010/5/797 1003/5/797 1004/5/797
f 1010/5/798 1005/5/798 1016/5/798
f 1016/5/799 1005/5/799 1011/5/799
f 868/4/800 1042/4/800 1043/4/800
f 1008/2/801 1013/2/801 989/2/801
f 1013/5/802 977/5/802 989/5/802
f 996/6/803 1014/6/803 995/6/803
f 1015/6/804 996/6/804 968/6/804
f 967/5/805 1010/5/805 984/5/805
f 988/5/806 1001/5/806 1000/5/806
f 1043/4/807 867/4/807 868/4/807
f 991/5/808 969/5/808 987/5/808
f 1032/6/809 969/6/809 988/6/809
f 1134/5/810 1071/5/810 1133/5/810
f 1009/5/811 1001/5/811 1002/5/811
f 993/5/812 972/5/812 977/5/812
f 1014/5/813 1006/5/813 997/5/813
f 1157/5/814 1161/5/814 1162/5/814
f 967/7/815 994/7/815 1035/7/815
f 1041/4/816 870/4/816 1045/4/816
f 1038/5/817 1028/5/817 982/5/817
f 1037/6/818 1024/6/818 1028/6/818
f 880/5/819 884/5/819 885/5/819
f 1047/4/820 1048/4/820 1040/4/820
f 1040/7/821 1011/7/821 1042/7/821
f 1037/6/822 1045/6/822 1044/6/822
f 1042/5/823 1005/5/823 1043/5/823
f 1024/5/824 1043/5/824 1005/5/824
f 1048/4/825 869/4/825 1041/4/825
f 1077/2/826 1079/2/826 1132/2/826
f 881/5/827 902/5/827 900/5/827
f 981/2/828 1049/2/828 982/2/828
f 981/5/829 1023/5/829 980/5/829
f 1320/7/830 1302/7/830 1247/7/830
f 972/5/831 993/5/831 991/5/831
f 840/4/832 821/4/832 750/4/832
f 1055/4/833 1015/4/833 1050/4/833
f 1055/4/834 1054/4/834 966/4/834
f 1053/4/835 1052/4/835 1034/4/835
f 1050/4/836 1015/4/836 968/4/836
f 1053/4/837 1353/4/837 1052/4/837
f 1125/2/838 1132/2/838 1079/2/838
f 1031/6/839 1026/6/839 1027/6/839
f 1124/5/840 1083/5/840 1115/5/840
f 1148/4/841 1127/4/841 1056/4/841
f 1073/2/842 1122/2/842 1123/2/842
f 1104/7/843 1110/7/843 1128/7/843
f 1085/5/844 1070/5/844 1064/5/844
f 1075/2/845 1072/2/845 1076/2/845
f 1084/6/846 1058/6/846 1070/6/846
f 1123/5/847 1115/5/847 1073/5/847
f 1216/6/848 1211/6/848 1212/6/848
f 834/5/849 764/5/849 833/5/849
f 1065/5/850 1075/5/850 1071/5/850
f 1064/5/851 1076/5/851 1072/5/851
f 1075/2/852 1076/2/852 1108/2/852
f 1058/5/853 1076/5/853 1070/5/853
f 1106/5/854 1098/5/854 1089/5/854
f 1125/5/855 1079/5/855 1060/5/855
f 1062/5/856 1082/5/856 1077/5/856
f 1063/5/857 1081/5/857 1069/5/857
f 1068/5/858 1100/5/858 1082/5/858
f 1086/6/859 1084/6/859 1128/6/859
f 1089/5/860 1149/5/860 1056/5/860
f 1126/6/861 1113/6/861 1114/6/861
f 1114/7/862 1091/7/862 1056/7/862
f 1091/5/863 1090/5/863 1056/5/863
f 1090/7/864 1089/7/864 1056/7/864
f 1092/2/865 1113/2/865 1080/2/865
f 705/5/628 706/5/628 707/5/628
f 1119/7/866 1095/7/866 1111/7/866
f 1095/5/867 1118/5/867 1096/5/867
f 1097/5/868 1118/5/868 1117/5/868
f 1089/5/869 1107/5/869 1149/5/869
f 1106/5/870 1091/5/870 1099/5/870
f 1105/2/871 1091/2/871 1092/2/871
f 1105/5/872 1093/5/872 1104/5/872
f 1095/5/873 1110/5/873 1111/5/873
f 1102/5/874 1095/5/874 1096/5/874
f 1102/5/875 1097/5/875 1108/5/875
f 1108/5/876 1097/5/876 1103/5/876
f 738/2/877 739/2/877 736/2/877
f 1105/5/878 1069/5/878 1081/5/878
f 1088/6/879 1106/6/879 1087/6/879
f 1107/6/880 1088/6/880 1059/6/880
f 1058/5/881 1102/5/881 1076/5/881
f 1301/7/882 1247/7/882 1302/7/882
f 1080/5/883 1093/5/883 1092/5/883
f 1083/5/884 1060/5/884 1079/5/884
f 1178/5/885 1159/5/885 1210/5/885
f 1125/6/886 1060/6/886 1080/6/886
f 1353/4/887 970/4/887 1052/4/887
f 1230/5/888 1165/5/888 1229/5/888
f 1133/4/889 1140/4/889 1057/4/889
f 1079/5/890 1078/5/890 1063/5/890
f 1103/7/891 1133/7/891 1071/7/891
f 1139/5/892 1131/5/892 1135/5/892
f 1058/7/893 1086/7/893 1128/7/893
f 1135/4/894 1120/4/894 1139/4/894
f 1131/5/895 1121/5/895 1074/5/895
f 1130/6/896 1139/6/896 1138/6/896
f 1130/6/897 1116/6/897 1121/6/897
f 733/2/422 732/2/422 725/2/422
f 1253/5/898 1257/5/898 1258/5/898
f 1068/7/899 1059/7/899 1087/7/899
f 1057/4/900 1134/4/900 1133/4/900
f 1101/5/669 1093/5/669 1094/5/669
f 1136/5/901 1097/5/901 1137/5/901
f 1116/5/902 1137/5/902 1097/5/902
f 1100/2/903 1105/2/903 1081/2/903
f 1204/7/904 1152/7/904 1205/7/904
f 1141/4/905 1368/4/905 1137/4/905
f 1140/4/906 1137/4/906 1368/4/906
f 1131/5/907 1074/5/907 1065/5/907
f 1073/2/908 1142/2/908 1074/2/908
f 1073/5/909 1115/5/909 1072/5/909
f 1145/4/910 1107/4/910 1059/4/910
f 1063/5/911 1085/5/911 1083/5/911
f 699/2/912 695/2/912 698/2/912
f 1295/4/913 1333/4/913 1332/4/913
f 1341/4/914 1319/4/914 1246/4/914
f 1149/4/915 1107/4/915 1145/4/915
f 1149/4/916 1148/4/916 1056/4/916
f 1147/4/917 1146/4/917 1127/4/917
f 800/5/918 792/5/918 782/5/918
f 834/4/919 1474/4/919 827/4/919
f 1147/4/920 1143/4/920 1146/4/920
f 1445/4/921 933/4/921 958/4/921
f 1381/4/922 1148/4/922 1149/4/922
f 1149/4/923 1382/4/923 1381/4/923
f 778/5/924 757/5/924 762/5/924
f 1220/2/925 1228/2/925 1173/2/925
f 1067/4/926 1382/4/926 1145/4/926
f 1219/5/927 1178/5/927 1210/5/927
f 1054/4/928 1034/4/928 966/4/928
f 1171/2/929 1173/2/929 1228/2/929
f 1167/2/930 1217/2/930 1218/2/930
f 756/5/931 760/5/931 761/5/931
f 1218/2/521 1212/2/521 1213/2/521
f 1226/6/932 1235/6/932 1234/6/932
f 1180/5/933 1164/5/933 1159/5/933
f 1169/2/934 1166/2/934 1170/2/934
f 1203/5/935 1165/5/935 1169/5/935
f 1169/2/936 1170/2/936 1203/2/936
f 1179/6/937 1152/6/937 1164/6/937
f 1218/5/938 1210/5/938 1167/5/938
f 1496/5/662 1495/5/662 1494/5/662
f 815/6/939 810/6/939 811/6/939
f 1124/6/940 1118/6/940 1119/6/940
f 1160/5/941 1169/5/941 1165/5/941
f 1159/5/942 1170/5/942 1166/5/942
f 775/2/943 774/2/943 771/2/943
f 1152/5/944 1170/5/944 1164/5/944
f 817/2/521 811/2/521 812/2/521
f 1220/5/945 1173/5/945 1154/5/945
f 1157/5/946 1176/5/946 1171/5/946
f 1158/5/947 1177/5/947 1163/5/947
f 1163/5/948 1177/5/948 1175/5/948
f 1181/6/949 1179/6/949 1224/6/949
f 1460/4/950 963/4/950 964/4/950
f 1184/5/951 1245/5/951 1150/5/951
f 938/6/952 934/6/952 935/6/952
f 1209/6/953 1150/6/953 1243/6/953
f 1397/4/954 1155/4/954 1231/4/954
f 1209/7/955 1186/7/955 1150/7/955
f 1186/5/956 1185/5/956 1150/5/956
f 1185/7/957 1184/7/957 1150/7/957
f 1187/2/958 1208/2/958 1174/2/958
f 1162/5/959 1196/5/959 1176/5/959
f 1206/5/960 1188/5/960 1207/5/960
f 1214/7/961 1190/7/961 1206/7/961
f 1190/5/962 1213/5/962 1191/5/962
f 1192/5/963 1213/5/963 1212/5/963
f 1184/5/964 1202/5/964 1245/5/964
f 1201/5/965 1186/5/965 1195/5/965
f 1175/2/966 1186/2/966 1187/2/966
f 1175/5/967 1188/5/967 1200/5/967
f 1190/5/968 1205/5/968 1206/5/968
f 1198/5/969 1190/5/969 1191/5/969
f 1198/5/970 1192/5/970 1203/5/970
f 1203/5/971 1192/5/971 1199/5/971
f 1193/4/972 1232/4/972 1233/4/972
f 761/5/973 794/5/973 775/5/973
f 1183/6/974 1201/6/974 1182/6/974
f 1202/6/975 1183/6/975 1153/6/975
f 1152/5/976 1198/5/976 1170/5/976
f 803/7/977 751/7/977 804/7/977
f 798/7/978 804/7/978 822/7/978
f 1174/5/979 1188/5/979 1187/5/979
f 1178/5/980 1154/5/980 1173/5/980
f 776/5/981 758/5/981 809/5/981
f 1233/4/982 1395/4/982 1193/4/982
f 1220/6/983 1154/6/983 1174/6/983
f 1334/5/984 1261/5/984 1325/5/984
f 1182/7/985 1195/7/985 1162/7/985
f 820/6/986 807/6/986 808/6/986
f 772/5/987 771/5/987 757/5/987
f 822/7/988 804/7/988 751/7/988
f 1152/7/989 1181/7/989 1224/7/989
f 1231/4/990 1215/4/990 1235/4/990
f 1227/5/991 1216/5/991 1168/5/991
f 1180/5/992 1158/5/992 1163/5/992
f 1224/7/993 1205/7/993 1152/7/993
f 1151/4/994 1230/4/994 1229/4/994
f 1229/7/995 1199/7/995 1232/7/995
f 824/6/996 810/6/996 815/6/996
f 1232/5/997 1192/5/997 1233/5/997
f 1211/5/998 1233/5/998 1192/5/998
f 1201/5/999 1194/5/999 1184/5/999
f 1143/4/1000 1061/4/1000 1146/4/1000
f 1167/2/1001 1237/2/1001 1168/2/1001
f 1167/5/1002 1210/5/1002 1166/5/1002
f 1244/4/1003 1243/4/1003 1150/4/1003
f 1245/4/1004 1202/4/1004 1241/4/1004
f 1245/4/1005 1244/4/1005 1150/4/1005
f 1243/4/1006 1242/4/1006 1223/4/1006
f 1254/5/1007 1276/5/1007 1274/5/1007
f 1421/6/1008 1250/6/1008 1412/6/1008
f 1243/4/1009 1240/4/1009 1242/4/1009
f 1240/4/1010 1156/4/1010 1242/4/1010
f 1317/2/1011 1324/2/1011 1270/2/1011
f 818/6/1012 812/6/1012 813/6/1012
f 1316/5/1013 1274/5/1013 1307/5/1013
f 1330/4/1014 1308/4/1014 1329/4/1014
f 1318/6/1015 1305/6/1015 1306/6/1015
f 1264/2/1016 1314/2/1016 1315/2/1016
f 1083/5/1017 1064/5/1017 1115/5/1017
f 1253/5/1018 1251/5/1018 1252/5/1018
f 1276/5/1019 1260/5/1019 1255/5/1019
f 1266/2/1020 1263/2/1020 1267/2/1020
f 1273/2/1021 1272/2/1021 1269/2/1021
f 1315/2/521 1310/2/521 1311/2/521
f 1275/6/1022 1247/6/1022 1260/6/1022
f 1315/5/1023 1307/5/1023 1264/5/1023
f 1256/5/1024 1266/5/1024 1261/5/1024
f 1255/5/1025 1267/5/1025 1263/5/1025
f 1318/2/1026 1317/2/1026 1271/2/1026
f 1247/5/1027 1267/5/1027 1260/5/1027
f 1276/5/1028 1254/5/1028 1259/5/1028
f 1317/5/1029 1270/5/1029 1249/5/1029
f 1253/5/1030 1273/5/1030 1268/5/1030
f 1254/5/1031 1272/5/1031 1259/5/1031
f 1258/5/1032 1291/5/1032 1273/5/1032
f 1291/2/1033 1297/2/1033 1272/2/1033
f 1277/6/1034 1275/6/1034 1320/6/1034
f 945/7/1035 927/7/1035 876/7/1035
f 1280/5/1036 1342/5/1036 1246/5/1036
f 824/6/1037 831/6/1037 830/6/1037
f 454/5/628 453/5/628 456/5/628
f 1306/7/1038 1282/7/1038 1246/7/1038
f 1282/5/1039 1281/5/1039 1246/5/1039
f 1281/7/1040 1280/7/1040 1246/7/1040
f 1283/2/1041 1305/2/1041 1271/2/1041
f 1197/5/1042 1188/5/1042 1189/5/1042
f 1312/7/1043 1286/7/1043 1303/7/1043
f 1286/5/1044 1311/5/1044 1287/5/1044
f 1288/5/1045 1311/5/1045 1310/5/1045
f 1280/5/1046 1299/5/1046 1342/5/1046
f 1298/5/1047 1282/5/1047 1290/5/1047
f 1297/2/1048 1282/2/1048 1283/2/1048
f 1297/5/1049 1284/5/1049 1296/5/1049
f 1286/5/1050 1302/5/1050 1303/5/1050
f 1293/5/1051 1286/5/1051 1287/5/1051
f 1293/5/1052 1288/5/1052 1300/5/1052
f 1300/5/1053 1288/5/1053 1294/5/1053
f 1325/4/1054 1332/4/1054 1333/4/1054
f 1297/5/1055 1259/5/1055 1272/5/1055
f 1279/6/1056 1298/6/1056 1278/6/1056
f 1299/6/1057 1279/6/1057 1248/6/1057
f 1247/5/1058 1293/5/1058 1267/5/1058
f 926/7/1059 876/7/1059 927/7/1059
f 1012/7/1060 1018/7/1060 1035/7/1060
f 1271/5/1061 1284/5/1061 1283/5/1061
f 458/5/665 459/5/665 460/5/665
f 900/5/1062 882/5/1062 932/5/1062
f 1317/6/1063 1249/6/1063 1271/6/1063
f 1316/6/1064 1311/6/1064 1312/6/1064
f 1303/5/1065 1284/5/1065 1304/5/1065
f 1300/5/1066 1261/5/1066 1266/5/1066
f 1035/7/1067 1018/7/1067 967/7/1067
f 1247/7/1068 1277/7/1068 1320/7/1068
f 1326/4/1069 1330/4/1069 1331/4/1069
f 1323/5/1070 1313/5/1070 1265/5/1070
f 1258/7/1071 1248/7/1071 1278/7/1071
f 1292/5/1072 1284/5/1072 1285/5/1072
f 1333/4/1073 1334/4/1073 1325/4/1073
f 1241/4/1074 1202/4/1074 1153/4/1074
f 1327/5/1075 1288/5/1075 1328/5/1075
f 1309/5/1076 1328/5/1076 1288/5/1076
f 853/4/1077 755/4/1077 838/4/1077
f 921/7/1078 927/7/1078 945/7/1078
f 760/4/1079 855/4/1079 837/4/1079
f 871/6/1080 870/6/1080 858/6/1080
f 1264/2/1081 1335/2/1081 1265/2/1081
f 1264/5/1082 1307/5/1082 1263/5/1082
f 837/4/1083 801/4/1083 752/4/1083
f 956/5/1084 948/5/1084 952/5/1084
f 956/4/1085 958/4/1085 955/4/1085
f 1342/4/1086 1299/4/1086 1338/4/1086
f 1342/4/1087 1341/4/1087 1246/4/1087
f 1340/4/1088 1251/4/1088 1319/4/1088
f 1344/6/1089 1349/6/1089 1346/6/1089
f 1347/6/1090 1355/6/1090 1350/6/1090
f 1348/6/1091 1351/6/1091 1354/6/1091
f 1346/6/1092 1350/6/1092 1355/6/1092
f 1345/5/1093 1344/5/1093 1346/5/1093
f 1345/6/1094 1352/6/1094 1343/6/1094
f 1345/6/1095 1351/6/1095 1352/6/1095
f 1355/5/1096 1348/5/1096 1354/5/1096
f 865/6/1097 848/6/1097 862/6/1097
f 856/6/1098 852/6/1098 866/6/1098
f 863/6/1099 843/6/1099 857/6/1099
f 861/6/1100 850/6/1100 864/6/1100
f 856/5/628 843/5/628 842/5/628
f 1363/6/1101 1344/6/1101 1358/6/1101
f 1051/2/1102 1356/2/1102 1346/2/1102
f 1351/6/521 1366/6/521 1352/6/521
f 1354/6/1103 1345/6/1103 1353/6/1103
f 1365/6/1104 1348/6/1104 1362/6/1104
f 1346/5/1105 1353/5/1105 1345/5/1105
f 1358/6/1106 1369/6/1106 1363/6/1106
f 1361/6/1107 1364/6/1107 1360/6/1107
f 1362/6/1108 1359/6/1108 1365/6/1108
f 1364/6/1109 1369/6/1109 1360/6/1109
f 1358/5/1110 1367/5/1110 1369/5/1110
f 1367/6/1111 1357/6/1111 1366/6/1111
f 1367/6/1112 1365/6/1112 1359/6/1112
f 1362/5/1113 1360/5/1113 1359/5/1113
f 1367/2/1114 1120/2/1114 1135/2/1114
f 836/6/1115 846/6/1115 845/6/1115
f 1360/5/1116 1368/5/1116 1359/5/1116
f 1369/5/1117 1367/5/1117 1066/5/1117
f 1371/6/1118 1376/6/1118 1373/6/1118
f 1374/6/1119 1383/6/1119 1377/6/1119
f 1375/6/1120 1378/6/1120 1372/6/1120
f 1383/6/1121 1376/6/1121 1377/6/1121
f 1380/5/1122 1371/5/1122 1373/5/1122
f 1380/6/1123 1379/6/1123 1370/6/1123
f 1372/6/1124 1379/6/1124 1380/6/1124
f 1383/5/1125 1375/5/1125 1372/5/1125
f 941/6/1126 936/6/1126 937/6/1126
f 1391/6/422 1377/6/422 1376/6/422
f 1389/5/449 1375/5/449 1374/5/449
f 1391/6/1127 1371/6/1127 1385/6/1127
f 1384/5/651 1371/5/651 1370/5/651
f 1394/6/1128 1370/6/1128 1379/6/1128
f 1393/6/521 1379/6/521 1378/6/521
f 1381/5/1129 1383/5/1129 1372/5/1129
f 1334/4/1130 1250/4/1130 1326/4/1130
f 1373/5/1072 1143/5/1072 1380/5/1072
f 1385/6/1131 1396/6/1131 1391/6/1131
f 1389/6/1132 1392/6/1132 1388/6/1132
f 1390/6/1133 1386/6/1133 1393/6/1133
f 1388/6/1134 1391/6/1134 1396/6/1134
f 1385/5/1135 1387/5/1135 1396/5/1135
f 1387/6/1136 1384/6/1136 1394/6/1136
f 1394/6/1137 1386/6/1137 1387/6/1137
f 1390/5/1138 1388/5/1138 1386/5/1138
f 1410/5/665 1399/5/665 1398/5/665
f 1419/6/1098 1404/6/1098 1416/6/1098
f 1396/5/1139 1155/5/1139 1397/5/1139
f 1399/6/671 1405/6/671 1402/6/671
f 1403/6/670 1401/6/670 1406/6/670
f 1404/6/675 1407/6/675 1409/6/675
f 1402/6/673 1406/6/673 1401/6/673
f 1400/5/677 1399/5/677 1402/5/677
f 1400/6/672 1408/6/672 1398/6/672
f 1409/6/676 1408/6/676 1400/6/676
f 1401/5/674 1404/5/674 1409/5/674
f 1415/5/628 1404/5/628 1403/5/628
f 1415/6/1099 1406/6/1099 1418/6/1099
f 1410/6/1097 1408/6/1097 1420/6/1097
f 1389/6/1140 1377/6/1140 1392/6/1140
f 899/2/1141 898/2/1141 895/2/1141
f 943/2/1142 942/2/1142 897/2/1142
f 1417/6/1100 1399/6/1100 1411/6/1100
f 873/6/1143 872/6/1143 859/6/1143
f 1239/6/1144 1402/6/1144 1401/6/1144
f 1402/5/1145 1240/5/1145 1400/5/1145
f 1411/6/655 1414/6/655 1417/6/655
f 1415/6/654 1418/6/654 1413/6/654
f 1416/6/659 1421/6/659 1419/6/659
f 1418/6/657 1414/6/657 1413/6/657
f 1411/5/661 1412/5/661 1414/5/661
f 1412/6/656 1410/6/656 1420/6/656
f 1420/6/660 1421/6/660 1412/6/660
f 1416/5/658 1413/5/658 1421/5/658
f 1339/2/1146 1337/2/1146 1425/2/1146
f 1430/6/521 1443/6/521 1431/6/521
f 1062/5/1147 1146/5/1147 1061/5/1147
f 1414/5/1148 1250/5/1148 1262/5/1148
f 1423/6/1149 1428/6/1149 1425/6/1149
f 1426/6/1106 1433/6/1106 1429/6/1106
f 1427/6/1111 1430/6/1111 1432/6/1111
f 1425/6/1109 1429/6/1109 1433/6/1109
f 1424/5/1150 1423/5/1150 1425/5/1150
f 1424/6/1108 1431/6/1108 1422/6/1108
f 1424/6/1112 1430/6/1112 1431/6/1112
f 1433/5/1110 1427/5/1110 1432/5/1110
f 940/2/521 935/2/521 936/2/521
f 1441/6/1151 1426/6/1151 1429/6/1151
f 1262/6/1152 1295/6/1152 1413/6/1152
f 1440/6/1153 1423/6/1153 1435/6/1153
f 1442/6/667 1427/6/667 1439/6/667
f 1443/6/1104 1422/6/1104 1431/6/1104
f 1432/6/1154 1424/6/1154 1340/6/1154
f 976/7/1155 968/7/1155 995/7/1155
f 1440/6/422 1429/6/422 1428/6/422
f 1435/6/1090 1446/6/1090 1440/6/1090
f 1438/6/1156 1441/6/1156 1437/6/1156
f 1439/6/1094 1436/6/1094 1442/6/1094
f 1441/6/1092 1446/6/1092 1437/6/1092
f 1435/5/1096 1444/5/1096 1446/5/1096
f 1444/6/1091 1434/6/1091 1443/6/1091
f 1444/6/1095 1442/6/1095 1436/6/1095
f 1439/5/1157 1437/5/1157 1436/5/1157
f 875/2/1158 957/2/1158 1437/2/1158
f 1437/5/1159 933/5/1159 1436/5/1159
f 1446/5/1160 1444/5/1160 1447/5/1160
f 1449/6/1161 1455/6/1161 1452/6/1161
f 1453/6/1131 1461/6/1131 1456/6/1131
f 1454/6/1136 1457/6/1136 1450/6/1136
f 1461/6/1134 1455/6/1134 1456/6/1134
f 1451/5/1138 1449/5/1138 1452/5/1138
f 1451/6/1133 1458/6/1133 1448/6/1133
f 1450/6/1137 1458/6/1137 1451/6/1137
f 1461/5/1135 1454/5/1135 1450/5/1135
f 1436/6/1162 1445/6/1162 1444/6/1162
f 1468/5/651 1454/5/651 1453/5/651
f 1472/6/521 1458/6/521 1457/6/521
f 892/2/1163 893/2/1163 925/2/1163
f 1459/6/1164 1450/6/1164 1451/6/1164
f 1468/6/1127 1456/6/1127 1471/6/1127
f 1470/6/422 1456/6/422 1455/6/422
f 1460/5/1165 1461/5/1165 1450/5/1165
f 1470/6/1140 1449/6/1140 1464/6/1140
f 1452/5/1166 1459/5/1166 1451/5/1166
f 1464/6/1119 1467/6/1119 1470/6/1119
f 1468/6/1118 1471/6/1118 1466/6/1118
f 1469/6/1123 1475/6/1123 1472/6/1123
f 1466/6/1121 1470/6/1121 1467/6/1121
f 1464/5/1125 1465/5/1125 1467/5/1125
f 1465/6/1120 1463/6/1120 1473/6/1120
f 1473/6/1124 1475/6/1124 1465/6/1124
f 1469/5/1122 1466/5/1122 1475/5/1122
f 896/5/1167 895/5/1167 881/5/1167
f 814/2/1168 1465/2/1168 1475/2/1168
f 1466/5/1169 791/5/1169 1475/5/1169
f 1467/5/1170 1474/5/1170 1476/5/1170
f 1481/5/1171 1478/5/1171 1477/5/1171
f 1478/5/530 1482/5/530 1479/5/530
f 1483/5/1172 1480/5/1172 1479/5/1172
f 1484/5/1173 1477/5/1173 1480/5/1173
f 1266/2/1174 1267/2/1174 1300/2/1174
f 943/6/1175 930/6/1175 931/6/1175
f 1480/5/665 1477/5/665 1478/5/665
f 1485/5/1176 1490/5/1176 1489/5/1176
f 1487/5/1177 1490/5/1177 1486/5/1177
f 1488/5/1178 1491/5/1178 1487/5/1178
f 1488/5/1179 1489/5/1179 1492/5/1179
f 1161/4/1180 1238/4/1180 1241/4/1180
f 1493/5/1181 1498/5/1181 1497/5/1181
f 1495/5/1182 1499/5/1182 1494/5/1182
f 1496/5/1183 1500/5/1183 1495/5/1183
f 1496/5/1184 1497/5/1184 1500/5/1184
f 1434/5/662 1423/5/662 1422/5/662
f 1502/5/1185 1506/5/1185 1501/5/1185
f 1503/5/1186 1508/5/1186 1507/5/1186
f 1504/5/1187 1505/5/1187 1508/5/1187
f 1469/6/1128 1457/6/1128 1454/6/1128
f 931/6/1188 944/6/1188 943/6/1188
f 918/5/1189 910/5/1189 911/5/1189
f 1545/1/422 1594/1/422 1546/1/422
f 1521/1/422 1570/1/422 1522/1/422
f 1/1/1190 2/1/1190 29/1/1190
f 3/1/1191 30/1/1191 29/1/1191
f 4/1/1192 31/1/1192 30/1/1192
f 5/1/1193 32/1/1193 31/1/1193
f 6/1/1194 33/1/1194 32/1/1194
f 7/1/1195 34/1/1195 33/1/1195
f 8/1/1196 35/1/1196 34/1/1196
f 9/1/1197 36/1/1197 35/1/1197
f 10/1/1198 11/1/1198 37/1/1198
f 11/1/1199 38/1/1199 37/1/1199
f 13/1/1200 40/1/1200 39/1/1200
f 13/1/1201 252/1/1201 41/1/1201
f 252/1/1202 14/1/1202 41/1/1202
f 14/1/1203 42/1/1203 41/1/1203
f 16/1/1204 43/1/1204 42/1/1204
f 17/1/1205 44/1/1205 43/1/1205
f 18/1/1206 45/1/1206 44/1/1206
f 18/1/1207 19/1/1207 45/1/1207
f 19/1/1208 20/1/1208 46/1/1208
f 21/1/1209 22/1/1209 48/1/1209
f 22/1/1210 23/1/1210 49/1/1210
f 24/1/1211 50/1/1211 49/1/1211
f 24/1/1212 25/1/1212 51/1/1212
f 25/1/1213 52/1/1213 51/1/1213
f 26/1/1214 53/1/1214 52/1/1214
f 377/2/1215 299/2/1215 378/2/1215
f 380/2/31 377/2/31 379/2/31
f 382/2/276 380/2/276 381/2/276
f 382/2/1216 306/2/1216 307/2/1216
f 384/2/1217 383/2/1217 307/2/1217
f 386/2/35 384/2/35 385/2/35
f 388/2/281 386/2/281 387/2/281
f 388/2/1218 313/2/1218 315/2/1218
f 389/2/1219 315/2/1219 391/2/1219
f 390/2/1220 391/2/1220 318/2/1220
f 392/2/1221 318/2/1221 394/2/1221
f 393/2/1222 394/2/1222 321/2/1222
f 395/2/1223 321/2/1223 323/2/1223
f 396/2/1224 323/2/1224 398/2/1224
f 399/2/1225 397/2/1225 398/2/1225
f 401/2/143 399/2/143 400/2/143
f 401/2/1226 328/2/1226 403/2/1226
f 402/2/1227 403/2/1227 331/2/1227
f 404/2/1228 331/2/1228 406/2/1228
f 405/2/1229 406/2/1229 333/2/1229
f 408/2/1230 407/2/1230 333/2/1230
f 408/2/1231 335/2/1231 410/2/1231
f 409/2/1232 410/2/1232 412/2/1232
f 411/2/303 412/2/303 414/2/303
f 415/2/1233 413/2/1233 414/2/1233
f 416/2/1234 415/2/1234 341/2/1234
f 416/2/1235 343/2/1235 344/2/1235
f 417/2/1236 344/2/1236 346/2/1236
f 418/2/1237 346/2/1237 420/2/1237
f 421/2/1238 419/2/1238 420/2/1238
f 421/2/1239 349/2/1239 350/2/1239
f 422/2/1240 350/2/1240 424/2/1240
f 423/2/1241 424/2/1241 353/2/1241
f 425/2/1242 353/2/1242 355/2/1242
f 426/2/1243 355/2/1243 428/2/1243
f 429/2/1244 427/2/1244 428/2/1244
f 431/2/323 429/2/323 430/2/323
f 431/2/1245 360/2/1245 433/2/1245
f 432/2/68 433/2/68 435/2/68
f 434/2/69 435/2/69 437/2/69
f 436/2/1246 437/2/1246 367/2/1246
f 438/2/1247 367/2/1247 369/2/1247
f 439/2/1248 369/2/1248 441/2/1248
f 440/2/1249 441/2/1249 443/2/1249
f 444/2/1250 442/2/1250 443/2/1250
f 444/2/1251 373/2/1251 446/2/1251
f 447/2/1252 445/2/1252 446/2/1252
f 299/2/1253 447/2/1253 448/2/1253
f 82/1/1254 83/1/1254 55/1/1254
f 56/1/1255 83/1/1255 84/1/1255
f 84/1/1256 85/1/1256 57/1/1256
f 85/1/1257 86/1/1257 58/1/1257
f 86/1/1258 87/1/1258 60/1/1258
f 87/1/1259 88/1/1259 61/1/1259
f 62/1/1260 88/1/1260 89/1/1260
f 63/1/1261 89/1/1261 90/1/1261
f 90/1/1262 91/1/1262 65/1/1262
f 91/1/1263 92/1/1263 66/1/1263
f 92/1/1264 93/1/1264 67/1/1264
f 93/1/1265 94/1/1265 68/1/1265
f 69/1/1266 94/1/1266 95/1/1266
f 95/1/1267 96/1/1267 70/1/1267
f 96/1/1268 97/1/1268 71/1/1268
f 71/1/1269 97/1/1269 98/1/1269
f 98/1/1270 99/1/1270 73/1/1270
f 99/1/1271 100/1/1271 74/1/1271
f 100/1/1272 101/1/1272 75/1/1272
f 76/1/1273 101/1/1273 102/1/1273
f 76/1/1274 102/1/1274 103/1/1274
f 77/1/1275 103/1/1275 104/1/1275
f 104/1/1276 105/1/1276 79/1/1276
f 79/1/1277 105/1/1277 106/1/1277
f 106/1/1278 107/1/1278 80/1/1278
f 107/1/1279 108/1/1279 81/1/1279
f 54/1/1280 108/1/1280 82/1/1280
f 109/1/1281 158/1/1281 110/1/1281
f 160/1/1282 158/1/1282 109/1/1282
f 161/1/1283 160/1/1283 111/1/1283
f 162/1/1284 161/1/1284 112/1/1284
f 163/1/1285 162/1/1285 113/1/1285
f 164/1/313 163/1/313 114/1/313
f 165/1/1286 164/1/1286 115/1/1286
f 117/1/1287 166/1/1287 165/1/1287
f 167/1/1288 166/1/1288 117/1/1288
f 168/1/115 167/1/115 118/1/115
f 169/1/116 168/1/116 119/1/116
f 170/1/65 169/1/65 120/1/65
f 171/1/1289 170/1/1289 121/1/1289
f 172/1/1290 171/1/1290 122/1/1290
f 124/1/1291 173/1/1291 172/1/1291
f 174/1/1292 173/1/1292 124/1/1292
f 175/1/1293 174/1/1293 125/1/1293
f 176/1/1294 175/1/1294 126/1/1294
f 128/1/1295 177/1/1295 176/1/1295
f 129/1/1296 178/1/1296 177/1/1296
f 180/1/1297 179/1/1297 178/1/1297
f 181/1/1298 179/1/1298 180/1/1298
f 133/1/1299 182/1/1299 181/1/1299
f 183/1/1300 182/1/1300 133/1/1300
f 184/1/1301 183/1/1301 134/1/1301
f 185/1/1302 184/1/1302 135/1/1302
f 186/1/276 185/1/276 136/1/276
f 187/1/1303 186/1/1303 137/1/1303
f 188/1/1304 187/1/1304 138/1/1304
f 189/1/1305 188/1/1305 139/1/1305
f 141/1/1306 190/1/1306 189/1/1306
f 142/1/1307 191/1/1307 190/1/1307
f 192/1/1308 191/1/1308 142/1/1308
f 193/1/138 192/1/138 143/1/138
f 194/1/139 193/1/139 144/1/139
f 195/1/140 194/1/140 145/1/140
f 196/1/141 195/1/141 146/1/141
f 197/1/142 196/1/142 147/1/142
f 198/1/44 197/1/44 148/1/44
f 199/1/143 198/1/143 149/1/143
f 200/1/1309 199/1/1309 150/1/1309
f 152/1/1310 201/1/1310 200/1/1310
f 153/1/1311 202/1/1311 201/1/1311
f 154/1/1312 203/1/1312 202/1/1312
f 204/1/1313 203/1/1313 154/1/1313
f 205/1/149 204/1/149 155/1/149
f 206/1/150 205/1/150 156/1/150
f 110/1/1314 206/1/1314 157/1/1314
f 82/3/1315 110/3/1315 158/3/1315
f 28/3/1316 109/3/1316 159/3/1316
f 83/3/1317 158/3/1317 160/3/1317
f 29/3/1318 111/3/1318 109/3/1318
f 83/3/1319 160/3/1319 161/3/1319
f 29/3/1320 112/3/1320 111/3/1320
f 84/3/1321 161/3/1321 162/3/1321
f 29/3/1322 30/3/1322 113/3/1322
f 85/3/1323 162/3/1323 163/3/1323
f 30/3/1324 114/3/1324 113/3/1324
f 85/3/1325 163/3/1325 164/3/1325
f 31/3/1326 115/3/1326 114/3/1326
f 86/3/1327 164/3/1327 165/3/1327
f 31/3/1328 32/3/1328 116/3/1328
f 86/3/1329 165/3/1329 166/3/1329
f 32/3/1330 117/3/1330 116/3/1330
f 87/3/1331 166/3/1331 167/3/1331
f 33/3/1332 118/3/1332 117/3/1332
f 87/3/1333 167/3/1333 168/3/1333
f 33/3/1334 119/3/1334 118/3/1334
f 88/3/1335 168/3/1335 169/3/1335
f 34/3/1336 120/3/1336 119/3/1336
f 88/3/1337 169/3/1337 170/3/1337
f 35/3/1338 121/3/1338 120/3/1338
f 89/3/1339 170/3/1339 171/3/1339
f 35/3/1340 122/3/1340 121/3/1340
f 90/3/1341 89/3/1341 171/3/1341
f 36/3/1342 123/3/1342 122/3/1342
f 90/3/1343 172/3/1343 173/3/1343
f 36/3/1344 124/3/1344 123/3/1344
f 90/3/1345 173/3/1345 174/3/1345
f 37/3/1346 125/3/1346 124/3/1346
f 91/3/1347 174/3/1347 175/3/1347
f 37/3/1348 126/3/1348 125/3/1348
f 92/3/1349 91/3/1349 175/3/1349
f 37/3/1350 38/3/1350 127/3/1350
f 92/3/1351 176/3/1351 177/3/1351
f 38/3/1352 128/3/1352 127/3/1352
f 93/3/1353 177/3/1353 178/3/1353
f 39/3/1354 129/3/1354 128/3/1354
f 93/3/1355 178/3/1355 179/3/1355
f 39/3/1356 40/3/1356 130/3/1356
f 94/3/1357 179/3/1357 131/3/1357
f 40/3/1358 132/3/1358 130/3/1358
f 95/3/1359 94/3/1359 131/3/1359
f 41/3/1360 133/3/1360 132/3/1360
f 95/3/1361 182/3/1361 183/3/1361
f 41/3/1362 134/3/1362 133/3/1362
f 96/3/1363 183/3/1363 184/3/1363
f 41/3/1364 42/3/1364 135/3/1364
f 96/3/1365 184/3/1365 185/3/1365
f 42/3/1366 136/3/1366 135/3/1366
f 97/3/1367 185/3/1367 186/3/1367
f 43/3/1368 137/3/1368 136/3/1368
f 97/3/1369 186/3/1369 187/3/1369
f 98/3/1370 187/3/1370 188/3/1370
f 43/3/1371 44/3/1371 139/3/1371
f 99/3/1372 98/3/1372 188/3/1372
f 44/3/1373 140/3/1373 139/3/1373
f 99/3/1374 189/3/1374 190/3/1374
f 45/3/1375 141/3/1375 140/3/1375
f 99/3/1376 190/3/1376 191/3/1376
f 45/3/1377 142/3/1377 141/3/1377
f 100/3/1378 191/3/1378 192/3/1378
f 46/3/1379 143/3/1379 142/3/1379
f 100/3/1380 192/3/1380 193/3/1380
f 46/3/1381 144/3/1381 143/3/1381
f 101/3/1382 193/3/1382 194/3/1382
f 47/3/1383 145/3/1383 144/3/1383
f 101/3/1384 194/3/1384 195/3/1384
f 47/3/1385 146/3/1385 145/3/1385
f 102/3/1386 195/3/1386 196/3/1386
f 48/3/1387 147/3/1387 146/3/1387
f 103/3/1388 196/3/1388 197/3/1388
f 48/3/1389 148/3/1389 147/3/1389
f 103/3/1390 197/3/1390 198/3/1390
f 49/3/1391 149/3/1391 148/3/1391
f 104/3/1392 198/3/1392 199/3/1392
f 49/3/1393 150/3/1393 149/3/1393
f 104/3/1394 199/3/1394 200/3/1394
f 50/3/1395 151/3/1395 150/3/1395
f 105/3/1396 200/3/1396 201/3/1396
f 50/3/1397 51/3/1397 152/3/1397
f 105/3/1398 201/3/1398 202/3/1398
f 51/3/1399 153/3/1399 152/3/1399
f 106/3/1400 202/3/1400 203/3/1400
f 52/3/1401 154/3/1401 153/3/1401
f 107/3/1402 203/3/1402 204/3/1402
f 52/3/1403 155/3/1403 154/3/1403
f 107/3/1404 204/3/1404 205/3/1404
f 53/3/1405 156/3/1405 155/3/1405
f 108/3/1406 205/3/1406 206/3/1406
f 53/3/1407 157/3/1407 156/3/1407
f 108/3/1408 206/3/1408 110/3/1408
f 28/3/1409 159/3/1409 157/3/1409
f 129/3/1410 130/3/1410 180/3/1410
f 131/3/1411 181/3/1411 182/3/1411
f 27/3/1412 207/3/1412 208/3/1412
f 55/3/1413 210/3/1413 209/3/1413
f 1/3/1414 208/3/1414 211/3/1414
f 55/3/1415 56/3/1415 212/3/1415
f 2/3/1416 211/3/1416 213/3/1416
f 3/3/1417 2/3/1417 213/3/1417
f 57/3/1418 216/3/1418 214/3/1418
f 3/3/1419 215/3/1419 217/3/1419
f 57/3/1420 58/3/1420 218/3/1420
f 58/3/1421 220/3/1421 218/3/1421
f 5/3/1422 4/3/1422 219/3/1422
f 59/3/1423 222/3/1423 220/3/1423
f 60/3/1424 224/3/1424 222/3/1424
f 5/3/1425 223/3/1425 225/3/1425
f 60/3/1426 226/3/1426 224/3/1426
f 6/3/1427 225/3/1427 227/3/1427
f 61/3/1428 228/3/1428 226/3/1428
f 7/3/1429 227/3/1429 229/3/1429
f 61/3/1430 62/3/1430 230/3/1430
f 8/3/1431 7/3/1431 229/3/1431
f 62/3/1432 232/3/1432 230/3/1432
f 8/3/1433 231/3/1433 233/3/1433
f 62/3/1434 63/3/1434 234/3/1434
f 9/3/1435 233/3/1435 235/3/1435
f 63/3/1436 64/3/1436 236/3/1436
f 9/3/1437 235/3/1437 237/3/1437
f 10/3/1438 237/3/1438 239/3/1438
f 65/3/1439 240/3/1439 238/3/1439
f 10/3/1440 239/3/1440 241/3/1440
f 65/3/1441 66/3/1441 242/3/1441
f 66/3/1442 244/3/1442 242/3/1442
f 12/3/1443 11/3/1443 243/3/1443
f 67/3/1444 246/3/1444 244/3/1444
f 67/3/1445 248/3/1445 246/3/1445
f 67/3/1446 68/3/1446 249/3/1446
f 13/3/1447 247/3/1447 250/3/1447
f 68/3/1448 69/3/1448 251/3/1448
f 252/3/1449 13/3/1449 250/3/1449
f 69/3/1450 253/3/1450 251/3/1450
f 70/3/1451 255/3/1451 253/3/1451
f 14/3/1452 254/3/1452 256/3/1452
f 70/3/1453 257/3/1453 255/3/1453
f 15/3/1454 14/3/1454 256/3/1454
f 71/3/1455 260/3/1455 257/3/1455
f 15/3/1456 258/3/1456 259/3/1456
f 16/3/1457 259/3/1457 261/3/1457
f 71/3/1458 72/3/1458 262/3/1458
f 16/3/1459 261/3/1459 263/3/1459
f 17/3/1460 263/3/1460 265/3/1460
f 72/3/1461 73/3/1461 266/3/1461
f 17/3/1462 265/3/1462 267/3/1462
f 18/3/1463 267/3/1463 269/3/1463
f 73/3/1464 74/3/1464 270/3/1464
f 19/3/1465 269/3/1465 271/3/1465
f 19/3/1466 271/3/1466 273/3/1466
f 75/3/1467 274/3/1467 272/3/1467
f 20/3/1468 273/3/1468 275/3/1468
f 76/3/1469 276/3/1469 274/3/1469
f 20/3/1470 275/3/1470 277/3/1470
f 76/3/1471 278/3/1471 276/3/1471
f 21/3/1472 277/3/1472 279/3/1472
f 77/3/1473 280/3/1473 278/3/1473
f 22/3/1474 279/3/1474 281/3/1474
f 77/3/1475 282/3/1475 280/3/1475
f 22/3/1476 281/3/1476 283/3/1476
f 77/3/1477 78/3/1477 284/3/1477
f 23/3/1478 283/3/1478 285/3/1478
f 78/3/1479 286/3/1479 284/3/1479
f 24/3/1480 23/3/1480 285/3/1480
f 79/3/1481 288/3/1481 286/3/1481
f 79/3/1482 290/3/1482 288/3/1482
f 24/3/1483 289/3/1483 291/3/1483
f 80/3/1484 293/3/1484 290/3/1484
f 25/3/1485 292/3/1485 294/3/1485
f 81/3/1486 295/3/1486 293/3/1486
f 81/3/1487 297/3/1487 295/3/1487
f 81/3/1488 54/3/1488 298/3/1488
f 54/3/1489 209/3/1489 298/3/1489
f 207/3/1490 299/3/1490 300/3/1490
f 210/3/30 302/3/30 301/3/30
f 208/3/31 300/3/31 303/3/31
f 212/3/31 304/3/31 302/3/31
f 211/3/276 303/3/276 305/3/276
f 214/3/1491 306/3/1491 304/3/1491
f 213/3/1492 305/3/1492 383/3/1492
f 216/3/1493 307/3/1493 306/3/1493
f 215/3/1494 383/3/1494 308/3/1494
f 216/3/279 218/3/279 309/3/279
f 217/3/35 308/3/35 310/3/35
f 220/3/35 311/3/35 309/3/35
f 219/3/281 310/3/281 312/3/281
f 222/3/1495 313/3/1495 311/3/1495
f 221/3/282 312/3/282 314/3/282
f 224/3/1496 315/3/1496 313/3/1496
f 223/3/38 314/3/38 316/3/38
f 226/3/1497 317/3/1497 315/3/1497
f 225/3/1498 316/3/1498 392/3/1498
f 228/3/1499 318/3/1499 317/3/1499
f 227/3/1500 392/3/1500 319/3/1500
f 230/3/1501 320/3/1501 318/3/1501
f 229/3/1502 319/3/1502 395/3/1502
f 232/3/1503 321/3/1503 320/3/1503
f 231/3/1504 395/3/1504 322/3/1504
f 234/3/1505 323/3/1505 321/3/1505
f 233/3/1506 322/3/1506 397/3/1506
f 236/3/1507 324/3/1507 323/3/1507
f 235/3/1508 397/3/1508 325/3/1508
f 238/3/44 326/3/44 324/3/44
f 237/3/143 325/3/143 327/3/143
f 240/3/1509 328/3/1509 326/3/1509
f 239/3/46 327/3/46 329/3/46
f 242/3/1510 330/3/1510 328/3/1510
f 241/3/1511 329/3/1511 404/3/1511
f 244/3/1512 331/3/1512 330/3/1512
f 243/3/1513 404/3/1513 405/3/1513
f 244/3/1514 246/3/1514 332/3/1514
f 245/3/1515 405/3/1515 407/3/1515
f 248/3/1516 333/3/1516 332/3/1516
f 247/3/1517 407/3/1517 334/3/1517
f 248/3/1518 249/3/1518 335/3/1518
f 250/3/1519 247/3/1519 334/3/1519
f 249/3/149 251/3/149 336/3/149
f 250/3/1520 409/3/1520 337/3/1520
f 251/3/150 253/3/150 338/3/150
f 254/3/1521 252/3/1521 337/3/1521
f 253/3/303 255/3/303 339/3/303
f 254/3/1522 413/3/1522 340/3/1522
f 255/3/1523 257/3/1523 341/3/1523
f 256/3/306 340/3/306 342/3/306
f 257/3/1524 260/3/1524 343/3/1524
f 258/3/1525 342/3/1525 417/3/1525
f 260/3/1526 344/3/1526 343/3/1526
f 259/3/1527 417/3/1527 345/3/1527
f 262/3/1528 346/3/1528 344/3/1528
f 261/3/1529 345/3/1529 419/3/1529
f 264/3/1530 347/3/1530 346/3/1530
f 263/3/1531 419/3/1531 348/3/1531
f 266/3/1532 349/3/1532 347/3/1532
f 265/3/1533 348/3/1533 422/3/1533
f 268/3/1534 350/3/1534 349/3/1534
f 267/3/1535 422/3/1535 351/3/1535
f 268/3/316 270/3/316 352/3/316
f 269/3/1536 351/3/1536 425/3/1536
f 272/3/1537 353/3/1537 352/3/1537
f 271/3/1538 425/3/1538 354/3/1538
f 274/3/1539 355/3/1539 353/3/1539
f 273/3/1540 354/3/1540 427/3/1540
f 276/3/1541 356/3/1541 355/3/1541
f 275/3/1542 427/3/1542 357/3/1542
f 278/3/65 358/3/65 356/3/65
f 277/3/323 357/3/323 359/3/323
f 280/3/1543 360/3/1543 358/3/1543
f 279/3/67 359/3/67 361/3/67
f 282/3/1544 362/3/1544 360/3/1544
f 281/3/68 361/3/68 363/3/68
f 284/3/68 364/3/68 362/3/68
f 283/3/69 363/3/69 365/3/69
f 286/3/69 366/3/69 364/3/69
f 285/3/1545 365/3/1545 438/3/1545
f 288/3/1546 367/3/1546 366/3/1546
f 287/3/1547 438/3/1547 368/3/1547
f 290/3/1548 369/3/1548 367/3/1548
f 289/3/1549 368/3/1549 440/3/1549
f 290/3/1550 293/3/1550 370/3/1550
f 291/3/1551 440/3/1551 442/3/1551
f 293/3/1552 371/3/1552 370/3/1552
f 292/3/1553 442/3/1553 372/3/1553
f 295/3/1554 373/3/1554 371/3/1554
f 294/3/1555 372/3/1555 445/3/1555
f 297/3/1556 374/3/1556 373/3/1556
f 296/3/1557 445/3/1557 375/3/1557
f 298/3/76 376/3/76 374/3/76
f 207/3/1558 296/3/1558 375/3/1558
f 209/3/337 301/3/337 376/3/337
f 301/2/339 302/2/339 379/2/339
f 303/2/340 300/2/340 377/2/340
f 304/2/341 381/2/341 379/2/341
f 305/2/1559 303/2/1559 380/2/1559
f 305/2/1560 382/2/1560 383/2/1560
f 307/2/1561 309/2/1561 385/2/1561
f 308/2/345 384/2/345 386/2/345
f 311/2/346 387/2/346 385/2/346
f 310/2/347 386/2/347 388/2/347
f 312/2/1562 388/2/1562 389/2/1562
f 314/2/350 389/2/350 390/2/350
f 315/2/1563 317/2/1563 391/2/1563
f 316/2/1564 390/2/1564 392/2/1564
f 318/2/1565 320/2/1565 394/2/1565
f 395/2/1566 319/2/1566 393/2/1566
f 397/2/1567 322/2/1567 396/2/1567
f 324/2/1568 398/2/1568 323/2/1568
f 326/2/356 400/2/356 398/2/356
f 327/2/357 325/2/357 399/2/357
f 327/2/359 401/2/359 402/2/359
f 330/2/1569 403/2/1569 328/2/1569
f 404/2/1570 329/2/1570 402/2/1570
f 332/2/1571 406/2/1571 331/2/1571
f 334/2/1572 408/2/1572 409/2/1572
f 336/2/1573 410/2/1573 335/2/1573
f 338/2/364 412/2/364 410/2/364
f 337/2/1574 411/2/1574 413/2/1574
f 338/2/365 339/2/365 414/2/365
f 342/2/368 340/2/368 415/2/368
f 342/2/1575 416/2/1575 417/2/1575
f 419/2/1576 345/2/1576 418/2/1576
f 347/2/1577 420/2/1577 346/2/1577
f 422/2/1578 348/2/1578 421/2/1578
f 352/2/1579 424/2/1579 350/2/1579
f 425/2/1580 351/2/1580 423/2/1580
f 427/2/1581 354/2/1581 426/2/1581
f 356/2/1582 428/2/1582 355/2/1582
f 358/2/376 430/2/376 428/2/376
f 357/2/377 429/2/377 431/2/377
f 359/2/379 431/2/379 432/2/379
f 360/2/1583 362/2/1583 433/2/1583
f 363/2/1584 361/2/1584 432/2/1584
f 364/2/1585 435/2/1585 433/2/1585
f 365/2/382 363/2/382 434/2/382
f 364/2/383 366/2/383 437/2/383
f 438/2/1586 365/2/1586 436/2/1586
f 368/2/1587 439/2/1587 440/2/1587
f 370/2/1588 441/2/1588 369/2/1588
f 371/2/1589 443/2/1589 441/2/1589
f 445/2/1590 372/2/1590 444/2/1590
f 374/2/1591 446/2/1591 373/2/1591
f 376/2/390 448/2/390 446/2/390
f 299/2/1592 375/2/1592 447/2/1592
f 301/2/391 378/2/391 448/2/391
f 452/4/1593 451/4/1593 450/4/1593
f 454/5/1594 458/5/1594 457/5/1594
f 454/5/1595 455/5/1595 459/5/1595
f 455/5/1596 456/5/1596 460/5/1596
f 453/5/1597 457/5/1597 460/5/1597
f 1274/5/1598 1316/5/1598 1249/5/1598
f 1278/7/1599 1298/7/1599 1290/7/1599
f 1290/7/1600 1258/7/1600 1278/7/1600
f 461/2/1601 466/2/1601 465/2/1601
f 462/2/1602 467/2/1602 466/2/1602
f 464/2/1603 461/2/1603 465/2/1603
f 471/2/651 472/2/651 470/2/651
f 472/2/651 469/2/651 470/2/651
f 468/2/449 465/2/449 466/2/449
f 466/2/449 467/2/449 468/2/449
f 469/2/1604 473/2/1604 474/2/1604
f 474/2/1605 475/2/1605 470/2/1605
f 475/2/1606 476/2/1606 471/2/1606
f 472/2/1607 476/2/1607 473/2/1607
f 1386/6/1608 1395/6/1608 1387/6/1608
f 1364/6/407 1361/6/407 1347/6/407
f 477/6/1609 495/6/1609 489/6/1609
f 489/6/1610 490/6/1610 479/6/1610
f 480/6/1611 490/6/1611 491/6/1611
f 491/6/1612 492/6/1612 483/6/1612
f 492/6/1613 493/6/1613 485/6/1613
f 493/6/1614 494/6/1614 486/6/1614
f 494/6/1615 495/6/1615 488/6/1615
f 886/5/1616 901/5/1616 902/5/1616
f 493/6/1617 492/6/1617 499/6/1617
f 492/6/1618 491/6/1618 498/6/1618
f 491/6/1619 490/6/1619 496/6/1619
f 490/6/1620 489/6/1620 504/6/1620
f 489/6/1621 495/6/1621 504/6/1621
f 495/6/1622 494/6/1622 500/6/1622
f 494/6/1623 501/6/1623 500/6/1623
f 498/6/1624 499/6/1624 492/6/1624
f 495/6/1625 500/6/1625 504/6/1625
f 497/6/1626 498/6/1626 491/6/1626
f 496/6/1627 497/6/1627 491/6/1627
f 1417/6/422 1418/6/422 1406/6/422
f 493/6/1628 499/6/1628 501/6/1628
f 1380/6/1629 1381/6/1629 1372/6/1629
f 499/6/1630 502/6/1630 501/6/1630
f 498/6/1631 497/6/1631 502/6/1631
f 497/6/1632 496/6/1632 503/6/1632
f 1113/2/1633 1126/2/1633 1080/2/1633
f 503/2/1634 504/2/1634 505/2/1634
f 501/2/1635 502/2/1635 505/2/1635
f 497/2/1636 503/2/1636 502/2/1636
f 503/2/1637 505/2/1637 502/2/1637
f 507/6/1638 518/6/1638 519/6/1638
f 519/6/1639 520/6/1639 509/6/1639
f 510/6/1640 520/6/1640 521/6/1640
f 512/6/1641 521/6/1641 522/6/1641
f 522/6/1642 523/6/1642 514/6/1642
f 515/6/1643 523/6/1643 524/6/1643
f 524/6/1644 518/6/1644 506/6/1644
f 925/5/1645 920/5/1645 888/5/1645
f 533/2/1646 534/2/1646 535/2/1646
f 530/2/1647 531/2/1647 532/2/1647
f 535/2/1648 530/2/1648 532/2/1648
f 531/6/1649 526/6/1649 532/6/1649
f 526/6/1650 525/6/1650 533/6/1650
f 525/6/1651 534/6/1651 533/6/1651
f 1463/5/449 1464/5/449 1449/5/449
f 537/6/1652 548/6/1652 549/6/1652
f 549/6/1653 550/6/1653 540/6/1653
f 541/6/1654 550/6/1654 551/6/1654
f 543/6/1655 551/6/1655 552/6/1655
f 552/6/1656 553/6/1656 546/6/1656
f 553/6/1657 548/6/1657 536/6/1657
f 920/7/1658 953/7/1658 950/7/1658
f 557/6/1659 561/6/1659 560/6/1659
f 557/6/1660 556/6/1660 561/6/1660
f 555/6/1661 563/6/1661 562/6/1661
f 554/6/1662 559/6/1662 564/6/1662
f 559/6/1663 560/6/1663 564/6/1663
f 884/4/1664 961/4/1664 877/4/1664
f 566/6/1665 577/6/1665 578/6/1665
f 568/6/1666 578/6/1666 579/6/1666
f 579/6/1667 580/6/1667 570/6/1667
f 580/6/1668 581/6/1668 572/6/1668
f 581/6/1669 582/6/1669 574/6/1669
f 575/6/1670 582/6/1670 583/6/1670
f 583/6/1642 577/6/1642 565/6/1642
f 985/2/1671 986/2/1671 987/2/1671
f 588/6/1672 589/6/1672 582/6/1672
f 582/6/1673 581/6/1673 588/6/1673
f 581/6/1674 580/6/1674 587/6/1674
f 580/6/1675 579/6/1675 593/6/1675
f 579/6/1676 578/6/1676 585/6/1676
f 578/6/1677 577/6/1677 584/6/1677
f 577/6/1678 583/6/1678 589/6/1678
f 577/6/1679 589/6/1679 584/6/1679
f 587/6/1680 588/6/1680 581/6/1680
f 578/6/1681 584/6/1681 585/6/1681
f 586/6/1682 587/6/1682 580/6/1682
f 593/6/1683 586/6/1683 580/6/1683
f 1016/5/1684 1011/5/1684 979/5/1684
f 594/2/1685 595/2/1685 590/2/1685
f 592/2/1686 593/2/1686 594/2/1686
f 591/2/1687 592/2/1687 590/2/1687
f 588/6/1688 587/6/1688 590/6/1688
f 587/6/1689 586/6/1689 591/6/1689
f 585/6/1690 594/6/1690 593/6/1690
f 584/6/1691 595/6/1691 594/6/1691
f 589/6/1692 590/6/1692 595/6/1692
f 1040/4/1693 1042/4/1693 1046/4/1693
f 1021/2/1694 1033/2/1694 988/2/1694
f 597/6/1695 608/6/1695 609/6/1695
f 609/6/1696 610/6/1696 599/6/1696
f 600/6/1697 610/6/1697 611/6/1697
f 602/6/1698 611/6/1698 612/6/1698
f 612/6/1699 613/6/1699 604/6/1699
f 613/6/1700 614/6/1700 606/6/1700
f 614/6/1701 608/6/1701 596/6/1701
f 974/5/1702 982/5/1702 1049/5/1702
f 984/2/1703 1010/2/1703 1016/2/1703
f 621/6/1704 616/6/1704 622/6/1704
f 616/6/1705 615/6/1705 623/6/1705
f 615/6/1706 624/6/1706 623/6/1706
f 620/2/1707 621/2/1707 622/2/1707
f 623/2/1708 624/2/1708 622/2/1708
f 625/2/1709 620/2/1709 624/2/1709
f 628/4/1710 627/4/1710 626/4/1710
f 632/4/1711 631/4/1711 630/4/1711
f 636/4/1712 635/4/1712 634/4/1712
f 640/4/1713 639/4/1713 638/4/1713
f 644/4/1714 643/4/1714 642/4/1714
f 648/4/1715 647/4/1715 646/4/1715
f 653/4/1716 652/4/1716 651/4/1716
f 657/4/1717 656/4/1717 655/4/1717
f 661/4/1718 660/4/1718 659/4/1718
f 665/4/1719 664/4/1719 663/4/1719
f 669/4/1720 668/4/1720 667/4/1720
f 671/6/1721 682/6/1721 683/6/1721
f 683/6/1722 684/6/1722 673/6/1722
f 674/6/1723 684/6/1723 685/6/1723
f 685/6/1724 686/6/1724 677/6/1724
f 686/6/1615 687/6/1615 679/6/1615
f 680/6/1609 687/6/1609 688/6/1609
f 688/6/1610 682/6/1610 670/6/1610
f 700/5/665 703/5/665 701/5/665
f 703/5/665 702/5/665 701/5/665
f 1123/2/521 1122/2/521 1117/2/521
f 692/6/1725 693/6/1725 687/6/1725
f 691/6/1726 695/6/1726 694/6/1726
f 690/6/1727 698/6/1727 697/6/1727
f 690/6/1728 689/6/1728 698/6/1728
f 693/6/1729 699/6/1729 698/6/1729
f 692/6/1730 694/6/1730 699/6/1730
f 947/6/1731 955/6/1731 934/6/1731
f 700/5/1732 705/5/1732 704/5/1732
f 701/5/1172 702/5/1172 706/5/1172
f 702/5/1733 707/5/1733 706/5/1733
f 703/5/1734 704/5/1734 707/5/1734
f 1111/5/1735 1110/5/1735 1101/5/1735
f 1101/5/1736 1094/5/1736 1111/5/1736
f 1114/6/521 1056/6/521 1127/6/521
f 711/3/1737 709/3/1737 713/3/1737
f 715/3/1738 718/3/1738 720/3/1738
f 712/3/1739 719/3/1739 723/3/1739
f 716/3/1740 708/3/1740 710/3/1740
f 1077/2/1741 1082/2/1741 1078/2/1741
f 1111/5/1742 1094/5/1742 1093/5/1742
f 1108/5/1743 1103/5/1743 1071/5/1743
f 687/6/1744 686/6/1744 692/6/1744
f 686/6/1745 685/6/1745 691/6/1745
f 685/6/1746 684/6/1746 696/6/1746
f 684/6/1747 683/6/1747 690/6/1747
f 683/6/1748 682/6/1748 690/6/1748
f 682/6/1749 688/6/1749 693/6/1749
f 688/6/1750 687/6/1750 693/6/1750
f 691/6/1751 692/6/1751 686/6/1751
f 682/6/1752 693/6/1752 689/6/1752
f 682/6/1753 689/6/1753 690/6/1753
f 696/6/1754 691/6/1754 685/6/1754
f 690/6/1755 696/6/1755 684/6/1755
f 717/3/521 720/3/521 719/3/521
f 719/3/521 712/3/521 713/3/521
f 713/3/521 709/3/521 708/3/521
f 708/3/521 716/3/521 713/3/521
f 716/3/521 717/3/521 713/3/521
f 709/3/1756 711/3/1756 710/3/1756
f 712/3/1757 722/3/1757 721/3/1757
f 715/3/1758 717/3/1758 716/3/1758
f 723/3/1759 719/3/1759 720/3/1759
f 831/5/1760 823/5/1760 825/5/1760
f 711/2/1761 721/2/1761 725/2/1761
f 722/2/1762 726/2/1762 725/2/1762
f 723/2/1763 727/2/1763 726/2/1763
f 723/2/1764 718/2/1764 728/2/1764
f 715/2/1765 729/2/1765 728/2/1765
f 714/2/1766 730/2/1766 729/2/1766
f 710/2/1767 724/2/1767 730/2/1767
f 732/2/1768 737/2/1768 736/2/1768
f 732/2/1769 733/2/1769 737/2/1769
f 733/2/1770 734/2/1770 738/2/1770
f 734/2/1771 735/2/1771 739/2/1771
f 731/2/1772 736/2/1772 739/2/1772
f 744/4/1773 743/4/1773 740/4/1773
f 741/4/1774 742/4/1774 743/4/1774
f 740/4/1775 742/4/1775 741/4/1775
f 749/4/1776 748/4/1776 745/4/1776
f 746/4/1777 747/4/1777 748/4/1777
f 745/4/1778 747/4/1778 746/4/1778
f 1069/5/1779 1084/5/1779 1085/5/1779
f 1208/2/521 1221/2/521 1174/2/521
f 819/2/1780 820/2/1780 826/2/1780
f 1171/2/1781 1176/2/1781 1172/2/1781
f 1318/5/1782 1319/5/1782 1324/5/1782
f 1278/6/1783 1248/6/1783 1279/6/1783
f 807/2/1784 820/2/1784 773/2/1784
f 1222/6/569 1221/6/569 1208/6/569
f 766/2/1785 767/2/1785 816/2/1785
f 971/5/1786 970/5/1786 975/5/1786
f 795/5/1787 798/5/1787 786/5/1787
f 775/2/1788 794/2/1788 774/2/1788
f 778/5/1789 777/5/1789 763/5/1789
f 768/2/1790 835/2/1790 765/2/1790
f 777/6/1791 779/6/1791 751/6/1791
f 769/2/1792 796/2/1792 802/2/1792
f 817/5/1793 818/5/1793 809/5/1793
f 1229/4/1794 1232/4/1794 1236/4/1794
f 1310/6/1795 1314/6/1795 1313/6/1795
f 943/5/1796 944/5/1796 949/5/1796
f 944/5/1797 962/5/1797 949/5/1797
f 767/5/1798 815/5/1798 816/5/1798
f 759/5/1799 835/5/1799 768/5/1799
f 758/5/1800 763/5/1800 769/5/1800
f 805/5/1801 804/5/1801 795/5/1801
f 795/5/1802 787/5/1802 805/5/1802
f 754/6/1803 806/6/1803 773/6/1803
f 805/5/1804 787/5/1804 786/5/1804
f 756/5/1805 761/5/1805 775/5/1805
f 757/5/1806 771/5/1806 774/5/1806
f 833/4/1807 828/4/1807 832/4/1807
f 1162/7/1808 1161/7/1808 1153/7/1808
f 921/5/1809 918/5/1809 927/5/1809
f 1182/6/1810 1153/6/1810 1183/6/1810
f 1226/6/1811 1234/6/1811 1211/6/1811
f 808/6/521 750/6/521 821/6/521
f 784/5/1812 808/5/1812 807/5/1812
f 785/2/1813 784/2/1813 807/2/1813
f 878/6/1814 941/6/1814 928/6/1814
f 937/6/1815 928/6/1815 941/6/1815
f 928/6/1816 929/6/1816 878/6/1816
f 826/5/1817 756/5/1817 770/5/1817
f 788/5/1818 813/5/1818 812/5/1818
f 790/5/1819 789/5/1819 812/5/1819
f 782/5/1820 792/5/1820 801/5/1820
f 800/5/1821 783/5/1821 784/5/1821
f 794/5/1822 793/5/1822 784/5/1822
f 799/2/1823 794/2/1823 784/2/1823
f 799/5/1824 785/5/1824 786/5/1824
f 1256/5/1825 1265/5/1825 1335/5/1825
f 788/5/1826 803/5/1826 804/5/1826
f 796/5/1827 803/5/1827 788/5/1827
f 796/5/1828 789/5/1828 790/5/1828
f 791/4/1829 832/4/1829 828/4/1829
f 799/5/1830 798/5/1830 762/5/1830
f 781/6/1831 792/6/1831 800/6/1831
f 801/6/1832 792/6/1832 781/6/1832
f 751/5/1833 803/5/1833 796/5/1833
f 773/5/1834 806/5/1834 786/5/1834
f 1274/5/1835 1276/5/1835 1255/5/1835
f 809/5/1836 758/5/1836 765/5/1836
f 829/4/1837 830/4/1837 753/4/1837
f 811/5/1838 810/5/1838 790/5/1838
f 1157/5/1839 1228/5/1839 1242/5/1839
f 767/5/1840 759/5/1840 825/5/1840
f 759/5/1841 834/5/1841 825/5/1841
f 951/5/1842 883/5/1842 888/5/1842
f 1322/6/1843 1329/6/1843 1309/6/1843
f 1268/2/1844 1269/2/1844 1270/2/1844
f 1331/5/1845 1321/5/1845 1323/5/1845
f 823/6/1846 824/6/1846 815/6/1846
f 825/5/1847 823/5/1847 815/5/1847
f 1319/6/1848 1318/6/1848 1306/6/1848
f 1483/5/628 1482/5/628 1481/5/628
f 802/5/1849 797/5/1849 764/5/1849
f 776/5/1850 818/5/1850 754/5/1850
f 1281/5/1851 1298/5/1851 1280/5/1851
f 780/7/1852 800/7/1852 793/7/1852
f 793/7/1853 761/7/1853 780/7/1853
f 828/5/1854 797/5/1854 790/5/1854
f 810/5/1855 830/5/1855 829/5/1855
f 1235/5/1856 1225/5/1856 1227/5/1856
f 1320/7/1857 1275/7/1857 1259/7/1857
f 1259/7/1858 1296/7/1858 1320/7/1858
f 797/7/1859 828/7/1859 833/7/1859
f 1476/4/1860 834/4/1860 833/4/1860
f 814/4/1861 827/4/1861 1474/4/1861
f 766/2/1862 765/2/1862 835/2/1862
f 770/2/1863 771/2/1863 772/2/1863
f 838/5/1864 755/5/1864 756/5/1864
f 761/7/1865 760/7/1865 752/7/1865
f 1045/4/1866 870/4/1866 867/4/1866
f 1257/4/1867 1339/4/1867 1248/4/1867
f 1339/4/1868 1338/4/1868 1248/4/1868
f 1329/6/1869 1322/6/1869 1330/6/1869
f 1322/6/1870 1321/6/1870 1330/6/1870
f 1325/7/1871 1261/7/1871 1294/7/1871
f 760/4/1872 755/4/1872 836/4/1872
f 463/2/651 462/2/651 464/2/651
f 841/4/1873 837/4/1873 855/4/1873
f 846/6/657 849/6/657 850/6/657
f 844/5/658 842/5/658 843/5/658
f 854/6/660 851/6/660 852/6/660
f 845/5/661 847/5/661 848/5/661
f 1361/5/662 1362/5/662 1348/5/662
f 855/2/1874 854/2/1874 841/2/1874
f 854/2/1875 839/2/1875 840/2/1875
f 1343/5/664 1357/5/664 1358/5/664
f 1363/6/422 1364/6/422 1350/6/422
f 475/2/449 474/2/449 476/2/449
f 474/2/449 473/2/449 476/2/449
f 865/6/521 866/6/521 852/6/521
f 861/5/665 862/5/665 848/5/665
f 1368/2/1876 1360/2/1876 1140/2/1876
f 1066/2/1877 1367/2/1877 1135/2/1877
f 1369/2/1878 1066/2/1878 1057/2/1878
f 1360/2/1879 1369/2/1879 1057/2/1879
f 1360/2/1880 1057/2/1880 1140/2/1880
f 1359/6/1881 1368/6/1881 1367/6/1881
f 1366/6/667 1357/6/667 1343/6/667
f 854/5/1882 855/5/1882 845/5/1882
f 1390/6/668 1393/6/668 1378/6/668
f 846/5/1883 836/5/1883 853/5/1883
f 864/6/673 863/6/673 860/6/673
f 857/5/674 856/5/674 858/5/674
f 866/6/676 865/6/676 871/6/676
f 862/5/677 861/5/677 859/5/677
f 871/2/1884 872/2/1884 868/2/1884
f 867/2/1885 870/2/1885 871/2/1885
f 868/2/1886 867/2/1886 871/2/1886
f 863/6/422 864/6/422 850/6/422
f 894/2/1887 895/2/1887 896/2/1887
f 859/5/1888 872/5/1888 871/5/1888
f 1419/6/521 1420/6/521 1408/6/521
f 860/5/1189 858/5/1189 869/5/1189
f 942/2/1889 943/2/1889 949/2/1889
f 880/5/1890 949/5/1890 962/5/1890
f 1224/7/1891 1179/7/1891 1163/7/1891
f 1163/7/1892 1200/7/1892 1224/7/1892
f 1235/4/1893 1215/4/1893 1395/4/1893
f 899/2/1894 917/2/1894 898/2/1894
f 890/2/1895 891/2/1895 939/2/1895
f 902/5/1896 901/5/1896 887/5/1896
f 892/2/1897 959/2/1897 889/2/1897
f 901/6/1898 903/6/1898 876/6/1898
f 1473/6/668 1463/6/668 1448/6/668
f 940/5/1899 941/5/1899 932/5/1899
f 872/4/1900 873/4/1900 1047/4/1900
f 1025/6/1901 1029/6/1901 1028/6/1901
f 1126/5/1902 1127/5/1902 1132/5/1902
f 1127/5/1903 1146/5/1903 1132/5/1903
f 891/5/1904 938/5/1904 939/5/1904
f 883/5/1905 959/5/1905 892/5/1905
f 882/5/1906 887/5/1906 893/5/1906
f 878/6/1907 929/6/1907 897/6/1907
f 880/5/1908 885/5/1908 899/5/1908
f 881/5/1909 895/5/1909 898/5/1909
f 907/5/1910 923/5/1910 906/5/1910
f 1104/5/1911 1101/5/1911 1110/5/1911
f 1087/6/1912 1059/6/1912 1088/6/1912
f 1506/5/651 1507/5/651 1508/5/651
f 908/5/1913 931/5/1913 930/5/1913
f 909/2/1914 908/2/1914 930/2/1914
f 928/5/1915 927/5/1915 918/5/1915
f 918/5/1916 911/5/1916 928/5/1916
f 964/4/1917 963/4/1917 944/4/1917
f 912/5/1918 937/5/1918 936/5/1918
f 914/5/1919 913/5/1919 936/5/1919
f 906/5/1920 915/5/1920 924/5/1920
f 923/5/1921 907/5/1921 908/5/1921
f 917/5/1922 916/5/1922 908/5/1922
f 922/2/1923 917/2/1923 908/2/1923
f 922/5/1924 909/5/1924 910/5/1924
f 912/5/1925 926/5/1925 927/5/1925
f 919/5/1926 926/5/1926 912/5/1926
f 919/5/1927 913/5/1927 914/5/1927
f 920/5/1928 925/5/1928 914/5/1928
f 954/4/1929 957/4/1929 953/4/1929
f 922/5/1930 921/5/1930 886/5/1930
f 905/6/1931 915/6/1931 923/6/1931
f 924/6/1932 915/6/1932 905/6/1932
f 876/5/1933 926/5/1933 919/5/1933
f 928/5/1934 911/5/1934 910/5/1934
f 897/5/1935 929/5/1935 910/5/1935
f 991/5/1936 993/5/1936 973/5/1936
f 932/5/1937 882/5/1937 889/5/1937
f 954/4/1938 955/4/1938 958/4/1938
f 935/5/1939 934/5/1939 914/5/1939
f 1048/5/1940 974/5/1940 979/5/1940
f 950/4/1941 953/4/1941 957/4/1941
f 948/5/1942 891/5/1942 883/5/1942
f 883/5/1943 951/5/1943 948/5/1943
f 951/5/1944 952/5/1944 948/5/1944
f 885/5/1945 916/5/1945 917/5/1945
f 885/7/1946 884/7/1946 877/7/1946
f 946/6/1947 947/6/1947 938/6/1947
f 948/5/1948 946/5/1948 938/5/1948
f 904/7/1949 923/7/1949 916/7/1949
f 551/6/1950 550/6/1950 556/6/1950
f 550/6/1951 549/6/1951 555/6/1951
f 549/6/1952 548/6/1952 554/6/1952
f 548/6/1953 553/6/1953 559/6/1953
f 553/6/1954 558/6/1954 559/6/1954
f 555/6/1955 556/6/1955 550/6/1955
f 548/6/1956 559/6/1956 554/6/1956
f 554/6/1957 555/6/1957 549/6/1957
f 1062/5/1958 1061/5/1958 1067/5/1958
f 553/6/1959 552/6/1959 558/6/1959
f 552/6/1960 551/6/1960 557/6/1960
f 551/6/1961 556/6/1961 557/6/1961
f 875/4/1962 1447/4/1962 951/4/1962
f 561/2/1963 562/2/1963 560/2/1963
f 562/2/1964 563/2/1964 560/2/1964
f 952/4/1965 951/4/1965 1447/4/1965
f 953/5/1966 920/5/1966 914/5/1966
f 934/5/1967 955/5/1967 954/5/1967
f 884/4/1968 1462/4/1968 960/4/1968
f 947/6/1969 946/6/1969 956/6/1969
f 1045/5/1970 1036/5/1970 1038/5/1970
f 949/5/1971 880/5/1971 894/5/1971
f 890/2/1972 889/2/1972 959/2/1972
f 1459/4/1973 1462/4/1973 879/4/1973
f 1438/5/664 1439/5/664 1427/5/664
f 1421/2/1974 1295/2/1974 1328/2/1974
f 1421/2/1975 1328/2/1975 1308/2/1975
f 1308/2/1976 1250/2/1976 1421/2/1976
f 900/5/1977 941/5/1977 878/5/1977
f 1139/4/1978 1120/4/1978 1141/4/1978
f 971/5/1979 1039/5/1979 1052/5/1979
f 884/4/1980 879/4/1980 1462/4/1980
f 965/4/1981 961/4/1981 960/4/1981
f 1032/2/1982 1033/2/1982 1039/2/1982
f 1012/5/1983 1009/5/1983 1018/5/1983
f 1222/5/1984 1223/5/1984 1228/5/1984
f 831/4/1985 814/4/1985 753/4/1985
f 615/6/1986 616/6/1986 610/6/1986
f 610/6/1987 609/6/1987 615/6/1987
f 609/6/1988 608/6/1988 615/6/1988
f 608/6/1989 614/6/1989 619/6/1989
f 614/6/1990 613/6/1990 618/6/1990
f 613/6/1991 612/6/1991 617/6/1991
f 612/6/1992 611/6/1992 621/6/1992
f 611/6/1993 616/6/1993 621/6/1993
f 612/6/1994 621/6/1994 617/6/1994
f 613/6/1995 617/6/1995 618/6/1995
f 619/6/1996 615/6/1996 608/6/1996
f 618/6/1997 619/6/1997 614/6/1997
f 981/2/1998 982/2/1998 1029/2/1998
f 1030/2/521 1029/2/521 1025/2/521
f 985/2/1999 990/2/1999 986/2/1999
f 993/5/2000 992/5/2000 978/5/2000
f 983/2/2001 1049/2/2001 980/2/2001
f 1039/5/2002 971/5/2002 985/5/2002
f 992/6/2003 994/6/2003 967/6/2003
f 1030/5/2004 1031/5/2004 1023/5/2004
f 1117/6/2005 1122/6/2005 1121/6/2005
f 1219/6/2006 1218/6/2006 1213/6/2006
f 982/5/2007 1028/5/2007 1029/5/2007
f 974/5/2008 1049/5/2008 983/5/2008
f 973/5/2009 978/5/2009 984/5/2009
f 969/6/2010 1020/6/2010 988/6/2010
f 976/5/2011 1007/5/2011 1008/5/2011
f 971/5/2012 976/5/2012 990/5/2012
f 972/5/2013 986/5/2013 989/5/2013
f 798/5/2014 795/5/2014 804/5/2014
f 780/6/2015 752/6/2015 781/6/2015
f 1019/5/2016 1018/5/2016 1009/5/2016
f 1009/5/2017 1002/5/2017 1019/5/2017
f 999/5/2018 1022/5/2018 1021/5/2018
f 1000/2/2019 999/2/2019 1021/2/2019
f 1034/6/2020 1033/6/2020 1022/6/2020
f 1060/6/2021 1124/6/2021 1111/6/2021
f 1119/6/2022 1111/6/2022 1124/6/2022
f 1111/6/2023 1112/6/2023 1060/6/2023
f 1019/5/2024 1002/5/2024 1001/5/2024
f 1003/5/2025 1027/5/2025 1026/5/2025
f 1005/5/2026 1004/5/2026 1026/5/2026
f 997/5/2027 1006/5/2027 1015/5/2027
f 1014/5/2028 998/5/2028 999/5/2028
f 1008/5/2029 1007/5/2029 999/5/2029
f 1013/2/2030 1008/2/2030 999/2/2030
f 1013/5/2031 1000/5/2031 1001/5/2031
f 1003/5/2032 1017/5/2032 1018/5/2032
f 1010/5/2033 1017/5/2033 1003/5/2033
f 1010/5/2034 1004/5/2034 1005/5/2034
f 868/4/2035 1046/4/2035 1042/4/2035
f 990/2/2036 1008/2/2036 989/2/2036
f 1013/5/2037 1012/5/2037 977/5/2037
f 996/6/2038 1006/6/2038 1014/6/2038
f 1015/6/2039 1006/6/2039 996/6/2039
f 967/5/2040 1017/5/2040 1010/5/2040
f 1054/4/2041 1353/4/2041 1053/4/2041
f 988/5/2042 1020/5/2042 1001/5/2042
f 1033/5/2043 1034/5/2043 1039/5/2043
f 1034/5/2044 1052/5/2044 1039/5/2044
f 1023/5/2045 973/5/2045 980/5/2045
f 1043/4/2046 1044/4/2046 867/4/2046
f 1025/5/2047 1024/5/2047 1005/5/2047
f 991/5/2048 1031/5/2048 969/5/2048
f 1134/5/2049 1065/5/2049 1071/5/2049
f 1009/5/2050 1012/5/2050 1001/5/2050
f 977/5/2051 992/5/2051 993/5/2051
f 1038/5/2052 982/5/2052 974/5/2052
f 974/5/2053 1048/5/2053 1038/5/2053
f 1048/5/2054 1041/5/2054 1038/5/2054
f 998/5/2055 1014/5/2055 997/5/2055
f 1157/5/2056 1156/5/2056 1161/5/2056
f 1036/6/2057 1037/6/2057 1028/6/2057
f 1038/5/2058 1036/5/2058 1028/5/2058
f 995/7/2059 1014/7/2059 1007/7/2059
f 1007/7/2060 976/7/2060 995/7/2060
f 1037/6/2061 1044/6/2061 1024/6/2061
f 880/5/2062 879/5/2062 884/5/2062
f 1040/7/2063 979/7/2063 1011/7/2063
f 883/5/2064 891/5/2064 959/5/2064
f 1037/6/2065 1036/6/2065 1045/6/2065
f 1042/5/2066 1011/5/2066 1005/5/2066
f 1024/5/2067 1044/5/2067 1043/5/2067
f 1048/4/2068 873/4/2068 869/4/2068
f 1077/2/2069 1078/2/2069 1079/2/2069
f 873/4/2070 1048/4/2070 1047/4/2070
f 870/4/2071 1041/4/2071 869/4/2071
f 872/4/2072 1046/4/2072 868/4/2072
f 896/5/2073 881/5/2073 900/5/2073
f 981/2/2074 980/2/2074 1049/2/2074
f 987/5/2075 972/5/2075 991/5/2075
f 772/5/2076 757/5/2076 776/5/2076
f 757/5/2077 778/5/2077 776/5/2077
f 840/4/2078 839/4/2078 821/4/2078
f 1051/4/2079 975/4/2079 970/4/2079
f 975/4/2080 1051/4/2080 968/4/2080
f 1051/4/2081 1050/4/2081 968/4/2081
f 1051/4/2082 970/4/2082 1356/4/2082
f 1125/2/2083 1126/2/2083 1132/2/2083
f 1031/6/2084 1030/6/2084 1026/6/2084
f 1148/4/2085 1147/4/2085 1127/4/2085
f 1073/2/2086 1074/2/2086 1122/2/2086
f 1128/7/2087 1084/7/2087 1069/7/2087
f 1069/7/2088 1104/7/2088 1128/7/2088
f 1160/5/2089 1168/5/2089 1237/5/2089
f 1085/5/2090 1084/5/2090 1070/5/2090
f 1075/2/2091 1142/2/2091 1072/2/2091
f 1065/5/2092 1074/5/2092 1142/5/2092
f 1084/6/2093 1086/6/2093 1058/6/2093
f 1123/5/2094 1124/5/2094 1115/5/2094
f 1212/6/2095 1217/6/2095 1216/6/2095
f 834/5/2096 759/5/2096 764/5/2096
f 1074/5/2097 1121/5/2097 1122/5/2097
f 1065/5/2098 1142/5/2098 1075/5/2098
f 1064/5/2099 1070/5/2099 1076/5/2099
f 1076/2/2100 1102/2/2100 1108/2/2100
f 1090/5/2101 1106/5/2101 1089/5/2101
f 1132/5/2102 1062/5/2102 1077/5/2102
f 1060/6/2103 1112/6/2103 1080/6/2103
f 1062/5/2104 1068/5/2104 1082/5/2104
f 1063/5/2105 1078/5/2105 1081/5/2105
f 1068/5/2106 1099/5/2106 1100/5/2106
f 1200/5/2107 1197/5/2107 1205/5/2107
f 995/6/2108 968/6/2108 996/6/2108
f 1091/5/2109 1114/5/2109 1113/5/2109
f 1092/2/2110 1091/2/2110 1113/2/2110
f 1219/6/2111 1214/6/2111 1206/6/2111
f 1154/6/2112 1219/6/2112 1206/6/2112
f 1206/6/2113 1207/6/2113 1154/6/2113
f 707/5/628 704/5/628 705/5/628
f 1095/5/2114 1119/5/2114 1118/5/2114
f 1097/5/2115 1096/5/2115 1118/5/2115
f 1089/5/2116 1098/5/2116 1107/5/2116
f 1106/5/2117 1090/5/2117 1091/5/2117
f 1100/5/2118 1099/5/2118 1091/5/2118
f 1105/2/2119 1100/2/2119 1091/2/2119
f 1105/5/2120 1092/5/2120 1093/5/2120
f 1095/5/2121 1109/5/2121 1110/5/2121
f 1102/5/2122 1109/5/2122 1095/5/2122
f 1102/5/2123 1096/5/2123 1097/5/2123
f 1137/4/2124 1140/4/2124 1136/4/2124
f 737/2/422 738/2/422 736/2/422
f 1105/5/2125 1104/5/2125 1069/5/2125
f 1088/6/2126 1098/6/2126 1106/6/2126
f 1107/6/2127 1098/6/2127 1088/6/2127
f 1058/5/2128 1109/5/2128 1102/5/2128
f 1080/5/2129 1112/5/2129 1093/5/2129
f 1083/5/2130 1124/5/2130 1060/5/2130
f 1178/5/2131 1180/5/2131 1159/5/2131
f 1115/5/2132 1064/5/2132 1072/5/2132
f 1137/4/2133 1138/4/2133 1141/4/2133
f 1117/5/2134 1116/5/2134 1097/5/2134
f 1353/4/2135 1356/4/2135 970/4/2135
f 1230/5/2136 1160/5/2136 1165/5/2136
f 1133/4/2137 1136/4/2137 1140/4/2137
f 1103/7/2138 1136/7/2138 1133/7/2138
f 1139/5/2139 1129/5/2139 1131/5/2139
f 1129/6/2140 1130/6/2140 1121/6/2140
f 1131/5/2141 1129/5/2141 1121/5/2141
f 1130/6/2142 1129/6/2142 1139/6/2142
f 1130/6/2143 1138/6/2143 1116/6/2143
f 1135/4/2144 1134/4/2144 1066/4/2144
f 727/2/2145 728/2/2145 734/2/2145
f 728/2/2146 729/2/2146 734/2/2146
f 729/2/2147 735/2/2147 734/2/2147
f 725/2/422 726/2/422 733/2/422
f 726/2/422 727/2/422 733/2/422
f 724/2/2148 725/2/2148 731/2/2148
f 735/2/2149 730/2/2149 731/2/2149
f 730/2/2150 724/2/2150 731/2/2150
f 727/2/2151 734/2/2151 733/2/2151
f 732/2/2152 731/2/2152 725/2/2152
f 1253/5/2153 1252/5/2153 1257/5/2153
f 1068/7/2154 1067/7/2154 1059/7/2154
f 1057/4/2155 1066/4/2155 1134/4/2155
f 1087/7/2156 1106/7/2156 1099/7/2156
f 1099/7/2157 1068/7/2157 1087/7/2157
f 1101/5/2158 1104/5/2158 1093/5/2158
f 1136/5/2159 1103/5/2159 1097/5/2159
f 1116/5/2160 1138/5/2160 1137/5/2160
f 1082/2/2161 1100/2/2161 1081/2/2161
f 1065/5/2162 1134/5/2162 1131/5/2162
f 1134/5/2163 1135/5/2163 1131/5/2163
f 1073/2/2164 1072/2/2164 1142/2/2164
f 1067/4/2165 1145/4/2165 1059/4/2165
f 1079/5/2166 1063/5/2166 1083/5/2166
f 694/2/2167 695/2/2167 699/2/2167
f 695/2/2168 696/2/2168 697/2/2168
f 697/2/2169 698/2/2169 695/2/2169
f 1295/4/2170 1262/4/2170 1333/4/2170
f 1341/4/2171 1340/4/2171 1319/4/2171
f 783/5/2172 800/5/2172 782/5/2172
f 1067/4/2173 1061/4/2173 1144/4/2173
f 834/4/2174 1476/4/2174 1474/4/2174
f 1149/4/2175 1145/4/2175 1382/4/2175
f 762/5/2176 777/5/2176 778/5/2176
f 1220/2/2177 1221/2/2177 1228/2/2177
f 1206/5/2178 1205/5/2178 1197/5/2178
f 1197/5/2179 1189/5/2179 1206/5/2179
f 1067/4/2180 1144/4/2180 1382/4/2180
f 1054/4/2181 1053/4/2181 1034/4/2181
f 1171/2/2182 1172/2/2182 1173/2/2182
f 1167/2/2183 1168/2/2183 1217/2/2183
f 756/5/2184 755/5/2184 760/5/2184
f 1218/2/521 1217/2/521 1212/2/521
f 1226/6/2185 1225/6/2185 1235/6/2185
f 1180/5/2186 1179/5/2186 1164/5/2186
f 1169/2/2187 1237/2/2187 1166/2/2187
f 1203/5/2188 1199/5/2188 1165/5/2188
f 1170/2/2189 1198/2/2189 1203/2/2189
f 1179/6/2190 1181/6/2190 1152/6/2190
f 1168/5/2191 1160/5/2191 1227/5/2191
f 1160/5/2192 1230/5/2192 1227/5/2192
f 1230/5/2193 1231/5/2193 1227/5/2193
f 1218/5/2194 1219/5/2194 1210/5/2194
f 1494/5/662 1493/5/662 1496/5/662
f 811/6/2195 816/6/2195 815/6/2195
f 1124/6/2196 1123/6/2196 1118/6/2196
f 1168/5/2197 1216/5/2197 1217/5/2197
f 1160/5/2198 1237/5/2198 1169/5/2198
f 1159/5/2199 1164/5/2199 1170/5/2199
f 770/2/2200 775/2/2200 771/2/2200
f 1177/2/2201 1176/2/2201 1175/2/2201
f 1176/2/2202 1196/2/2202 1175/2/2202
f 1221/5/2203 1222/5/2203 1228/5/2203
f 1154/6/2204 1207/6/2204 1174/6/2204
f 817/2/521 816/2/521 811/2/521
f 1157/5/2205 1162/5/2205 1176/5/2205
f 1158/5/2206 1172/5/2206 1177/5/2206
f 1433/2/2207 1432/2/2207 1338/2/2207
f 1424/2/2208 1337/2/2208 1336/2/2208
f 1424/2/2209 1336/2/2209 1340/2/2209
f 1342/2/2210 1338/2/2210 1432/2/2210
f 1341/2/2211 1342/2/2211 1432/2/2211
f 1296/5/2212 1292/5/2212 1302/5/2212
f 1460/4/2213 1459/4/2213 963/4/2213
f 1228/5/2214 1157/5/2214 1171/5/2214
f 935/6/2215 939/6/2215 938/6/2215
f 1243/6/2216 1223/6/2216 1222/6/2216
f 1222/6/2217 1209/6/2217 1243/6/2217
f 1186/5/2218 1209/5/2218 1208/5/2218
f 1187/2/2219 1186/2/2219 1208/2/2219
f 1162/5/2220 1195/5/2220 1196/5/2220
f 818/6/2221 813/6/2221 805/6/2221
f 754/6/2222 818/6/2222 805/6/2222
f 805/6/2223 806/6/2223 754/6/2223
f 1206/5/2224 1189/5/2224 1188/5/2224
f 1190/5/2225 1214/5/2225 1213/5/2225
f 1192/5/2226 1191/5/2226 1213/5/2226
f 1184/5/2227 1194/5/2227 1202/5/2227
f 1201/5/2228 1185/5/2228 1186/5/2228
f 1196/5/2229 1195/5/2229 1186/5/2229
f 1175/2/2230 1196/2/2230 1186/2/2230
f 1175/5/2231 1187/5/2231 1188/5/2231
f 1190/5/2232 1204/5/2232 1205/5/2232
f 1198/5/2233 1204/5/2233 1190/5/2233
f 1198/5/2234 1191/5/2234 1192/5/2234
f 1193/4/2235 1236/4/2235 1232/4/2235
f 1175/5/2236 1200/5/2236 1163/5/2236
f 761/5/2237 793/5/2237 794/5/2237
f 1183/6/2238 1194/6/2238 1201/6/2238
f 1202/6/2239 1194/6/2239 1183/6/2239
f 1152/5/2240 1204/5/2240 1198/5/2240
f 822/7/2241 777/7/2241 762/7/2241
f 762/7/2242 798/7/2242 822/7/2242
f 1174/5/2243 1207/5/2243 1188/5/2243
f 1178/5/2244 1219/5/2244 1154/5/2244
f 776/5/2245 778/5/2245 758/5/2245
f 1210/5/2246 1159/5/2246 1166/5/2246
f 1233/4/2247 1234/4/2247 1395/4/2247
f 1212/5/2248 1211/5/2248 1192/5/2248
f 1334/5/2249 1256/5/2249 1261/5/2249
f 1182/7/2250 1201/7/2250 1195/7/2250
f 1225/6/2251 1226/6/2251 1216/6/2251
f 1227/5/2252 1225/5/2252 1216/5/2252
f 1163/5/2253 1179/5/2253 1180/5/2253
f 1151/4/2254 1397/4/2254 1230/4/2254
f 1229/7/2255 1165/7/2255 1199/7/2255
f 1231/4/2256 1230/4/2256 1397/4/2256
f 824/6/2257 830/6/2257 810/6/2257
f 1232/5/2258 1199/5/2258 1192/5/2258
f 1211/5/2259 1234/5/2259 1233/5/2259
f 1185/5/2260 1201/5/2260 1184/5/2260
f 1487/5/664 1486/5/664 1488/5/664
f 1486/5/664 1485/5/664 1488/5/664
f 1215/4/2261 1231/4/2261 1155/4/2261
f 1143/4/2262 1144/4/2262 1061/4/2262
f 1167/2/2263 1166/2/2263 1237/2/2263
f 1173/5/2264 1158/5/2264 1178/5/2264
f 1158/5/2265 1180/5/2265 1178/5/2265
f 1244/4/2266 1240/4/2266 1243/4/2266
f 1270/5/2267 1254/5/2267 1274/5/2267
f 1161/4/2268 1156/4/2268 1239/4/2268
f 1245/4/2269 1241/4/2269 1238/4/2269
f 1240/4/2270 1239/4/2270 1156/4/2270
f 1317/2/2271 1318/2/2271 1324/2/2271
f 818/6/2272 817/6/2272 812/6/2272
f 1330/4/2273 1250/4/2273 1308/4/2273
f 1264/2/2274 1265/2/2274 1314/2/2274
f 1083/5/2275 1085/5/2275 1064/5/2275
f 1253/5/2276 1324/5/2276 1251/5/2276
f 1276/5/2277 1275/5/2277 1260/5/2277
f 1266/2/2278 1335/2/2278 1263/2/2278
f 1268/2/2279 1273/2/2279 1269/2/2279
f 1315/2/521 1314/2/521 1310/2/521
f 1275/6/2280 1277/6/2280 1247/6/2280
f 1315/5/2281 1316/5/2281 1307/5/2281
f 1249/6/2282 1316/6/2282 1303/6/2282
f 1312/6/2283 1303/6/2283 1316/6/2283
f 1303/6/2284 1304/6/2284 1249/6/2284
f 820/5/2285 821/5/2285 826/5/2285
f 821/5/2286 838/5/2286 826/5/2286
f 1265/5/2287 1313/5/2287 1314/5/2287
f 1256/5/2288 1335/5/2288 1266/5/2288
f 1255/5/2289 1260/5/2289 1267/5/2289
f 1305/2/2290 1318/2/2290 1271/2/2290
f 1324/5/2291 1253/5/2291 1268/5/2291
f 1249/6/2292 1304/6/2292 1271/6/2292
f 1259/5/2293 1275/5/2293 1276/5/2293
f 1253/5/2294 1258/5/2294 1273/5/2294
f 1254/5/2295 1269/5/2295 1272/5/2295
f 1258/5/2296 1290/5/2296 1291/5/2296
f 1273/2/2297 1291/2/2297 1272/2/2297
f 904/6/2298 877/6/2298 905/6/2298
f 824/6/2299 823/6/2299 831/6/2299
f 455/5/628 454/5/628 456/5/628
f 1282/5/2300 1306/5/2300 1305/5/2300
f 1283/2/2301 1282/2/2301 1305/2/2301
f 969/6/2302 1031/6/2302 1019/6/2302
f 1031/6/2303 1027/6/2303 1019/6/2303
f 1020/6/2304 969/6/2304 1019/6/2304
f 1197/5/2305 1200/5/2305 1188/5/2305
f 1286/5/2306 1312/5/2306 1311/5/2306
f 1288/5/2307 1287/5/2307 1311/5/2307
f 1280/5/2308 1289/5/2308 1299/5/2308
f 1298/5/2309 1281/5/2309 1282/5/2309
f 1291/5/2310 1290/5/2310 1282/5/2310
f 1297/2/2311 1291/2/2311 1282/2/2311
f 1297/5/2312 1283/5/2312 1284/5/2312
f 1286/5/2313 1301/5/2313 1302/5/2313
f 1293/5/2314 1301/5/2314 1286/5/2314
f 1293/5/2315 1287/5/2315 1288/5/2315
f 1328/4/2316 1332/4/2316 1327/4/2316
f 1325/4/2317 1327/4/2317 1332/4/2317
f 1297/5/2318 1296/5/2318 1259/5/2318
f 1303/5/2319 1302/5/2319 1292/5/2319
f 1292/5/2320 1285/5/2320 1303/5/2320
f 1279/6/2321 1289/6/2321 1298/6/2321
f 1299/6/2322 1289/6/2322 1279/6/2322
f 1247/5/2323 1301/5/2323 1293/5/2323
f 1035/7/2324 992/7/2324 977/7/2324
f 977/7/2325 1012/7/2325 1035/7/2325
f 1271/5/2326 1304/5/2326 1284/5/2326
f 457/5/665 458/5/665 460/5/665
f 900/5/2327 902/5/2327 882/5/2327
f 1307/5/2328 1255/5/2328 1263/5/2328
f 1328/4/2329 1329/4/2329 1308/4/2329
f 1310/5/2330 1309/5/2330 1288/5/2330
f 1323/5/2331 1265/5/2331 1256/5/2331
f 1256/5/2332 1334/5/2332 1323/5/2332
f 1334/5/2333 1326/5/2333 1323/5/2333
f 1316/6/2334 1315/6/2334 1311/6/2334
f 1303/5/2335 1285/5/2335 1284/5/2335
f 1300/5/2336 1294/5/2336 1261/5/2336
f 1321/6/2337 1322/6/2337 1313/6/2337
f 1323/5/2338 1321/5/2338 1313/5/2338
f 1258/7/2339 1257/7/2339 1248/7/2339
f 1292/5/2340 1296/5/2340 1284/5/2340
f 1161/4/2341 1241/4/2341 1153/4/2341
f 1327/5/2342 1294/5/2342 1288/5/2342
f 1309/5/2343 1329/5/2343 1328/5/2343
f 853/4/2344 836/4/2344 755/4/2344
f 945/7/2345 901/7/2345 886/7/2345
f 886/7/2346 921/7/2346 945/7/2346
f 760/4/2347 836/4/2347 855/4/2347
f 1262/4/2348 1334/4/2348 1333/4/2348
f 870/6/2349 869/6/2349 858/6/2349
f 1330/4/2350 1326/4/2350 1250/4/2350
f 1295/4/2351 1332/4/2351 1328/4/2351
f 1264/2/2352 1263/2/2352 1335/2/2352
f 760/4/2353 837/4/2353 752/4/2353
f 956/5/2354 946/5/2354 948/5/2354
f 956/4/2355 1445/4/2355 958/4/2355
f 1251/4/2356 1336/4/2356 1252/4/2356
f 1340/4/2357 1336/4/2357 1251/4/2357
f 1339/4/2358 1257/4/2358 1252/4/2358
f 1336/4/2359 1337/4/2359 1252/4/2359
f 1339/4/2360 1252/4/2360 1337/4/2360
f 1346/6/1092 1349/6/1092 1350/6/1092
f 1345/5/1093 1343/5/1093 1344/5/1093
f 1345/6/1095 1354/6/1095 1351/6/1095
f 1355/5/1096 1347/5/1096 1348/5/1096
f 865/6/1097 851/6/1097 848/6/1097
f 856/6/1098 842/6/1098 852/6/1098
f 863/6/1099 849/6/1099 843/6/1099
f 844/6/2361 853/6/2361 839/6/2361
f 839/6/2362 854/6/2362 844/6/2362
f 861/6/1100 847/6/1100 850/6/1100
f 856/5/628 857/5/628 843/5/628
f 1363/6/1151 1349/6/1151 1344/6/1151
f 1054/2/2363 1055/2/2363 1354/2/2363
f 1355/2/2364 1354/2/2364 1050/2/2364
f 1354/2/2365 1055/2/2365 1050/2/2365
f 1355/2/2366 1050/2/2366 1051/2/2366
f 1346/2/2367 1355/2/2367 1051/2/2367
f 1351/6/521 1365/6/521 1366/6/521
f 1353/6/2368 1054/6/2368 1354/6/2368
f 1365/6/1104 1351/6/1104 1348/6/1104
f 1346/5/2369 1356/5/2369 1353/5/2369
f 1364/6/1109 1363/6/1109 1369/6/1109
f 1358/5/1110 1357/5/1110 1367/5/1110
f 1367/6/1112 1366/6/1112 1365/6/1112
f 1362/5/1113 1361/5/1113 1360/5/1113
f 855/6/2370 836/6/2370 845/6/2370
f 1380/2/2371 1143/2/2371 1147/2/2371
f 1383/2/678 1382/2/678 1144/2/678
f 1147/2/2372 1381/2/2372 1380/2/2372
f 1383/6/1121 1373/6/1121 1376/6/1121
f 1380/5/1122 1370/5/1122 1371/5/1122
f 1372/6/1124 1378/6/1124 1379/6/1124
f 1383/5/1125 1374/5/1125 1375/5/1125
f 941/6/2373 940/6/2373 936/6/2373
f 1391/6/422 1392/6/422 1377/6/422
f 1386/2/2374 1388/2/2374 1193/2/2374
f 1193/2/2375 1388/2/2375 1236/2/2375
f 1396/2/2376 1397/2/2376 1151/2/2376
f 1215/2/2377 1155/2/2377 1387/2/2377
f 1215/2/2378 1387/2/2378 1395/2/2378
f 1388/2/2379 1396/2/2379 1151/2/2379
f 1388/2/2380 1151/2/2380 1236/2/2380
f 1193/2/2381 1395/2/2381 1386/2/2381
f 1389/5/449 1390/5/449 1375/5/449
f 1391/6/2382 1376/6/2382 1371/6/2382
f 1384/5/651 1385/5/651 1371/5/651
f 1394/6/1128 1384/6/1128 1370/6/1128
f 1393/6/521 1394/6/521 1379/6/521
f 1381/5/2383 1382/5/2383 1383/5/2383
f 1334/4/2384 1262/4/2384 1250/4/2384
f 1373/5/2385 1144/5/2385 1143/5/2385
f 1388/6/1134 1392/6/1134 1391/6/1134
f 1385/5/1135 1384/5/1135 1387/5/1135
f 1394/6/1137 1393/6/1137 1386/6/1137
f 1390/5/1138 1389/5/1138 1388/5/1138
f 1410/5/665 1411/5/665 1399/5/665
f 1419/6/1098 1407/6/1098 1404/6/1098
f 1396/5/811 1387/5/811 1155/5/811
f 1402/6/673 1405/6/673 1406/6/673
f 1400/5/677 1398/5/677 1399/5/677
f 1409/6/676 1407/6/676 1408/6/676
f 1401/5/674 1403/5/674 1404/5/674
f 1415/5/628 1416/5/628 1404/5/628
f 1415/6/1099 1403/6/1099 1406/6/1099
f 1410/6/1097 1398/6/1097 1408/6/1097
f 1389/6/1140 1374/6/1140 1377/6/1140
f 894/2/2386 899/2/2386 895/2/2386
f 1409/2/2387 1245/2/2387 1238/2/2387
f 930/2/2388 943/2/2388 897/2/2388
f 1417/6/1100 1405/6/1100 1399/6/1100
f 1244/2/2389 1245/2/2389 1409/2/2389
f 1244/2/2390 1409/2/2390 1240/2/2390
f 860/6/1144 873/6/1144 859/6/1144
f 1409/5/2391 1238/5/2391 1401/5/2391
f 1238/6/2392 1239/6/2392 1401/6/2392
f 1402/5/2393 1239/5/2393 1240/5/2393
f 1418/6/657 1417/6/657 1414/6/657
f 1411/5/661 1410/5/661 1412/5/661
f 1420/6/660 1419/6/660 1421/6/660
f 1416/5/658 1415/5/658 1413/5/658
f 1425/2/2394 1433/2/2394 1339/2/2394
f 1433/2/2395 1338/2/2395 1339/2/2395
f 1430/6/521 1442/6/521 1443/6/521
f 1413/5/2396 1295/5/2396 1421/5/2396
f 1062/5/2397 1132/5/2397 1146/5/2397
f 1414/5/2398 1412/5/2398 1250/5/2398
f 1425/6/1109 1428/6/1109 1429/6/1109
f 1424/5/1150 1422/5/1150 1423/5/1150
f 1424/6/1112 1432/6/1112 1430/6/1112
f 1433/5/1110 1426/5/1110 1427/5/1110
f 940/2/521 939/2/521 935/2/521
f 1441/6/1151 1438/6/1151 1426/6/1151
f 1414/6/1115 1262/6/1115 1413/6/1115
f 1440/6/407 1428/6/407 1423/6/407
f 1442/6/667 1430/6/667 1427/6/667
f 1443/6/1104 1434/6/1104 1422/6/1104
f 1340/6/2399 1341/6/2399 1432/6/2399
f 976/7/2400 975/7/2400 968/7/2400
f 1440/6/422 1441/6/422 1429/6/422
f 1425/5/572 1337/5/572 1424/5/572
f 1441/6/1092 1440/6/1092 1446/6/1092
f 1435/5/1096 1434/5/1096 1444/5/1096
f 1444/6/1095 1443/6/1095 1442/6/1095
f 1439/5/1157 1438/5/1157 1437/5/1157
f 1446/2/2401 1447/2/2401 875/2/2401
f 1446/2/2402 875/2/2402 1437/2/2402
f 1437/2/2403 957/2/2403 933/2/2403
f 1447/2/2404 1444/2/2404 952/2/2404
f 952/2/2405 1444/2/2405 1445/2/2405
f 1497/5/664 1498/5/664 1500/5/664
f 1498/5/664 1499/5/664 1500/5/664
f 1461/6/1134 1452/6/1134 1455/6/1134
f 1451/5/1138 1448/5/1138 1449/5/1138
f 1450/6/1137 1457/6/1137 1458/6/1137
f 1461/5/1135 1453/5/1135 1454/5/1135
f 1460/2/2406 1450/2/2406 1459/2/2406
f 1461/2/691 960/2/691 1462/2/691
f 1436/6/2407 933/6/2407 1445/6/2407
f 1468/5/651 1469/5/651 1454/5/651
f 1472/6/521 1473/6/521 1458/6/521
f 893/2/2408 919/2/2408 925/2/2408
f 1468/6/1127 1453/6/1127 1456/6/1127
f 1470/6/422 1471/6/422 1456/6/422
f 1460/5/2409 960/5/2409 1461/5/2409
f 1470/6/1140 1455/6/1140 1449/6/1140
f 1452/5/2410 1462/5/2410 1459/5/2410
f 1466/6/1121 1471/6/1121 1470/6/1121
f 1464/5/1125 1463/5/1125 1465/5/1125
f 1473/6/1124 1472/6/1124 1475/6/1124
f 1469/5/1122 1468/5/1122 1466/5/1122
f 791/2/2411 1466/2/2411 832/2/2411
f 1474/2/2412 1465/2/2412 814/2/2412
f 1475/2/2413 791/2/2413 753/2/2413
f 753/2/2414 814/2/2414 1475/2/2414
f 1467/6/2415 1476/6/2415 1466/6/2415
f 1467/5/1072 1465/5/1072 1474/5/1072
f 1484/5/2416 1481/5/2416 1477/5/2416
f 1478/5/2417 1481/5/2417 1482/5/2417
f 1482/5/1733 1483/5/1733 1479/5/1733
f 1483/5/2418 1484/5/2418 1480/5/2418
f 1267/2/2419 1293/2/2419 1300/2/2419
f 1476/2/2420 832/2/2420 1466/2/2420
f 1479/5/665 1480/5/665 1478/5/665
f 525/6/2421 526/6/2421 520/6/2421
f 520/6/2422 519/6/2422 525/6/2422
f 519/6/2423 518/6/2423 525/6/2423
f 518/6/2424 524/6/2424 529/6/2424
f 518/6/2425 529/6/2425 525/6/2425
f 1485/5/2426 1486/5/2426 1490/5/2426
f 1487/5/2427 1491/5/2427 1490/5/2427
f 1488/5/2428 1492/5/2428 1491/5/2428
f 1488/5/1181 1485/5/1181 1489/5/1181
f 1161/4/2429 1239/4/2429 1238/4/2429
f 1491/5/662 1492/5/662 1490/5/662
f 1492/5/662 1489/5/662 1490/5/662
f 1493/5/2430 1494/5/2430 1498/5/2430
f 1494/5/2431 1499/5/2431 1498/5/2431
f 1495/5/2432 1500/5/2432 1499/5/2432
f 1496/5/1176 1493/5/1176 1497/5/1176
f 759/5/2433 767/5/2433 835/5/2433
f 1434/5/662 1435/5/662 1423/5/662
f 1503/5/449 1502/5/449 1504/5/449
f 1502/5/449 1501/5/449 1504/5/449
f 528/6/2434 529/6/2434 524/6/2434
f 524/6/2435 523/6/2435 528/6/2435
f 523/6/2436 522/6/2436 527/6/2436
f 528/6/2437 523/6/2437 527/6/2437
f 522/6/2438 521/6/2438 531/6/2438
f 521/6/2439 520/6/2439 526/6/2439
f 521/6/2440 526/6/2440 531/6/2440
f 522/6/2441 531/6/2441 527/6/2441
f 1501/5/2442 1506/5/2442 1505/5/2442
f 1502/5/2443 1507/5/2443 1506/5/2443
f 1502/5/2444 1503/5/2444 1507/5/2444
f 1503/5/2445 1504/5/2445 1508/5/2445
f 1504/5/2446 1501/5/2446 1505/5/2446
f 1469/6/1128 1472/6/1128 1457/6/1128
f 931/6/521 874/6/521 944/6/521
f 918/5/2447 921/5/2447 910/5/2447
f 1545/1/422 1593/1/422 1594/1/422
f 1547/1/422 1546/1/422 1594/1/422
f 1594/1/422 1595/1/422 1547/1/422
f 1595/1/422 1596/1/422 1547/1/422
f 1596/1/422 1597/1/422 1549/1/422
f 1597/1/422 1598/1/422 1550/1/422
f 1598/1/422 1599/1/422 1550/1/422
f 1599/1/422 1600/1/422 1551/1/422
f 1550/1/422 1599/1/422 1551/1/422
f 1600/1/422 1601/1/422 1552/1/422
f 1601/1/422 1602/1/422 1553/1/422
f 1552/1/422 1601/1/422 1553/1/422
f 1602/1/422 1603/1/422 1554/1/422
f 1603/1/422 1604/1/422 1555/1/422
f 1554/1/422 1603/1/422 1555/1/422
f 1604/1/422 1557/1/422 1509/1/422
f 1557/1/422 1558/1/422 1510/1/422
f 1558/1/422 1559/1/422 1511/1/422
f 1559/1/422 1560/1/422 1511/1/422
f 1560/1/422 1561/1/422 1512/1/422
f 1561/1/422 1562/1/422 1513/1/422
f 1512/1/422 1561/1/422 1513/1/422
f 1562/1/422 1563/1/422 1514/1/422
f 1563/1/422 1564/1/422 1515/1/422
f 1514/1/422 1563/1/422 1515/1/422
f 1564/1/422 1565/1/422 1517/1/422
f 1565/1/422 1566/1/422 1518/1/422
f 1566/1/422 1567/1/422 1518/1/422
f 1567/1/422 1568/1/422 1519/1/422
f 1518/1/422 1567/1/422 1519/1/422
f 1568/1/422 1569/1/422 1520/1/422
f 1569/1/422 1570/1/422 1521/1/422
f 1520/1/422 1569/1/422 1521/1/422
f 1570/1/422 1571/1/422 1522/1/422
f 1571/1/422 1572/1/422 1523/1/422
f 1522/1/422 1571/1/422 1523/1/422
f 1572/1/422 1573/1/422 1525/1/422
f 1573/1/422 1574/1/422 1526/1/422
f 1574/1/422 1575/1/422 1527/1/422
f 1575/1/422 1576/1/422 1528/1/422
f 1576/1/422 1577/1/422 1529/1/422
f 1577/1/422 1578/1/422 1530/1/422
f 1578/1/422 1579/1/422 1530/1/422
f 1579/1/422 1580/1/422 1531/1/422
f 1530/1/422 1579/1/422 1531/1/422
f 1580/1/422 1581/1/422 1533/1/422
f 1581/1/422 1582/1/422 1534/1/422
f 1582/1/422 1583/1/422 1535/1/422
f 1583/1/422 1584/1/422 1536/1/422
f 1584/1/422 1585/1/422 1537/1/422
f 1585/1/422 1586/1/422 1537/1/422
f 1586/1/422 1587/1/422 1538/1/422
f 1587/1/422 1588/1/422 1539/1/422
f 1538/1/422 1587/1/422 1539/1/422
f 1588/1/422 1589/1/422 1541/1/422
f 1589/1/422 1590/1/422 1542/1/422
f 1590/1/422 1591/1/422 1543/1/422
f 1591/1/422 1592/1/422 1544/1/422
f 1592/1/422 1593/1/422 1545/1/422
f 1592/1/422 1545/1/422 1544/1/422
f 1589/1/422 1542/1/422 1541/1/422
f 1591/1/422 1544/1/422 1543/1/422
f 1537/1/422 1586/1/422 1538/1/422
f 1581/1/422 1534/1/422 1533/1/422
f 1583/1/422 1536/1/422 1535/1/422
f 1577/1/422 1530/1/422 1529/1/422
f 1573/1/422 1526/1/422 1525/1/422
f 1575/1/422 1528/1/422 1527/1/422
f 1565/1/422 1518/1/422 1517/1/422
f 1557/1/422 1510/1/422 1509/1/422
f 1597/1/422 1550/1/422 1549/1/422
f 1548/1/422 1547/1/422 1596/1/422
f 1558/1/422 1511/1/422 1510/1/422
f 1511/1/422 1560/1/422 1512/1/422
f 1590/1/422 1543/1/422 1542/1/422
f 1549/1/422 1548/1/422 1596/1/422
f 1551/1/422 1600/1/422 1552/1/422
f 1588/1/422 1541/1/422 1540/1/422
f 1588/1/422 1540/1/422 1539/1/422
f 1553/1/422 1602/1/422 1554/1/422
f 1584/1/422 1537/1/422 1536/1/422
f 1556/1/422 1555/1/422 1604/1/422
f 1509/1/422 1556/1/422 1604/1/422
f 1582/1/422 1535/1/422 1534/1/422
f 1580/1/422 1533/1/422 1532/1/422
f 1513/1/422 1562/1/422 1514/1/422
f 1580/1/422 1532/1/422 1531/1/422
f 1576/1/422 1529/1/422 1528/1/422
f 1516/1/422 1515/1/422 1564/1/422
f 1574/1/422 1527/1/422 1526/1/422
f 1517/1/422 1516/1/422 1564/1/422
f 1519/1/422 1568/1/422 1520/1/422
f 1572/1/422 1525/1/422 1524/1/422
f 1572/1/422 1524/1/422 1523/1/422
