# Blender 5.2.2 LTS
# www.blender.org
mtllib ruins_kr_optics.mtl
o piece
v 1.164805 -0.607283 -0.024776
v 0.806123 -0.607283 -0.841160
v -0.024775 -0.607283 -1.164805
v -0.841161 -0.607283 -0.806124
v -1.164805 -0.607283 0.024774
v -0.806123 -0.607283 0.841159
v 0.024775 -0.607283 1.164805
v 0.841161 -0.607283 0.806121
v 0.205574 -0.607283 -0.004373
v 0.142270 -0.607283 -0.148456
v -0.004372 -0.607283 -0.205575
v -0.148454 -0.607283 -0.142271
v -0.205574 -0.607283 0.004373
v -0.142270 -0.607283 0.148453
v 0.004372 -0.607283 0.205572
v 0.148454 -0.607283 0.142271
v 1.341704 -0.528401 -0.057100
v 0.949587 -0.528401 -0.949586
v 0.908352 -0.528401 -0.989103
v 0.000001 -0.528401 -1.342919
v -0.057101 -0.528401 -1.341703
v -0.949586 -0.528401 -0.949586
v -0.989104 -0.528401 -0.908351
v -1.342918 -0.528401 -0.000001
v -1.341704 -0.528401 0.057100
v -0.949587 -0.528401 0.949587
v -0.908351 -0.528401 0.989104
v -0.000000 -0.528401 1.342919
v 0.057101 -0.528401 1.341704
v 0.949587 -0.528401 0.949587
v 0.989105 -0.528401 0.908351
v 1.321926 -0.528401 -0.000001
v 0.900922 -0.708613 -0.012694
v 0.628073 -0.708613 -0.646025
v -0.012693 -0.708613 -0.900923
v -0.646024 -0.708613 -0.628074
v -0.900922 -0.708613 0.012694
v -0.628073 -0.708613 0.646022
v 0.012693 -0.708613 0.900923
v 0.646024 -0.708613 0.628072
v 0.949587 -0.636528 0.949587
v 0.057101 -0.636528 1.341704
v -0.000000 -0.636528 1.342919
v -0.908351 -0.636528 0.989104
v -0.949587 -0.636528 0.949587
v -1.341704 -0.636528 0.057100
v -1.342918 -0.636528 -0.000001
v -0.989104 -0.636528 -0.908351
v -0.949586 -0.636528 -0.949586
v -0.057101 -0.636528 -1.341703
v 0.000001 -0.636528 -1.342919
v 0.908352 -0.636528 -0.989103
v 0.949587 -0.636528 -0.949586
v 1.341704 -0.636528 -0.057100
v 1.342918 -0.636528 -0.000001
v 0.989105 -0.636528 0.908351
v 1.132219 -1.429463 -0.032216
v 0.777821 -1.429463 -0.823378
v -0.032214 -1.429463 -1.132218
v -0.823379 -1.429463 -0.777821
v -1.132219 -1.429463 0.032213
v -0.777821 -1.429463 0.823378
v 0.032215 -1.429463 1.132219
v 0.823379 -1.429463 0.777819
v 0.823379 -1.302689 0.777819
v 0.032215 -1.302689 1.132219
v -0.738659 -1.288640 0.781923
v -1.132219 -1.302689 0.032213
v -0.823379 -1.302689 -0.777821
v -0.032214 -1.302689 -1.132218
v 0.777821 -1.302689 -0.823378
v 1.132219 -1.302689 -0.032216
v 0.654974 -1.245620 0.618733
v 0.025626 -1.245620 0.900649
v -0.618734 -1.245620 0.654973
v -0.900647 -1.245620 0.025624
v -0.654974 -1.245620 -0.618733
v -0.025626 -1.245620 -0.900648
v 0.618734 -1.245620 -0.654976
v 0.900647 -1.245620 -0.025627
v 1.260930 -0.528401 -0.053663
v 0.892420 -0.528401 -0.892421
v 0.853667 -0.528401 -0.929558
v 0.000001 -0.528401 -1.262071
v -0.053663 -0.528401 -1.260929
v -0.892419 -0.528401 -0.892421
v -0.929558 -0.528401 -0.853666
v -1.262071 -0.528401 -0.000001
v -1.260930 -0.528401 0.053664
v -0.892419 -0.528401 0.892418
v -0.853666 -0.528401 0.929558
v -0.000000 -0.528401 1.262071
v 0.053664 -0.528401 1.260930
v 0.892419 -0.528401 0.892418
v 0.929558 -0.528401 0.853667
v 1.262071 -0.528401 -0.000001
v 1.216484 -0.528401 -0.051771
v 0.860963 -0.528401 -0.860963
v 0.823576 -0.528401 -0.896794
v 0.000001 -0.528401 -1.217586
v -0.051772 -0.528401 -1.216484
v -0.860963 -0.528401 -0.860963
v -0.896793 -0.528401 -0.823576
v -1.217586 -0.528401 -0.000001
v -1.216484 -0.528401 0.051772
v -0.860963 -0.528401 0.860964
v -0.823576 -0.528401 0.896791
v -0.000000 -0.528401 1.217586
v 0.051772 -0.528401 1.216484
v 0.860963 -0.528401 0.860964
v 0.896793 -0.528401 0.823577
v 1.217586 -0.528401 -0.000001
v 1.154648 -0.528401 -0.049141
v 0.817199 -0.528401 -0.817198
v 0.781712 -0.528401 -0.851207
v 0.000001 -0.528401 -1.155693
v -0.049140 -0.528401 -1.154649
v -0.817199 -0.528401 -0.817198
v -0.851207 -0.528401 -0.781712
v -1.155694 -0.528401 -0.000001
v -1.154648 -0.528401 0.049138
v -0.817199 -0.528401 0.817198
v -0.781712 -0.528401 0.851207
v -0.000000 -0.528401 1.155693
v 0.049140 -0.528401 1.154649
v 0.817199 -0.528401 0.817198
v 0.851208 -0.528401 0.781713
v 1.155694 -0.528401 -0.000001
v 1.127199 -0.607284 -0.047972
v 0.797772 -0.607284 -0.797773
v 0.763129 -0.607284 -0.830971
v 0.000001 -0.607284 -1.128221
v -0.047972 -0.607284 -1.127199
v -0.797772 -0.607284 -0.797773
v -0.830972 -0.607284 -0.763130
v -1.128220 -0.607284 -0.000001
v -1.127200 -0.607284 0.047972
v -0.797772 -0.607283 0.797771
v -0.763129 -0.607283 0.830971
v -0.000000 -0.607283 1.128221
v 0.047972 -0.607283 1.127199
v 0.797772 -0.607283 0.797771
v 0.830973 -0.607283 0.763127
v 1.128220 -0.607284 -0.000001
v 0.231067 -0.607284 -0.004915
v 0.159913 -0.607284 -0.166865
v -0.004915 -0.607284 -0.231068
v -0.166864 -0.607284 -0.159913
v -0.231067 -0.607284 0.004915
v -0.159913 -0.607284 0.166863
v 0.004915 -0.607284 0.231066
v 0.166864 -0.607284 0.159914
v 0.125132 -0.607284 -0.002662
v 0.086600 -0.607284 -0.090364
v -0.002662 -0.607284 -0.125133
v -0.090364 -0.607284 -0.086598
v -0.125132 -0.607284 0.002663
v -0.086600 -0.607284 0.090364
v 0.002661 -0.607284 0.125133
v 0.090364 -0.607284 0.086601
v 0.210638 -0.542929 -0.004481
v 0.145775 -0.542929 -0.152110
v 0.096046 -0.542929 -0.100221
v 0.138782 -0.542929 -0.002952
v -0.004480 -0.542929 -0.210637
v -0.002952 -0.542929 -0.138783
v -0.152111 -0.542929 -0.145775
v -0.100221 -0.542929 -0.096046
v -0.210638 -0.542929 0.004482
v -0.138782 -0.542929 0.002953
v -0.149182 -0.558433 0.155666
v -0.096046 -0.542929 0.100221
v 0.004480 -0.542929 0.210637
v 0.002952 -0.542929 0.138780
v 0.152111 -0.542929 0.145775
v 0.100221 -0.542929 0.096047
v 0.095417 -0.777779 0.864577
v 0.566118 -0.777779 0.663179
v 0.105532 -1.176454 0.865541
v 0.572250 -1.176454 0.655080
v -0.864577 -0.777779 0.095418
v -0.663180 -0.777779 0.566118
v -0.865540 -1.176455 0.105532
v -0.655079 -1.176454 0.572249
v -0.095417 -0.777779 -0.864576
v -0.566118 -0.777779 -0.663182
v -0.105532 -1.176455 -0.865541
v -0.572250 -1.176455 -0.655079
v 0.864577 -0.777779 -0.095418
v 0.663180 -0.777779 -0.566118
v 0.865540 -1.176455 -0.105531
v 0.655079 -1.176455 -0.572249
v -0.543878 -0.777779 0.678819
v -0.068634 -0.777779 0.869246
v -0.537407 -1.176454 0.686650
v -0.058569 -1.176454 0.867851
v -0.678818 -0.777779 -0.543879
v -0.869245 -0.777779 -0.068635
v -0.686651 -1.176455 -0.537410
v -0.867852 -1.176455 -0.058571
v 0.543878 -0.777779 -0.678819
v 0.068634 -0.777779 -0.869246
v 0.537407 -1.176455 -0.686653
v 0.058569 -1.176455 -0.867854
v 0.678819 -0.777779 0.543877
v 0.869245 -0.777779 0.068633
v 0.686652 -1.176454 0.537407
v 0.867852 -1.176455 0.058568
v 0.107698 -0.795238 0.835826
v 0.537345 -0.795238 0.652465
v 0.117101 -1.158995 0.837102
v 0.542766 -1.158995 0.644677
v -0.514863 -0.795238 0.667171
v -0.081402 -0.795238 0.841323
v -0.509116 -1.158995 0.674721
v -0.072061 -1.158995 0.839647
v -0.835824 -0.795238 0.107698
v -0.652464 -0.795238 0.537346
v -0.837100 -1.158995 0.117101
v -0.644676 -1.158995 0.542766
v -0.667171 -0.795238 -0.514863
v -0.841322 -0.795238 -0.081401
v -0.674722 -1.158995 -0.509117
v -0.839648 -1.158995 -0.072062
v -0.107698 -0.795238 -0.835823
v -0.537345 -0.795238 -0.652464
v -0.117101 -1.158995 -0.837101
v -0.542765 -1.158995 -0.644676
v 0.514863 -0.795238 -0.667170
v 0.081402 -0.795238 -0.841322
v 0.509116 -1.158995 -0.674720
v 0.072062 -1.158995 -0.839647
v 0.835824 -0.795238 -0.107698
v 0.652464 -0.795238 -0.537346
v 0.837100 -1.158995 -0.117100
v 0.644676 -1.158995 -0.542765
v 0.667171 -0.795238 0.514864
v 0.841322 -0.795238 0.081401
v 0.674722 -1.158995 0.509117
v 0.839648 -1.158995 0.072060
v -1.240099 -0.528401 -0.263969
v -1.320638 -0.528401 -0.057200
v -1.256982 -0.528401 -0.159120
v -1.279619 -0.558673 -0.162510
v -1.227777 -0.636528 -0.295607
v -1.084039 -0.636528 -0.664625
v -1.180515 -0.594936 -0.416939
v -1.133102 -0.644646 -0.409450
v -0.261403 -0.528401 1.241100
v -0.099560 -0.528401 1.304137
v -0.170177 -0.528401 1.251167
v -0.180549 -0.565563 1.272591
v 0.557252 -0.528401 0.931407
v 0.650497 -0.528401 0.890441
v 0.602538 -0.556521 0.901543
v 0.618312 -0.528401 0.925420
v 0.341475 -0.528401 1.026210
v 0.529426 -0.528401 0.943633
v 0.437924 -0.568722 0.969542
v 0.467959 -0.528401 0.995220
v 1.318727 -0.528401 0.062108
v 1.342215 -0.528401 -0.033095
v 1.342918 -0.554896 -0.000001
v 0.975582 -0.636528 -0.890422
v 1.101054 -0.636528 -0.604838
v 1.033372 -0.610006 -0.758888
v 1.009938 -0.641639 -0.738823
v 0.253031 -0.528401 -1.244362
v 0.073620 -0.528401 -1.314244
v 0.169044 -0.528401 -1.254967
v 0.170493 -0.565025 -1.276509
v 0.717165 -0.528401 -0.876350
v 0.532914 -0.528401 -0.948118
v 0.648826 -0.528401 -0.931242
v 0.627440 -0.555666 -0.901802
v -0.169740 -0.542929 0.097566
v -0.127133 -0.542929 0.132659
v -0.098302 -0.542929 0.170604
v -0.080314 -0.542929 -0.104793
v -0.041382 -0.542928 -0.141511
v -0.036451 -0.564204 -0.119508
v -0.859870 -1.302689 0.640209
v -0.777821 -1.361203 0.823378
v -0.713409 -1.302689 0.847936
v -0.765448 -1.302689 -0.803770
v -0.562056 -1.302689 -0.894880
v -0.653522 -1.290882 -0.805388
v -0.659756 -1.338566 -0.851115
v 1.253881 -0.537734 -0.053364
v 0.887431 -0.537734 -0.887431
v 0.866153 -0.537734 -0.866151
v 1.223817 -0.537734 -0.052086
v 0.848894 -0.537734 -0.924360
v 0.828540 -0.537734 -0.902199
v 0.000001 -0.537734 -1.255016
v 0.000001 -0.537734 -1.224925
v -0.053363 -0.537734 -1.253880
v -0.052084 -0.537734 -1.223817
v -0.887430 -0.537734 -0.887431
v -0.866152 -0.537734 -0.866151
v -0.924361 -0.537734 -0.848893
v -0.902199 -0.537734 -0.828541
v -1.255016 -0.537734 -0.000001
v -1.224925 -0.537734 -0.000001
v -1.253881 -0.537734 0.053362
v -1.223817 -0.537734 0.052083
v -0.887430 -0.537734 0.887432
v -0.866153 -0.537734 0.866152
v -0.848894 -0.537734 0.924361
v -0.828540 -0.537734 0.902199
v -0.000000 -0.537734 1.255016
v -0.000000 -0.537734 1.224925
v 0.053364 -0.537734 1.253881
v 0.052084 -0.537734 1.223818
v 0.887430 -0.537734 0.887432
v 0.866153 -0.537734 0.866152
v 0.924362 -0.537734 0.848894
v 0.902199 -0.537734 0.828539
v 1.255016 -0.537734 -0.000001
v 1.224925 -0.537734 -0.000001
v 0.709955 0.774982 -0.215262
v 0.543376 1.024286 -0.215262
v 0.294073 1.190865 -0.215262
v 0.000000 1.249360 -0.215262
v -0.294073 1.190865 -0.215262
v -0.543376 1.024287 -0.215262
v -0.709956 0.774983 -0.215262
v -0.768450 0.480910 -0.215262
v -0.709956 0.186837 -0.215262
v -0.543377 -0.062467 -0.215262
v -0.284540 -0.227689 -0.215262
v 0.284539 -0.227689 -0.215262
v 0.543376 -0.062467 -0.215262
v 0.709955 0.186836 -0.215262
v 0.768450 0.480909 -0.215262
v 0.709955 0.774982 0.215252
v 0.543376 1.024286 0.215252
v 0.294073 1.190865 0.215252
v 0.000000 1.249360 0.215252
v -0.294073 1.190865 0.215252
v -0.543376 1.024287 0.215252
v -0.709956 0.774983 0.215252
v -0.768450 0.480910 0.215252
v -0.709956 0.186837 0.215252
v -0.543377 -0.062467 0.215252
v -0.284540 -0.227689 0.215252
v 0.284539 -0.227689 0.215252
v 0.543376 -0.062467 0.215252
v 0.709955 0.186836 0.215252
v 0.768450 0.480909 0.215252
v 0.764863 0.797725 -0.215262
v 0.585401 1.066311 -0.215262
v 0.571459 1.052368 0.215252
v 0.764863 0.797725 0.215252
v 0.316817 1.245772 -0.177166
v 0.316817 1.245772 0.215252
v 0.000000 1.308790 -0.215262
v 0.000000 1.308790 0.215252
v -0.316816 1.245772 -0.215262
v -0.316816 1.245772 0.215252
v -0.585401 1.066311 -0.215262
v -0.585401 1.066311 0.170764
v -0.764863 0.797726 -0.215262
v -0.764863 0.797726 0.215252
v -0.827882 0.480910 -0.215262
v -0.827882 0.480910 0.215252
v -0.764863 0.164093 -0.215262
v -0.764863 0.164093 0.215252
v -0.585401 -0.104491 -0.215262
v -0.585401 -0.104491 0.215252
v -0.310048 -0.233054 -0.215262
v -0.310048 -0.282596 0.215252
v 0.310048 -0.233054 -0.215262
v 0.310048 -0.282596 0.215252
v 0.585401 -0.104491 -0.215262
v 0.585401 -0.104491 0.215252
v 0.764863 0.164093 -0.215262
v 0.764863 0.164093 0.215252
v 0.827882 0.480909 -0.215262
v 0.827882 0.480909 0.215252
v 0.709955 0.774982 -0.166346
v 0.543376 1.024286 -0.166346
v 0.709955 0.774982 0.166336
v 0.543376 1.024286 0.166336
v 0.294073 1.190865 -0.166346
v 0.294073 1.190865 0.166336
v 0.000000 1.249360 -0.166346
v 0.000000 1.249360 0.166336
v -0.294073 1.190865 -0.166346
v -0.294073 1.190865 0.166336
v -0.543376 1.024287 -0.166346
v -0.543376 1.024287 0.166336
v -0.709956 0.774983 -0.166346
v -0.709956 0.774983 0.166336
v -0.768450 0.480910 -0.166346
v -0.768450 0.480910 0.166336
v -0.709956 0.186837 -0.166346
v -0.709956 0.186837 0.166336
v -0.543377 -0.062467 -0.166346
v -0.543377 -0.062467 0.166336
v -0.319467 -0.212179 -0.166346
v -0.319467 -0.212179 0.166336
v 0.319466 -0.212179 -0.166346
v 0.319466 -0.212179 0.166336
v 0.543376 -0.062467 -0.166346
v 0.543376 -0.062467 0.166336
v 0.709955 0.186836 -0.166346
v 0.709955 0.186836 0.166336
v 0.768450 0.480909 -0.166346
v 0.768450 0.480909 0.166336
v 0.623375 0.739120 -0.151103
v 0.477110 0.958019 -0.151103
v 0.623375 0.739120 0.151094
v 0.477110 0.958019 0.151094
v 0.258210 1.104285 -0.151103
v 0.258210 1.104285 0.151094
v 0.000000 1.155646 -0.151103
v 0.000000 1.155646 0.151094
v -0.258210 1.104285 -0.151103
v -0.258210 1.104285 0.151094
v -0.477110 0.958020 -0.151103
v -0.477110 0.958020 0.151094
v -0.623375 0.739120 -0.151103
v -0.623375 0.739120 0.151094
v -0.674736 0.480910 -0.151103
v -0.674736 0.480910 0.151094
v -0.623375 0.222700 -0.151103
v -0.644480 0.213958 0.154809
v -0.477111 0.003799 -0.151103
v -0.477111 0.003799 0.151094
v -0.280508 -0.125599 -0.151103
v -0.280508 -0.125599 0.151094
v 0.280507 -0.125599 -0.151103
v 0.280507 -0.125599 0.151094
v 0.477110 0.003799 -0.151103
v 0.477110 0.003799 0.151094
v 0.623375 0.222699 -0.151103
v 0.623375 0.222699 0.151094
v 0.674736 0.480909 -0.151103
v 0.674736 0.480909 0.151094
v 0.623375 0.739120 -0.088614
v 0.477110 0.958019 -0.088614
v 0.623375 0.739120 0.088605
v 0.477110 0.958019 0.088604
v 0.258210 1.104285 -0.088614
v 0.258210 1.104285 0.088604
v 0.000000 1.155646 -0.088614
v 0.000000 1.155646 0.088604
v -0.258210 1.104285 -0.088614
v -0.258210 1.104285 0.088604
v -0.477110 0.958020 -0.088614
v -0.477110 0.958020 0.088604
v -0.623375 0.739120 -0.088614
v -0.623375 0.739120 0.088605
v -0.674736 0.480910 -0.088614
v -0.674736 0.480910 0.088605
v -0.623375 0.222700 -0.088614
v -0.623375 0.222700 0.088605
v -0.477111 0.003799 -0.088614
v -0.477111 0.003799 0.088605
v 0.477110 0.003799 -0.088614
v 0.477110 0.003799 0.088605
v 0.623375 0.222699 -0.088614
v 0.623375 0.222699 0.088605
v 0.674736 0.480909 -0.088614
v 0.674736 0.480909 0.088605
v 0.682030 0.763416 -0.065607
v 0.522004 1.002913 -0.065607
v 0.682030 0.763416 0.065598
v 0.522004 1.002913 0.065598
v 0.282506 1.162940 -0.065607
v 0.282506 1.162940 0.065598
v 0.000000 1.219134 -0.065607
v 0.000000 1.219134 0.065598
v -0.282506 1.162941 -0.065607
v -0.282506 1.162941 0.065598
v -0.522003 1.002914 -0.065607
v -0.522003 1.002914 0.065598
v -0.682031 0.763416 -0.065607
v -0.682031 0.763416 0.065598
v -0.738225 0.480910 -0.065607
v -0.738225 0.480910 0.065598
v -0.682031 0.198404 -0.065607
v -0.682031 0.198404 0.065598
v -0.522004 -0.041094 -0.065607
v -0.522004 -0.041094 0.065598
v 0.522003 -0.041094 -0.065607
v 0.522003 -0.041094 0.065598
v 0.682030 0.198403 -0.065607
v 0.682030 0.198403 0.065598
v 0.738224 0.480909 -0.065607
v 0.738224 0.480909 0.065598
v 0.036186 1.429462 0.259077
v 0.036186 1.082279 0.150934
v -0.036186 1.429463 0.221542
v -0.036186 1.082279 0.150934
v -0.036186 1.429462 -0.259086
v -0.036186 1.082279 -0.150943
v 0.036186 1.429462 -0.259086
v 0.036186 1.082279 -0.150943
v -0.036186 1.187516 -0.259086
v -0.036186 1.187516 0.259077
v 0.036186 1.187516 0.259077
v 0.036186 1.187516 -0.259086
v -0.036186 1.342392 -0.077729
v 0.036186 1.342392 -0.077729
v 0.036186 1.342392 0.077719
v -0.036186 1.342392 0.077719
v -0.036186 1.429462 -0.117812
v 0.036186 1.429462 -0.117812
v 0.036186 1.429462 0.117802
v -0.036186 1.429462 0.117802
v -0.036186 1.082279 -0.063338
v -0.036186 1.146583 -0.049436
v -0.036186 1.146583 0.049427
v -0.036186 1.082279 0.063329
v 0.036186 1.146583 -0.049436
v 0.036186 1.082279 -0.063338
v 0.036186 1.082279 0.063329
v 0.036186 1.146583 0.049427
v 0.948553 0.444724 0.259077
v 0.601369 0.444724 0.150934
v 0.948553 0.517096 0.259077
v 0.601369 0.517096 0.150934
v 0.948553 0.517096 -0.259086
v 0.601369 0.517096 -0.150943
v 0.948553 0.444724 -0.259086
v 0.601369 0.444724 -0.150943
v 0.706607 0.517096 -0.259086
v 0.706607 0.517096 0.259077
v 0.706607 0.444724 0.259077
v 0.706607 0.444724 -0.259086
v 0.861482 0.517096 -0.077729
v 0.861482 0.444724 -0.077729
v 0.861482 0.444724 0.077719
v 0.861482 0.517096 0.077719
v 0.948553 0.517096 -0.117812
v 0.948553 0.444724 -0.117812
v 0.948553 0.444724 0.117803
v 0.948553 0.517096 0.117803
v 0.601369 0.517096 -0.063338
v 0.665673 0.517096 -0.049436
v 0.665673 0.517096 0.049427
v 0.601369 0.517096 0.063329
v 0.665673 0.444724 -0.049436
v 0.601369 0.444724 -0.063338
v 0.601369 0.444724 0.063329
v 0.665673 0.444724 0.049427
v -0.948552 0.444724 0.259077
v -0.601369 0.444724 0.150934
v -0.948552 0.499422 0.259077
v -0.601369 0.517096 0.150934
v -0.948552 0.517096 -0.259086
v -0.601369 0.517096 -0.150943
v -0.948552 0.444724 -0.259086
v -0.601369 0.444724 -0.150943
v -0.706607 0.517096 -0.259086
v -0.706607 0.517096 0.259077
v -0.706607 0.444724 0.259077
v -0.706607 0.444724 -0.259086
v -0.861482 0.517096 -0.077729
v -0.861482 0.444724 -0.077729
v -0.861482 0.444724 0.077719
v -0.861482 0.517096 0.077719
v -0.948552 0.517096 -0.117812
v -0.948552 0.444724 -0.117812
v -0.948552 0.444724 0.117803
v -0.948552 0.517096 0.117803
v -0.601369 0.517096 -0.063338
v -0.665673 0.517096 -0.049436
v -0.665673 0.517096 0.049427
v -0.601369 0.517096 0.063329
v -0.665673 0.444724 -0.049436
v -0.601369 0.444724 -0.063338
v -0.601369 0.444724 0.063329
v -0.665673 0.444724 0.049427
v 0.323880 -0.098586 -0.088614
v 0.354355 -0.153113 -0.065607
v 0.354355 -0.153113 0.065598
v 0.323880 -0.098586 0.088605
v -0.323881 -0.098586 -0.088614
v -0.354356 -0.153113 -0.065607
v -0.354356 -0.153113 0.065598
v -0.323881 -0.098586 0.088605
v 0.983626 0.149669 -0.077729
v 1.227338 0.189302 -0.077729
v 0.921804 0.794333 -0.077730
v 0.845140 0.503024 -0.077730
v 0.761897 0.794771 -0.077169
v 0.813760 0.503462 -0.077729
v 0.983626 -0.389738 -0.077729
v 1.227338 -0.389738 -0.077729
v 0.936997 0.366781 -0.077730
v 1.027052 0.149378 -0.077729
v 0.994999 0.533778 -0.077730
v 1.184958 0.169598 -0.077729
v 1.184958 -0.335930 -0.077729
v 1.027052 -0.335930 -0.077729
v 0.964491 0.372927 -0.050565
v 1.054909 0.154989 -0.050565
v 1.001946 0.467518 -0.050565
v 1.159842 0.155741 -0.050565
v 1.159842 -0.314205 -0.050564
v 1.054909 -0.314205 -0.050564
v 0.983626 0.149669 0.077720
v 1.227338 0.189302 0.077720
v 0.921804 0.794333 0.054224
v 0.845140 0.503024 0.077719
v 0.761897 0.794771 0.077160
v 0.813760 0.503462 0.077719
v 0.983626 -0.389738 0.077720
v 1.227338 -0.389738 0.077720
v 0.936997 0.366781 0.077719
v 1.027052 0.149378 0.077720
v 0.994999 0.533778 0.077719
v 1.184958 0.169598 0.077720
v 1.184958 -0.335930 0.077720
v 1.027052 -0.335930 0.077720
v 0.964491 0.372927 0.050555
v 1.054909 0.154989 0.050555
v 1.001946 0.467518 0.050555
v 1.159842 0.155741 0.050555
v 1.159842 -0.314205 0.050555
v 1.054909 -0.314205 0.050555
v -0.983625 0.149669 -0.077729
v -1.227338 0.189302 -0.077729
v -0.921804 0.794333 -0.077730
v -0.845139 0.503024 -0.077730
v -0.761896 0.794771 -0.077169
v -0.813760 0.503462 -0.077729
v -0.983625 -0.389738 -0.077729
v -1.227338 -0.389738 -0.077729
v -0.936997 0.366781 -0.077730
v -1.027052 0.149378 -0.077729
v -0.994999 0.533778 -0.077730
v -1.184958 0.169598 -0.077729
v -1.184958 -0.335930 -0.077729
v -1.027052 -0.335930 -0.077729
v -0.964491 0.372927 -0.050565
v -1.054908 0.154989 -0.050565
v -1.001945 0.467518 -0.050565
v -1.159842 0.155741 -0.050565
v -1.159842 -0.314205 -0.050564
v -1.054908 -0.314205 -0.050564
v -0.983625 0.149669 0.077720
v -1.227338 0.189302 0.045588
v -0.921804 0.794333 0.077719
v -0.845139 0.503024 0.077719
v -0.761896 0.794771 0.077160
v -0.813760 0.503462 0.077719
v -0.983625 -0.389738 0.077720
v -1.227338 -0.389738 0.077720
v -0.936997 0.366781 0.077719
v -1.027052 0.149378 0.077720
v -0.994999 0.533778 0.077719
v -1.184958 0.169598 0.077720
v -1.184958 -0.335930 0.077720
v -1.027052 -0.335930 0.077720
v -0.964491 0.372927 0.050555
v -1.054908 0.154989 0.050555
v -1.001945 0.467518 0.050555
v -1.159842 0.155741 0.050555
v -1.159842 -0.314205 0.050555
v -1.054908 -0.314205 0.050555
v -0.532136 1.101901 0.215252
v -0.566229 1.047139 0.215252
v -0.640285 0.984170 0.215252
v -0.354966 1.220282 0.215252
v -0.466247 1.145927 0.215252
v -0.403505 1.187849 0.190836
v -0.387322 1.170827 0.215252
v 0.277642 1.253564 -0.215262
v 0.402948 1.188221 -0.215262
v 0.306224 1.220198 -0.215262
v 0.882784 0.794510 0.077494
v 0.944800 0.748796 0.077719
v 0.908057 0.769262 0.077719
v 0.524618 1.106924 0.215252
v 0.585401 1.066311 0.172023
v 0.612663 1.025509 0.215252
v -1.198940 0.245537 0.077720
v -1.227338 0.123447 0.077720
v -1.210572 0.182829 0.077720
v 0.367366 1.031349 0.151094
v 0.284470 1.086738 0.151094
v 0.327414 1.087966 0.155220
v 0.327529 1.057967 0.134772
v -0.036186 1.407743 0.259077
v -0.009613 1.429462 0.259077
v -0.888864 0.517096 0.259077
v -0.948552 0.517096 0.229977
v -0.638021 0.296329 0.151094
v -0.623375 0.222700 0.129345
v -0.598204 0.185029 0.151094
v -0.650910 0.968269 -0.215262
v -0.721974 0.861914 -0.215262
v -0.689548 0.910444 -0.187192
v -0.666280 0.913243 -0.215262
v 1.269384 -0.405544 -0.135342
v 0.941579 -0.405544 -0.135341
v 1.269384 -0.405544 0.135333
v 0.941579 -0.405544 0.135332
v -0.941579 -0.405544 0.135332
v -0.941579 -0.405544 -0.135341
v -1.269384 -0.405544 0.135333
v -1.269384 -0.405544 -0.135342
v 1.269384 -0.529463 -0.135342
v 0.941579 -0.529463 -0.135341
v 1.269384 -0.529463 0.135333
v 0.941579 -0.529463 0.135332
v -0.941579 -0.529463 0.135332
v -0.941579 -0.529463 -0.135341
v -1.269384 -0.529463 0.135333
v -1.269384 -0.529463 -0.135342
v -0.151946 0.391322 -0.501149
v -0.151946 0.567301 -0.383564
v -0.151946 0.684886 -0.207585
v -0.151946 0.726177 -0.000004
v -0.151946 0.684886 0.207577
v -0.151946 0.567301 0.383555
v -0.151946 0.391323 0.501141
v -0.151946 0.183741 0.542431
v -0.151946 -0.023839 0.501141
v -0.151946 -0.199818 0.383556
v -0.151946 -0.316446 0.200848
v -0.151946 -0.316446 -0.200856
v -0.151946 -0.199819 -0.383564
v -0.151946 -0.023840 -0.501149
v -0.151946 0.183741 -0.542439
v 0.151946 0.391322 -0.501149
v 0.151946 0.567301 -0.383564
v 0.151946 0.684886 -0.207585
v 0.151946 0.726177 -0.000004
v 0.151946 0.684886 0.207577
v 0.151946 0.567301 0.383555
v 0.151946 0.391323 0.501141
v 0.151946 0.183741 0.542431
v 0.151946 -0.023839 0.501141
v 0.151946 -0.199818 0.383556
v 0.151946 -0.316446 0.200848
v 0.151946 -0.316446 -0.200856
v 0.151946 -0.199819 -0.383564
v 0.151946 -0.023840 -0.501149
v 0.151946 0.183741 -0.542439
v -0.151946 0.407376 -0.539907
v -0.151946 0.596966 -0.413228
v 0.151946 0.587124 -0.403387
v 0.151946 0.407376 -0.539907
v -0.125055 0.723644 -0.223640
v 0.151946 0.723644 -0.223640
v -0.151946 0.768128 -0.000004
v 0.151946 0.768128 -0.000004
v -0.151946 0.723644 0.223631
v 0.151946 0.723644 0.223631
v -0.151946 0.596966 0.413220
v 0.120543 0.596966 0.413220
v -0.151946 0.407377 0.539899
v 0.151946 0.407377 0.539899
v -0.151946 0.183741 0.584383
v 0.151946 0.183741 0.584383
v -0.151946 -0.039894 0.539899
v 0.151946 -0.039894 0.539899
v -0.151946 -0.229483 0.413220
v 0.151946 -0.229483 0.413220
v -0.151946 -0.320233 0.218853
v 0.151946 -0.355204 0.218853
v -0.151946 -0.320233 -0.218861
v 0.151946 -0.355204 -0.218861
v -0.151946 -0.229483 -0.413228
v 0.151946 -0.229483 -0.413228
v -0.151946 -0.039894 -0.539907
v 0.151946 -0.039894 -0.539907
v -0.151946 0.183741 -0.584391
v 0.151946 0.183741 -0.584391
v -0.117418 0.391322 -0.501149
v -0.117418 0.567301 -0.383564
v 0.117417 0.391322 -0.501149
v 0.117417 0.567301 -0.383564
v -0.117418 0.684886 -0.207585
v 0.117417 0.684886 -0.207585
v -0.117418 0.726177 -0.000004
v 0.117417 0.726177 -0.000004
v -0.117418 0.684886 0.207577
v 0.117417 0.684886 0.207577
v -0.117418 0.567301 0.383555
v 0.117417 0.567301 0.383555
v -0.117418 0.391323 0.501141
v 0.117417 0.391323 0.501141
v -0.117418 0.183741 0.542431
v 0.117417 0.183741 0.542431
v -0.117418 -0.023839 0.501141
v 0.117417 -0.023839 0.501141
v -0.117418 -0.199818 0.383556
v 0.117417 -0.199818 0.383556
v -0.117418 -0.305498 0.225502
v 0.117417 -0.305498 0.225502
v -0.117418 -0.305498 -0.225510
v 0.117417 -0.305498 -0.225510
v -0.117418 -0.199819 -0.383564
v 0.117417 -0.199819 -0.383564
v -0.117418 -0.023840 -0.501149
v 0.117417 -0.023840 -0.501149
v -0.117418 0.183741 -0.542439
v 0.117417 0.183741 -0.542439
v -0.106658 0.366007 -0.440034
v -0.106658 0.520525 -0.336788
v 0.106658 0.366007 -0.440034
v 0.106658 0.520525 -0.336788
v -0.106658 0.623770 -0.182270
v 0.106658 0.623770 -0.182270
v -0.106658 0.660026 -0.000004
v 0.106658 0.660026 -0.000004
v -0.106658 0.623771 0.182262
v 0.106658 0.623771 0.182262
v -0.106658 0.520525 0.336779
v 0.106658 0.520525 0.336779
v -0.106658 0.366007 0.440025
v 0.106658 0.366007 0.440025
v -0.106658 0.183741 0.476280
v 0.106658 0.183741 0.476280
v -0.106658 0.001475 0.440025
v 0.109280 -0.004695 0.454923
v -0.106658 -0.153042 0.336780
v 0.106658 -0.153042 0.336780
v -0.106658 -0.244382 0.198001
v 0.106658 -0.244382 0.198001
v -0.106658 -0.244382 -0.198009
v 0.106658 -0.244382 -0.198009
v -0.106658 -0.153043 -0.336788
v 0.106658 -0.153043 -0.336788
v -0.106658 0.001475 -0.440033
v 0.106658 0.001475 -0.440033
v -0.106658 0.183741 -0.476288
v 0.106658 0.183741 -0.476288
v -0.062548 0.366007 -0.440034
v -0.062548 0.520525 -0.336788
v 0.062548 0.366007 -0.440034
v 0.062548 0.520525 -0.336788
v -0.062548 0.623770 -0.182270
v 0.062548 0.623770 -0.182270
v -0.062548 0.660026 -0.000004
v 0.062548 0.660026 -0.000004
v -0.062548 0.623771 0.182262
v 0.062548 0.623771 0.182262
v -0.062548 0.520525 0.336779
v 0.062548 0.520525 0.336779
v -0.062548 0.366007 0.440025
v 0.062548 0.366007 0.440025
v -0.062548 0.183741 0.476280
v 0.062548 0.183741 0.476280
v -0.062548 0.001475 0.440025
v 0.062548 0.001475 0.440025
v -0.062548 -0.153042 0.336780
v 0.062548 -0.153042 0.336780
v -0.062548 -0.153043 -0.336788
v 0.062548 -0.153043 -0.336788
v -0.062548 0.001475 -0.440033
v 0.062548 0.001475 -0.440033
v -0.062548 0.183741 -0.476288
v 0.062548 0.183741 -0.476288
v -0.046308 0.383157 -0.481437
v -0.046308 0.552214 -0.368477
v 0.046307 0.383157 -0.481437
v 0.046307 0.552214 -0.368477
v -0.046308 0.665174 -0.199421
v 0.046307 0.665174 -0.199421
v -0.046308 0.704841 -0.000004
v 0.046307 0.704841 -0.000004
v -0.046308 0.665175 0.199412
v 0.046307 0.665175 0.199412
v -0.046308 0.552215 0.368469
v 0.046307 0.552215 0.368469
v -0.046308 0.383158 0.481429
v 0.046307 0.383158 0.481429
v -0.046308 0.183741 0.521095
v 0.046307 0.183741 0.521095
v -0.046308 -0.015675 0.481429
v 0.046307 -0.015675 0.481429
v -0.046308 -0.184732 0.368469
v 0.046307 -0.184732 0.368469
v -0.046308 -0.184732 -0.368477
v 0.046307 -0.184732 -0.368477
v -0.046308 -0.015675 -0.481437
v 0.046307 -0.015675 -0.481437
v -0.046308 0.183741 -0.521104
v 0.046307 0.183741 -0.521104
v 0.182881 0.853308 -0.025548
v 0.106545 0.608237 -0.025548
v 0.156386 0.853308 0.025539
v 0.106545 0.608237 0.025539
v -0.182881 0.853308 0.025539
v -0.106545 0.608237 0.025539
v -0.182881 0.853308 -0.025548
v -0.106545 0.608237 -0.025548
v -0.182881 0.682523 0.025539
v 0.182881 0.682523 0.025539
v 0.182881 0.682523 -0.025548
v -0.182881 0.682523 -0.025548
v -0.054864 0.791846 0.025539
v -0.054864 0.791846 -0.025548
v 0.054864 0.791846 -0.025548
v 0.054864 0.791846 0.025539
v -0.083158 0.853308 0.025539
v -0.083158 0.853308 -0.025548
v 0.083158 0.853308 -0.025548
v 0.083158 0.853308 0.025539
v -0.044706 0.608237 0.025539
v -0.034893 0.653628 0.025539
v 0.034893 0.653628 0.025539
v 0.044706 0.608237 0.025539
v -0.034893 0.653628 -0.025548
v -0.044706 0.608237 -0.025548
v 0.044706 0.608237 -0.025548
v 0.034893 0.653628 -0.025548
v 0.182881 0.158198 -0.669571
v 0.106545 0.158198 -0.424500
v 0.182881 0.209285 -0.669571
v 0.106545 0.209285 -0.424500
v -0.182881 0.209285 -0.669571
v -0.106545 0.209285 -0.424500
v -0.182881 0.158198 -0.669571
v -0.106545 0.158198 -0.424500
v -0.182881 0.209285 -0.498785
v 0.182881 0.209285 -0.498785
v 0.182881 0.158198 -0.498785
v -0.182881 0.158198 -0.498785
v -0.054864 0.209285 -0.608109
v -0.054864 0.158198 -0.608109
v 0.054864 0.158198 -0.608109
v 0.054864 0.209285 -0.608109
v -0.083158 0.209285 -0.669571
v -0.083158 0.158198 -0.669571
v 0.083158 0.158198 -0.669571
v 0.083158 0.209285 -0.669571
v -0.044706 0.209285 -0.424500
v -0.034893 0.209285 -0.469891
v 0.034893 0.209285 -0.469891
v 0.044706 0.209285 -0.424500
v -0.034893 0.158198 -0.469891
v -0.044706 0.158198 -0.424500
v 0.044706 0.158198 -0.424500
v 0.034893 0.158198 -0.469891
v 0.182881 0.158198 0.669562
v 0.106545 0.158198 0.424491
v 0.182881 0.196809 0.669562
v 0.106545 0.209285 0.424491
v -0.182881 0.209285 0.669562
v -0.106545 0.209285 0.424491
v -0.182881 0.158198 0.669562
v -0.106545 0.158198 0.424491
v -0.182881 0.209285 0.498777
v 0.182881 0.209285 0.498777
v 0.182881 0.158198 0.498777
v -0.182881 0.158198 0.498777
v -0.054864 0.209285 0.608100
v -0.054864 0.158198 0.608100
v 0.054864 0.158198 0.608100
v 0.054864 0.209285 0.608100
v -0.083158 0.209285 0.669562
v -0.083158 0.158198 0.669562
v 0.083158 0.158198 0.669562
v 0.083158 0.209285 0.669562
v -0.044706 0.209285 0.424491
v -0.034893 0.209285 0.469882
v 0.034893 0.209285 0.469882
v 0.044706 0.209285 0.424491
v -0.034893 0.158198 0.469882
v -0.044706 0.158198 0.424491
v 0.044706 0.158198 0.424491
v 0.034893 0.158198 0.469882
v -0.062548 -0.225314 -0.228625
v -0.046308 -0.263804 -0.250137
v 0.046307 -0.263804 -0.250137
v 0.062548 -0.225314 -0.228625
v -0.062548 -0.225314 0.228617
v -0.046308 -0.263804 0.250129
v 0.046307 -0.263804 0.250129
v 0.062548 -0.225314 0.228617
v -0.054865 -0.050076 -0.694328
v -0.054865 -0.022099 -0.866360
v -0.054865 0.404981 -0.650690
v -0.054865 0.199351 -0.596573
v -0.054469 0.405291 -0.537814
v -0.054864 0.199661 -0.574423
v -0.054864 -0.430834 -0.694328
v -0.054865 -0.430834 -0.866360
v -0.054865 0.103180 -0.661414
v -0.054865 -0.050281 -0.724982
v -0.054865 0.221060 -0.702356
v -0.054865 -0.036009 -0.836445
v -0.054865 -0.392852 -0.836445
v -0.054864 -0.392852 -0.724982
v -0.035689 0.107518 -0.680822
v -0.035689 -0.046321 -0.744646
v -0.035689 0.174288 -0.707260
v -0.035689 -0.045790 -0.818716
v -0.035690 -0.377516 -0.818716
v -0.035690 -0.377516 -0.744646
v 0.054864 -0.050076 -0.694328
v 0.054864 -0.022099 -0.866360
v 0.038279 0.404981 -0.650690
v 0.054864 0.199351 -0.596573
v 0.054469 0.405291 -0.537814
v 0.054864 0.199661 -0.574423
v 0.054864 -0.430834 -0.694328
v 0.054864 -0.430834 -0.866360
v 0.054864 0.103180 -0.661414
v 0.054864 -0.050281 -0.724982
v 0.054864 0.221060 -0.702356
v 0.054864 -0.036009 -0.836445
v 0.054864 -0.392852 -0.836445
v 0.054864 -0.392852 -0.724982
v 0.035689 0.107518 -0.680822
v 0.035689 -0.046321 -0.744646
v 0.035689 0.174288 -0.707260
v 0.035689 -0.045790 -0.818716
v 0.035689 -0.377516 -0.818716
v 0.035689 -0.377516 -0.744646
v -0.054865 -0.050076 0.694319
v -0.054865 -0.022099 0.866352
v -0.054865 0.404981 0.650681
v -0.054865 0.199352 0.596565
v -0.054469 0.405291 0.537805
v -0.054864 0.199661 0.574414
v -0.054864 -0.430834 0.694319
v -0.054865 -0.430834 0.866352
v -0.054865 0.103180 0.661405
v -0.054865 -0.050281 0.724973
v -0.054865 0.221061 0.702348
v -0.054865 -0.036008 0.836437
v -0.054865 -0.392852 0.836437
v -0.054864 -0.392852 0.724973
v -0.035689 0.107519 0.680813
v -0.035689 -0.046320 0.744637
v -0.035689 0.174289 0.707251
v -0.035689 -0.045790 0.818708
v -0.035689 -0.377516 0.818708
v -0.035689 -0.377516 0.744637
v 0.054864 -0.050076 0.694319
v 0.032183 -0.022099 0.866352
v 0.054864 0.404981 0.650681
v 0.054864 0.199352 0.596565
v 0.054469 0.405291 0.537805
v 0.054864 0.199661 0.574414
v 0.054864 -0.430834 0.694319
v 0.054864 -0.430834 0.866352
v 0.054864 0.103180 0.661405
v 0.054864 -0.050281 0.724973
v 0.054864 0.221061 0.702348
v 0.054864 -0.036008 0.836437
v 0.054864 -0.392852 0.836437
v 0.054864 -0.392852 0.724973
v 0.035689 0.107519 0.680813
v 0.035689 -0.046320 0.744637
v 0.035689 0.174289 0.707251
v 0.035689 -0.045790 0.818708
v 0.035689 -0.377516 0.818708
v 0.035689 -0.377516 0.744637
v 0.151946 0.622088 0.375621
v 0.151946 0.583432 0.399687
v 0.151946 0.538984 0.451962
v 0.151946 0.705651 0.250560
v 0.151946 0.653165 0.329111
v 0.134711 0.682758 0.284823
v 0.151946 0.670742 0.273399
v -0.151946 0.729144 -0.195987
v -0.151946 0.683020 -0.284438
v -0.151946 0.705592 -0.216162
v 0.054705 0.405106 -0.623146
v 0.054864 0.372837 -0.666922
v 0.054864 0.387284 -0.640986
v 0.151946 0.625634 -0.370323
v 0.121431 0.596966 -0.413228
v 0.151946 0.568164 -0.432473
v 0.054864 0.017596 0.846306
v 0.054864 -0.068585 0.866352
v 0.054864 -0.026668 0.854517
v 0.106658 0.572287 -0.259321
v 0.106658 0.611385 -0.200807
v 0.109570 0.612252 -0.231120
v 0.095137 0.591076 -0.231202
v 0.182881 0.837976 0.025539
v 0.182881 0.853308 0.006781
v 0.182881 0.209285 0.627429
v 0.162340 0.209285 0.669562
v 0.106658 0.053449 0.450363
v 0.091306 0.001475 0.440025
v 0.106658 -0.025116 0.422258
v -0.151946 0.527759 0.459462
v -0.151946 0.452686 0.509625
v -0.132132 0.486942 0.486735
v -0.151946 0.488918 0.470311
v -0.095533 -0.441990 -0.896040
v -0.095532 -0.441990 -0.664648
v 0.095532 -0.441990 -0.896040
v 0.095532 -0.441990 -0.664648
v 0.095532 -0.441990 0.664640
v -0.095532 -0.441990 0.664640
v 0.095532 -0.441990 0.896031
v -0.095532 -0.441990 0.896031
v -0.095533 -0.529463 -0.896040
v -0.095532 -0.529463 -0.664648
v 0.095532 -0.529463 -0.896040
v 0.095532 -0.529463 -0.664648
v 0.095532 -0.529463 0.664640
v -0.095532 -0.529463 0.664640
v 0.095532 -0.529463 0.896031
v -0.095532 -0.529463 0.896031
vn -0.0000 -0.0000 1.0000
vn 1.0000 -0.0000 -0.0000
vn -1.0000 -0.0000 -0.0000
vn -0.0000 1.0000 -0.0000
vn -0.0000 -0.0000 -1.0000
vn -0.5556 0.8315 -0.0000
vn 0.1561 -0.9853 -0.0686
vn 0.1115 -0.9869 -0.1163
vn 0.0622 -0.9857 -0.1563
vn -0.0034 -0.9869 -0.1611
vn -0.0666 -0.9857 -0.1545
vn -0.1163 -0.9869 -0.1115
vn -0.1589 -0.9853 -0.0619
vn -0.1611 -0.9869 0.0034
vn -0.1545 -0.9857 0.0666
vn -0.1115 -0.9869 0.1163
vn -0.0622 -0.9857 0.1563
vn 0.0034 -0.9869 0.1611
vn 0.0666 -0.9857 0.1545
vn 0.1163 -0.9869 0.1115
vn 0.1563 -0.9857 0.0622
vn 0.1611 -0.9869 -0.0034
vn 0.4022 -0.0000 0.9155
vn 0.0213 -0.0000 0.9998
vn -0.6919 -0.0000 0.7220
vn -0.9155 -0.0000 0.4022
vn -0.9998 -0.0000 0.0213
vn -0.7220 -0.0000 -0.6919
vn -0.4022 -0.0000 -0.9155
vn -0.0213 -0.0000 -0.9998
vn 0.6919 -0.0000 -0.7220
vn 0.9155 -0.0000 -0.4022
vn 0.9998 -0.0000 -0.0213
vn 0.9318 -0.0000 0.3629
vn 0.7220 -0.0000 0.6919
vn 0.9126 -0.0000 -0.4088
vn 0.3563 -0.0000 -0.9344
vn -0.0000 -1.0000 -0.0000
vn -0.9344 -0.0000 -0.3563
vn -0.6296 0.6127 0.4777
vn -0.6958 0.6006 0.3939
vn 0.4088 -0.0000 0.9126
vn 0.9344 -0.0000 0.3563
vn 0.1053 0.9662 0.2351
vn -0.2407 0.9662 -0.0918
vn 0.0918 0.9662 -0.2407
vn 0.2351 0.9662 -0.1053
vn 0.2407 0.9662 0.0918
vn 0.4119 -0.0134 0.9111
vn -0.3530 -0.0134 0.9355
vn -0.9111 -0.0134 0.4119
vn -0.9355 -0.0134 -0.3530
vn -0.4119 -0.0134 -0.9111
vn 0.3530 -0.0134 -0.9355
vn 0.9111 -0.0134 -0.4119
vn 0.9355 -0.0134 0.3530
vn 0.3630 -0.0000 -0.9318
vn -0.8708 0.3087 0.3826
vn -0.6534 0.3288 0.6818
vn -0.3452 0.3087 0.8863
vn 0.0200 0.3288 0.9442
vn 0.3826 0.3087 0.8708
vn 0.6818 0.3288 0.6534
vn 0.8863 0.3087 0.3452
vn 0.9442 0.3288 -0.0201
vn 0.8708 0.3087 -0.3826
vn 0.6534 0.3288 -0.6818
vn 0.3452 0.3087 -0.8863
vn -0.0201 0.3288 -0.9442
vn -0.6818 0.3288 -0.6534
vn -0.8863 0.3087 -0.3452
vn -0.9442 0.3288 0.0201
vn 0.8785 0.2815 -0.3860
vn -0.8984 0.1923 0.3947
vn 0.3483 0.2815 -0.8941
vn -0.3562 0.1924 0.9144
vn -0.3860 0.2815 -0.8785
vn -0.8941 0.2815 -0.3483
vn 0.9144 0.1923 0.3562
vn -0.8785 0.2815 0.3860
vn 0.8984 0.1923 -0.3947
vn -0.3483 0.2815 0.8941
vn 0.3562 0.1923 -0.9144
vn 0.3860 0.2815 0.8785
vn -0.3947 0.1923 -0.8984
vn 0.8941 0.2815 0.3483
vn -0.9144 0.1923 -0.3562
vn -0.9115 -0.0122 0.4110
vn 0.9193 0.0122 -0.3933
vn -0.3719 0.0122 0.9282
vn -0.9193 0.0122 0.3933
vn -0.9282 0.0122 -0.3719
vn 0.3719 0.0122 -0.9282
vn -0.3539 -0.0122 0.9352
vn -0.9352 -0.0122 -0.3539
vn 0.4110 -0.0122 0.9115
vn 0.3539 -0.0122 -0.9352
vn 0.9352 -0.0122 0.3539
vn -0.4110 -0.0122 -0.9115
vn 0.9282 0.0122 0.3719
vn 0.3933 0.0122 0.9193
vn -0.3933 0.0122 -0.9193
vn 0.2499 -0.7712 0.5855
vn 0.9246 0.0244 0.3801
vn 0.2622 0.7712 0.5801
vn -0.3454 -0.0244 0.9381
vn -0.2373 -0.7712 0.5907
vn 0.3850 0.0244 0.9226
vn -0.2248 0.7712 0.5956
vn -0.9076 -0.0244 0.4191
vn -0.5855 -0.7712 0.2499
vn -0.3801 0.0244 0.9246
vn -0.5801 0.7712 0.2622
vn -0.9381 -0.0244 -0.3455
vn -0.5907 -0.7712 -0.2373
vn -0.9226 0.0244 0.3850
vn -0.5956 0.7712 -0.2248
vn -0.4191 -0.0244 -0.9076
vn -0.2499 -0.7712 -0.5855
vn -0.9246 0.0244 -0.3801
vn -0.2623 0.7712 -0.5801
vn 0.3455 -0.0244 -0.9381
vn 0.2373 -0.7712 -0.5907
vn -0.3851 0.0244 -0.9226
vn 0.2247 0.7712 -0.5956
vn 0.9076 -0.0244 -0.4191
vn 0.5855 -0.7712 -0.2499
vn 0.3801 0.0244 -0.9246
vn 0.5801 0.7712 -0.2622
vn 0.9381 -0.0244 0.3455
vn 0.5907 -0.7712 0.2373
vn 0.9226 0.0244 -0.3850
vn 0.5956 0.7712 0.2248
vn 0.4191 -0.0244 0.9076
vn -0.7875 0.6031 -0.1268
vn -0.7027 -0.6939 -0.1572
vn -0.6074 -0.6485 -0.4589
vn -0.6969 0.5699 -0.4353
vn -0.0939 0.5168 0.8510
vn -0.5080 0.5322 0.6773
vn -0.0725 0.6689 -0.7398
vn -0.5236 0.7027 -0.4817
vn -0.1862 0.6227 -0.7600
vn -0.4622 0.6950 -0.5507
vn 0.7065 0.5597 0.4331
vn 0.7832 0.6205 0.0403
vn 0.6069 -0.6946 -0.3862
vn 0.7287 -0.6587 -0.1873
vn 0.1080 0.5072 -0.8550
vn 0.4681 0.4617 -0.7535
vn -0.0931 0.7633 0.6393
vn -0.3758 0.7999 0.4679
vn -0.2788 0.8987 0.3385
vn -0.3518 0.8971 0.2673
vn 0.5071 0.6736 0.5377
vn -0.0497 0.7124 0.7000
vn -0.3630 -0.0000 0.9318
vn -0.3826 0.3087 -0.8708
vn -0.2351 0.9662 0.1053
vn -0.9126 -0.0000 0.4088
vn -0.3563 -0.0000 0.9344
vn -0.0918 0.9662 0.2407
vn -0.4979 0.6333 -0.5925
vn -0.0837 0.6954 -0.7137
vn 0.3947 0.1924 0.8984
vn -0.0909 -0.1360 0.9865
vn -0.7485 0.5759 0.3289
vn 0.7385 0.5910 -0.3245
vn -0.5520 0.6030 0.5760
vn 0.5440 0.6180 -0.5676
vn -0.2967 0.5759 0.7618
vn 0.2928 0.5911 -0.7516
vn 0.0170 0.6030 0.7976
vn -0.0167 0.6181 -0.7859
vn 0.3288 0.5759 0.7485
vn -0.3245 0.5910 -0.7385
vn 0.5760 0.6030 0.5520
vn -0.5675 0.6181 -0.5439
vn 0.7618 0.5759 0.2967
vn -0.7516 0.5911 -0.2928
vn 0.7976 0.6030 -0.0170
vn -0.7860 0.6180 0.0167
vn 0.7484 0.5759 -0.3288
vn -0.7385 0.5910 0.3245
vn 0.5520 0.6029 -0.5760
vn -0.5439 0.6181 0.5675
vn 0.2967 0.5759 -0.7618
vn -0.2928 0.5911 0.7516
vn -0.0170 0.6030 -0.7976
vn 0.0167 0.6181 0.7859
vn -0.3288 0.5759 -0.7485
vn 0.3245 0.5910 0.7385
vn -0.5760 0.6029 -0.5520
vn 0.5676 0.6180 0.5440
vn -0.7618 0.5759 -0.2967
vn 0.7516 0.5911 0.2928
vn -0.7976 0.6030 0.0170
vn 0.7859 0.6181 -0.0167
vn 0.8315 0.5556 -0.0000
vn -0.1951 0.9808 -0.0000
vn -0.9808 0.1951 -0.0000
vn -0.9808 -0.1951 -0.0000
vn -0.8315 -0.5556 -0.0000
vn -0.4231 -0.9061 -0.0000
vn 0.4231 -0.9061 -0.0000
vn 0.8315 -0.5556 -0.0000
vn 0.9808 -0.1951 -0.0000
vn 0.9808 0.1951 -0.0000
vn 0.2542 0.7688 -0.5868
vn -0.9318 -0.0000 -0.3630
vn 0.6374 0.5460 -0.5437
vn -0.5556 -0.8315 -0.0000
vn -0.1951 -0.9808 -0.0000
vn 0.1951 -0.9808 -0.0000
vn 0.5556 -0.8315 -0.0000
vn 0.5287 0.8488 -0.0000
vn -0.8315 0.5556 -0.0000
vn 0.5558 0.8313 -0.0000
vn 0.5344 0.8372 -0.1161
vn -0.5558 0.8313 -0.0000
vn -0.5344 0.8372 -0.1161
vn -0.1360 -0.0909 -0.9865
vn -0.1360 -0.0909 0.9865
vn -0.0909 -0.1360 -0.9865
vn -0.0319 -0.1605 -0.9865
vn -0.0319 -0.1605 0.9865
vn 0.0319 -0.1605 -0.9865
vn 0.0319 -0.1605 0.9865
vn 0.0909 -0.1360 -0.9865
vn 0.0909 -0.1360 0.9865
vn 0.1360 -0.0909 -0.9865
vn 0.1360 -0.0909 0.9865
vn 0.1605 -0.0319 -0.9865
vn 0.1605 -0.0319 0.9865
vn 0.1605 0.0319 -0.9865
vn 0.1605 0.0319 0.9865
vn 0.1360 0.0909 -0.9865
vn 0.1360 0.0909 0.9865
vn 0.0882 0.1341 -0.9870
vn 0.0909 0.1360 0.9865
vn -0.0882 0.1341 -0.9870
vn -0.0909 0.1360 0.9865
vn -0.1360 0.0909 -0.9865
vn -0.1360 0.0909 0.9865
vn -0.1605 0.0319 -0.9865
vn -0.1605 0.0319 0.9865
vn -0.1605 -0.0319 -0.9865
vn -0.1605 -0.0319 0.9865
vn -0.2882 -0.1925 0.9380
vn -0.2882 -0.1925 -0.9380
vn -0.1925 -0.2882 0.9380
vn -0.1925 -0.2882 -0.9380
vn -0.0676 -0.3399 0.9380
vn -0.0676 -0.3399 -0.9380
vn 0.0676 -0.3399 0.9380
vn 0.0676 -0.3399 -0.9380
vn 0.1925 -0.2882 0.9380
vn 0.1925 -0.2882 -0.9380
vn 0.2882 -0.1925 0.9380
vn 0.2882 -0.1925 -0.9380
vn 0.3399 -0.0676 0.9380
vn 0.3399 -0.0676 -0.9380
vn 0.3399 0.0676 0.9380
vn 0.3399 0.0676 -0.9380
vn 0.2882 0.1925 0.9380
vn 0.2882 0.1925 -0.9380
vn -0.1925 0.2882 0.9380
vn -0.1925 0.2882 -0.9380
vn -0.2882 0.1925 0.9380
vn -0.2882 0.1925 -0.9380
vn -0.3399 0.0676 0.9380
vn -0.3399 0.0676 -0.9380
vn -0.3399 -0.0676 0.9380
vn -0.3399 -0.0676 -0.9380
vn -0.0000 -0.7167 0.6974
vn -0.0000 -0.7167 -0.6974
vn -0.0000 0.4182 0.9084
vn -0.0000 0.4182 -0.9084
vn -0.0000 -0.2113 0.9774
vn -0.0000 -0.2113 -0.9774
vn -0.7167 -0.0000 0.6974
vn -0.7167 -0.0000 -0.6974
vn 0.4182 -0.0000 0.9084
vn 0.4182 -0.0000 -0.9084
vn -0.1053 0.9662 -0.2351
vn -0.2113 -0.0000 0.9774
vn -0.2113 -0.0000 -0.9774
vn 0.7167 -0.0000 0.6974
vn 0.7167 -0.0000 -0.6974
vn -0.4182 -0.0000 0.9084
vn -0.4182 -0.0000 -0.9084
vn -0.2454 0.8286 0.5032
vn 0.2113 -0.0000 0.9774
vn 0.2113 -0.0000 -0.9774
vn -0.2058 -0.9786 -0.0000
vn 0.9058 -0.4208 -0.0484
vn -0.5287 0.8488 -0.0000
vn 0.5556 0.8315 -0.0000
vn 0.1925 0.2882 0.9380
vn 0.1925 0.2882 -0.9380
vn -0.8729 0.4879 -0.0000
vn 0.9119 -0.4104 -0.0000
vn 0.8729 0.4879 -0.0000
vn -0.9119 -0.4103 -0.0000
vn -0.4058 0.9139 -0.0000
vn 0.4058 0.9139 -0.0000
vn 0.6446 0.2674 -0.7162
vn 0.7057 -0.2794 -0.6510
vn -0.6586 -0.3435 -0.6695
vn -0.7343 -0.0000 -0.6789
vn 0.6982 -0.0000 -0.7159
vn -0.0000 0.7810 -0.6246
vn 0.8926 0.4508 -0.0000
vn 0.0045 1.0000 -0.0000
vn -0.9310 -0.3649 -0.0000
vn -0.0140 -0.9999 -0.0000
vn 0.6462 0.2677 0.7146
vn 0.6541 -0.2272 0.7215
vn -0.6586 -0.3435 0.6695
vn -0.7343 -0.0000 0.6789
vn 0.6982 -0.0000 0.7159
vn -0.0000 0.7810 0.6246
vn -0.9845 -0.1753 -0.0000
vn -0.6462 0.2677 -0.7146
vn -0.6541 -0.2272 -0.7215
vn 0.6586 -0.3435 -0.6695
vn 0.7343 -0.0000 -0.6789
vn -0.6982 -0.0000 -0.7159
vn -0.0027 1.0000 -0.0000
vn 0.9310 -0.3649 -0.0000
vn 0.0140 -0.9999 -0.0000
vn -0.8616 0.1598 0.4818
vn -0.6446 0.2674 0.7162
vn -0.7057 -0.2794 0.6511
vn 0.6586 -0.3435 0.6695
vn 0.7343 -0.0000 0.6789
vn -0.6982 -0.0000 0.7159
vn -0.8408 0.2374 0.4865
vn 0.9845 -0.1753 -0.0000
vn -0.7300 0.4545 0.5104
vn -0.5536 0.6511 0.5192
vn -0.2276 0.7215 0.6539
vn -0.6108 0.3996 0.6835
vn 0.1951 0.9808 -0.0000
vn 0.3090 0.5547 0.7726
vn 0.4556 0.4628 0.7604
vn 0.6906 0.5930 0.4140
vn 0.4987 0.7650 0.4076
vn -0.8926 0.4508 -0.0000
vn -0.5820 -0.4596 0.6709
vn -0.0631 -0.5623 0.8245
vn -0.5775 0.7066 0.4089
vn 0.7749 -0.0323 0.6312
vn 0.4570 0.6536 0.6032
vn -0.6089 0.6607 -0.4389
vn -0.7625 0.2130 -0.6109
vn -0.0000 0.9644 -0.2646
vn 0.3519 0.9361 -0.0000
vn -0.0000 0.9644 0.2646
vn -0.3519 0.9361 -0.0000
vn -0.0000 0.5556 -0.8315
vn -0.0000 0.9808 0.1951
vn -0.0000 0.1951 0.9808
vn -0.0000 -0.1951 0.9808
vn -0.0000 -0.5556 0.8315
vn -0.0000 -0.9061 0.4231
vn -0.0000 -0.9061 -0.4231
vn -0.0000 -0.5556 -0.8315
vn -0.0000 -0.1951 -0.9808
vn -0.0000 0.1951 -0.9808
vn -0.5868 0.7688 -0.2542
vn -0.5437 0.5460 -0.6374
vn -0.0000 -0.8315 0.5556
vn -0.0000 -0.9808 0.1951
vn -0.0000 -0.9808 -0.1951
vn -0.0000 -0.8315 -0.5556
vn -0.0000 0.8488 -0.5287
vn -0.0000 0.8315 0.5556
vn -0.0000 0.5556 0.8315
vn -0.0000 0.8313 -0.5558
vn -0.1161 0.8372 -0.5344
vn -0.0000 0.8313 0.5558
vn -0.1161 0.8372 0.5344
vn -0.9865 -0.0909 0.1360
vn 0.9865 -0.0909 0.1360
vn -0.9865 -0.1360 0.0909
vn -0.9865 -0.1605 0.0319
vn 0.9865 -0.1605 0.0319
vn -0.9865 -0.1605 -0.0319
vn 0.9865 -0.1605 -0.0319
vn -0.9865 -0.1360 -0.0909
vn 0.9865 -0.1360 -0.0909
vn -0.9865 -0.0909 -0.1360
vn 0.9865 -0.0909 -0.1360
vn -0.9865 -0.0319 -0.1605
vn 0.9865 -0.0319 -0.1605
vn -0.9865 0.0319 -0.1605
vn 0.9865 0.0319 -0.1605
vn -0.9865 0.0909 -0.1360
vn 0.9865 0.0909 -0.1360
vn -0.9870 0.1341 -0.0882
vn 0.9865 0.1360 -0.0909
vn -0.9870 0.1341 0.0882
vn 0.9865 0.1360 0.0909
vn -0.9865 0.0909 0.1360
vn 0.9865 0.0909 0.1360
vn -0.9865 0.0319 0.1605
vn 0.9865 0.0319 0.1605
vn -0.9865 -0.0319 0.1605
vn 0.9865 -0.0319 0.1605
vn 0.9380 -0.1925 0.2882
vn -0.9380 -0.1925 0.2882
vn 0.9380 -0.2882 0.1925
vn -0.9380 -0.2882 0.1925
vn 0.9380 -0.3399 0.0676
vn -0.9380 -0.3399 0.0676
vn 0.9380 -0.3399 -0.0676
vn -0.9380 -0.3399 -0.0676
vn 0.9380 -0.2882 -0.1925
vn -0.9380 -0.2882 -0.1925
vn 0.9380 -0.1925 -0.2882
vn -0.9380 -0.1925 -0.2882
vn 0.9380 -0.0676 -0.3399
vn -0.9380 -0.0676 -0.3399
vn 0.9380 0.0676 -0.3399
vn -0.9380 0.0676 -0.3399
vn 0.9380 0.1925 -0.2882
vn -0.9380 0.1925 -0.2882
vn 0.9380 0.2882 0.1925
vn -0.9380 0.2882 0.1925
vn 0.9380 0.1925 0.2882
vn -0.9380 0.1925 0.2882
vn 0.9380 0.0676 0.3399
vn -0.9380 0.0676 0.3399
vn 0.9380 -0.0676 0.3399
vn -0.9380 -0.0676 0.3399
vn 0.6974 -0.7167 -0.0000
vn -0.6974 -0.7167 -0.0000
vn 0.9084 0.4182 -0.0000
vn -0.9084 0.4182 -0.0000
vn -0.4088 -0.0000 -0.9126
vn 0.9774 -0.2113 -0.0000
vn -0.9774 -0.2113 -0.0000
vn 0.6974 -0.0000 0.7167
vn -0.6974 -0.0000 0.7167
vn 0.9084 -0.0000 -0.4182
vn -0.9084 -0.0000 -0.4182
vn 0.9774 -0.0000 0.2113
vn -0.9774 -0.0000 0.2113
vn 0.6974 -0.0000 -0.7167
vn -0.6974 -0.0000 -0.7167
vn 0.9084 -0.0000 0.4182
vn -0.9084 -0.0000 0.4182
vn 0.5032 0.8286 0.2454
vn 0.9774 -0.0000 -0.2113
vn -0.9774 -0.0000 -0.2113
vn -0.0000 -0.9786 0.2058
vn -0.0484 -0.4208 -0.9058
vn -0.0000 0.8488 0.5287
vn -0.0000 0.8315 -0.5556
vn 0.9380 0.2882 -0.1925
vn -0.9380 0.2882 -0.1925
vn -0.0000 0.4879 0.8729
vn -0.0000 -0.4104 -0.9119
vn -0.0000 0.4879 -0.8729
vn -0.0000 -0.4104 0.9119
vn -0.0000 0.9139 0.4058
vn -0.0000 0.9139 -0.4058
vn -0.7162 0.2674 -0.6446
vn -0.6510 -0.2794 -0.7057
vn -0.6695 -0.3435 0.6586
vn -0.6789 -0.0000 0.7343
vn -0.7159 -0.0000 -0.6982
vn -0.6246 0.7810 -0.0000
vn -0.0000 0.4508 -0.8926
vn -0.0000 1.0000 -0.0045
vn -0.0000 -0.3649 0.9310
vn -0.0000 -0.9999 0.0140
vn 0.9115 -0.0122 -0.4110
vn 0.7146 0.2677 -0.6462
vn 0.7215 -0.2272 -0.6541
vn 0.6695 -0.3435 0.6586
vn 0.6789 -0.0000 0.7343
vn 0.7159 -0.0000 -0.6982
vn 0.6246 0.7810 -0.0000
vn -0.0000 -0.1753 0.9845
vn 0.9865 -0.1360 0.0909
vn -0.7146 0.2677 0.6462
vn -0.7215 -0.2272 0.6541
vn -0.6695 -0.3435 -0.6586
vn -0.6789 -0.0000 -0.7343
vn -0.7159 -0.0000 0.6982
vn -0.0000 1.0000 0.0027
vn -0.0000 -0.3649 -0.9310
vn -0.0000 -0.9999 -0.0140
vn 0.4818 0.1598 0.8616
vn 0.7162 0.2674 0.6446
vn 0.6511 -0.2794 0.7057
vn 0.6695 -0.3435 -0.6586
vn 0.6789 -0.0000 -0.7343
vn 0.7159 -0.0000 0.6982
vn 0.4865 0.2374 0.8408
vn -0.0000 -0.1753 -0.9845
vn 0.5104 0.4545 0.7300
vn 0.5192 0.6511 0.5536
vn 0.6539 0.7215 0.2276
vn 0.6835 0.3996 0.6108
vn -0.0000 0.9808 -0.1951
vn 0.7726 0.5547 -0.3090
vn 0.7604 0.4628 -0.4556
vn 0.4140 0.5930 -0.6906
vn 0.4076 0.7650 -0.4987
vn -0.0000 0.4508 0.8926
vn 0.6709 -0.4595 0.5820
vn 0.8245 -0.5623 0.0631
vn 0.4089 0.7066 0.5775
vn 0.6312 -0.0323 -0.7749
vn 0.6032 0.6536 -0.4571
vn -0.4389 0.6607 0.6089
vn -0.6109 0.2130 0.7625
vn -0.2646 0.9644 -0.0000
vn -0.0000 0.9361 -0.3519
vn 0.2646 0.9644 -0.0000
vn -0.0000 0.9361 0.3519
vn 0.1544 -0.9857 -0.0678
vn 0.1560 -0.9855 -0.0672
vn 0.0619 -0.9853 -0.1589
vn -0.0686 -0.9853 -0.1561
vn -0.1571 -0.9857 -0.0612
vn -0.1576 -0.9855 -0.0627
vn -0.1571 -0.9857 -0.0616
vn -0.1561 -0.9853 0.0686
vn -0.0619 -0.9853 0.1589
vn 0.0686 -0.9853 0.1561
vn 0.1589 -0.9853 0.0619
vn 0.9318 -0.0000 0.3630
vn 0.3925 0.0134 0.9197
vn -0.3728 0.0134 0.9278
vn -0.9197 0.0134 0.3925
vn -0.9278 0.0134 -0.3728
vn -0.3925 0.0134 -0.9197
vn 0.3728 0.0134 -0.9278
vn 0.9197 0.0134 -0.3925
vn 0.9278 0.0134 0.3728
vn 0.3629 -0.0000 -0.9318
vn 0.3629 -0.0001 -0.9318
vn -0.6534 0.3288 0.6819
vn 0.0201 0.3289 0.9442
vn -0.0201 0.3289 -0.9442
vn -0.6818 0.3289 -0.6534
vn -0.3562 0.1923 0.9144
vn -0.3483 0.2814 0.8941
vn -0.9126 0.0094 0.4088
vn 0.9184 -0.0094 -0.3956
vn -0.3696 -0.0094 0.9291
vn -0.3696 -0.0093 0.9291
vn -0.9184 -0.0094 0.3956
vn -0.9115 -0.0122 0.4111
vn -0.9291 -0.0094 -0.3696
vn 0.3696 -0.0094 -0.9291
vn -0.3562 0.0094 0.9343
vn -0.3563 0.0094 0.9343
vn -0.9343 0.0094 -0.3562
vn 0.4088 0.0094 0.9126
vn 0.3562 0.0094 -0.9343
vn 0.3562 0.0094 -0.9344
vn 0.9343 0.0094 0.3562
vn -0.4088 0.0094 -0.9126
vn 0.9291 -0.0094 0.3696
vn 0.3957 -0.0094 0.9184
vn 0.3956 -0.0094 0.9184
vn -0.3957 -0.0094 -0.9184
vn -0.3956 -0.0094 -0.9184
vn -0.4111 -0.0122 -0.9115
vn 0.2473 -0.7777 0.5779
vn 0.9205 0.0252 0.3899
vn 0.2584 0.7778 0.5730
vn -0.3354 -0.0252 0.9417
vn -0.2338 -0.7778 0.5834
vn 0.3752 0.0252 0.9266
vn -0.2225 0.7778 0.5879
vn -0.9031 -0.0252 0.4287
vn -0.5779 -0.7778 0.2473
vn -0.3899 0.0252 0.9205
vn -0.5730 0.7778 0.2584
vn -0.9417 -0.0252 -0.3355
vn -0.5835 -0.7778 -0.2338
vn -0.9266 0.0252 0.3752
vn -0.5879 0.7778 -0.2225
vn -0.4286 -0.0252 -0.9031
vn -0.2472 -0.7778 -0.5779
vn -0.9205 0.0252 -0.3899
vn -0.2584 0.7778 -0.5730
vn 0.3355 -0.0252 -0.9417
vn 0.2338 -0.7778 -0.5834
vn -0.3753 0.0252 -0.9266
vn 0.2224 0.7778 -0.5878
vn 0.9031 -0.0252 -0.4287
vn 0.5779 -0.7778 -0.2473
vn 0.3899 0.0252 -0.9205
vn 0.5730 0.7778 -0.2584
vn 0.9417 -0.0252 0.3355
vn 0.5835 -0.7777 0.2338
vn 0.9266 0.0252 -0.3752
vn 0.5879 0.7778 0.2225
vn 0.4287 -0.0252 0.9031
vn -0.3629 -0.0001 0.9318
vn -1.0000 0.0019 -0.0000
vn -1.0000 0.0009 0.0035
vn -0.3562 -0.0000 0.9344
vn 0.3948 0.1923 0.8984
vn -0.7485 0.5759 0.3288
vn 0.7385 0.5911 -0.3244
vn 0.2928 0.5910 -0.7517
vn 0.0170 0.6029 0.7976
vn -0.3244 0.5911 -0.7384
vn -0.5676 0.6180 -0.5440
vn -0.7859 0.6181 0.0167
vn 0.7485 0.5758 -0.3289
vn 0.5520 0.6030 -0.5760
vn -0.5439 0.6180 0.5676
vn -0.2927 0.5912 0.7515
vn -0.3289 0.5758 -0.7486
vn 0.3245 0.5911 0.7385
vn -0.5760 0.6030 -0.5520
vn 0.7516 0.5910 0.2928
vn -0.5406 -0.8358 -0.0962
vn 0.5406 -0.8358 -0.0962
vn -0.9318 -0.0000 -0.3629
vn 0.5344 0.8372 0.1161
vn -0.5344 0.8372 0.1161
vn 0.0909 0.1360 -0.9865
vn 0.0882 0.1341 0.9870
vn -0.0909 0.1360 -0.9865
vn -0.0882 0.1341 0.9870
vn -0.5497 0.8351 0.0205
vn -0.5497 0.8351 -0.0205
vn -0.9058 -0.4208 -0.0484
vn 0.2058 -0.9786 -0.0000
vn 0.5497 0.8351 0.0205
vn 0.5497 0.8351 -0.0205
vn 0.9119 -0.4103 -0.0000
vn -0.9119 -0.4104 -0.0000
vn -0.0000 0.0019 1.0000
vn 0.0035 0.0009 1.0000
vn 0.6462 0.2677 -0.7146
vn 0.6541 -0.2272 -0.7214
vn -0.6136 -0.3108 -0.7259
vn 0.0027 1.0000 -0.0005
vn 0.0022 1.0000 -0.0000
vn 1.0000 0.0062 0.0027
vn 1.0000 0.0013 0.0036
vn 0.6446 0.2674 0.7162
vn 0.7057 -0.2794 0.6511
vn -0.6136 -0.3108 0.7259
vn -0.7342 -0.0000 0.6789
vn -0.0027 0.0062 1.0000
vn -0.0036 0.0013 1.0000
vn -0.6446 0.2674 -0.7162
vn -0.7057 -0.2794 -0.6510
vn 0.6136 -0.3108 -0.7259
vn 0.0035 0.0009 -1.0000
vn -0.0000 0.0019 -1.0000
vn -0.6462 0.2677 0.7146
vn -0.6541 -0.2272 0.7215
vn 0.6136 -0.3108 0.7259
vn -0.0962 -0.8358 0.5406
vn -0.0962 -0.8358 -0.5406
vn 0.1161 0.8372 -0.5344
vn 0.1161 0.8372 0.5344
vn -0.9865 0.1360 -0.0909
vn 0.9870 0.1341 -0.0882
vn -0.9865 0.1360 0.0909
vn 0.9870 0.1341 0.0882
vn 0.0205 0.8351 0.5497
vn -0.0205 0.8351 0.5497
vn -0.0484 -0.4208 0.9058
vn -0.0000 -0.9786 -0.2058
vn 0.0205 0.8351 -0.5497
vn -0.0205 0.8351 -0.5497
vn -0.0000 -0.4103 -0.9119
vn -1.0000 0.0009 -0.0035
vn -0.7146 0.2677 -0.6462
vn -0.7215 -0.2272 -0.6541
vn -0.7259 -0.3108 0.6136
vn -0.0004 1.0000 -0.0027
vn -0.0000 1.0000 -0.0022
vn 0.9126 0.0094 -0.4088
vn 0.7162 0.2674 -0.6446
vn 0.6511 -0.2794 -0.7057
vn 0.7259 -0.3108 0.6136
vn 0.6789 -0.0000 0.7342
vn 1.0000 0.0019 -0.0000
vn 1.0000 0.0009 -0.0035
vn -0.7162 0.2674 0.6446
vn -0.6510 -0.2794 0.7057
vn -0.7259 -0.3108 -0.6136
vn -0.0035 0.0009 -1.0000
vn 0.7146 0.2677 0.6462
vn 0.7215 -0.2272 0.6541
vn 0.7259 -0.3108 -0.6136
vt 0.375000 0.875000
vt 0.625000 0.625000
vt 0.125000 0.375000
vt 0.125000 0.625000
vt 0.125000 0.875000
vt 0.625000 0.875000
vt 0.125000 0.125000
s 0
usemtl ruins_kr_optics
f 660/1/1 659/1/1 662/1/1
f 732/2/2 731/2/2 1072/2/2
f 1034/1/3 1036/1/3 1033/1/3
f 124/3/4 123/3/4 107/3/4
f 897/4/5 914/4/5 901/4/5
f 12/1/4 11/1/4 4/1/4
f 994/1/3 993/1/3 996/1/3
f 9/1/4 16/1/4 8/1/4
f 1014/1/2 1016/1/2 1013/1/2
f 670/2/6 668/2/6 360/2/6
f 34/3/7 264/3/7 267/3/7
f 34/3/8 52/3/8 53/3/8
f 35/3/9 52/3/9 34/3/9
f 35/3/10 50/3/10 51/3/10
f 36/3/11 50/3/11 35/3/11
f 36/3/12 48/3/12 49/3/12
f 37/3/13 245/3/13 248/3/13
f 37/3/14 46/3/14 47/3/14
f 38/3/15 46/3/15 37/3/15
f 38/3/16 44/3/16 45/3/16
f 39/3/17 44/3/17 38/3/17
f 39/3/18 42/3/18 43/3/18
f 40/3/19 42/3/19 39/3/19
f 40/3/20 56/3/20 41/3/20
f 33/3/21 56/3/21 40/3/21
f 33/3/22 54/3/22 55/3/22
f 154/5/4 155/5/4 159/5/4
f 41/3/23 29/3/23 42/3/23
f 42/3/24 28/3/24 43/3/24
f 44/3/25 26/3/25 45/3/25
f 45/3/26 25/3/26 46/3/26
f 46/3/27 24/3/27 47/3/27
f 48/3/28 22/3/28 49/3/28
f 49/3/29 21/3/29 50/3/29
f 50/3/30 20/3/30 51/3/30
f 52/3/31 18/3/31 53/3/31
f 265/3/32 266/3/32 18/3/32
f 17/3/33 262/3/33 263/3/33
f 55/3/34 263/3/34 261/3/34
f 56/3/35 30/3/35 41/3/35
f 72/3/36 58/3/36 71/3/36
f 71/3/37 59/3/37 70/3/37
f 956/4/38 954/4/38 967/4/38
f 69/3/39 61/3/39 68/3/39
f 67/3/40 282/3/40 283/3/40
f 283/3/41 284/3/41 67/3/41
f 66/3/42 64/3/42 65/3/42
f 65/3/43 57/3/43 72/3/43
f 73/3/44 66/3/44 65/3/44
f 77/3/45 68/3/45 76/3/45
f 79/3/46 70/3/46 78/3/46
f 80/3/47 71/3/47 79/3/47
f 80/3/48 65/3/48 72/3/48
f 210/4/49 211/4/49 212/4/49
f 214/4/50 215/4/50 216/4/50
f 218/4/51 219/4/51 220/4/51
f 222/4/52 223/4/52 224/4/52
f 226/4/53 227/4/53 228/4/53
f 230/4/54 231/4/54 232/4/54
f 234/4/55 235/4/55 236/4/55
f 238/4/56 239/4/56 240/4/56
f 25/3/4 89/3/4 88/3/4
f 51/3/57 269/3/57 271/3/57
f 616/6/1 606/6/1 615/6/1
f 95/3/4 94/3/4 31/3/4
f 305/7/4 308/7/4 306/7/4
f 114/3/58 129/3/58 113/3/58
f 115/3/59 130/3/59 114/3/59
f 275/3/60 131/3/60 272/3/60
f 117/3/61 132/3/61 116/3/61
f 117/3/62 134/3/62 133/3/62
f 118/3/63 135/3/63 134/3/63
f 119/3/64 136/3/64 135/3/64
f 121/3/65 136/3/65 120/3/65
f 122/3/66 137/3/66 121/3/66
f 122/3/67 139/3/67 138/3/67
f 123/3/68 140/3/68 139/3/68
f 125/3/69 140/3/69 124/3/69
f 127/3/70 142/3/70 126/3/70
f 128/3/71 143/3/71 127/3/71
f 128/3/72 129/3/72 144/3/72
f 176/4/4 174/4/4 173/4/4
f 145/4/73 162/4/73 161/4/73
f 153/4/74 163/4/74 154/4/74
f 146/4/75 165/4/75 162/4/75
f 155/4/76 163/4/76 166/4/76
f 148/4/77 165/4/77 147/4/77
f 149/4/78 167/4/78 148/4/78
f 156/4/79 170/4/79 157/4/79
f 150/4/80 171/4/80 276/4/80
f 157/4/81 172/4/81 158/4/81
f 151/4/82 173/4/82 278/4/82
f 158/4/83 174/4/83 159/4/83
f 152/4/84 173/4/84 151/4/84
f 160/4/85 174/4/85 176/4/85
f 145/4/86 175/4/86 152/4/86
f 153/4/87 176/4/87 164/4/87
f 76/4/88 184/4/88 183/4/88
f 34/4/89 189/4/89 190/4/89
f 39/4/90 193/4/90 194/4/90
f 38/4/91 181/4/91 182/4/91
f 37/4/92 197/4/92 198/4/92
f 35/4/93 201/4/93 202/4/93
f 75/4/94 196/4/94 195/4/94
f 77/4/95 200/4/95 199/4/95
f 74/4/96 180/4/96 179/4/96
f 79/4/97 204/4/97 203/4/97
f 73/4/98 208/4/98 207/4/98
f 78/4/99 188/4/99 187/4/99
f 33/4/100 205/4/100 206/4/100
f 40/4/101 177/4/101 178/4/101
f 36/4/102 185/4/102 186/4/102
f 178/4/103 209/4/103 210/4/103
f 179/4/104 209/4/104 177/4/104
f 179/4/105 212/4/105 211/4/105
f 178/4/106 212/4/106 180/4/106
f 194/4/107 213/4/107 214/4/107
f 195/4/108 213/4/108 193/4/108
f 195/4/109 216/4/109 215/4/109
f 194/4/110 216/4/110 196/4/110
f 182/4/111 217/4/111 218/4/111
f 183/4/112 217/4/112 181/4/112
f 183/4/113 220/4/113 219/4/113
f 182/4/114 220/4/114 184/4/114
f 198/4/115 221/4/115 222/4/115
f 199/4/116 221/4/116 197/4/116
f 199/4/117 224/4/117 223/4/117
f 198/4/118 224/4/118 200/4/118
f 186/4/119 225/4/119 226/4/119
f 187/4/120 225/4/120 185/4/120
f 187/4/121 228/4/121 227/4/121
f 186/4/122 228/4/122 188/4/122
f 202/4/123 229/4/123 230/4/123
f 203/4/124 229/4/124 201/4/124
f 203/4/125 232/4/125 231/4/125
f 202/4/126 232/4/126 204/4/126
f 190/4/127 233/4/127 234/4/127
f 191/4/128 233/4/128 189/4/128
f 191/4/129 236/4/129 235/4/129
f 190/4/130 236/4/130 192/4/130
f 206/4/131 237/4/131 238/4/131
f 207/4/132 237/4/132 205/4/132
f 207/4/133 240/4/133 239/4/133
f 206/4/134 240/4/134 208/4/134
f 241/3/135 244/3/135 243/3/135
f 246/3/136 248/3/136 247/3/136
f 247/3/137 248/3/137 245/3/137
f 243/3/138 244/3/138 242/3/138
f 249/3/139 252/3/139 251/3/139
f 251/3/140 252/3/140 250/3/140
f 256/3/141 255/3/141 253/3/141
f 254/3/142 255/3/142 256/3/142
f 260/3/143 259/3/143 257/3/143
f 258/3/144 259/3/144 260/3/144
f 263/3/145 262/3/145 32/3/145
f 261/3/146 263/3/146 32/3/146
f 265/3/147 267/3/147 266/3/147
f 266/3/148 267/3/148 264/3/148
f 268/3/149 271/3/149 270/3/149
f 270/3/150 271/3/150 269/3/150
f 273/3/151 275/3/151 274/3/151
f 274/3/152 275/3/152 272/3/152
f 277/4/153 276/4/153 171/4/153
f 171/4/154 278/4/154 277/4/154
f 279/4/155 281/4/155 280/4/155
f 280/4/156 281/4/156 166/4/156
f 620/1/1 622/1/1 619/1/1
f 43/3/157 250/3/157 252/3/157
f 259/3/158 255/3/158 142/3/158
f 115/3/4 114/3/4 99/3/4
f 985/6/3 979/6/3 992/6/3
f 76/3/159 68/3/159 282/3/159
f 282/3/160 61/3/160 62/3/160
f 284/3/161 62/3/161 63/3/161
f 75/3/162 67/3/162 284/3/162
f 288/3/163 287/3/163 286/3/163
f 285/3/164 287/3/164 288/3/164
f 281/4/165 279/4/165 156/4/165
f 386/6/166 685/6/166 686/6/166
f 82/3/167 289/3/167 81/3/167
f 98/3/168 292/3/168 291/3/168
f 82/3/169 293/3/169 290/3/169
f 98/3/170 294/3/170 99/3/170
f 83/3/171 295/3/171 293/3/171
f 99/3/172 296/3/172 100/3/172
f 85/3/173 295/3/173 84/3/173
f 100/3/174 298/3/174 101/3/174
f 86/3/175 297/3/175 85/3/175
f 102/3/176 298/3/176 300/3/176
f 87/3/177 299/3/177 86/3/177
f 103/3/178 300/3/178 302/3/178
f 88/3/179 301/3/179 87/3/179
f 103/3/180 304/3/180 104/3/180
f 88/3/181 305/3/181 303/3/181
f 104/3/182 306/3/182 105/3/182
f 89/3/183 307/3/183 305/3/183
f 105/3/184 308/3/184 106/3/184
f 91/3/185 307/3/185 90/3/185
f 107/3/186 308/3/186 310/3/186
f 91/3/187 311/3/187 309/3/187
f 108/3/188 310/3/188 312/3/188
f 93/3/189 311/3/189 92/3/189
f 108/3/190 314/3/190 109/3/190
f 93/3/191 315/3/191 313/3/191
f 110/3/192 314/3/192 316/3/192
f 94/3/193 317/3/193 315/3/193
f 111/3/194 316/3/194 318/3/194
f 96/3/195 317/3/195 95/3/195
f 112/3/196 318/3/196 320/3/196
f 81/3/197 319/3/197 96/3/197
f 97/3/198 320/3/198 292/3/198
f 354/2/199 679/2/199 680/2/199
f 359/2/200 358/2/200 357/2/200
f 365/2/201 364/2/201 363/2/201
f 367/2/202 366/2/202 365/2/202
f 369/2/203 368/2/203 367/2/203
f 371/2/204 370/2/204 369/2/204
f 376/2/205 373/2/205 375/2/205
f 377/2/206 376/2/206 375/2/206
f 379/2/207 378/2/207 377/2/207
f 351/2/208 380/2/208 379/2/208
f 673/2/209 674/2/209 355/2/209
f 242/3/210 244/3/210 47/3/210
f 674/2/211 672/2/211 355/2/211
f 666/2/1 341/2/1 665/2/1
f 467/7/203 470/7/203 468/7/203
f 468/7/212 472/7/212 471/7/212
f 471/7/213 474/7/213 473/7/213
f 473/7/214 476/7/214 475/7/214
f 475/7/215 478/7/215 477/7/215
f 479/7/206 478/7/206 480/7/206
f 479/7/207 482/7/207 481/7/207
f 481/7/208 484/7/208 483/7/208
f 485/7/199 484/7/199 486/7/199
f 581/6/216 432/6/216 431/6/216
f 578/7/6 488/7/6 487/7/6
f 487/7/217 490/7/217 489/7/217
f 489/7/201 492/7/201 491/7/201
f 491/7/202 469/7/202 467/7/202
f 321/2/203 382/2/203 322/2/203
f 337/2/203 383/2/203 336/2/203
f 322/2/212 385/2/212 323/2/212
f 338/2/212 384/2/212 337/2/212
f 323/2/213 387/2/213 324/2/213
f 339/2/213 386/2/213 338/2/213
f 324/2/214 389/2/214 325/2/214
f 340/2/214 388/2/214 339/2/214
f 326/2/215 389/2/215 391/2/215
f 341/2/215 390/2/215 340/2/215
f 326/2/206 393/2/206 327/2/206
f 342/2/206 392/2/206 341/2/206
f 327/2/207 395/2/207 328/2/207
f 343/2/207 394/2/207 342/2/207
f 329/2/208 395/2/208 397/2/208
f 344/2/208 396/2/208 343/2/208
f 329/2/199 399/2/199 330/2/199
f 345/2/199 398/2/199 344/2/199
f 401/2/218 330/2/218 399/2/218
f 402/2/219 345/2/219 346/2/219
f 333/2/220 403/2/220 405/2/220
f 348/2/221 404/2/221 347/2/221
f 333/2/217 407/2/217 334/2/217
f 349/2/217 406/2/217 348/2/217
f 334/2/201 409/2/201 335/2/201
f 350/2/201 408/2/201 349/2/201
f 335/2/202 381/2/202 321/2/202
f 336/2/202 410/2/202 350/2/202
f 381/6/222 412/6/222 382/6/222
f 383/6/223 414/6/223 413/6/223
f 382/6/224 415/6/224 385/6/224
f 387/6/225 415/6/225 417/6/225
f 388/6/226 416/6/226 386/6/226
f 387/6/227 419/6/227 389/6/227
f 388/6/228 420/6/228 418/6/228
f 391/6/229 419/6/229 421/6/229
f 392/6/230 420/6/230 390/6/230
f 393/6/231 421/6/231 423/6/231
f 394/6/232 422/6/232 392/6/232
f 393/6/233 425/6/233 395/6/233
f 396/6/234 424/6/234 394/6/234
f 395/6/235 427/6/235 397/6/235
f 398/6/236 428/6/236 692/6/236
f 397/6/237 429/6/237 399/6/237
f 400/6/238 430/6/238 694/6/238
f 401/6/239 429/6/239 431/6/239
f 402/6/240 430/6/240 400/6/240
f 435/6/241 403/6/241 433/6/241
f 436/6/242 404/6/242 406/6/242
f 405/6/243 437/6/243 407/6/243
f 406/6/244 438/6/244 436/6/244
f 407/6/245 439/6/245 409/6/245
f 408/6/246 440/6/246 438/6/246
f 381/6/247 439/6/247 411/6/247
f 410/6/248 413/6/248 440/6/248
f 411/6/203 442/6/203 412/6/203
f 414/6/203 443/6/203 413/6/203
f 412/6/212 445/6/212 415/6/212
f 415/6/213 447/6/213 417/6/213
f 418/6/213 446/6/213 416/6/213
f 417/6/214 449/6/214 419/6/214
f 420/6/214 448/6/214 418/6/214
f 419/6/215 451/6/215 421/6/215
f 422/6/215 450/6/215 420/6/215
f 421/6/206 453/6/206 423/6/206
f 424/6/206 452/6/206 422/6/206
f 423/6/207 455/6/207 425/6/207
f 426/6/207 454/6/207 424/6/207
f 427/6/208 455/6/208 457/6/208
f 692/6/208 458/6/208 456/6/208
f 429/6/199 457/6/199 459/6/199
f 694/6/199 460/6/199 458/6/199
f 435/6/6 577/6/6 461/6/6
f 580/6/6 436/6/6 462/6/6
f 435/6/217 463/6/217 437/6/217
f 438/6/217 462/6/217 436/6/217
f 437/6/201 465/6/201 439/6/201
f 440/6/201 464/6/201 438/6/201
f 439/6/202 441/6/202 411/6/202
f 413/6/202 466/6/202 440/6/202
f 441/6/249 468/6/249 442/6/249
f 443/6/250 470/6/250 469/6/250
f 445/6/251 468/6/251 471/6/251
f 446/6/252 470/6/252 444/6/252
f 445/6/253 473/6/253 447/6/253
f 446/6/254 474/6/254 472/6/254
f 449/6/255 473/6/255 475/6/255
f 450/6/256 474/6/256 448/6/256
f 449/6/257 477/6/257 451/6/257
f 450/6/258 478/6/258 476/6/258
f 453/6/259 477/6/259 479/6/259
f 454/6/260 478/6/260 452/6/260
f 455/6/261 479/6/261 481/6/261
f 456/6/262 480/6/262 454/6/262
f 455/6/263 483/6/263 457/6/263
f 456/6/264 484/6/264 482/6/264
f 457/6/265 485/6/265 459/6/265
f 458/6/266 486/6/266 484/6/266
f 461/6/267 578/6/267 487/6/267
f 579/6/268 462/6/268 488/6/268
f 463/6/269 487/6/269 489/6/269
f 464/6/270 488/6/270 462/6/270
f 463/6/271 491/6/271 465/6/271
f 464/6/272 492/6/272 490/6/272
f 441/6/273 491/6/273 467/6/273
f 443/6/274 492/6/274 466/6/274
f 496/4/275 503/4/275 502/4/275
f 500/4/276 501/4/276 504/4/276
f 515/4/38 517/4/38 520/4/38
f 508/4/4 506/4/4 505/4/4
f 688/4/1 502/4/1 503/4/1
f 499/4/5 501/4/5 497/4/5
f 505/4/277 510/4/277 509/4/277
f 512/4/278 507/4/278 508/4/278
f 508/4/3 505/4/3 515/4/3
f 506/4/2 507/4/2 517/4/2
f 497/4/4 510/4/4 499/4/4
f 495/4/4 493/4/4 511/4/4
f 518/4/38 498/4/38 500/4/38
f 516/4/38 494/4/38 496/4/38
f 517/4/279 513/4/279 518/4/279
f 516/4/280 520/4/280 519/4/280
f 530/4/281 522/4/281 531/4/281
f 528/4/282 529/4/282 532/4/282
f 543/4/3 545/4/3 548/4/3
f 536/4/2 534/4/2 533/4/2
f 536/4/4 533/4/4 543/4/4
f 523/4/1 531/4/1 521/4/1
f 527/4/5 529/4/5 525/4/5
f 533/4/283 538/4/283 537/4/283
f 540/4/284 535/4/284 536/4/284
f 527/4/2 537/4/2 538/4/2
f 570/4/4 557/4/4 561/4/4
f 523/4/2 539/4/2 540/4/2
f 78/3/285 70/3/285 286/3/285
f 522/4/38 547/4/38 548/4/38
f 546/4/3 526/4/3 528/4/3
f 544/4/3 522/4/3 524/4/3
f 545/4/286 541/4/286 546/4/286
f 543/4/287 547/4/287 544/4/287
f 558/4/288 550/4/288 552/4/288
f 557/4/289 556/4/289 560/4/289
f 573/4/2 571/4/2 576/4/2
f 562/4/3 564/4/3 561/4/3
f 559/4/1 558/4/1 690/4/1
f 557/4/5 555/4/5 553/4/5
f 566/4/290 561/4/290 565/4/290
f 563/4/291 568/4/291 564/4/291
f 555/4/3 565/4/3 553/4/3
f 549/4/3 551/4/3 691/4/3
f 551/4/292 690/4/292 691/4/292
f 640/1/5 642/1/5 639/1/5
f 554/4/2 574/4/2 556/4/2
f 550/4/2 572/4/2 552/4/2
f 569/4/293 573/4/293 574/4/293
f 575/4/294 571/4/294 572/4/294
f 373/2/295 347/2/295 332/2/295
f 371/2/296 346/2/296 372/2/296
f 577/6/297 434/6/297 580/6/297
f 581/6/298 429/6/298 459/6/298
f 582/6/299 459/6/299 485/6/299
f 582/7/298 486/7/298 583/7/298
f 460/6/300 583/6/300 486/6/300
f 430/6/298 584/6/298 460/6/298
f 583/6/301 581/6/301 582/6/301
f 402/6/302 431/6/302 432/6/302
f 578/6/303 580/6/303 579/6/303
f 404/6/304 433/6/304 403/6/304
f 404/2/305 332/2/305 347/2/305
f 402/2/306 331/2/306 401/2/306
f 655/6/1 648/6/1 647/6/1
f 594/6/307 599/6/307 600/6/307
f 593/6/308 601/6/308 599/6/308
f 596/6/309 601/6/309 595/6/309
f 596/6/310 603/6/310 602/6/310
f 594/6/311 604/6/311 598/6/311
f 586/6/5 597/6/5 596/6/5
f 597/6/312 604/6/312 603/6/312
f 676/6/313 606/6/313 586/6/313
f 675/6/314 607/6/314 587/6/314
f 605/6/315 588/6/315 585/6/315
f 608/6/316 590/6/316 588/6/316
f 611/6/3 585/6/3 591/6/3
f 1007/6/2 999/6/2 1008/6/2
f 614/6/317 619/6/317 613/6/317
f 613/6/318 621/6/318 615/6/318
f 621/6/319 616/6/319 615/6/319
f 616/6/320 623/6/320 617/6/320
f 624/6/321 614/6/321 618/6/321
f 624/6/322 617/6/322 623/6/322
f 590/6/323 609/6/323 589/6/323
f 592/6/2 606/6/2 612/6/2
f 707/2/38 710/2/38 708/2/38
f 613/6/1 605/6/1 614/6/1
f 600/1/5 599/1/5 602/1/5
f 634/6/324 639/6/324 633/6/324
f 633/6/325 641/6/325 635/6/325
f 641/6/326 636/6/326 635/6/326
f 636/6/327 643/6/327 637/6/327
f 644/6/328 634/6/328 638/6/328
f 644/6/312 637/6/312 643/6/312
f 638/6/5 632/6/5 637/6/5
f 629/6/329 647/6/329 649/6/329
f 628/6/330 645/6/330 625/6/330
f 630/6/331 648/6/331 628/6/331
f 625/6/2 651/6/2 631/6/2
f 628/6/5 625/6/5 633/6/5
f 683/6/332 681/6/332 646/6/332
f 654/6/333 659/6/333 660/6/333
f 653/6/334 661/6/334 659/6/334
f 656/6/335 661/6/335 655/6/335
f 656/6/336 663/6/336 662/6/336
f 654/6/337 664/6/337 658/6/337
f 646/6/338 682/6/338 683/6/338
f 657/6/322 664/6/322 663/6/322
f 658/6/1 652/6/1 651/6/1
f 649/6/339 630/6/339 629/6/339
f 711/2/38 714/2/38 712/2/38
f 666/2/340 665/2/340 362/2/340
f 667/2/341 666/2/341 362/2/341
f 669/2/342 671/2/342 670/2/342
f 670/2/343 671/2/343 668/2/343
f 358/2/344 355/2/344 357/2/344
f 678/2/298 679/2/298 673/2/298
f 677/6/345 676/6/345 607/6/345
f 607/6/346 675/6/346 677/6/346
f 679/2/347 678/2/347 353/2/347
f 680/2/348 679/2/348 353/2/348
f 626/6/349 646/6/349 681/6/349
f 682/6/3 646/6/3 626/6/3
f 687/6/212 444/6/212 684/6/212
f 686/6/350 687/6/350 684/6/350
f 58/4/38 64/4/38 62/4/38
f 685/6/351 687/6/351 686/6/351
f 688/4/352 689/4/352 495/4/352
f 693/6/353 692/6/353 428/6/353
f 428/6/354 694/6/354 693/6/354
f 696/2/355 697/2/355 698/2/355
f 697/2/217 696/2/217 363/2/217
f 698/2/356 697/2/356 695/2/356
f 592/2/357 700/2/357 591/2/357
f 592/2/358 701/2/358 699/2/358
f 612/2/359 702/2/359 701/2/359
f 591/2/360 702/2/360 611/2/360
f 651/2/358 704/2/358 631/2/358
f 652/2/359 703/2/359 651/2/359
f 632/2/360 705/2/360 652/2/360
f 632/2/357 704/2/357 706/2/357
f 699/2/5 708/2/5 700/2/5
f 701/2/2 707/2/2 699/2/2
f 702/2/1 709/2/1 701/2/1
f 700/2/3 710/2/3 702/2/3
f 703/2/2 712/2/2 704/2/2
f 705/2/1 711/2/1 703/2/1
f 705/2/3 714/2/3 713/2/3
f 704/2/5 714/2/5 706/2/5
f 748/2/361 1073/2/361 1074/2/361
f 753/2/362 752/2/362 751/2/362
f 759/2/363 758/2/363 757/2/363
f 761/2/364 760/2/364 759/2/364
f 763/2/365 762/2/365 761/2/365
f 765/2/366 764/2/366 763/2/366
f 770/2/367 767/2/367 769/2/367
f 771/2/368 770/2/368 769/2/368
f 773/2/369 772/2/369 771/2/369
f 745/2/370 774/2/370 773/2/370
f 1067/2/371 1068/2/371 749/2/371
f 1068/2/372 1066/2/372 749/2/372
f 292/7/4 320/7/4 319/7/4
f 322/2/5 323/2/5 673/2/5
f 862/7/365 863/7/365 864/7/365
f 862/7/373 866/7/373 865/7/373
f 865/7/374 868/7/374 867/7/374
f 869/7/375 868/7/375 870/7/375
f 869/7/376 872/7/376 871/7/376
f 873/7/368 872/7/368 874/7/368
f 873/7/369 876/7/369 875/7/369
f 877/7/370 876/7/370 878/7/370
f 877/7/361 880/7/361 879/7/361
f 975/6/377 826/6/377 825/6/377
f 972/7/378 882/7/378 881/7/378
f 881/7/379 884/7/379 883/7/379
f 883/7/363 886/7/363 885/7/363
f 885/7/364 863/7/364 861/7/364
f 715/2/365 776/2/365 716/2/365
f 731/2/365 777/2/365 730/2/365
f 716/2/373 779/2/373 717/2/373
f 731/2/373 780/2/373 778/2/373
f 717/2/374 781/2/374 718/2/374
f 733/2/374 780/2/374 732/2/374
f 718/2/375 783/2/375 719/2/375
f 734/2/375 782/2/375 733/2/375
f 719/2/376 785/2/376 720/2/376
f 734/2/376 786/2/376 784/2/376
f 720/2/368 787/2/368 721/2/368
f 736/2/368 786/2/368 735/2/368
f 721/2/369 789/2/369 722/2/369
f 737/2/369 788/2/369 736/2/369
f 722/2/370 791/2/370 723/2/370
f 738/2/370 790/2/370 737/2/370
f 723/2/361 793/2/361 724/2/361
f 739/2/361 792/2/361 738/2/361
f 795/2/380 724/2/380 793/2/380
f 796/2/381 739/2/381 740/2/381
f 727/2/382 797/2/382 799/2/382
f 742/2/383 798/2/383 741/2/383
f 727/2/379 801/2/379 728/2/379
f 743/2/379 800/2/379 742/2/379
f 729/2/363 801/2/363 803/2/363
f 744/2/363 802/2/363 743/2/363
f 729/2/364 775/2/364 715/2/364
f 730/2/364 804/2/364 744/2/364
f 776/6/384 805/6/384 806/6/384
f 778/6/385 807/6/385 777/6/385
f 776/6/386 809/6/386 779/6/386
f 781/6/387 809/6/387 811/6/387
f 782/6/388 810/6/388 780/6/388
f 781/6/389 813/6/389 783/6/389
f 782/6/390 814/6/390 812/6/390
f 783/6/391 815/6/391 785/6/391
f 784/6/392 816/6/392 814/6/392
f 787/6/393 815/6/393 817/6/393
f 788/6/394 816/6/394 786/6/394
f 789/6/395 817/6/395 819/6/395
f 790/6/396 818/6/396 788/6/396
f 789/6/397 821/6/397 791/6/397
f 792/6/398 822/6/398 1086/6/398
f 791/6/399 823/6/399 793/6/399
f 794/6/400 824/6/400 1088/6/400
f 795/6/401 823/6/401 825/6/401
f 796/6/402 824/6/402 794/6/402
f 829/6/403 797/6/403 827/6/403
f 830/6/404 798/6/404 800/6/404
f 801/6/405 829/6/405 831/6/405
f 802/6/406 830/6/406 800/6/406
f 803/6/407 831/6/407 833/6/407
f 804/6/408 832/6/408 802/6/408
f 775/6/409 833/6/409 805/6/409
f 804/6/410 807/6/410 834/6/410
f 805/6/365 836/6/365 806/6/365
f 808/6/365 837/6/365 807/6/365
f 806/6/373 839/6/373 809/6/373
f 809/6/374 841/6/374 811/6/374
f 812/6/374 840/6/374 810/6/374
f 811/6/375 843/6/375 813/6/375
f 814/6/375 842/6/375 812/6/375
f 813/6/376 845/6/376 815/6/376
f 816/6/376 844/6/376 814/6/376
f 815/6/368 847/6/368 817/6/368
f 818/6/368 846/6/368 816/6/368
f 817/6/369 849/6/369 819/6/369
f 820/6/369 848/6/369 818/6/369
f 821/6/370 849/6/370 851/6/370
f 1086/6/370 852/6/370 850/6/370
f 823/6/361 851/6/361 853/6/361
f 1088/6/361 854/6/361 852/6/361
f 829/6/378 971/6/378 855/6/378
f 974/6/378 830/6/378 856/6/378
f 829/6/379 857/6/379 831/6/379
f 832/6/379 856/6/379 830/6/379
f 831/6/363 859/6/363 833/6/363
f 834/6/363 858/6/363 832/6/363
f 833/6/364 835/6/364 805/6/364
f 807/6/364 860/6/364 834/6/364
f 835/6/411 862/6/411 836/6/411
f 837/6/412 864/6/412 863/6/412
f 839/6/413 862/6/413 865/6/413
f 840/6/414 864/6/414 838/6/414
f 839/6/415 867/6/415 841/6/415
f 842/6/416 866/6/416 840/6/416
f 841/6/417 869/6/417 843/6/417
f 844/6/418 868/6/418 842/6/418
f 843/6/419 871/6/419 845/6/419
f 844/6/420 872/6/420 870/6/420
f 845/6/421 873/6/421 847/6/421
f 846/6/422 874/6/422 872/6/422
f 847/6/423 875/6/423 849/6/423
f 848/6/424 876/6/424 874/6/424
f 849/6/425 877/6/425 851/6/425
f 850/6/426 878/6/426 876/6/426
f 851/6/427 879/6/427 853/6/427
f 852/6/428 880/6/428 878/6/428
f 855/6/429 972/6/429 881/6/429
f 973/6/430 856/6/430 882/6/430
f 855/6/431 883/6/431 857/6/431
f 858/6/432 882/6/432 856/6/432
f 857/6/433 885/6/433 859/6/433
f 858/6/434 886/6/434 884/6/434
f 835/6/435 885/6/435 861/6/435
f 837/6/436 886/6/436 860/6/436
f 890/4/437 897/4/437 896/4/437
f 894/4/438 895/4/438 898/4/438
f 909/4/38 911/4/38 914/4/38
f 902/4/4 900/4/4 899/4/4
f 1082/4/2 896/4/2 897/4/2
f 893/4/3 895/4/3 891/4/3
f 899/4/439 904/4/439 903/4/439
f 906/4/440 901/4/440 902/4/440
f 891/4/4 904/4/4 893/4/4
f 59/3/441 60/3/441 288/3/441
f 889/4/4 887/4/4 905/4/4
f 916/4/38 941/4/38 942/4/38
f 912/4/38 892/4/38 894/4/38
f 910/4/38 888/4/38 890/4/38
f 911/4/442 907/4/442 912/4/442
f 910/4/443 914/4/443 913/4/443
f 918/4/444 925/4/444 924/4/444
f 922/4/445 923/4/445 926/4/445
f 937/4/1 939/4/1 942/4/1
f 930/4/5 928/4/5 927/4/5
f 917/4/2 925/4/2 915/4/2
f 921/4/3 923/4/3 919/4/3
f 927/4/446 932/4/446 931/4/446
f 167/4/4 170/4/4 168/4/4
f 934/4/447 929/4/447 930/4/447
f 919/4/5 932/4/5 921/4/5
f 892/4/1 907/4/1 908/4/1
f 917/4/5 933/4/5 934/4/5
f 930/4/4 927/4/4 937/4/4
f 940/4/1 920/4/1 922/4/1
f 938/4/1 916/4/1 918/4/1
f 939/4/448 935/4/448 940/4/448
f 938/4/449 942/4/449 941/4/449
f 953/4/450 946/4/450 952/4/450
f 951/4/451 950/4/451 954/4/451
f 967/4/5 965/4/5 970/4/5
f 956/4/1 958/4/1 955/4/1
f 953/4/2 952/4/2 1084/4/2
f 951/4/3 949/4/3 947/4/3
f 960/4/452 955/4/452 959/4/452
f 957/4/453 962/4/453 958/4/453
f 960/4/1 947/4/1 949/4/1
f 556/4/38 574/4/38 573/4/38
f 943/4/1 945/4/1 1085/4/1
f 945/4/454 1084/4/454 1085/4/454
f 958/4/4 952/4/4 965/4/4
f 948/4/5 968/4/5 950/4/5
f 944/4/5 966/4/5 946/4/5
f 963/4/455 967/4/455 968/4/455
f 966/4/456 970/4/456 965/4/456
f 767/2/457 741/2/457 726/2/457
f 765/2/458 740/2/458 766/2/458
f 971/6/459 828/6/459 974/6/459
f 975/6/460 823/6/460 853/6/460
f 976/6/461 853/6/461 879/6/461
f 976/7/460 880/7/460 977/7/460
f 854/6/462 977/6/462 880/6/462
f 824/6/460 978/6/460 854/6/460
f 976/6/463 978/6/463 975/6/463
f 796/6/464 825/6/464 826/6/464
f 972/6/465 974/6/465 973/6/465
f 798/6/466 827/6/466 797/6/466
f 798/2/467 726/2/467 741/2/467
f 796/2/468 725/2/468 795/2/468
f 1027/6/3 1022/6/3 1019/6/3
f 838/6/373 1078/6/373 1081/6/373
f 988/6/469 993/6/469 994/6/469
f 987/6/470 995/6/470 993/6/470
f 990/6/471 995/6/471 989/6/471
f 990/6/472 997/6/472 996/6/472
f 988/6/473 998/6/473 992/6/473
f 980/6/3 991/6/3 990/6/3
f 991/6/474 998/6/474 997/6/474
f 1070/6/475 1000/6/475 980/6/475
f 1069/6/476 1001/6/476 981/6/476
f 999/6/477 982/6/477 979/6/477
f 1002/6/478 984/6/478 982/6/478
f 985/6/1 999/6/1 979/6/1
f 80/4/479 192/4/479 191/4/479
f 1008/6/480 1013/6/480 1007/6/480
f 1007/6/481 1015/6/481 1009/6/481
f 1015/6/482 1010/6/482 1009/6/482
f 1010/6/483 1017/6/483 1011/6/483
f 1018/6/484 1008/6/484 1012/6/484
f 1000/6/2 1011/6/2 1006/6/2
f 1018/6/485 1011/6/485 1017/6/485
f 984/6/486 1003/6/486 983/6/486
f 986/6/5 1000/6/5 1006/6/5
f 1102/2/38 1103/2/38 1104/2/38
f 1050/6/2 1049/6/2 1075/6/2
f 1054/1/2 1053/1/2 1056/1/2
f 780/6/487 1079/6/487 1080/6/487
f 1028/6/488 1033/6/488 1027/6/488
f 1027/6/489 1035/6/489 1029/6/489
f 1035/6/490 1030/6/490 1029/6/490
f 1030/6/491 1037/6/491 1031/6/491
f 1038/6/492 1028/6/492 1032/6/492
f 1020/6/3 1031/6/3 1026/6/3
f 1038/6/474 1031/6/474 1037/6/474
f 1023/6/493 1041/6/493 1043/6/493
f 1022/6/494 1039/6/494 1019/6/494
f 1024/6/495 1042/6/495 1022/6/495
f 1025/6/5 1039/6/5 1045/6/5
f 594/6/5 598/6/5 585/6/5
f 1039/6/2 1047/6/2 1048/6/2
f 1077/6/496 1075/6/496 1040/6/496
f 1048/6/497 1053/6/497 1054/6/497
f 1047/6/498 1055/6/498 1053/6/498
f 1050/6/499 1055/6/499 1049/6/499
f 1050/6/500 1057/6/500 1056/6/500
f 1048/6/501 1058/6/501 1052/6/501
f 1040/6/502 1076/6/502 1077/6/502
f 1051/6/485 1058/6/485 1057/6/485
f 1043/6/503 1024/6/503 1023/6/503
f 1105/2/38 1108/2/38 1106/2/38
f 1060/2/504 1059/2/504 756/2/504
f 1061/2/505 1060/2/505 756/2/505
f 1063/2/506 1065/2/506 1064/2/506
f 1064/2/507 1065/2/507 1062/2/507
f 1064/2/378 1062/2/378 754/2/378
f 752/2/508 749/2/508 751/2/508
f 1072/2/460 1073/2/460 1067/2/460
f 1071/6/509 1070/6/509 1001/6/509
f 1001/6/510 1069/6/510 1071/6/510
f 1073/2/511 1072/2/511 747/2/511
f 1074/2/512 1073/2/512 747/2/512
f 1020/6/513 1040/6/513 1075/6/513
f 1076/6/1 1040/6/1 1020/6/1
f 1080/6/514 1081/6/514 1078/6/514
f 1079/6/515 1081/6/515 1080/6/515
f 1082/4/516 1083/4/516 889/4/516
f 1087/6/517 1086/6/517 822/6/517
f 822/6/518 1088/6/518 1087/6/518
f 1090/2/519 1091/2/519 1092/2/519
f 716/2/3 717/2/3 1067/2/3
f 1091/2/379 1090/2/379 757/2/379
f 1092/2/520 1091/2/520 1089/2/520
f 986/2/521 1094/2/521 985/2/521
f 986/2/522 1095/2/522 1093/2/522
f 1006/2/523 1096/2/523 1095/2/523
f 1005/2/524 1094/2/524 1096/2/524
f 1025/2/522 1097/2/522 1098/2/522
f 1046/2/523 1097/2/523 1045/2/523
f 1026/2/524 1099/2/524 1046/2/524
f 1026/2/521 1098/2/521 1100/2/521
f 1093/2/3 1102/2/3 1094/2/3
f 1095/2/5 1101/2/5 1093/2/5
f 1096/2/2 1103/2/2 1095/2/2
f 1094/2/1 1104/2/1 1096/2/1
f 1097/2/5 1106/2/5 1098/2/5
f 1099/2/2 1105/2/2 1097/2/2
f 1100/2/1 1107/2/1 1099/2/1
f 1098/2/3 1108/2/3 1100/2/3
f 661/1/1 662/1/1 659/1/1
f 662/1/1 663/1/1 660/1/1
f 663/1/1 664/1/1 660/1/1
f 764/2/2 766/2/2 739/2/2
f 766/2/2 740/2/2 739/2/2
f 1061/2/2 758/2/2 736/2/2
f 758/2/2 760/2/2 736/2/2
f 1063/2/2 1059/2/2 735/2/2
f 1059/2/2 1060/2/2 735/2/2
f 762/2/2 764/2/2 739/2/2
f 762/2/2 739/2/2 738/2/2
f 1065/2/2 1063/2/2 735/2/2
f 754/2/2 1062/2/2 734/2/2
f 1062/2/2 1065/2/2 734/2/2
f 1072/2/2 750/2/2 732/2/2
f 750/2/2 752/2/2 732/2/2
f 748/2/2 1074/2/2 730/2/2
f 1074/2/2 747/2/2 731/2/2
f 730/2/2 1074/2/2 731/2/2
f 752/2/2 754/2/2 734/2/2
f 1060/2/2 1061/2/2 735/2/2
f 760/2/2 762/2/2 737/2/2
f 762/2/2 738/2/2 737/2/2
f 747/2/2 1072/2/2 731/2/2
f 741/2/2 768/2/2 742/2/2
f 768/2/2 770/2/2 742/2/2
f 760/2/2 737/2/2 736/2/2
f 742/2/2 770/2/2 772/2/2
f 743/2/2 742/2/2 772/2/2
f 1061/2/2 736/2/2 735/2/2
f 735/2/2 734/2/2 1065/2/2
f 743/2/2 772/2/2 744/2/2
f 772/2/2 774/2/2 744/2/2
f 744/2/2 774/2/2 748/2/2
f 730/2/2 744/2/2 748/2/2
f 752/2/2 734/2/2 733/2/2
f 752/2/2 733/2/2 732/2/2
f 1034/1/3 1038/1/3 1037/1/3
f 1037/1/3 1036/1/3 1034/1/3
f 1036/1/3 1035/1/3 1033/1/3
f 108/3/4 109/3/4 125/3/4
f 109/3/4 110/3/4 260/3/4
f 110/3/4 111/3/4 127/3/4
f 111/3/4 112/3/4 127/3/4
f 112/3/4 128/3/4 127/3/4
f 126/3/4 254/3/4 110/3/4
f 254/3/4 256/3/4 110/3/4
f 110/3/4 127/3/4 126/3/4
f 106/3/4 107/3/4 123/3/4
f 107/3/4 108/3/4 124/3/4
f 104/3/4 105/3/4 121/3/4
f 105/3/4 106/3/4 122/3/4
f 119/3/4 103/3/4 104/3/4
f 120/3/4 119/3/4 104/3/4
f 256/3/4 253/3/4 258/3/4
f 260/3/4 257/3/4 109/3/4
f 257/3/4 125/3/4 109/3/4
f 256/3/4 258/3/4 260/3/4
f 110/3/4 256/3/4 260/3/4
f 121/3/4 120/3/4 104/3/4
f 122/3/4 121/3/4 105/3/4
f 123/3/4 122/3/4 106/3/4
f 108/3/4 125/3/4 124/3/4
f 912/4/5 894/4/5 911/4/5
f 894/4/5 898/4/5 911/4/5
f 898/4/5 893/4/5 900/4/5
f 893/4/5 904/4/5 900/4/5
f 888/4/5 913/4/5 914/4/5
f 914/4/5 911/4/5 900/4/5
f 911/4/5 898/4/5 900/4/5
f 900/4/5 901/4/5 914/4/5
f 901/4/5 905/4/5 887/4/5
f 887/4/5 897/4/5 901/4/5
f 897/4/5 888/4/5 914/4/5
f 11/1/4 3/1/4 4/1/4
f 4/1/4 5/1/4 12/1/4
f 5/1/4 6/1/4 13/1/4
f 12/1/4 5/1/4 13/1/4
f 6/1/4 14/1/4 13/1/4
f 995/1/3 996/1/3 993/1/3
f 996/1/3 997/1/3 994/1/3
f 997/1/3 998/1/3 994/1/3
f 15/1/4 14/1/4 6/1/4
f 6/1/4 7/1/4 15/1/4
f 7/1/4 8/1/4 15/1/4
f 8/1/4 1/1/4 9/1/4
f 1/1/4 2/1/4 10/1/4
f 2/1/4 3/1/4 11/1/4
f 2/1/4 11/1/4 10/1/4
f 16/1/4 15/1/4 8/1/4
f 1/1/4 10/1/4 9/1/4
f 1014/1/2 1018/1/2 1017/1/2
f 1017/1/2 1016/1/2 1014/1/2
f 1016/1/2 1015/1/2 1013/1/2
f 360/2/6 359/2/6 670/2/6
f 359/2/6 361/2/6 670/2/6
f 361/2/6 362/2/6 670/2/6
f 362/2/6 665/2/6 669/2/6
f 670/2/6 362/2/6 669/2/6
f 54/3/525 33/3/525 265/3/525
f 33/3/526 34/3/526 265/3/526
f 34/3/7 53/3/7 264/3/7
f 267/3/7 265/3/7 34/3/7
f 35/3/527 51/3/527 52/3/527
f 36/3/528 49/3/528 50/3/528
f 48/3/529 36/3/529 246/3/529
f 36/3/530 37/3/530 248/3/530
f 37/3/13 47/3/13 245/3/13
f 248/3/531 246/3/531 36/3/531
f 38/3/532 45/3/532 46/3/532
f 39/3/533 43/3/533 44/3/533
f 40/3/534 41/3/534 42/3/534
f 33/3/535 55/3/535 56/3/535
f 155/5/4 156/5/4 159/5/4
f 156/5/4 157/5/4 159/5/4
f 157/5/4 158/5/4 159/5/4
f 159/5/4 160/5/4 153/5/4
f 153/5/4 154/5/4 159/5/4
f 41/3/23 30/3/23 29/3/23
f 42/3/24 29/3/24 28/3/24
f 44/3/25 27/3/25 26/3/25
f 45/3/26 26/3/26 25/3/26
f 46/3/27 25/3/27 24/3/27
f 48/3/28 23/3/28 22/3/28
f 49/3/29 22/3/29 21/3/29
f 50/3/30 21/3/30 20/3/30
f 52/3/31 19/3/31 18/3/31
f 17/3/32 54/3/32 265/3/32
f 266/3/32 264/3/32 18/3/32
f 264/3/32 53/3/32 18/3/32
f 17/3/32 265/3/32 18/3/32
f 263/3/33 55/3/33 54/3/33
f 54/3/33 17/3/33 263/3/33
f 31/3/536 56/3/536 261/3/536
f 56/3/536 55/3/536 261/3/536
f 56/3/35 31/3/35 30/3/35
f 72/3/36 57/3/36 58/3/36
f 71/3/37 58/3/37 59/3/37
f 944/4/38 953/4/38 970/4/38
f 953/4/38 943/4/38 957/4/38
f 943/4/38 961/4/38 957/4/38
f 956/4/38 960/4/38 949/4/38
f 953/4/38 957/4/38 970/4/38
f 956/4/38 949/4/38 954/4/38
f 957/4/38 956/4/38 970/4/38
f 970/4/38 969/4/38 944/4/38
f 950/4/38 968/4/38 967/4/38
f 954/4/38 950/4/38 967/4/38
f 967/4/38 970/4/38 956/4/38
f 69/3/39 60/3/39 61/3/39
f 66/3/42 63/3/42 64/3/42
f 65/3/43 64/3/43 57/3/43
f 73/3/44 74/3/44 66/3/44
f 77/3/45 69/3/45 68/3/45
f 79/3/46 71/3/46 70/3/46
f 80/3/47 72/3/47 71/3/47
f 80/3/48 73/3/48 65/3/48
f 210/4/537 209/4/537 211/4/537
f 214/4/538 213/4/538 215/4/538
f 218/4/539 217/4/539 219/4/539
f 222/4/540 221/4/540 223/4/540
f 226/4/541 225/4/541 227/4/541
f 230/4/542 229/4/542 231/4/542
f 234/4/543 233/4/543 235/4/543
f 238/4/544 237/4/544 239/4/544
f 84/3/4 83/3/4 270/3/4
f 270/3/4 269/3/4 84/3/4
f 269/3/4 20/3/4 84/3/4
f 20/3/4 21/3/4 85/3/4
f 21/3/4 22/3/4 85/3/4
f 22/3/4 23/3/4 87/3/4
f 23/3/4 241/3/4 87/3/4
f 243/3/4 242/3/4 88/3/4
f 242/3/4 24/3/4 88/3/4
f 241/3/4 243/3/4 88/3/4
f 87/3/4 241/3/4 88/3/4
f 85/3/4 84/3/4 20/3/4
f 24/3/4 25/3/4 88/3/4
f 25/3/4 26/3/4 89/3/4
f 26/3/4 27/3/4 90/3/4
f 89/3/4 26/3/4 90/3/4
f 27/3/4 91/3/4 90/3/4
f 86/3/4 85/3/4 22/3/4
f 87/3/4 86/3/4 22/3/4
f 19/3/57 52/3/57 268/3/57
f 52/3/57 51/3/57 271/3/57
f 51/3/545 20/3/545 269/3/545
f 271/3/546 268/3/546 52/3/546
f 616/6/1 617/6/1 606/6/1
f 617/6/1 612/6/1 606/6/1
f 606/6/1 676/6/1 615/6/1
f 29/3/4 30/3/4 93/3/4
f 30/3/4 31/3/4 94/3/4
f 93/3/4 30/3/4 94/3/4
f 31/3/4 261/3/4 95/3/4
f 261/3/4 32/3/4 96/3/4
f 32/3/4 262/3/4 81/3/4
f 262/3/4 17/3/4 81/3/4
f 17/3/4 18/3/4 81/3/4
f 18/3/4 19/3/4 82/3/4
f 81/3/4 18/3/4 82/3/4
f 19/3/4 268/3/4 83/3/4
f 268/3/4 270/3/4 83/3/4
f 28/3/4 29/3/4 93/3/4
f 251/3/4 250/3/4 92/3/4
f 250/3/4 28/3/4 92/3/4
f 27/3/4 249/3/4 91/3/4
f 249/3/4 251/3/4 91/3/4
f 92/3/4 91/3/4 251/3/4
f 19/3/4 83/3/4 82/3/4
f 93/3/4 92/3/4 28/3/4
f 32/3/4 81/3/4 96/3/4
f 261/3/4 96/3/4 95/3/4
f 305/7/4 307/7/4 308/7/4
f 114/3/58 130/3/58 129/3/58
f 115/3/547 131/3/547 130/3/547
f 275/3/60 273/3/60 132/3/60
f 273/3/60 116/3/60 132/3/60
f 132/3/60 131/3/60 275/3/60
f 131/3/60 115/3/60 272/3/60
f 117/3/548 133/3/548 132/3/548
f 117/3/62 118/3/62 134/3/62
f 118/3/63 119/3/63 135/3/63
f 119/3/64 120/3/64 136/3/64
f 121/3/65 137/3/65 136/3/65
f 122/3/66 138/3/66 137/3/66
f 122/3/67 123/3/67 139/3/67
f 123/3/68 124/3/68 140/3/68
f 125/3/549 141/3/549 140/3/549
f 127/3/550 143/3/550 142/3/550
f 128/3/71 144/3/71 143/3/71
f 128/3/72 113/3/72 129/3/72
f 161/4/4 162/4/4 163/4/4
f 162/4/4 165/4/4 163/4/4
f 165/4/4 280/4/4 166/4/4
f 165/4/4 166/4/4 163/4/4
f 173/4/4 175/4/4 176/4/4
f 175/4/4 161/4/4 176/4/4
f 277/4/4 278/4/4 172/4/4
f 278/4/4 173/4/4 174/4/4
f 172/4/4 278/4/4 174/4/4
f 169/4/4 276/4/4 170/4/4
f 276/4/4 277/4/4 172/4/4
f 172/4/4 170/4/4 276/4/4
f 161/4/4 163/4/4 164/4/4
f 161/4/4 164/4/4 176/4/4
f 145/4/73 146/4/73 162/4/73
f 153/4/74 164/4/74 163/4/74
f 146/4/75 147/4/75 165/4/75
f 155/4/551 154/4/551 163/4/551
f 148/4/77 167/4/77 165/4/77
f 149/4/78 169/4/78 167/4/78
f 156/4/79 168/4/79 170/4/79
f 169/4/80 149/4/80 276/4/80
f 149/4/80 150/4/80 276/4/80
f 157/4/81 170/4/81 172/4/81
f 171/4/82 150/4/82 278/4/82
f 150/4/552 151/4/552 278/4/552
f 158/4/83 172/4/83 174/4/83
f 152/4/84 175/4/84 173/4/84
f 160/4/85 159/4/85 174/4/85
f 145/4/86 161/4/86 175/4/86
f 153/4/87 160/4/87 176/4/87
f 76/4/553 75/4/553 184/4/553
f 183/4/91 181/4/91 76/4/91
f 181/4/553 37/4/553 76/4/553
f 192/4/554 79/4/554 34/4/554
f 34/4/554 33/4/554 189/4/554
f 190/4/479 192/4/479 34/4/479
f 196/4/555 74/4/555 39/4/555
f 39/4/556 38/4/556 193/4/556
f 194/4/94 196/4/94 39/4/94
f 184/4/557 75/4/557 38/4/557
f 38/4/557 37/4/557 181/4/557
f 182/4/558 184/4/558 38/4/558
f 200/4/559 76/4/559 37/4/559
f 37/4/559 36/4/559 197/4/559
f 198/4/95 200/4/95 37/4/95
f 204/4/560 78/4/560 35/4/560
f 35/4/560 34/4/560 201/4/560
f 202/4/97 204/4/97 35/4/97
f 75/4/561 74/4/561 196/4/561
f 195/4/90 193/4/90 75/4/90
f 193/4/562 38/4/562 75/4/562
f 77/4/563 76/4/563 200/4/563
f 199/4/92 197/4/92 77/4/92
f 197/4/563 36/4/563 77/4/563
f 74/4/564 73/4/564 180/4/564
f 179/4/101 177/4/101 74/4/101
f 177/4/564 39/4/564 74/4/564
f 79/4/565 78/4/565 204/4/565
f 203/4/93 201/4/93 79/4/93
f 201/4/566 34/4/566 79/4/566
f 73/4/567 80/4/567 208/4/567
f 207/4/100 205/4/100 73/4/100
f 205/4/567 40/4/567 73/4/567
f 78/4/568 77/4/568 188/4/568
f 187/4/102 185/4/102 78/4/102
f 185/4/568 35/4/568 78/4/568
f 208/4/569 80/4/569 33/4/569
f 33/4/569 40/4/569 205/4/569
f 206/4/98 208/4/98 33/4/98
f 180/4/570 73/4/570 40/4/570
f 40/4/571 39/4/571 177/4/571
f 178/4/96 180/4/96 40/4/96
f 188/4/572 77/4/572 36/4/572
f 36/4/573 35/4/573 185/4/573
f 186/4/574 188/4/574 36/4/574
f 178/4/575 177/4/575 209/4/575
f 179/4/576 211/4/576 209/4/576
f 179/4/577 180/4/577 212/4/577
f 178/4/578 210/4/578 212/4/578
f 194/4/579 193/4/579 213/4/579
f 195/4/580 215/4/580 213/4/580
f 195/4/581 196/4/581 216/4/581
f 194/4/582 214/4/582 216/4/582
f 182/4/583 181/4/583 217/4/583
f 183/4/584 219/4/584 217/4/584
f 183/4/585 184/4/585 220/4/585
f 182/4/586 218/4/586 220/4/586
f 198/4/587 197/4/587 221/4/587
f 199/4/588 223/4/588 221/4/588
f 199/4/589 200/4/589 224/4/589
f 198/4/590 222/4/590 224/4/590
f 186/4/591 185/4/591 225/4/591
f 187/4/592 227/4/592 225/4/592
f 187/4/593 188/4/593 228/4/593
f 186/4/594 226/4/594 228/4/594
f 202/4/595 201/4/595 229/4/595
f 203/4/596 231/4/596 229/4/596
f 203/4/597 204/4/597 232/4/597
f 202/4/598 230/4/598 232/4/598
f 190/4/599 189/4/599 233/4/599
f 191/4/600 235/4/600 233/4/600
f 191/4/601 192/4/601 236/4/601
f 190/4/602 234/4/602 236/4/602
f 206/4/603 205/4/603 237/4/603
f 207/4/604 239/4/604 237/4/604
f 207/4/605 208/4/605 240/4/605
f 206/4/606 238/4/606 240/4/606
f 620/1/1 624/1/1 623/1/1
f 623/1/1 622/1/1 620/1/1
f 622/1/1 621/1/1 619/1/1
f 27/3/157 44/3/157 249/3/157
f 44/3/157 43/3/157 252/3/157
f 43/3/157 28/3/157 250/3/157
f 252/3/607 249/3/607 44/3/607
f 141/3/158 125/3/158 257/3/158
f 259/3/158 258/3/158 255/3/158
f 258/3/158 253/3/158 255/3/158
f 141/3/158 257/3/158 259/3/158
f 254/3/158 126/3/158 142/3/158
f 255/3/158 254/3/158 142/3/158
f 142/3/158 141/3/158 259/3/158
f 128/3/4 112/3/4 97/3/4
f 97/3/4 98/3/4 114/3/4
f 98/3/4 99/3/4 114/3/4
f 99/3/4 100/3/4 274/3/4
f 100/3/4 101/3/4 116/3/4
f 101/3/4 102/3/4 117/3/4
f 102/3/4 103/3/4 118/3/4
f 117/3/4 102/3/4 118/3/4
f 103/3/4 119/3/4 118/3/4
f 113/3/4 128/3/4 97/3/4
f 114/3/4 113/3/4 97/3/4
f 116/3/4 273/3/4 100/3/4
f 273/3/4 274/3/4 100/3/4
f 101/3/4 117/3/4 116/3/4
f 274/3/4 272/3/4 99/3/4
f 272/3/4 115/3/4 99/3/4
f 982/6/608 984/6/608 983/6/608
f 981/6/3 980/6/3 989/6/3
f 980/6/3 990/6/3 989/6/3
f 982/6/609 983/6/609 981/6/609
f 982/6/3 981/6/3 989/6/3
f 982/6/3 989/6/3 987/6/3
f 979/6/3 982/6/3 987/6/3
f 992/6/3 991/6/3 986/6/3
f 979/6/3 987/6/3 988/6/3
f 992/6/3 986/6/3 985/6/3
f 979/6/3 988/6/3 992/6/3
f 67/3/159 75/3/159 282/3/159
f 75/3/159 76/3/159 282/3/159
f 62/3/160 283/3/160 282/3/160
f 282/3/160 68/3/160 61/3/160
f 63/3/161 66/3/161 284/3/161
f 284/3/610 283/3/610 62/3/610
f 66/3/162 74/3/162 284/3/162
f 74/3/162 75/3/162 284/3/162
f 168/4/165 156/4/165 279/4/165
f 156/4/611 155/4/611 281/4/611
f 155/4/611 166/4/611 281/4/611
f 414/6/166 384/6/166 684/6/166
f 384/6/166 386/6/166 686/6/166
f 386/6/166 416/6/166 685/6/166
f 686/6/166 684/6/166 384/6/166
f 82/3/612 290/3/612 289/3/612
f 98/3/613 97/3/613 292/3/613
f 82/3/169 83/3/169 293/3/169
f 98/3/170 291/3/170 294/3/170
f 83/3/171 84/3/171 295/3/171
f 99/3/614 294/3/614 296/3/614
f 85/3/615 297/3/615 295/3/615
f 100/3/174 296/3/174 298/3/174
f 86/3/175 299/3/175 297/3/175
f 102/3/616 101/3/616 298/3/616
f 87/3/177 301/3/177 299/3/177
f 103/3/617 102/3/617 300/3/617
f 88/3/179 303/3/179 301/3/179
f 103/3/180 302/3/180 304/3/180
f 88/3/181 89/3/181 305/3/181
f 104/3/618 304/3/618 306/3/618
f 89/3/619 90/3/619 307/3/619
f 105/3/184 306/3/184 308/3/184
f 91/3/620 309/3/620 307/3/620
f 107/3/621 106/3/621 308/3/621
f 91/3/187 92/3/187 311/3/187
f 108/3/622 107/3/622 310/3/622
f 93/3/189 313/3/189 311/3/189
f 108/3/190 312/3/190 314/3/190
f 93/3/623 94/3/623 315/3/623
f 110/3/624 109/3/624 314/3/624
f 94/3/625 95/3/625 317/3/625
f 111/3/194 110/3/194 316/3/194
f 96/3/195 319/3/195 317/3/195
f 112/3/626 111/3/626 318/3/626
f 81/3/197 289/3/197 319/3/197
f 97/3/198 112/3/198 320/3/198
f 354/2/199 351/2/199 679/2/199
f 351/2/199 352/2/199 679/2/199
f 359/2/200 360/2/200 358/2/200
f 365/2/201 366/2/201 364/2/201
f 367/2/202 368/2/202 366/2/202
f 369/2/203 370/2/203 368/2/203
f 371/2/627 372/2/627 370/2/627
f 376/2/628 374/2/628 373/2/628
f 377/2/206 378/2/206 376/2/206
f 379/2/207 380/2/207 378/2/207
f 351/2/208 354/2/208 380/2/208
f 244/3/629 241/3/629 245/3/629
f 241/3/210 23/3/210 247/3/210
f 23/3/210 48/3/210 246/3/210
f 247/3/210 245/3/210 241/3/210
f 245/3/210 47/3/210 244/3/210
f 23/3/629 246/3/629 247/3/629
f 24/3/210 242/3/210 47/3/210
f 348/2/1 347/2/1 374/2/1
f 380/2/1 354/2/1 336/2/1
f 354/2/1 680/2/1 336/2/1
f 353/2/1 678/2/1 337/2/1
f 678/2/1 356/2/1 338/2/1
f 348/2/1 374/2/1 376/2/1
f 349/2/1 348/2/1 378/2/1
f 348/2/1 376/2/1 378/2/1
f 358/2/1 360/2/1 340/2/1
f 360/2/1 668/2/1 340/2/1
f 671/2/1 669/2/1 341/2/1
f 669/2/1 665/2/1 341/2/1
f 668/2/1 671/2/1 340/2/1
f 350/2/1 349/2/1 380/2/1
f 349/2/1 378/2/1 380/2/1
f 340/2/1 671/2/1 341/2/1
f 666/2/1 667/2/1 341/2/1
f 667/2/1 364/2/1 342/2/1
f 336/2/1 350/2/1 380/2/1
f 370/2/1 372/2/1 345/2/1
f 372/2/1 346/2/1 345/2/1
f 337/2/1 336/2/1 680/2/1
f 337/2/1 680/2/1 353/2/1
f 338/2/1 337/2/1 678/2/1
f 368/2/1 370/2/1 345/2/1
f 368/2/1 345/2/1 344/2/1
f 339/2/1 338/2/1 358/2/1
f 338/2/1 356/2/1 358/2/1
f 366/2/1 368/2/1 343/2/1
f 368/2/1 344/2/1 343/2/1
f 340/2/1 339/2/1 358/2/1
f 364/2/1 366/2/1 343/2/1
f 364/2/1 343/2/1 342/2/1
f 667/2/1 342/2/1 341/2/1
f 467/7/203 469/7/203 470/7/203
f 468/7/212 470/7/212 472/7/212
f 471/7/213 472/7/213 474/7/213
f 473/7/214 474/7/214 476/7/214
f 475/7/215 476/7/215 478/7/215
f 479/7/206 477/7/206 478/7/206
f 479/7/207 480/7/207 482/7/207
f 481/7/208 482/7/208 484/7/208
f 485/7/199 483/7/199 484/7/199
f 581/6/216 584/6/216 432/6/216
f 578/7/6 579/7/6 488/7/6
f 487/7/217 488/7/217 490/7/217
f 489/7/201 490/7/201 492/7/201
f 491/7/202 492/7/202 469/7/202
f 321/2/203 381/2/203 382/2/203
f 337/2/203 384/2/203 383/2/203
f 322/2/212 382/2/212 385/2/212
f 338/2/212 386/2/212 384/2/212
f 323/2/213 385/2/213 387/2/213
f 339/2/213 388/2/213 386/2/213
f 324/2/214 387/2/214 389/2/214
f 340/2/214 390/2/214 388/2/214
f 326/2/215 325/2/215 389/2/215
f 341/2/215 392/2/215 390/2/215
f 326/2/206 391/2/206 393/2/206
f 342/2/206 394/2/206 392/2/206
f 327/2/207 393/2/207 395/2/207
f 343/2/207 396/2/207 394/2/207
f 329/2/208 328/2/208 395/2/208
f 344/2/208 398/2/208 396/2/208
f 329/2/199 397/2/199 399/2/199
f 345/2/199 400/2/199 398/2/199
f 401/2/630 331/2/630 330/2/630
f 402/2/218 400/2/218 345/2/218
f 333/2/631 332/2/631 403/2/631
f 348/2/220 406/2/220 404/2/220
f 333/2/217 405/2/217 407/2/217
f 349/2/217 408/2/217 406/2/217
f 334/2/201 407/2/201 409/2/201
f 350/2/201 410/2/201 408/2/201
f 335/2/202 409/2/202 381/2/202
f 336/2/202 383/2/202 410/2/202
f 381/6/222 411/6/222 412/6/222
f 383/6/223 384/6/223 414/6/223
f 382/6/224 412/6/224 415/6/224
f 387/6/225 385/6/225 415/6/225
f 388/6/226 418/6/226 416/6/226
f 387/6/227 417/6/227 419/6/227
f 388/6/228 390/6/228 420/6/228
f 391/6/229 389/6/229 419/6/229
f 392/6/230 422/6/230 420/6/230
f 393/6/231 391/6/231 421/6/231
f 394/6/232 424/6/232 422/6/232
f 393/6/233 423/6/233 425/6/233
f 396/6/234 426/6/234 424/6/234
f 395/6/235 425/6/235 427/6/235
f 426/6/236 396/6/236 692/6/236
f 396/6/236 398/6/236 692/6/236
f 397/6/237 427/6/237 429/6/237
f 428/6/238 398/6/238 694/6/238
f 398/6/238 400/6/238 694/6/238
f 401/6/632 399/6/632 429/6/632
f 402/6/633 432/6/633 430/6/633
f 435/6/634 405/6/634 403/6/634
f 436/6/635 434/6/635 404/6/635
f 405/6/243 435/6/243 437/6/243
f 406/6/244 408/6/244 438/6/244
f 407/6/245 437/6/245 439/6/245
f 408/6/246 410/6/246 440/6/246
f 381/6/247 409/6/247 439/6/247
f 410/6/248 383/6/248 413/6/248
f 411/6/203 441/6/203 442/6/203
f 414/6/203 444/6/203 443/6/203
f 412/6/212 442/6/212 445/6/212
f 415/6/213 445/6/213 447/6/213
f 418/6/213 448/6/213 446/6/213
f 417/6/214 447/6/214 449/6/214
f 420/6/214 450/6/214 448/6/214
f 419/6/215 449/6/215 451/6/215
f 422/6/215 452/6/215 450/6/215
f 421/6/206 451/6/206 453/6/206
f 424/6/206 454/6/206 452/6/206
f 423/6/207 453/6/207 455/6/207
f 426/6/207 456/6/207 454/6/207
f 427/6/208 425/6/208 455/6/208
f 456/6/208 426/6/208 692/6/208
f 692/6/208 693/6/208 458/6/208
f 429/6/199 427/6/199 457/6/199
f 458/6/199 693/6/199 694/6/199
f 694/6/199 430/6/199 460/6/199
f 435/6/636 433/6/636 577/6/636
f 580/6/637 434/6/637 436/6/637
f 435/6/217 461/6/217 463/6/217
f 438/6/217 464/6/217 462/6/217
f 437/6/201 463/6/201 465/6/201
f 440/6/201 466/6/201 464/6/201
f 439/6/202 465/6/202 441/6/202
f 413/6/202 443/6/202 466/6/202
f 441/6/249 467/6/249 468/6/249
f 443/6/250 444/6/250 470/6/250
f 445/6/251 442/6/251 468/6/251
f 446/6/252 472/6/252 470/6/252
f 445/6/253 471/6/253 473/6/253
f 446/6/254 448/6/254 474/6/254
f 449/6/255 447/6/255 473/6/255
f 450/6/256 476/6/256 474/6/256
f 449/6/257 475/6/257 477/6/257
f 450/6/258 452/6/258 478/6/258
f 453/6/259 451/6/259 477/6/259
f 454/6/260 480/6/260 478/6/260
f 455/6/261 453/6/261 479/6/261
f 456/6/262 482/6/262 480/6/262
f 455/6/263 481/6/263 483/6/263
f 456/6/264 458/6/264 484/6/264
f 457/6/265 483/6/265 485/6/265
f 458/6/266 460/6/266 486/6/266
f 461/6/267 577/6/267 578/6/267
f 579/6/268 580/6/268 462/6/268
f 463/6/269 461/6/269 487/6/269
f 464/6/270 490/6/270 488/6/270
f 463/6/271 489/6/271 491/6/271
f 464/6/272 466/6/272 492/6/272
f 441/6/273 465/6/273 491/6/273
f 443/6/274 469/6/274 492/6/274
f 496/4/275 494/4/275 503/4/275
f 500/4/276 498/4/276 501/4/276
f 515/4/38 514/4/38 517/4/38
f 508/4/4 507/4/4 506/4/4
f 503/4/1 493/4/1 688/4/1
f 493/4/1 689/4/1 688/4/1
f 499/4/5 504/4/5 501/4/5
f 505/4/277 506/4/277 510/4/277
f 512/4/278 511/4/278 507/4/278
f 505/4/3 509/4/3 497/4/3
f 497/4/3 501/4/3 505/4/3
f 501/4/3 498/4/3 514/4/3
f 498/4/3 513/4/3 514/4/3
f 515/4/3 516/4/3 496/4/3
f 501/4/3 514/4/3 505/4/3
f 515/4/3 496/4/3 502/4/3
f 514/4/3 515/4/3 505/4/3
f 515/4/3 502/4/3 508/4/3
f 502/4/3 688/4/3 508/4/3
f 688/4/3 495/4/3 508/4/3
f 495/4/3 512/4/3 508/4/3
f 507/4/2 511/4/2 493/4/2
f 493/4/2 503/4/2 507/4/2
f 503/4/2 494/4/2 520/4/2
f 494/4/2 519/4/2 520/4/2
f 517/4/2 518/4/2 500/4/2
f 503/4/2 520/4/2 507/4/2
f 517/4/2 500/4/2 504/4/2
f 520/4/2 517/4/2 507/4/2
f 517/4/2 504/4/2 506/4/2
f 504/4/2 499/4/2 506/4/2
f 499/4/2 510/4/2 506/4/2
f 497/4/4 509/4/4 510/4/4
f 511/4/4 512/4/4 495/4/4
f 495/4/4 689/4/4 493/4/4
f 518/4/38 513/4/38 498/4/38
f 516/4/38 519/4/38 494/4/38
f 517/4/279 514/4/279 513/4/279
f 516/4/280 515/4/280 520/4/280
f 530/4/281 524/4/281 522/4/281
f 528/4/282 526/4/282 529/4/282
f 543/4/3 542/4/3 545/4/3
f 536/4/2 535/4/2 534/4/2
f 533/4/4 537/4/4 525/4/4
f 525/4/4 529/4/4 533/4/4
f 529/4/4 526/4/4 542/4/4
f 526/4/4 541/4/4 542/4/4
f 543/4/4 544/4/4 524/4/4
f 529/4/4 542/4/4 533/4/4
f 543/4/4 524/4/4 530/4/4
f 542/4/4 543/4/4 533/4/4
f 543/4/4 530/4/4 536/4/4
f 530/4/4 523/4/4 536/4/4
f 523/4/4 540/4/4 536/4/4
f 523/4/1 530/4/1 531/4/1
f 527/4/5 532/4/5 529/4/5
f 533/4/283 534/4/283 538/4/283
f 540/4/284 539/4/284 535/4/284
f 527/4/2 525/4/2 537/4/2
f 568/4/4 691/4/4 690/4/4
f 690/4/4 558/4/4 564/4/4
f 558/4/4 552/4/4 571/4/4
f 552/4/4 572/4/4 571/4/4
f 570/4/4 569/4/4 554/4/4
f 558/4/4 571/4/4 564/4/4
f 570/4/4 554/4/4 557/4/4
f 571/4/4 570/4/4 564/4/4
f 564/4/4 568/4/4 690/4/4
f 553/4/4 565/4/4 561/4/4
f 557/4/4 553/4/4 561/4/4
f 561/4/4 564/4/4 570/4/4
f 523/4/2 521/4/2 539/4/2
f 287/3/285 285/3/285 77/3/285
f 285/3/285 69/3/285 77/3/285
f 77/3/285 78/3/285 286/3/285
f 287/3/285 77/3/285 286/3/285
f 527/4/38 538/4/38 534/4/38
f 535/4/38 539/4/38 521/4/38
f 532/4/38 527/4/38 534/4/38
f 535/4/38 521/4/38 531/4/38
f 532/4/38 534/4/38 545/4/38
f 534/4/38 535/4/38 548/4/38
f 546/4/38 528/4/38 545/4/38
f 528/4/38 532/4/38 545/4/38
f 534/4/38 548/4/38 545/4/38
f 535/4/38 531/4/38 548/4/38
f 531/4/38 522/4/38 548/4/38
f 546/4/3 541/4/3 526/4/3
f 544/4/3 547/4/3 522/4/3
f 545/4/286 542/4/286 541/4/286
f 543/4/287 548/4/287 547/4/287
f 558/4/288 559/4/288 550/4/288
f 557/4/289 554/4/289 556/4/289
f 573/4/2 570/4/2 571/4/2
f 562/4/3 563/4/3 564/4/3
f 551/4/1 549/4/1 690/4/1
f 549/4/1 559/4/1 690/4/1
f 557/4/5 560/4/5 555/4/5
f 566/4/290 562/4/290 561/4/290
f 563/4/291 567/4/291 568/4/291
f 555/4/3 566/4/3 565/4/3
f 691/4/3 568/4/3 567/4/3
f 567/4/3 549/4/3 691/4/3
f 640/1/5 644/1/5 643/1/5
f 643/1/5 642/1/5 640/1/5
f 642/1/5 641/1/5 639/1/5
f 554/4/2 569/4/2 574/4/2
f 550/4/2 575/4/2 572/4/2
f 569/4/293 570/4/293 573/4/293
f 575/4/294 576/4/294 571/4/294
f 373/2/638 374/2/638 347/2/638
f 371/2/639 331/2/639 346/2/639
f 577/6/297 433/6/297 434/6/297
f 581/6/640 431/6/640 429/6/640
f 582/6/299 581/6/299 459/6/299
f 582/7/298 485/7/298 486/7/298
f 460/6/300 584/6/300 583/6/300
f 430/6/641 432/6/641 584/6/641
f 583/6/301 584/6/301 581/6/301
f 402/6/642 401/6/642 431/6/642
f 578/6/303 577/6/303 580/6/303
f 404/6/643 434/6/643 433/6/643
f 404/2/305 403/2/305 332/2/305
f 402/2/306 346/2/306 331/2/306
f 658/6/1 651/6/1 645/6/1
f 648/6/644 650/6/644 649/6/644
f 654/6/1 658/6/1 645/6/1
f 645/6/1 648/6/1 653/6/1
f 648/6/645 649/6/645 647/6/645
f 653/6/1 648/6/1 655/6/1
f 647/6/1 681/6/1 655/6/1
f 681/6/1 683/6/1 656/6/1
f 655/6/1 681/6/1 656/6/1
f 683/6/1 682/6/1 656/6/1
f 682/6/1 652/6/1 657/6/1
f 656/6/1 682/6/1 657/6/1
f 653/6/1 654/6/1 645/6/1
f 594/6/646 593/6/646 599/6/646
f 593/6/647 595/6/647 601/6/647
f 596/6/648 602/6/648 601/6/648
f 596/6/310 597/6/310 603/6/310
f 594/6/311 600/6/311 604/6/311
f 586/6/5 592/6/5 597/6/5
f 597/6/312 598/6/312 604/6/312
f 586/6/313 587/6/313 676/6/313
f 587/6/313 607/6/313 676/6/313
f 587/6/649 589/6/649 675/6/649
f 589/6/650 609/6/650 675/6/650
f 605/6/315 608/6/315 588/6/315
f 608/6/316 610/6/316 590/6/316
f 611/6/3 605/6/3 585/6/3
f 1009/6/2 1010/6/2 1000/6/2
f 1000/6/2 1070/6/2 1009/6/2
f 1070/6/2 1071/6/2 1002/6/2
f 1009/6/2 1070/6/2 1002/6/2
f 1071/6/651 1069/6/651 1003/6/651
f 1003/6/652 1004/6/652 1071/6/652
f 1004/6/2 1002/6/2 1071/6/2
f 1002/6/2 999/6/2 1007/6/2
f 1007/6/2 1009/6/2 1002/6/2
f 1005/6/2 1006/6/2 1012/6/2
f 1006/6/2 1011/6/2 1012/6/2
f 999/6/2 1005/6/2 1012/6/2
f 999/6/2 1012/6/2 1008/6/2
f 614/6/653 620/6/653 619/6/653
f 613/6/654 619/6/654 621/6/654
f 621/6/655 622/6/655 616/6/655
f 616/6/656 622/6/656 623/6/656
f 624/6/321 620/6/321 614/6/321
f 624/6/322 618/6/322 617/6/322
f 590/6/323 610/6/323 609/6/323
f 592/6/2 586/6/2 606/6/2
f 707/2/38 709/2/38 710/2/38
f 613/6/1 615/6/1 608/6/1
f 615/6/1 676/6/1 608/6/1
f 677/6/657 675/6/657 609/6/657
f 676/6/1 677/6/1 608/6/1
f 612/6/1 617/6/1 618/6/1
f 609/6/658 610/6/658 677/6/658
f 610/6/1 608/6/1 677/6/1
f 611/6/1 612/6/1 618/6/1
f 608/6/1 605/6/1 613/6/1
f 605/6/1 611/6/1 618/6/1
f 605/6/1 618/6/1 614/6/1
f 601/1/5 602/1/5 599/1/5
f 602/1/5 603/1/5 600/1/5
f 603/1/5 604/1/5 600/1/5
f 634/6/659 640/6/659 639/6/659
f 633/6/660 639/6/660 641/6/660
f 641/6/661 642/6/661 636/6/661
f 636/6/327 642/6/327 643/6/327
f 644/6/328 640/6/328 634/6/328
f 644/6/312 638/6/312 637/6/312
f 638/6/5 631/6/5 632/6/5
f 629/6/329 627/6/329 647/6/329
f 628/6/330 648/6/330 645/6/330
f 630/6/331 650/6/331 648/6/331
f 625/6/2 645/6/2 651/6/2
f 636/6/5 637/6/5 626/6/5
f 637/6/5 632/6/5 626/6/5
f 627/6/662 629/6/662 628/6/662
f 629/6/663 630/6/663 628/6/663
f 635/6/5 636/6/5 626/6/5
f 625/6/5 631/6/5 638/6/5
f 635/6/5 626/6/5 627/6/5
f 625/6/5 638/6/5 634/6/5
f 633/6/5 635/6/5 628/6/5
f 635/6/5 627/6/5 628/6/5
f 625/6/5 634/6/5 633/6/5
f 654/6/664 653/6/664 659/6/664
f 653/6/665 655/6/665 661/6/665
f 656/6/666 662/6/666 661/6/666
f 656/6/336 657/6/336 663/6/336
f 654/6/337 660/6/337 664/6/337
f 657/6/322 658/6/322 664/6/322
f 658/6/1 657/6/1 652/6/1
f 649/6/339 650/6/339 630/6/339
f 711/2/38 713/2/38 714/2/38
f 356/2/344 355/2/344 358/2/344
f 355/2/344 672/2/344 357/2/344
f 679/2/298 352/2/298 673/2/298
f 673/2/298 355/2/298 678/2/298
f 355/2/298 356/2/298 678/2/298
f 647/6/349 627/6/349 681/6/349
f 627/6/349 626/6/349 681/6/349
f 626/6/3 632/6/3 682/6/3
f 632/6/3 652/6/3 682/6/3
f 687/6/212 685/6/212 446/6/212
f 685/6/212 416/6/212 446/6/212
f 446/6/212 444/6/212 687/6/212
f 444/6/212 414/6/212 684/6/212
f 58/4/38 57/4/38 64/4/38
f 64/4/38 63/4/38 62/4/38
f 62/4/38 61/4/38 60/4/38
f 60/4/38 59/4/38 62/4/38
f 59/4/38 58/4/38 62/4/38
f 363/2/217 364/2/217 697/2/217
f 364/2/217 667/2/217 697/2/217
f 667/2/217 362/2/217 697/2/217
f 362/2/217 361/2/217 695/2/217
f 697/2/217 362/2/217 695/2/217
f 592/2/357 699/2/357 700/2/357
f 592/2/358 612/2/358 701/2/358
f 612/2/359 611/2/359 702/2/359
f 591/2/360 700/2/360 702/2/360
f 651/2/358 703/2/358 704/2/358
f 652/2/359 705/2/359 703/2/359
f 632/2/360 706/2/360 705/2/360
f 632/2/357 631/2/357 704/2/357
f 699/2/5 707/2/5 708/2/5
f 701/2/2 709/2/2 707/2/2
f 702/2/1 710/2/1 709/2/1
f 700/2/3 708/2/3 710/2/3
f 703/2/2 711/2/2 712/2/2
f 705/2/1 713/2/1 711/2/1
f 705/2/3 706/2/3 714/2/3
f 704/2/5 712/2/5 714/2/5
f 748/2/361 745/2/361 1073/2/361
f 745/2/361 746/2/361 1073/2/361
f 753/2/362 754/2/362 752/2/362
f 759/2/363 760/2/363 758/2/363
f 761/2/364 762/2/364 760/2/364
f 763/2/365 764/2/365 762/2/365
f 765/2/667 766/2/667 764/2/667
f 770/2/668 768/2/668 767/2/668
f 771/2/368 772/2/368 770/2/368
f 773/2/369 774/2/369 772/2/369
f 745/2/370 748/2/370 774/2/370
f 301/7/4 303/7/4 302/7/4
f 303/7/4 305/7/4 304/7/4
f 302/7/4 303/7/4 304/7/4
f 305/7/4 306/7/4 304/7/4
f 299/7/4 301/7/4 302/7/4
f 295/7/4 297/7/4 298/7/4
f 297/7/4 299/7/4 300/7/4
f 290/7/4 293/7/4 294/7/4
f 293/7/4 295/7/4 294/7/4
f 319/7/4 289/7/4 292/7/4
f 289/7/4 290/7/4 292/7/4
f 315/7/4 317/7/4 318/7/4
f 317/7/4 319/7/4 320/7/4
f 311/7/4 313/7/4 314/7/4
f 313/7/4 315/7/4 314/7/4
f 307/7/4 309/7/4 310/7/4
f 309/7/4 311/7/4 312/7/4
f 310/7/4 308/7/4 307/7/4
f 312/7/4 310/7/4 309/7/4
f 299/7/4 302/7/4 300/7/4
f 314/7/4 312/7/4 311/7/4
f 297/7/4 300/7/4 298/7/4
f 316/7/4 314/7/4 315/7/4
f 295/7/4 298/7/4 296/7/4
f 295/7/4 296/7/4 294/7/4
f 318/7/4 316/7/4 315/7/4
f 320/7/4 318/7/4 317/7/4
f 290/7/4 294/7/4 291/7/4
f 290/7/4 291/7/4 292/7/4
f 330/2/5 331/2/5 371/2/5
f 365/2/5 363/2/5 327/2/5
f 363/2/5 696/2/5 327/2/5
f 698/2/5 695/2/5 326/2/5
f 695/2/5 361/2/5 326/2/5
f 696/2/5 698/2/5 327/2/5
f 330/2/5 371/2/5 369/2/5
f 329/2/5 330/2/5 367/2/5
f 330/2/5 369/2/5 367/2/5
f 361/2/5 359/2/5 326/2/5
f 359/2/5 357/2/5 324/2/5
f 357/2/5 672/2/5 324/2/5
f 674/2/5 673/2/5 323/2/5
f 673/2/5 352/2/5 322/2/5
f 328/2/5 329/2/5 367/2/5
f 375/2/5 373/2/5 333/2/5
f 373/2/5 332/2/5 333/2/5
f 328/2/5 367/2/5 365/2/5
f 327/2/5 328/2/5 365/2/5
f 377/2/5 375/2/5 333/2/5
f 377/2/5 333/2/5 334/2/5
f 326/2/5 327/2/5 698/2/5
f 379/2/5 377/2/5 334/2/5
f 379/2/5 334/2/5 335/2/5
f 325/2/5 326/2/5 359/2/5
f 351/2/5 379/2/5 335/2/5
f 351/2/5 335/2/5 321/2/5
f 324/2/5 325/2/5 359/2/5
f 324/2/5 672/2/5 323/2/5
f 672/2/5 674/2/5 323/2/5
f 352/2/5 351/2/5 322/2/5
f 351/2/5 321/2/5 322/2/5
f 862/7/365 861/7/365 863/7/365
f 862/7/373 864/7/373 866/7/373
f 865/7/374 866/7/374 868/7/374
f 869/7/375 867/7/375 868/7/375
f 869/7/376 870/7/376 872/7/376
f 873/7/368 871/7/368 872/7/368
f 873/7/369 874/7/369 876/7/369
f 877/7/370 875/7/370 876/7/370
f 877/7/361 878/7/361 880/7/361
f 975/6/377 978/6/377 826/6/377
f 972/7/378 973/7/378 882/7/378
f 881/7/379 882/7/379 884/7/379
f 883/7/363 884/7/363 886/7/363
f 885/7/364 886/7/364 863/7/364
f 715/2/365 775/2/365 776/2/365
f 731/2/365 778/2/365 777/2/365
f 716/2/373 776/2/373 779/2/373
f 731/2/373 732/2/373 780/2/373
f 717/2/374 779/2/374 781/2/374
f 733/2/374 782/2/374 780/2/374
f 718/2/375 781/2/375 783/2/375
f 734/2/375 784/2/375 782/2/375
f 719/2/376 783/2/376 785/2/376
f 734/2/376 735/2/376 786/2/376
f 720/2/368 785/2/368 787/2/368
f 736/2/368 788/2/368 786/2/368
f 721/2/369 787/2/369 789/2/369
f 737/2/369 790/2/369 788/2/369
f 722/2/370 789/2/370 791/2/370
f 738/2/370 792/2/370 790/2/370
f 723/2/361 791/2/361 793/2/361
f 739/2/361 794/2/361 792/2/361
f 795/2/669 725/2/669 724/2/669
f 796/2/380 794/2/380 739/2/380
f 727/2/670 726/2/670 797/2/670
f 742/2/382 800/2/382 798/2/382
f 727/2/379 799/2/379 801/2/379
f 743/2/379 802/2/379 800/2/379
f 729/2/363 728/2/363 801/2/363
f 744/2/363 804/2/363 802/2/363
f 729/2/364 803/2/364 775/2/364
f 730/2/364 777/2/364 804/2/364
f 776/6/384 775/6/384 805/6/384
f 778/6/385 808/6/385 807/6/385
f 776/6/386 806/6/386 809/6/386
f 781/6/387 779/6/387 809/6/387
f 782/6/388 812/6/388 810/6/388
f 781/6/389 811/6/389 813/6/389
f 782/6/390 784/6/390 814/6/390
f 783/6/391 813/6/391 815/6/391
f 784/6/392 786/6/392 816/6/392
f 787/6/393 785/6/393 815/6/393
f 788/6/394 818/6/394 816/6/394
f 789/6/395 787/6/395 817/6/395
f 790/6/396 820/6/396 818/6/396
f 789/6/397 819/6/397 821/6/397
f 820/6/398 790/6/398 1086/6/398
f 790/6/398 792/6/398 1086/6/398
f 791/6/399 821/6/399 823/6/399
f 822/6/400 792/6/400 1088/6/400
f 792/6/400 794/6/400 1088/6/400
f 795/6/671 793/6/671 823/6/671
f 796/6/672 826/6/672 824/6/672
f 829/6/673 799/6/673 797/6/673
f 830/6/674 828/6/674 798/6/674
f 801/6/405 799/6/405 829/6/405
f 802/6/406 832/6/406 830/6/406
f 803/6/407 801/6/407 831/6/407
f 804/6/408 834/6/408 832/6/408
f 775/6/409 803/6/409 833/6/409
f 804/6/410 777/6/410 807/6/410
f 805/6/365 835/6/365 836/6/365
f 808/6/365 838/6/365 837/6/365
f 806/6/373 836/6/373 839/6/373
f 809/6/374 839/6/374 841/6/374
f 812/6/374 842/6/374 840/6/374
f 811/6/375 841/6/375 843/6/375
f 814/6/375 844/6/375 842/6/375
f 813/6/376 843/6/376 845/6/376
f 816/6/376 846/6/376 844/6/376
f 815/6/368 845/6/368 847/6/368
f 818/6/368 848/6/368 846/6/368
f 817/6/369 847/6/369 849/6/369
f 820/6/369 850/6/369 848/6/369
f 821/6/370 819/6/370 849/6/370
f 850/6/370 820/6/370 1086/6/370
f 1086/6/370 1087/6/370 852/6/370
f 823/6/361 821/6/361 851/6/361
f 852/6/361 1087/6/361 1088/6/361
f 1088/6/361 824/6/361 854/6/361
f 829/6/675 827/6/675 971/6/675
f 974/6/676 828/6/676 830/6/676
f 829/6/379 855/6/379 857/6/379
f 832/6/379 858/6/379 856/6/379
f 831/6/363 857/6/363 859/6/363
f 834/6/363 860/6/363 858/6/363
f 833/6/364 859/6/364 835/6/364
f 807/6/364 837/6/364 860/6/364
f 835/6/411 861/6/411 862/6/411
f 837/6/412 838/6/412 864/6/412
f 839/6/413 836/6/413 862/6/413
f 840/6/414 866/6/414 864/6/414
f 839/6/415 865/6/415 867/6/415
f 842/6/416 868/6/416 866/6/416
f 841/6/417 867/6/417 869/6/417
f 844/6/418 870/6/418 868/6/418
f 843/6/419 869/6/419 871/6/419
f 844/6/420 846/6/420 872/6/420
f 845/6/421 871/6/421 873/6/421
f 846/6/422 848/6/422 874/6/422
f 847/6/423 873/6/423 875/6/423
f 848/6/424 850/6/424 876/6/424
f 849/6/425 875/6/425 877/6/425
f 850/6/426 852/6/426 878/6/426
f 851/6/427 877/6/427 879/6/427
f 852/6/428 854/6/428 880/6/428
f 855/6/429 971/6/429 972/6/429
f 973/6/430 974/6/430 856/6/430
f 855/6/431 881/6/431 883/6/431
f 858/6/432 884/6/432 882/6/432
f 857/6/433 883/6/433 885/6/433
f 858/6/434 860/6/434 886/6/434
f 835/6/435 859/6/435 885/6/435
f 837/6/436 863/6/436 886/6/436
f 890/4/437 888/4/437 897/4/437
f 894/4/438 892/4/438 895/4/438
f 909/4/38 908/4/38 911/4/38
f 902/4/4 901/4/4 900/4/4
f 897/4/2 887/4/2 1082/4/2
f 887/4/2 1083/4/2 1082/4/2
f 893/4/3 898/4/3 895/4/3
f 899/4/439 900/4/439 904/4/439
f 906/4/440 905/4/440 901/4/440
f 891/4/4 903/4/4 904/4/4
f 60/3/441 69/3/441 285/3/441
f 288/3/441 286/3/441 59/3/441
f 286/3/441 70/3/441 59/3/441
f 60/3/441 285/3/441 288/3/441
f 905/4/4 906/4/4 889/4/4
f 889/4/4 1083/4/4 887/4/4
f 921/4/38 932/4/38 928/4/38
f 929/4/38 933/4/38 915/4/38
f 926/4/38 921/4/38 928/4/38
f 929/4/38 915/4/38 925/4/38
f 926/4/38 928/4/38 939/4/38
f 928/4/38 929/4/38 942/4/38
f 940/4/38 922/4/38 939/4/38
f 922/4/38 926/4/38 939/4/38
f 928/4/38 942/4/38 939/4/38
f 929/4/38 925/4/38 942/4/38
f 925/4/38 916/4/38 942/4/38
f 912/4/38 907/4/38 892/4/38
f 910/4/38 913/4/38 888/4/38
f 911/4/442 908/4/442 907/4/442
f 910/4/443 909/4/443 914/4/443
f 918/4/444 916/4/444 925/4/444
f 922/4/445 920/4/445 923/4/445
f 937/4/1 936/4/1 939/4/1
f 930/4/5 929/4/5 928/4/5
f 917/4/2 924/4/2 925/4/2
f 921/4/3 926/4/3 923/4/3
f 927/4/446 928/4/446 932/4/446
f 280/4/4 165/4/4 167/4/4
f 167/4/4 169/4/4 170/4/4
f 168/4/4 279/4/4 167/4/4
f 279/4/4 280/4/4 167/4/4
f 934/4/447 933/4/447 929/4/447
f 919/4/5 931/4/5 932/4/5
f 896/4/1 1082/4/1 902/4/1
f 1082/4/1 889/4/1 902/4/1
f 889/4/1 906/4/1 902/4/1
f 899/4/1 903/4/1 891/4/1
f 899/4/1 891/4/1 895/4/1
f 896/4/1 902/4/1 909/4/1
f 902/4/1 899/4/1 908/4/1
f 910/4/1 890/4/1 909/4/1
f 890/4/1 896/4/1 909/4/1
f 902/4/1 908/4/1 909/4/1
f 899/4/1 895/4/1 908/4/1
f 895/4/1 892/4/1 908/4/1
f 917/4/5 915/4/5 933/4/5
f 927/4/4 931/4/4 919/4/4
f 919/4/4 923/4/4 927/4/4
f 923/4/4 920/4/4 936/4/4
f 920/4/4 935/4/4 936/4/4
f 937/4/4 938/4/4 918/4/4
f 923/4/4 936/4/4 927/4/4
f 937/4/4 918/4/4 924/4/4
f 936/4/4 937/4/4 927/4/4
f 937/4/4 924/4/4 930/4/4
f 924/4/4 917/4/4 930/4/4
f 917/4/4 934/4/4 930/4/4
f 940/4/1 935/4/1 920/4/1
f 938/4/1 941/4/1 916/4/1
f 939/4/448 936/4/448 935/4/448
f 938/4/449 937/4/449 942/4/449
f 953/4/450 944/4/450 946/4/450
f 951/4/451 948/4/451 950/4/451
f 967/4/5 964/4/5 965/4/5
f 956/4/1 957/4/1 958/4/1
f 945/4/2 943/4/2 1084/4/2
f 943/4/2 953/4/2 1084/4/2
f 951/4/3 954/4/3 949/4/3
f 960/4/452 956/4/452 955/4/452
f 957/4/453 961/4/453 962/4/453
f 960/4/1 959/4/1 947/4/1
f 549/4/38 567/4/38 563/4/38
f 562/4/38 566/4/38 555/4/38
f 559/4/38 549/4/38 563/4/38
f 562/4/38 555/4/38 560/4/38
f 559/4/38 563/4/38 576/4/38
f 563/4/38 562/4/38 573/4/38
f 575/4/38 550/4/38 576/4/38
f 550/4/38 559/4/38 576/4/38
f 563/4/38 573/4/38 576/4/38
f 562/4/38 560/4/38 573/4/38
f 560/4/38 556/4/38 573/4/38
f 1085/4/1 962/4/1 961/4/1
f 961/4/1 943/4/1 1085/4/1
f 948/4/4 951/4/4 964/4/4
f 951/4/4 947/4/4 955/4/4
f 947/4/4 959/4/4 955/4/4
f 958/4/4 962/4/4 1084/4/4
f 962/4/4 1085/4/4 1084/4/4
f 951/4/4 955/4/4 964/4/4
f 955/4/4 958/4/4 964/4/4
f 964/4/4 963/4/4 948/4/4
f 946/4/4 966/4/4 965/4/4
f 952/4/4 946/4/4 965/4/4
f 965/4/4 964/4/4 958/4/4
f 958/4/4 1084/4/4 952/4/4
f 948/4/5 963/4/5 968/4/5
f 944/4/5 969/4/5 966/4/5
f 963/4/455 964/4/455 967/4/455
f 966/4/456 969/4/456 970/4/456
f 767/2/677 768/2/677 741/2/677
f 765/2/678 725/2/678 740/2/678
f 971/6/459 827/6/459 828/6/459
f 975/6/679 825/6/679 823/6/679
f 976/6/461 975/6/461 853/6/461
f 976/7/460 879/7/460 880/7/460
f 854/6/462 978/6/462 977/6/462
f 824/6/680 826/6/680 978/6/680
f 976/6/463 977/6/463 978/6/463
f 796/6/681 795/6/681 825/6/681
f 972/6/465 971/6/465 974/6/465
f 798/6/466 828/6/466 827/6/466
f 798/2/467 797/2/467 726/2/467
f 796/2/468 740/2/468 725/2/468
f 1025/6/3 1026/6/3 1032/6/3
f 1026/6/3 1031/6/3 1032/6/3
f 1019/6/3 1025/6/3 1032/6/3
f 1029/6/3 1030/6/3 1020/6/3
f 1021/6/682 1023/6/682 1022/6/682
f 1023/6/608 1024/6/608 1022/6/608
f 1029/6/3 1020/6/3 1021/6/3
f 1027/6/3 1029/6/3 1022/6/3
f 1029/6/3 1021/6/3 1022/6/3
f 1019/6/3 1032/6/3 1028/6/3
f 1019/6/3 1028/6/3 1027/6/3
f 810/6/373 840/6/373 1079/6/373
f 840/6/373 838/6/373 1081/6/373
f 838/6/373 808/6/373 1078/6/373
f 1081/6/373 1079/6/373 840/6/373
f 988/6/683 987/6/683 993/6/683
f 987/6/684 989/6/684 995/6/684
f 990/6/685 996/6/685 995/6/685
f 990/6/472 991/6/472 997/6/472
f 988/6/473 994/6/473 998/6/473
f 980/6/3 986/6/3 991/6/3
f 991/6/474 992/6/474 998/6/474
f 980/6/475 981/6/475 1070/6/475
f 981/6/475 1001/6/475 1070/6/475
f 981/6/686 983/6/686 1069/6/686
f 983/6/687 1003/6/687 1069/6/687
f 999/6/477 1002/6/477 982/6/477
f 1002/6/478 1004/6/478 984/6/478
f 985/6/1 1005/6/1 999/6/1
f 80/4/688 79/4/688 192/4/688
f 191/4/89 189/4/89 80/4/89
f 189/4/688 33/4/688 80/4/688
f 1008/6/689 1014/6/689 1013/6/689
f 1007/6/690 1013/6/690 1015/6/690
f 1015/6/691 1016/6/691 1010/6/691
f 1010/6/692 1016/6/692 1017/6/692
f 1018/6/484 1014/6/484 1008/6/484
f 1000/6/2 1010/6/2 1011/6/2
f 1018/6/485 1012/6/485 1011/6/485
f 984/6/486 1004/6/486 1003/6/486
f 986/6/5 980/6/5 1000/6/5
f 1102/2/38 1101/2/38 1103/2/38
f 1041/6/2 1075/6/2 1049/6/2
f 1075/6/2 1077/6/2 1050/6/2
f 1077/6/2 1076/6/2 1050/6/2
f 1076/6/2 1046/6/2 1051/6/2
f 1050/6/2 1076/6/2 1051/6/2
f 1045/6/2 1039/6/2 1052/6/2
f 1039/6/2 1048/6/2 1052/6/2
f 1044/6/693 1043/6/693 1042/6/693
f 1043/6/694 1041/6/694 1042/6/694
f 1049/6/2 1047/6/2 1042/6/2
f 1046/6/2 1045/6/2 1052/6/2
f 1046/6/2 1052/6/2 1051/6/2
f 1049/6/2 1042/6/2 1041/6/2
f 1055/1/2 1056/1/2 1053/1/2
f 1056/1/2 1057/1/2 1054/1/2
f 1057/1/2 1058/1/2 1054/1/2
f 808/6/487 778/6/487 1078/6/487
f 778/6/487 780/6/487 1080/6/487
f 780/6/487 810/6/487 1079/6/487
f 1080/6/487 1078/6/487 778/6/487
f 1028/6/695 1034/6/695 1033/6/695
f 1027/6/696 1033/6/696 1035/6/696
f 1035/6/697 1036/6/697 1030/6/697
f 1030/6/491 1036/6/491 1037/6/491
f 1038/6/492 1034/6/492 1028/6/492
f 1020/6/3 1030/6/3 1031/6/3
f 1038/6/474 1032/6/474 1031/6/474
f 1023/6/493 1021/6/493 1041/6/493
f 1022/6/494 1042/6/494 1039/6/494
f 1024/6/495 1044/6/495 1042/6/495
f 1025/6/5 1019/6/5 1039/6/5
f 587/6/5 586/6/5 595/6/5
f 586/6/5 596/6/5 595/6/5
f 590/6/663 589/6/663 588/6/663
f 589/6/698 587/6/698 588/6/698
f 587/6/5 595/6/5 588/6/5
f 595/6/5 593/6/5 588/6/5
f 598/6/5 597/6/5 592/6/5
f 598/6/5 592/6/5 591/6/5
f 585/6/5 588/6/5 593/6/5
f 598/6/5 591/6/5 585/6/5
f 585/6/5 593/6/5 594/6/5
f 1039/6/2 1042/6/2 1047/6/2
f 1048/6/699 1047/6/699 1053/6/699
f 1047/6/700 1049/6/700 1055/6/700
f 1050/6/701 1056/6/701 1055/6/701
f 1050/6/500 1051/6/500 1057/6/500
f 1048/6/501 1054/6/501 1058/6/501
f 1051/6/485 1052/6/485 1058/6/485
f 1043/6/503 1044/6/503 1024/6/503
f 1105/2/38 1107/2/38 1108/2/38
f 754/2/378 753/2/378 1064/2/378
f 753/2/378 755/2/378 1064/2/378
f 755/2/378 756/2/378 1064/2/378
f 756/2/378 1059/2/378 1063/2/378
f 1064/2/378 756/2/378 1063/2/378
f 750/2/508 749/2/508 752/2/508
f 749/2/508 1066/2/508 751/2/508
f 1073/2/460 746/2/460 1067/2/460
f 1067/2/460 749/2/460 1072/2/460
f 749/2/460 750/2/460 1072/2/460
f 1041/6/513 1021/6/513 1075/6/513
f 1021/6/513 1020/6/513 1075/6/513
f 1020/6/1 1026/6/1 1076/6/1
f 1026/6/1 1046/6/1 1076/6/1
f 724/2/3 725/2/3 765/2/3
f 759/2/3 757/2/3 721/2/3
f 757/2/3 1090/2/3 721/2/3
f 1092/2/3 1089/2/3 720/2/3
f 1089/2/3 755/2/3 720/2/3
f 1090/2/3 1092/2/3 721/2/3
f 724/2/3 765/2/3 763/2/3
f 723/2/3 724/2/3 763/2/3
f 755/2/3 753/2/3 720/2/3
f 753/2/3 751/2/3 718/2/3
f 751/2/3 1066/2/3 718/2/3
f 1068/2/3 1067/2/3 717/2/3
f 1067/2/3 746/2/3 716/2/3
f 723/2/3 763/2/3 761/2/3
f 722/2/3 723/2/3 761/2/3
f 769/2/3 767/2/3 727/2/3
f 767/2/3 726/2/3 727/2/3
f 722/2/3 761/2/3 759/2/3
f 721/2/3 722/2/3 759/2/3
f 771/2/3 769/2/3 727/2/3
f 771/2/3 727/2/3 728/2/3
f 720/2/3 721/2/3 1092/2/3
f 773/2/3 771/2/3 728/2/3
f 773/2/3 728/2/3 729/2/3
f 719/2/3 720/2/3 753/2/3
f 745/2/3 773/2/3 729/2/3
f 745/2/3 729/2/3 715/2/3
f 718/2/3 719/2/3 753/2/3
f 718/2/3 1066/2/3 717/2/3
f 1066/2/3 1068/2/3 717/2/3
f 746/2/3 745/2/3 716/2/3
f 745/2/3 715/2/3 716/2/3
f 757/2/379 758/2/379 1091/2/379
f 758/2/379 1061/2/379 1091/2/379
f 1061/2/379 756/2/379 1091/2/379
f 756/2/379 755/2/379 1089/2/379
f 1091/2/379 756/2/379 1089/2/379
f 986/2/521 1093/2/521 1094/2/521
f 986/2/522 1006/2/522 1095/2/522
f 1006/2/523 1005/2/523 1096/2/523
f 1005/2/524 985/2/524 1094/2/524
f 1025/2/522 1045/2/522 1097/2/522
f 1046/2/523 1099/2/523 1097/2/523
f 1026/2/524 1100/2/524 1099/2/524
f 1026/2/521 1025/2/521 1098/2/521
f 1093/2/3 1101/2/3 1102/2/3
f 1095/2/5 1103/2/5 1101/2/5
f 1096/2/2 1104/2/2 1103/2/2
f 1094/2/1 1102/2/1 1104/2/1
f 1097/2/5 1105/2/5 1106/2/5
f 1099/2/2 1107/2/2 1105/2/2
f 1100/2/1 1108/2/1 1107/2/1
f 1098/2/3 1106/2/3 1108/2/3
