# Blender 5.2.2 LTS
# www.blender.org
mtllib ruins_beacon_heart.mtl
o piece
v -2.471066 1.070630 0.070085
v 2.471081 1.070630 0.070085
v -2.471066 1.070630 -0.070086
v 2.471081 1.070630 -0.070086
v -2.471066 -1.808284 -0.070086
v 2.471081 -1.808284 -0.070086
v -2.471066 -1.808284 0.070085
v 2.471081 -1.808284 0.070085
v -2.283360 0.882930 -0.070086
v 2.283378 0.882930 -0.070086
v 2.283378 -1.620583 -0.070086
v -2.283360 -1.620583 -0.070086
v -2.283363 -1.620583 0.070085
v 2.283378 -1.620583 0.070085
v 2.283378 0.882930 0.070085
v -2.283363 0.882930 0.070085
v -2.445919 -0.443942 2.445929
v 2.445938 -0.443942 2.445929
v -2.445919 -0.305199 2.445929
v 2.445938 -0.305199 2.445929
v -2.445919 -0.305199 -2.445929
v 2.445938 -0.305199 -2.445929
v -2.445919 -0.443943 -2.445929
v 2.445938 -0.443943 -2.445929
v -2.260124 -0.305199 2.260138
v 2.260147 -0.305199 2.260138
v 2.260147 -0.305199 -2.260138
v -2.260124 -0.305199 -2.260138
v -2.260128 -0.443943 -2.260138
v 2.260147 -0.443943 -2.260138
v 2.260147 -0.443942 2.260138
v -2.260128 -0.443942 2.260138
v -0.068947 1.047159 -2.430935
v -0.068947 1.047159 2.430946
v 0.068947 1.047159 -2.430935
v 0.068947 1.047159 2.430946
v 0.068947 -1.785000 -2.430935
v 0.068947 -1.784999 2.430946
v -0.068947 -1.785000 -2.430935
v -0.068947 -1.784999 2.430946
v 0.068947 0.862507 -2.246277
v 0.068947 0.862507 2.246292
v 0.068947 -1.600347 2.246292
v 0.068947 -1.600347 -2.246277
v -0.068947 -1.600347 -2.246281
v -0.068947 -1.600347 2.246292
v -0.068947 0.862507 2.246292
v -0.068947 0.862507 -2.246281
v 2.414531 1.125429 -2.500000
v 2.161949 0.787378 -2.500000
v 2.500000 0.787378 -2.161949
v 2.161949 0.787378 -2.161949
v 2.161949 1.125429 -2.161949
v 2.500000 1.125429 -0.459961
v 2.500000 0.787378 -0.459961
v 2.161949 0.787378 -0.459961
v 2.161949 1.125429 -0.459961
v 0.464314 1.125429 -2.161949
v 0.464314 0.787378 -2.161949
v 0.464314 0.787378 -2.500000
v 0.464314 1.125429 -2.500000
v 2.451072 -0.025986 -2.210875
v 2.451072 -0.025986 -2.451075
v 2.210876 -0.025986 -2.451075
v 2.210876 -0.025986 -2.210875
v 2.451072 1.076503 -1.643082
v 2.451072 0.836304 -1.643082
v 2.210876 0.836304 -1.643082
v 2.210876 1.076503 -1.643082
v 1.816036 0.787378 -2.161949
v 1.816036 0.787378 -2.500000
v 1.816036 1.125429 -2.500000
v 1.816036 1.125429 -2.161949
v 2.451072 0.543369 -2.210875
v 2.451072 0.543368 -2.451075
v 2.210876 0.543368 -2.451075
v 2.210876 0.543369 -2.210875
v 2.500000 1.125429 -1.798743
v 2.500000 0.787378 -1.798743
v 2.161949 0.787378 -1.798743
v 2.161949 1.125429 -1.798743
v 2.210876 0.836304 -0.551932
v 2.451072 0.836304 -0.551932
v 2.451072 1.076503 -0.551932
v 2.210876 1.076503 -0.551932
v 2.500000 0.630451 -2.161949
v 2.500000 0.630451 -2.500000
v 2.161949 0.630451 -2.500000
v 2.161949 0.630451 -2.161949
v 2.500000 -0.094217 -2.161949
v 2.500000 -0.094217 -2.500000
v 2.161953 -0.094217 -2.500000
v 2.161953 -0.094217 -2.161949
v 1.665718 1.076503 -2.451075
v 1.665718 0.836304 -2.451075
v 1.665718 0.836304 -2.210875
v 1.665718 1.076503 -2.210875
v 0.560139 1.076503 -2.451075
v 0.560139 0.836304 -2.451075
v 0.560139 0.836304 -2.210875
v 0.560139 1.076503 -2.210875
v -2.500000 1.125429 -2.500000
v -2.161949 0.787378 -2.500000
v -2.500000 0.787378 -2.161949
v -2.161949 0.787378 -2.161949
v -2.161949 1.125429 -2.161949
v -2.379497 1.125429 -0.459961
v -2.500000 0.787378 -0.459961
v -2.161949 0.787378 -0.459961
v -2.161949 1.125429 -0.459961
v -0.464317 1.125429 -2.161949
v -0.464317 0.787378 -2.161949
v -0.464317 0.787378 -2.500000
v -0.464317 1.125429 -2.500000
v -2.441002 -0.043882 -2.202831
v -2.459705 -0.027749 -2.441755
v -2.220947 -0.008090 -2.459118
v -2.202244 -0.024223 -2.220194
v -2.451072 1.076503 -1.643082
v -2.451072 0.836304 -1.643082
v -2.210876 0.836304 -1.643082
v -2.210876 1.076503 -1.643082
v -1.816036 0.787378 -2.161949
v -1.816036 0.787378 -2.500000
v -1.816036 1.125429 -2.500000
v -1.816036 1.125429 -2.161949
v -2.451072 0.543369 -2.210875
v -2.451072 0.543368 -2.451075
v -2.210876 0.543368 -2.451075
v -2.210876 0.543369 -2.210875
v -2.500000 1.125429 -1.798743
v -2.500000 0.787378 -1.798743
v -2.161949 0.787378 -1.798743
v -2.161949 1.125429 -1.798743
v -2.210876 0.836304 -0.551932
v -2.451072 0.836304 -0.551932
v -2.451072 1.076503 -0.551932
v -2.210876 1.076503 -0.551932
v -2.500000 0.630451 -2.161949
v -2.500000 0.630451 -2.500000
v -2.161949 0.630451 -2.500000
v -2.161949 0.630451 -2.161949
v -2.500000 -0.094217 -2.161949
v -2.500000 -0.094217 -2.500000
v -2.161953 -0.094217 -2.500000
v -2.161953 -0.094217 -2.161949
v -1.665718 1.076503 -2.451075
v -1.665718 0.836304 -2.451075
v -1.665718 0.836304 -2.210875
v -1.665718 1.076503 -2.210875
v -0.553062 1.068590 -2.458300
v -0.544743 0.829069 -2.442314
v -0.567215 0.844217 -2.203650
v -0.575535 1.083738 -2.219635
v 2.500000 -1.874571 -2.500000
v 2.161949 -1.536520 -2.500000
v 2.500000 -1.536520 -2.161949
v 2.161949 -1.536520 -2.161949
v 2.161949 -1.874571 -2.161949
v 2.500000 -1.874571 -0.459961
v 2.500000 -1.536520 -0.459961
v 2.161949 -1.536520 -0.459961
v 2.161949 -1.874571 -0.459961
v 0.464314 -1.874571 -2.161949
v 0.464314 -1.536520 -2.161949
v 0.464314 -1.536520 -2.500000
v 0.464314 -1.874571 -2.500000
v 2.451072 -0.723156 -2.210875
v 2.451072 -0.723156 -2.451075
v 2.210876 -0.723156 -2.451075
v 2.210876 -0.723156 -2.210875
v 2.451072 -1.825645 -1.643082
v 2.451072 -1.585446 -1.643082
v 2.210876 -1.585446 -1.643082
v 2.210876 -1.825645 -1.643082
v 1.816036 -1.536520 -2.161949
v 1.816036 -1.536520 -2.500000
v 1.816036 -1.874571 -2.500000
v 1.816036 -1.874571 -2.161949
v 2.442016 -1.305552 -2.203119
v 2.458980 -1.266199 -2.439463
v 2.219932 -1.279469 -2.458830
v 2.202968 -1.318823 -2.222486
v 2.500000 -1.874571 -1.798743
v 2.500000 -1.536520 -1.798743
v 2.161949 -1.536520 -1.798743
v 2.161949 -1.874571 -1.798743
v 2.220016 -1.577078 -0.557541
v 2.459003 -1.595863 -0.572558
v 2.441933 -1.834013 -0.546322
v 2.202945 -1.815228 -0.531306
v 2.500000 -1.379593 -2.161949
v 2.500000 -1.379593 -2.500000
v 2.161949 -1.379593 -2.500000
v 2.161949 -1.379593 -2.161949
v 2.500000 -0.654925 -2.161949
v 2.500000 -0.654925 -2.500000
v 2.161953 -0.654925 -2.500000
v 2.161953 -0.654925 -2.161949
v 1.665718 -1.825645 -2.451075
v 1.665718 -1.585446 -2.451075
v 1.665718 -1.585446 -2.210875
v 1.665718 -1.825645 -2.210875
v 0.560139 -1.825645 -2.451075
v 0.560139 -1.585446 -2.451075
v 0.560139 -1.585446 -2.210875
v 0.560139 -1.825645 -2.210875
v -2.500000 -1.874571 -2.500000
v -2.161949 -1.536520 -2.500000
v -2.500000 -1.536520 -2.161949
v -2.161949 -1.536520 -2.161949
v -2.161949 -1.874571 -2.161949
v -2.500000 -1.874571 -0.459961
v -2.500000 -1.536520 -0.459961
v -2.161949 -1.536520 -0.459961
v -2.161949 -1.874571 -0.459961
v -0.464317 -1.874571 -2.161949
v -0.464317 -1.536520 -2.161949
v -0.464317 -1.536520 -2.500000
v -0.464317 -1.874571 -2.500000
v -2.451072 -0.723156 -2.210875
v -2.451072 -0.723156 -2.451075
v -2.210876 -0.723156 -2.451075
v -2.210876 -0.723156 -2.210875
v -2.451072 -1.825645 -1.643082
v -2.451072 -1.585446 -1.643082
v -2.210876 -1.585446 -1.643082
v -2.210876 -1.825645 -1.643082
v -1.816036 -1.536520 -2.161949
v -1.816036 -1.536520 -2.500000
v -1.816036 -1.874571 -2.500000
v -1.816036 -1.874571 -2.161949
v -2.451072 -1.292511 -2.210875
v -2.451072 -1.292511 -2.451075
v -2.210876 -1.292511 -2.451075
v -2.210876 -1.292511 -2.210875
v -2.500000 -1.874571 -1.798743
v -2.500000 -1.536520 -1.798743
v -2.161949 -1.536520 -1.798743
v -2.161949 -1.874571 -1.798743
v -2.210876 -1.585446 -0.551932
v -2.451072 -1.585446 -0.551932
v -2.451072 -1.825645 -0.551932
v -2.210876 -1.825645 -0.551932
v -2.500000 -1.379593 -2.161949
v -2.500000 -1.379593 -2.500000
v -2.161949 -1.379593 -2.500000
v -2.161949 -1.379593 -2.161949
v -2.500000 -0.654925 -2.161949
v -2.500000 -0.654925 -2.500000
v -2.161953 -0.654925 -2.500000
v -2.161953 -0.654925 -2.161949
v -1.665718 -1.825645 -2.451075
v -1.665718 -1.585446 -2.451075
v -1.665718 -1.585446 -2.210875
v -1.665718 -1.825645 -2.210875
v -0.560139 -1.825645 -2.451075
v -0.560139 -1.585446 -2.451075
v -0.560139 -1.585446 -2.210875
v -0.560139 -1.825645 -2.210875
v 2.500000 1.125429 2.500000
v 2.161949 0.787379 2.500000
v 2.500000 0.787379 2.161949
v 2.161949 0.787379 2.161949
v 2.161949 1.125429 2.161948
v 2.500000 1.125429 0.459959
v 2.500000 0.787378 0.459959
v 2.161949 0.787378 0.459959
v 2.161949 1.125429 0.459959
v 0.464314 1.125429 2.161948
v 0.464314 0.787379 2.161949
v 0.464314 0.787379 2.500000
v 0.464314 1.125429 2.412540
v 2.443020 -0.023912 2.203344
v 2.458496 -0.035312 2.442773
v 2.218929 -0.028060 2.458604
v 2.203453 -0.016660 2.219176
v 2.451072 1.076503 1.643081
v 2.451072 0.836305 1.643081
v 2.210876 0.836305 1.643081
v 2.210876 1.076503 1.643081
v 1.816036 0.787379 2.161949
v 1.816036 0.787379 2.500000
v 1.816036 1.125429 2.500000
v 1.816036 1.125429 2.161948
v 2.451072 0.543369 2.210875
v 2.451072 0.543369 2.451073
v 2.210876 0.543369 2.451073
v 2.210876 0.543369 2.210875
v 2.500000 1.125429 1.798742
v 2.500000 0.787379 1.798742
v 2.161949 0.787379 1.798742
v 2.161949 1.125429 1.798742
v 2.222133 0.826566 0.563903
v 2.460140 0.846907 0.538728
v 2.439815 1.086241 0.539956
v 2.201809 1.065900 0.565132
v 2.500000 0.630451 2.161949
v 2.500000 0.630451 2.500000
v 2.161949 0.630451 2.500000
v 2.161949 0.630451 2.161949
v 2.500000 -0.094217 2.161949
v 2.500000 -0.094217 2.500000
v 2.161953 -0.094217 2.500000
v 2.161953 -0.094217 2.161949
v 1.665718 1.076503 2.451073
v 1.665718 0.836305 2.451073
v 1.665718 0.836305 2.210875
v 1.665718 1.076503 2.210875
v 0.560139 1.076503 2.451073
v 0.560139 0.836305 2.451073
v 0.560139 0.836305 2.210875
v 0.560139 1.076503 2.210875
v -2.500000 1.125429 2.500000
v -2.161949 0.787379 2.500000
v -2.500000 0.787379 2.161949
v -2.161949 0.787379 2.161949
v -2.161949 1.125429 2.161948
v -2.500000 1.125429 0.459959
v -2.500000 0.787378 0.459959
v -2.161949 0.787378 0.459959
v -2.161949 1.125429 0.459959
v -0.464317 1.125429 2.161948
v -0.464317 0.787379 2.161949
v -0.464317 0.787379 2.500000
v -0.464317 1.125429 2.500000
v -2.451072 -0.025986 2.210875
v -2.451072 -0.025986 2.451073
v -2.210876 -0.025986 2.451073
v -2.210876 -0.025986 2.210875
v -2.440681 1.084749 1.624666
v -2.460201 0.846200 1.644882
v -2.221268 0.828058 1.661497
v -2.201748 1.066608 1.641281
v -1.816036 0.787379 2.161949
v -1.816036 0.787379 2.500000
v -1.816036 1.125429 2.500000
v -1.816036 1.125429 2.161948
v -2.451072 0.543369 2.210875
v -2.451072 0.543369 2.451073
v -2.210876 0.543369 2.451073
v -2.210876 0.543369 2.210875
v -2.500000 1.125429 1.798742
v -2.500000 0.787379 1.798742
v -2.161949 0.787379 1.798742
v -2.161949 1.125429 1.798742
v -2.203735 0.844046 0.546169
v -2.443451 0.829168 0.549190
v -2.458214 1.068761 0.557693
v -2.218498 1.083640 0.554672
v -2.500000 0.630451 2.161949
v -2.500000 0.630451 2.500000
v -2.161949 0.630451 2.500000
v -2.161949 0.630451 2.161949
v -2.500000 -0.094217 2.161949
v -2.414303 -0.094217 2.500000
v -2.161953 -0.094217 2.500000
v -2.161953 -0.094217 2.161949
v -1.665718 1.076503 2.451073
v -1.665718 0.836305 2.451073
v -1.665718 0.836305 2.210875
v -1.665718 1.076503 2.210875
v -0.569908 1.084337 2.442263
v -0.569023 0.844697 2.458608
v -0.550369 0.828470 2.219685
v -0.551254 1.068111 2.203340
v 2.500000 -1.874571 2.500000
v 2.161949 -1.536520 2.500000
v 2.500000 -1.536520 2.161949
v 2.161949 -1.536520 2.161949
v 2.161949 -1.874571 2.161949
v 2.500000 -1.874571 0.459959
v 2.500000 -1.536520 0.459959
v 2.161949 -1.536520 0.459959
v 2.161949 -1.874571 0.459959
v 0.464314 -1.874571 2.161949
v 0.464314 -1.536520 2.161949
v 0.464314 -1.536520 2.500000
v 0.464314 -1.874571 2.500000
v 2.451072 -0.723155 2.210875
v 2.451072 -0.723155 2.451073
v 2.210876 -0.723155 2.451073
v 2.210876 -0.723155 2.210875
v 2.451072 -1.825644 1.643082
v 2.451072 -1.585446 1.643082
v 2.210876 -1.585446 1.643082
v 2.210876 -1.825644 1.643082
v 1.816036 -1.536520 2.161949
v 1.816036 -1.536520 2.500000
v 1.816036 -1.874571 2.500000
v 1.816036 -1.874571 2.161949
v 2.451072 -1.292510 2.210875
v 2.451072 -1.292510 2.451073
v 2.210876 -1.292510 2.451073
v 2.210876 -1.292510 2.210875
v 2.500000 -1.874571 1.798742
v 2.500000 -1.536520 1.798742
v 2.161949 -1.536520 1.798742
v 2.161949 -1.874571 1.798742
v 2.210876 -1.585446 0.551931
v 2.451072 -1.585446 0.551931
v 2.451072 -1.825645 0.551931
v 2.210876 -1.825645 0.551931
v 2.500000 -1.379593 2.161949
v 2.500000 -1.379593 2.500000
v 2.161949 -1.379593 2.500000
v 2.161949 -1.379593 2.161949
v 2.500000 -0.654924 2.161949
v 2.500000 -0.654924 2.500000
v 2.161953 -0.654924 2.500000
v 2.161953 -0.654924 2.161949
v 1.665718 -1.825644 2.451073
v 1.665718 -1.585446 2.451073
v 1.665718 -1.585446 2.210875
v 1.665718 -1.825644 2.210875
v 0.560139 -1.825644 2.451073
v 0.560139 -1.585446 2.451073
v 0.560139 -1.585446 2.210875
v 0.560139 -1.825644 2.210875
v -2.500000 -1.874571 2.500000
v -2.161949 -1.536520 2.500000
v -2.500000 -1.536520 2.161949
v -2.161949 -1.536520 2.161949
v -2.161949 -1.874571 2.161949
v -2.500000 -1.874571 0.459959
v -2.500000 -1.536520 0.459959
v -2.161949 -1.536520 0.459959
v -2.161949 -1.874571 0.459959
v -0.464317 -1.874571 2.161949
v -0.464317 -1.536520 2.161949
v -0.464317 -1.536520 2.500000
v -0.464317 -1.874571 2.500000
v -2.451072 -0.723155 2.210875
v -2.451072 -0.723155 2.451073
v -2.210876 -0.723155 2.451073
v -2.210876 -0.723155 2.210875
v -2.451072 -1.825644 1.643082
v -2.451072 -1.585446 1.643082
v -2.210876 -1.585446 1.643082
v -2.210876 -1.825644 1.643082
v -1.816036 -1.536520 2.161949
v -1.816036 -1.536520 2.500000
v -1.816036 -1.874571 2.500000
v -1.816036 -1.874571 2.161949
v -2.451072 -1.292510 2.210875
v -2.451072 -1.292510 2.451073
v -2.210876 -1.292510 2.451073
v -2.210876 -1.292510 2.210875
v -2.500000 -1.874571 1.798742
v -2.500000 -1.536520 1.798742
v -2.161949 -1.536520 1.798742
v -2.161949 -1.874571 1.798742
v -2.210876 -1.585446 0.551931
v -2.451072 -1.585446 0.551931
v -2.451072 -1.825645 0.551931
v -2.210876 -1.825645 0.551931
v -2.500000 -1.379593 2.161949
v -2.500000 -1.379593 2.500000
v -2.161949 -1.379593 2.500000
v -2.161949 -1.379593 2.161949
v -2.500000 -0.654924 2.161949
v -2.500000 -0.654924 2.500000
v -2.161953 -0.654924 2.500000
v -2.161953 -0.654924 2.161949
v -1.648460 -1.824398 2.451073
v -1.682976 -1.586692 2.451073
v -1.682976 -1.586692 2.210875
v -1.648460 -1.824398 2.210875
v -0.560139 -1.825644 2.451073
v -0.560139 -1.585446 2.451073
v -0.560139 -1.585446 2.210875
v -0.560139 -1.825644 2.210875
v -0.044254 -0.305199 2.260138
v -0.047894 -0.305199 2.445928
v -0.047894 -0.443943 2.445928
v -0.044254 -0.443943 2.260138
v -0.684910 -0.352634 2.284124
v -0.746311 -0.352634 2.421942
v -0.746311 -0.455554 2.421942
v -0.684910 -0.455554 2.284124
v 0.173980 1.125429 2.500000
v 0.464314 1.034315 2.500000
v -2.500000 1.125429 -0.283646
v -2.499996 1.025650 -0.459961
v 0.089108 1.125429 -2.500000
v -0.210068 1.125429 -2.396706
v -0.188011 1.038185 -2.500000
v 2.260147 -0.305199 0.086847
v 2.445934 -0.305199 0.093986
v 2.445938 -0.443943 0.093986
v 2.260147 -0.443943 0.086849
v 2.281449 -0.384765 -1.087961
v 2.424629 -0.384765 -1.162666
v 2.424629 -0.277840 -1.162667
v 2.281452 -0.277840 -1.087963
v 0.068947 -1.785000 0.007498
v 0.068947 -1.600347 0.006931
v -0.068947 -1.600347 0.006929
v -0.068947 -1.785000 0.007498
v 0.106155 -1.764948 -1.360399
v 0.106155 -1.620398 -1.284289
v -0.001793 -1.620398 -1.284290
v -0.001793 -1.764948 -1.360399
v 2.500004 1.125429 -2.413237
v 2.499996 1.012595 -2.500000
v -0.068947 -0.288385 -2.430935
v 0.068947 -0.288385 -2.430935
v 0.068947 -0.298887 -2.246277
v -0.068947 -0.298887 -2.246281
v -0.028709 0.242753 -2.444719
v 0.088223 0.247512 -2.433142
v 0.075176 0.178245 -2.272919
v -0.041752 0.173486 -2.284500
v -2.500004 -0.094217 2.413650
v -2.500000 -0.260162 2.500000
v -0.109719 -1.122869 -0.659024
v -0.270615 -1.122869 -0.659024
v -0.351063 -1.244175 -0.659024
v -0.270615 -1.365480 -0.659024
v -0.109719 -1.365480 -0.659024
v -0.029271 -1.244175 -0.659024
v -0.109719 -1.122869 0.658484
v -0.270615 -1.122869 0.658484
v -0.351063 -1.244175 0.658484
v -0.270615 -1.365480 0.658484
v -0.109719 -1.365480 0.658484
v -0.029271 -1.244175 0.658484
v 0.270616 -1.122869 -0.659024
v 0.109720 -1.122869 -0.659024
v 0.029271 -1.244175 -0.659024
v 0.109720 -1.365480 -0.659024
v 0.270616 -1.365480 -0.659024
v 0.351064 -1.244175 -0.659024
v 0.270616 -1.122869 0.658484
v 0.109720 -1.122869 0.658484
v 0.029271 -1.244175 0.658484
v 0.109720 -1.365480 0.658484
v 0.270616 -1.365480 0.658484
v 0.351064 -1.244175 0.658484
v -0.109719 -1.365480 -0.531157
v -0.029271 -1.244175 -0.531157
v -0.109719 -1.122869 -0.531157
v -0.270615 -1.122869 -0.531157
v -0.351063 -1.244175 -0.531158
v -0.270615 -1.365480 -0.531157
v 0.270616 -1.365480 -0.531157
v 0.351064 -1.244175 -0.531157
v 0.270616 -1.122869 -0.531157
v 0.109720 -1.122869 -0.531157
v 0.029271 -1.244175 -0.531157
v 0.109720 -1.365480 -0.531157
v -0.109719 -1.365480 0.531147
v -0.029271 -1.244175 0.531147
v -0.109719 -1.122869 0.531147
v -0.270615 -1.122869 0.531147
v -0.351063 -1.244175 0.531147
v -0.270615 -1.365480 0.531147
v 0.270616 -1.365480 0.531146
v 0.351064 -1.244175 0.531147
v 0.270616 -1.122869 0.531147
v 0.109720 -1.122869 0.531147
v 0.029271 -1.244175 0.531147
v 0.109720 -1.365480 0.531146
v -0.150658 -1.344903 -0.491858
v -0.070210 -1.244175 -0.491858
v -0.070210 -1.244175 0.491848
v -0.150658 -1.344903 0.491848
v -0.130188 -1.153735 -0.491858
v -0.130188 -1.153734 0.491848
v -0.250146 -1.153735 -0.491858
v -0.250146 -1.153734 0.491848
v -0.310125 -1.244175 -0.491858
v -0.310125 -1.244175 0.491848
v -0.229676 -1.344903 -0.491858
v -0.229676 -1.344903 0.491848
v 0.229677 -1.344903 -0.491858
v 0.310125 -1.244175 -0.491858
v 0.310125 -1.244175 0.491848
v 0.229677 -1.344903 0.491848
v 0.250146 -1.153735 -0.491858
v 0.250146 -1.153734 0.491848
v 0.130189 -1.153735 -0.491858
v 0.130189 -1.153734 0.491848
v 0.070210 -1.244175 -0.491858
v 0.070210 -1.244175 0.491848
v 0.150658 -1.344903 -0.491858
v 0.150658 -1.344903 0.491848
v -0.627619 -1.097984 0.642674
v 0.627620 -1.097984 0.642674
v -0.627619 -1.097984 -0.642677
v 0.627620 -1.097984 -0.642677
v -0.439965 -1.097984 0.500425
v 0.439965 -1.097984 0.500425
v 0.439965 -1.097984 -0.500427
v -0.439965 -1.097984 -0.500427
v -0.370352 -1.303838 0.535114
v 0.370353 -1.303838 0.535114
v 0.370353 -1.303838 -0.535117
v -0.370352 -1.303838 -0.535117
v -0.668422 -1.339241 -0.684459
v 0.668422 -1.339241 -0.684459
v 0.668422 -1.339241 0.684455
v -0.668422 -1.339241 0.684455
v 0.879518 -1.339241 0.912599
v 0.879518 -1.339241 -0.912601
v -0.879518 -1.339241 -0.912601
v -0.879518 -1.339241 0.912599
v 0.382872 -1.097984 -0.711804
v 0.382873 -1.339241 -0.758079
v 0.382873 -1.339241 -0.912601
v 0.382873 -1.339241 0.912599
v 0.382873 -1.339241 0.758077
v 0.382872 -1.097984 0.711802
v -0.382872 -1.339241 0.912599
v -0.382872 -1.339241 -0.912601
v -0.382872 -1.339241 -0.758079
v -0.382872 -1.097984 -0.711804
v -0.382872 -1.097984 0.711802
v -0.382872 -1.339241 0.758077
v 0.278582 -1.339241 1.072199
v 0.278582 -1.339241 0.890652
v -0.278582 -1.339241 0.890652
v -0.278582 -1.339241 1.072199
v 0.269472 -1.303838 0.628698
v 0.269472 -1.303838 -0.628700
v -0.269472 -1.303838 -0.628700
v -0.269472 -1.303838 0.628698
v 0.278582 -1.339241 -0.890656
v 0.278582 -1.339241 -1.072201
v -0.278582 -1.339241 -1.072201
v -0.278582 -1.339241 -0.890656
v 0.278582 -1.097984 0.836285
v 0.278582 -1.097984 0.656617
v -0.278582 -1.097984 0.656618
v -0.278582 -1.097984 0.836285
v 0.278582 -1.097984 -0.656621
v 0.278582 -1.097984 -0.836288
v -0.278582 -1.097984 -0.836288
v -0.278582 -1.097984 -0.656621
v 0.627620 -1.097984 0.229340
v 0.627620 -1.097984 -0.229342
v 0.483392 -1.097984 -0.216139
v 0.483392 -1.097984 0.216136
v 0.647859 -1.208811 -0.213149
v 0.647859 -1.208811 0.213147
v -0.627619 -1.097984 0.229340
v -0.627619 -1.097984 -0.229342
v -0.483391 -1.097984 0.216136
v -0.483391 -1.097984 -0.216139
v -0.647859 -1.208811 0.213147
v -0.647859 -1.208811 -0.213149
v 0.648729 -1.066240 0.207319
v 0.648729 -1.066240 -0.207322
v 0.512552 -1.066240 -0.195386
v 0.512552 -1.066240 0.195383
v 0.679316 -1.174518 -0.192683
v 0.679316 -1.174518 0.192680
v -0.648729 -1.066240 0.207319
v -0.648729 -1.066240 -0.207322
v -0.512552 -1.066240 0.195383
v -0.512552 -1.066240 -0.195386
v -0.679316 -1.174518 0.192680
v -0.679316 -1.174518 -0.192683
v -0.889054 -1.387318 0.922494
v -0.382872 -1.387318 0.922494
v -0.278582 -1.387318 1.083825
v 0.278582 -1.387318 1.083825
v 0.382873 -1.387318 0.922494
v 0.889054 -1.387318 0.922494
v 0.889055 -1.387318 -0.922496
v 0.382873 -1.387318 -0.922496
v 0.278582 -1.387318 -1.083826
v -0.278582 -1.387318 -1.083826
v -0.382872 -1.387318 -0.922496
v -0.889054 -1.387318 -0.922496
v 0.438577 -1.874571 -1.181276
v 0.438577 -1.874570 1.181276
v -0.438577 -1.874570 1.181276
v -0.438577 -1.874571 -1.181276
v 0.602763 -1.874571 -1.005440
v 0.602763 -1.874570 1.005438
v 0.965383 -1.874571 -1.005440
v 0.965383 -1.874570 1.005438
v -0.965382 -1.874571 -1.005440
v -0.602763 -1.874571 -1.005440
v -0.602763 -1.874570 1.005438
v -0.965382 -1.874570 1.005438
v -0.602763 -1.387318 0.989517
v -0.950095 -1.387318 0.989517
v -0.438577 -1.387318 1.162568
v 0.438577 -1.387318 1.162568
v 0.602763 -1.387318 0.989517
v 0.950095 -1.387318 0.989517
v 0.950095 -1.387318 -0.989519
v 0.602763 -1.387318 -0.989519
v 0.438577 -1.387318 -1.162570
v -0.438577 -1.387318 -1.162570
v -0.602763 -1.387318 -0.989519
v -0.950095 -1.387318 -0.989519
v 1.095642 -1.874571 -0.860952
v 1.095642 -1.874570 0.860950
v 1.078293 -1.387318 -0.847319
v 1.078293 -1.387318 0.847317
v -1.095642 -1.874571 -0.860952
v -1.095642 -1.874570 0.860950
v -1.078292 -1.387318 0.847317
v -1.078292 -1.387318 -0.847319
v 0.094139 -1.097984 0.786049
v 0.094139 -1.097984 0.706853
v -0.094139 -1.097984 0.706853
v -0.094139 -1.097984 0.786049
v 0.094139 -1.097984 -0.706856
v 0.094139 -1.097984 -0.786052
v -0.094139 -1.097984 -0.786052
v -0.094139 -1.097984 -0.706856
v 0.082049 -1.126783 0.776275
v 0.082049 -1.126783 0.716626
v -0.082049 -1.126783 0.716626
v -0.082048 -1.126783 0.776275
v 0.082049 -1.126783 -0.716630
v 0.082049 -1.126783 -0.776279
v -0.082049 -1.126783 -0.776279
v -0.082049 -1.126783 -0.716630
v 0.124510 1.115221 -0.085094
v 0.076486 1.095751 -0.235395
v 0.312240 1.065057 -0.169254
v 0.205702 1.068931 -0.273743
v 0.128376 1.042459 -0.395106
v 0.478684 0.999013 -0.172027
v 0.379282 1.018413 -0.275565
v 0.311529 0.999014 -0.402095
v 0.177268 0.962424 -0.545570
v 0.545765 0.936919 -0.277090
v 0.432179 0.936919 -0.433427
v 0.221803 0.857240 -0.682646
v 0.790987 0.759811 -0.211647
v 0.651467 0.885718 -0.212096
v 0.552314 0.886284 -0.401279
v 0.403029 0.885718 -0.554041
v 0.347754 0.789999 -0.707200
v 0.260703 0.729291 -0.802362
v 0.975692 0.529194 -0.064965
v 0.900791 0.627196 -0.186696
v 0.713093 0.755657 -0.404623
v 0.605177 0.755657 -0.553156
v 0.480173 0.735621 -0.686413
v 0.368757 0.623988 -0.845900
v -0.042453 1.115221 -0.144712
v -0.200239 1.095751 -0.145482
v -0.005514 1.068931 -0.342371
v -0.153120 1.065057 -0.320460
v -0.336096 1.042459 -0.244192
v -0.015687 0.999013 -0.508414
v -0.144873 1.018413 -0.445873
v -0.286147 0.999013 -0.420537
v -0.464089 0.962425 -0.337180
v -0.094877 0.936919 -0.604678
v -0.278663 0.936919 -0.544963
v -0.580692 0.857240 -0.421898
v 0.134343 0.789999 -0.776541
v -0.000401 0.885718 -0.685124
v -0.210965 0.886284 -0.649284
v -0.402380 0.885717 -0.554513
v -0.565125 0.789999 -0.549270
v -0.682530 0.729291 -0.495887
v 0.202667 0.626077 -0.899136
v 0.014996 0.735620 -0.837559
v -0.164461 0.755657 -0.803226
v -0.339072 0.755659 -0.746490
v -0.504436 0.735621 -0.668784
v -0.594699 0.622467 -0.703915
v -0.682529 0.630505 -0.613635
v -0.160543 1.113240 -0.002867
v -0.200237 1.095751 0.145482
v -0.352092 1.065057 -0.046599
v -0.327318 1.068931 0.100554
v -0.336100 1.042459 0.244187
v -0.488377 0.999013 -0.142191
v -0.468818 1.018413 0.000000
v -0.488378 0.999013 0.142190
v -0.464088 0.962425 0.337180
v -0.604402 0.936919 -0.096622
v -0.604402 0.936919 0.096622
v -0.580692 0.857240 0.421897
v -0.697020 0.789999 -0.367732
v -0.651716 0.885718 -0.211332
v -0.682697 0.886284 -0.000001
v -0.651714 0.885718 0.211333
v -0.697020 0.789999 0.367732
v -0.682529 0.729291 0.495887
v -0.792456 0.623111 -0.475339
v -0.791930 0.735622 -0.273082
v -0.814734 0.755658 -0.091798
v -0.814733 0.755660 0.091799
v -0.791931 0.735621 0.273082
v -0.853235 0.622467 0.348071
v -0.794515 0.630506 0.459500
v -0.049843 1.116284 0.136782
v 0.076487 1.095751 0.235395
v -0.196779 1.068931 0.280225
v -0.064484 1.065057 0.349260
v 0.128378 1.042459 0.395106
v -0.286148 0.999014 0.420535
v -0.144873 1.018413 0.445873
v -0.015687 0.999013 0.508414
v 0.177268 0.962424 0.545569
v -0.278663 0.936919 0.544963
v -0.094877 0.936919 0.604678
v 0.221807 0.857241 0.682643
v -0.565125 0.789999 0.549271
v -0.402381 0.885719 0.554511
v -0.210965 0.886284 0.649285
v -0.000401 0.885717 0.685124
v 0.260704 0.729291 0.802362
v -0.696957 0.623110 0.606782
v -0.504436 0.735622 0.668784
v -0.339072 0.755659 0.746490
v -0.164460 0.755659 0.803224
v 0.043143 0.759812 0.817675
v 0.067371 0.622467 0.919034
v 0.191493 0.630505 0.897622
v 0.128197 1.113240 0.096684
v 0.247509 1.095751 -0.000001
v 0.205702 1.068931 0.273743
v 0.312240 1.065057 0.169255
v 0.415439 1.042459 -0.000002
v 0.311530 0.999013 0.402095
v 0.379283 1.018413 0.275565
v 0.478683 0.999013 0.172027
v 0.573646 0.962424 0.000000
v 0.432179 0.936919 0.433427
v 0.545765 0.936919 0.277090
v 0.717775 0.857240 -0.000002
v 0.347754 0.789999 0.707200
v 0.403032 0.885717 0.554040
v 0.552315 0.886284 0.401280
v 0.651467 0.885718 0.212096
v 0.780049 0.789999 0.112197
v 0.843654 0.729290 -0.000000
v 0.363291 0.529194 0.907863
v 0.455918 0.627197 0.799011
v 0.480173 0.735621 0.686413
v 0.605175 0.755659 0.553156
v 0.713092 0.755658 0.404621
v 0.801199 0.735621 0.244558
v 0.894873 0.622467 0.219924
v 0.912864 0.630505 0.095260
v 1.044653 0.369076 -0.000000
v 1.046472 0.324626 -0.150027
v 1.079718 0.199335 0.100554
v 1.087332 0.175445 -0.046600
v 1.059564 0.177069 -0.248103
v 1.089210 0.024011 0.142188
v 1.097814 0.050181 0.000000
v 1.089210 0.024011 -0.142189
v 1.044977 0.025429 -0.339533
v 1.085559 -0.107533 0.096622
v 1.085559 -0.107533 -0.096622
v 1.003038 -0.126209 -0.422075
v 0.995569 -0.256079 0.367732
v 1.060921 -0.172750 0.211334
v 1.075283 -0.200209 -0.000000
v 1.060921 -0.172752 -0.211333
v 0.995569 -0.256079 -0.367732
v 0.934797 -0.273768 -0.493727
v 0.891167 -0.418302 0.467682
v 0.989377 -0.365288 0.273081
v 1.017498 -0.376721 0.091798
v 1.017498 -0.376721 -0.091798
v 0.989377 -0.365289 -0.273081
v 0.888188 -0.420398 -0.472200
v 0.321629 0.383528 -0.989871
v 0.180696 0.324626 -1.041614
v 0.429284 0.199335 -0.995800
v 0.291681 0.175446 -1.048515
v 0.091462 0.177068 -1.084374
v 0.471814 0.024012 -0.991961
v 0.339243 0.050181 -1.044083
v 0.201352 0.024012 -1.079839
v 0.000000 0.025429 -1.098753
v 0.427349 -0.107534 -1.002570
v 0.243563 -0.107533 -1.062285
v -0.091461 -0.126210 -1.084374
v 0.657382 -0.256079 -0.833207
v 0.528832 -0.172751 -0.943691
v 0.332282 -0.200209 -1.022655
v 0.126854 -0.172749 -1.074301
v -0.180695 -0.273767 -1.041615
v 0.642110 -0.455423 -0.751584
v 0.565451 -0.365289 -0.856566
v 0.401730 -0.376723 -0.939330
v 0.227118 -0.376720 -0.996065
v 0.029275 -0.329777 -1.040549
v -0.169407 -0.418301 -0.992071
v -0.843100 0.378573 -0.612548
v -0.934796 0.324627 -0.493728
v -0.852279 0.175445 -0.676818
v -0.932614 0.199335 -0.553292
v -1.003038 0.177070 -0.422073
v -0.797611 0.024011 -0.755255
v -0.888150 0.050181 -0.645279
v -0.964767 0.024012 -0.525185
v -1.044976 0.025429 -0.339534
v -0.821442 -0.107534 -0.716244
v -0.935028 -0.107533 -0.559906
v -1.059564 -0.126210 -0.248102
v -0.635304 -0.329777 -0.824614
v -0.734085 -0.172749 -0.794565
v -0.869923 -0.200208 -0.632035
v -0.982521 -0.172751 -0.452622
v -1.021579 -0.256079 -0.287679
v -1.046472 -0.273768 -0.150027
v -0.441006 -0.420399 -0.904082
v -0.769214 -0.376722 -0.672336
v -0.877129 -0.376724 -0.523803
v -0.960936 -0.365288 -0.360613
v -0.995865 -0.418302 -0.145449
v -0.843100 0.378571 0.612548
v -0.758430 0.324626 0.736475
v -0.932614 0.199335 0.553292
v -0.852279 0.175445 0.676818
v -0.711373 0.177069 0.823517
v -0.964766 0.024012 0.525187
v -0.888150 0.050181 0.645279
v -0.797610 0.024012 0.755257
v -0.645831 0.025430 0.888910
v -0.935028 -0.107533 0.559907
v -0.821442 -0.107533 0.716244
v -0.563383 -0.126209 0.931037
v -1.021579 -0.256079 0.287679
v -0.982521 -0.172750 0.452623
v -0.869922 -0.200209 0.632036
v -0.734084 -0.172750 0.794566
v -0.589284 -0.256079 0.882682
v -0.466059 -0.273767 0.948895
v -0.996111 -0.420399 0.140044
v -0.960935 -0.365289 0.360613
v -0.877130 -0.376723 0.523802
v -0.769214 -0.376722 0.672337
v -0.639909 -0.365288 0.802469
v -0.446071 -0.418302 0.902177
v 0.322816 0.369073 0.993524
v 0.466061 0.324626 0.948894
v 0.291685 0.175445 1.048515
v 0.429284 0.199335 0.995799
v 0.563385 0.177069 0.931036
v 0.201350 0.024012 1.079839
v 0.339243 0.050181 1.044083
v 0.471816 0.024012 0.991960
v 0.645830 0.025429 0.888911
v 0.243564 -0.107533 1.062285
v 0.427349 -0.107533 1.002569
v 0.711374 -0.126210 0.823516
v -0.042086 -0.256079 1.060478
v 0.126852 -0.172751 1.074301
v 0.332281 -0.200207 1.022655
v 0.528833 -0.172750 0.943690
v 0.657382 -0.256079 0.833206
v 0.758430 -0.273768 0.736475
v -0.160018 -0.414528 0.994657
v -0.048103 -0.470724 0.978333
v 0.046019 -0.365287 1.025341
v 0.227119 -0.376723 0.996064
v 0.401731 -0.376721 0.939330
v 0.565450 -0.365288 0.856567
v 0.714101 -0.414527 0.710639
v 0.845142 -0.318215 -0.614031
v 0.758430 -0.273768 -0.736475
v 0.711372 -0.126211 -0.823518
v 0.852279 -0.124586 -0.676818
v 0.932614 -0.148477 -0.553292
v 0.645831 0.025430 -0.888910
v 0.797610 0.026846 -0.755257
v 0.888150 0.000678 -0.645279
v 0.964766 0.026847 -0.525187
v 0.563386 0.177069 -0.931036
v 0.821443 0.158392 -0.716244
v 0.935028 0.158392 -0.559906
v 0.466062 0.324628 -0.948893
v 0.635305 0.380635 -0.824613
v 0.734086 0.223610 -0.794565
v 0.869923 0.251065 -0.632036
v 0.982522 0.223608 -0.452621
v 0.454996 0.468247 -0.897621
v 0.511166 0.572851 -0.803369
v 0.641755 0.595207 -0.685169
v 0.769215 0.427581 -0.672336
v 0.755699 0.602731 -0.549047
v 0.877131 0.427579 -0.523803
v 0.849948 0.595208 -0.398617
v 0.980574 0.380637 -0.349390
v 0.964157 0.499538 -0.229930
v -0.322815 -0.318215 -0.993524
v -0.466061 -0.273768 -0.948893
v -0.563385 -0.126209 -0.931037
v -0.429284 -0.148477 -0.995800
v -0.291683 -0.124587 -1.048515
v -0.645831 0.025429 -0.888910
v -0.471815 0.026847 -0.991960
v -0.339243 0.000678 -1.044083
v -0.201350 0.026846 -1.079839
v -0.711373 0.177068 -0.823517
v -0.427349 0.158392 -1.002570
v -0.243563 0.158392 -1.062285
v -0.758430 0.324627 -0.736475
v -0.657381 0.306938 -0.833207
v -0.528832 0.223609 -0.943691
v -0.332281 0.251066 -1.022655
v -0.126852 0.223608 -1.074302
v 0.042086 0.306937 -1.060478
v -0.749976 0.488940 -0.655097
v -0.644869 0.499539 -0.752734
v -0.565450 0.416146 -0.856567
v -0.453320 0.595209 -0.822074
v -0.401729 0.427580 -0.939330
v -0.288651 0.602733 -0.888376
v -0.227118 0.427583 -0.996064
v -0.116458 0.595209 -0.931527
v -0.046019 0.416146 -1.025340
v 0.058667 0.572852 -0.950393
v 0.159510 0.468247 -0.993630
v -1.044652 -0.318217 0.000000
v -1.046472 -0.273768 0.150027
v -1.059564 -0.126209 0.248103
v -1.087332 -0.124586 0.046601
v -1.079717 -0.148477 -0.100554
v -1.044976 0.025429 0.339533
v -1.089209 0.026848 0.142191
v -1.097813 0.000678 0.000000
v -1.089209 0.026847 -0.142191
v -1.003037 0.177069 0.422075
v -1.085558 0.158392 0.096622
v -1.085558 0.158392 -0.096622
v -0.934796 0.324626 0.493729
v -0.995569 0.306938 0.367732
v -1.060921 0.223609 0.211333
v -1.075283 0.251068 0.000000
v -1.060921 0.223609 -0.211332
v -0.854789 0.488940 0.510834
v -0.915168 0.499537 0.380700
v -0.989377 0.416146 0.273082
v -0.921922 0.595208 0.177099
v -1.017496 0.427583 0.091799
v -0.934094 0.602733 -0.000001
v -1.017496 0.427582 -0.091798
v -0.921923 0.595208 -0.177099
v -0.998667 0.380636 -0.293705
v -0.885749 0.572853 -0.349482
v -0.895707 0.468248 -0.458752
v -0.322036 -0.327714 0.991123
v -0.180696 -0.273767 1.041615
v -0.091464 -0.126208 1.084374
v -0.291685 -0.124586 1.048515
v -0.429284 -0.148477 0.995799
v -0.000001 0.025430 1.098753
v -0.201352 0.026847 1.079839
v -0.339243 0.000678 1.044083
v -0.471818 0.026846 0.991959
v 0.091462 0.177068 1.084374
v -0.243563 0.158392 1.062285
v -0.427348 0.158392 1.002570
v 0.180696 0.324626 1.041615
v 0.042087 0.306938 1.060478
v -0.126852 0.223608 1.074301
v -0.332281 0.251067 1.022655
v -0.528832 0.223609 0.943691
v 0.221688 0.488940 0.970809
v 0.079265 0.499537 0.988020
v -0.046018 0.416147 1.025340
v -0.116458 0.595210 0.931526
v -0.227117 0.427581 0.996065
v -0.288651 0.602732 0.888377
v -0.401729 0.427581 0.939330
v -0.453320 0.595210 0.822073
v -0.587934 0.380637 0.859029
v -0.606089 0.572852 0.734401
v -0.713087 0.468247 0.710106
v 0.934798 -0.273768 0.493726
v 0.843101 -0.327714 0.612548
v 1.003038 -0.126211 0.422074
v 0.907063 -0.124587 0.601415
v 0.814406 -0.148477 0.715992
v 1.044977 0.025429 0.339533
v 0.964767 0.026847 0.525185
v 0.888150 0.000678 0.645278
v 0.797610 0.026846 0.755258
v 1.059565 0.177067 0.248103
v 0.935028 0.158392 0.559906
v 0.821443 0.158392 0.716244
v 1.046472 0.324626 0.150026
v 1.021580 0.306938 0.287679
v 0.982522 0.223609 0.452622
v 0.869923 0.251067 0.632035
v 0.734085 0.223608 0.794565
v 0.589285 0.306938 0.882682
v 0.991800 0.488940 0.089159
v 0.964156 0.499538 0.229930
v 0.960936 0.416147 0.360614
v 0.849947 0.595209 0.398616
v 0.877130 0.427583 0.523802
v 0.755699 0.602732 0.549047
v 0.769215 0.427581 0.672337
v 0.641756 0.595207 0.685169
v 0.639910 0.416146 0.802469
v 0.516617 0.499539 0.845914
v 0.040075 -1.065426 -0.139956
v 0.200240 -1.044892 -0.145481
v 0.064483 -1.014199 -0.349260
v 0.196780 -1.018072 -0.280225
v 0.336099 -0.991600 -0.244188
v 0.015686 -0.948155 -0.508414
v 0.144873 -0.967554 -0.445873
v 0.286148 -0.948155 -0.420534
v 0.464090 -0.911566 -0.337179
v 0.094878 -0.886061 -0.604678
v 0.278663 -0.886061 -0.544963
v 0.580692 -0.806382 -0.421899
v -0.200065 -0.650434 -0.843459
v -0.134342 -0.739140 -0.776541
v 0.000403 -0.834858 -0.685125
v 0.210966 -0.835425 -0.649284
v 0.402381 -0.834859 -0.554512
v 0.682531 -0.678432 -0.495886
v -0.239592 -0.531829 -0.915706
v -0.058666 -0.521994 -0.950393
v -0.014996 -0.684763 -0.837557
v 0.116458 -0.544351 -0.931527
v 0.164462 -0.704799 -0.803225
v 0.288652 -0.551872 -0.888378
v 0.339073 -0.704799 -0.746492
v 0.453321 -0.544350 -0.822074
v 0.515519 -0.708952 -0.636157
v 0.619581 -0.581094 -0.674902
v 0.752135 -0.483704 -0.621225
v -0.131567 -1.062381 -0.092045
v -0.076483 -1.044892 -0.235396
v -0.323910 -1.018072 -0.111042
v -0.257456 -1.014199 -0.244655
v -0.128378 -0.991600 -0.395106
v -0.478683 -0.948155 -0.172026
v -0.379282 -0.967554 -0.275565
v -0.311528 -0.948155 -0.402096
v -0.177264 -0.911566 -0.545570
v -0.545764 -0.886061 -0.277090
v -0.432178 -0.886061 -0.433427
v -0.221805 -0.806382 -0.682644
v -0.864001 -0.650434 -0.070369
v -0.790986 -0.708952 -0.211647
v -0.651466 -0.834860 -0.212096
v -0.552315 -0.835425 -0.401280
v -0.403030 -0.834859 -0.554040
v -0.336816 -0.711100 -0.745383
v -0.944926 -0.531829 -0.055103
v -0.922007 -0.521993 -0.237892
v -0.849947 -0.544350 -0.398616
v -0.713092 -0.704799 -0.404622
v -0.755698 -0.551873 -0.549047
v -0.605174 -0.704801 -0.553155
v -0.641754 -0.544351 -0.685168
v -0.480172 -0.684763 -0.686412
v -0.511165 -0.521994 -0.803367
v -0.372059 -0.578805 -0.840002
v -0.119405 -1.064362 0.092122
v -0.247509 -1.044892 -0.000002
v -0.205701 -1.018072 0.273743
v -0.312239 -1.014199 0.169252
v -0.415440 -0.991600 0.000001
v -0.311527 -0.948155 0.402096
v -0.379282 -0.967554 0.275565
v -0.478683 -0.948155 0.172026
v -0.573646 -0.911566 0.000000
v -0.432178 -0.886061 0.433427
v -0.545764 -0.886061 0.277090
v -0.717774 -0.806382 -0.000000
v -0.347754 -0.739140 0.707200
v -0.403031 -0.834858 0.554041
v -0.552314 -0.835425 0.401280
v -0.651467 -0.834859 0.212096
v -0.812983 -0.711100 0.089996
v -0.374920 -0.577632 0.839399
v -0.511165 -0.521994 0.803368
v -0.480173 -0.684762 0.686413
v -0.641755 -0.544349 0.685169
v -0.605175 -0.704800 0.553156
v -0.755699 -0.551872 0.549048
v -0.713091 -0.704799 0.404622
v -0.849946 -0.544351 0.398616
v -0.801198 -0.684763 0.244557
v -0.922007 -0.521993 0.237893
v -0.913862 -0.578805 0.094274
v 0.050714 -1.064362 0.142027
v -0.076486 -1.044892 0.235395
v 0.153124 -1.014199 0.320458
v 0.005514 -1.018072 0.342371
v -0.128377 -0.991600 0.395107
v 0.286147 -0.948155 0.420536
v 0.144873 -0.967554 0.445873
v 0.015687 -0.948155 0.508414
v -0.177267 -0.911566 0.545569
v 0.278664 -0.886061 0.544963
v 0.094878 -0.886061 0.604678
v -0.221805 -0.806382 0.682644
v 0.657630 -0.650434 0.564777
v 0.565126 -0.739140 0.549270
v 0.402381 -0.834859 0.554513
v 0.210966 -0.835423 0.649286
v 0.000401 -0.834859 0.685123
v -0.134342 -0.739140 0.776541
v -0.260703 -0.678432 0.802362
v 0.732073 -0.531829 0.599993
v 0.606090 -0.521993 0.734401
v 0.504436 -0.684763 0.668784
v 0.453321 -0.544350 0.822074
v 0.339074 -0.704798 0.746492
v 0.288651 -0.551874 0.888377
v 0.164461 -0.704798 0.803226
v 0.116459 -0.544349 0.931527
v -0.014995 -0.684761 0.837559
v -0.104553 -0.581094 0.910188
v -0.239592 -0.531829 0.915706
v 0.160544 -1.062381 -0.002867
v 0.200239 -1.044892 0.145483
v 0.352092 -1.014199 -0.046600
v 0.327318 -1.018072 0.100554
v 0.336097 -0.991600 0.244190
v 0.488378 -0.948155 -0.142191
v 0.468819 -0.967554 0.000000
v 0.488377 -0.948155 0.142192
v 0.464088 -0.911566 0.337182
v 0.604402 -0.886061 -0.096622
v 0.604402 -0.886061 0.096622
v 0.580693 -0.806382 0.421897
v 0.697021 -0.739140 -0.367732
v 0.651716 -0.834859 -0.211333
v 0.682699 -0.835424 0.000000
v 0.651715 -0.834859 0.211333
v 0.710616 -0.711101 0.405052
v 0.794744 -0.578804 -0.460886
v 0.885749 -0.521993 -0.349483
v 0.791930 -0.684763 -0.273082
v 0.921924 -0.544348 -0.177099
v 0.814735 -0.704798 -0.091799
v 0.934096 -0.551872 -0.000000
v 0.814735 -0.704798 0.091799
v 0.921923 -0.544350 0.177099
v 0.791931 -0.684763 0.273081
v 0.885750 -0.521993 0.349483
v 0.794744 -0.578805 0.460886
v -2.074915 0.314276 -0.595847
v -2.150000 0.444326 -0.595847
v -2.224791 0.407824 -0.628339
v -2.225084 0.314276 -0.595847
v -2.150000 0.270926 -0.595847
v -2.074915 0.444326 -0.725898
v -2.225084 0.444326 -0.725898
v -2.150000 0.444326 -0.769248
v -2.225084 1.874571 -0.725898
v -2.225084 1.874571 -0.639199
v -2.150000 1.874571 -0.595847
v -2.074915 1.874571 -0.639199
v -2.074915 1.874571 -0.725898
v -2.150000 1.874571 -0.769248
v -2.225084 0.350859 -0.689315
v -2.150000 0.319702 -0.720472
v -2.074915 0.350858 -0.689315
v -2.075208 0.411836 -0.632351
v -2.074915 -0.089423 -0.999547
v -2.150000 0.040627 -0.999547
v -2.224791 0.004124 -1.032038
v -2.225084 -0.089423 -0.999547
v -2.150000 -0.132774 -0.999547
v -2.074915 0.040627 -1.129598
v -2.225084 0.040627 -1.129598
v -2.150000 0.040627 -1.172948
v -2.225084 1.874571 -1.129598
v -2.225084 1.874571 -1.042898
v -2.150000 1.874571 -0.999547
v -2.074915 1.874571 -1.042898
v -2.074915 1.874571 -1.129598
v -2.150000 1.874571 -1.172948
v -2.225084 -0.052841 -1.093015
v -2.150000 -0.083998 -1.124172
v -2.074915 -0.052841 -1.093015
v -2.075145 0.006849 -1.033327
v -2.074915 0.112426 -0.797697
v -2.150000 0.242477 -0.797697
v -2.224791 0.205974 -0.830188
v -2.225084 0.112426 -0.797697
v -2.150000 0.069076 -0.797697
v -2.074915 0.242477 -0.927747
v -2.225084 0.242477 -0.927747
v -2.150000 0.242477 -0.971098
v -2.225084 1.874571 -0.927747
v -2.225084 1.874571 -0.841048
v -2.150000 1.874571 -0.797697
v -2.074915 1.874571 -0.841048
v -2.074915 1.874571 -0.927747
v -2.150000 1.874571 -0.971098
v -2.225084 0.149009 -0.891165
v -2.150000 0.117852 -0.922322
v -2.074915 0.149009 -0.891165
v -2.075281 0.210018 -0.834165
v -2.074915 -0.002723 0.595846
v -2.150000 -0.132774 0.595846
v -2.224718 -0.096306 0.628305
v -2.225084 -0.002723 0.595846
v -2.150000 0.040627 0.595846
v -2.074915 -0.132774 0.725896
v -2.225084 -0.132774 0.725896
v -2.150000 -0.132774 0.769245
v -2.225084 -1.874571 0.725896
v -2.225084 -1.874571 0.639196
v -2.150000 -1.874571 0.595847
v -2.074915 -1.874571 0.639196
v -2.074915 -1.874571 0.725896
v -2.150000 -1.874571 0.769245
v -2.225084 -0.039305 0.689313
v -2.150000 -0.008149 0.720470
v -2.074915 -0.039305 0.689313
v -2.075208 -0.100283 0.632349
v -2.074915 0.400976 0.999544
v -2.150000 0.270926 0.999544
v -2.224791 0.307429 1.032036
v -2.225084 0.400976 0.999544
v -2.150000 0.444326 0.999544
v -2.074915 0.270926 1.129596
v -2.225084 0.270926 1.129596
v -2.150000 0.270926 1.172945
v -2.225084 -1.874570 1.129596
v -2.225084 -1.874570 1.042896
v -2.150000 -1.874571 0.999545
v -2.074915 -1.874571 1.042896
v -2.074915 -1.874570 1.129596
v -2.150000 -1.874570 1.172945
v -2.225084 0.364394 1.093013
v -2.150000 0.395550 1.124170
v -2.074915 0.364394 1.093013
v -2.075145 0.304705 1.033324
v -2.074915 0.199126 0.797694
v -2.150000 0.069076 0.797694
v -2.224791 0.105579 0.830187
v -2.225084 0.199126 0.797694
v -2.150000 0.242477 0.797694
v -2.074915 0.069076 0.927746
v -2.225084 0.069076 0.927746
v -2.150000 0.069076 0.971095
v -2.225084 -1.874571 0.927746
v -2.225084 -1.874571 0.841046
v -2.150000 -1.874571 0.797694
v -2.074915 -1.874571 0.841046
v -2.074915 -1.874571 0.927746
v -2.150000 -1.874571 0.971095
v -2.225084 0.162544 0.891163
v -2.150000 0.193701 0.922320
v -2.074915 0.162544 0.891163
v -2.075208 0.101567 0.834199
v -2.225084 -0.002723 -0.203139
v -2.150000 0.040627 -0.203139
v -2.074915 -0.002723 -0.203139
v -2.074915 -0.089423 -0.203139
v -2.150000 -0.132774 -0.203139
v -2.225084 -0.089423 -0.203139
v -2.150000 -0.132774 -0.252502
v -2.074915 -0.089423 -0.252502
v -2.074915 -0.002723 -0.252502
v -2.150000 0.040627 -0.252502
v -2.225084 -0.002723 -0.252502
v -2.225084 -0.089423 -0.252502
v -2.150000 -0.132774 -0.330380
v -2.074915 -0.089423 -0.330380
v -2.074915 -0.002723 -0.330380
v -2.150000 0.040627 -0.330380
v -2.225084 -0.002723 -0.330380
v -2.225084 -0.089423 -0.330380
v -2.150000 -0.132774 -0.387681
v -2.074915 -0.089423 -0.387681
v -2.074915 -0.002723 -0.387681
v -2.150000 0.040627 -0.387681
v -2.225084 -0.002723 -0.387681
v -2.225084 -0.089423 -0.387681
v -2.225084 0.199126 0.227582
v -2.150000 0.242477 0.227582
v -2.074915 0.199126 0.227582
v -2.074915 0.112426 0.227582
v -2.150000 0.069076 0.227582
v -2.225084 0.112426 0.227582
v -2.225084 0.199126 0.290243
v -2.150000 0.242477 0.290243
v -2.074915 0.199126 0.290243
v -2.074915 0.112426 0.290243
v -2.150000 0.069076 0.290243
v -2.225084 0.112426 0.290243
v -2.225084 -0.229713 1.042896
v -2.150000 -0.229713 0.999544
v -2.074915 -0.229713 1.042896
v -2.074915 -0.229713 1.129596
v -2.150000 -0.229713 1.172945
v -2.225084 -0.229713 1.129596
v -2.225084 -0.291087 1.042896
v -2.150000 -0.291087 0.999544
v -2.074915 -0.291087 1.042896
v -2.074915 -0.291087 1.129596
v -2.150000 -0.291087 1.172945
v -2.225084 -0.291087 1.129596
v -2.150000 0.807659 -0.595847
v -2.074915 0.807659 -0.639199
v -2.074915 0.807659 -0.725898
v -2.150000 0.807659 -0.769248
v -2.225084 0.807659 -0.725898
v -2.225084 0.807659 -0.639199
v -2.150000 0.747438 -0.595847
v -2.074915 0.747438 -0.639199
v -2.074915 0.747438 -0.725898
v -2.150000 0.747438 -0.769248
v -2.225084 0.747438 -0.725898
v -2.225084 0.747438 -0.639199
v -2.150000 0.388834 -0.999547
v -2.074915 0.388834 -1.042898
v -2.074915 0.388834 -1.129598
v -2.150000 0.388834 -1.172948
v -2.225084 0.388834 -1.129598
v -2.225084 0.388834 -1.042898
v -2.150000 0.435867 -0.999547
v -2.074915 0.435867 -1.042898
v -2.074915 0.435867 -1.129598
v -2.150000 0.435867 -1.172948
v -2.225084 0.435867 -1.129598
v -2.225084 0.435867 -1.042898
v -2.243547 0.007936 -0.247692
v -2.243547 -0.100083 -0.247692
v -2.243547 -0.100083 -0.207948
v -2.243547 0.007936 -0.207948
v -2.150000 0.061945 -0.247692
v -2.150000 0.061945 -0.207948
v -2.056453 0.007936 -0.247692
v -2.056453 0.007936 -0.207948
v -2.056453 -0.100083 -0.247692
v -2.056453 -0.100083 -0.207948
v -2.150000 -0.154092 -0.247692
v -2.150000 -0.154092 -0.207948
v -2.150000 -0.154092 -0.382098
v -2.056453 -0.100083 -0.382098
v -2.056453 -0.100083 -0.335963
v -2.150000 -0.154092 -0.335963
v -2.056453 0.007936 -0.382098
v -2.056453 0.007936 -0.335963
v -2.150000 0.061945 -0.382098
v -2.150000 0.061945 -0.335963
v -2.243547 0.007936 -0.382098
v -2.243547 0.007936 -0.335963
v -2.243547 -0.100083 -0.382098
v -2.243547 -0.100083 -0.335963
v -2.243547 0.209786 0.233689
v -2.150000 0.263795 0.233689
v -2.243547 0.209786 0.284137
v -2.150000 0.263795 0.284137
v -2.056453 0.209786 0.233689
v -2.056453 0.209786 0.284137
v -2.056453 0.101767 0.233689
v -2.056453 0.101767 0.284137
v -2.150000 0.047758 0.233689
v -2.150000 0.047758 0.284137
v -2.243547 0.101767 0.233689
v -2.243547 0.101767 0.284137
v -2.243547 -0.235694 1.032236
v -2.150000 -0.235694 0.978226
v -2.150000 -0.285107 0.978226
v -2.243547 -0.285106 1.032236
v -2.056453 -0.235694 1.032236
v -2.056453 -0.285106 1.032236
v -2.056453 -0.235694 1.140256
v -2.056453 -0.285106 1.140256
v -2.150000 -0.235694 1.194265
v -2.150000 -0.285106 1.194265
v -2.243547 -0.235694 1.140256
v -2.243547 -0.285106 1.140256
v -2.150000 0.753306 -0.574529
v -2.056453 0.753306 -0.628538
v -2.056453 0.801790 -0.628538
v -2.150000 0.801790 -0.574529
v -2.056453 0.753306 -0.736559
v -2.056453 0.801790 -0.736559
v -2.150000 0.753306 -0.790567
v -2.150000 0.801790 -0.790567
v -2.243547 0.753306 -0.736559
v -2.243547 0.801790 -0.736559
v -2.243547 0.753306 -0.628538
v -2.243547 0.801790 -0.628538
v -2.150000 0.393418 -0.978229
v -2.056453 0.393418 -1.032237
v -2.056453 0.431284 -1.032237
v -2.150000 0.431284 -0.978229
v -2.056453 0.393418 -1.140257
v -2.056453 0.431284 -1.140257
v -2.150000 0.393418 -1.194267
v -2.150000 0.431284 -1.194267
v -2.243547 0.393418 -1.140257
v -2.243547 0.431284 -1.140257
v -2.243547 0.393418 -1.032237
v -2.243547 0.431284 -1.032237
v 2.225085 0.314276 -0.595847
v 2.150000 0.444326 -0.595847
v 2.075209 0.407824 -0.628339
v 2.074917 0.314276 -0.595847
v 2.150000 0.270926 -0.595847
v 2.225085 0.444326 -0.725898
v 2.074917 0.444326 -0.725898
v 2.150000 0.444326 -0.769248
v 2.074917 1.874571 -0.725898
v 2.074917 1.874571 -0.639199
v 2.150000 1.874571 -0.595847
v 2.225085 1.874571 -0.639199
v 2.225085 1.874571 -0.725898
v 2.150000 1.874571 -0.769248
v 2.074917 0.350859 -0.689315
v 2.150000 0.319702 -0.720472
v 2.225085 0.350858 -0.689315
v 2.224792 0.411836 -0.632351
v 2.225085 -0.089423 -0.999547
v 2.150000 0.040627 -0.999547
v 2.075210 0.004124 -1.032038
v 2.074917 -0.089423 -0.999547
v 2.150000 -0.132774 -0.999547
v 2.225085 0.040627 -1.129598
v 2.074917 0.040627 -1.129598
v 2.150000 0.040627 -1.172948
v 2.074917 1.874571 -1.129598
v 2.074917 1.874571 -1.042898
v 2.150000 1.874571 -0.999547
v 2.225085 1.874571 -1.042898
v 2.225085 1.874571 -1.129598
v 2.150000 1.874571 -1.172948
v 2.074917 -0.052841 -1.093015
v 2.150000 -0.083998 -1.124172
v 2.225085 -0.052841 -1.093015
v 2.224797 0.006874 -1.033301
v 2.225085 0.112426 -0.797697
v 2.150000 0.242477 -0.797697
v 2.075210 0.205974 -0.830188
v 2.074917 0.112426 -0.797697
v 2.150000 0.069076 -0.797697
v 2.225085 0.242477 -0.927747
v 2.074917 0.242477 -0.927747
v 2.150000 0.242477 -0.971098
v 2.074917 1.874571 -0.927747
v 2.074917 1.874571 -0.841048
v 2.150000 1.874571 -0.797697
v 2.225085 1.874571 -0.841048
v 2.225085 1.874571 -0.927747
v 2.150000 1.874571 -0.971098
v 2.074917 0.149009 -0.891165
v 2.150000 0.117852 -0.922322
v 2.225085 0.149009 -0.891165
v 2.224719 0.210018 -0.834165
v 2.225085 -0.002723 0.595846
v 2.150000 -0.132774 0.595846
v 2.074917 -0.002723 0.595846
v 2.150000 0.040627 0.595846
v 2.225085 -0.132774 0.725896
v 2.075385 -0.097383 0.631236
v 2.074917 -0.132774 0.725896
v 2.150000 -0.132774 0.769245
v 2.074917 -1.874571 0.725896
v 2.074917 -1.874571 0.639196
v 2.150000 -1.874571 0.595847
v 2.225085 -1.874571 0.639196
v 2.225085 -1.874571 0.725896
v 2.150000 -1.874571 0.769245
v 2.074917 -0.039305 0.689313
v 2.150000 -0.008149 0.720470
v 2.225085 -0.039305 0.689313
v 2.224792 -0.100283 0.632349
v 2.225085 0.400976 0.999544
v 2.150000 0.270926 0.999544
v 2.075210 0.307429 1.032036
v 2.074917 0.400976 0.999544
v 2.150000 0.444326 0.999544
v 2.225085 0.270926 1.129596
v 2.074917 0.270926 1.129596
v 2.150000 0.270926 1.172945
v 2.074917 -1.874570 1.129596
v 2.074917 -1.874570 1.042896
v 2.150000 -1.874571 0.999545
v 2.225085 -1.874571 1.042896
v 2.225085 -1.874570 1.129596
v 2.150000 -1.874570 1.172945
v 2.074917 0.364394 1.093013
v 2.150000 0.395550 1.124170
v 2.225085 0.364394 1.093013
v 2.224792 0.303416 1.036049
v 2.225085 0.199126 0.797694
v 2.150000 0.069076 0.797694
v 2.075209 0.105579 0.830187
v 2.074917 0.199126 0.797694
v 2.150000 0.242477 0.797694
v 2.225085 0.069076 0.927746
v 2.074917 0.069076 0.927746
v 2.150000 0.069076 0.971095
v 2.074917 -1.874571 0.927746
v 2.074917 -1.874571 0.841046
v 2.150000 -1.874571 0.797694
v 2.225085 -1.874571 0.841046
v 2.225085 -1.874571 0.927746
v 2.150000 -1.874571 0.971095
v 2.074917 0.162544 0.891163
v 2.150000 0.193701 0.922320
v 2.225085 0.162544 0.891163
v 2.224719 0.101535 0.834163
v 2.074917 -0.002723 -0.203139
v 2.150000 0.040627 -0.203139
v 2.225085 -0.002723 -0.203139
v 2.225085 -0.089423 -0.203139
v 2.150000 -0.132774 -0.203139
v 2.074917 -0.089423 -0.203139
v 2.150000 -0.132774 -0.252502
v 2.225085 -0.089423 -0.252502
v 2.225085 -0.002723 -0.252502
v 2.150000 0.040627 -0.252502
v 2.074917 -0.002723 -0.252502
v 2.074917 -0.089423 -0.252502
v 2.150000 -0.132774 -0.330380
v 2.225085 -0.089423 -0.330380
v 2.225085 -0.002723 -0.330380
v 2.150000 0.040627 -0.330380
v 2.074917 -0.002723 -0.330380
v 2.074917 -0.089423 -0.330380
v 2.150000 -0.132774 -0.387681
v 2.225085 -0.089423 -0.387681
v 2.225085 -0.002723 -0.387681
v 2.150000 0.040627 -0.387681
v 2.074917 -0.002723 -0.387681
v 2.074917 -0.089423 -0.387681
v 2.074917 0.199126 0.227582
v 2.150000 0.242477 0.227582
v 2.225085 0.199126 0.227582
v 2.225085 0.112426 0.227582
v 2.150000 0.069076 0.227582
v 2.074917 0.112426 0.227582
v 2.074917 0.199126 0.290243
v 2.150000 0.242477 0.290243
v 2.225085 0.199126 0.290243
v 2.225085 0.112426 0.290243
v 2.150000 0.069076 0.290243
v 2.074917 0.112426 0.290243
v 2.074917 -0.229713 1.042896
v 2.150000 -0.229713 0.999544
v 2.234316 -0.232703 1.037566
v 2.225085 -0.229713 1.129596
v 2.150000 -0.229713 1.172945
v 2.074917 -0.229713 1.129596
v 2.074917 -0.291087 1.042896
v 2.150000 -0.291087 0.999544
v 2.225085 -0.291087 1.042896
v 2.225085 -0.291087 1.129596
v 2.150000 -0.291087 1.172945
v 2.074917 -0.291087 1.129596
v 2.150000 0.807659 -0.595847
v 2.225085 0.807659 -0.639199
v 2.225085 0.807659 -0.725898
v 2.150000 0.807659 -0.769248
v 2.074917 0.807659 -0.725898
v 2.074917 0.807659 -0.639199
v 2.150000 0.747438 -0.595847
v 2.225085 0.747438 -0.639199
v 2.225085 0.747438 -0.725898
v 2.150000 0.747438 -0.769248
v 2.074917 0.747438 -0.725898
v 2.074917 0.747438 -0.639199
v 2.150000 0.388834 -0.999547
v 2.225085 0.388834 -1.042898
v 2.225085 0.388834 -1.129598
v 2.150000 0.388834 -1.172948
v 2.074917 0.388834 -1.129598
v 2.074917 0.388834 -1.042898
v 2.150000 0.435867 -0.999547
v 2.225085 0.435867 -1.042898
v 2.225085 0.435867 -1.129598
v 2.150000 0.435867 -1.172948
v 2.074917 0.435867 -1.129598
v 2.074917 0.435867 -1.042898
v 2.056453 0.007936 -0.247692
v 2.056453 -0.100083 -0.247692
v 2.056453 -0.100083 -0.207948
v 2.056453 0.007936 -0.207948
v 2.150000 0.061945 -0.247692
v 2.150000 0.061945 -0.207948
v 2.243547 0.007936 -0.247692
v 2.243547 0.007936 -0.207948
v 2.243547 -0.100083 -0.247692
v 2.243547 -0.100083 -0.207948
v 2.150000 -0.154092 -0.247692
v 2.150000 -0.154092 -0.207948
v 2.150000 -0.154092 -0.382098
v 2.243547 -0.100083 -0.382098
v 2.243547 -0.100083 -0.335963
v 2.150000 -0.154092 -0.335963
v 2.243547 0.007936 -0.382098
v 2.243547 0.007936 -0.335963
v 2.150000 0.061945 -0.382098
v 2.150000 0.061945 -0.335963
v 2.056453 0.007936 -0.382098
v 2.056453 0.007936 -0.335963
v 2.056453 -0.100083 -0.382098
v 2.056453 -0.100083 -0.335963
v 2.056453 0.209786 0.233689
v 2.150000 0.263795 0.233689
v 2.056453 0.209786 0.284137
v 2.150000 0.263795 0.284137
v 2.243547 0.209786 0.233689
v 2.243547 0.209786 0.284137
v 2.243547 0.101767 0.233689
v 2.243547 0.101767 0.284137
v 2.150000 0.047758 0.233689
v 2.150000 0.047758 0.284137
v 2.056453 0.101767 0.233689
v 2.056453 0.101767 0.284137
v 2.056453 -0.235694 1.032236
v 2.150000 -0.235694 0.978226
v 2.150000 -0.285107 0.978226
v 2.056453 -0.285106 1.032236
v 2.243547 -0.285106 1.032236
v 2.243547 -0.235694 1.140256
v 2.243547 -0.285106 1.140256
v 2.150000 -0.235694 1.194265
v 2.150000 -0.285106 1.194265
v 2.056453 -0.235694 1.140256
v 2.056453 -0.285106 1.140256
v 2.150000 0.753306 -0.574529
v 2.243548 0.753306 -0.628538
v 2.243548 0.801790 -0.628538
v 2.150000 0.801790 -0.574529
v 2.243547 0.753306 -0.736559
v 2.243547 0.801790 -0.736559
v 2.150000 0.753306 -0.790567
v 2.150000 0.801790 -0.790567
v 2.056453 0.753306 -0.736559
v 2.056453 0.801790 -0.736559
v 2.056453 0.753306 -0.628538
v 2.056453 0.801790 -0.628538
v 2.150000 0.393418 -0.978229
v 2.243547 0.393418 -1.032237
v 2.243547 0.431284 -1.032237
v 2.150000 0.431284 -0.978229
v 2.243547 0.393418 -1.140257
v 2.243547 0.431284 -1.140257
v 2.150000 0.393418 -1.194267
v 2.150000 0.431284 -1.194267
v 2.056453 0.393418 -1.140257
v 2.056453 0.431284 -1.140257
v 2.056453 0.393418 -1.032237
v 2.056453 0.431284 -1.032237
vn -0.0000 1.0000 -0.0000
vn -0.0000 -1.0000 -0.0000
vn 1.0000 -0.0000 -0.0000
vn -1.0000 -0.0000 -0.0000
vn -0.0000 -0.0000 -1.0000
vn -0.0000 -0.0000 1.0000
vn -0.0009 0.9997 0.0233
vn 0.0019 -0.9987 -0.0503
vn -0.9998 -0.0000 -0.0181
vn -0.3095 -0.0000 0.9509
vn -0.3095 -0.9509 -0.0000
vn -0.3095 -0.0000 -0.9509
vn -0.3095 0.9509 -0.0000
vn 0.9540 -0.0000 0.2999
vn -0.0000 -0.9540 0.2998
vn -0.9540 -0.0000 0.2999
vn -0.0000 0.9540 0.2998
vn 0.8718 -0.4898 -0.0000
vn -0.0000 -0.4898 -0.8718
vn -0.8718 -0.4898 -0.0000
vn -0.0000 -0.4898 0.8718
vn -0.0000 -0.8828 -0.4697
vn 0.8828 -0.0000 -0.4697
vn -0.0000 0.8828 -0.4697
vn -0.8828 -0.0000 -0.4697
vn 0.8127 0.5827 -0.0000
vn -0.0000 0.5827 -0.8127
vn -0.8127 0.5827 -0.0000
vn -0.0000 0.5827 0.8127
vn 0.4547 -0.0000 -0.8906
vn 0.4547 -0.8906 -0.0000
vn 0.4547 -0.0000 0.8906
vn 0.4547 0.8906 -0.0000
vn 0.3095 -0.0000 0.9509
vn 0.3095 -0.9509 -0.0000
vn 0.3095 -0.0000 -0.9509
vn 0.3095 0.9509 -0.0000
vn -0.9969 -0.0160 0.0770
vn -0.0713 -0.0152 -0.9973
vn 0.9998 -0.0183 -0.0000
vn -0.0000 -0.0164 0.9999
vn 0.6269 0.4749 -0.6176
vn -0.8829 -0.0000 -0.4696
vn -0.6045 0.7903 0.1007
vn -0.1089 0.6916 -0.7140
vn 0.8191 0.5731 -0.0254
vn 0.0031 0.6407 0.7678
vn 0.0074 -0.0663 -0.9978
vn 0.0072 -1.0000 -0.0000
vn 0.0080 -0.0000 1.0000
vn 0.0067 0.9980 -0.0627
vn -0.6063 -0.0739 -0.7918
vn -0.4865 -0.8736 0.0096
vn -0.4725 0.0423 0.8803
vn -0.5710 0.8142 -0.1054
vn 0.9975 -0.0706 0.0078
vn -0.0000 1.0000 0.0097
vn -1.0000 -0.0000 0.0084
vn -0.0778 -0.9969 0.0088
vn 0.9975 -0.0146 0.0692
vn -0.0000 -0.0214 -0.9998
vn -0.9999 -0.0163 -0.0000
vn -0.0797 -0.0184 0.9966
vn 0.7873 0.6166 -0.0000
vn 0.0441 0.4829 -0.8746
vn -0.8687 0.4949 0.0200
vn -0.0952 0.7341 0.6724
vn 0.0390 0.8780 -0.4770
vn 0.7961 -0.1224 -0.5927
vn -0.0999 -0.7360 -0.6696
vn -0.8584 0.0050 -0.5129
vn 0.8127 -0.5827 -0.0000
vn -0.0000 -0.5827 -0.8127
vn -0.8127 -0.5827 -0.0000
vn -0.0000 -0.5827 0.8127
vn -0.8718 0.4898 -0.0000
vn -0.0000 0.4898 -0.8718
vn 0.8718 0.4898 -0.0000
vn -0.0000 0.4898 0.8718
vn -0.4547 -0.0000 -0.8906
vn -0.4547 0.8906 -0.0000
vn -0.4547 -0.0000 0.8906
vn -0.4548 -0.8906 -0.0000
vn 0.9964 0.0847 -0.0094
vn 0.0842 -0.9964 -0.0089
vn -0.9964 -0.0846 -0.0096
vn -0.0000 1.0000 -0.0098
vn 0.9999 -0.0142 -0.0000
vn 0.0655 -0.0135 0.9978
vn -0.9979 -0.0132 0.0639
vn -0.0000 -0.0148 -0.9999
vn 0.9540 -0.0000 -0.2999
vn -0.0000 -0.9540 -0.2999
vn -0.9540 -0.0000 -0.2999
vn -0.0000 0.9540 -0.2998
vn 0.1324 -0.7574 0.6394
vn 0.7824 0.0633 0.6196
vn -0.0213 0.8666 0.4986
vn -0.8505 -0.0749 0.5207
vn 0.7711 0.6364 -0.0195
vn 0.0675 0.7193 0.6914
vn -0.7302 0.6786 0.0795
vn -0.0342 0.6052 -0.7953
vn -0.9966 0.0802 -0.0165
vn -0.0746 -0.9971 -0.0155
vn 0.9967 -0.0803 0.0145
vn 0.0747 0.9971 0.0145
vn -0.9681 -0.0000 -0.2504
vn -0.0000 -0.9588 -0.2842
vn 0.9695 -0.0000 -0.2450
vn -0.0000 0.9738 -0.2276
vn 0.0581 -0.8211 0.5679
vn -0.8272 -0.0708 0.5574
vn -0.0466 0.8554 0.5159
vn 0.8515 0.0339 0.5233
vn -0.7045 0.1217 0.6992
vn -0.0069 -0.0000 1.0000
vn 0.0077 -1.0000 -0.0000
vn -0.0068 -0.0000 -1.0000
vn -0.0071 1.0000 -0.0000
vn -0.4960 0.0573 0.8664
vn -0.4865 -0.8734 0.0213
vn -0.5751 -0.0578 -0.8160
vn -0.5805 0.8081 -0.1002
vn -0.0000 -0.9540 -0.2998
vn -0.0000 0.8829 0.4696
vn 0.8828 -0.0000 0.4697
vn -0.0000 -0.8829 0.4696
vn -0.8828 -0.0000 0.4697
vn -0.6664 0.3441 0.6614
vn 0.2692 0.0391 -0.9623
vn 0.3528 0.9357 -0.0000
vn 0.3451 -0.0000 0.9386
vn 0.2868 -0.9580 -0.0000
vn -0.0000 0.9540 -0.2999
vn -0.0011 1.0000 -0.0000
vn -0.0011 -1.0000 -0.0000
vn -0.4548 -0.0000 0.8906
vn -0.4548 -0.0000 -0.8906
vn -0.4547 -0.8906 -0.0000
vn -0.0739 0.9973 -0.0014
vn -0.0343 -0.0000 0.9994
vn 0.0181 -0.9998 0.0004
vn -0.0374 -0.0000 -0.9993
vn 0.0283 0.9992 0.0283
vn 0.0141 -0.0000 0.9999
vn 0.0152 -0.0000 -0.9999
vn 0.0633 0.6911 0.7200
vn 0.2124 0.6767 0.7050
vn -0.5847 0.7061 -0.3996
vn -0.6354 0.7673 0.0863
vn -0.2266 0.7197 -0.6563
vn 0.2419 0.7661 -0.5954
vn 0.0468 -0.9978 0.0468
vn 0.9999 -0.0000 0.0166
vn -0.0121 0.9997 -0.0231
vn -0.9998 -0.0000 0.0182
vn 0.9996 0.0001 0.0288
vn -0.9987 -0.0002 -0.0519
vn 0.9991 0.0201 -0.0382
vn -0.0000 0.9998 0.0208
vn -0.9959 -0.0637 0.0637
vn -0.0000 -0.9998 0.0187
vn 0.0988 -0.0077 -0.9951
vn 0.9999 -0.0131 -0.0007
vn -0.1007 0.0568 0.9933
vn -0.9983 0.0577 0.0033
vn 0.0983 0.0051 -0.9951
vn 0.9965 0.0058 0.0837
vn -0.0000 -0.0554 0.9985
vn -0.9976 -0.0491 -0.0491
vn -0.8126 0.5828 -0.0000
vn -0.8334 0.5527 -0.0000
vn -0.8334 -0.5527 -0.0000
vn 0.8334 -0.5527 -0.0000
vn 0.8334 0.5527 -0.0000
vn 0.7814 -0.6241 -0.0000
vn -0.7814 -0.6241 -0.0000
vn 0.5151 -0.4114 0.7520
vn 0.6293 -0.4174 -0.6556
vn 0.6293 0.4174 0.6556
vn 0.6293 0.4173 -0.6556
vn -0.0000 0.7864 0.6177
vn -0.0000 0.7864 -0.6177
vn -0.6293 0.4174 0.6556
vn -0.6293 0.4174 -0.6556
vn -0.6293 -0.4174 0.6556
vn -0.5151 -0.4114 -0.7520
vn 0.6293 -0.4173 -0.6556
vn 0.6293 0.4174 -0.6556
vn -0.0000 0.1344 -0.9909
vn -0.9473 0.3203 -0.0000
vn -0.0000 0.1344 0.9909
vn 0.9473 0.3203 -0.0000
vn -0.0000 0.2198 -0.9755
vn 0.9623 0.2718 -0.0000
vn -0.0000 0.2198 0.9755
vn -0.9623 0.2718 -0.0000
vn 0.9809 0.1946 -0.0000
vn -0.0000 0.2350 -0.9720
vn -0.9809 0.1946 -0.0000
vn -0.0000 0.2351 0.9720
vn 0.2443 0.2054 -0.9477
vn -0.0000 0.2016 -0.9795
vn -0.0000 0.2016 0.9795
vn 0.2673 0.1815 0.9464
vn -0.2443 0.2054 -0.9477
vn -0.2443 0.2054 0.9477
vn -0.6910 0.1134 -0.7139
vn 0.6745 0.1285 -0.7270
vn -0.6745 0.1285 0.7271
vn 0.6910 0.1134 0.7139
vn 0.7608 0.1223 -0.6374
vn -0.7784 0.1380 -0.6124
vn 0.7784 0.1380 0.6124
vn -0.7608 0.1223 0.6374
vn 0.8319 0.1119 -0.5436
vn -0.8327 0.1302 -0.5383
vn 0.8327 0.1302 0.5383
vn -0.8319 0.1119 0.5436
vn 0.9878 0.1557 -0.0000
vn -0.9878 0.1557 -0.0000
vn -0.0699 0.5995 -0.7973
vn -0.7364 0.6765 -0.0000
vn -0.0735 0.5921 0.8025
vn 0.7369 -0.6760 -0.0000
vn 0.5596 -0.0189 -0.8285
vn 0.6561 0.0839 0.7500
vn 0.0699 0.5995 0.7973
vn 0.7364 0.6765 -0.0000
vn 0.0735 0.5921 -0.8025
vn -0.7369 -0.6760 -0.0000
vn -0.5596 -0.0189 0.8285
vn -0.6561 0.0839 -0.7500
vn -0.0000 0.0327 0.9995
vn -0.7307 0.0262 0.6822
vn -0.0000 0.0384 0.9993
vn 0.7307 0.0262 0.6822
vn 0.9994 0.0356 -0.0000
vn -0.0000 0.0327 -0.9995
vn 0.7307 0.0262 -0.6822
vn -0.0000 0.0384 -0.9993
vn -0.7307 0.0262 -0.6822
vn -0.9994 0.0356 -0.0000
vn 0.7420 0.0451 -0.6689
vn 0.7420 0.0451 0.6689
vn -0.7420 0.0451 0.6689
vn -0.7420 0.0451 -0.6689
vn -0.9220 0.3871 -0.0000
vn -0.0000 0.3214 0.9470
vn 0.9220 0.3871 -0.0000
vn -0.0000 0.3214 -0.9470
vn -0.0220 0.9997 -0.0044
vn 0.1511 0.9885 0.0077
vn 0.2652 0.9216 -0.2833
vn 0.4134 0.8506 -0.3250
vn 0.3203 0.8417 -0.4347
vn 0.6661 0.7378 -0.1092
vn 0.7756 0.6228 -0.1032
vn 0.2550 0.5812 -0.7728
vn 0.8218 0.5003 -0.2727
vn -0.0608 0.9693 -0.2384
vn -0.1892 0.9162 -0.3532
vn -0.1814 0.8506 -0.4936
vn -0.3145 0.8417 -0.4389
vn 0.1045 0.7599 -0.6416
vn 0.1476 0.6311 -0.7616
vn -0.6521 0.5808 -0.4873
vn 0.1297 0.4830 -0.8660
vn -0.6005 0.4946 -0.6283
vn -0.3811 0.9216 0.0733
vn -0.5255 0.8506 0.0200
vn -0.5146 0.8417 0.1634
vn -0.5779 0.7599 -0.2977
vn -0.6793 0.6306 -0.3755
vn -0.6649 0.5808 0.4696
vn -0.7850 0.4817 -0.3896
vn -0.7831 0.4946 0.3770
vn -0.0903 0.9696 0.2275
vn -0.0546 0.9162 0.3969
vn -0.1434 0.8506 0.5059
vn -0.0036 0.8417 0.5400
vn -0.4617 0.7599 0.4576
vn -0.5670 0.6306 0.5300
vn 0.2816 0.5565 0.7817
vn -0.6131 0.4817 0.6262
vn 0.1165 0.4946 0.8613
vn 0.1910 0.9687 0.1588
vn 0.3606 0.9162 0.1746
vn 0.4368 0.8506 0.2927
vn 0.5124 0.8417 0.1703
vn 0.2925 0.7599 0.5805
vn 0.3377 0.6225 0.7060
vn 0.5133 0.5003 0.6973
vn 0.8551 0.4946 0.1553
vn 0.8735 0.4855 0.0355
vn 0.9344 0.3445 0.0907
vn 0.9772 0.2115 0.0162
vn 0.9959 0.0570 -0.0708
vn 0.9958 -0.0896 -0.0200
vn 0.9830 -0.0839 -0.1634
vn 0.9381 -0.1782 0.2970
vn 0.8678 -0.3291 0.3724
vn 0.8114 -0.3289 -0.4832
vn 0.7817 -0.4862 0.3907
vn 0.2999 0.4461 -0.8432
vn 0.3816 0.3367 -0.8608
vn 0.3167 0.2148 -0.9239
vn 0.2404 0.0570 -0.9690
vn 0.2887 -0.0896 -0.9532
vn 0.1483 -0.0839 -0.9854
vn 0.5724 -0.1782 -0.8004
vn 0.6194 -0.3377 -0.7088
vn -0.2077 -0.3317 -0.9203
vn 0.5019 -0.5143 -0.6954
vn -0.7466 0.4364 -0.5021
vn -0.6974 0.3466 -0.6273
vn -0.8479 0.0713 -0.5254
vn -0.8173 -0.0896 -0.5692
vn -0.8913 -0.0839 -0.4456
vn -0.5749 -0.2103 -0.7908
vn -0.4852 -0.3303 -0.8096
vn -0.9394 -0.3317 -0.0869
vn -0.3071 -0.4687 -0.8282
vn -0.4033 -0.4885 -0.7738
vn -0.7083 0.4364 0.5549
vn -0.8121 0.3466 0.4694
vn -0.7995 0.2137 0.5613
vn -0.7641 0.0570 0.6426
vn -0.7939 -0.0896 0.6014
vn -0.6992 -0.0839 0.7100
vn -0.9335 -0.1782 0.3111
vn -0.9204 -0.3304 0.2089
vn -0.3777 -0.3317 0.8645
vn -0.8826 -0.4687 0.0361
vn -0.8605 -0.4885 0.1445
vn 0.2361 0.4855 0.8417
vn 0.2024 0.3445 0.9167
vn 0.3771 0.0713 0.9234
vn 0.3267 -0.0896 0.9409
vn 0.4592 -0.0839 0.8844
vn 0.0074 -0.1782 0.9840
vn -0.0864 -0.3267 0.9412
vn 0.7029 -0.3364 0.6267
vn -0.3101 -0.4652 0.8291
vn -0.1416 -0.4848 0.8631
vn 0.0057 -0.5274 0.8496
vn 0.7113 -0.4215 0.5624
vn 0.8479 -0.0713 -0.5254
vn 0.8173 0.0896 -0.5692
vn 0.8913 0.0839 -0.4456
vn 0.5749 0.2103 -0.7908
vn 0.4868 0.3267 -0.8101
vn -0.3174 -0.2115 -0.9244
vn -0.2404 -0.0570 -0.9690
vn -0.2887 0.0896 -0.9532
vn -0.1483 0.0839 -0.9854
vn -0.5724 0.1782 -0.8004
vn -0.6198 0.3365 -0.7090
vn -0.9948 -0.0713 -0.0733
vn -0.9958 0.0896 -0.0200
vn -0.9830 0.0839 -0.1634
vn -0.9381 0.1782 0.2970
vn -0.8658 0.3365 0.3704
vn -0.3771 -0.0713 0.9234
vn -0.3267 0.0896 0.9409
vn -0.4592 0.0839 0.8844
vn -0.0074 0.1782 0.9840
vn 0.0847 0.3365 0.9379
vn 0.7617 -0.0713 0.6440
vn 0.7939 0.0896 0.6014
vn 0.6992 0.0839 0.7100
vn 0.9335 0.1782 0.3111
vn 0.9181 0.3365 0.2093
vn -0.0204 -0.9997 -0.0094
vn -0.0573 -0.9881 -0.1426
vn 0.1875 -0.9216 -0.3398
vn 0.1814 -0.8506 -0.4936
vn 0.3145 -0.8417 -0.4389
vn -0.1045 -0.7599 -0.6416
vn 0.6554 -0.5603 -0.5065
vn -0.2989 -0.5671 -0.7675
vn -0.1497 -0.9887 -0.0007
vn -0.2101 -0.9687 -0.1326
vn -0.2775 -0.9162 -0.2891
vn -0.4134 -0.8506 -0.3250
vn -0.3203 -0.8417 -0.4347
vn -0.6661 -0.7378 -0.1092
vn -0.8223 -0.5671 0.0471
vn -0.0432 -0.9882 0.1472
vn -0.1893 -0.9693 0.1571
vn -0.3606 -0.9162 0.1746
vn -0.4368 -0.8506 0.2927
vn -0.5124 -0.8417 0.1703
vn -0.2925 -0.7599 0.5805
vn -0.3287 -0.6307 0.7030
vn 0.1268 -0.9885 0.0826
vn 0.0481 -0.9216 0.3851
vn 0.1434 -0.8506 0.5059
vn 0.0036 -0.8417 0.5400
vn 0.4617 -0.7599 0.4576
vn 0.6929 -0.5671 0.4453
vn 0.3811 -0.9216 0.0733
vn 0.5255 -0.8506 0.0200
vn 0.5146 -0.8417 0.1634
vn 0.5779 -0.7599 -0.2977
vn 0.6780 -0.6316 -0.3759
vn -0.4735 -0.8202 -0.3210
vn 0.4735 -0.8202 -0.3210
vn -0.5000 -0.0000 0.8660
vn 0.5000 -0.0000 0.8660
vn 0.5000 -0.0000 -0.8660
vn -0.5000 -0.0000 -0.8660
vn -0.4736 -0.3210 -0.8202
vn 0.4735 -0.3210 -0.8202
vn -0.4386 0.8987 -0.0000
vn 0.4009 0.9161 0.0060
vn 0.5000 -0.8660 -0.0000
vn -0.5000 -0.8660 -0.0036
vn -1.0000 -0.0008 -0.0000
vn -0.4735 -0.3210 -0.8202
vn -0.5000 0.8660 -0.0000
vn 0.5000 0.8660 -0.0000
vn -0.5000 -0.8660 -0.0000
vn -0.4009 0.0059 0.9161
vn 0.4386 -0.0000 0.8987
vn 0.4022 0.9155 0.0093
vn -0.4735 0.8202 0.3210
vn 0.4735 0.8202 0.3210
vn -0.4007 -0.0055 -0.9162
vn 0.4386 -0.0000 -0.8987
vn -0.4736 0.3210 0.8202
vn 0.4735 0.3210 0.8202
vn -0.4735 0.3210 0.8202
vn -0.4005 -0.0050 -0.9163
vn -0.5000 -0.8660 -0.0069
vn 0.4163 0.9091 0.0133
vn -0.5000 -0.8660 -0.0107
vn -0.4059 -0.0183 -0.9137
vn -0.4101 0.0288 0.9116
vn -0.4087 0.0254 0.9123
vn -0.2521 -0.0000 -0.9677
vn -0.2521 -0.0000 0.9677
vn -0.1260 0.2183 -0.9677
vn -0.1260 0.2183 0.9677
vn 0.1260 0.2183 -0.9677
vn 0.1260 0.2183 0.9677
vn 0.2521 -0.0000 -0.9677
vn 0.2521 -0.0000 0.9677
vn 0.1260 -0.2183 -0.9677
vn 0.1260 -0.2183 0.9677
vn -0.1260 -0.2183 -0.9677
vn -0.1260 -0.2183 0.9677
vn 0.1447 -0.2507 -0.9572
vn 0.1447 -0.2507 0.9572
vn 0.2895 -0.0000 -0.9572
vn 0.2895 -0.0000 0.9572
vn 0.1447 0.2507 -0.9572
vn 0.1447 0.2507 0.9572
vn -0.1447 0.2507 -0.9572
vn -0.1447 0.2507 0.9572
vn -0.2895 -0.0000 -0.9572
vn -0.2894 -0.0000 0.9572
vn -0.1447 -0.2507 -0.9572
vn -0.1447 -0.2507 0.9572
vn -0.1570 0.2720 -0.9494
vn -0.1570 0.2719 0.9494
vn 0.1570 0.2720 -0.9494
vn 0.1570 0.2720 0.9494
vn 0.3140 -0.0000 -0.9494
vn 0.3140 -0.0000 0.9494
vn 0.1570 -0.2720 -0.9494
vn 0.1570 -0.2720 0.9494
vn -0.1570 -0.2720 -0.9494
vn -0.1570 -0.2720 0.9494
vn -0.3140 -0.0000 -0.9494
vn -0.3140 -0.0000 0.9494
vn -0.1541 0.9513 -0.2669
vn -0.1541 -0.9513 -0.2669
vn 0.1541 0.9513 -0.2669
vn 0.1541 -0.9513 -0.2669
vn 0.3082 0.9513 -0.0000
vn 0.3082 -0.9513 -0.0000
vn 0.1541 0.9513 0.2669
vn 0.1541 -0.9513 0.2669
vn -0.1541 0.9513 0.2669
vn -0.1541 -0.9513 0.2669
vn -0.3082 0.9513 -0.0000
vn -0.3082 -0.9513 -0.0000
vn 0.1515 -0.9530 0.2623
vn 0.1515 0.9530 0.2623
vn 0.3029 -0.9530 -0.0000
vn 0.3029 0.9530 -0.0000
vn 0.1514 -0.9530 -0.2623
vn 0.1515 0.9530 -0.2623
vn -0.1514 -0.9530 -0.2623
vn -0.1515 0.9530 -0.2623
vn -0.3029 -0.9530 -0.0000
vn -0.3029 0.9530 -0.0000
vn -0.1514 -0.9530 0.2623
vn -0.1515 0.9530 0.2623
vn 0.1205 -0.9705 0.2087
vn 0.1205 0.9705 0.2086
vn 0.2409 -0.9705 -0.0000
vn 0.2409 0.9705 -0.0000
vn 0.1205 -0.9705 -0.2087
vn 0.1205 0.9705 -0.2086
vn -0.1205 -0.9705 -0.2087
vn -0.1205 0.9705 -0.2086
vn -0.2409 -0.9705 -0.0000
vn -0.2409 0.9705 -0.0000
vn -0.1205 -0.9705 0.2086
vn -0.1205 0.9705 0.2086
vn -0.5000 -0.0037 -0.8660
vn -0.5000 -0.8660 -0.0080
vn 0.9800 0.1811 -0.0828
vn -0.1261 0.2183 -0.9677
vn 0.1570 0.2719 -0.9494
vn 0.1205 0.9706 0.2086
vn 1.0000 -0.0000 -0.0004
vn 1.0000 0.0024 -0.0000
vn 1.0000 0.0028 0.0011
vn 1.0000 0.0011 0.0028
vn 1.0000 -0.0000 0.0024
vn 1.0000 -0.0006 -0.0000
vn 0.0113 0.9997 0.0216
vn -0.0073 -1.0000 -0.0033
vn -0.0069 -1.0000 -0.0069
vn -0.0243 -0.9986 -0.0466
vn -0.0000 0.9999 -0.0155
vn -0.9999 0.0151 -0.0000
vn -0.0000 0.0146 -0.9999
vn 0.9969 0.0164 -0.0769
vn 0.0713 0.0149 0.9973
vn -0.8551 0.5184 -0.0000
vn -0.0000 0.4288 -0.9034
vn 0.8667 0.4989 -0.0000
vn -0.0000 0.6305 0.7762
vn -0.0065 -0.0000 -1.0000
vn -0.0069 -0.9980 0.0627
vn -0.0070 0.0663 0.9978
vn -0.0066 1.0000 -0.0000
vn -0.4253 -0.0000 -0.9051
vn -0.4602 -0.8878 -0.0000
vn -0.3756 -0.0000 0.9268
vn -0.3510 0.9364 -0.0000
vn 1.0000 -0.0000 -0.0074
vn 0.0778 0.9969 -0.0083
vn -0.9975 0.0706 -0.0078
vn -0.0000 -1.0000 -0.0076
vn 0.9999 0.0146 -0.0000
vn 0.0799 0.0152 -0.9967
vn -0.9975 0.0146 -0.0692
vn -0.0000 0.0133 0.9999
vn -0.0000 -0.9540 0.2999
vn -1.0000 0.0005 -0.0000
vn -1.0000 -0.0000 -0.0030
vn -1.0000 -0.0014 -0.0035
vn -1.0000 -0.0036 -0.0014
vn -1.0000 -0.0032 -0.0002
vn -1.0000 0.0036 0.0014
vn -1.0000 0.0032 0.0002
vn -1.0000 -0.0000 0.0030
vn -1.0000 0.0014 0.0035
vn -1.0000 -0.0009 -0.0000
vn 0.9522 0.2828 0.1154
vn -0.0000 0.3803 -0.9249
vn -0.8289 0.5595 -0.0000
vn -0.0000 0.4860 0.8740
vn 1.0000 -0.0000 0.0005
vn 1.0000 -0.0030 -0.0000
vn 1.0000 -0.0035 -0.0014
vn 1.0000 -0.0014 -0.0036
vn 1.0000 -0.0000 -0.0031
vn 1.0000 0.0001 -0.0000
vn -0.0000 0.9234 -0.3838
vn 0.9397 -0.0000 -0.3421
vn -0.0000 -0.9052 -0.4251
vn -0.8670 -0.0000 -0.4982
vn 1.0000 -0.0000 0.0082
vn -0.0000 -1.0000 0.0090
vn -0.0841 0.9964 0.0097
vn 0.9979 0.0137 -0.0638
vn -0.0000 0.0132 0.9999
vn -0.9999 0.0133 -0.0000
vn -0.0655 0.0142 -0.9978
vn -0.0000 -0.9357 0.3528
vn 0.8923 -0.0000 0.4515
vn -0.0000 0.8980 0.4399
vn -0.9351 -0.0000 0.3544
vn 0.8175 0.5760 -0.0000
vn -0.0000 0.5304 0.8477
vn -0.8817 0.4718 -0.0000
vn -0.0000 0.5074 -0.8617
vn -0.9979 -0.0621 0.0173
vn 0.0621 -0.9979 0.0165
vn 0.9980 0.0620 -0.0144
vn -0.0621 0.9980 -0.0139
vn -0.9419 0.0489 -0.3324
vn -0.0450 -0.9292 -0.3669
vn 0.9002 -0.1094 -0.4215
vn 0.0959 0.9243 -0.3695
vn -0.0000 -0.9056 0.4241
vn -0.9195 -0.0000 0.3931
vn -0.0000 0.9149 0.4037
vn 0.8999 -0.0000 0.4362
vn 0.0075 0.0681 0.9977
vn -0.0075 -0.9977 0.0672
vn 0.0074 -0.0680 -0.9977
vn 0.0071 0.9977 -0.0672
vn -0.3676 -0.0000 0.9300
vn -0.4309 -0.9024 -0.0000
vn -0.4299 -0.0000 -0.9029
vn -0.3627 0.9319 -0.0000
vn 0.3451 -0.0000 -0.9386
vn 0.2692 0.0391 0.9623
vn -0.0667 0.9973 -0.0297
vn 0.0164 -0.9998 0.0073
vn 0.0299 0.9995 0.0133
vn -0.0000 -0.9999 -0.0147
vn 0.0261 -0.9984 0.0499
vn -0.0217 0.9995 -0.0217
vn 0.9995 -0.0142 0.0270
vn -0.9985 0.0256 -0.0486
vn 0.9987 0.0354 -0.0354
vn -0.9970 -0.0362 0.0688
vn -0.0000 -0.0259 -0.9997
vn 0.9972 -0.0356 0.0658
vn -0.0000 0.0806 0.9967
vn -0.9960 0.0742 -0.0490
vn -0.0000 0.0171 -0.9999
vn 0.9994 0.0240 0.0240
vn -0.0969 -0.0396 0.9945
vn -0.9948 -0.0340 -0.0957
vn 0.6293 -0.4174 0.6556
vn 0.5151 -0.4114 -0.7520
vn -0.5151 -0.4114 0.7520
vn -0.6293 -0.4174 -0.6556
vn 0.2673 0.1815 -0.9464
vn 0.2443 0.2054 0.9477
vn -0.2673 0.1815 -0.9464
vn -0.2673 0.1815 0.9464
vn -0.6745 0.1285 -0.7271
vn 0.6910 0.1134 -0.7139
vn -0.6910 0.1134 0.7139
vn 0.6745 0.1285 0.7271
vn 0.7784 0.1380 -0.6124
vn -0.7608 0.1223 -0.6374
vn 0.7608 0.1223 0.6374
vn -0.7784 0.1380 0.6124
vn 0.8327 0.1302 -0.5383
vn -0.8319 0.1119 -0.5436
vn 0.8319 0.1119 0.5436
vn -0.8327 0.1302 0.5383
vn 0.9859 0.1673 -0.0033
vn 0.9837 0.1797 -0.0000
vn 0.9859 0.1673 0.0033
vn -0.9859 0.1673 0.0033
vn -0.9837 0.1797 -0.0000
vn -0.9859 0.1673 -0.0033
vn 0.9999 -0.0000 -0.0170
vn -0.0735 0.5921 -0.8025
vn -0.0699 0.5995 0.7973
vn 0.6561 0.0839 -0.7500
vn 0.5596 -0.0189 0.8285
vn 0.0735 0.5921 0.8025
vn 0.0699 0.5995 -0.7973
vn -0.6561 0.0839 0.7500
vn -0.5596 -0.0189 -0.8285
vn -0.7253 0.0225 0.6881
vn 0.7253 0.0225 0.6881
vn 0.7253 0.0225 -0.6881
vn -0.7253 0.0225 -0.6881
vn -1.0000 -0.0002 -0.0000
vn -1.0000 0.0031 -0.0000
vn -1.0000 -0.0000 -0.0003
vn 0.0195 0.9998 0.0105
vn 0.0013 1.0000 -0.0037
vn 0.0516 0.9882 -0.1445
vn 0.1888 0.9694 -0.1566
vn 0.1503 0.9732 -0.1741
vn 0.2180 0.9715 -0.0928
vn 0.0724 0.9529 -0.2944
vn 0.1145 0.9529 -0.2808
vn 0.3020 0.9516 0.0571
vn 0.3020 0.9516 -0.0571
vn 0.3606 0.9162 -0.1746
vn 0.3656 0.9255 -0.0993
vn 0.2057 0.9206 -0.3319
vn 0.2690 0.9329 -0.2397
vn 0.0829 0.8907 -0.4469
vn 0.1956 0.8907 -0.4102
vn 0.4506 0.8907 0.0593
vn 0.4506 0.8907 -0.0593
vn 0.5124 0.8417 -0.1703
vn 0.5267 0.8427 -0.1115
vn 0.4368 0.8506 -0.2927
vn 0.3635 0.8719 -0.3283
vn 0.4245 0.8719 -0.2442
vn 0.2688 0.8427 -0.4665
vn 0.1097 0.8055 -0.5824
vn 0.2536 0.8055 -0.5357
vn 0.5878 0.8055 0.0756
vn 0.5878 0.8055 -0.0756
vn 0.5956 0.7410 -0.3100
vn 0.5553 0.7799 -0.2887
vn 0.4788 0.7410 -0.4707
vn 0.4462 0.7799 -0.4389
vn 0.3850 0.7138 -0.5850
vn 0.2925 0.7599 -0.5805
vn 0.1968 0.7011 -0.6854
vn 0.2437 0.7011 -0.6701
vn 0.7126 0.7011 0.0246
vn 0.7108 0.6993 -0.0760
vn 0.7296 0.6108 -0.3076
vn 0.6445 0.7132 -0.2755
vn 0.6378 0.6153 -0.4634
vn 0.5690 0.7109 -0.4134
vn 0.5320 0.6070 -0.5903
vn 0.4583 0.7086 -0.5365
vn 0.4174 0.5813 -0.6985
vn 0.3300 0.6295 -0.7035
vn 0.3647 0.6237 -0.6913
vn 0.8304 0.5565 -0.0262
vn 0.8251 0.5623 -0.0550
vn 0.8654 0.4792 -0.1467
vn 0.8400 0.4379 -0.3204
vn 0.7658 0.5829 -0.2717
vn 0.7615 0.4625 -0.4540
vn 0.7014 0.5829 -0.4103
vn 0.6671 0.4625 -0.5840
vn 0.6069 0.5829 -0.5403
vn 0.5603 0.4394 -0.7021
vn 0.4975 0.5667 -0.6568
vn 0.4052 0.4823 -0.7767
vn -0.1216 0.9887 -0.0874
vn -0.1190 0.9720 -0.2025
vn -0.0169 0.9728 -0.2310
vn -0.2779 0.9516 -0.1313
vn -0.2108 0.9516 -0.2237
vn -0.0481 0.9216 -0.3851
vn -0.0767 0.9328 -0.3520
vn 0.0286 0.9206 -0.3894
vn -0.2374 0.9255 -0.2952
vn -0.3994 0.8907 -0.2169
vn -0.3297 0.8907 -0.3128
vn -0.0036 0.8417 -0.5400
vn 0.0567 0.8427 -0.5354
vn -0.1434 0.8506 -0.5059
vn -0.1999 0.8719 -0.4471
vn -0.1011 0.8719 -0.4792
vn -0.3606 0.8427 -0.3998
vn -0.5200 0.8055 -0.2843
vn -0.4311 0.8055 -0.4067
vn 0.0324 0.7138 -0.6996
vn -0.1107 0.7410 -0.6623
vn -0.1030 0.7799 -0.6173
vn -0.2997 0.7410 -0.6009
vn -0.2796 0.7799 -0.5600
vn -0.4374 0.7138 -0.5469
vn -0.4617 0.7599 -0.4576
vn -0.5910 0.7011 -0.3989
vn -0.5621 0.7011 -0.4388
vn 0.0735 0.5814 -0.8103
vn 0.1108 0.6244 -0.7732
vn -0.0834 0.6070 -0.7903
vn -0.0554 0.7086 -0.7034
vn -0.2436 0.6153 -0.7497
vn -0.2173 0.7109 -0.6689
vn -0.3970 0.6070 -0.6884
vn -0.3686 0.7086 -0.6016
vn -0.5398 0.6105 -0.5795
vn -0.5670 0.6310 -0.5294
vn -0.5428 0.6257 -0.5603
vn -0.0383 0.4519 -0.8913
vn -0.0164 0.5667 -0.8238
vn -0.1964 0.4625 -0.8646
vn -0.1735 0.5829 -0.7938
vn -0.3493 0.4625 -0.8149
vn -0.3263 0.5829 -0.7442
vn -0.4947 0.4527 -0.7419
vn -0.5022 0.4884 -0.7136
vn -0.4566 0.5750 -0.6789
vn -0.6231 0.4782 -0.6189
vn -0.1302 0.9881 0.0817
vn -0.2474 0.9688 0.0161
vn -0.2246 0.9729 0.0546
vn -0.2318 0.9712 -0.0546
vn -0.2317 0.9529 0.1956
vn -0.2576 0.9529 0.1599
vn -0.3944 0.9162 -0.0708
vn -0.3541 0.9255 -0.1345
vn -0.3615 0.9206 0.1476
vn -0.3585 0.9329 0.0358
vn -0.3297 0.8907 0.3128
vn -0.3994 0.8907 0.2169
vn -0.5146 0.8417 -0.1634
vn -0.4917 0.8427 -0.2194
vn -0.5255 0.8506 -0.0200
vn -0.4870 0.8719 0.0520
vn -0.4870 0.8719 -0.0520
vn -0.4917 0.8427 0.2194
vn -0.4311 0.8055 0.4067
vn -0.5200 0.8055 0.2843
vn -0.6553 0.7138 -0.2470
vn -0.6641 0.7410 -0.0993
vn -0.6190 0.7799 -0.0928
vn -0.6641 0.7410 0.0993
vn -0.6190 0.7799 0.0928
vn -0.6553 0.7138 0.2470
vn -0.5779 0.7599 0.2977
vn -0.5621 0.7011 0.4388
vn -0.5910 0.7011 0.3989
vn -0.7472 0.5816 -0.3216
vn -0.7014 0.6236 -0.3451
vn -0.7774 0.6070 -0.1649
vn -0.6861 0.7086 -0.1646
vn -0.7883 0.6153 -0.0000
vn -0.7033 0.7109 -0.0000
vn -0.7774 0.6070 0.1649
vn -0.6861 0.7086 0.1646
vn -0.7180 0.6105 0.3343
vn -0.6787 0.6310 0.3757
vn -0.7006 0.6257 0.3431
vn -0.8660 0.4394 -0.2387
vn -0.7885 0.5667 -0.2390
vn -0.8830 0.4625 -0.0803
vn -0.8086 0.5829 -0.0803
vn -0.8829 0.4625 0.0803
vn -0.8086 0.5829 0.0803
vn -0.8584 0.4527 0.2412
vn -0.8339 0.4884 0.2571
vn -0.7868 0.5750 0.2244
vn -0.7812 0.4782 0.4014
vn 0.0491 0.9885 0.1429
vn -0.0237 0.9722 0.2328
vn -0.1214 0.9729 0.1968
vn 0.1145 0.9529 0.2808
vn 0.0390 0.9516 0.3048
vn -0.1875 0.9216 0.3398
vn -0.1448 0.9329 0.3299
vn -0.2521 0.9206 0.2982
vn 0.0185 0.9255 0.3784
vn 0.1956 0.8907 0.4102
vn 0.0829 0.8907 0.4469
vn -0.3145 0.8417 0.4390
vn -0.3606 0.8427 0.3998
vn -0.1814 0.8506 0.4936
vn -0.1011 0.8719 0.4792
vn -0.1999 0.8719 0.4471
vn 0.0567 0.8427 0.5354
vn 0.2536 0.8055 0.5357
vn 0.1097 0.8055 0.5824
vn -0.4374 0.7138 0.5469
vn -0.2997 0.7410 0.6009
vn -0.2796 0.7799 0.5600
vn -0.1107 0.7410 0.6623
vn -0.1030 0.7799 0.6173
vn 0.1020 0.7378 0.6673
vn 0.2437 0.7011 0.6701
vn 0.1473 0.6993 0.6995
vn -0.5368 0.5816 0.6112
vn -0.5450 0.6236 0.5605
vn -0.3970 0.6070 0.6884
vn -0.3686 0.7086 0.6016
vn -0.2436 0.6153 0.7497
vn -0.2173 0.7109 0.6689
vn -0.0671 0.6108 0.7889
vn -0.0629 0.7132 0.6981
vn 0.0977 0.6021 0.7924
vn 0.1424 0.6336 0.7605
vn 0.3073 0.5623 0.7677
vn -0.4946 0.4394 0.7498
vn -0.4709 0.5667 0.6761
vn -0.3493 0.4625 0.8149
vn -0.3263 0.5829 0.7442
vn -0.1964 0.4625 0.8646
vn -0.1735 0.5829 0.7938
vn -0.0359 0.4527 0.8910
vn -0.0131 0.4884 0.8725
vn -0.0326 0.5898 0.8069
vn 0.1403 0.4782 0.8670
vn 0.2177 0.9716 0.0929
vn 0.1490 0.9727 0.1782
vn 0.2652 0.9216 0.2833
vn 0.2690 0.9329 0.2397
vn 0.2057 0.9206 0.3319
vn 0.3656 0.9255 0.0993
vn 0.3203 0.8417 0.4347
vn 0.2688 0.8427 0.4665
vn 0.4134 0.8506 0.3250
vn 0.4245 0.8719 0.2442
vn 0.3635 0.8719 0.3283
vn 0.5267 0.8427 0.1115
vn 0.3850 0.7138 0.5850
vn 0.4788 0.7410 0.4707
vn 0.4462 0.7799 0.4389
vn 0.5956 0.7410 0.3100
vn 0.5553 0.7799 0.2887
vn 0.6754 0.7138 0.1853
vn 0.6425 0.7599 0.0988
vn 0.3661 0.6297 0.6852
vn 0.5320 0.6070 0.5903
vn 0.4583 0.7086 0.5365
vn 0.6378 0.6153 0.4634
vn 0.5690 0.7109 0.4134
vn 0.7258 0.6070 0.3236
vn 0.6518 0.7086 0.2701
vn 0.7774 0.6105 0.1516
vn 0.7699 0.6310 0.0950
vn 0.7685 0.6257 0.1342
vn 0.4069 0.4792 0.7777
vn 0.5527 0.4527 0.6997
vn 0.4988 0.5682 0.6545
vn 0.6671 0.4625 0.5840
vn 0.6069 0.5829 0.5403
vn 0.7615 0.4625 0.4540
vn 0.7014 0.5829 0.4103
vn 0.8363 0.4527 0.3095
vn 0.8258 0.4884 0.2821
vn 0.7684 0.5750 0.2809
vn 0.8679 0.4782 0.1344
vn 0.9172 0.3983 0.0082
vn 0.9187 0.3724 -0.1312
vn 0.9277 0.3608 -0.0956
vn 0.9193 0.3626 0.1532
vn 0.9721 0.2277 -0.0557
vn 0.9704 0.2347 0.0578
vn 0.9391 0.2441 -0.2418
vn 0.9755 0.1750 -0.1330
vn 0.9550 0.2182 0.2007
vn 0.9678 0.1931 0.1613
vn 0.9948 0.0713 0.0733
vn 0.9947 0.0965 0.0358
vn 0.9850 0.0884 0.1479
vn 0.9860 0.0975 -0.1351
vn 0.9382 0.1080 -0.3288
vn 0.9751 0.0378 -0.2183
vn 0.9382 0.1080 0.3288
vn 0.9751 0.0378 0.2183
vn 0.9830 -0.0839 0.1634
vn 0.9737 -0.0631 0.2187
vn 0.9958 -0.0896 0.0200
vn 0.9976 -0.0457 -0.0520
vn 0.9976 -0.0457 0.0520
vn 0.9737 -0.0631 -0.2187
vn 0.9172 -0.0378 -0.3966
vn 0.9523 -0.1080 -0.2854
vn 0.9172 -0.0378 0.3966
vn 0.9523 -0.1080 0.2854
vn 0.9315 -0.2669 0.2470
vn 0.9598 -0.2625 0.0993
vn 0.9744 -0.2048 0.0928
vn 0.9598 -0.2625 -0.0993
vn 0.9744 -0.2048 -0.0928
vn 0.9315 -0.2669 -0.2470
vn 0.9381 -0.1782 -0.2970
vn 0.8778 -0.1931 -0.4383
vn 0.8906 -0.2182 -0.3990
vn 0.8674 -0.1750 0.4658
vn 0.8906 -0.2182 0.3990
vn 0.8546 -0.4092 0.3198
vn 0.8716 -0.3484 0.3450
vn 0.8906 -0.4239 0.1649
vn 0.9407 -0.2967 0.1646
vn 0.9029 -0.4299 -0.0000
vn 0.9504 -0.3111 -0.0000
vn 0.8906 -0.4239 -0.1649
vn 0.9407 -0.2967 -0.1646
vn 0.8544 -0.4084 -0.3212
vn 0.8674 -0.3304 -0.3720
vn 0.8709 -0.3492 -0.3459
vn 0.8137 -0.3317 0.4774
vn 0.7885 -0.5667 0.2390
vn 0.8595 -0.4519 0.2390
vn 0.8086 -0.5829 0.0803
vn 0.8830 -0.4625 0.0803
vn 0.8086 -0.5829 -0.0803
vn 0.8830 -0.4625 -0.0803
vn 0.7885 -0.5667 -0.2390
vn 0.8595 -0.4519 -0.2390
vn 0.7811 -0.4885 -0.3889
vn 0.2526 0.4452 -0.8590
vn 0.2773 0.4530 -0.8473
vn 0.1973 0.3367 -0.9207
vn 0.2496 0.2292 -0.9408
vn 0.3529 0.2354 -0.9055
vn 0.1042 0.2182 -0.9703
vn 0.1749 0.1750 -0.9689
vn 0.5202 0.2441 -0.8184
vn 0.4525 0.1931 -0.8706
vn 0.3771 0.0713 -0.9234
vn 0.3414 0.0965 -0.9349
vn 0.4450 0.0884 -0.8911
vn 0.1762 0.0975 -0.9795
vn -0.0228 0.1080 -0.9939
vn 0.0937 0.0378 -0.9949
vn 0.6027 0.1080 -0.7907
vn 0.5090 0.0378 -0.8600
vn 0.4592 -0.0839 -0.8844
vn 0.5089 -0.0631 -0.8585
vn 0.3267 -0.0896 -0.9409
vn 0.2589 -0.0457 -0.9648
vn 0.3577 -0.0457 -0.9327
vn 0.0929 -0.0631 -0.9937
vn -0.0937 -0.0378 -0.9949
vn 0.0228 -0.1080 -0.9939
vn 0.6606 -0.0378 -0.7498
vn 0.5657 -0.1080 -0.8175
vn 0.5228 -0.2669 -0.8096
vn 0.3911 -0.2625 -0.8821
vn 0.3894 -0.2048 -0.8980
vn 0.2021 -0.2625 -0.9435
vn 0.2128 -0.2048 -0.9554
vn 0.0003 -0.2103 -0.9776
vn -0.1749 -0.1750 -0.9689
vn -0.0602 -0.2441 -0.9679
vn 0.7110 -0.1750 -0.6810
vn 0.6547 -0.2182 -0.7238
vn 0.5932 -0.3436 -0.7281
vn 0.4320 -0.4239 -0.7960
vn 0.4473 -0.2967 -0.8437
vn 0.2790 -0.4299 -0.8587
vn 0.2937 -0.3111 -0.9039
vn 0.1042 -0.4165 -0.9031
vn 0.1433 -0.2923 -0.9455
vn -0.0401 -0.4092 -0.9116
vn -0.0830 -0.3289 -0.9407
vn 0.6934 -0.3626 -0.6227
vn 0.6673 -0.3737 -0.6443
vn 0.7548 -0.4017 -0.5185
vn 0.7418 -0.4716 -0.4768
vn 0.6113 -0.4892 -0.6221
vn 0.4640 -0.5804 -0.6691
vn 0.4908 -0.4509 -0.7455
vn 0.3263 -0.5829 -0.7442
vn 0.3493 -0.4625 -0.8149
vn 0.1735 -0.5829 -0.7938
vn 0.1964 -0.4625 -0.8646
vn 0.0164 -0.5667 -0.8238
vn 0.0406 -0.4394 -0.8974
vn -0.1289 -0.5469 -0.8272
vn -0.1379 -0.4927 -0.8592
vn -0.7403 0.4390 -0.5092
vn -0.6965 0.4864 -0.5276
vn -0.8132 0.3369 -0.4746
vn -0.6536 0.3626 -0.6643
vn -0.7995 0.2137 -0.5613
vn -0.8182 0.2352 -0.5246
vn -0.7546 0.2287 -0.6151
vn -0.9019 0.2441 -0.3563
vn -0.8778 0.1931 -0.4384
vn -0.6547 0.2182 -0.7238
vn -0.7110 0.1750 -0.6810
vn -0.7641 0.0570 -0.6426
vn -0.7183 0.0975 -0.6889
vn -0.8838 0.0885 -0.4593
vn -0.8258 0.0965 -0.5557
vn -0.9523 0.1080 -0.2854
vn -0.9172 0.0378 -0.3966
vn -0.5657 0.1080 -0.8175
vn -0.6606 0.0378 -0.7498
vn -0.6992 -0.0839 -0.7100
vn -0.6592 -0.0631 -0.7493
vn -0.7939 -0.0896 -0.6014
vn -0.8376 -0.0457 -0.5443
vn -0.7765 -0.0457 -0.6284
vn -0.9163 -0.0631 -0.3954
vn -0.9751 -0.0378 -0.2183
vn -0.9382 -0.1080 -0.3288
vn -0.5090 -0.0378 -0.8600
vn -0.6027 -0.1080 -0.7907
vn -0.7181 -0.2625 -0.6445
vn -0.7337 -0.2048 -0.6478
vn -0.8349 -0.2626 -0.4838
vn -0.8429 -0.2048 -0.4976
vn -0.8988 -0.2669 -0.3477
vn -0.9335 -0.1782 -0.3111
vn -0.9678 -0.1931 -0.1613
vn -0.9550 -0.2182 -0.2007
vn -0.4525 -0.1931 -0.8706
vn -0.5202 -0.2441 -0.8184
vn -0.5023 -0.4086 -0.7621
vn -0.6152 -0.4165 -0.6694
vn -0.6717 -0.2923 -0.6808
vn -0.7304 -0.4299 -0.5307
vn -0.7689 -0.3111 -0.5586
vn -0.8174 -0.4239 -0.3901
vn -0.8578 -0.2967 -0.4197
vn -0.8793 -0.4092 -0.2436
vn -0.9209 -0.3291 -0.2088
vn -0.9079 -0.3484 -0.2332
vn -0.3724 -0.3289 -0.8678
vn -0.2747 -0.4335 -0.8583
vn -0.2780 -0.4119 -0.8678
vn -0.4975 -0.5667 -0.6568
vn -0.5603 -0.4394 -0.7021
vn -0.6069 -0.5829 -0.5403
vn -0.6671 -0.4625 -0.5840
vn -0.7014 -0.5829 -0.4103
vn -0.7615 -0.4625 -0.4540
vn -0.7716 -0.5780 -0.2655
vn -0.8358 -0.4519 -0.3119
vn -0.8266 -0.5469 -0.1331
vn -0.8598 -0.4927 -0.1343
vn -0.7130 0.4390 0.5467
vn -0.7170 0.4864 0.4994
vn -0.7027 0.3369 0.6267
vn -0.8338 0.3626 0.4164
vn -0.7546 0.2287 0.6151
vn -0.8182 0.2352 0.5246
vn -0.6176 0.2441 0.7477
vn -0.7110 0.1750 0.6810
vn -0.8906 0.2182 0.3990
vn -0.8778 0.1931 0.4384
vn -0.8479 0.0713 0.5254
vn -0.8258 0.0965 0.5557
vn -0.8838 0.0885 0.4593
vn -0.7183 0.0975 0.6889
vn -0.5657 0.1080 0.8175
vn -0.6606 0.0378 0.7498
vn -0.9523 0.1080 0.2854
vn -0.9172 0.0378 0.3966
vn -0.8913 -0.0839 0.4456
vn -0.9163 -0.0631 0.3954
vn -0.8173 -0.0896 0.5692
vn -0.7765 -0.0457 0.6284
vn -0.8376 -0.0457 0.5443
vn -0.6592 -0.0631 0.7493
vn -0.5090 -0.0378 0.8600
vn -0.6027 -0.1080 0.7907
vn -0.9751 -0.0378 0.2183
vn -0.9382 -0.1080 0.3288
vn -0.8988 -0.2669 0.3477
vn -0.8349 -0.2626 0.4838
vn -0.8429 -0.2048 0.4976
vn -0.7181 -0.2625 0.6445
vn -0.7337 -0.2048 0.6478
vn -0.6084 -0.2669 0.7474
vn -0.5843 -0.1782 0.7917
vn -0.4525 -0.1931 0.8706
vn -0.4860 -0.2182 0.8463
vn -0.9755 -0.1750 0.1330
vn -0.9550 -0.2182 0.2007
vn -0.8800 -0.4084 0.2424
vn -0.9079 -0.3492 0.2320
vn -0.8174 -0.4239 0.3901
vn -0.8578 -0.2967 0.4197
vn -0.7304 -0.4299 0.5307
vn -0.7689 -0.3111 0.5586
vn -0.6236 -0.4239 0.6569
vn -0.6642 -0.2967 0.6861
vn -0.5034 -0.4092 0.7610
vn -0.4832 -0.3291 0.8113
vn -0.5024 -0.3484 0.7914
vn -0.9405 -0.3289 0.0860
vn -0.9011 -0.4335 -0.0040
vn -0.9112 -0.4119 -0.0038
vn -0.7784 -0.5667 0.2702
vn -0.8358 -0.4519 0.3119
vn -0.7014 -0.5829 0.4103
vn -0.7615 -0.4625 0.4540
vn -0.6069 -0.5829 0.5403
vn -0.6671 -0.4625 0.5840
vn -0.4975 -0.5667 0.6568
vn -0.5549 -0.4519 0.6985
vn -0.4034 -0.4857 0.7755
vn 0.2757 0.3983 0.8748
vn 0.4087 0.3724 0.8332
vn 0.3776 0.3608 0.8528
vn 0.1383 0.3626 0.9216
vn 0.3174 0.2115 0.9244
vn 0.3548 0.2347 0.9050
vn 0.2475 0.2277 0.9418
vn 0.4860 0.2182 0.8463
vn 0.4525 0.1931 0.8706
vn 0.1042 0.2182 0.9703
vn 0.1749 0.1750 0.9689
vn 0.2404 0.0570 0.9690
vn 0.1762 0.0975 0.9795
vn 0.4450 0.0884 0.8911
vn 0.3414 0.0965 0.9349
vn 0.6027 0.1080 0.7907
vn 0.5090 0.0378 0.8600
vn -0.0228 0.1080 0.9939
vn 0.0937 0.0378 0.9949
vn 0.1483 -0.0839 0.9854
vn 0.0929 -0.0631 0.9937
vn 0.2887 -0.0896 0.9532
vn 0.3577 -0.0457 0.9327
vn 0.2589 -0.0457 0.9648
vn 0.5089 -0.0631 0.8585
vn 0.6606 -0.0378 0.7498
vn 0.5657 -0.1080 0.8175
vn -0.0937 -0.0378 0.9949
vn 0.0228 -0.1080 0.9939
vn 0.0529 -0.2669 0.9623
vn 0.2021 -0.2625 0.9435
vn 0.2128 -0.2048 0.9554
vn 0.3911 -0.2625 0.8821
vn 0.3894 -0.2048 0.8980
vn 0.5228 -0.2669 0.8096
vn 0.5724 -0.1782 0.8004
vn 0.6882 -0.1931 0.6994
vn 0.6547 -0.2182 0.7238
vn -0.1749 -0.1750 0.9689
vn -0.1042 -0.2182 0.9703
vn -0.0500 -0.3691 0.9280
vn -0.0565 -0.3468 0.9362
vn 0.1184 -0.4239 0.8980
vn 0.1341 -0.2967 0.9455
vn 0.2790 -0.4299 0.8587
vn 0.2937 -0.3111 0.9039
vn 0.4320 -0.4239 0.7960
vn 0.4473 -0.2967 0.8437
vn 0.5659 -0.4106 0.7150
vn 0.6231 -0.3267 0.7107
vn 0.5960 -0.3468 0.7242
vn -0.2003 -0.3364 0.9202
vn -0.2449 -0.4215 0.8731
vn -0.2942 -0.4335 0.8518
vn -0.1137 -0.4792 0.8703
vn 0.0144 -0.5654 0.8247
vn 0.0542 -0.4466 0.8931
vn 0.1735 -0.5829 0.7938
vn 0.1964 -0.4625 0.8646
vn 0.3263 -0.5829 0.7442
vn 0.3493 -0.4625 0.8149
vn 0.4709 -0.5667 0.6761
vn 0.4929 -0.4519 0.7436
vn 0.5905 -0.5469 0.5935
vn 0.6195 -0.4864 0.6162
vn 0.7382 -0.4642 0.4894
vn 0.7386 -0.4335 0.5162
vn 0.8001 -0.2115 -0.5613
vn 0.8190 -0.2347 -0.5236
vn 0.7538 -0.2277 -0.6164
vn 0.7641 -0.0570 -0.6426
vn 0.7183 -0.0975 -0.6889
vn 0.8838 -0.0885 -0.4593
vn 0.8258 -0.0965 -0.5557
vn 0.6992 0.0839 -0.7100
vn 0.6592 0.0631 -0.7493
vn 0.7939 0.0896 -0.6014
vn 0.8376 0.0457 -0.5443
vn 0.7765 0.0457 -0.6284
vn 0.9163 0.0631 -0.3954
vn 0.7181 0.2625 -0.6445
vn 0.7337 0.2048 -0.6478
vn 0.8349 0.2625 -0.4838
vn 0.8429 0.2048 -0.4976
vn 0.9297 0.2103 -0.3024
vn 0.5066 0.4109 -0.7580
vn 0.6152 0.4165 -0.6694
vn 0.6717 0.2923 -0.6808
vn 0.7304 0.4299 -0.5307
vn 0.7689 0.3111 -0.5586
vn 0.8267 0.4165 -0.3782
vn 0.8550 0.2923 -0.4284
vn 0.9182 0.3367 -0.2089
vn -0.2475 -0.2277 -0.9418
vn -0.3548 -0.2347 -0.9050
vn -0.3771 -0.0713 -0.9234
vn -0.3414 -0.0966 -0.9349
vn -0.4450 -0.0884 -0.8911
vn -0.1762 -0.0975 -0.9795
vn -0.4592 0.0839 -0.8844
vn -0.5089 0.0631 -0.8585
vn -0.3267 0.0896 -0.9409
vn -0.2589 0.0457 -0.9648
vn -0.3577 0.0457 -0.9327
vn -0.0929 0.0631 -0.9937
vn -0.5228 0.2669 -0.8096
vn -0.3911 0.2625 -0.8821
vn -0.3894 0.2048 -0.8980
vn -0.2021 0.2625 -0.9435
vn -0.2128 0.2048 -0.9554
vn -0.0529 0.2669 -0.9623
vn -0.0074 0.1782 -0.9840
vn -0.5926 0.3430 -0.7288
vn -0.4320 0.4239 -0.7960
vn -0.4473 0.2967 -0.8437
vn -0.2790 0.4299 -0.8587
vn -0.2937 0.3111 -0.9039
vn -0.1184 0.4239 -0.8979
vn -0.1341 0.2967 -0.9455
vn 0.0362 0.4114 -0.9107
vn 0.0863 0.3271 -0.9410
vn 0.0565 0.3468 -0.9362
vn -0.9772 -0.2115 -0.0162
vn -0.9704 -0.2347 -0.0578
vn -0.9721 -0.2277 0.0557
vn -0.9959 -0.0570 0.0708
vn -0.9860 -0.0975 0.1351
vn -0.9850 -0.0885 -0.1479
vn -0.9947 -0.0965 -0.0358
vn -0.9830 0.0839 0.1634
vn -0.9737 0.0631 0.2187
vn -0.9958 0.0896 0.0200
vn -0.9976 0.0457 -0.0520
vn -0.9976 0.0457 0.0520
vn -0.9737 0.0631 -0.2187
vn -0.9315 0.2669 0.2470
vn -0.9598 0.2626 0.0993
vn -0.9744 0.2048 0.0928
vn -0.9598 0.2626 -0.0993
vn -0.9744 0.2048 -0.0928
vn -0.9299 0.2103 -0.3018
vn -0.8762 0.3430 0.3384
vn -0.8906 0.4239 0.1649
vn -0.9407 0.2967 0.1646
vn -0.9029 0.4299 -0.0000
vn -0.9504 0.3111 -0.0000
vn -0.8911 0.4165 -0.1800
vn -0.9435 0.2923 -0.1559
vn -0.8553 0.4109 -0.3154
vn -0.8700 0.3267 -0.3693
vn -0.3169 -0.2137 0.9241
vn -0.3536 -0.2352 0.9054
vn -0.2489 -0.2287 0.9411
vn -0.2404 -0.0570 0.9690
vn -0.1762 -0.0975 0.9795
vn -0.4450 -0.0885 0.8911
vn -0.3414 -0.0965 0.9349
vn -0.1483 0.0839 0.9854
vn -0.0929 0.0631 0.9937
vn -0.2887 0.0896 0.9532
vn -0.3577 0.0457 0.9327
vn -0.2589 0.0457 0.9648
vn -0.5089 0.0631 0.8585
vn -0.0529 0.2669 0.9623
vn -0.2021 0.2625 0.9435
vn -0.2128 0.2048 0.9554
vn -0.3911 0.2625 0.8821
vn -0.3894 0.2048 0.8980
vn -0.5744 0.2103 0.7911
vn 0.0511 0.3430 0.9379
vn -0.1184 0.4239 0.8979
vn -0.1341 0.2967 0.9455
vn -0.2790 0.4299 0.8587
vn -0.2937 0.3111 0.9039
vn -0.4465 0.4165 0.7919
vn -0.4399 0.2923 0.8492
vn -0.5643 0.4109 0.7160
vn -0.6201 0.3267 0.7133
vn 0.7809 -0.2137 0.5869
vn 0.7518 -0.2352 0.6160
vn 0.8182 -0.2287 0.5275
vn 0.8473 -0.0570 0.5281
vn 0.8771 -0.0975 0.4703
vn 0.7100 -0.0884 0.6986
vn 0.7837 -0.0965 0.6136
vn 0.8913 0.0839 0.4456
vn 0.9163 0.0631 0.3954
vn 0.8173 0.0896 0.5692
vn 0.7765 0.0457 0.6284
vn 0.8376 0.0457 0.5443
vn 0.6592 0.0631 0.7493
vn 0.8988 0.2669 0.3477
vn 0.8349 0.2625 0.4838
vn 0.8429 0.2048 0.4976
vn 0.7181 0.2625 0.6445
vn 0.7337 0.2048 0.6478
vn 0.6084 0.2669 0.7474
vn 0.5843 0.1782 0.7917
vn 0.9078 0.3430 0.2412
vn 0.8174 0.4239 0.3901
vn 0.8578 0.2967 0.4197
vn 0.7304 0.4299 0.5307
vn 0.7689 0.3111 0.5586
vn 0.6236 0.4239 0.6569
vn 0.6642 0.2967 0.6861
vn 0.4828 0.3365 0.8085
vn 0.5100 0.3430 0.7888
vn 0.0219 -0.9998 0.0029
vn -0.0011 -1.0000 0.0038
vn 0.1237 -0.9885 -0.0868
vn 0.0900 -0.9698 -0.2269
vn 0.1180 -0.9733 -0.1968
vn 0.0215 -0.9717 -0.2353
vn 0.2779 -0.9516 -0.1313
vn 0.2317 -0.9529 -0.1956
vn -0.1476 -0.9516 -0.2696
vn -0.0390 -0.9516 -0.3048
vn 0.0546 -0.9162 -0.3969
vn -0.0185 -0.9255 -0.3784
vn 0.2521 -0.9206 -0.2982
vn 0.1448 -0.9329 -0.3299
vn 0.3994 -0.8907 -0.2169
vn 0.3297 -0.8907 -0.3128
vn -0.1956 -0.8907 -0.4102
vn -0.0829 -0.8907 -0.4469
vn 0.0036 -0.8417 -0.5400
vn -0.0567 -0.8427 -0.5354
vn 0.1434 -0.8506 -0.5059
vn 0.1999 -0.8719 -0.4471
vn 0.1011 -0.8719 -0.4792
vn 0.3606 -0.8427 -0.3998
vn 0.5200 -0.8055 -0.2843
vn 0.4311 -0.8055 -0.4067
vn -0.2536 -0.8055 -0.5357
vn -0.1097 -0.8055 -0.5824
vn -0.0324 -0.7138 -0.6996
vn 0.1107 -0.7410 -0.6623
vn 0.1030 -0.7799 -0.6173
vn 0.2997 -0.7410 -0.6009
vn 0.2796 -0.7799 -0.5600
vn 0.4747 -0.7378 -0.4799
vn 0.5910 -0.7011 -0.3989
vn 0.5303 -0.6993 -0.4793
vn -0.1928 -0.6913 -0.6964
vn -0.2184 -0.6856 -0.6944
vn -0.0823 -0.5826 -0.8086
vn -0.0951 -0.6435 -0.7595
vn 0.0834 -0.6070 -0.7903
vn 0.0554 -0.7086 -0.7034
vn 0.2436 -0.6153 -0.7497
vn 0.2173 -0.7109 -0.6689
vn 0.4094 -0.6108 -0.6777
vn 0.3595 -0.7132 -0.6017
vn 0.5663 -0.6240 -0.5384
vn 0.6309 -0.5666 -0.5300
vn -0.2219 -0.6057 -0.7642
vn -0.1557 -0.9716 -0.1783
vn -0.2155 -0.9727 -0.0866
vn -0.3020 -0.9516 0.0571
vn -0.3024 -0.9529 -0.0221
vn -0.3514 -0.9216 -0.1647
vn -0.3111 -0.9329 -0.1818
vn -0.3792 -0.9206 -0.0931
vn -0.2074 -0.9255 -0.3170
vn -0.4506 -0.8907 0.0593
vn -0.4506 -0.8907 -0.0593
vn -0.5124 -0.8417 -0.1703
vn -0.5267 -0.8427 -0.1115
vn -0.4368 -0.8506 -0.2927
vn -0.3635 -0.8719 -0.3283
vn -0.4245 -0.8719 -0.2442
vn -0.2688 -0.8427 -0.4665
vn -0.5878 -0.8055 0.0756
vn -0.5878 -0.8055 -0.0756
vn -0.5956 -0.7410 -0.3100
vn -0.5553 -0.7799 -0.2887
vn -0.4788 -0.7410 -0.4707
vn -0.4462 -0.7799 -0.4389
vn -0.3745 -0.7141 -0.5915
vn -0.3002 -0.7502 -0.5891
vn -0.7219 -0.6913 -0.0318
vn -0.7098 -0.7002 -0.0768
vn -0.7956 -0.5814 -0.1703
vn -0.7296 -0.6108 -0.3076
vn -0.6445 -0.7132 -0.2755
vn -0.6378 -0.6153 -0.4634
vn -0.5690 -0.7109 -0.4134
vn -0.5320 -0.6070 -0.5903
vn -0.4583 -0.7086 -0.5365
vn -0.4207 -0.5808 -0.6969
vn -0.3959 -0.6016 -0.6937
vn -0.7953 -0.6057 -0.0251
vn -0.2153 -0.9720 0.0939
vn -0.1494 -0.9728 0.1770
vn -0.0724 -0.9529 0.2944
vn -0.1145 -0.9529 0.2808
vn -0.2652 -0.9216 0.2833
vn -0.2690 -0.9329 0.2397
vn -0.2057 -0.9206 0.3319
vn -0.3656 -0.9255 0.0993
vn -0.0829 -0.8907 0.4469
vn -0.1956 -0.8907 0.4102
vn -0.3203 -0.8417 0.4347
vn -0.2688 -0.8427 0.4665
vn -0.4134 -0.8506 0.3250
vn -0.4245 -0.8719 0.2442
vn -0.3635 -0.8719 0.3283
vn -0.5267 -0.8427 0.1115
vn -0.1097 -0.8055 0.5824
vn -0.2536 -0.8055 0.5357
vn -0.3850 -0.7138 0.5850
vn -0.4788 -0.7410 0.4707
vn -0.4462 -0.7799 0.4389
vn -0.5956 -0.7410 0.3100
vn -0.5553 -0.7799 0.2887
vn -0.6782 -0.7141 0.1734
vn -0.6530 -0.7502 0.1034
vn -0.1968 -0.7011 0.6854
vn -0.2436 -0.7011 0.6701
vn -0.4214 -0.5807 0.6966
vn -0.3651 -0.6257 0.6893
vn -0.5320 -0.6070 0.5903
vn -0.4583 -0.7086 0.5365
vn -0.6378 -0.6153 0.4634
vn -0.5690 -0.7109 0.4134
vn -0.7258 -0.6070 0.3236
vn -0.6518 -0.7086 0.2701
vn -0.7928 -0.5808 0.1848
vn -0.7821 -0.6016 0.1622
vn -0.1811 -0.5851 0.7905
vn -0.2488 -0.5697 0.7833
vn 0.0607 -0.9694 0.2377
vn 0.0193 -0.9732 0.2292
vn 0.1218 -0.9715 0.2032
vn 0.2576 -0.9529 0.1599
vn 0.2108 -0.9516 0.2237
vn 0.1892 -0.9162 0.3532
vn 0.2374 -0.9255 0.2952
vn -0.0286 -0.9206 0.3894
vn 0.0767 -0.9329 0.3520
vn 0.3994 -0.8907 0.2169
vn 0.3297 -0.8907 0.3128
vn 0.3145 -0.8417 0.4390
vn 0.3606 -0.8427 0.3998
vn 0.1814 -0.8506 0.4936
vn 0.1011 -0.8719 0.4792
vn 0.1999 -0.8719 0.4471
vn -0.0567 -0.8427 0.5354
vn 0.5200 -0.8055 0.2843
vn 0.4311 -0.8055 0.4067
vn 0.4374 -0.7138 0.5469
vn 0.2997 -0.7410 0.6009
vn 0.2796 -0.7799 0.5600
vn 0.1107 -0.7410 0.6623
vn 0.1030 -0.7799 0.6173
vn -0.0324 -0.7138 0.6996
vn -0.1045 -0.7599 0.6416
vn 0.5653 -0.6913 0.4501
vn 0.5848 -0.6856 0.4334
vn 0.5418 -0.5826 0.6058
vn 0.5234 -0.6435 0.5586
vn 0.3970 -0.6070 0.6884
vn 0.3686 -0.7086 0.6016
vn 0.2436 -0.6153 0.7497
vn 0.2173 -0.7109 0.6689
vn 0.0834 -0.6070 0.7903
vn 0.0554 -0.7086 0.7034
vn -0.1424 -0.6233 0.7689
vn -0.1060 -0.6303 0.7690
vn 0.6287 -0.6057 0.4878
vn 0.2474 -0.9688 0.0161
vn 0.2246 -0.9729 0.0546
vn 0.2318 -0.9712 -0.0546
vn 0.3944 -0.9162 -0.0708
vn 0.3541 -0.9255 -0.1345
vn 0.3615 -0.9206 0.1476
vn 0.3585 -0.9329 0.0358
vn 0.5146 -0.8417 -0.1634
vn 0.4917 -0.8427 -0.2194
vn 0.5255 -0.8506 -0.0200
vn 0.4870 -0.8719 0.0520
vn 0.4870 -0.8719 -0.0520
vn 0.4917 -0.8427 0.2194
vn 0.6553 -0.7138 -0.2470
vn 0.6641 -0.7410 -0.0993
vn 0.6190 -0.7799 -0.0928
vn 0.6641 -0.7410 0.0993
vn 0.6190 -0.7799 0.0928
vn 0.6506 -0.7141 0.2584
vn 0.5891 -0.7502 0.3002
vn 0.7500 -0.5808 -0.3165
vn 0.7005 -0.6260 -0.3427
vn 0.7774 -0.6070 -0.1649
vn 0.6861 -0.7086 -0.1646
vn 0.7883 -0.6153 -0.0000
vn 0.7033 -0.7109 -0.0000
vn 0.7774 -0.6070 0.1649
vn 0.6861 -0.7086 0.1646
vn 0.7500 -0.5808 0.3165
vn 0.7281 -0.6016 0.3285
vn -0.5000 0.8660 0.0036
vn 0.4133 -0.9106 -0.0053
vn -0.4386 -0.8987 -0.0000
vn -1.0000 -0.0000 -0.0005
vn 0.5000 0.0035 0.8660
vn 1.0000 0.0044 0.0017
vn 1.0000 0.0018 0.0045
vn 1.0000 -0.0002 0.0038
vn 1.0000 0.0036 -0.0003
vn -0.5000 0.8660 0.0055
vn 1.0000 -0.0000 0.0004
vn 1.0000 0.0002 -0.0000
vn -1.0000 -0.0038 0.0004
vn -1.0000 -0.0017 -0.0044
vn -1.0000 -0.0045 -0.0018
vn -1.0000 0.0002 -0.0037
vn 0.5000 -0.0033 -0.8660
vn 0.4736 0.3210 0.8202
vn 1.0000 -0.0011 -0.0028
vn 1.0000 -0.0000 -0.0024
vn 1.0000 0.0004 -0.0000
vn 1.0000 -0.0025 -0.0002
vn 1.0000 -0.0028 -0.0011
vn 1.0000 0.0031 0.0002
vn 1.0000 0.0035 0.0014
vn 1.0000 0.0014 0.0036
vn 1.0000 -0.0000 0.0031
vn 1.0000 -0.0009 -0.0000
vn 0.5000 -0.0029 -0.8660
vn 0.4032 -0.9150 -0.0118
vn -0.5000 0.8660 0.0090
vn 0.4058 -0.9138 -0.0180
vn 0.4173 -0.0161 -0.9086
vn 0.4999 0.0172 0.8659
vn 0.4196 0.0225 0.9074
vn -0.1570 0.2719 -0.9494
vn -0.1570 0.2720 0.9494
vn -0.1515 -0.9530 0.2623
vn 0.1205 -0.9705 0.2086
vn -0.1205 -0.9705 0.2087
vn -0.1204 0.9706 0.2086
vn -1.0000 0.0001 -0.0000
vn -1.0000 -0.0031 -0.0000
vn -1.0000 -0.0000 0.0005
vn 0.4009 -0.9161 -0.0060
vn 1.0000 0.0035 0.0013
vn 1.0000 0.0014 0.0035
vn 1.0000 -0.0007 0.0027
vn 1.0000 0.0028 -0.0004
vn -1.0000 -0.0048 0.0005
vn -1.0000 -0.0023 -0.0058
vn -1.0000 -0.0058 -0.0023
vn -1.0000 0.0002 -0.0049
vn -0.4285 -0.0000 -0.9035
vn 0.9949 0.0180 0.0992
vn 1.0000 -0.0031 -0.0002
vn 1.0000 -0.0044 -0.0017
vn 1.0000 -0.0018 -0.0045
vn 1.0000 0.0002 -0.0038
vn 1.0000 -0.0035 0.0006
vn -0.4285 -0.9035 -0.0000
vn 0.4112 0.0047 -0.9115
vn 0.5617 0.1811 -0.8073
vn 0.1570 0.2719 0.9494
vn 0.1514 -0.9530 0.2623
vt 0.375000 0.875000
vt 0.125000 0.625000
vt 0.625000 0.875000
vt 0.375000 0.375000
vt 0.125000 0.375000
vt 0.125000 0.875000
vt 0.125000 0.125000
vt 0.875000 0.375000
s 0
usemtl ruins_beacon_heart
f 2/1/1 3/1/1 1/1/1
f 6/1/2 7/1/2 5/1/2
f 8/1/3 4/1/3 2/1/3
f 1/1/4 5/1/4 7/1/4
f 4/1/5 9/1/5 3/1/5
f 104/2/4 132/2/4 131/2/4
f 1/1/6 13/1/6 16/1/6
f 14/1/1 12/1/1 13/1/1
f 15/1/4 11/1/4 14/1/4
f 15/1/2 9/1/2 10/1/2
f 13/1/3 9/1/3 16/1/3
f 475/1/6 20/1/6 474/1/6
f 22/1/5 23/1/5 21/1/5
f 17/1/4 21/1/4 23/1/4
f 343/2/4 344/2/4 316/2/4
f 489/1/7 495/1/7 488/1/7
f 371/2/2 396/2/2 367/2/2
f 17/1/2 23/1/2 32/1/2
f 492/1/8 490/1/8 491/1/8
f 30/1/6 28/1/6 29/1/6
f 492/1/9 488/1/9 495/1/9
f 476/1/5 26/1/5 31/1/5
f 29/1/3 25/1/3 32/1/3
f 34/1/1 35/1/1 33/1/1
f 46/1/1 43/1/1 497/1/1
f 40/1/6 36/1/6 34/1/6
f 506/1/5 37/1/5 39/1/5
f 507/1/3 44/1/3 37/1/3
f 21/1/1 28/1/1 22/1/1
f 506/1/4 45/1/4 509/1/4
f 47/1/5 43/1/5 46/1/5
f 47/1/2 41/1/2 42/1/2
f 509/1/6 44/1/6 508/1/6
f 91/2/5 198/2/5 92/2/5
f 92/2/4 199/2/4 93/2/4
f 55/2/2 268/2/2 56/2/2
f 56/2/4 269/2/4 57/2/4
f 84/2/3 67/2/3 66/2/3
f 83/2/2 68/2/2 67/2/2
f 82/2/4 69/2/4 68/2/4
f 85/2/1 66/2/1 69/2/1
f 97/2/10 70/2/10 73/2/10
f 96/2/11 71/2/11 70/2/11
f 95/2/12 72/2/12 71/2/12
f 72/2/13 97/2/13 73/2/13
f 62/2/3 75/2/3 74/2/3
f 63/2/5 76/2/5 75/2/5
f 76/2/4 65/2/4 77/2/4
f 65/2/6 74/2/6 77/2/6
f 66/2/14 79/2/14 78/2/14
f 79/2/15 68/2/15 80/2/15
f 68/2/16 81/2/16 80/2/16
f 81/2/17 66/2/17 78/2/17
f 70/2/2 50/2/2 52/2/2
f 73/2/6 52/2/6 53/2/6
f 74/2/18 87/2/18 86/2/18
f 75/2/19 88/2/19 87/2/19
f 88/2/20 77/2/20 89/2/20
f 77/2/21 86/2/21 89/2/21
f 8/1/6 2/1/6 14/1/6
f 79/2/2 52/2/2 51/2/2
f 80/2/4 53/2/4 52/2/4
f 55/2/22 82/2/22 83/2/22
f 54/2/23 83/2/23 84/2/23
f 57/2/24 84/2/24 85/2/24
f 56/2/25 85/2/25 82/2/25
f 50/2/4 89/2/4 52/2/4
f 89/2/6 51/2/6 52/2/6
f 62/2/26 91/2/26 63/2/26
f 63/2/27 92/2/27 64/2/27
f 92/2/28 65/2/28 64/2/28
f 93/2/29 62/2/29 65/2/29
f 99/2/5 94/2/5 95/2/5
f 100/2/2 95/2/2 96/2/2
f 101/2/6 96/2/6 97/2/6
f 98/2/1 97/2/1 94/2/1
f 60/2/30 98/2/30 99/2/30
f 100/2/31 60/2/31 99/2/31
f 58/2/32 100/2/32 101/2/32
f 61/2/33 101/2/33 98/2/33
f 368/2/6 389/2/6 390/2/6
f 111/2/6 59/2/6 58/2/6
f 112/2/2 60/2/2 59/2/2
f 143/2/6 252/2/6 146/2/6
f 144/2/4 249/2/4 143/2/4
f 483/2/1 319/2/1 322/2/1
f 320/2/4 483/2/4 108/2/4
f 120/2/4 137/2/4 119/2/4
f 121/2/2 136/2/2 120/2/2
f 122/2/3 135/2/3 121/2/3
f 119/2/1 138/2/1 122/2/1
f 123/2/34 150/2/34 126/2/34
f 123/2/35 148/2/35 149/2/35
f 125/2/36 148/2/36 124/2/36
f 125/2/37 150/2/37 147/2/37
f 127/2/38 116/2/38 115/2/38
f 128/2/39 117/2/39 116/2/39
f 130/2/40 117/2/40 129/2/40
f 127/2/41 118/2/41 130/2/41
f 132/2/16 119/2/16 131/2/16
f 133/2/15 120/2/15 132/2/15
f 134/2/14 121/2/14 133/2/14
f 131/2/17 122/2/17 134/2/17
f 103/2/2 123/2/2 105/2/2
f 261/2/1 265/2/1 284/2/1
f 504/2/42 505/2/42 49/2/42
f 105/2/6 126/2/6 106/2/6
f 140/2/20 127/2/20 139/2/20
f 141/2/19 128/2/19 140/2/19
f 141/2/18 130/2/18 129/2/18
f 139/2/21 130/2/21 142/2/21
f 125/2/5 124/2/5 103/2/5
f 105/2/2 132/2/2 104/2/2
f 106/2/3 133/2/3 105/2/3
f 135/2/22 108/2/22 136/2/22
f 136/2/43 484/2/43 137/2/43
f 138/2/24 107/2/24 110/2/24
f 138/2/23 109/2/23 135/2/23
f 103/2/3 142/2/3 141/2/3
f 104/2/6 142/2/6 105/2/6
f 116/2/44 143/2/44 115/2/44
f 117/2/45 144/2/45 116/2/45
f 118/2/46 145/2/46 117/2/46
f 115/2/47 146/2/47 118/2/47
f 148/2/48 151/2/48 152/2/48
f 148/2/49 153/2/49 149/2/49
f 149/2/50 154/2/50 150/2/50
f 147/2/51 154/2/51 151/2/51
f 151/2/52 113/2/52 152/2/52
f 152/2/53 112/2/53 153/2/53
f 153/2/54 111/2/54 154/2/54
f 154/2/55 114/2/55 151/2/55
f 164/2/2 220/2/2 167/2/2
f 165/2/6 217/2/6 164/2/6
f 166/2/1 218/2/1 165/2/1
f 167/2/5 219/2/5 166/2/5
f 199/2/6 90/2/6 93/2/6
f 196/2/3 91/2/3 90/2/3
f 160/2/2 375/2/2 163/2/2
f 161/2/3 372/2/3 160/2/3
f 172/2/56 189/2/56 190/2/56
f 174/2/57 189/2/57 173/2/57
f 175/2/58 188/2/58 174/2/58
f 175/2/59 190/2/59 191/2/59
f 176/2/10 203/2/10 179/2/10
f 177/2/13 202/2/13 176/2/13
f 178/2/12 201/2/12 177/2/12
f 178/2/11 203/2/11 200/2/11
f 181/2/60 168/2/60 180/2/60
f 181/2/61 170/2/61 169/2/61
f 182/2/62 171/2/62 170/2/62
f 180/2/63 171/2/63 183/2/63
f 185/2/14 172/2/14 184/2/14
f 186/2/17 173/2/17 185/2/17
f 186/2/16 175/2/16 174/2/16
f 184/2/15 175/2/15 187/2/15
f 156/2/1 176/2/1 158/2/1
f 487/2/5 485/2/5 60/2/5
f 158/2/6 179/2/6 159/2/6
f 193/2/64 180/2/64 192/2/64
f 193/2/65 182/2/65 181/2/65
f 194/2/66 183/2/66 182/2/66
f 195/2/67 180/2/67 183/2/67
f 158/2/1 185/2/1 157/2/1
f 159/2/4 186/2/4 158/2/4
f 188/2/68 161/2/68 189/2/68
f 189/2/69 160/2/69 190/2/69
f 190/2/70 163/2/70 191/2/70
f 191/2/71 162/2/71 188/2/71
f 158/2/4 194/2/4 156/2/4
f 157/2/6 195/2/6 158/2/6
f 168/2/72 197/2/72 196/2/72
f 169/2/73 198/2/73 197/2/73
f 171/2/74 198/2/74 170/2/74
f 168/2/75 199/2/75 171/2/75
f 200/2/5 205/2/5 201/2/5
f 201/2/1 206/2/1 202/2/1
f 203/2/6 206/2/6 207/2/6
f 203/2/2 204/2/2 200/2/2
f 205/2/30 167/2/30 166/2/30
f 206/2/33 166/2/33 165/2/33
f 206/2/32 164/2/32 207/2/32
f 207/2/31 167/2/31 204/2/31
f 251/2/5 144/2/5 145/2/5
f 252/2/3 145/2/3 146/2/3
f 214/2/1 427/2/1 215/2/1
f 215/2/3 428/2/3 216/2/3
f 225/2/4 242/2/4 226/2/4
f 242/2/1 227/2/1 226/2/1
f 241/2/3 228/2/3 227/2/3
f 244/2/2 225/2/2 228/2/2
f 256/2/34 229/2/34 232/2/34
f 255/2/37 230/2/37 229/2/37
f 254/2/36 231/2/36 230/2/36
f 231/2/35 256/2/35 232/2/35
f 221/2/4 234/2/4 233/2/4
f 222/2/5 235/2/5 234/2/5
f 223/2/3 236/2/3 235/2/3
f 224/2/6 233/2/6 236/2/6
f 225/2/16 238/2/16 237/2/16
f 238/2/17 227/2/17 239/2/17
f 239/2/14 228/2/14 240/2/14
f 228/2/15 237/2/15 240/2/15
f 229/2/1 209/2/1 211/2/1
f 155/2/2 159/2/2 178/2/2
f 232/2/6 211/2/6 212/2/6
f 233/2/76 246/2/76 245/2/76
f 234/2/77 247/2/77 246/2/77
f 247/2/78 236/2/78 248/2/78
f 236/2/79 245/2/79 248/2/79
f 209/2/5 230/2/5 231/2/5
f 238/2/1 211/2/1 210/2/1
f 239/2/3 212/2/3 211/2/3
f 214/2/24 241/2/24 242/2/24
f 213/2/25 242/2/25 243/2/25
f 216/2/22 243/2/22 244/2/22
f 215/2/23 244/2/23 241/2/23
f 247/2/3 211/2/3 209/2/3
f 248/2/6 210/2/6 211/2/6
f 221/2/74 250/2/74 222/2/74
f 222/2/73 251/2/73 223/2/73
f 251/2/72 224/2/72 223/2/72
f 252/2/75 221/2/75 224/2/75
f 258/2/5 253/2/5 254/2/5
f 259/2/1 254/2/1 255/2/1
f 256/2/6 259/2/6 255/2/6
f 257/2/2 256/2/2 253/2/2
f 258/2/80 220/2/80 257/2/80
f 259/2/81 219/2/81 258/2/81
f 217/2/82 259/2/82 260/2/82
f 220/2/83 260/2/83 257/2/83
f 323/2/1 481/2/1 270/2/1
f 271/2/5 323/2/5 270/2/5
f 272/2/2 324/2/2 271/2/2
f 481/2/6 326/2/6 325/2/6
f 302/2/5 411/2/5 305/2/5
f 303/2/3 408/2/3 302/2/3
f 269/2/1 54/2/1 57/2/1
f 266/2/3 55/2/3 54/2/3
f 278/2/84 295/2/84 296/2/84
f 279/2/85 294/2/85 295/2/85
f 280/2/86 297/2/86 294/2/86
f 278/2/87 297/2/87 281/2/87
f 285/2/12 308/2/12 309/2/12
f 283/2/11 308/2/11 282/2/11
f 284/2/10 307/2/10 283/2/10
f 284/2/13 309/2/13 306/2/13
f 287/2/88 274/2/88 286/2/88
f 287/2/89 276/2/89 275/2/89
f 288/2/90 277/2/90 276/2/90
f 286/2/91 277/2/91 289/2/91
f 291/2/92 278/2/92 290/2/92
f 292/2/93 279/2/93 291/2/93
f 293/2/94 280/2/94 292/2/94
f 290/2/95 281/2/95 293/2/95
f 262/2/2 282/2/2 264/2/2
f 263/2/3 291/2/3 290/2/3
f 264/2/5 285/2/5 265/2/5
f 299/2/18 286/2/18 298/2/18
f 300/2/21 287/2/21 299/2/21
f 301/2/20 288/2/20 300/2/20
f 298/2/19 289/2/19 301/2/19
f 318/2/1 343/2/1 314/2/1
f 264/2/2 291/2/2 263/2/2
f 265/2/4 292/2/4 264/2/4
f 294/2/96 267/2/96 295/2/96
f 295/2/97 266/2/97 296/2/97
f 296/2/98 269/2/98 297/2/98
f 297/2/99 268/2/99 294/2/99
f 264/2/4 300/2/4 262/2/4
f 263/2/5 301/2/5 264/2/5
f 275/2/100 302/2/100 274/2/100
f 276/2/101 303/2/101 275/2/101
f 277/2/102 304/2/102 276/2/102
f 274/2/103 305/2/103 277/2/103
f 306/2/6 311/2/6 307/2/6
f 307/2/2 312/2/2 308/2/2
f 308/2/5 313/2/5 309/2/5
f 309/2/1 310/2/1 306/2/1
f 311/2/32 482/2/32 272/2/32
f 311/2/31 271/2/31 312/2/31
f 312/2/30 270/2/30 313/2/30
f 313/2/33 273/2/33 310/2/33
f 357/2/3 464/2/3 358/2/3
f 321/2/2 108/2/2 109/2/2
f 322/2/3 109/2/3 110/2/3
f 331/2/104 348/2/104 332/2/104
f 332/2/105 347/2/105 333/2/105
f 347/2/106 334/2/106 333/2/106
f 350/2/107 331/2/107 334/2/107
f 362/2/36 335/2/36 338/2/36
f 361/2/35 336/2/35 335/2/35
f 360/2/34 337/2/34 336/2/34
f 337/2/37 362/2/37 338/2/37
f 327/2/4 340/2/4 339/2/4
f 328/2/6 341/2/6 340/2/6
f 329/2/3 342/2/3 341/2/3
f 330/2/5 339/2/5 342/2/5
f 343/2/108 332/2/108 344/2/108
f 344/2/109 333/2/109 345/2/109
f 345/2/110 334/2/110 346/2/110
f 346/2/111 331/2/111 343/2/111
f 335/2/2 315/2/2 317/2/2
f 315/2/6 336/2/6 337/2/6
f 338/2/5 317/2/5 318/2/5
f 339/2/20 352/2/20 351/2/20
f 352/2/21 341/2/21 353/2/21
f 353/2/18 342/2/18 354/2/18
f 342/2/19 351/2/19 354/2/19
f 344/2/2 317/2/2 316/2/2
f 345/2/3 318/2/3 317/2/3
f 348/2/112 321/2/112 347/2/112
f 349/2/113 320/2/113 348/2/113
f 350/2/114 319/2/114 349/2/114
f 347/2/115 322/2/115 350/2/115
f 353/2/3 317/2/3 315/2/3
f 354/2/5 316/2/5 317/2/5
f 328/2/116 514/2/116 356/2/116
f 357/2/26 330/2/26 329/2/26
f 358/2/27 327/2/27 330/2/27
f 364/2/117 359/2/117 360/2/117
f 361/2/118 364/2/118 360/2/118
f 366/2/119 361/2/119 362/2/119
f 363/2/120 362/2/120 359/2/120
f 364/2/121 326/2/121 363/2/121
f 365/2/122 325/2/122 364/2/122
f 366/2/123 324/2/123 365/2/123
f 363/2/124 323/2/124 366/2/124
f 410/2/6 303/2/6 304/2/6
f 411/2/4 304/2/4 305/2/4
f 374/2/1 161/2/1 162/2/1
f 375/2/4 162/2/4 163/2/4
f 402/2/3 385/2/3 384/2/3
f 401/2/1 386/2/1 385/2/1
f 400/2/4 387/2/4 386/2/4
f 403/2/2 384/2/2 387/2/2
f 415/2/12 388/2/12 391/2/12
f 414/2/13 389/2/13 388/2/13
f 413/2/10 390/2/10 389/2/10
f 412/2/11 391/2/11 390/2/11
f 380/2/3 393/2/3 392/2/3
f 381/2/6 394/2/6 393/2/6
f 382/2/4 395/2/4 394/2/4
f 383/2/5 392/2/5 395/2/5
f 384/2/92 397/2/92 396/2/92
f 385/2/95 398/2/95 397/2/95
f 386/2/94 399/2/94 398/2/94
f 387/2/125 396/2/125 399/2/125
f 388/2/1 368/2/1 370/2/1
f 178/2/5 177/2/5 156/2/5
f 157/2/3 185/2/3 184/2/3
f 391/2/5 370/2/5 371/2/5
f 392/2/78 405/2/78 404/2/78
f 393/2/79 406/2/79 405/2/79
f 394/2/76 407/2/76 406/2/76
f 395/2/77 404/2/77 407/2/77
f 47/1/4 46/1/4 40/1/4
f 397/2/1 370/2/1 369/2/1
f 398/2/4 371/2/4 370/2/4
f 373/2/126 400/2/126 401/2/126
f 372/2/127 401/2/127 402/2/127
f 375/2/128 402/2/128 403/2/128
f 400/2/129 375/2/129 403/2/129
f 406/2/4 370/2/4 368/2/4
f 407/2/5 369/2/5 370/2/5
f 408/2/72 381/2/72 380/2/72
f 381/2/75 410/2/75 382/2/75
f 382/2/74 411/2/74 383/2/74
f 411/2/73 380/2/73 383/2/73
f 417/2/6 412/2/6 413/2/6
f 418/2/1 413/2/1 414/2/1
f 419/2/5 414/2/5 415/2/5
f 416/2/2 415/2/2 412/2/2
f 378/2/32 416/2/32 417/2/32
f 377/2/33 417/2/33 418/2/33
f 376/2/30 418/2/30 419/2/30
f 379/2/31 419/2/31 416/2/31
f 432/2/2 376/2/2 379/2/2
f 429/2/5 377/2/5 376/2/5
f 430/2/1 378/2/1 377/2/1
f 431/2/6 379/2/6 378/2/6
f 464/2/5 355/2/5 358/2/5
f 514/2/130 515/2/130 356/2/130
f 428/2/2 213/2/2 216/2/2
f 425/2/4 214/2/4 213/2/4
f 438/2/4 455/2/4 437/2/4
f 439/2/1 454/2/1 438/2/1
f 440/2/3 453/2/3 439/2/3
f 437/2/2 456/2/2 440/2/2
f 444/2/131 467/2/131 468/2/131
f 441/2/132 466/2/132 467/2/132
f 443/2/133 466/2/133 442/2/133
f 444/2/134 465/2/134 443/2/134
f 446/2/4 433/2/4 445/2/4
f 447/2/6 434/2/6 446/2/6
f 448/2/3 435/2/3 447/2/3
f 445/2/5 436/2/5 448/2/5
f 450/2/94 437/2/94 449/2/94
f 451/2/135 438/2/135 450/2/135
f 452/2/92 439/2/92 451/2/92
f 449/2/93 440/2/93 452/2/93
f 421/2/1 441/2/1 423/2/1
f 486/2/1 114/2/1 111/2/1
f 443/2/6 442/2/6 421/2/6
f 423/2/5 444/2/5 424/2/5
f 458/2/76 445/2/76 457/2/76
f 459/2/79 446/2/79 458/2/79
f 460/2/78 447/2/78 459/2/78
f 457/2/77 448/2/77 460/2/77
f 423/2/1 450/2/1 422/2/1
f 424/2/3 451/2/3 423/2/3
f 453/2/126 426/2/126 454/2/126
f 454/2/129 425/2/129 455/2/129
f 455/2/128 428/2/128 456/2/128
f 453/2/127 428/2/127 427/2/127
f 423/2/3 459/2/3 421/2/3
f 422/2/5 460/2/5 423/2/5
f 434/2/74 461/2/74 433/2/74
f 434/2/75 463/2/75 462/2/75
f 435/2/72 464/2/72 463/2/72
f 433/2/73 464/2/73 436/2/73
f 465/2/6 470/2/6 466/2/6
f 466/2/136 471/2/136 467/2/136
f 468/2/5 471/2/5 472/2/5
f 468/2/137 469/2/137 465/2/137
f 469/2/138 431/2/138 470/2/138
f 470/2/81 430/2/81 471/2/81
f 471/2/139 429/2/139 472/2/139
f 472/2/140 432/2/140 469/2/140
f 477/1/141 474/1/141 473/1/141
f 478/1/142 475/1/142 474/1/142
f 475/1/143 480/1/143 476/1/143
f 476/1/144 477/1/144 473/1/144
f 478/1/145 25/1/145 19/1/145
f 17/1/146 478/1/146 19/1/146
f 496/1/2 40/1/2 499/1/2
f 477/1/147 32/1/147 25/1/147
f 482/2/148 310/2/148 273/2/148
f 481/2/149 482/2/149 273/2/149
f 107/2/150 484/2/150 483/2/150
f 137/2/151 484/2/151 107/2/151
f 485/2/152 487/2/152 486/2/152
f 486/2/153 487/2/153 114/2/153
f 491/1/4 26/1/4 488/1/4
f 493/1/154 30/1/154 24/1/154
f 493/1/155 22/1/155 494/1/155
f 494/1/156 27/1/156 495/1/156
f 492/1/157 27/1/157 30/1/157
f 496/1/158 501/1/158 497/1/158
f 502/1/159 499/1/159 498/1/159
f 500/1/160 44/1/160 501/1/160
f 502/1/161 44/1/161 45/1/161
f 503/1/162 45/1/162 39/1/162
f 37/1/163 503/1/163 39/1/163
f 212/2/2 237/2/2 208/2/2
f 78/2/3 79/2/3 51/2/3
f 507/1/164 510/1/164 511/1/164
f 507/1/165 512/1/165 508/1/165
f 513/1/166 508/1/166 512/1/166
f 513/1/167 506/1/167 509/1/167
f 510/1/168 35/1/168 511/1/168
f 511/1/169 41/1/169 512/1/169
f 513/1/170 41/1/170 48/1/170
f 510/1/171 48/1/171 33/1/171
f 327/2/172 514/2/172 328/2/172
f 461/2/4 462/2/4 515/2/4
f 515/2/6 462/2/6 463/2/6
f 356/2/29 329/2/29 328/2/29
f 555/3/1 522/3/1 554/3/1
f 555/3/173 524/3/173 523/3/173
f 557/3/174 524/3/174 556/3/174
f 553/3/175 526/3/175 552/3/175
f 554/3/176 527/3/176 553/3/176
f 561/3/1 534/3/1 560/3/1
f 562/3/173 535/3/173 561/3/173
f 562/3/174 537/3/174 536/3/174
f 559/3/175 538/3/175 558/3/175
f 559/3/176 534/3/176 539/3/176
f 521/3/175 540/3/175 520/3/175
f 516/3/176 541/3/176 521/3/176
f 517/3/1 542/3/1 516/3/1
f 517/3/173 544/3/173 543/3/173
f 519/3/174 544/3/174 518/3/174
f 533/3/175 546/3/175 532/3/175
f 528/3/176 547/3/176 533/3/176
f 529/3/1 548/3/1 528/3/1
f 530/3/173 549/3/173 529/3/173
f 531/3/174 550/3/174 530/3/174
f 565/4/177 567/4/177 564/4/177
f 568/4/176 566/4/176 565/4/176
f 570/4/1 569/4/1 568/4/1
f 570/4/173 573/4/173 571/4/173
f 572/4/178 575/4/178 573/4/178
f 577/4/177 579/4/177 576/4/177
f 580/4/176 578/4/176 577/4/176
f 582/4/1 581/4/1 580/4/1
f 582/4/173 585/4/173 583/4/173
f 584/4/178 587/4/178 585/4/178
f 540/3/179 565/3/179 564/3/179
f 552/3/180 566/3/180 553/3/180
f 542/3/181 565/3/181 541/3/181
f 554/3/182 566/3/182 569/3/182
f 543/3/183 568/3/183 542/3/183
f 554/3/184 571/3/184 555/3/184
f 543/3/185 572/3/185 570/3/185
f 555/3/186 573/3/186 556/3/186
f 545/3/187 572/3/187 544/3/187
f 557/3/188 573/3/188 575/3/188
f 546/3/179 577/3/179 576/3/179
f 558/3/189 578/3/189 559/3/189
f 548/3/181 577/3/181 547/3/181
f 560/3/190 578/3/190 581/3/190
f 549/3/183 580/3/183 548/3/183
f 560/3/184 583/3/184 561/3/184
f 549/3/185 584/3/185 582/3/185
f 561/3/186 585/3/186 562/3/186
f 551/3/187 584/3/187 550/3/187
f 563/3/188 585/3/188 587/3/188
f 621/5/1 623/5/1 620/5/1
f 598/6/1 625/6/1 626/6/1
f 284/2/6 283/2/6 262/2/6
f 87/2/5 88/2/5 50/2/5
f 717/7/1 719/7/1 716/7/1
f 653/8/1 655/8/1 652/8/1
f 721/7/1 723/7/1 720/7/1
f 658/8/1 661/8/1 659/8/1
f 633/4/191 627/4/191 634/4/191
f 594/4/192 597/4/192 593/4/192
f 636/4/193 626/4/193 625/4/193
f 595/4/194 596/4/194 599/4/194
f 628/4/195 638/4/195 637/4/195
f 656/8/196 652/8/196 657/8/196
f 621/4/197 635/4/197 622/4/197
f 662/8/198 659/8/198 663/8/198
f 670/5/199 604/5/199 669/5/199
f 629/5/200 673/5/200 630/5/200
f 664/5/201 606/5/201 675/5/201
f 667/5/202 623/5/202 666/5/202
f 609/4/203 591/4/203 601/4/203
f 671/5/204 605/5/204 670/5/204
f 668/5/205 604/5/205 611/5/205
f 612/4/206 589/4/206 613/4/206
f 602/5/1 604/5/1 605/5/1
f 665/5/205 607/5/205 664/5/205
f 685/4/2 681/4/2 686/4/2
f 606/5/204 674/5/204 675/5/204
f 72/2/1 73/2/1 53/2/1
f 590/4/207 616/4/207 600/4/207
f 619/4/208 588/4/208 603/4/208
f 597/4/209 633/4/209 593/4/209
f 596/4/210 634/4/210 627/4/210
f 598/4/211 636/4/211 625/4/211
f 599/4/212 639/4/212 595/4/212
f 609/4/213 637/4/213 608/4/213
f 616/4/214 638/4/214 631/4/214
f 612/4/215 632/4/215 621/4/215
f 619/4/216 635/4/216 618/4/216
f 671/5/217 629/5/217 610/5/217
f 674/5/218 630/5/218 673/5/218
f 668/5/219 620/5/219 667/5/219
f 665/5/220 623/5/220 614/5/220
f 593/4/1 633/4/1 613/4/1
f 644/4/221 645/4/221 602/4/221
f 603/4/222 651/4/222 600/4/222
f 489/1/3 20/1/3 490/1/3
f 641/8/223 654/8/223 653/8/223
f 643/8/224 654/8/224 642/8/224
f 640/8/225 655/8/225 643/8/225
f 644/8/226 657/8/226 645/8/226
f 641/8/227 656/8/227 644/8/227
f 640/8/228 657/8/228 652/8/228
f 646/8/229 660/8/229 658/8/229
f 648/8/230 661/8/230 660/8/230
f 647/8/231 661/8/231 649/8/231
f 651/8/232 662/8/232 663/8/232
f 646/8/233 662/8/233 650/8/233
f 647/8/234 663/8/234 659/8/234
f 686/3/235 689/3/235 687/3/235
f 690/3/236 686/3/236 678/3/236
f 691/3/237 678/3/237 677/3/237
f 681/3/238 691/3/238 677/3/238
f 693/3/235 681/3/235 683/3/235
f 700/3/239 703/3/239 701/3/239
f 680/3/240 694/3/240 682/3/240
f 696/3/241 680/3/241 676/3/241
f 696/3/242 679/3/242 697/3/242
f 685/3/243 697/3/243 679/3/243
f 699/3/240 685/3/240 684/3/240
f 705/3/244 707/3/244 704/3/244
f 670/3/1 695/3/1 671/3/1
f 664/3/1 689/3/1 688/3/1
f 595/4/1 639/4/1 617/4/1
f 682/3/2 701/3/2 683/3/2
f 694/3/245 700/3/245 682/3/245
f 693/3/246 701/3/246 703/3/246
f 687/3/2 704/3/2 684/3/2
f 689/3/247 705/3/247 687/3/247
f 699/3/248 704/3/248 707/3/248
f 31/1/2 490/1/2 18/1/2
f 709/4/249 716/4/249 708/4/249
f 710/4/250 717/4/250 709/4/250
f 710/4/251 719/4/251 718/4/251
f 708/4/252 719/4/252 711/4/252
f 713/4/249 720/4/249 712/4/249
f 714/4/250 721/4/250 713/4/250
f 714/4/251 723/4/251 722/4/251
f 712/4/252 723/4/252 715/4/252
f 748/7/253 773/7/253 798/7/253
f 724/7/254 822/7/254 823/7/254
f 731/7/255 727/7/255 730/7/255
f 738/7/256 730/7/256 733/7/256
f 739/7/257 731/7/257 734/7/257
f 737/7/258 833/7/258 736/7/258
f 736/7/259 839/7/259 743/7/259
f 747/7/260 766/7/260 741/7/260
f 743/7/261 992/7/261 990/7/261
f 751/7/262 748/7/262 750/7/262
f 755/7/263 751/7/263 754/7/263
f 762/7/264 754/7/264 757/7/264
f 763/7/265 755/7/265 758/7/265
f 761/7/266 735/7/266 760/7/266
f 760/7/267 741/7/267 766/7/267
f 772/7/268 791/7/268 765/7/268
f 766/7/269 1021/7/269 1020/7/269
f 1012/7/270 772/7/270 771/7/270
f 780/7/271 776/7/271 779/7/271
f 787/7/272 779/7/272 782/7/272
f 788/7/273 780/7/273 783/7/273
f 786/7/274 759/7/274 785/7/274
f 785/7/275 765/7/275 791/7/275
f 797/7/276 815/7/276 790/7/276
f 791/7/277 1049/7/277 1048/7/277
f 1040/7/278 797/7/278 796/7/278
f 801/7/279 798/7/279 800/7/279
f 805/7/280 801/7/280 804/7/280
f 812/7/281 804/7/281 807/7/281
f 813/7/282 805/7/282 808/7/282
f 811/7/283 784/7/283 810/7/283
f 810/7/284 790/7/284 815/7/284
f 821/7/285 840/7/285 814/7/285
f 815/7/286 1077/7/286 1076/7/286
f 1068/7/287 821/7/287 820/7/287
f 825/7/288 822/7/288 824/7/288
f 829/7/289 825/7/289 828/7/289
f 836/7/290 828/7/290 831/7/290
f 837/7/291 829/7/291 832/7/291
f 835/7/292 809/7/292 834/7/292
f 834/7/293 814/7/293 841/7/293
f 841/7/294 1105/7/294 1103/7/294
f 1097/7/295 847/7/295 846/7/295
f 742/7/296 847/7/296 1096/7/296
f 1096/7/297 1090/7/297 848/7/297
f 851/7/298 848/7/298 850/7/298
f 855/7/299 851/7/299 854/7/299
f 862/7/300 854/7/300 857/7/300
f 863/7/301 855/7/301 858/7/301
f 861/7/302 1080/7/302 860/7/302
f 860/7/303 1078/7/303 866/7/303
f 871/7/304 967/7/304 865/7/304
f 866/7/305 1248/7/305 1247/7/305
f 747/7/306 984/7/306 872/7/306
f 984/7/307 979/7/307 872/7/307
f 875/7/308 872/7/308 874/7/308
f 879/7/309 875/7/309 878/7/309
f 886/7/310 878/7/310 881/7/310
f 887/7/311 879/7/311 882/7/311
f 885/7/312 969/7/312 884/7/312
f 884/7/313 968/7/313 889/7/313
f 894/7/314 993/7/314 888/7/314
f 889/7/315 1133/7/315 1131/7/315
f 791/7/316 1011/7/316 895/7/316
f 1011/7/317 1005/7/317 895/7/317
f 902/7/318 898/7/318 901/7/318
f 909/7/319 901/7/319 904/7/319
f 910/7/320 902/7/320 905/7/320
f 908/7/321 995/7/321 907/7/321
f 907/7/322 994/7/322 913/7/322
f 917/7/323 1022/7/323 912/7/323
f 1124/7/324 1162/7/324 913/7/324
f 913/7/325 1162/7/325 1161/7/325
f 815/7/326 1039/7/326 918/7/326
f 1039/7/327 1034/7/327 918/7/327
f 921/7/328 918/7/328 920/7/328
f 925/7/329 921/7/329 924/7/329
f 932/7/330 924/7/330 927/7/330
f 933/7/331 925/7/331 928/7/331
f 931/7/332 1024/7/332 930/7/332
f 930/7/333 1023/7/333 936/7/333
f 941/7/334 1050/7/334 935/7/334
f 1153/7/335 1190/7/335 936/7/335
f 936/7/336 1190/7/336 1189/7/336
f 840/7/337 821/7/337 1067/7/337
f 1067/7/338 1062/7/338 942/7/338
f 949/7/339 945/7/339 948/7/339
f 956/7/340 948/7/340 951/7/340
f 957/7/341 949/7/341 952/7/341
f 955/7/342 1052/7/342 954/7/342
f 954/7/343 1051/7/343 960/7/343
f 966/7/344 1079/7/344 959/7/344
f 941/7/345 1180/7/345 1220/7/345
f 960/7/346 1220/7/346 1219/7/346
f 961/7/347 1219/7/347 1217/7/347
f 1079/7/348 966/7/348 1210/7/348
f 975/7/349 971/7/349 974/7/349
f 982/7/350 974/7/350 977/7/350
f 983/7/351 975/7/351 978/7/351
f 981/7/352 976/7/352 980/7/352
f 980/7/353 979/7/353 984/7/353
f 997/7/354 993/7/354 996/7/354
f 1001/7/355 997/7/355 1000/7/355
f 1008/7/356 1000/7/356 1003/7/356
f 1009/7/357 1001/7/357 1004/7/357
f 1007/7/358 1002/7/358 1006/7/358
f 1006/7/359 1005/7/359 1012/7/359
f 1030/7/360 1026/7/360 1029/7/360
f 1037/7/361 1029/7/361 1032/7/361
f 1038/7/362 1030/7/362 1033/7/362
f 1036/7/363 1031/7/363 1035/7/363
f 1035/7/364 1034/7/364 1040/7/364
f 1058/7/365 1054/7/365 1057/7/365
f 1065/7/366 1057/7/366 1060/7/366
f 1066/7/367 1058/7/367 1061/7/367
f 1064/7/368 1059/7/368 1063/7/368
f 1063/7/369 1062/7/369 1068/7/369
f 1086/7/370 1082/7/370 1085/7/370
f 1093/7/371 1085/7/371 1088/7/371
f 1094/7/372 1086/7/372 1089/7/372
f 1092/7/373 1087/7/373 1091/7/373
f 1091/7/374 1090/7/374 1097/7/374
f 1163/7/375 1135/7/375 1106/7/375
f 1106/7/376 1135/7/376 1136/7/376
f 1113/7/377 1109/7/377 1112/7/377
f 1121/7/378 1112/7/378 1115/7/378
f 1122/7/379 1113/7/379 1116/7/379
f 1120/7/380 1146/7/380 1119/7/380
f 1134/7/381 1238/7/381 1123/7/381
f 1152/7/382 1124/7/382 1118/7/382
f 1135/7/383 1163/7/383 1164/7/383
f 1138/7/384 1135/7/384 1137/7/384
f 1142/7/385 1138/7/385 1141/7/385
f 1150/7/386 1141/7/386 1144/7/386
f 1151/7/387 1142/7/387 1145/7/387
f 1149/7/388 1174/7/388 1148/7/388
f 1179/7/389 1153/7/389 1147/7/389
f 1163/7/390 1191/7/390 1192/7/390
f 1166/7/391 1163/7/391 1165/7/391
f 1170/7/392 1166/7/392 1169/7/392
f 1177/7/393 1169/7/393 1172/7/393
f 1178/7/394 1170/7/394 1173/7/394
f 1176/7/395 1202/7/395 1175/7/395
f 1175/7/396 1209/7/396 1180/7/396
f 1191/7/397 1221/7/397 1222/7/397
f 1198/7/398 1194/7/398 1197/7/398
f 1206/7/399 1197/7/399 1200/7/399
f 1207/7/400 1198/7/400 1201/7/400
f 1205/7/401 1232/7/401 1204/7/401
f 1237/7/402 1210/7/402 1203/7/402
f 1228/7/403 1224/7/403 1227/7/403
f 1235/7/404 1227/7/404 1230/7/404
f 1236/7/405 1228/7/405 1231/7/405
f 1234/7/406 1117/7/406 1233/7/406
f 1233/7/407 1123/7/407 1238/7/407
f 20/1/1 26/1/1 474/1/1
f 1253/5/408 1263/5/408 1264/5/408
f 1253/5/409 1265/5/409 1249/5/409
f 1410/5/4 1257/5/4 1409/5/4
f 1405/5/410 1258/5/410 1410/5/410
f 1406/5/411 1259/5/411 1405/5/411
f 1407/5/3 1260/5/3 1406/5/3
f 1408/5/412 1261/5/412 1407/5/412
f 1409/5/413 1262/5/413 1408/5/413
f 1263/5/414 1256/5/414 1264/5/414
f 1265/5/415 1256/5/415 1254/5/415
f 1251/5/416 1325/5/416 1250/5/416
f 1250/5/417 1321/5/417 1266/5/417
f 1249/5/418 1322/5/418 1253/5/418
f 1253/5/419 1323/5/419 1252/5/419
f 1269/5/420 1422/5/420 1421/5/420
f 1271/5/408 1281/5/408 1282/5/408
f 1271/5/409 1283/5/409 1267/5/409
f 1428/5/4 1275/5/4 1427/5/4
f 1423/5/410 1276/5/410 1428/5/410
f 1424/5/411 1277/5/411 1423/5/411
f 1425/5/3 1278/5/3 1424/5/3
f 1426/5/412 1279/5/412 1425/5/412
f 1427/5/413 1280/5/413 1426/5/413
f 12/1/5 11/1/5 6/1/5
f 1281/5/421 1274/5/421 1282/5/421
f 1283/5/415 1274/5/415 1272/5/415
f 1430/3/4 1432/3/4 1429/3/4
f 1429/3/422 1434/3/422 1433/3/422
f 1433/3/423 1436/3/423 1435/3/423
f 1435/3/3 1438/3/3 1437/3/3
f 1437/3/418 1440/3/418 1439/3/418
f 1439/3/424 1431/3/424 1430/3/424
f 1289/5/408 1299/5/408 1300/5/408
f 1289/5/409 1301/5/409 1285/5/409
f 1286/5/425 1294/5/425 1287/5/425
f 1302/5/426 1295/5/426 1286/5/426
f 1292/5/412 1297/5/412 1290/5/412
f 1291/5/413 1298/5/413 1292/5/413
f 1299/5/421 1292/5/421 1300/5/421
f 1301/5/415 1292/5/415 1290/5/415
f 1287/5/416 1382/5/416 1286/5/416
f 1286/5/427 1383/5/427 1302/5/427
f 1285/5/418 1385/5/418 1289/5/418
f 1289/5/424 1386/5/424 1288/5/424
f 1307/5/428 1317/5/428 1318/5/428
f 1307/5/429 1319/5/429 1303/5/429
f 102/2/1 106/2/1 125/2/1
f 1304/5/430 1312/5/430 1305/5/430
f 1320/5/431 1313/5/431 1304/5/431
f 1310/5/411 1315/5/411 1308/5/411
f 1309/5/410 1316/5/410 1310/5/410
f 1317/5/432 1310/5/432 1318/5/432
f 1319/5/433 1310/5/433 1308/5/433
f 396/2/3 397/2/3 369/2/3
f 1325/5/428 1335/5/428 1336/5/428
f 1325/5/429 1337/5/429 1321/5/429
f 1399/5/4 1329/5/4 1404/5/4
f 1400/5/413 1330/5/413 1399/5/413
f 1400/5/412 1332/5/412 1331/5/412
f 1401/5/3 1333/5/3 1332/5/3
f 1403/5/411 1333/5/411 1402/5/411
f 1404/5/410 1334/5/410 1403/5/410
f 1335/5/434 1328/5/434 1336/5/434
f 1337/5/433 1328/5/433 1326/5/433
f 1343/5/428 1353/5/428 1354/5/428
f 1343/5/429 1355/5/429 1339/5/429
f 1340/5/435 1348/5/435 1341/5/435
f 1356/5/431 1349/5/431 1340/5/431
f 1346/5/411 1351/5/411 1344/5/411
f 1345/5/410 1352/5/410 1346/5/410
f 1353/5/434 1346/5/434 1354/5/434
f 1355/5/433 1346/5/433 1344/5/433
f 1357/5/422 1307/5/422 1358/5/422
f 1358/5/423 1303/5/423 1359/5/423
f 1360/5/418 1304/5/418 1361/5/418
f 1361/5/436 1305/5/436 1362/5/436
f 1370/5/418 1363/5/418 1369/5/418
f 1371/5/3 1364/5/3 1370/5/3
f 1372/5/423 1365/5/423 1371/5/423
f 1373/5/422 1366/5/422 1372/5/422
f 1374/5/4 1367/5/4 1373/5/4
f 1369/5/424 1368/5/424 1374/5/424
f 1442/3/418 1444/3/418 1441/3/418
f 1445/3/3 1443/3/3 1442/3/3
f 1447/3/423 1446/3/423 1445/3/423
f 1449/3/422 1448/3/422 1447/3/422
f 1451/3/4 1450/3/4 1449/3/4
f 1441/3/424 1452/3/424 1451/3/424
f 1267/5/418 1375/5/418 1271/5/418
f 1268/5/437 1377/5/437 1284/5/437
f 1269/5/416 1378/5/416 1268/5/416
f 1271/5/424 1380/5/424 1270/5/424
f 1453/3/422 1456/3/422 1454/3/422
f 1454/3/423 1458/3/423 1457/3/423
f 1457/3/3 1460/3/3 1459/3/3
f 1459/3/418 1462/3/418 1461/3/418
f 1461/3/424 1464/3/424 1463/3/424
f 1463/3/4 1455/3/4 1453/3/4
f 1387/5/422 1343/5/422 1388/5/422
f 1388/5/423 1339/5/423 1389/5/423
f 1390/5/418 1340/5/418 1391/5/418
f 1391/5/438 1341/5/438 1392/5/438
f 1322/5/439 1393/5/439 1323/5/439
f 1322/5/412 1395/5/412 1394/5/412
f 1328/5/411 1396/5/411 1326/5/411
f 1327/5/410 1397/5/410 1328/5/410
f 1466/3/413 1468/3/413 1465/3/413
f 1466/3/412 1470/3/412 1467/3/412
f 1471/3/3 1470/3/3 1469/3/3
f 1473/3/411 1472/3/411 1471/3/411
f 1475/3/410 1474/3/410 1473/3/410
f 1465/3/4 1476/3/4 1475/3/4
f 1478/3/411 1480/3/411 1477/3/411
f 1481/3/3 1479/3/3 1478/3/3
f 1483/3/412 1482/3/412 1481/3/412
f 1485/3/413 1484/3/413 1483/3/413
f 1487/3/4 1486/3/4 1485/3/4
f 1477/3/410 1488/3/410 1487/3/410
f 1266/5/426 1411/5/426 1250/5/426
f 1256/5/412 1413/5/412 1254/5/412
f 1256/5/413 1415/5/413 1414/5/413
f 1250/5/440 1416/5/440 1251/5/440
f 1268/5/411 1418/5/411 1417/5/411
f 1274/5/412 1419/5/412 1272/5/412
f 1273/5/413 1420/5/413 1274/5/413
f 1268/5/441 1422/5/441 1269/5/441
f 1490/3/411 1492/3/411 1489/3/411
f 1493/3/3 1491/3/3 1490/3/3
f 1495/3/412 1494/3/412 1493/3/412
f 1497/3/413 1496/3/413 1495/3/413
f 1499/3/4 1498/3/4 1497/3/4
f 1489/3/410 1500/3/410 1499/3/410
f 1367/3/442 1430/3/442 1429/3/442
f 1357/3/443 1431/3/443 1362/3/443
f 1367/3/444 1433/3/444 1366/3/444
f 1357/3/445 1434/3/445 1432/3/445
f 1366/3/446 1435/3/446 1365/3/446
f 1358/3/447 1436/3/447 1434/3/447
f 1365/3/448 1437/3/448 1364/3/448
f 1359/3/449 1438/3/449 1436/3/449
f 1363/3/450 1437/3/450 1439/3/450
f 1361/3/451 1438/3/451 1360/3/451
f 1368/3/452 1439/3/452 1430/3/452
f 1362/3/453 1440/3/453 1361/3/453
f 1375/3/454 1442/3/454 1441/3/454
f 1369/3/455 1443/3/455 1370/3/455
f 1377/3/456 1442/3/456 1376/3/456
f 1371/3/457 1443/3/457 1446/3/457
f 1377/3/458 1447/3/458 1445/3/458
f 1372/3/459 1446/3/459 1448/3/459
f 1379/3/460 1447/3/460 1378/3/460
f 1372/3/461 1450/3/461 1373/3/461
f 1379/3/462 1451/3/462 1449/3/462
f 1373/3/463 1452/3/463 1374/3/463
f 1380/3/464 1441/3/464 1451/3/464
f 1374/3/465 1444/3/465 1369/3/465
f 1381/3/466 1454/3/466 1382/3/466
f 1387/3/467 1456/3/467 1455/3/467
f 1382/3/468 1457/3/468 1383/3/468
f 1388/3/469 1458/3/469 1456/3/469
f 1383/3/470 1459/3/470 1384/3/470
f 1389/3/471 1460/3/471 1458/3/471
f 1384/3/472 1461/3/472 1385/3/472
f 1390/3/473 1462/3/473 1460/3/473
f 1386/3/474 1461/3/474 1463/3/474
f 1392/3/475 1462/3/475 1391/3/475
f 1381/3/476 1463/3/476 1453/3/476
f 1387/3/477 1464/3/477 1392/3/477
f 1394/3/478 1465/3/478 1393/3/478
f 1400/3/479 1468/3/479 1467/3/479
f 1394/3/480 1469/3/480 1466/3/480
f 1400/3/481 1470/3/481 1401/3/481
f 1396/3/482 1469/3/482 1395/3/482
f 1402/3/483 1470/3/483 1472/3/483
f 1397/3/484 1471/3/484 1396/3/484
f 1403/3/485 1472/3/485 1474/3/485
f 1397/3/486 1475/3/486 1473/3/486
f 1403/3/487 1476/3/487 1404/3/487
f 1398/3/488 1465/3/488 1475/3/488
f 1404/3/489 1468/3/489 1399/3/489
f 1411/3/490 1478/3/490 1477/3/490
f 1405/3/491 1479/3/491 1406/3/491
f 1412/3/492 1481/3/492 1478/3/492
f 1406/3/493 1482/3/493 1407/3/493
f 1414/3/494 1481/3/494 1413/3/494
f 1408/3/495 1482/3/495 1484/3/495
f 1414/3/496 1485/3/496 1483/3/496
f 1408/3/497 1486/3/497 1409/3/497
f 1416/3/498 1485/3/498 1415/3/498
f 1410/3/499 1486/3/499 1488/3/499
f 1411/3/500 1487/3/500 1416/3/500
f 1405/3/501 1488/3/501 1480/3/501
f 1417/3/502 1490/3/502 1489/3/502
f 1423/3/503 1491/3/503 1424/3/503
f 1418/3/504 1493/3/504 1490/3/504
f 1424/3/505 1494/3/505 1425/3/505
f 1420/3/506 1493/3/506 1419/3/506
f 1426/3/507 1494/3/507 1496/3/507
f 1421/3/508 1495/3/508 1420/3/508
f 1427/3/509 1496/3/509 1498/3/509
f 1422/3/510 1497/3/510 1421/3/510
f 1428/3/511 1498/3/511 1500/3/511
f 1417/3/512 1499/3/512 1422/3/512
f 1423/3/513 1500/3/513 1492/3/513
f 1505/5/408 1515/5/408 1516/5/408
f 1505/5/409 1517/5/409 1501/5/409
f 1662/5/4 1509/5/4 1661/5/4
f 1657/5/410 1510/5/410 1662/5/410
f 1658/5/411 1511/5/411 1657/5/411
f 1659/5/3 1512/5/3 1658/5/3
f 1660/5/412 1513/5/412 1659/5/412
f 1661/5/413 1514/5/413 1660/5/413
f 1515/5/414 1508/5/414 1516/5/414
f 1517/5/415 1508/5/415 1506/5/415
f 1503/5/416 1577/5/416 1502/5/416
f 1502/5/417 1573/5/417 1518/5/417
f 1501/5/418 1574/5/418 1505/5/418
f 1505/5/419 1575/5/419 1504/5/419
f 1521/5/420 1674/5/420 1673/5/420
f 1523/5/408 1533/5/408 1534/5/408
f 1523/5/409 1535/5/409 1519/5/409
f 1680/5/4 1527/5/4 1679/5/4
f 1675/5/410 1528/5/410 1680/5/410
f 1676/5/411 1529/5/411 1675/5/411
f 1677/5/3 1530/5/3 1676/5/3
f 1678/5/412 1531/5/412 1677/5/412
f 1679/5/413 1532/5/413 1678/5/413
f 1533/5/421 1526/5/421 1534/5/421
f 1535/5/415 1526/5/415 1524/5/415
f 1682/3/4 1684/3/4 1681/3/4
f 1681/3/422 1686/3/422 1685/3/422
f 1685/3/423 1688/3/423 1687/3/423
f 1687/3/3 1690/3/3 1689/3/3
f 1689/3/418 1692/3/418 1691/3/418
f 1691/3/424 1683/3/424 1682/3/424
f 1541/5/408 1551/5/408 1552/5/408
f 1541/5/409 1553/5/409 1537/5/409
f 36/1/3 38/1/3 42/1/3
f 1538/5/425 1546/5/425 1539/5/425
f 1554/5/426 1547/5/426 1538/5/426
f 1544/5/412 1549/5/412 1542/5/412
f 1543/5/413 1550/5/413 1544/5/413
f 1551/5/421 1544/5/421 1552/5/421
f 1553/5/415 1544/5/415 1542/5/415
f 1539/5/416 1634/5/416 1538/5/416
f 1538/5/427 1635/5/427 1554/5/427
f 1537/5/418 1637/5/418 1541/5/418
f 1541/5/424 1638/5/424 1540/5/424
f 1558/5/428 1569/5/428 1570/5/428
f 1558/5/429 1571/5/429 1555/5/429
f 237/2/4 238/2/4 210/2/4
f 1560/5/514 1565/5/514 1564/5/514
f 1572/5/431 1565/5/431 1556/5/431
f 1562/5/411 1567/5/411 1559/5/411
f 1561/5/410 1568/5/410 1562/5/410
f 1569/5/432 1562/5/432 1570/5/432
f 1571/5/433 1562/5/433 1559/5/433
f 420/2/2 424/2/2 443/2/2
f 1577/5/428 1587/5/428 1588/5/428
f 1577/5/429 1589/5/429 1573/5/429
f 1651/5/4 1581/5/4 1656/5/4
f 1651/5/413 1583/5/413 1582/5/413
f 1652/5/412 1584/5/412 1583/5/412
f 1653/5/3 1585/5/3 1584/5/3
f 1655/5/411 1585/5/411 1654/5/411
f 1656/5/410 1586/5/410 1655/5/410
f 1587/5/434 1580/5/434 1588/5/434
f 1589/5/433 1580/5/433 1578/5/433
f 1595/5/428 1605/5/428 1606/5/428
f 1595/5/429 1607/5/429 1591/5/429
f 1592/5/435 1600/5/435 1593/5/435
f 1608/5/431 1601/5/431 1592/5/431
f 1598/5/411 1603/5/411 1596/5/411
f 1597/5/410 1604/5/410 1598/5/410
f 1605/5/434 1598/5/434 1606/5/434
f 1607/5/433 1598/5/433 1596/5/433
f 1609/5/422 1558/5/422 1610/5/422
f 1610/5/423 1555/5/423 1611/5/423
f 1612/5/418 1556/5/418 1613/5/418
f 1613/5/515 1560/5/515 1614/5/515
f 1622/5/418 1615/5/418 1621/5/418
f 1623/5/3 1616/5/3 1622/5/3
f 1624/5/423 1617/5/423 1623/5/423
f 1625/5/422 1618/5/422 1624/5/422
f 1626/5/4 1619/5/4 1625/5/4
f 1621/5/424 1620/5/424 1626/5/424
f 1694/3/418 1696/3/418 1693/3/418
f 1697/3/3 1695/3/3 1694/3/3
f 1699/3/423 1698/3/423 1697/3/423
f 1701/3/422 1700/3/422 1699/3/422
f 1703/3/4 1702/3/4 1701/3/4
f 1693/3/424 1704/3/424 1703/3/424
f 1523/5/418 1628/5/418 1627/5/418
f 1520/5/437 1629/5/437 1536/5/437
f 1521/5/416 1630/5/416 1520/5/416
f 1523/5/424 1632/5/424 1522/5/424
f 1705/3/422 1708/3/422 1706/3/422
f 1706/3/423 1710/3/423 1709/3/423
f 1709/3/3 1712/3/3 1711/3/3
f 1711/3/418 1714/3/418 1713/3/418
f 1713/3/424 1716/3/424 1715/3/424
f 1715/3/4 1707/3/4 1705/3/4
f 1639/5/422 1595/5/422 1640/5/422
f 1640/5/423 1591/5/423 1641/5/423
f 1642/5/418 1592/5/418 1643/5/418
f 1643/5/438 1593/5/438 1644/5/438
f 422/2/4 450/2/4 449/2/4
f 1574/5/439 1645/5/439 1575/5/439
f 1590/5/431 1646/5/431 1574/5/431
f 1580/5/411 1648/5/411 1578/5/411
f 1579/5/410 1649/5/410 1580/5/410
f 1718/3/413 1720/3/413 1717/3/413
f 1718/3/412 1721/3/412 1719/3/412
f 1722/3/516 1721/3/516 1647/3/516
f 1724/3/411 1723/3/411 1722/3/411
f 1726/3/410 1725/3/410 1724/3/410
f 1717/3/4 1727/3/4 1726/3/4
f 1729/3/411 1731/3/411 1728/3/411
f 1732/3/3 1730/3/3 1729/3/3
f 1734/3/412 1733/3/412 1732/3/412
f 1736/3/413 1735/3/413 1734/3/413
f 1738/3/4 1737/3/4 1736/3/4
f 1728/3/410 1739/3/410 1738/3/410
f 1518/5/426 1663/5/426 1502/5/426
f 1508/5/412 1665/5/412 1506/5/412
f 1508/5/413 1667/5/413 1666/5/413
f 1502/5/440 1668/5/440 1503/5/440
f 1520/5/411 1670/5/411 1669/5/411
f 1526/5/412 1671/5/412 1524/5/412
f 1525/5/413 1672/5/413 1526/5/413
f 1520/5/441 1674/5/441 1521/5/441
f 1741/3/411 1743/3/411 1740/3/411
f 1744/3/3 1742/3/3 1741/3/3
f 1746/3/412 1745/3/412 1744/3/412
f 1748/3/413 1747/3/413 1746/3/413
f 1750/3/4 1749/3/4 1748/3/4
f 1740/3/410 1751/3/410 1750/3/410
f 1619/3/442 1682/3/442 1681/3/442
f 1609/3/443 1683/3/443 1614/3/443
f 1619/3/517 1685/3/517 1618/3/517
f 1610/3/445 1684/3/445 1609/3/445
f 1617/3/446 1685/3/446 1687/3/446
f 1611/3/447 1686/3/447 1610/3/447
f 1617/3/448 1689/3/448 1616/3/448
f 1611/3/449 1690/3/449 1688/3/449
f 1616/3/450 1691/3/450 1615/3/450
f 1613/3/451 1690/3/451 1612/3/451
f 1620/3/452 1691/3/452 1682/3/452
f 1614/3/453 1692/3/453 1613/3/453
f 1628/3/454 1693/3/454 1627/3/454
f 1622/3/455 1696/3/455 1695/3/455
f 1629/3/456 1694/3/456 1628/3/456
f 1623/3/457 1695/3/457 1698/3/457
f 1629/3/458 1699/3/458 1697/3/458
f 1624/3/459 1698/3/459 1700/3/459
f 1631/3/460 1699/3/460 1630/3/460
f 1625/3/461 1700/3/461 1702/3/461
f 1631/3/462 1703/3/462 1701/3/462
f 1625/3/463 1704/3/463 1626/3/463
f 1632/3/464 1693/3/464 1703/3/464
f 1626/3/465 1696/3/465 1621/3/465
f 1633/3/466 1706/3/466 1634/3/466
f 1639/3/467 1708/3/467 1707/3/467
f 1634/3/518 1709/3/518 1635/3/518
f 1640/3/469 1710/3/469 1708/3/469
f 1635/3/470 1711/3/470 1636/3/470
f 1641/3/471 1712/3/471 1710/3/471
f 1636/3/472 1713/3/472 1637/3/472
f 1642/3/473 1714/3/473 1712/3/473
f 1638/3/474 1713/3/474 1715/3/474
f 1644/3/475 1714/3/475 1643/3/475
f 1633/3/476 1715/3/476 1705/3/476
f 1639/3/477 1716/3/477 1644/3/477
f 1646/3/478 1717/3/478 1645/3/478
f 1652/3/479 1720/3/479 1719/3/479
f 1646/3/480 1647/3/480 1718/3/480
f 1652/3/481 1721/3/481 1653/3/481
f 1654/3/483 1721/3/483 1723/3/483
f 1649/3/484 1722/3/484 1648/3/484
f 1655/3/485 1723/3/485 1725/3/485
f 1649/3/486 1726/3/486 1724/3/486
f 1655/3/487 1727/3/487 1656/3/487
f 1650/3/488 1717/3/488 1726/3/488
f 1656/3/489 1720/3/489 1651/3/489
f 1663/3/490 1729/3/490 1728/3/490
f 1657/3/491 1730/3/491 1658/3/491
f 1664/3/492 1732/3/492 1729/3/492
f 1658/3/493 1733/3/493 1659/3/493
f 1666/3/494 1732/3/494 1665/3/494
f 1660/3/495 1733/3/495 1735/3/495
f 1666/3/496 1736/3/496 1734/3/496
f 1660/3/497 1737/3/497 1661/3/497
f 1668/3/498 1736/3/498 1667/3/498
f 1662/3/499 1737/3/499 1739/3/499
f 1663/3/500 1738/3/500 1668/3/500
f 1657/3/501 1739/3/501 1731/3/501
f 1669/3/502 1741/3/502 1740/3/502
f 1675/3/519 1742/3/519 1676/3/519
f 1670/3/504 1744/3/504 1741/3/504
f 1676/3/505 1745/3/505 1677/3/505
f 1671/3/506 1746/3/506 1744/3/506
f 1677/3/507 1747/3/507 1678/3/507
f 1673/3/508 1746/3/508 1672/3/508
f 1679/3/509 1747/3/509 1749/3/509
f 1674/3/510 1748/3/510 1673/3/510
f 1680/3/511 1749/3/511 1751/3/511
f 1669/3/512 1750/3/512 1674/3/512
f 1675/3/513 1751/3/513 1743/3/513
f 2/1/1 4/1/1 3/1/1
f 6/1/2 8/1/2 7/1/2
f 8/1/3 6/1/3 4/1/3
f 1/1/4 3/1/4 5/1/4
f 4/1/5 10/1/5 9/1/5
f 131/2/4 102/2/4 104/2/4
f 102/2/4 140/2/4 104/2/4
f 140/2/4 139/2/4 104/2/4
f 1284/5/520 1377/5/520 1376/5/520
f 1376/5/521 1267/5/521 1284/5/521
f 1267/5/522 1283/5/522 1284/5/522
f 1283/5/523 1272/5/523 1284/5/523
f 1272/5/524 1419/5/524 1284/5/524
f 1419/5/525 1418/5/525 1284/5/525
f 1/1/6 7/1/6 13/1/6
f 14/1/1 11/1/1 12/1/1
f 15/1/4 10/1/4 11/1/4
f 15/1/2 16/1/2 9/1/2
f 13/1/3 12/1/3 9/1/3
f 475/1/6 18/1/6 20/1/6
f 22/1/5 24/1/5 23/1/5
f 17/1/4 19/1/4 21/1/4
f 316/2/4 351/2/4 352/2/4
f 352/2/4 314/2/4 316/2/4
f 314/2/4 343/2/4 316/2/4
f 489/1/526 494/1/526 495/1/526
f 371/2/2 399/2/2 396/2/2
f 367/2/2 390/2/2 371/2/2
f 390/2/2 391/2/2 371/2/2
f 23/1/2 24/1/2 30/1/2
f 23/1/2 30/1/2 29/1/2
f 480/1/527 479/1/527 32/1/527
f 479/1/528 17/1/528 32/1/528
f 23/1/2 29/1/2 32/1/2
f 492/1/529 493/1/529 490/1/529
f 30/1/6 27/1/6 28/1/6
f 492/1/9 491/1/9 488/1/9
f 476/1/5 473/1/5 26/1/5
f 29/1/3 28/1/3 25/1/3
f 34/1/1 36/1/1 35/1/1
f 497/1/530 501/1/530 502/1/530
f 502/1/530 498/1/530 497/1/530
f 498/1/1 46/1/1 497/1/1
f 40/1/6 38/1/6 36/1/6
f 506/1/5 507/1/5 37/1/5
f 507/1/3 508/1/3 44/1/3
f 21/1/1 19/1/1 25/1/1
f 28/1/1 27/1/1 22/1/1
f 21/1/1 25/1/1 28/1/1
f 506/1/4 39/1/4 45/1/4
f 47/1/5 42/1/5 43/1/5
f 47/1/2 48/1/2 41/1/2
f 509/1/6 45/1/6 44/1/6
f 91/2/5 197/2/5 198/2/5
f 92/2/4 198/2/4 199/2/4
f 55/2/2 267/2/2 268/2/2
f 56/2/4 268/2/4 269/2/4
f 84/2/3 83/2/3 67/2/3
f 83/2/2 82/2/2 68/2/2
f 82/2/4 85/2/4 69/2/4
f 85/2/1 84/2/1 66/2/1
f 97/2/10 96/2/10 70/2/10
f 96/2/11 95/2/11 71/2/11
f 95/2/12 94/2/12 72/2/12
f 72/2/13 94/2/13 97/2/13
f 62/2/3 63/2/3 75/2/3
f 63/2/5 64/2/5 76/2/5
f 76/2/4 64/2/4 65/2/4
f 65/2/6 62/2/6 74/2/6
f 66/2/14 67/2/14 79/2/14
f 79/2/15 67/2/15 68/2/15
f 68/2/16 69/2/16 81/2/16
f 81/2/17 69/2/17 66/2/17
f 70/2/2 71/2/2 50/2/2
f 73/2/6 70/2/6 52/2/6
f 74/2/18 75/2/18 87/2/18
f 75/2/19 76/2/19 88/2/19
f 88/2/20 76/2/20 77/2/20
f 77/2/21 74/2/21 86/2/21
f 2/1/6 1/1/6 16/1/6
f 2/1/6 16/1/6 15/1/6
f 13/1/6 7/1/6 8/1/6
f 2/1/6 15/1/6 14/1/6
f 14/1/6 13/1/6 8/1/6
f 79/2/2 80/2/2 52/2/2
f 80/2/4 81/2/4 53/2/4
f 55/2/22 56/2/22 82/2/22
f 54/2/23 55/2/23 83/2/23
f 57/2/24 54/2/24 84/2/24
f 56/2/25 57/2/25 85/2/25
f 50/2/4 88/2/4 89/2/4
f 89/2/6 86/2/6 51/2/6
f 62/2/26 90/2/26 91/2/26
f 63/2/27 91/2/27 92/2/27
f 92/2/28 93/2/28 65/2/28
f 93/2/29 90/2/29 62/2/29
f 99/2/5 98/2/5 94/2/5
f 100/2/2 99/2/2 95/2/2
f 101/2/6 100/2/6 96/2/6
f 98/2/1 101/2/1 97/2/1
f 60/2/30 61/2/30 98/2/30
f 100/2/31 59/2/31 60/2/31
f 58/2/32 59/2/32 100/2/32
f 61/2/33 58/2/33 101/2/33
f 390/2/6 367/2/6 368/2/6
f 367/2/6 405/2/6 368/2/6
f 405/2/6 406/2/6 368/2/6
f 111/2/6 112/2/6 59/2/6
f 112/2/2 113/2/2 60/2/2
f 143/2/6 249/2/6 252/2/6
f 144/2/4 250/2/4 249/2/4
f 322/2/1 110/2/1 483/2/1
f 110/2/1 107/2/1 483/2/1
f 319/2/4 483/2/4 320/2/4
f 483/2/4 484/2/4 108/2/4
f 120/2/4 136/2/4 137/2/4
f 121/2/2 135/2/2 136/2/2
f 122/2/3 138/2/3 135/2/3
f 119/2/1 137/2/1 138/2/1
f 123/2/34 149/2/34 150/2/34
f 123/2/35 124/2/35 148/2/35
f 125/2/36 147/2/36 148/2/36
f 125/2/37 126/2/37 150/2/37
f 127/2/531 128/2/531 116/2/531
f 128/2/532 129/2/532 117/2/532
f 130/2/533 118/2/533 117/2/533
f 127/2/534 115/2/534 118/2/534
f 132/2/16 120/2/16 119/2/16
f 133/2/15 121/2/15 120/2/15
f 134/2/14 122/2/14 121/2/14
f 131/2/17 119/2/17 122/2/17
f 103/2/2 124/2/2 123/2/2
f 261/2/1 290/2/1 265/2/1
f 290/2/1 293/2/1 265/2/1
f 265/2/1 285/2/1 284/2/1
f 105/2/6 123/2/6 126/2/6
f 140/2/20 128/2/20 127/2/20
f 141/2/19 129/2/19 128/2/19
f 141/2/18 142/2/18 130/2/18
f 139/2/21 127/2/21 130/2/21
f 103/2/5 141/2/5 140/2/5
f 140/2/5 102/2/5 103/2/5
f 102/2/5 125/2/5 103/2/5
f 105/2/2 133/2/2 132/2/2
f 106/2/3 134/2/3 133/2/3
f 135/2/22 109/2/22 108/2/22
f 136/2/25 108/2/25 484/2/25
f 138/2/24 137/2/24 107/2/24
f 138/2/23 110/2/23 109/2/23
f 103/2/3 105/2/3 142/2/3
f 104/2/6 139/2/6 142/2/6
f 116/2/535 144/2/535 143/2/535
f 117/2/536 145/2/536 144/2/536
f 118/2/537 146/2/537 145/2/537
f 115/2/538 143/2/538 146/2/538
f 148/2/539 147/2/539 151/2/539
f 148/2/540 152/2/540 153/2/540
f 149/2/541 153/2/541 154/2/541
f 147/2/542 150/2/542 154/2/542
f 151/2/543 114/2/543 113/2/543
f 152/2/544 113/2/544 112/2/544
f 153/2/545 112/2/545 111/2/545
f 154/2/546 111/2/546 114/2/546
f 164/2/2 217/2/2 220/2/2
f 165/2/6 218/2/6 217/2/6
f 166/2/1 219/2/1 218/2/1
f 167/2/5 220/2/5 219/2/5
f 199/2/6 196/2/6 90/2/6
f 196/2/3 197/2/3 91/2/3
f 160/2/2 372/2/2 375/2/2
f 161/2/3 373/2/3 372/2/3
f 172/2/547 173/2/547 189/2/547
f 174/2/548 188/2/548 189/2/548
f 175/2/549 191/2/549 188/2/549
f 175/2/550 172/2/550 190/2/550
f 176/2/10 202/2/10 203/2/10
f 177/2/13 201/2/13 202/2/13
f 178/2/12 200/2/12 201/2/12
f 178/2/11 179/2/11 203/2/11
f 181/2/551 169/2/551 168/2/551
f 181/2/552 182/2/552 170/2/552
f 182/2/553 183/2/553 171/2/553
f 180/2/554 168/2/554 171/2/554
f 185/2/14 173/2/14 172/2/14
f 186/2/17 174/2/17 173/2/17
f 186/2/16 187/2/16 175/2/16
f 184/2/555 172/2/555 175/2/555
f 156/2/1 177/2/1 176/2/1
f 1575/5/556 1645/5/556 1650/5/556
f 1650/5/557 1579/5/557 1575/5/557
f 1579/5/558 1587/5/558 1575/5/558
f 1587/5/559 1576/5/559 1575/5/559
f 1576/5/560 1503/5/560 1575/5/560
f 1515/5/561 1504/5/561 1503/5/561
f 1504/5/562 1575/5/562 1503/5/562
f 1667/5/563 1507/5/563 1503/5/563
f 1507/5/564 1515/5/564 1503/5/564
f 1503/5/565 1668/5/565 1667/5/565
f 61/2/5 60/2/5 485/2/5
f 60/2/5 113/2/5 487/2/5
f 113/2/5 114/2/5 487/2/5
f 158/2/6 176/2/6 179/2/6
f 193/2/566 181/2/566 180/2/566
f 193/2/567 194/2/567 182/2/567
f 194/2/568 195/2/568 183/2/568
f 195/2/569 192/2/569 180/2/569
f 1356/5/570 1390/5/570 1389/5/570
f 1389/5/571 1339/5/571 1356/5/571
f 1339/5/572 1355/5/572 1356/5/572
f 1355/5/573 1344/5/573 1356/5/573
f 1344/5/574 1351/5/574 1356/5/574
f 1351/5/575 1350/5/575 1356/5/575
f 158/2/1 186/2/1 185/2/1
f 159/2/4 187/2/4 186/2/4
f 188/2/576 162/2/576 161/2/576
f 189/2/577 161/2/577 160/2/577
f 190/2/578 160/2/578 163/2/578
f 191/2/579 163/2/579 162/2/579
f 158/2/4 195/2/4 194/2/4
f 157/2/6 192/2/6 195/2/6
f 168/2/72 169/2/72 197/2/72
f 169/2/73 170/2/73 198/2/73
f 171/2/74 199/2/74 198/2/74
f 168/2/75 196/2/75 199/2/75
f 200/2/5 204/2/5 205/2/5
f 201/2/1 205/2/1 206/2/1
f 203/2/6 202/2/6 206/2/6
f 203/2/2 207/2/2 204/2/2
f 205/2/30 204/2/30 167/2/30
f 206/2/33 205/2/33 166/2/33
f 206/2/32 165/2/32 164/2/32
f 207/2/31 164/2/31 167/2/31
f 251/2/5 250/2/5 144/2/5
f 252/2/3 251/2/3 145/2/3
f 214/2/1 426/2/1 427/2/1
f 215/2/3 427/2/3 428/2/3
f 225/2/4 243/2/4 242/2/4
f 242/2/1 241/2/1 227/2/1
f 241/2/3 244/2/3 228/2/3
f 244/2/2 243/2/2 225/2/2
f 256/2/34 255/2/34 229/2/34
f 255/2/37 254/2/37 230/2/37
f 254/2/36 253/2/36 231/2/36
f 231/2/35 253/2/35 256/2/35
f 221/2/4 222/2/4 234/2/4
f 222/2/5 223/2/5 235/2/5
f 223/2/3 224/2/3 236/2/3
f 224/2/6 221/2/6 233/2/6
f 225/2/16 226/2/16 238/2/16
f 238/2/17 226/2/17 227/2/17
f 239/2/14 227/2/14 228/2/14
f 228/2/15 225/2/15 237/2/15
f 229/2/1 230/2/1 209/2/1
f 155/2/2 184/2/2 159/2/2
f 184/2/2 187/2/2 159/2/2
f 159/2/2 179/2/2 178/2/2
f 232/2/6 229/2/6 211/2/6
f 233/2/76 234/2/76 246/2/76
f 234/2/77 235/2/77 247/2/77
f 247/2/78 235/2/78 236/2/78
f 236/2/79 233/2/79 245/2/79
f 231/2/5 208/2/5 209/2/5
f 208/2/5 246/2/5 209/2/5
f 246/2/5 247/2/5 209/2/5
f 238/2/1 239/2/1 211/2/1
f 239/2/3 240/2/3 212/2/3
f 214/2/24 215/2/24 241/2/24
f 213/2/25 214/2/25 242/2/25
f 216/2/22 213/2/22 243/2/22
f 215/2/23 216/2/23 244/2/23
f 247/2/3 248/2/3 211/2/3
f 248/2/6 245/2/6 210/2/6
f 221/2/74 249/2/74 250/2/74
f 222/2/73 250/2/73 251/2/73
f 251/2/72 252/2/72 224/2/72
f 252/2/75 249/2/75 221/2/75
f 258/2/5 257/2/5 253/2/5
f 259/2/1 258/2/1 254/2/1
f 256/2/6 260/2/6 259/2/6
f 257/2/2 260/2/2 256/2/2
f 258/2/80 219/2/80 220/2/80
f 259/2/81 218/2/81 219/2/81
f 217/2/82 218/2/82 259/2/82
f 220/2/140 217/2/140 260/2/140
f 326/2/1 481/2/1 323/2/1
f 481/2/1 273/2/1 270/2/1
f 271/2/5 324/2/5 323/2/5
f 272/2/2 325/2/2 324/2/2
f 325/2/6 272/2/6 481/2/6
f 272/2/6 482/2/6 481/2/6
f 302/2/5 408/2/5 411/2/5
f 303/2/3 409/2/3 408/2/3
f 269/2/1 266/2/1 54/2/1
f 266/2/3 267/2/3 55/2/3
f 278/2/580 279/2/580 295/2/580
f 279/2/581 280/2/581 294/2/581
f 280/2/58 281/2/58 297/2/58
f 278/2/582 296/2/582 297/2/582
f 285/2/12 282/2/12 308/2/12
f 283/2/11 307/2/11 308/2/11
f 284/2/10 306/2/10 307/2/10
f 284/2/13 285/2/13 309/2/13
f 287/2/583 275/2/583 274/2/583
f 287/2/584 288/2/584 276/2/584
f 288/2/585 289/2/585 277/2/585
f 286/2/586 274/2/586 277/2/586
f 291/2/92 279/2/92 278/2/92
f 292/2/93 280/2/93 279/2/93
f 293/2/94 281/2/94 280/2/94
f 290/2/135 278/2/135 281/2/135
f 262/2/2 283/2/2 282/2/2
f 290/2/3 261/2/3 263/2/3
f 261/2/3 299/2/3 263/2/3
f 299/2/3 298/2/3 263/2/3
f 264/2/5 282/2/5 285/2/5
f 299/2/18 287/2/18 286/2/18
f 300/2/21 288/2/21 287/2/21
f 301/2/20 289/2/20 288/2/20
f 298/2/19 286/2/19 289/2/19
f 318/2/1 346/2/1 343/2/1
f 314/2/1 337/2/1 318/2/1
f 337/2/1 338/2/1 318/2/1
f 264/2/2 292/2/2 291/2/2
f 265/2/4 293/2/4 292/2/4
f 294/2/587 268/2/587 267/2/587
f 295/2/588 267/2/588 266/2/588
f 296/2/589 266/2/589 269/2/589
f 297/2/590 269/2/590 268/2/590
f 264/2/4 301/2/4 300/2/4
f 263/2/5 298/2/5 301/2/5
f 275/2/591 303/2/591 302/2/591
f 276/2/592 304/2/592 303/2/592
f 277/2/593 305/2/593 304/2/593
f 274/2/594 302/2/594 305/2/594
f 306/2/6 310/2/6 311/2/6
f 307/2/2 311/2/2 312/2/2
f 308/2/5 312/2/5 313/2/5
f 309/2/1 313/2/1 310/2/1
f 311/2/32 310/2/32 482/2/32
f 311/2/31 272/2/31 271/2/31
f 312/2/30 271/2/30 270/2/30
f 313/2/33 270/2/33 273/2/33
f 357/2/3 463/2/3 464/2/3
f 321/2/2 320/2/2 108/2/2
f 322/2/3 321/2/3 109/2/3
f 331/2/595 349/2/595 348/2/595
f 332/2/596 348/2/596 347/2/596
f 347/2/597 350/2/597 334/2/597
f 350/2/598 349/2/598 331/2/598
f 362/2/36 361/2/36 335/2/36
f 361/2/35 360/2/35 336/2/35
f 360/2/34 359/2/34 337/2/34
f 337/2/37 359/2/37 362/2/37
f 327/2/4 328/2/4 340/2/4
f 328/2/6 329/2/6 341/2/6
f 329/2/3 330/2/3 342/2/3
f 330/2/5 327/2/5 339/2/5
f 343/2/599 331/2/599 332/2/599
f 344/2/600 332/2/600 333/2/600
f 345/2/601 333/2/601 334/2/601
f 346/2/602 334/2/602 331/2/602
f 335/2/2 336/2/2 315/2/2
f 337/2/6 314/2/6 315/2/6
f 314/2/6 352/2/6 315/2/6
f 352/2/6 353/2/6 315/2/6
f 338/2/5 335/2/5 317/2/5
f 339/2/20 340/2/20 352/2/20
f 352/2/21 340/2/21 341/2/21
f 353/2/18 341/2/18 342/2/18
f 342/2/19 339/2/19 351/2/19
f 344/2/2 345/2/2 317/2/2
f 345/2/3 346/2/3 318/2/3
f 348/2/603 320/2/603 321/2/603
f 349/2/604 319/2/604 320/2/604
f 350/2/605 322/2/605 319/2/605
f 347/2/606 321/2/606 322/2/606
f 353/2/3 354/2/3 317/2/3
f 354/2/5 351/2/5 316/2/5
f 357/2/26 358/2/26 330/2/26
f 358/2/27 355/2/27 327/2/27
f 364/2/607 363/2/607 359/2/607
f 361/2/608 365/2/608 364/2/608
f 366/2/609 365/2/609 361/2/609
f 363/2/610 366/2/610 362/2/610
f 364/2/611 325/2/611 326/2/611
f 365/2/612 324/2/612 325/2/612
f 366/2/613 323/2/613 324/2/613
f 363/2/614 326/2/614 323/2/614
f 410/2/6 409/2/6 303/2/6
f 411/2/4 410/2/4 304/2/4
f 374/2/1 373/2/1 161/2/1
f 375/2/4 374/2/4 162/2/4
f 402/2/3 401/2/3 385/2/3
f 401/2/1 400/2/1 386/2/1
f 400/2/4 403/2/4 387/2/4
f 403/2/2 402/2/2 384/2/2
f 415/2/12 414/2/12 388/2/12
f 414/2/13 413/2/13 389/2/13
f 413/2/10 412/2/10 390/2/10
f 412/2/11 415/2/11 391/2/11
f 380/2/3 381/2/3 393/2/3
f 381/2/6 382/2/6 394/2/6
f 382/2/4 383/2/4 395/2/4
f 383/2/5 380/2/5 392/2/5
f 384/2/92 385/2/92 397/2/92
f 385/2/135 386/2/135 398/2/135
f 386/2/94 387/2/94 399/2/94
f 387/2/93 384/2/93 396/2/93
f 388/2/1 389/2/1 368/2/1
f 156/2/5 194/2/5 193/2/5
f 193/2/5 155/2/5 156/2/5
f 155/2/5 178/2/5 156/2/5
f 184/2/3 155/2/3 157/2/3
f 155/2/3 193/2/3 157/2/3
f 193/2/3 192/2/3 157/2/3
f 391/2/5 388/2/5 370/2/5
f 392/2/78 393/2/78 405/2/78
f 393/2/79 394/2/79 406/2/79
f 394/2/76 395/2/76 407/2/76
f 395/2/77 392/2/77 404/2/77
f 34/1/4 33/1/4 47/1/4
f 33/1/4 48/1/4 47/1/4
f 498/1/4 499/1/4 46/1/4
f 499/1/4 40/1/4 46/1/4
f 34/1/4 47/1/4 40/1/4
f 397/2/1 398/2/1 370/2/1
f 398/2/4 399/2/4 371/2/4
f 373/2/126 374/2/126 400/2/126
f 372/2/127 373/2/127 401/2/127
f 375/2/128 372/2/128 402/2/128
f 400/2/129 374/2/129 375/2/129
f 406/2/4 407/2/4 370/2/4
f 407/2/5 404/2/5 369/2/5
f 408/2/72 409/2/72 381/2/72
f 381/2/75 409/2/75 410/2/75
f 382/2/74 410/2/74 411/2/74
f 411/2/73 408/2/73 380/2/73
f 417/2/6 416/2/6 412/2/6
f 418/2/1 417/2/1 413/2/1
f 419/2/5 418/2/5 414/2/5
f 416/2/2 419/2/2 415/2/2
f 378/2/32 379/2/32 416/2/32
f 377/2/33 378/2/33 417/2/33
f 376/2/30 377/2/30 418/2/30
f 379/2/31 376/2/31 419/2/31
f 432/2/2 429/2/2 376/2/2
f 429/2/5 430/2/5 377/2/5
f 430/2/1 431/2/1 378/2/1
f 431/2/6 432/2/6 379/2/6
f 464/2/5 461/2/5 355/2/5
f 428/2/2 425/2/2 213/2/2
f 425/2/4 426/2/4 214/2/4
f 438/2/4 454/2/4 455/2/4
f 439/2/1 453/2/1 454/2/1
f 440/2/3 456/2/3 453/2/3
f 437/2/2 455/2/2 456/2/2
f 444/2/615 441/2/615 467/2/615
f 441/2/132 442/2/132 466/2/132
f 443/2/616 465/2/616 466/2/616
f 444/2/134 468/2/134 465/2/134
f 446/2/4 434/2/4 433/2/4
f 447/2/6 435/2/6 434/2/6
f 448/2/3 436/2/3 435/2/3
f 445/2/5 433/2/5 436/2/5
f 450/2/94 438/2/94 437/2/94
f 451/2/135 439/2/135 438/2/135
f 452/2/92 440/2/92 439/2/92
f 449/2/93 437/2/93 440/2/93
f 421/2/1 442/2/1 441/2/1
f 111/2/1 58/2/1 486/2/1
f 58/2/1 61/2/1 485/2/1
f 486/2/1 58/2/1 485/2/1
f 421/2/6 459/2/6 458/2/6
f 458/2/6 420/2/6 421/2/6
f 420/2/6 443/2/6 421/2/6
f 423/2/5 441/2/5 444/2/5
f 458/2/76 446/2/76 445/2/76
f 459/2/79 447/2/79 446/2/79
f 460/2/78 448/2/78 447/2/78
f 457/2/77 445/2/77 448/2/77
f 423/2/1 451/2/1 450/2/1
f 424/2/3 452/2/3 451/2/3
f 453/2/126 427/2/126 426/2/126
f 454/2/129 426/2/129 425/2/129
f 455/2/128 425/2/128 428/2/128
f 453/2/127 456/2/127 428/2/127
f 423/2/3 460/2/3 459/2/3
f 422/2/5 457/2/5 460/2/5
f 434/2/74 462/2/74 461/2/74
f 434/2/75 435/2/75 463/2/75
f 435/2/72 436/2/72 464/2/72
f 433/2/73 461/2/73 464/2/73
f 465/2/6 469/2/6 470/2/6
f 466/2/136 470/2/136 471/2/136
f 468/2/5 467/2/5 471/2/5
f 468/2/137 472/2/137 469/2/137
f 469/2/138 432/2/138 431/2/138
f 470/2/81 431/2/81 430/2/81
f 471/2/139 430/2/139 429/2/139
f 472/2/140 429/2/140 432/2/140
f 477/1/617 478/1/617 474/1/617
f 478/1/142 479/1/142 475/1/142
f 475/1/618 479/1/618 480/1/618
f 476/1/144 480/1/144 477/1/144
f 478/1/619 477/1/619 25/1/619
f 17/1/146 479/1/146 478/1/146
f 499/1/620 503/1/620 496/1/620
f 503/1/620 500/1/620 496/1/620
f 496/1/2 38/1/2 40/1/2
f 477/1/147 480/1/147 32/1/147
f 491/1/4 31/1/4 26/1/4
f 493/1/621 492/1/621 30/1/621
f 493/1/155 24/1/155 22/1/155
f 494/1/622 22/1/622 27/1/622
f 492/1/157 495/1/157 27/1/157
f 496/1/623 500/1/623 501/1/623
f 502/1/624 503/1/624 499/1/624
f 500/1/625 37/1/625 44/1/625
f 502/1/161 501/1/161 44/1/161
f 503/1/626 502/1/626 45/1/626
f 37/1/163 500/1/163 503/1/163
f 212/2/2 240/2/2 237/2/2
f 208/2/2 231/2/2 212/2/2
f 231/2/2 232/2/2 212/2/2
f 51/2/3 86/2/3 87/2/3
f 87/2/3 505/2/3 51/2/3
f 505/2/3 504/2/3 51/2/3
f 504/2/3 78/2/3 51/2/3
f 507/1/627 506/1/627 510/1/627
f 507/1/628 511/1/628 512/1/628
f 513/1/629 509/1/629 508/1/629
f 513/1/630 510/1/630 506/1/630
f 510/1/631 33/1/631 35/1/631
f 511/1/632 35/1/632 41/1/632
f 513/1/633 512/1/633 41/1/633
f 510/1/634 513/1/634 48/1/634
f 327/2/28 355/2/28 514/2/28
f 514/2/4 355/2/4 515/2/4
f 355/2/4 461/2/4 515/2/4
f 463/2/6 357/2/6 515/2/6
f 357/2/6 356/2/6 515/2/6
f 356/2/29 357/2/29 329/2/29
f 555/3/1 523/3/1 522/3/1
f 555/3/173 556/3/173 524/3/173
f 557/3/174 525/3/174 524/3/174
f 553/3/175 527/3/175 526/3/175
f 554/3/176 522/3/176 527/3/176
f 561/3/1 535/3/1 534/3/1
f 562/3/173 536/3/173 535/3/173
f 562/3/174 563/3/174 537/3/174
f 559/3/175 539/3/175 538/3/175
f 559/3/176 560/3/176 534/3/176
f 521/3/175 541/3/175 540/3/175
f 516/3/176 542/3/176 541/3/176
f 517/3/1 543/3/1 542/3/1
f 517/3/173 518/3/173 544/3/173
f 519/3/174 545/3/174 544/3/174
f 533/3/175 547/3/175 546/3/175
f 528/3/176 548/3/176 547/3/176
f 529/3/1 549/3/1 548/3/1
f 530/3/173 550/3/173 549/3/173
f 531/3/174 551/3/174 550/3/174
f 565/4/177 566/4/177 567/4/177
f 568/4/176 569/4/176 566/4/176
f 570/4/1 571/4/1 569/4/1
f 570/4/173 572/4/173 573/4/173
f 572/4/178 574/4/178 575/4/178
f 577/4/177 578/4/177 579/4/177
f 580/4/176 581/4/176 578/4/176
f 582/4/1 583/4/1 581/4/1
f 582/4/173 584/4/173 585/4/173
f 584/4/178 586/4/178 587/4/178
f 540/3/635 541/3/635 565/3/635
f 552/3/636 567/3/636 566/3/636
f 542/3/181 568/3/181 565/3/181
f 554/3/182 553/3/182 566/3/182
f 543/3/183 570/3/183 568/3/183
f 554/3/184 569/3/184 571/3/184
f 543/3/185 544/3/185 572/3/185
f 555/3/186 571/3/186 573/3/186
f 545/3/637 574/3/637 572/3/637
f 557/3/638 556/3/638 573/3/638
f 546/3/635 547/3/635 577/3/635
f 558/3/636 579/3/636 578/3/636
f 548/3/181 580/3/181 577/3/181
f 560/3/190 559/3/190 578/3/190
f 549/3/183 582/3/183 580/3/183
f 560/3/184 581/3/184 583/3/184
f 549/3/185 550/3/185 584/3/185
f 561/3/186 583/3/186 585/3/186
f 551/3/637 586/3/637 584/3/637
f 563/3/638 562/3/638 585/3/638
f 621/5/1 622/5/1 623/5/1
f 626/6/1 599/6/1 598/6/1
f 599/6/1 596/6/1 598/6/1
f 596/6/1 627/6/1 624/6/1
f 624/6/1 597/6/1 596/6/1
f 597/6/1 598/6/1 596/6/1
f 262/2/6 300/2/6 299/2/6
f 299/2/6 261/2/6 262/2/6
f 261/2/6 284/2/6 262/2/6
f 50/2/5 71/2/5 72/2/5
f 72/2/5 49/2/5 50/2/5
f 49/2/5 505/2/5 50/2/5
f 505/2/5 87/2/5 50/2/5
f 717/7/1 718/7/1 719/7/1
f 653/8/1 654/8/1 655/8/1
f 721/7/1 722/7/1 723/7/1
f 658/8/1 660/8/1 661/8/1
f 633/4/191 624/4/191 627/4/191
f 594/4/192 598/4/192 597/4/192
f 636/4/193 639/4/193 626/4/193
f 595/4/194 592/4/194 596/4/194
f 628/4/195 631/4/195 638/4/195
f 656/8/196 653/8/196 652/8/196
f 621/4/197 632/4/197 635/4/197
f 662/8/198 658/8/198 659/8/198
f 670/5/199 605/5/199 604/5/199
f 629/5/200 672/5/200 673/5/200
f 664/5/201 607/5/201 606/5/201
f 667/5/202 620/5/202 623/5/202
f 609/4/639 608/4/639 591/4/639
f 671/5/204 610/5/204 605/5/204
f 668/5/205 669/5/205 604/5/205
f 612/4/640 602/4/640 589/4/640
f 614/5/1 623/5/1 622/5/1
f 622/5/1 619/5/1 614/5/1
f 619/5/1 603/5/1 614/5/1
f 600/5/1 616/5/1 615/5/1
f 616/5/1 631/5/1 615/5/1
f 607/5/1 614/5/1 603/5/1
f 629/5/1 630/5/1 631/5/1
f 630/5/1 615/5/1 631/5/1
f 610/5/1 629/5/1 628/5/1
f 606/5/1 607/5/1 603/5/1
f 606/5/1 603/5/1 600/5/1
f 615/5/1 606/5/1 600/5/1
f 629/5/1 631/5/1 628/5/1
f 628/5/1 609/5/1 610/5/1
f 609/5/1 601/5/1 610/5/1
f 621/5/1 620/5/1 611/5/1
f 602/5/1 612/5/1 611/5/1
f 612/5/1 621/5/1 611/5/1
f 605/5/1 610/5/1 601/5/1
f 602/5/1 611/5/1 604/5/1
f 605/5/1 601/5/1 602/5/1
f 665/5/205 614/5/205 607/5/205
f 685/4/2 679/4/2 676/4/2
f 680/4/2 682/4/2 683/4/2
f 685/4/2 676/4/2 680/4/2
f 687/4/2 684/4/2 685/4/2
f 677/4/2 678/4/2 686/4/2
f 686/4/2 687/4/2 685/4/2
f 685/4/2 680/4/2 681/4/2
f 680/4/2 683/4/2 681/4/2
f 681/4/2 677/4/2 686/4/2
f 606/5/204 615/5/204 674/5/204
f 53/2/1 81/2/1 78/2/1
f 78/2/1 504/2/1 53/2/1
f 504/2/1 49/2/1 53/2/1
f 49/2/1 72/2/1 53/2/1
f 590/4/641 617/4/641 616/4/641
f 619/4/642 618/4/642 588/4/642
f 597/4/643 624/4/643 633/4/643
f 596/4/644 592/4/644 634/4/644
f 598/4/645 594/4/645 636/4/645
f 599/4/646 626/4/646 639/4/646
f 609/4/647 628/4/647 637/4/647
f 616/4/648 617/4/648 638/4/648
f 612/4/649 613/4/649 632/4/649
f 619/4/650 622/4/650 635/4/650
f 671/5/651 672/5/651 629/5/651
f 674/5/652 615/5/652 630/5/652
f 668/5/653 611/5/653 620/5/653
f 665/5/654 666/5/654 623/5/654
f 642/4/1 641/4/1 594/4/1
f 641/4/1 591/4/1 594/4/1
f 608/4/1 637/4/1 636/4/1
f 637/4/1 713/4/1 636/4/1
f 589/4/1 640/4/1 593/4/1
f 640/4/1 643/4/1 593/4/1
f 591/4/1 608/4/1 594/4/1
f 713/4/1 712/4/1 636/4/1
f 608/4/1 636/4/1 594/4/1
f 643/4/1 642/4/1 594/4/1
f 643/4/1 594/4/1 593/4/1
f 711/4/1 635/4/1 632/4/1
f 708/4/1 711/4/1 632/4/1
f 708/4/1 632/4/1 633/4/1
f 632/4/1 613/4/1 633/4/1
f 634/4/1 710/4/1 633/4/1
f 710/4/1 709/4/1 633/4/1
f 709/4/1 708/4/1 633/4/1
f 589/4/1 593/4/1 613/4/1
f 601/4/655 591/4/655 644/4/655
f 591/4/656 641/4/656 644/4/656
f 640/4/656 589/4/656 645/4/656
f 589/4/657 602/4/657 645/4/657
f 601/4/221 644/4/221 602/4/221
f 603/4/658 588/4/658 650/4/658
f 588/4/659 646/4/659 650/4/659
f 647/4/659 590/4/659 651/4/659
f 590/4/660 600/4/660 651/4/660
f 603/4/222 650/4/222 651/4/222
f 20/1/3 18/1/3 490/1/3
f 490/1/661 493/1/661 489/1/661
f 493/1/661 494/1/661 489/1/661
f 641/8/662 642/8/662 654/8/662
f 643/8/224 655/8/224 654/8/224
f 640/8/663 652/8/663 655/8/663
f 644/8/226 656/8/226 657/8/226
f 641/8/664 653/8/664 656/8/664
f 640/8/665 645/8/665 657/8/665
f 646/8/666 648/8/666 660/8/666
f 648/8/230 649/8/230 661/8/230
f 647/8/667 659/8/667 661/8/667
f 651/8/232 650/8/232 662/8/232
f 646/8/668 658/8/668 662/8/668
f 647/8/669 651/8/669 663/8/669
f 686/3/235 688/3/235 689/3/235
f 690/3/670 688/3/670 686/3/670
f 691/3/237 690/3/237 678/3/237
f 681/3/671 692/3/671 691/3/671
f 693/3/235 692/3/235 681/3/235
f 700/3/239 702/3/239 703/3/239
f 680/3/240 695/3/240 694/3/240
f 696/3/672 695/3/672 680/3/672
f 696/3/242 676/3/242 679/3/242
f 685/3/673 698/3/673 697/3/673
f 699/3/240 698/3/240 685/3/240
f 705/3/244 706/3/244 707/3/244
f 670/3/1 694/3/1 695/3/1
f 672/3/1 671/3/1 696/3/1
f 671/3/1 695/3/1 696/3/1
f 699/3/1 707/3/1 675/3/1
f 707/3/1 706/3/1 675/3/1
f 693/3/1 703/3/1 669/3/1
f 703/3/1 702/3/1 669/3/1
f 702/3/1 694/3/1 670/3/1
f 702/3/1 670/3/1 669/3/1
f 706/3/1 689/3/1 664/3/1
f 692/3/1 693/3/1 669/3/1
f 673/3/1 672/3/1 696/3/1
f 692/3/1 669/3/1 668/3/1
f 692/3/1 668/3/1 691/3/1
f 668/3/1 667/3/1 691/3/1
f 673/3/1 696/3/1 697/3/1
f 673/3/1 697/3/1 674/3/1
f 697/3/1 698/3/1 674/3/1
f 691/3/1 667/3/1 666/3/1
f 675/3/1 674/3/1 698/3/1
f 690/3/1 691/3/1 666/3/1
f 675/3/1 698/3/1 699/3/1
f 688/3/1 690/3/1 665/3/1
f 690/3/1 666/3/1 665/3/1
f 664/3/1 675/3/1 706/3/1
f 688/3/1 665/3/1 664/3/1
f 617/4/1 590/4/1 595/4/1
f 590/4/1 647/4/1 595/4/1
f 638/4/1 617/4/1 639/4/1
f 713/4/1 637/4/1 714/4/1
f 637/4/1 638/4/1 714/4/1
f 648/4/1 646/4/1 592/4/1
f 646/4/1 588/4/1 592/4/1
f 618/4/1 635/4/1 634/4/1
f 635/4/1 711/4/1 634/4/1
f 715/4/1 714/4/1 638/4/1
f 636/4/1 712/4/1 715/4/1
f 639/4/1 636/4/1 715/4/1
f 588/4/1 618/4/1 592/4/1
f 711/4/1 710/4/1 634/4/1
f 618/4/1 634/4/1 592/4/1
f 649/4/1 648/4/1 595/4/1
f 648/4/1 592/4/1 595/4/1
f 639/4/1 715/4/1 638/4/1
f 647/4/1 649/4/1 595/4/1
f 682/3/2 700/3/2 701/3/2
f 694/3/245 702/3/245 700/3/245
f 693/3/246 683/3/246 701/3/246
f 687/3/2 705/3/2 704/3/2
f 689/3/247 706/3/247 705/3/247
f 699/3/248 684/3/248 704/3/248
f 1287/5/674 1294/5/674 1293/5/674
f 1293/5/563 1291/5/563 1287/5/563
f 1291/5/564 1299/5/564 1287/5/564
f 1299/5/561 1288/5/561 1287/5/561
f 1288/5/675 1386/5/675 1287/5/675
f 1386/5/676 1381/5/676 1287/5/676
f 31/1/2 491/1/2 490/1/2
f 18/1/2 475/1/2 31/1/2
f 475/1/2 476/1/2 31/1/2
f 709/4/249 717/4/249 716/4/249
f 710/4/250 718/4/250 717/4/250
f 710/4/251 711/4/251 719/4/251
f 708/4/252 716/4/252 719/4/252
f 713/4/249 721/4/249 720/4/249
f 714/4/250 722/4/250 721/4/250
f 714/4/251 715/4/251 723/4/251
f 712/4/252 720/4/252 723/4/252
f 798/7/677 822/7/677 724/7/677
f 724/7/678 748/7/678 798/7/678
f 748/7/679 724/7/679 725/7/679
f 726/7/680 727/7/680 724/7/680
f 727/7/681 725/7/681 724/7/681
f 724/7/682 823/7/682 726/7/682
f 728/7/683 750/7/683 725/7/683
f 725/7/684 727/7/684 728/7/684
f 825/7/685 826/7/685 823/7/685
f 826/7/686 726/7/686 823/7/686
f 729/7/687 730/7/687 726/7/687
f 726/7/688 826/7/688 729/7/688
f 731/7/689 728/7/689 727/7/689
f 727/7/690 726/7/690 730/7/690
f 732/7/691 753/7/691 728/7/691
f 728/7/692 731/7/692 732/7/692
f 829/7/693 830/7/693 826/7/693
f 830/7/694 729/7/694 826/7/694
f 737/7/695 733/7/695 729/7/695
f 729/7/696 830/7/696 737/7/696
f 738/7/697 734/7/697 730/7/697
f 734/7/698 731/7/698 730/7/698
f 730/7/699 729/7/699 733/7/699
f 739/7/700 732/7/700 731/7/700
f 735/7/701 761/7/701 732/7/701
f 732/7/702 739/7/702 735/7/702
f 837/7/703 833/7/703 830/7/703
f 833/7/704 737/7/704 830/7/704
f 744/7/705 738/7/705 737/7/705
f 738/7/706 733/7/706 737/7/706
f 745/7/707 739/7/707 738/7/707
f 738/7/708 739/7/708 734/7/708
f 746/7/709 740/7/709 739/7/709
f 740/7/710 735/7/710 739/7/710
f 741/7/711 760/7/711 735/7/711
f 735/7/712 740/7/712 741/7/712
f 838/7/713 839/7/713 833/7/713
f 839/7/714 736/7/714 833/7/714
f 990/7/715 744/7/715 736/7/715
f 744/7/716 737/7/716 736/7/716
f 988/7/717 745/7/717 744/7/717
f 745/7/718 738/7/718 744/7/718
f 986/7/719 746/7/719 745/7/719
f 746/7/720 739/7/720 745/7/720
f 985/7/721 747/7/721 746/7/721
f 747/7/722 741/7/722 740/7/722
f 746/7/723 747/7/723 740/7/723
f 847/7/724 742/7/724 839/7/724
f 742/7/725 743/7/725 839/7/725
f 992/7/726 743/7/726 742/7/726
f 992/7/727 991/7/727 990/7/727
f 990/7/728 736/7/728 743/7/728
f 990/7/729 989/7/729 988/7/729
f 988/7/730 744/7/730 990/7/730
f 988/7/731 987/7/731 986/7/731
f 986/7/732 745/7/732 988/7/732
f 986/7/733 980/7/733 985/7/733
f 985/7/734 746/7/734 986/7/734
f 984/7/735 747/7/735 985/7/735
f 773/7/736 748/7/736 749/7/736
f 751/7/737 749/7/737 748/7/737
f 748/7/738 725/7/738 750/7/738
f 752/7/739 775/7/739 749/7/739
f 749/7/740 751/7/740 752/7/740
f 753/7/741 754/7/741 750/7/741
f 754/7/742 751/7/742 750/7/742
f 750/7/743 728/7/743 753/7/743
f 755/7/744 752/7/744 751/7/744
f 756/7/745 778/7/745 752/7/745
f 752/7/746 755/7/746 756/7/746
f 761/7/747 757/7/747 753/7/747
f 753/7/748 732/7/748 761/7/748
f 762/7/749 758/7/749 754/7/749
f 758/7/750 755/7/750 754/7/750
f 754/7/751 753/7/751 757/7/751
f 763/7/752 756/7/752 755/7/752
f 759/7/753 786/7/753 756/7/753
f 756/7/754 763/7/754 759/7/754
f 767/7/755 761/7/755 760/7/755
f 768/7/756 762/7/756 761/7/756
f 762/7/757 757/7/757 761/7/757
f 769/7/758 763/7/758 762/7/758
f 762/7/759 763/7/759 758/7/759
f 770/7/760 764/7/760 763/7/760
f 764/7/761 759/7/761 763/7/761
f 765/7/762 785/7/762 759/7/762
f 759/7/763 764/7/763 765/7/763
f 1020/7/764 767/7/764 766/7/764
f 767/7/765 760/7/765 766/7/765
f 1018/7/766 768/7/766 767/7/766
f 768/7/767 761/7/767 767/7/767
f 1016/7/768 769/7/768 768/7/768
f 769/7/769 762/7/769 768/7/769
f 1014/7/770 770/7/770 769/7/770
f 770/7/771 763/7/771 769/7/771
f 771/7/772 772/7/772 770/7/772
f 772/7/773 765/7/773 764/7/773
f 770/7/774 772/7/774 764/7/774
f 1020/7/775 1019/7/775 1018/7/775
f 1018/7/776 767/7/776 1020/7/776
f 1018/7/777 1017/7/777 1016/7/777
f 1016/7/778 768/7/778 1018/7/778
f 1016/7/779 1015/7/779 1014/7/779
f 1014/7/780 769/7/780 1016/7/780
f 1014/7/781 1013/7/781 1012/7/781
f 1012/7/782 771/7/782 1014/7/782
f 771/7/783 770/7/783 1014/7/783
f 1011/7/784 772/7/784 1012/7/784
f 798/7/785 773/7/785 774/7/785
f 775/7/786 776/7/786 773/7/786
f 776/7/787 774/7/787 773/7/787
f 773/7/788 749/7/788 775/7/788
f 777/7/789 800/7/789 774/7/789
f 774/7/790 776/7/790 777/7/790
f 778/7/791 779/7/791 775/7/791
f 775/7/792 752/7/792 778/7/792
f 780/7/793 777/7/793 776/7/793
f 776/7/794 775/7/794 779/7/794
f 781/7/795 803/7/795 777/7/795
f 777/7/796 780/7/796 781/7/796
f 786/7/797 782/7/797 778/7/797
f 778/7/798 756/7/798 786/7/798
f 787/7/799 783/7/799 779/7/799
f 783/7/800 780/7/800 779/7/800
f 779/7/801 778/7/801 782/7/801
f 788/7/802 781/7/802 780/7/802
f 784/7/803 811/7/803 781/7/803
f 781/7/804 788/7/804 784/7/804
f 792/7/805 786/7/805 785/7/805
f 793/7/806 787/7/806 786/7/806
f 787/7/807 782/7/807 786/7/807
f 794/7/808 788/7/808 787/7/808
f 787/7/809 788/7/809 783/7/809
f 795/7/810 789/7/810 788/7/810
f 789/7/811 784/7/811 788/7/811
f 790/7/812 810/7/812 784/7/812
f 784/7/813 789/7/813 790/7/813
f 1048/7/814 792/7/814 791/7/814
f 792/7/815 785/7/815 791/7/815
f 1046/7/816 793/7/816 792/7/816
f 793/7/817 786/7/817 792/7/817
f 1044/7/818 794/7/818 793/7/818
f 794/7/819 787/7/819 793/7/819
f 1042/7/820 795/7/820 794/7/820
f 795/7/821 788/7/821 794/7/821
f 796/7/822 797/7/822 795/7/822
f 797/7/823 790/7/823 789/7/823
f 795/7/824 797/7/824 789/7/824
f 1048/7/825 1047/7/825 1046/7/825
f 1046/7/826 792/7/826 1048/7/826
f 1046/7/827 1045/7/827 1044/7/827
f 1044/7/828 793/7/828 1046/7/828
f 1044/7/829 1043/7/829 1042/7/829
f 1042/7/830 794/7/830 1044/7/830
f 1042/7/831 1041/7/831 1040/7/831
f 1040/7/832 796/7/832 1042/7/832
f 796/7/833 795/7/833 1042/7/833
f 1039/7/834 797/7/834 1040/7/834
f 822/7/835 798/7/835 799/7/835
f 801/7/836 799/7/836 798/7/836
f 798/7/837 774/7/837 800/7/837
f 802/7/838 824/7/838 799/7/838
f 799/7/839 801/7/839 802/7/839
f 803/7/840 804/7/840 800/7/840
f 804/7/841 801/7/841 800/7/841
f 800/7/842 777/7/842 803/7/842
f 805/7/843 802/7/843 801/7/843
f 806/7/844 827/7/844 802/7/844
f 802/7/845 805/7/845 806/7/845
f 811/7/846 807/7/846 803/7/846
f 803/7/847 781/7/847 811/7/847
f 812/7/848 808/7/848 804/7/848
f 808/7/849 805/7/849 804/7/849
f 804/7/850 803/7/850 807/7/850
f 813/7/851 806/7/851 805/7/851
f 809/7/852 835/7/852 806/7/852
f 806/7/853 813/7/853 809/7/853
f 816/7/854 811/7/854 810/7/854
f 817/7/855 812/7/855 811/7/855
f 812/7/856 807/7/856 811/7/856
f 818/7/857 813/7/857 812/7/857
f 812/7/858 813/7/858 808/7/858
f 819/7/859 809/7/859 813/7/859
f 814/7/860 834/7/860 809/7/860
f 809/7/861 819/7/861 814/7/861
f 1076/7/862 816/7/862 815/7/862
f 816/7/863 810/7/863 815/7/863
f 1074/7/864 817/7/864 816/7/864
f 817/7/865 811/7/865 816/7/865
f 1072/7/866 818/7/866 817/7/866
f 818/7/867 812/7/867 817/7/867
f 1070/7/868 819/7/868 818/7/868
f 819/7/869 813/7/869 818/7/869
f 820/7/870 821/7/870 819/7/870
f 821/7/871 814/7/871 819/7/871
f 840/7/872 841/7/872 814/7/872
f 1076/7/873 1075/7/873 1074/7/873
f 1074/7/874 816/7/874 1076/7/874
f 1074/7/875 1073/7/875 1072/7/875
f 1072/7/876 817/7/876 1074/7/876
f 1072/7/877 1071/7/877 1070/7/877
f 1070/7/878 818/7/878 1072/7/878
f 1070/7/879 1069/7/879 1068/7/879
f 1068/7/880 820/7/880 1070/7/880
f 820/7/881 819/7/881 1070/7/881
f 1067/7/882 821/7/882 1068/7/882
f 825/7/883 823/7/883 822/7/883
f 822/7/884 799/7/884 824/7/884
f 827/7/885 828/7/885 824/7/885
f 828/7/886 825/7/886 824/7/886
f 824/7/887 802/7/887 827/7/887
f 829/7/888 826/7/888 825/7/888
f 835/7/889 831/7/889 827/7/889
f 827/7/890 806/7/890 835/7/890
f 836/7/891 832/7/891 828/7/891
f 832/7/892 829/7/892 828/7/892
f 828/7/893 827/7/893 831/7/893
f 837/7/894 830/7/894 829/7/894
f 842/7/895 835/7/895 834/7/895
f 843/7/896 836/7/896 835/7/896
f 836/7/897 831/7/897 835/7/897
f 844/7/898 837/7/898 836/7/898
f 836/7/899 837/7/899 832/7/899
f 845/7/900 838/7/900 837/7/900
f 838/7/901 833/7/901 837/7/901
f 842/7/902 834/7/902 841/7/902
f 1103/7/903 843/7/903 842/7/903
f 843/7/904 835/7/904 842/7/904
f 1101/7/905 844/7/905 843/7/905
f 844/7/906 836/7/906 843/7/906
f 1099/7/907 845/7/907 844/7/907
f 845/7/908 837/7/908 844/7/908
f 846/7/909 847/7/909 845/7/909
f 847/7/910 839/7/910 838/7/910
f 845/7/911 847/7/911 838/7/911
f 1105/7/912 841/7/912 840/7/912
f 1105/7/913 1104/7/913 1103/7/913
f 1103/7/914 842/7/914 841/7/914
f 1103/7/915 1102/7/915 1101/7/915
f 1101/7/916 843/7/916 1103/7/916
f 1101/7/917 1100/7/917 1099/7/917
f 1099/7/918 844/7/918 1101/7/918
f 1099/7/919 1098/7/919 1097/7/919
f 1097/7/920 846/7/920 1099/7/920
f 846/7/921 845/7/921 1099/7/921
f 1096/7/922 847/7/922 1097/7/922
f 848/7/923 742/7/923 1096/7/923
f 849/7/924 992/7/924 742/7/924
f 742/7/925 848/7/925 849/7/925
f 1096/7/926 1097/7/926 1090/7/926
f 851/7/927 849/7/927 848/7/927
f 848/7/928 1090/7/928 850/7/928
f 991/7/929 849/7/929 852/7/929
f 849/7/930 851/7/930 852/7/930
f 1090/7/931 1091/7/931 1087/7/931
f 1087/7/932 850/7/932 1090/7/932
f 853/7/933 854/7/933 850/7/933
f 854/7/934 851/7/934 850/7/934
f 850/7/935 1087/7/935 853/7/935
f 855/7/936 852/7/936 851/7/936
f 983/7/937 852/7/937 856/7/937
f 852/7/938 855/7/938 856/7/938
f 1087/7/939 1092/7/939 1083/7/939
f 1083/7/940 853/7/940 1087/7/940
f 861/7/941 857/7/941 853/7/941
f 853/7/942 1083/7/942 861/7/942
f 862/7/943 858/7/943 854/7/943
f 858/7/944 855/7/944 854/7/944
f 854/7/945 853/7/945 857/7/945
f 863/7/946 856/7/946 855/7/946
f 975/7/947 856/7/947 859/7/947
f 856/7/948 863/7/948 859/7/948
f 1083/7/949 1084/7/949 1080/7/949
f 1080/7/950 861/7/950 1083/7/950
f 867/7/951 861/7/951 860/7/951
f 868/7/952 862/7/952 861/7/952
f 862/7/953 857/7/953 861/7/953
f 869/7/954 863/7/954 862/7/954
f 862/7/955 863/7/955 858/7/955
f 870/7/956 864/7/956 863/7/956
f 864/7/957 859/7/957 863/7/957
f 971/7/958 859/7/958 865/7/958
f 859/7/959 864/7/959 865/7/959
f 1080/7/960 1081/7/960 1078/7/960
f 1078/7/961 860/7/961 1080/7/961
f 1247/7/962 867/7/962 866/7/962
f 867/7/963 860/7/963 866/7/963
f 1245/7/964 868/7/964 867/7/964
f 868/7/965 861/7/965 867/7/965
f 1243/7/966 869/7/966 868/7/966
f 869/7/967 862/7/967 868/7/967
f 1241/7/968 870/7/968 869/7/968
f 870/7/969 863/7/969 869/7/969
f 1239/7/970 871/7/970 870/7/970
f 871/7/971 865/7/971 864/7/971
f 870/7/972 871/7/972 864/7/972
f 1079/7/973 866/7/973 1078/7/973
f 1247/7/974 1246/7/974 1245/7/974
f 1245/7/975 867/7/975 1247/7/975
f 1245/7/976 1244/7/976 1243/7/976
f 1243/7/977 868/7/977 1245/7/977
f 1243/7/978 1242/7/978 1241/7/978
f 1241/7/979 869/7/979 1243/7/979
f 1241/7/980 1240/7/980 1239/7/980
f 1239/7/981 870/7/981 1241/7/981
f 1238/7/982 871/7/982 1239/7/982
f 872/7/983 1021/7/983 766/7/983
f 766/7/984 747/7/984 872/7/984
f 1021/7/985 872/7/985 873/7/985
f 875/7/986 873/7/986 872/7/986
f 872/7/987 979/7/987 874/7/987
f 1010/7/988 873/7/988 876/7/988
f 873/7/989 875/7/989 876/7/989
f 979/7/990 980/7/990 976/7/990
f 976/7/991 874/7/991 979/7/991
f 877/7/992 878/7/992 874/7/992
f 878/7/993 875/7/993 874/7/993
f 874/7/994 976/7/994 877/7/994
f 879/7/995 876/7/995 875/7/995
f 1009/7/996 876/7/996 880/7/996
f 876/7/997 879/7/997 880/7/997
f 976/7/998 981/7/998 972/7/998
f 972/7/999 877/7/999 976/7/999
f 885/7/1000 881/7/1000 877/7/1000
f 877/7/1001 972/7/1001 885/7/1001
f 886/7/1002 882/7/1002 878/7/1002
f 882/7/1003 879/7/1003 878/7/1003
f 878/7/1004 877/7/1004 881/7/1004
f 887/7/1005 880/7/1005 879/7/1005
f 1001/7/1006 880/7/1006 883/7/1006
f 880/7/1007 887/7/1007 883/7/1007
f 972/7/1008 973/7/1008 969/7/1008
f 969/7/1009 885/7/1009 972/7/1009
f 890/7/1010 885/7/1010 884/7/1010
f 891/7/1011 886/7/1011 885/7/1011
f 886/7/1012 881/7/1012 885/7/1012
f 892/7/1013 887/7/1013 886/7/1013
f 886/7/1014 887/7/1014 882/7/1014
f 893/7/1015 883/7/1015 887/7/1015
f 997/7/1016 883/7/1016 888/7/1016
f 883/7/1017 893/7/1017 888/7/1017
f 969/7/1018 970/7/1018 968/7/1018
f 968/7/1019 884/7/1019 969/7/1019
f 890/7/1020 884/7/1020 889/7/1020
f 1131/7/1021 891/7/1021 890/7/1021
f 891/7/1022 885/7/1022 890/7/1022
f 1129/7/1023 892/7/1023 891/7/1023
f 892/7/1024 886/7/1024 891/7/1024
f 1127/7/1025 893/7/1025 892/7/1025
f 893/7/1026 887/7/1026 892/7/1026
f 1125/7/1027 894/7/1027 893/7/1027
f 894/7/1028 888/7/1028 893/7/1028
f 967/7/1029 1134/7/1029 968/7/1029
f 1134/7/1030 889/7/1030 968/7/1030
f 1134/7/1031 967/7/1031 871/7/1031
f 871/7/1032 1238/7/1032 1134/7/1032
f 1133/7/1033 889/7/1033 1134/7/1033
f 1133/7/1034 1132/7/1034 1131/7/1034
f 1131/7/1035 890/7/1035 889/7/1035
f 1131/7/1036 1130/7/1036 1129/7/1036
f 1129/7/1037 891/7/1037 1131/7/1037
f 1129/7/1038 1128/7/1038 1127/7/1038
f 1127/7/1039 892/7/1039 1129/7/1039
f 1127/7/1040 1126/7/1040 1125/7/1040
f 1125/7/1041 893/7/1041 1127/7/1041
f 1125/7/1042 1118/7/1042 1124/7/1042
f 1124/7/1043 894/7/1043 1125/7/1043
f 895/7/1044 1049/7/1044 791/7/1044
f 791/7/1045 772/7/1045 1011/7/1045
f 1049/7/1046 895/7/1046 896/7/1046
f 1011/7/1047 1012/7/1047 1005/7/1047
f 897/7/1048 898/7/1048 895/7/1048
f 898/7/1049 896/7/1049 895/7/1049
f 895/7/1050 1005/7/1050 897/7/1050
f 1047/7/1051 896/7/1051 899/7/1051
f 896/7/1052 898/7/1052 899/7/1052
f 1005/7/1053 1006/7/1053 1002/7/1053
f 1002/7/1054 897/7/1054 1005/7/1054
f 900/7/1055 901/7/1055 897/7/1055
f 897/7/1056 1002/7/1056 900/7/1056
f 902/7/1057 899/7/1057 898/7/1057
f 898/7/1058 897/7/1058 901/7/1058
f 1038/7/1059 899/7/1059 903/7/1059
f 899/7/1060 902/7/1060 903/7/1060
f 1002/7/1061 1007/7/1061 998/7/1061
f 998/7/1062 900/7/1062 1002/7/1062
f 908/7/1063 904/7/1063 900/7/1063
f 900/7/1064 998/7/1064 908/7/1064
f 909/7/1065 905/7/1065 901/7/1065
f 905/7/1066 902/7/1066 901/7/1066
f 901/7/1067 900/7/1067 904/7/1067
f 910/7/1068 903/7/1068 902/7/1068
f 1030/7/1069 903/7/1069 906/7/1069
f 903/7/1070 910/7/1070 906/7/1070
f 998/7/1071 999/7/1071 995/7/1071
f 995/7/1072 908/7/1072 998/7/1072
f 914/7/1073 909/7/1073 908/7/1073
f 909/7/1074 904/7/1074 908/7/1074
f 915/7/1075 910/7/1075 909/7/1075
f 909/7/1076 910/7/1076 905/7/1076
f 916/7/1077 911/7/1077 910/7/1077
f 911/7/1078 906/7/1078 910/7/1078
f 1026/7/1079 906/7/1079 912/7/1079
f 906/7/1080 911/7/1080 912/7/1080
f 995/7/1081 996/7/1081 994/7/1081
f 994/7/1082 907/7/1082 995/7/1082
f 1161/7/1083 907/7/1083 913/7/1083
f 1159/7/1084 914/7/1084 907/7/1084
f 914/7/1085 908/7/1085 907/7/1085
f 1157/7/1086 915/7/1086 914/7/1086
f 915/7/1087 909/7/1087 914/7/1087
f 1155/7/1088 916/7/1088 915/7/1088
f 916/7/1089 910/7/1089 915/7/1089
f 1154/7/1090 917/7/1090 916/7/1090
f 917/7/1091 912/7/1091 911/7/1091
f 916/7/1092 917/7/1092 911/7/1092
f 993/7/1093 913/7/1093 994/7/1093
f 913/7/1094 993/7/1094 894/7/1094
f 894/7/1095 1124/7/1095 913/7/1095
f 1161/7/1096 1160/7/1096 1159/7/1096
f 1159/7/1097 907/7/1097 1161/7/1097
f 1159/7/1098 1158/7/1098 1157/7/1098
f 1157/7/1099 914/7/1099 1159/7/1099
f 1157/7/1100 1156/7/1100 1155/7/1100
f 1155/7/1101 915/7/1101 1157/7/1101
f 1155/7/1102 1148/7/1102 1154/7/1102
f 1154/7/1103 916/7/1103 1155/7/1103
f 1154/7/1104 1147/7/1104 1153/7/1104
f 1153/7/1105 917/7/1105 1154/7/1105
f 918/7/1106 1077/7/1106 815/7/1106
f 815/7/1107 797/7/1107 1039/7/1107
f 1077/7/1108 918/7/1108 919/7/1108
f 1039/7/1109 1040/7/1109 1034/7/1109
f 921/7/1110 919/7/1110 918/7/1110
f 918/7/1111 1034/7/1111 920/7/1111
f 1075/7/1112 919/7/1112 922/7/1112
f 919/7/1113 921/7/1113 922/7/1113
f 1034/7/1114 1035/7/1114 1031/7/1114
f 1031/7/1115 920/7/1115 1034/7/1115
f 923/7/1116 924/7/1116 920/7/1116
f 924/7/1117 921/7/1117 920/7/1117
f 920/7/1118 1031/7/1118 923/7/1118
f 925/7/1119 922/7/1119 921/7/1119
f 1066/7/1120 922/7/1120 926/7/1120
f 922/7/1121 925/7/1121 926/7/1121
f 1031/7/1122 1036/7/1122 1027/7/1122
f 1027/7/1123 923/7/1123 1031/7/1123
f 931/7/1124 927/7/1124 923/7/1124
f 923/7/1125 1027/7/1125 931/7/1125
f 932/7/1126 928/7/1126 924/7/1126
f 928/7/1127 925/7/1127 924/7/1127
f 924/7/1128 923/7/1128 927/7/1128
f 933/7/1129 926/7/1129 925/7/1129
f 1058/7/1130 926/7/1130 929/7/1130
f 926/7/1131 933/7/1131 929/7/1131
f 1027/7/1132 1028/7/1132 1024/7/1132
f 1024/7/1133 931/7/1133 1027/7/1133
f 937/7/1134 931/7/1134 930/7/1134
f 938/7/1135 932/7/1135 931/7/1135
f 932/7/1136 927/7/1136 931/7/1136
f 939/7/1137 933/7/1137 932/7/1137
f 932/7/1138 933/7/1138 928/7/1138
f 940/7/1139 934/7/1139 933/7/1139
f 934/7/1140 929/7/1140 933/7/1140
f 1054/7/1141 929/7/1141 935/7/1141
f 929/7/1142 934/7/1142 935/7/1142
f 1024/7/1143 1025/7/1143 1023/7/1143
f 1023/7/1144 930/7/1144 1024/7/1144
f 1189/7/1145 937/7/1145 936/7/1145
f 937/7/1146 930/7/1146 936/7/1146
f 1187/7/1147 938/7/1147 937/7/1147
f 938/7/1148 931/7/1148 937/7/1148
f 1185/7/1149 939/7/1149 938/7/1149
f 939/7/1150 932/7/1150 938/7/1150
f 1183/7/1151 940/7/1151 939/7/1151
f 940/7/1152 933/7/1152 939/7/1152
f 1181/7/1153 941/7/1153 940/7/1153
f 941/7/1154 935/7/1154 934/7/1154
f 940/7/1155 941/7/1155 934/7/1155
f 1022/7/1156 936/7/1156 1023/7/1156
f 936/7/1157 1022/7/1157 917/7/1157
f 917/7/1158 1153/7/1158 936/7/1158
f 1189/7/1159 1188/7/1159 1187/7/1159
f 1187/7/1160 937/7/1160 1189/7/1160
f 1187/7/1161 1186/7/1161 1185/7/1161
f 1185/7/1162 938/7/1162 1187/7/1162
f 1185/7/1163 1184/7/1163 1183/7/1163
f 1183/7/1164 939/7/1164 1185/7/1164
f 1183/7/1165 1182/7/1165 1181/7/1165
f 1181/7/1166 940/7/1166 1183/7/1166
f 1180/7/1167 941/7/1167 1181/7/1167
f 942/7/1168 840/7/1168 1067/7/1168
f 943/7/1169 1105/7/1169 840/7/1169
f 840/7/1170 942/7/1170 943/7/1170
f 1067/7/1171 1068/7/1171 1062/7/1171
f 944/7/1172 945/7/1172 942/7/1172
f 945/7/1173 943/7/1173 942/7/1173
f 942/7/1174 1062/7/1174 944/7/1174
f 1095/7/1175 943/7/1175 946/7/1175
f 943/7/1176 945/7/1176 946/7/1176
f 1062/7/1177 1063/7/1177 1059/7/1177
f 1059/7/1178 944/7/1178 1062/7/1178
f 947/7/1179 948/7/1179 944/7/1179
f 944/7/1180 1059/7/1180 947/7/1180
f 949/7/1181 946/7/1181 945/7/1181
f 945/7/1182 944/7/1182 948/7/1182
f 1094/7/1183 946/7/1183 950/7/1183
f 946/7/1184 949/7/1184 950/7/1184
f 1059/7/1185 1064/7/1185 1055/7/1185
f 1055/7/1186 947/7/1186 1059/7/1186
f 955/7/1187 951/7/1187 947/7/1187
f 947/7/1188 1055/7/1188 955/7/1188
f 956/7/1189 952/7/1189 948/7/1189
f 952/7/1190 949/7/1190 948/7/1190
f 948/7/1191 947/7/1191 951/7/1191
f 957/7/1192 950/7/1192 949/7/1192
f 1086/7/1193 950/7/1193 953/7/1193
f 950/7/1194 957/7/1194 953/7/1194
f 1055/7/1195 1056/7/1195 1052/7/1195
f 1052/7/1196 955/7/1196 1055/7/1196
f 962/7/1197 955/7/1197 954/7/1197
f 963/7/1198 956/7/1198 955/7/1198
f 956/7/1199 951/7/1199 955/7/1199
f 964/7/1200 957/7/1200 956/7/1200
f 956/7/1201 957/7/1201 952/7/1201
f 965/7/1202 958/7/1202 957/7/1202
f 958/7/1203 953/7/1203 957/7/1203
f 1082/7/1204 953/7/1204 959/7/1204
f 953/7/1205 958/7/1205 959/7/1205
f 1052/7/1206 1053/7/1206 1051/7/1206
f 1051/7/1207 954/7/1207 1052/7/1207
f 961/7/1208 962/7/1208 960/7/1208
f 962/7/1209 954/7/1209 960/7/1209
f 1217/7/1210 963/7/1210 962/7/1210
f 963/7/1211 955/7/1211 962/7/1211
f 1215/7/1212 964/7/1212 963/7/1212
f 964/7/1213 956/7/1213 963/7/1213
f 1213/7/1214 965/7/1214 964/7/1214
f 965/7/1215 957/7/1215 964/7/1215
f 1211/7/1216 966/7/1216 965/7/1216
f 966/7/1217 959/7/1217 958/7/1217
f 965/7/1218 966/7/1218 958/7/1218
f 1050/7/1219 960/7/1219 1051/7/1219
f 960/7/1220 1050/7/1220 1220/7/1220
f 1050/7/1221 941/7/1221 1220/7/1221
f 1219/7/1222 961/7/1222 960/7/1222
f 1219/7/1223 1218/7/1223 1217/7/1223
f 1217/7/1224 962/7/1224 961/7/1224
f 1217/7/1225 1216/7/1225 1215/7/1225
f 1215/7/1226 963/7/1226 1217/7/1226
f 1215/7/1227 1214/7/1227 1213/7/1227
f 1213/7/1228 964/7/1228 1215/7/1228
f 1213/7/1229 1212/7/1229 1211/7/1229
f 1211/7/1230 965/7/1230 1213/7/1230
f 1211/7/1231 1203/7/1231 1210/7/1231
f 1210/7/1232 966/7/1232 1211/7/1232
f 1210/7/1233 1248/7/1233 866/7/1233
f 866/7/1234 1079/7/1234 1210/7/1234
f 970/7/1235 971/7/1235 967/7/1235
f 971/7/1236 865/7/1236 967/7/1236
f 967/7/1237 968/7/1237 970/7/1237
f 973/7/1238 974/7/1238 970/7/1238
f 970/7/1239 969/7/1239 973/7/1239
f 975/7/1240 859/7/1240 971/7/1240
f 971/7/1241 970/7/1241 974/7/1241
f 981/7/1242 977/7/1242 973/7/1242
f 973/7/1243 972/7/1243 981/7/1243
f 982/7/1244 978/7/1244 974/7/1244
f 978/7/1245 975/7/1245 974/7/1245
f 974/7/1246 973/7/1246 977/7/1246
f 983/7/1247 856/7/1247 975/7/1247
f 987/7/1248 982/7/1248 981/7/1248
f 982/7/1249 977/7/1249 981/7/1249
f 989/7/1250 983/7/1250 982/7/1250
f 982/7/1251 983/7/1251 978/7/1251
f 991/7/1252 852/7/1252 983/7/1252
f 985/7/1253 980/7/1253 984/7/1253
f 986/7/1254 987/7/1254 980/7/1254
f 987/7/1255 981/7/1255 980/7/1255
f 988/7/1256 989/7/1256 987/7/1256
f 989/7/1257 982/7/1257 987/7/1257
f 990/7/1258 991/7/1258 989/7/1258
f 991/7/1259 983/7/1259 989/7/1259
f 992/7/1260 849/7/1260 991/7/1260
f 997/7/1261 888/7/1261 993/7/1261
f 993/7/1262 994/7/1262 996/7/1262
f 999/7/1263 1000/7/1263 996/7/1263
f 1000/7/1264 997/7/1264 996/7/1264
f 996/7/1265 995/7/1265 999/7/1265
f 1001/7/1266 883/7/1266 997/7/1266
f 1007/7/1267 1003/7/1267 999/7/1267
f 999/7/1268 998/7/1268 1007/7/1268
f 1008/7/1269 1004/7/1269 1000/7/1269
f 1004/7/1270 1001/7/1270 1000/7/1270
f 1000/7/1271 999/7/1271 1003/7/1271
f 1009/7/1272 880/7/1272 1001/7/1272
f 1013/7/1273 1007/7/1273 1006/7/1273
f 1015/7/1274 1008/7/1274 1007/7/1274
f 1008/7/1275 1003/7/1275 1007/7/1275
f 1017/7/1276 1009/7/1276 1008/7/1276
f 1008/7/1277 1009/7/1277 1004/7/1277
f 1019/7/1278 1010/7/1278 1009/7/1278
f 1010/7/1279 876/7/1279 1009/7/1279
f 1013/7/1280 1006/7/1280 1012/7/1280
f 1014/7/1281 1015/7/1281 1013/7/1281
f 1015/7/1282 1007/7/1282 1013/7/1282
f 1016/7/1283 1017/7/1283 1015/7/1283
f 1017/7/1284 1008/7/1284 1015/7/1284
f 1018/7/1285 1019/7/1285 1017/7/1285
f 1019/7/1286 1009/7/1286 1017/7/1286
f 1020/7/1287 1021/7/1287 1019/7/1287
f 1021/7/1288 873/7/1288 1010/7/1288
f 1019/7/1289 1021/7/1289 1010/7/1289
f 1025/7/1290 1026/7/1290 1022/7/1290
f 1026/7/1291 912/7/1291 1022/7/1291
f 1022/7/1292 1023/7/1292 1025/7/1292
f 1028/7/1293 1029/7/1293 1025/7/1293
f 1025/7/1294 1024/7/1294 1028/7/1294
f 1030/7/1295 906/7/1295 1026/7/1295
f 1026/7/1296 1025/7/1296 1029/7/1296
f 1036/7/1297 1032/7/1297 1028/7/1297
f 1028/7/1298 1027/7/1298 1036/7/1298
f 1037/7/1299 1033/7/1299 1029/7/1299
f 1033/7/1300 1030/7/1300 1029/7/1300
f 1029/7/1301 1028/7/1301 1032/7/1301
f 1038/7/1302 903/7/1302 1030/7/1302
f 1041/7/1303 1036/7/1303 1035/7/1303
f 1043/7/1304 1037/7/1304 1036/7/1304
f 1037/7/1305 1032/7/1305 1036/7/1305
f 1045/7/1306 1038/7/1306 1037/7/1306
f 1037/7/1307 1038/7/1307 1033/7/1307
f 1047/7/1308 899/7/1308 1038/7/1308
f 1041/7/1309 1035/7/1309 1040/7/1309
f 1042/7/1310 1043/7/1310 1041/7/1310
f 1043/7/1311 1036/7/1311 1041/7/1311
f 1044/7/1312 1045/7/1312 1043/7/1312
f 1045/7/1313 1037/7/1313 1043/7/1313
f 1046/7/1314 1047/7/1314 1045/7/1314
f 1047/7/1315 1038/7/1315 1045/7/1315
f 1048/7/1316 1049/7/1316 1047/7/1316
f 1049/7/1317 896/7/1317 1047/7/1317
f 1053/7/1318 1054/7/1318 1050/7/1318
f 1054/7/1319 935/7/1319 1050/7/1319
f 1050/7/1320 1051/7/1320 1053/7/1320
f 1056/7/1321 1057/7/1321 1053/7/1321
f 1053/7/1322 1052/7/1322 1056/7/1322
f 1058/7/1323 929/7/1323 1054/7/1323
f 1054/7/1324 1053/7/1324 1057/7/1324
f 1064/7/1325 1060/7/1325 1056/7/1325
f 1056/7/1326 1055/7/1326 1064/7/1326
f 1065/7/1327 1061/7/1327 1057/7/1327
f 1061/7/1328 1058/7/1328 1057/7/1328
f 1057/7/1329 1056/7/1329 1060/7/1329
f 1066/7/1330 926/7/1330 1058/7/1330
f 1069/7/1331 1064/7/1331 1063/7/1331
f 1071/7/1332 1065/7/1332 1064/7/1332
f 1065/7/1333 1060/7/1333 1064/7/1333
f 1073/7/1334 1066/7/1334 1065/7/1334
f 1065/7/1335 1066/7/1335 1061/7/1335
f 1075/7/1336 922/7/1336 1066/7/1336
f 1069/7/1337 1063/7/1337 1068/7/1337
f 1070/7/1338 1071/7/1338 1069/7/1338
f 1071/7/1339 1064/7/1339 1069/7/1339
f 1072/7/1340 1073/7/1340 1071/7/1340
f 1073/7/1341 1065/7/1341 1071/7/1341
f 1074/7/1342 1075/7/1342 1073/7/1342
f 1075/7/1343 1066/7/1343 1073/7/1343
f 1076/7/1344 1077/7/1344 1075/7/1344
f 1077/7/1345 919/7/1345 1075/7/1345
f 1081/7/1346 1082/7/1346 1079/7/1346
f 1082/7/1347 959/7/1347 1079/7/1347
f 1079/7/1348 1078/7/1348 1081/7/1348
f 1084/7/1349 1085/7/1349 1081/7/1349
f 1081/7/1350 1080/7/1350 1084/7/1350
f 1086/7/1351 953/7/1351 1082/7/1351
f 1082/7/1352 1081/7/1352 1085/7/1352
f 1092/7/1353 1088/7/1353 1084/7/1353
f 1084/7/1354 1083/7/1354 1092/7/1354
f 1093/7/1355 1089/7/1355 1085/7/1355
f 1089/7/1356 1086/7/1356 1085/7/1356
f 1085/7/1357 1084/7/1357 1088/7/1357
f 1094/7/1358 950/7/1358 1086/7/1358
f 1098/7/1359 1092/7/1359 1091/7/1359
f 1100/7/1360 1093/7/1360 1092/7/1360
f 1093/7/1361 1088/7/1361 1092/7/1361
f 1102/7/1362 1094/7/1362 1093/7/1362
f 1093/7/1363 1094/7/1363 1089/7/1363
f 1104/7/1364 1095/7/1364 1094/7/1364
f 1095/7/1365 946/7/1365 1094/7/1365
f 1098/7/1366 1091/7/1366 1097/7/1366
f 1099/7/1367 1100/7/1367 1098/7/1367
f 1100/7/1368 1092/7/1368 1098/7/1368
f 1101/7/1369 1102/7/1369 1100/7/1369
f 1102/7/1370 1093/7/1370 1100/7/1370
f 1103/7/1371 1104/7/1371 1102/7/1371
f 1104/7/1372 1094/7/1372 1102/7/1372
f 1105/7/1373 943/7/1373 1095/7/1373
f 1104/7/1374 1105/7/1374 1095/7/1374
f 1221/7/1375 1191/7/1375 1106/7/1375
f 1191/7/1376 1163/7/1376 1106/7/1376
f 1221/7/1377 1106/7/1377 1107/7/1377
f 1108/7/1378 1109/7/1378 1106/7/1378
f 1109/7/1379 1107/7/1379 1106/7/1379
f 1106/7/1380 1136/7/1380 1108/7/1380
f 1110/7/1381 1223/7/1381 1107/7/1381
f 1107/7/1382 1109/7/1382 1110/7/1382
f 1138/7/1383 1139/7/1383 1136/7/1383
f 1139/7/1384 1108/7/1384 1136/7/1384
f 1111/7/1385 1112/7/1385 1108/7/1385
f 1108/7/1386 1139/7/1386 1111/7/1386
f 1113/7/1387 1110/7/1387 1109/7/1387
f 1109/7/1388 1108/7/1388 1112/7/1388
f 1114/7/1389 1226/7/1389 1110/7/1389
f 1110/7/1390 1113/7/1390 1114/7/1390
f 1142/7/1391 1143/7/1391 1139/7/1391
f 1143/7/1392 1111/7/1392 1139/7/1392
f 1120/7/1393 1115/7/1393 1111/7/1393
f 1111/7/1394 1143/7/1394 1120/7/1394
f 1121/7/1395 1116/7/1395 1112/7/1395
f 1116/7/1396 1113/7/1396 1112/7/1396
f 1112/7/1397 1111/7/1397 1115/7/1397
f 1122/7/1398 1114/7/1398 1113/7/1398
f 1117/7/1399 1234/7/1399 1114/7/1399
f 1114/7/1400 1122/7/1400 1117/7/1400
f 1151/7/1401 1146/7/1401 1143/7/1401
f 1146/7/1402 1120/7/1402 1143/7/1402
f 1126/7/1403 1120/7/1403 1119/7/1403
f 1128/7/1404 1121/7/1404 1120/7/1404
f 1121/7/1405 1115/7/1405 1120/7/1405
f 1130/7/1406 1122/7/1406 1121/7/1406
f 1121/7/1407 1122/7/1407 1116/7/1407
f 1132/7/1408 1117/7/1408 1122/7/1408
f 1123/7/1409 1233/7/1409 1117/7/1409
f 1117/7/1410 1132/7/1410 1123/7/1410
f 1152/7/1411 1118/7/1411 1146/7/1411
f 1118/7/1412 1119/7/1412 1146/7/1412
f 1125/7/1413 1126/7/1413 1118/7/1413
f 1126/7/1414 1119/7/1414 1118/7/1414
f 1127/7/1415 1128/7/1415 1126/7/1415
f 1128/7/1416 1120/7/1416 1126/7/1416
f 1129/7/1417 1130/7/1417 1128/7/1417
f 1130/7/1418 1121/7/1418 1128/7/1418
f 1131/7/1419 1132/7/1419 1130/7/1419
f 1132/7/1420 1122/7/1420 1130/7/1420
f 1133/7/1421 1123/7/1421 1132/7/1421
f 1123/7/1422 1133/7/1422 1134/7/1422
f 1162/7/1423 1124/7/1423 1152/7/1423
f 1138/7/1424 1136/7/1424 1135/7/1424
f 1135/7/1425 1164/7/1425 1137/7/1425
f 1166/7/1426 1167/7/1426 1164/7/1426
f 1167/7/1427 1137/7/1427 1164/7/1427
f 1140/7/1428 1141/7/1428 1137/7/1428
f 1141/7/1429 1138/7/1429 1137/7/1429
f 1137/7/1430 1167/7/1430 1140/7/1430
f 1142/7/1431 1139/7/1431 1138/7/1431
f 1170/7/1432 1171/7/1432 1167/7/1432
f 1171/7/1433 1140/7/1433 1167/7/1433
f 1149/7/1434 1144/7/1434 1140/7/1434
f 1140/7/1435 1171/7/1435 1149/7/1435
f 1150/7/1436 1145/7/1436 1141/7/1436
f 1145/7/1437 1142/7/1437 1141/7/1437
f 1141/7/1438 1140/7/1438 1144/7/1438
f 1151/7/1439 1143/7/1439 1142/7/1439
f 1178/7/1440 1174/7/1440 1171/7/1440
f 1174/7/1441 1149/7/1441 1171/7/1441
f 1156/7/1442 1150/7/1442 1149/7/1442
f 1150/7/1443 1144/7/1443 1149/7/1443
f 1158/7/1444 1151/7/1444 1150/7/1444
f 1150/7/1445 1151/7/1445 1145/7/1445
f 1160/7/1446 1152/7/1446 1151/7/1446
f 1152/7/1447 1146/7/1447 1151/7/1447
f 1179/7/1448 1147/7/1448 1174/7/1448
f 1147/7/1449 1148/7/1449 1174/7/1449
f 1154/7/1450 1148/7/1450 1147/7/1450
f 1155/7/1451 1156/7/1451 1148/7/1451
f 1156/7/1452 1149/7/1452 1148/7/1452
f 1157/7/1453 1158/7/1453 1156/7/1453
f 1158/7/1454 1150/7/1454 1156/7/1454
f 1159/7/1455 1160/7/1455 1158/7/1455
f 1160/7/1456 1151/7/1456 1158/7/1456
f 1161/7/1457 1162/7/1457 1160/7/1457
f 1160/7/1458 1162/7/1458 1152/7/1458
f 1190/7/1459 1153/7/1459 1179/7/1459
f 1166/7/1460 1164/7/1460 1163/7/1460
f 1163/7/1461 1192/7/1461 1165/7/1461
f 1194/7/1462 1195/7/1462 1192/7/1462
f 1195/7/1463 1165/7/1463 1192/7/1463
f 1168/7/1464 1169/7/1464 1165/7/1464
f 1169/7/1465 1166/7/1465 1165/7/1465
f 1165/7/1466 1195/7/1466 1168/7/1466
f 1170/7/1467 1167/7/1467 1166/7/1467
f 1198/7/1468 1199/7/1468 1195/7/1468
f 1199/7/1469 1168/7/1469 1195/7/1469
f 1176/7/1470 1172/7/1470 1168/7/1470
f 1168/7/1471 1199/7/1471 1176/7/1471
f 1177/7/1472 1173/7/1472 1169/7/1472
f 1173/7/1473 1170/7/1473 1169/7/1473
f 1169/7/1474 1168/7/1474 1172/7/1474
f 1178/7/1475 1171/7/1475 1170/7/1475
f 1207/7/1476 1202/7/1476 1199/7/1476
f 1202/7/1477 1176/7/1477 1199/7/1477
f 1182/7/1478 1176/7/1478 1175/7/1478
f 1184/7/1479 1177/7/1479 1176/7/1479
f 1177/7/1480 1172/7/1480 1176/7/1480
f 1186/7/1481 1178/7/1481 1177/7/1481
f 1177/7/1482 1178/7/1482 1173/7/1482
f 1188/7/1483 1179/7/1483 1178/7/1483
f 1179/7/1484 1174/7/1484 1178/7/1484
f 1208/7/1485 1209/7/1485 1202/7/1485
f 1209/7/1486 1175/7/1486 1202/7/1486
f 1181/7/1487 1182/7/1487 1180/7/1487
f 1182/7/1488 1175/7/1488 1180/7/1488
f 1183/7/1489 1184/7/1489 1182/7/1489
f 1184/7/1490 1176/7/1490 1182/7/1490
f 1185/7/1491 1186/7/1491 1184/7/1491
f 1186/7/1492 1177/7/1492 1184/7/1492
f 1187/7/1493 1188/7/1493 1186/7/1493
f 1188/7/1494 1178/7/1494 1186/7/1494
f 1189/7/1495 1190/7/1495 1188/7/1495
f 1188/7/1496 1190/7/1496 1179/7/1496
f 1209/7/1497 1219/7/1497 1220/7/1497
f 1220/7/1498 1180/7/1498 1209/7/1498
f 1193/7/1499 1194/7/1499 1191/7/1499
f 1194/7/1500 1192/7/1500 1191/7/1500
f 1191/7/1501 1222/7/1501 1193/7/1501
f 1224/7/1502 1225/7/1502 1222/7/1502
f 1225/7/1503 1193/7/1503 1222/7/1503
f 1196/7/1504 1197/7/1504 1193/7/1504
f 1193/7/1505 1225/7/1505 1196/7/1505
f 1198/7/1506 1195/7/1506 1194/7/1506
f 1194/7/1507 1193/7/1507 1197/7/1507
f 1228/7/1508 1229/7/1508 1225/7/1508
f 1229/7/1509 1196/7/1509 1225/7/1509
f 1205/7/1510 1200/7/1510 1196/7/1510
f 1196/7/1511 1229/7/1511 1205/7/1511
f 1206/7/1512 1201/7/1512 1197/7/1512
f 1201/7/1513 1198/7/1513 1197/7/1513
f 1197/7/1514 1196/7/1514 1200/7/1514
f 1207/7/1515 1199/7/1515 1198/7/1515
f 1236/7/1516 1232/7/1516 1229/7/1516
f 1232/7/1517 1205/7/1517 1229/7/1517
f 1212/7/1518 1205/7/1518 1204/7/1518
f 1214/7/1519 1206/7/1519 1205/7/1519
f 1206/7/1520 1200/7/1520 1205/7/1520
f 1216/7/1521 1207/7/1521 1206/7/1521
f 1206/7/1522 1207/7/1522 1201/7/1522
f 1218/7/1523 1208/7/1523 1207/7/1523
f 1208/7/1524 1202/7/1524 1207/7/1524
f 1237/7/1525 1203/7/1525 1232/7/1525
f 1203/7/1526 1204/7/1526 1232/7/1526
f 1211/7/1527 1212/7/1527 1203/7/1527
f 1212/7/1528 1204/7/1528 1203/7/1528
f 1213/7/1529 1214/7/1529 1212/7/1529
f 1214/7/1530 1205/7/1530 1212/7/1530
f 1215/7/1531 1216/7/1531 1214/7/1531
f 1216/7/1532 1206/7/1532 1214/7/1532
f 1217/7/1533 1218/7/1533 1216/7/1533
f 1218/7/1534 1207/7/1534 1216/7/1534
f 1219/7/1535 1209/7/1535 1208/7/1535
f 1218/7/1536 1219/7/1536 1208/7/1536
f 1248/7/1537 1210/7/1537 1237/7/1537
f 1223/7/1538 1224/7/1538 1221/7/1538
f 1224/7/1539 1222/7/1539 1221/7/1539
f 1221/7/1540 1107/7/1540 1223/7/1540
f 1226/7/1541 1227/7/1541 1223/7/1541
f 1223/7/1542 1110/7/1542 1226/7/1542
f 1228/7/1543 1225/7/1543 1224/7/1543
f 1224/7/1544 1223/7/1544 1227/7/1544
f 1234/7/1545 1230/7/1545 1226/7/1545
f 1226/7/1546 1114/7/1546 1234/7/1546
f 1235/7/1547 1231/7/1547 1227/7/1547
f 1231/7/1548 1228/7/1548 1227/7/1548
f 1227/7/1549 1226/7/1549 1230/7/1549
f 1236/7/1550 1229/7/1550 1228/7/1550
f 1240/7/1551 1234/7/1551 1233/7/1551
f 1242/7/1552 1235/7/1552 1234/7/1552
f 1235/7/1553 1230/7/1553 1234/7/1553
f 1244/7/1554 1236/7/1554 1235/7/1554
f 1235/7/1555 1236/7/1555 1231/7/1555
f 1246/7/1556 1237/7/1556 1236/7/1556
f 1237/7/1557 1232/7/1557 1236/7/1557
f 1239/7/1558 1240/7/1558 1238/7/1558
f 1240/7/1559 1233/7/1559 1238/7/1559
f 1241/7/1560 1242/7/1560 1240/7/1560
f 1242/7/1561 1234/7/1561 1240/7/1561
f 1243/7/1562 1244/7/1562 1242/7/1562
f 1244/7/1563 1235/7/1563 1242/7/1563
f 1245/7/1564 1246/7/1564 1244/7/1564
f 1246/7/1565 1236/7/1565 1244/7/1565
f 1247/7/1566 1248/7/1566 1246/7/1566
f 1246/7/1567 1248/7/1567 1237/7/1567
f 20/1/1 489/1/1 26/1/1
f 489/1/1 488/1/1 26/1/1
f 26/1/1 473/1/1 474/1/1
f 1253/5/408 1252/5/408 1263/5/408
f 1253/5/409 1264/5/409 1265/5/409
f 1410/5/4 1258/5/4 1257/5/4
f 1405/5/410 1259/5/410 1258/5/410
f 1406/5/411 1260/5/411 1259/5/411
f 1407/5/3 1261/5/3 1260/5/3
f 1408/5/412 1262/5/412 1261/5/412
f 1409/5/413 1257/5/413 1262/5/413
f 1263/5/421 1255/5/421 1256/5/421
f 1265/5/415 1264/5/415 1256/5/415
f 1251/5/1568 1324/5/1568 1325/5/1568
f 1250/5/423 1325/5/423 1321/5/423
f 1249/5/1569 1338/5/1569 1322/5/1569
f 1253/5/1570 1322/5/1570 1323/5/1570
f 1281/5/561 1270/5/561 1269/5/561
f 1270/5/675 1380/5/675 1269/5/675
f 1380/5/1571 1379/5/1571 1269/5/1571
f 1421/5/563 1273/5/563 1269/5/563
f 1273/5/564 1281/5/564 1269/5/564
f 1271/5/408 1270/5/408 1281/5/408
f 1271/5/409 1282/5/409 1283/5/409
f 1428/5/4 1276/5/4 1275/5/4
f 1423/5/410 1277/5/410 1276/5/410
f 1424/5/411 1278/5/411 1277/5/411
f 1425/5/3 1279/5/3 1278/5/3
f 1426/5/412 1280/5/412 1279/5/412
f 1427/5/413 1275/5/413 1280/5/413
f 5/1/5 3/1/5 12/1/5
f 3/1/5 9/1/5 12/1/5
f 10/1/5 4/1/5 11/1/5
f 4/1/5 6/1/5 11/1/5
f 5/1/5 12/1/5 6/1/5
f 1281/5/421 1273/5/421 1274/5/421
f 1283/5/415 1282/5/415 1274/5/415
f 1430/3/4 1431/3/4 1432/3/4
f 1429/3/422 1432/3/422 1434/3/422
f 1433/3/423 1434/3/423 1436/3/423
f 1435/3/3 1436/3/3 1438/3/3
f 1437/3/418 1438/3/418 1440/3/418
f 1439/3/424 1440/3/424 1431/3/424
f 1289/5/408 1288/5/408 1299/5/408
f 1289/5/409 1300/5/409 1301/5/409
f 1286/5/410 1295/5/410 1294/5/410
f 1302/5/1572 1296/5/1572 1295/5/1572
f 1285/5/1573 1301/5/1573 1302/5/1573
f 1301/5/1574 1290/5/1574 1302/5/1574
f 1290/5/3 1297/5/3 1296/5/3
f 1290/5/1575 1296/5/1575 1302/5/1575
f 1383/5/3 1384/5/3 1285/5/3
f 1302/5/1576 1383/5/1576 1285/5/1576
f 1292/5/412 1298/5/412 1297/5/412
f 1291/5/413 1293/5/413 1298/5/413
f 1299/5/421 1291/5/421 1292/5/421
f 1301/5/415 1300/5/415 1292/5/415
f 1287/5/1577 1381/5/1577 1382/5/1577
f 1286/5/423 1382/5/423 1383/5/423
f 1285/5/418 1384/5/418 1385/5/418
f 1289/5/424 1385/5/424 1386/5/424
f 1320/5/1578 1360/5/1578 1359/5/1578
f 1359/5/571 1303/5/571 1320/5/571
f 1303/5/572 1319/5/572 1320/5/572
f 1319/5/573 1308/5/573 1320/5/573
f 1308/5/574 1315/5/574 1320/5/574
f 1315/5/1579 1314/5/1579 1320/5/1579
f 1306/5/4 1357/5/4 1362/5/4
f 1306/5/1580 1362/5/1580 1305/5/1580
f 1309/5/1581 1317/5/1581 1305/5/1581
f 1317/5/1582 1306/5/1582 1305/5/1582
f 1312/5/4 1311/5/4 1309/5/4
f 1305/5/1583 1312/5/1583 1309/5/1583
f 1307/5/428 1306/5/428 1317/5/428
f 1307/5/429 1318/5/429 1319/5/429
f 102/2/1 131/2/1 106/2/1
f 131/2/1 134/2/1 106/2/1
f 106/2/1 126/2/1 125/2/1
f 1304/5/413 1313/5/413 1312/5/413
f 1320/5/1584 1314/5/1584 1313/5/1584
f 1310/5/411 1316/5/411 1315/5/411
f 1309/5/410 1311/5/410 1316/5/410
f 1317/5/434 1309/5/434 1310/5/434
f 1319/5/1585 1318/5/1585 1310/5/1585
f 369/2/3 404/2/3 405/2/3
f 405/2/3 367/2/3 369/2/3
f 367/2/3 396/2/3 369/2/3
f 1325/5/428 1324/5/428 1335/5/428
f 1325/5/429 1336/5/429 1337/5/429
f 1399/5/4 1330/5/4 1329/5/4
f 1400/5/413 1331/5/413 1330/5/413
f 1400/5/412 1401/5/412 1332/5/412
f 1401/5/3 1402/5/3 1333/5/3
f 1403/5/411 1334/5/411 1333/5/411
f 1404/5/410 1329/5/410 1334/5/410
f 1335/5/434 1327/5/434 1328/5/434
f 1337/5/433 1336/5/433 1328/5/433
f 1323/5/556 1393/5/556 1398/5/556
f 1398/5/557 1327/5/557 1323/5/557
f 1327/5/558 1335/5/558 1323/5/558
f 1335/5/559 1324/5/559 1323/5/559
f 1324/5/560 1251/5/560 1323/5/560
f 1263/5/561 1252/5/561 1251/5/561
f 1252/5/562 1323/5/562 1251/5/562
f 1415/5/563 1255/5/563 1251/5/563
f 1255/5/564 1263/5/564 1251/5/564
f 1251/5/565 1416/5/565 1415/5/565
f 1337/5/1586 1326/5/1586 1338/5/1586
f 1326/5/1587 1396/5/1587 1338/5/1587
f 1396/5/1588 1395/5/1588 1338/5/1588
f 1266/5/1589 1321/5/1589 1338/5/1589
f 1321/5/1590 1337/5/1590 1338/5/1590
f 1338/5/1591 1249/5/1591 1266/5/1591
f 1249/5/1592 1265/5/1592 1266/5/1592
f 1265/5/1593 1254/5/1593 1266/5/1593
f 1254/5/1594 1413/5/1594 1266/5/1594
f 1413/5/1595 1412/5/1595 1266/5/1595
f 1343/5/428 1342/5/428 1353/5/428
f 1343/5/429 1354/5/429 1355/5/429
f 1340/5/413 1349/5/413 1348/5/413
f 1356/5/1596 1350/5/1596 1349/5/1596
f 1346/5/411 1352/5/411 1351/5/411
f 1345/5/410 1347/5/410 1352/5/410
f 1353/5/434 1345/5/434 1346/5/434
f 1355/5/433 1354/5/433 1346/5/433
f 1357/5/422 1306/5/422 1307/5/422
f 1358/5/423 1307/5/423 1303/5/423
f 1360/5/1597 1320/5/1597 1304/5/1597
f 1361/5/1570 1304/5/1570 1305/5/1570
f 1370/5/418 1364/5/418 1363/5/418
f 1371/5/3 1365/5/3 1364/5/3
f 1372/5/423 1366/5/423 1365/5/423
f 1373/5/422 1367/5/422 1366/5/422
f 1374/5/4 1368/5/4 1367/5/4
f 1369/5/424 1363/5/424 1368/5/424
f 1442/3/418 1443/3/418 1444/3/418
f 1445/3/3 1446/3/3 1443/3/3
f 1447/3/423 1448/3/423 1446/3/423
f 1449/3/422 1450/3/422 1448/3/422
f 1451/3/4 1452/3/4 1450/3/4
f 1441/3/424 1444/3/424 1452/3/424
f 1267/5/418 1376/5/418 1375/5/418
f 1268/5/423 1378/5/423 1377/5/423
f 1269/5/1598 1379/5/1598 1378/5/1598
f 1271/5/424 1375/5/424 1380/5/424
f 1453/3/422 1455/3/422 1456/3/422
f 1454/3/423 1456/3/423 1458/3/423
f 1457/3/3 1458/3/3 1460/3/3
f 1459/3/418 1460/3/418 1462/3/418
f 1461/3/424 1462/3/424 1464/3/424
f 1463/3/4 1464/3/4 1455/3/4
f 1387/5/422 1342/5/422 1343/5/422
f 1388/5/423 1343/5/423 1339/5/423
f 1390/5/1599 1356/5/1599 1340/5/1599
f 1391/5/1570 1340/5/1570 1341/5/1570
f 1322/5/413 1394/5/413 1393/5/413
f 1322/5/1600 1338/5/1600 1395/5/1600
f 1328/5/411 1397/5/411 1396/5/411
f 1327/5/410 1398/5/410 1397/5/410
f 1466/3/413 1467/3/413 1468/3/413
f 1466/3/412 1469/3/412 1470/3/412
f 1471/3/3 1472/3/3 1470/3/3
f 1473/3/411 1474/3/411 1472/3/411
f 1475/3/410 1476/3/410 1474/3/410
f 1465/3/4 1468/3/4 1476/3/4
f 1478/3/411 1479/3/411 1480/3/411
f 1481/3/3 1482/3/3 1479/3/3
f 1483/3/412 1484/3/412 1482/3/412
f 1485/3/413 1486/3/413 1484/3/413
f 1487/3/4 1488/3/4 1486/3/4
f 1477/3/410 1480/3/410 1488/3/410
f 1266/5/1601 1412/5/1601 1411/5/1601
f 1256/5/412 1414/5/412 1413/5/412
f 1256/5/413 1255/5/413 1415/5/413
f 1250/5/410 1411/5/410 1416/5/410
f 1268/5/1602 1284/5/1602 1418/5/1602
f 1274/5/412 1420/5/412 1419/5/412
f 1273/5/413 1421/5/413 1420/5/413
f 1268/5/410 1417/5/410 1422/5/410
f 1490/3/411 1491/3/411 1492/3/411
f 1493/3/3 1494/3/3 1491/3/3
f 1495/3/412 1496/3/412 1494/3/412
f 1497/3/413 1498/3/413 1496/3/413
f 1499/3/4 1500/3/4 1498/3/4
f 1489/3/410 1492/3/410 1500/3/410
f 1367/3/442 1368/3/442 1430/3/442
f 1357/3/443 1432/3/443 1431/3/443
f 1367/3/444 1429/3/444 1433/3/444
f 1357/3/445 1358/3/445 1434/3/445
f 1366/3/446 1433/3/446 1435/3/446
f 1358/3/447 1359/3/447 1436/3/447
f 1365/3/448 1435/3/448 1437/3/448
f 1359/3/449 1360/3/449 1438/3/449
f 1363/3/450 1364/3/450 1437/3/450
f 1361/3/451 1440/3/451 1438/3/451
f 1368/3/452 1363/3/452 1439/3/452
f 1362/3/453 1431/3/453 1440/3/453
f 1375/3/454 1376/3/454 1442/3/454
f 1369/3/455 1444/3/455 1443/3/455
f 1377/3/456 1445/3/456 1442/3/456
f 1371/3/457 1370/3/457 1443/3/457
f 1377/3/458 1378/3/458 1447/3/458
f 1372/3/459 1371/3/459 1446/3/459
f 1379/3/460 1449/3/460 1447/3/460
f 1372/3/461 1448/3/461 1450/3/461
f 1379/3/462 1380/3/462 1451/3/462
f 1373/3/463 1450/3/463 1452/3/463
f 1380/3/464 1375/3/464 1441/3/464
f 1374/3/465 1452/3/465 1444/3/465
f 1381/3/1603 1453/3/1603 1454/3/1603
f 1387/3/1604 1388/3/1604 1456/3/1604
f 1382/3/468 1454/3/468 1457/3/468
f 1388/3/469 1389/3/469 1458/3/469
f 1383/3/470 1457/3/470 1459/3/470
f 1389/3/471 1390/3/471 1460/3/471
f 1384/3/472 1459/3/472 1461/3/472
f 1390/3/473 1391/3/473 1462/3/473
f 1386/3/474 1385/3/474 1461/3/474
f 1392/3/475 1464/3/475 1462/3/475
f 1381/3/476 1386/3/476 1463/3/476
f 1387/3/477 1455/3/477 1464/3/477
f 1394/3/478 1466/3/478 1465/3/478
f 1400/3/479 1399/3/479 1468/3/479
f 1394/3/480 1395/3/480 1469/3/480
f 1400/3/481 1467/3/481 1470/3/481
f 1396/3/482 1471/3/482 1469/3/482
f 1402/3/483 1401/3/483 1470/3/483
f 1397/3/484 1473/3/484 1471/3/484
f 1403/3/485 1402/3/485 1472/3/485
f 1397/3/486 1398/3/486 1475/3/486
f 1403/3/487 1474/3/487 1476/3/487
f 1398/3/488 1393/3/488 1465/3/488
f 1404/3/489 1476/3/489 1468/3/489
f 1411/3/490 1412/3/490 1478/3/490
f 1405/3/491 1480/3/491 1479/3/491
f 1412/3/492 1413/3/492 1481/3/492
f 1406/3/493 1479/3/493 1482/3/493
f 1414/3/494 1483/3/494 1481/3/494
f 1408/3/495 1407/3/495 1482/3/495
f 1414/3/496 1415/3/496 1485/3/496
f 1408/3/497 1484/3/497 1486/3/497
f 1416/3/498 1487/3/498 1485/3/498
f 1410/3/499 1409/3/499 1486/3/499
f 1411/3/1605 1477/3/1605 1487/3/1605
f 1405/3/501 1410/3/501 1488/3/501
f 1417/3/1606 1418/3/1606 1490/3/1606
f 1423/3/503 1492/3/503 1491/3/503
f 1418/3/504 1419/3/504 1493/3/504
f 1424/3/505 1491/3/505 1494/3/505
f 1420/3/506 1495/3/506 1493/3/506
f 1426/3/507 1425/3/507 1494/3/507
f 1421/3/508 1497/3/508 1495/3/508
f 1427/3/509 1426/3/509 1496/3/509
f 1422/3/510 1499/3/510 1497/3/510
f 1428/3/511 1427/3/511 1498/3/511
f 1417/3/1607 1489/3/1607 1499/3/1607
f 1423/3/1608 1428/3/1608 1500/3/1608
f 1505/5/408 1504/5/408 1515/5/408
f 1505/5/409 1516/5/409 1517/5/409
f 1662/5/4 1510/5/4 1509/5/4
f 1657/5/410 1511/5/410 1510/5/410
f 1658/5/411 1512/5/411 1511/5/411
f 1659/5/3 1513/5/3 1512/5/3
f 1660/5/412 1514/5/412 1513/5/412
f 1661/5/413 1509/5/413 1514/5/413
f 1515/5/421 1507/5/421 1508/5/421
f 1517/5/415 1516/5/415 1508/5/415
f 1341/5/1609 1348/5/1609 1347/5/1609
f 1347/5/557 1345/5/557 1341/5/557
f 1345/5/558 1353/5/558 1341/5/558
f 1353/5/559 1342/5/559 1341/5/559
f 1342/5/1610 1387/5/1610 1341/5/1610
f 1387/5/1611 1392/5/1611 1341/5/1611
f 1503/5/1568 1576/5/1568 1577/5/1568
f 1502/5/423 1577/5/423 1573/5/423
f 1501/5/1612 1590/5/1612 1574/5/1612
f 1505/5/1570 1574/5/1570 1575/5/1570
f 1519/5/1613 1535/5/1613 1536/5/1613
f 1535/5/1614 1524/5/1614 1536/5/1614
f 1524/5/3 1671/5/3 1670/5/3
f 1524/5/1615 1670/5/1615 1536/5/1615
f 1629/5/3 1628/5/3 1519/5/3
f 1536/5/1616 1629/5/1616 1519/5/1616
f 1533/5/561 1522/5/561 1521/5/561
f 1522/5/675 1632/5/675 1521/5/675
f 1632/5/1571 1631/5/1571 1521/5/1571
f 1673/5/563 1525/5/563 1521/5/563
f 1525/5/564 1533/5/564 1521/5/564
f 1523/5/408 1522/5/408 1533/5/408
f 1523/5/409 1534/5/409 1535/5/409
f 1680/5/4 1528/5/4 1527/5/4
f 1675/5/410 1529/5/410 1528/5/410
f 1676/5/411 1530/5/411 1529/5/411
f 1677/5/3 1531/5/3 1530/5/3
f 1678/5/412 1532/5/412 1531/5/412
f 1679/5/413 1527/5/413 1532/5/413
f 1533/5/421 1525/5/421 1526/5/421
f 1535/5/415 1534/5/415 1526/5/415
f 1682/3/4 1683/3/4 1684/3/4
f 1681/3/422 1684/3/422 1686/3/422
f 1685/3/423 1686/3/423 1688/3/423
f 1687/3/3 1688/3/3 1690/3/3
f 1689/3/418 1690/3/418 1692/3/418
f 1691/3/424 1692/3/424 1683/3/424
f 1541/5/408 1540/5/408 1551/5/408
f 1541/5/409 1552/5/409 1553/5/409
f 38/1/3 496/1/3 43/1/3
f 496/1/3 497/1/3 43/1/3
f 41/1/3 35/1/3 36/1/3
f 38/1/3 43/1/3 42/1/3
f 42/1/3 41/1/3 36/1/3
f 1538/5/410 1547/5/410 1546/5/410
f 1554/5/1572 1548/5/1572 1547/5/1572
f 1537/5/1573 1553/5/1573 1554/5/1573
f 1553/5/1574 1542/5/1574 1554/5/1574
f 1542/5/3 1549/5/3 1548/5/3
f 1542/5/1575 1548/5/1575 1554/5/1575
f 1635/5/3 1636/5/3 1537/5/3
f 1554/5/1576 1635/5/1576 1537/5/1576
f 1544/5/412 1550/5/412 1549/5/412
f 1543/5/413 1545/5/413 1550/5/413
f 1551/5/421 1543/5/421 1544/5/421
f 1553/5/415 1552/5/415 1544/5/415
f 1539/5/1577 1633/5/1577 1634/5/1577
f 1538/5/423 1634/5/423 1635/5/423
f 1537/5/418 1636/5/418 1637/5/418
f 1541/5/424 1637/5/424 1638/5/424
f 1572/5/1578 1612/5/1578 1611/5/1578
f 1611/5/571 1555/5/571 1572/5/571
f 1555/5/572 1571/5/572 1572/5/572
f 1571/5/573 1559/5/573 1572/5/573
f 1559/5/574 1567/5/574 1572/5/574
f 1567/5/1579 1566/5/1579 1572/5/1579
f 1557/5/4 1609/5/4 1614/5/4
f 1557/5/1617 1614/5/1617 1560/5/1617
f 1561/5/1618 1569/5/1618 1560/5/1618
f 1569/5/1619 1557/5/1619 1560/5/1619
f 1564/5/4 1563/5/4 1561/5/4
f 1560/5/1620 1564/5/1620 1561/5/1620
f 1558/5/428 1557/5/428 1569/5/428
f 1558/5/429 1570/5/429 1571/5/429
f 210/2/4 245/2/4 246/2/4
f 246/2/4 208/2/4 210/2/4
f 208/2/4 237/2/4 210/2/4
f 1560/5/1621 1556/5/1621 1565/5/1621
f 1572/5/1584 1566/5/1584 1565/5/1584
f 1539/5/674 1546/5/674 1545/5/674
f 1545/5/563 1543/5/563 1539/5/563
f 1543/5/564 1551/5/564 1539/5/564
f 1551/5/561 1540/5/561 1539/5/561
f 1540/5/675 1638/5/675 1539/5/675
f 1638/5/676 1633/5/676 1539/5/676
f 1562/5/411 1568/5/411 1567/5/411
f 1561/5/410 1563/5/410 1568/5/410
f 1569/5/434 1561/5/434 1562/5/434
f 1571/5/1585 1570/5/1585 1562/5/1585
f 420/2/2 449/2/2 424/2/2
f 449/2/2 452/2/2 424/2/2
f 424/2/2 444/2/2 443/2/2
f 1577/5/428 1576/5/428 1587/5/428
f 1577/5/429 1588/5/429 1589/5/429
f 1651/5/4 1582/5/4 1581/5/4
f 1651/5/413 1652/5/413 1583/5/413
f 1652/5/412 1653/5/412 1584/5/412
f 1653/5/3 1654/5/3 1585/5/3
f 1655/5/411 1586/5/411 1585/5/411
f 1656/5/410 1581/5/410 1586/5/410
f 1589/5/573 1578/5/573 1590/5/573
f 1578/5/574 1648/5/574 1590/5/574
f 1648/5/1622 1647/5/1622 1590/5/1622
f 1518/5/1623 1573/5/1623 1590/5/1623
f 1573/5/572 1589/5/572 1590/5/572
f 1590/5/1591 1501/5/1591 1518/5/1591
f 1501/5/1592 1517/5/1592 1518/5/1592
f 1517/5/1593 1506/5/1593 1518/5/1593
f 1506/5/1594 1665/5/1594 1518/5/1594
f 1665/5/1595 1664/5/1595 1518/5/1595
f 1587/5/434 1579/5/434 1580/5/434
f 1589/5/433 1588/5/433 1580/5/433
f 1595/5/428 1594/5/428 1605/5/428
f 1595/5/429 1606/5/429 1607/5/429
f 1593/5/1609 1600/5/1609 1599/5/1609
f 1599/5/557 1597/5/557 1593/5/557
f 1597/5/558 1605/5/558 1593/5/558
f 1605/5/559 1594/5/559 1593/5/559
f 1594/5/1610 1639/5/1610 1593/5/1610
f 1639/5/1611 1644/5/1611 1593/5/1611
f 1592/5/413 1601/5/413 1600/5/413
f 1608/5/1596 1602/5/1596 1601/5/1596
f 1591/5/1624 1607/5/1624 1608/5/1624
f 1607/5/1625 1596/5/1625 1608/5/1625
f 1596/5/3 1603/5/3 1602/5/3
f 1596/5/1626 1602/5/1626 1608/5/1626
f 1642/5/3 1641/5/3 1591/5/3
f 1608/5/1627 1642/5/1627 1591/5/1627
f 1598/5/411 1604/5/411 1603/5/411
f 1597/5/410 1599/5/410 1604/5/410
f 1605/5/434 1597/5/434 1598/5/434
f 1607/5/433 1606/5/433 1598/5/433
f 1609/5/422 1557/5/422 1558/5/422
f 1610/5/423 1558/5/423 1555/5/423
f 1612/5/1597 1572/5/1597 1556/5/1597
f 1613/5/1628 1556/5/1628 1560/5/1628
f 1622/5/418 1616/5/418 1615/5/418
f 1623/5/3 1617/5/3 1616/5/3
f 1624/5/423 1618/5/423 1617/5/423
f 1625/5/422 1619/5/422 1618/5/422
f 1626/5/4 1620/5/4 1619/5/4
f 1621/5/424 1615/5/424 1620/5/424
f 1694/3/418 1695/3/418 1696/3/418
f 1697/3/3 1698/3/3 1695/3/3
f 1699/3/423 1700/3/423 1698/3/423
f 1701/3/422 1702/3/422 1700/3/422
f 1703/3/4 1704/3/4 1702/3/4
f 1693/3/424 1696/3/424 1704/3/424
f 1523/5/418 1519/5/418 1628/5/418
f 1520/5/423 1630/5/423 1629/5/423
f 1521/5/1598 1631/5/1598 1630/5/1598
f 1523/5/424 1627/5/424 1632/5/424
f 1705/3/422 1707/3/422 1708/3/422
f 1706/3/423 1708/3/423 1710/3/423
f 1709/3/3 1710/3/3 1712/3/3
f 1711/3/418 1712/3/418 1714/3/418
f 1713/3/424 1714/3/424 1716/3/424
f 1715/3/4 1716/3/4 1707/3/4
f 1639/5/422 1594/5/422 1595/5/422
f 1640/5/423 1595/5/423 1591/5/423
f 1642/5/1599 1608/5/1599 1592/5/1599
f 1643/5/1570 1592/5/1570 1593/5/1570
f 449/2/4 420/2/4 422/2/4
f 420/2/4 458/2/4 422/2/4
f 458/2/4 457/2/4 422/2/4
f 1574/5/413 1646/5/413 1645/5/413
f 1590/5/1629 1647/5/1629 1646/5/1629
f 1580/5/411 1649/5/411 1648/5/411
f 1579/5/410 1650/5/410 1649/5/410
f 1718/3/413 1719/3/413 1720/3/413
f 1718/3/1630 1647/3/1630 1721/3/1630
f 1722/3/3 1723/3/3 1721/3/3
f 1724/3/411 1725/3/411 1723/3/411
f 1726/3/410 1727/3/410 1725/3/410
f 1717/3/4 1720/3/4 1727/3/4
f 1729/3/411 1730/3/411 1731/3/411
f 1732/3/3 1733/3/3 1730/3/3
f 1734/3/412 1735/3/412 1733/3/412
f 1736/3/413 1737/3/413 1735/3/413
f 1738/3/4 1739/3/4 1737/3/4
f 1728/3/410 1731/3/410 1739/3/410
f 1518/5/1601 1664/5/1601 1663/5/1601
f 1508/5/412 1666/5/412 1665/5/412
f 1508/5/413 1507/5/413 1667/5/413
f 1502/5/410 1663/5/410 1668/5/410
f 1520/5/1602 1536/5/1602 1670/5/1602
f 1526/5/412 1672/5/412 1671/5/412
f 1525/5/413 1673/5/413 1672/5/413
f 1520/5/410 1669/5/410 1674/5/410
f 1741/3/411 1742/3/411 1743/3/411
f 1744/3/3 1745/3/3 1742/3/3
f 1746/3/412 1747/3/412 1745/3/412
f 1748/3/413 1749/3/413 1747/3/413
f 1750/3/4 1751/3/4 1749/3/4
f 1740/3/410 1743/3/410 1751/3/410
f 1619/3/442 1620/3/442 1682/3/442
f 1609/3/443 1684/3/443 1683/3/443
f 1619/3/444 1681/3/444 1685/3/444
f 1610/3/445 1686/3/445 1684/3/445
f 1617/3/446 1618/3/446 1685/3/446
f 1611/3/447 1688/3/447 1686/3/447
f 1617/3/448 1687/3/448 1689/3/448
f 1611/3/449 1612/3/449 1690/3/449
f 1616/3/450 1689/3/450 1691/3/450
f 1613/3/451 1692/3/451 1690/3/451
f 1620/3/452 1615/3/452 1691/3/452
f 1614/3/453 1683/3/453 1692/3/453
f 1628/3/454 1694/3/454 1693/3/454
f 1622/3/455 1621/3/455 1696/3/455
f 1629/3/456 1697/3/456 1694/3/456
f 1623/3/457 1622/3/457 1695/3/457
f 1629/3/458 1630/3/458 1699/3/458
f 1624/3/459 1623/3/459 1698/3/459
f 1631/3/460 1701/3/460 1699/3/460
f 1625/3/461 1624/3/461 1700/3/461
f 1631/3/462 1632/3/462 1703/3/462
f 1625/3/463 1702/3/463 1704/3/463
f 1632/3/464 1627/3/464 1693/3/464
f 1626/3/465 1704/3/465 1696/3/465
f 1633/3/1603 1705/3/1603 1706/3/1603
f 1639/3/1604 1640/3/1604 1708/3/1604
f 1634/3/468 1706/3/468 1709/3/468
f 1640/3/1631 1641/3/1631 1710/3/1631
f 1635/3/470 1709/3/470 1711/3/470
f 1641/3/471 1642/3/471 1712/3/471
f 1636/3/472 1711/3/472 1713/3/472
f 1642/3/473 1643/3/473 1714/3/473
f 1638/3/474 1637/3/474 1713/3/474
f 1644/3/475 1716/3/475 1714/3/475
f 1633/3/476 1638/3/476 1715/3/476
f 1639/3/477 1707/3/477 1716/3/477
f 1646/3/478 1718/3/478 1717/3/478
f 1652/3/479 1651/3/479 1720/3/479
f 1652/3/481 1719/3/481 1721/3/481
f 1648/3/482 1722/3/482 1647/3/482
f 1654/3/483 1653/3/483 1721/3/483
f 1649/3/484 1724/3/484 1722/3/484
f 1655/3/485 1654/3/485 1723/3/485
f 1649/3/486 1650/3/486 1726/3/486
f 1655/3/487 1725/3/487 1727/3/487
f 1650/3/488 1645/3/488 1717/3/488
f 1656/3/489 1727/3/489 1720/3/489
f 1663/3/1632 1664/3/1632 1729/3/1632
f 1657/3/491 1731/3/491 1730/3/491
f 1664/3/492 1665/3/492 1732/3/492
f 1658/3/493 1730/3/493 1733/3/493
f 1666/3/494 1734/3/494 1732/3/494
f 1660/3/495 1659/3/495 1733/3/495
f 1666/3/496 1667/3/496 1736/3/496
f 1660/3/497 1735/3/497 1737/3/497
f 1668/3/498 1738/3/498 1736/3/498
f 1662/3/499 1661/3/499 1737/3/499
f 1663/3/1605 1728/3/1605 1738/3/1605
f 1657/3/501 1662/3/501 1739/3/501
f 1669/3/1606 1670/3/1606 1741/3/1606
f 1675/3/503 1743/3/503 1742/3/503
f 1670/3/504 1671/3/504 1744/3/504
f 1676/3/505 1742/3/505 1745/3/505
f 1671/3/506 1672/3/506 1746/3/506
f 1677/3/507 1745/3/507 1747/3/507
f 1673/3/508 1748/3/508 1746/3/508
f 1679/3/509 1678/3/509 1747/3/509
f 1674/3/510 1750/3/510 1748/3/510
f 1680/3/511 1679/3/511 1749/3/511
f 1669/3/1607 1740/3/1607 1750/3/1607
f 1675/3/1608 1680/3/1608 1751/3/1608
