# Blender 5.2.2 LTS
# www.blender.org
mtllib ruins_cv_statue.mtl
o piece
v -0.375752 -0.756234 -0.385055
v -0.323067 -0.743631 -0.404849
v -0.372952 -0.769834 -0.389391
v -0.373887 -0.753767 -0.385635
v -0.315364 -0.760689 -0.401463
v -0.365210 -0.770426 -0.290067
v -0.325087 -0.744810 -0.395199
v -0.368605 -0.756775 -0.293624
v -0.336293 -0.718833 -0.386412
v -0.378732 -0.730331 -0.383868
v -0.375145 -0.722806 -0.321520
v -0.331529 -0.712951 -0.389582
v -0.278196 -0.734803 -0.404643
v -0.366689 -0.754316 -0.293314
v -0.278887 -0.755215 -0.398471
v -0.333497 -0.710979 -0.327440
v -0.306127 -0.761324 -0.286919
v -0.308770 -0.697269 -0.390450
v -0.333245 -0.701743 -0.330036
v -0.270890 -0.756342 -0.296145
v -0.372501 -0.724372 -0.291963
v -0.273613 -0.734005 -0.395223
v -0.299536 -0.697683 -0.388578
v -0.210790 -0.725380 -0.406386
v -0.313209 -0.744600 -0.281792
v -0.314042 -0.688307 -0.333362
v -0.222479 -0.724707 -0.395606
v -0.329464 -0.711241 -0.295217
v -0.305119 -0.694033 -0.332859
v -0.256895 -0.674070 -0.387810
v -0.316070 -0.745315 -0.291113
v -0.152467 -0.743215 -0.402168
v -0.324352 -0.708166 -0.292163
v -0.249599 -0.670189 -0.393050
v -0.269250 -0.738871 -0.291749
v -0.302535 -0.697329 -0.294255
v -0.195510 -0.684112 -0.402147
v -0.154141 -0.725607 -0.398121
v -0.295919 -0.697632 -0.298499
v -0.260723 -0.654460 -0.337052
v -0.267353 -0.738087 -0.302774
v -0.255518 -0.686334 -0.300922
v -0.232020 -0.648458 -0.387238
v -0.215666 -0.729287 -0.309005
v -0.203659 -0.732097 -0.299970
v -0.192653 -0.686815 -0.393452
v -0.158249 -0.723711 -0.394220
v -0.263864 -0.644393 -0.334576
v -0.145637 -0.743909 -0.311337
v -0.181836 -0.686115 -0.387774
v -0.174892 -0.681646 -0.393443
v -0.175567 -0.653547 -0.389250
v -0.147773 -0.727861 -0.315442
v -0.152575 -0.725622 -0.318825
v -0.232311 -0.646581 -0.380861
v -0.248246 -0.621533 -0.349626
v -0.259866 -0.620514 -0.348314
v -0.161149 -0.686499 -0.353822
v -0.185182 -0.628475 -0.386096
v -0.248636 -0.684506 -0.296067
v -0.181983 -0.630656 -0.391998
v -0.245624 -0.595227 -0.367240
v -0.269018 -0.604150 -0.322578
v -0.229646 -0.664964 -0.293890
v -0.154131 -0.681999 -0.353919
v -0.252372 -0.591135 -0.371145
v -0.187074 -0.697293 -0.301085
v -0.259931 -0.625974 -0.310310
v -0.186869 -0.603189 -0.383286
v -0.215643 -0.573865 -0.369606
v -0.182408 -0.652284 -0.378537
v -0.155549 -0.657137 -0.350996
v -0.256104 -0.557502 -0.362758
v -0.217406 -0.568859 -0.375492
v -0.176767 -0.690311 -0.317727
v -0.185493 -0.697367 -0.310057
v -0.249030 -0.626491 -0.311382
v -0.230238 -0.662650 -0.297815
v -0.165208 -0.613629 -0.362907
v -0.176330 -0.615072 -0.366311
v -0.158289 -0.625016 -0.346178
v -0.168526 -0.686460 -0.312953
v -0.263289 -0.597744 -0.321056
v -0.162629 -0.653962 -0.350265
v -0.254024 -0.558318 -0.357580
v -0.249138 -0.608820 -0.278290
v -0.243070 -0.611897 -0.284837
v -0.163943 -0.629109 -0.346420
v -0.170803 -0.662211 -0.311925
v -0.182586 -0.597846 -0.388415
v -0.179271 -0.634876 -0.306254
v -0.179233 -0.658604 -0.321098
v -0.221584 -0.543640 -0.369902
v -0.255074 -0.569434 -0.266403
v -0.284109 -0.528394 -0.301190
v -0.188322 -0.559434 -0.380261
v -0.175010 -0.638510 -0.301631
v -0.269212 -0.514072 -0.351703
v -0.290231 -0.524695 -0.300198
v -0.159357 -0.602179 -0.341727
v -0.208185 -0.589468 -0.279518
v -0.220721 -0.540335 -0.365708
v -0.255502 -0.567448 -0.271641
v -0.263832 -0.508895 -0.344996
v -0.162114 -0.615987 -0.326878
v -0.189336 -0.560573 -0.376266
v -0.165235 -0.598424 -0.340290
v -0.287016 -0.496732 -0.320178
v -0.172334 -0.617152 -0.323454
v -0.276560 -0.495228 -0.321945
v -0.185713 -0.521442 -0.373653
v -0.208463 -0.587810 -0.270355
v -0.190808 -0.517915 -0.367185
v -0.180386 -0.604435 -0.297572
v -0.298641 -0.481979 -0.288827
v -0.269630 -0.470571 -0.335698
v -0.174689 -0.601545 -0.291484
v -0.057077 -0.477474 -0.574839
v -0.102291 -0.442299 -0.532358
v -0.076752 -0.445962 -0.570913
v -0.167505 -0.526902 -0.321381
v -0.276033 -0.464514 -0.339891
v -0.191996 -0.468679 -0.353983
v -0.268474 -0.527151 -0.253810
v -0.105067 -0.430553 -0.546456
v -0.287157 -0.506191 -0.271241
v -0.059487 -0.454109 -0.545791
v -0.180468 -0.566209 -0.278529
v -0.053558 -0.409043 -0.555066
v -0.070369 -0.406875 -0.562624
v -0.161476 -0.520741 -0.319095
v -0.235531 -0.439217 -0.337729
v -0.138409 -0.398681 -0.493392
v -0.087802 -0.438700 -0.521335
v -0.211690 -0.550216 -0.257877
v -0.180900 -0.497458 -0.338795
v -0.282992 -0.414671 -0.323595
v -0.277269 -0.505800 -0.270728
v -0.181499 -0.565167 -0.283854
v -0.141555 -0.386921 -0.507230
v -0.265365 -0.519764 -0.257752
v -0.294613 -0.479419 -0.288081
v -0.277236 -0.418769 -0.318337
v -0.274770 -0.484941 -0.240959
v -0.269856 -0.489380 -0.248607
v -0.239220 -0.432785 -0.345581
v -0.053104 -0.415021 -0.537502
v -0.122582 -0.531418 -0.485228
v 0.028791 -0.538540 -0.322487
v -0.154143 -0.521425 -0.464015
v -0.169885 -0.497123 -0.336124
v -0.091646 -0.530055 -0.511329
v 0.061433 -0.548317 -0.335251
v -0.124290 -0.395067 -0.482109
v -0.077157 -0.342974 -0.537237
v -0.209514 -0.543906 -0.262993
v -0.277588 -0.431573 -0.236771
v -0.303320 -0.418117 -0.272723
v -0.162598 -0.362128 -0.464914
v -0.188993 -0.464108 -0.356416
v -0.164609 -0.353536 -0.480560
v -0.279014 -0.377342 -0.320501
v -0.103034 -0.193286 -0.437670
v -0.278747 -0.430011 -0.230042
v -0.175964 -0.524777 -0.262035
v -0.311343 -0.409871 -0.270447
v -0.209126 -0.410575 -0.346765
v -0.060548 -0.345547 -0.529672
v -0.182772 -0.477491 -0.244163
v -0.172915 -0.332897 -0.468158
v -0.147344 -0.361682 -0.455438
v -0.164020 -0.466115 -0.300935
v -0.182048 -0.518034 -0.263524
v -0.085119 -0.299290 -0.517599
v -0.059892 -0.351121 -0.512115
v -0.231796 -0.452042 -0.237064
v -0.170904 -0.341489 -0.452512
v -0.316584 -0.377100 -0.262056
v -0.166391 -0.502460 -0.282513
v -0.178942 -0.328437 -0.464025
v -0.282892 -0.370674 -0.312249
v -0.176783 -0.337660 -0.447230
v -0.177432 -0.503066 -0.276799
v -0.186731 -0.309082 -0.452395
v -0.155650 -0.341043 -0.443037
v -0.311874 -0.371621 -0.260679
v -0.160410 -0.337181 -0.437059
v -0.206028 -0.416331 -0.337848
v -0.218046 -0.370179 -0.326813
v -0.208115 -0.370339 -0.332615
v -0.093425 -0.278651 -0.505198
v -0.233223 -0.449250 -0.226873
v -0.184572 -0.318305 -0.435601
v -0.191669 -0.405664 -0.319978
v -0.271745 -0.399301 -0.218395
v -0.169240 -0.465467 -0.300873
v -0.195802 -0.414126 -0.317584
v -0.283210 -0.326746 -0.296131
v -0.093617 -0.270209 -0.503783
v -0.180325 -0.309653 -0.435714
v -0.181760 -0.303523 -0.446878
v -0.179017 -0.475671 -0.240795
v -0.279388 -0.390044 -0.220946
v -0.168199 -0.317827 -0.425429
v -0.067854 -0.307436 -0.492478
v -0.069865 -0.298844 -0.508124
v -0.327574 -0.337086 -0.251843
v -0.225187 -0.340519 -0.312357
v 0.094075 -0.546892 -0.348016
v -0.169441 -0.309335 -0.428953
v -0.190695 -0.421318 -0.251462
v -0.197344 -0.427561 -0.234248
v -0.103796 -0.250319 -0.483205
v -0.076159 -0.286797 -0.480076
v -0.121784 -0.198506 -0.419006
v -0.343127 -0.244546 -0.314888
v -0.201224 -0.302546 -0.340786
v -0.351775 -0.278776 -0.316753
v -0.381046 -0.284423 -0.176691
v -0.268247 -0.342369 -0.214472
v -0.389342 -0.319944 -0.180878
v -0.201737 -0.428792 -0.223750
v -0.309503 -0.300467 -0.245932
v -0.185660 -0.415739 -0.247920
v -0.298192 -0.297276 -0.297453
v -0.075085 -0.278954 -0.476817
v -0.068830 -0.188067 -0.460612
v -0.205457 -0.392125 -0.224615
v -0.078171 -0.278205 -0.495722
v -0.101406 -0.250855 -0.492153
v -0.082874 -0.259599 -0.465187
v -0.194999 -0.393361 -0.221530
v -0.338014 -0.214442 -0.315099
v -0.192300 -0.268198 -0.339345
v -0.077243 -0.269731 -0.493612
v -0.216339 -0.230620 -0.385334
v -0.215126 -0.237599 -0.408848
v -0.209476 -0.247672 -0.395580
v -0.197335 -0.245994 -0.382962
v -0.367311 -0.228530 -0.169612
v -0.222305 -0.219760 -0.398129
v -0.085032 -0.250376 -0.481982
v -0.091478 -0.256131 -0.465281
v -0.372875 -0.327017 -0.094593
v -0.214497 -0.362291 -0.217812
v -0.204514 -0.228154 -0.372243
v -0.269109 -0.320557 -0.206676
v -0.081854 -0.353315 -0.304199
v -0.092913 -0.250001 -0.476444
v -0.192109 -0.176643 -0.294925
v -0.292708 -0.168606 -0.212967
v -0.325022 -0.171455 -0.312142
v -0.178349 -0.208316 -0.336311
v -0.313552 0.023957 -0.250106
v -0.364850 -0.294451 -0.088875
v -0.152352 -0.125739 -0.415715
v -0.352291 -0.189331 -0.162351
v -0.312117 0.017826 -0.238942
v -0.235152 -0.183537 -0.374981
v -0.234357 -0.185840 -0.358429
v -0.242646 -0.164917 -0.363793
v -0.072620 -0.317973 -0.301714
v -0.219603 -0.190874 -0.352356
v -0.323636 -0.162586 -0.313131
v -0.045881 -0.362114 -0.215545
v -0.241398 -0.168344 -0.347916
v -0.135973 -0.162139 -0.436203
v -0.310502 -0.150255 -0.319039
v -0.175244 -0.198147 -0.337366
v -0.134562 -0.134133 -0.389829
v -0.128794 -0.179978 -0.446923
v -0.227097 -0.172254 -0.341168
v -0.113245 -0.187315 -0.424298
v 0.068241 -0.565110 -0.129416
v -0.153283 -0.210586 -0.232357
v -0.109788 -0.752494 0.098067
v -0.114684 -0.768490 0.098447
v -0.123079 -0.751176 0.155055
v -0.274076 -0.151790 -0.273698
v -0.257153 -0.196747 -0.160506
v -0.344475 -0.169766 -0.165033
v -0.325742 -0.143758 -0.301156
v -0.023625 -0.770729 0.100055
v -0.301233 0.018144 -0.232181
v -0.120125 -0.716879 0.131337
v -0.106033 -0.750036 0.102360
v -0.115462 -0.183514 -0.439386
v 0.101964 -0.563734 -0.133731
v -0.235588 0.077161 -0.286433
v -0.122325 -0.166462 -0.429140
v -0.120424 -0.169475 -0.413578
v -0.026774 -0.753503 0.100116
v -0.181532 -0.177694 -0.341307
v -0.352230 -0.241881 -0.078498
v -0.343703 -0.184988 -0.153164
v -0.317019 -0.328895 0.008594
v -0.123118 -0.769518 0.225881
v -0.111291 -0.717952 0.129954
v -0.182404 -0.217281 -0.163012
v -0.103643 -0.712313 0.120330
v -0.067170 -0.712362 0.103121
v -0.030339 -0.751251 0.104277
v -0.108484 -0.708923 0.111657
v 0.034518 -0.555304 -0.125101
v -0.142055 -0.115513 -0.378641
v -0.106855 -0.684016 0.108843
v -0.224705 0.077479 -0.279673
v -0.128479 -0.750574 0.221627
v -0.113561 -0.747462 0.166153
v -0.280861 0.031613 -0.239923
v -0.066693 -0.708748 0.095321
v -0.029009 -0.182905 -0.273829
v -0.123504 -0.693923 0.188280
v -0.223270 0.071348 -0.268509
v -0.020553 -0.771835 0.228152
v -0.159846 -0.107118 -0.404527
v -0.140348 -0.121686 -0.402233
v -0.122726 -0.675270 0.163025
v -0.343085 -0.218506 -0.073393
v -0.066526 -0.683867 0.091829
v -0.312515 -0.293200 0.009743
v -0.096971 -0.680039 0.116187
v -0.117726 -0.750393 0.219142
v -0.057142 -0.250233 -0.256416
v -0.278136 -0.077064 -0.293067
v -0.276923 -0.084043 -0.316582
v -0.271274 -0.094116 -0.303313
v -0.259133 -0.092438 -0.290695
v -0.016276 -0.750055 0.157753
v -0.114012 -0.658640 0.107625
v -0.284102 -0.066204 -0.305862
v -0.147389 -0.104190 -0.391721
v -0.066638 -0.651471 0.087516
v -0.027312 -0.708692 0.115006
v 0.008357 -0.172466 -0.294868
v -0.033000 -0.712297 0.122939
v -0.066768 -0.679754 0.098175
v -0.026589 -0.713618 0.134768
v -0.118722 -0.695543 0.195914
v -0.129966 -0.769867 0.261996
v -0.340193 -0.210952 -0.071051
v -0.341975 -0.175741 -0.137869
v -0.291365 0.026269 -0.233990
v -0.120344 0.039521 -0.393097
v -0.108859 -0.654781 0.110980
v -0.118458 -0.673219 0.163113
v -0.088531 -0.639414 0.099511
v -0.028367 -0.680728 0.110789
v -0.067036 -0.654694 0.094029
v -0.084744 -0.640130 0.089080
v -0.266312 -0.074598 -0.279976
v -0.101172 0.042248 -0.409253
v -0.134093 -0.751958 0.266871
v -0.112624 -0.622957 0.104160
v -0.038705 -0.677791 0.117405
v -0.118125 -0.620311 0.097616
v -0.158814 -0.178322 -0.331036
v -0.030656 -0.241193 -0.250281
v -0.032678 -0.329774 -0.218998
v -0.164502 0.029241 -0.279294
v -0.119446 -0.703832 0.240092
v -0.067207 -0.628536 0.083106
v -0.123835 -0.600755 0.121976
v -0.017466 -0.711863 0.137571
v -0.331362 -0.192570 -0.077533
v -0.123796 -0.582521 0.092532
v -0.132231 -0.597711 0.120770
v -0.214150 0.027817 -0.323449
v -0.307920 -0.235827 0.009697
v -0.122296 -0.713336 0.271699
v -0.048497 -0.640593 0.092035
v -0.068016 -0.623760 0.087940
v -0.123479 -0.770701 0.321500
v -0.099499 -0.634975 0.170073
v -0.118469 -0.581913 0.093599
v -0.123024 -0.702814 0.246970
v -0.123922 -0.618597 0.158643
v -0.137860 -0.557877 0.111501
v -0.153910 0.031703 -0.273602
v -0.080019 -0.652286 0.192878
v -0.079083 -0.663652 0.192722
v -0.022092 -0.367919 -0.146540
v -0.130121 -0.540658 0.074255
v -0.300291 -0.003431 -0.127836
v -0.130121 -0.613592 0.162909
v -0.296950 -0.029981 -0.282714
v -0.296154 -0.032284 -0.266162
v -0.304444 -0.011361 -0.271526
v -0.124641 -0.752670 0.269276
v -0.281401 -0.037318 -0.260089
v -0.119599 -0.754599 0.320464
v -0.071813 -0.552307 0.070405
v -0.072393 -0.547508 0.062648
v -0.305294 -0.211721 0.008872
v -0.274296 0.030746 -0.252214
v -0.022593 -0.657601 0.112586
v -0.131536 -0.552774 0.108166
v -0.303195 -0.014788 -0.255650
v 0.103387 -0.327941 -0.133913
v -0.127126 -0.533045 0.078111
v -0.026745 -0.747527 0.169782
v -0.015451 -0.751553 0.225581
v -0.100876 -0.632129 0.180329
v -0.021041 -0.625020 0.106050
v -0.045493 -0.640659 0.103398
v -0.197771 -0.008583 -0.343937
v -0.119255 -0.756797 0.322695
v -0.135382 -0.571094 0.155815
v -0.110008 -0.521604 0.069842
v -0.084987 -0.700043 0.247315
v -0.025477 -0.689311 0.188664
v -0.196359 0.019422 -0.297562
v -0.190591 -0.026422 -0.354656
v -0.288894 -0.018698 -0.248901
v -0.118543 -0.716420 0.277262
v -0.103811 -0.524339 0.059369
v -0.310845 -0.188715 -0.003394
v -0.015114 -0.772792 0.264570
v -0.021955 -0.586015 0.102312
v -0.135458 -0.491469 0.063783
v -0.027223 -0.670303 0.166618
v -0.335426 0.044499 -0.289922
v -0.331950 0.020051 -0.259959
v -0.344182 0.059270 -0.280262
v -0.028139 -0.654468 0.115273
v -0.278833 -0.288577 0.085066
v -0.306769 0.071932 -0.334634
v -0.025374 -0.750709 0.221522
v -0.138295 -0.490118 0.059342
v -0.314016 0.041910 -0.271202
v -0.027042 -0.629053 0.111383
v -0.024206 -0.221059 -0.257710
v -0.347920 0.033798 -0.241146
v 0.040973 -0.539068 0.079561
v -0.031187 -0.691284 0.196278
v -0.337597 0.005847 -0.223135
v -0.177260 -0.029958 -0.347120
v -0.175042 -0.033759 -0.332031
v -0.322972 0.012473 -0.229503
v -0.026080 -0.586484 0.103401
v -0.083654 -0.692843 0.255047
v -0.354785 0.080875 -0.269189
v -0.135307 -0.517994 0.151012
v -0.315331 0.028997 -0.258814
v -0.076747 -0.493847 0.048175
v -0.184122 -0.012906 -0.336874
v -0.303011 0.108182 -0.327637
v -0.182222 -0.015920 -0.321312
v -0.221643 0.046437 -0.312260
v -0.083453 0.044976 -0.429156
v -0.036376 -0.271736 -0.199869
v -0.085022 -0.610044 0.182890
v -0.012126 -0.366563 -0.091838
v -0.140660 -0.524188 0.155758
v -0.298175 -0.010735 -0.074857
v -0.084335 -0.706083 0.277234
v -0.033113 -0.667484 0.165965
v -0.119548 -0.723542 0.321909
v -0.346782 0.022434 -0.194844
v -0.303313 -0.202962 0.007719
v -0.365228 0.056928 -0.220719
v -0.307541 -0.004589 -0.136368
v -0.140875 -0.454441 0.100706
v -0.276226 -0.323452 0.096390
v -0.322268 0.027703 -0.250032
v 0.061552 -0.202684 -0.215330
v 0.073751 -0.548895 0.083954
v -0.320109 0.018481 -0.233237
v -0.148423 -0.436730 0.066879
v -0.129894 -0.569783 0.156022
v -0.085107 -0.604719 0.175190
v -0.311463 0.004604 -0.206964
v -0.030275 -0.596424 0.130192
v -0.320248 0.036183 -0.235256
v -0.012007 -0.331766 -0.141546
v -0.329741 0.046274 -0.238873
v -0.261864 0.077794 -0.303589
v -0.323012 -0.001664 -0.197923
v -0.086152 -0.716534 0.279304
v -0.030006 -0.709197 0.241643
v -0.050275 -0.525887 0.065317
v -0.060251 -0.634761 0.170724
v -0.027592 -0.759129 0.324520
v -0.150418 -0.449818 0.100445
v -0.061960 -0.631204 0.181568
v -0.256399 0.104563 -0.336296
v -0.303735 0.018959 -0.223066
v -0.360416 0.112681 -0.254603
v -0.089835 -0.722560 0.322571
v -0.321076 0.066579 -0.253527
v -0.327583 0.037051 -0.222079
v -0.027044 -0.756953 0.322289
v -0.324574 0.027594 -0.207993
v -0.010700 -0.754840 0.269548
v -0.137639 -0.438466 0.063970
v -0.076941 -0.491943 0.053070
v -0.020084 -0.549774 0.089724
v -0.203853 0.038043 -0.286374
v -0.038129 -0.612082 0.162223
v -0.093420 -0.529233 0.173597
v -0.138750 -0.485543 0.146654
v -0.359527 0.047650 -0.176861
v -0.121569 -0.432687 0.052766
v -0.023692 -0.592023 0.131067
v -0.380411 0.091190 -0.206597
v -0.323498 0.013687 -0.173783
v -0.119250 -0.437311 0.059257
v -0.236943 0.085931 -0.289790
v -0.027240 -0.707753 0.250395
v -0.030222 -0.262295 -0.200788
v -0.307437 -0.004257 -0.118767
v -0.144353 -0.402974 0.051755
v -0.325490 0.058212 -0.219102
v -0.310957 0.018888 -0.182979
v -0.027415 -0.727058 0.280008
v -0.025209 -0.721487 0.274535
v -0.023904 -0.773234 0.323462
v -0.311209 0.037529 -0.211907
v -0.273998 0.118739 -0.339627
v -0.325478 0.043780 -0.221343
v -0.094032 -0.524221 0.178535
v -0.033905 -0.607274 0.167996
v -0.271837 0.114827 -0.350480
v -0.287227 0.146218 -0.344714
v -0.261485 0.124500 -0.358958
v -0.048128 -0.524055 0.076244
v -0.278173 0.144058 -0.332740
v -0.344984 0.143236 -0.254830
v -0.020073 -0.249123 -0.195921
v -0.354107 0.066462 -0.207372
v -0.355634 0.061479 -0.200103
v -0.359677 0.073143 -0.204071
v -0.017749 -0.228393 -0.245035
v -0.245979 0.100681 -0.337358
v -0.202146 0.031870 -0.309967
v -0.237286 0.110716 -0.344403
v -0.022964 -0.494131 0.076189
v -0.281270 -0.230608 0.080008
v -0.020240 -0.755322 0.272255
v -0.036360 -0.571905 0.161336
v -0.360500 0.067829 -0.195778
v -0.145599 -0.479019 0.149719
v -0.351081 0.059331 -0.193479
v -0.310347 0.044222 -0.211943
v -0.325404 0.097005 -0.241112
v -0.119710 -0.502271 0.169011
v -0.342727 0.061092 -0.190815
v -0.143811 0.024926 -0.274293
v -0.361321 0.075611 -0.191612
v -0.275956 0.154797 -0.352021
v -0.332179 0.091264 -0.215209
v -0.024988 -0.565599 0.127441
v -0.025622 -0.544636 0.093303
v -0.355009 0.065238 -0.187787
v -0.248621 0.106113 -0.273605
v -0.327473 0.052303 -0.236863
v -0.325019 0.050847 -0.184916
v -0.027696 -0.732608 0.323760
v -0.353752 0.117603 -0.197627
v -0.325249 0.040633 -0.155923
v -0.359794 0.080593 -0.198881
v -0.119862 -0.503738 0.159322
v -0.034744 -0.025617 -0.208437
v -0.334906 0.079564 -0.216319
v -0.053102 -0.439175 0.067937
v -0.152054 -0.392251 0.125833
v -0.001088 -0.182905 -0.120778
v -0.034050 -0.441778 0.079221
v -0.338962 0.087280 -0.213723
v -0.365138 0.099880 -0.208120
v -0.339247 0.094531 -0.211018
v -0.245463 0.114384 -0.320542
v -0.209187 0.049366 -0.299454
v -0.345950 0.066666 -0.184098
v -0.359702 0.079373 -0.160930
v -0.028492 -0.561904 0.125344
v -0.217596 0.163424 -0.395363
v -0.041493 -0.572319 0.159039
v -0.049172 -0.432490 0.062356
v -0.282679 -0.205657 0.077435
v -0.291574 0.160947 -0.297225
v -0.026263 -0.497353 0.080028
v -0.361108 0.125433 -0.204092
v -0.348415 0.075224 -0.182323
v -0.356768 0.073463 -0.184988
v -0.351757 0.109080 -0.182107
v -0.146176 -0.423009 0.139529
v -0.340594 0.093696 -0.207827
v -0.280127 0.162552 -0.318704
v -0.141604 -0.399566 0.061469
v -0.323527 0.074195 -0.199761
v -0.310627 0.044753 -0.165640
v -0.236178 0.116395 -0.311922
v -0.244416 0.104502 -0.278631
v -0.002106 -0.329963 -0.087811
v -0.254416 0.195138 -0.392762
v -0.325236 0.080803 -0.193750
v -0.286617 -0.194981 0.081593
v -0.302593 -0.187527 0.015074
v -0.259587 0.127903 -0.274544
v -0.252462 0.101549 -0.220805
v 0.007207 -0.263994 -0.098430
v -0.031656 -0.395307 0.068448
v -0.344166 0.084743 -0.165399
v -0.208946 0.171120 -0.406428
v -0.225884 0.095757 -0.251665
v -0.024454 -0.436883 0.081501
v -0.249719 0.206389 -0.403313
v 0.106452 -0.547770 0.088358
v -0.272955 0.155213 -0.317702
v -0.335908 0.126329 -0.203518
v -0.266258 0.168640 -0.327085
v -0.005839 -0.352259 -0.000315
v -0.040213 -0.524714 0.161632
v -0.098134 -0.479000 0.175274
v -0.263354 0.222749 -0.362892
v -0.325191 0.083293 -0.171559
v -0.037814 -0.391942 0.077371
v -0.229423 0.125619 -0.320057
v -0.329214 0.088327 -0.191270
v -0.143621 -0.363283 0.062152
v -0.148314 -0.382409 0.131810
v -0.045658 -0.519748 0.154461
v -0.257426 0.135658 -0.313074
v -0.238827 0.210390 -0.397739
v -0.184862 0.161290 -0.369377
v -0.342579 0.111559 -0.162250
v -0.324816 0.083755 -0.182584
v 0.008148 -0.254164 -0.099022
v -0.336626 0.109522 -0.172707
v -0.270048 -0.009179 -0.015510
v -0.206421 0.181077 -0.400423
v -0.359363 0.119878 -0.194647
v -0.256710 0.143122 -0.303978
v -0.274900 0.171413 -0.234369
v -0.357204 0.110655 -0.177852
v -0.220569 0.086409 -0.279619
v -0.032572 -0.026259 -0.193739
v -0.325541 0.074438 -0.144361
v -0.293443 0.136249 -0.243131
v -0.278992 0.083289 -0.132401
v -0.313546 0.173209 -0.248786
v -0.312369 0.150049 -0.227782
v -0.366548 0.137730 -0.183920
v -0.247520 0.151539 -0.313783
v -0.039521 -0.457044 0.111165
v -0.323408 0.117068 -0.179144
v -0.250413 0.235250 -0.373925
v -0.287991 -0.176115 0.078048
v -0.231495 0.098032 -0.248685
v -0.139769 -0.425850 0.139185
v -0.159432 -0.339243 0.088223
v -0.047328 -0.357317 0.076625
v -0.218410 0.077186 -0.262824
v -0.228043 0.104980 -0.268460
v -0.185567 -0.274500 0.195801
v -0.173809 0.169957 -0.375975
v -0.179144 0.175687 -0.348624
v -0.340831 0.111133 -0.167681
v -0.276684 0.067208 -0.217125
v -0.295124 0.051899 -0.157373
v -0.288956 0.072311 -0.202682
v -0.260628 0.237610 -0.369329
v -0.258852 0.169170 -0.281944
v -0.069191 -0.500006 0.170955
v -0.364389 0.128508 -0.167125
v -0.306985 0.073086 -0.154386
v -0.098239 -0.477174 0.170646
v -0.310676 0.078713 -0.154428
v -0.233490 0.106555 -0.264206
v -0.198376 0.287965 -0.462370
v -0.274234 0.110627 -0.213232
v -0.301014 0.062186 -0.163503
v -0.302476 0.076477 -0.173654
v -0.301407 0.072509 -0.164118
v -0.066682 -0.500819 0.160694
v -0.359488 0.131852 -0.169409
v -0.359313 0.139166 -0.181463
v -0.103280 -0.414257 0.164759
v -0.240365 0.078760 -0.256015
v -0.248764 0.118279 -0.246793
v -0.236541 0.089912 -0.267107
v -0.280318 -0.009624 -0.030350
v -0.149526 -0.312124 0.113826
v -0.192280 0.105026 -0.282237
v 0.015071 -0.182905 0.033350
v -0.274038 0.178106 -0.234405
v -0.048483 -0.479949 0.150092
v -0.030880 -0.451296 0.113908
v 0.099835 -0.290713 -0.047536
v -0.104485 -0.404720 0.170888
v -0.027182 0.069215 -0.265461
v -0.179742 0.180513 -0.376393
v -0.301867 0.108035 -0.162552
v -0.229176 0.217334 -0.331573
v -0.348015 0.128986 -0.156954
v -0.346848 0.133284 -0.163326
v -0.294081 0.098254 -0.149055
v -0.305098 0.102119 -0.144446
v -0.190037 0.194042 -0.334151
v -0.146967 0.266828 -0.481683
v -0.043615 -0.473405 0.155337
v -0.186604 -0.310420 0.198432
v -0.281223 0.195958 -0.223678
v -0.171590 -0.205785 0.023123
v -0.208379 0.303866 -0.426371
v -0.057168 -0.425928 0.144557
v -0.198236 -0.217733 0.185207
v -0.177267 0.099637 -0.276906
v -0.008726 -0.031804 -0.144403
v 0.017627 -0.238423 -0.103960
v -0.262040 0.177734 -0.239437
v -0.107372 -0.371963 0.169445
v -0.282685 0.211893 -0.238962
v -0.300149 0.107583 -0.152227
v -0.282390 0.191660 -0.217306
v -0.221758 0.230814 -0.334277
v -0.259769 0.171855 -0.224969
v -0.218431 0.227567 -0.347747
v 0.050493 0.044452 -0.287743
v -0.111685 0.287800 -0.353094
v -0.294624 0.189513 -0.233649
v -0.091792 0.287596 -0.372316
v -0.098139 -0.211495 -0.001311
v -0.258208 0.131905 -0.252057
v -0.262264 0.139620 -0.249462
v -0.239008 0.145007 -0.261003
v 0.000205 -0.315194 -0.012155
v -0.257774 0.163332 -0.209449
v -0.169779 0.184973 -0.354124
v -0.043303 -0.508151 0.272455
v -0.256199 -0.005887 0.034623
v -0.051600 -0.421968 0.149267
v 0.001816 -0.253948 -0.053287
v -0.242307 0.134469 -0.257519
v -0.212050 0.131547 -0.270836
v -0.240677 0.129345 -0.251876
v -0.110893 -0.333243 0.175485
v -0.158937 0.134464 -0.242573
v -0.211336 -0.178810 0.156263
v -0.238227 0.141253 -0.258123
v -0.216983 0.136417 -0.274291
v -0.305335 0.052044 -0.115839
v -0.296140 0.045507 -0.126452
v -0.241550 0.153757 -0.259114
v -0.287418 0.114599 -0.167479
v -0.278033 0.120217 -0.198607
v -0.264222 0.159953 -0.219102
v -0.263896 0.146037 -0.243565
v -0.244696 0.159139 -0.252512
v -0.255506 0.169361 -0.207439
v -0.227629 0.139638 -0.244446
v -0.246829 0.126535 -0.235499
v -0.297459 0.047764 -0.070491
v -0.234966 0.131005 -0.246838
v -0.178626 0.192195 -0.362344
v -0.291995 0.119877 -0.175720
v -0.286225 0.123539 -0.195952
v -0.273842 0.144108 -0.198886
v -0.272512 -0.008848 -0.008271
v -0.219509 0.142693 -0.270520
v -0.251989 0.158528 -0.243063
v -0.184803 0.141446 -0.264337
v -0.283181 0.139282 -0.195015
v -0.266235 0.077195 -0.044539
v -0.241446 0.172333 -0.227505
v -0.048129 -0.386363 0.137207
v -0.232516 0.142914 -0.253085
v -0.230654 0.146768 -0.258339
v -0.209642 0.132953 -0.263610
v -0.229479 -0.160687 0.135705
v -0.252516 0.140667 -0.227008
v -0.237515 0.167668 -0.245715
v -0.229877 0.136981 -0.251530
v -0.244648 0.155064 -0.232381
v -0.292779 0.137805 -0.173563
v -0.248538 0.133143 -0.229488
v -0.164164 0.325991 -0.460152
v -0.230886 0.137789 -0.247442
v -0.217101 0.144100 -0.263294
v -0.299222 0.094454 -0.123657
v -0.245383 0.159036 -0.247438
v -0.262690 0.187214 -0.196712
v -0.103633 0.272131 -0.452952
v -0.232491 0.155185 -0.255424
v -0.201342 0.162424 -0.276607
v -0.207948 0.161916 -0.272232
v -0.107570 -0.367354 0.163711
v -0.182606 0.206093 -0.352322
v -0.212168 0.139229 -0.259839
v -0.251622 0.156542 -0.235534
v -0.079188 -0.498533 0.259871
v -0.284977 0.039622 -0.060838
v -0.238042 0.155572 -0.236757
v -0.236342 0.160900 -0.249847
v -0.109306 -0.298257 0.155862
v -0.238410 0.157558 -0.244285
v -0.226102 0.144620 -0.251715
v -0.227465 0.143454 -0.259634
v -0.204931 0.145785 -0.260146
v -0.227494 0.158427 -0.249893
v -0.226573 0.156822 -0.258287
v -0.212556 0.148494 -0.264818
v -0.287219 0.141829 -0.166087
v -0.233316 0.153770 -0.235954
v -0.227823 0.147280 -0.239140
v -0.207581 0.159930 -0.264703
v -0.194001 0.158961 -0.265926
v -0.227000 0.152594 -0.247434
v -0.025407 -0.026966 -0.190748
v -0.265663 0.172218 -0.218937
v -0.296243 0.188227 -0.225495
v -0.257496 0.206281 -0.237641
v -0.179036 0.204105 -0.339155
v -0.170711 0.320437 -0.426817
v -0.101130 0.276697 -0.430622
v -0.200607 0.158452 -0.261550
v -0.055294 -0.378025 0.139049
v -0.194368 0.160947 -0.273454
v 0.040090 -0.172466 -0.126138
v -0.291118 0.155223 -0.149427
v -0.211070 0.161534 -0.263358
v -0.007735 -0.506726 0.290046
v -0.269925 0.185778 -0.199169
v -0.236348 0.184535 -0.245379
v -0.233822 0.178259 -0.249150
v -0.291624 0.090330 -0.060141
v -0.231789 0.158752 -0.243223
v -0.170877 -0.182516 0.097779
v -0.233941 0.185942 -0.238152
v 0.009162 -0.227751 -0.062293
v 0.002573 -0.244143 -0.055568
v -0.257664 0.178584 -0.224234
v -0.133321 0.327430 -0.473613
v -0.308925 0.170779 -0.174673
v -0.274941 0.161193 -0.177681
v -0.226481 0.174795 -0.238468
v -0.228889 0.173389 -0.245695
v -0.215105 0.179699 -0.261547
v -0.203068 0.165445 -0.257561
v -0.287375 0.213883 -0.207989
v -0.213474 0.174575 -0.255904
v -0.015650 -0.321056 0.098285
v -0.229007 0.181072 -0.234697
v -0.296234 0.152837 -0.123084
v -0.278970 0.165740 -0.133730
v -0.150080 0.302671 -0.402796
v -0.211024 0.186484 -0.262151
v -0.269750 0.193092 -0.211223
v -0.207764 0.176235 -0.250865
v -0.296171 0.137143 -0.107802
v -0.297164 0.108111 -0.108415
v -0.088225 0.303206 -0.460114
v -0.293892 0.106209 -0.075335
v -0.063477 -0.332913 0.132400
v -0.211795 -0.171550 0.152116
v -0.205314 0.188144 -0.257112
v -0.133630 0.287880 -0.337780
v -0.264849 0.196436 -0.213507
v -0.203683 0.183020 -0.251469
v -0.179816 0.181645 -0.259385
v -0.249709 0.177317 -0.238340
v -0.293803 0.185100 -0.142961
v -0.250928 0.190791 -0.246450
v -0.292298 0.170688 -0.138078
v -0.303309 0.131935 -0.101036
v -0.303863 0.112561 -0.102513
v -0.301687 0.111350 -0.080959
v -0.304065 0.189855 -0.152081
v -0.002928 0.069215 -0.132879
v -0.256442 0.204683 -0.200414
v -0.289730 0.183982 -0.145300
v -0.244135 0.199466 -0.238800
v -0.154196 0.197149 -0.258598
v -0.029194 -0.228000 0.061052
v -0.032958 -0.188869 0.038379
v -0.158821 0.191897 -0.246164
v -0.040622 0.090971 -0.196259
v -0.104740 0.294387 -0.412834
v -0.057093 -0.303752 0.146448
v -0.149115 0.208620 -0.267844
v -0.301883 0.131366 -0.079624
v -0.048977 -0.198506 0.197502
v -0.136235 0.150160 -0.247317
v -0.127687 0.104124 -0.261305
v -0.272850 0.184548 -0.152485
v -0.113446 0.114910 -0.263013
v -0.015959 -0.286434 0.092934
v -0.294408 0.136304 -0.075052
v -0.286750 0.195198 -0.138371
v -0.185411 0.409137 -0.400703
v -0.132584 0.323157 -0.411760
v 0.007562 -0.224854 -0.044315
v -0.027424 -0.217946 0.059469
v -0.005304 0.257306 -0.326924
v -0.083500 0.331584 -0.454130
v -0.015693 -0.032924 -0.074841
v -0.055113 -0.292937 0.183840
v -0.279485 0.050203 -0.011599
v -0.272434 0.041068 -0.020627
v -0.294231 0.151098 -0.058362
v -0.137197 0.427057 -0.430395
v -0.287988 0.228544 -0.143972
v -0.062993 0.118190 -0.223944
v -0.073320 0.302667 -0.443905
v -0.235803 0.257561 -0.247433
v -0.145666 0.215864 -0.257975
v -0.283565 0.090944 -0.028469
v 0.044159 -0.172466 -0.062750
v -0.027033 -0.025939 -0.056722
v -0.294850 0.167757 -0.046163
v -0.087488 0.311782 -0.424263
v -0.277560 0.163378 -0.048983
v -0.262763 0.055053 0.024011
v -0.301993 0.182847 -0.044925
v -0.075658 0.159563 -0.207136
v 0.095278 -0.202684 0.039585
v -0.037680 0.088726 -0.184152
v -0.187073 0.384350 -0.352828
v -0.116505 -0.163469 0.135536
v -0.137788 0.190799 -0.250427
v -0.080840 0.168444 -0.234080
v -0.296628 0.193836 -0.052840
v -0.229873 0.008494 0.073615
v -0.117514 0.165474 -0.241196
v -0.020639 -0.197432 0.041982
v -0.030543 0.089633 -0.182389
v -0.281645 0.241010 -0.149255
v -0.218899 0.011012 0.076294
v -0.069254 0.125485 -0.240483
v -0.067922 -0.227428 0.180507
v -0.026022 -0.193286 0.210727
v -0.287144 0.263560 -0.161407
v -0.232254 0.088463 0.029298
v -0.245721 0.049975 0.032511
v -0.259393 0.097342 0.025668
v -0.081484 0.328808 -0.423750
v 0.021673 0.074671 -0.224425
v -0.292416 0.304677 -0.175165
v -0.282010 0.137046 -0.019623
v -0.278946 0.107281 -0.015776
v -0.292336 0.259180 -0.100751
v -0.057306 -0.258208 0.178925
v -0.140291 0.251570 -0.262663
v -0.116407 0.186723 -0.241676
v -0.198779 -0.157620 0.157434
v -0.288499 0.151523 -0.033044
v -0.267229 0.110087 0.010785
v -0.082659 -0.183196 0.175770
v -0.108532 0.171893 -0.247132
v -0.235663 0.329549 -0.253169
v -0.081132 -0.174543 0.175322
v -0.095119 0.173239 -0.244328
v -0.003075 -0.188067 0.228733
v -0.022204 -0.026501 -0.051168
v -0.286182 0.132229 -0.011579
v -0.284145 0.112444 -0.009039
v -0.109724 0.185791 -0.246562
v -0.095624 0.176895 -0.250036
v -0.276424 0.114230 0.008832
v -0.020509 -0.027088 -0.061196
v -0.096461 0.190945 -0.236119
v -0.077598 0.202939 -0.220174
v 0.038245 0.044558 -0.137182
v -0.095979 0.188696 -0.245137
v -0.053128 -0.158115 0.119809
v -0.072976 0.208996 -0.193308
v -0.278446 0.133511 0.005213
v -0.136821 0.386369 -0.343871
v -0.009700 0.081710 -0.113021
v -0.059615 0.213587 -0.199014
v -0.287376 0.322658 -0.181060
v -0.271111 0.139002 0.004665
v -0.095420 0.431993 -0.408967
v -0.087712 0.409109 -0.369608
v -0.296038 0.338025 -0.182420
v -0.214512 0.011434 0.088724
v -0.269226 0.155687 0.012656
v -0.028076 -0.197980 0.065562
v -0.194677 0.464270 -0.362345
v -0.287789 0.190793 0.009912
v -0.051376 0.224611 -0.196188
v -0.269061 0.173872 0.020386
v -0.253745 0.169482 0.014037
v -0.048712 0.289223 -0.236398
v -0.282129 0.199746 0.004558
v -0.294192 0.252025 -0.063973
v -0.146757 0.342751 -0.276329
v -0.256334 0.409200 -0.244051
v -0.107073 0.407315 -0.330292
v -0.296507 0.326103 -0.099313
v -0.085538 0.407437 -0.344639
v -0.147543 0.485455 -0.396230
v 0.005186 0.069215 0.003958
v 0.048657 -0.129724 -0.017032
v -0.058540 0.231447 -0.190150
v -0.287114 0.251264 -0.053101
v -0.090939 -0.153444 0.176116
v -0.036774 0.034216 0.032252
v -0.195854 0.438960 -0.324085
v -0.292770 0.252304 -0.040879
v -0.051725 0.170038 -0.197965
v -0.041754 0.117053 -0.192726
v -0.300874 0.398992 -0.183024
v -0.070231 -0.163659 0.163945
v -0.029016 0.124933 -0.185752
v -0.223800 0.070544 0.073571
v -0.221805 0.061340 0.068064
v -0.289031 0.260525 -0.018243
v -0.237931 0.103277 0.046036
v -0.211085 0.469416 -0.359815
v 0.012432 0.288614 -0.254312
v -0.146331 0.409535 -0.286011
v -0.125318 0.043036 0.122792
v -0.065885 0.407231 -0.361955
v -0.212742 0.435022 -0.310737
v -0.141045 0.438972 -0.316262
v -0.315708 0.425889 -0.198385
v -0.029403 0.025187 0.022528
v -0.252010 0.159611 0.038074
v -0.251620 0.446430 -0.264731
v -0.148806 0.500353 -0.405279
v -0.045910 0.152325 -0.107617
v -0.017560 0.121873 -0.140908
v -0.299477 0.336627 -0.062410
v -0.026294 0.093218 -0.059950
v -0.211849 0.513016 -0.321361
v -0.036407 0.031018 0.038619
v -0.024928 0.112863 -0.128712
v -0.306663 0.493668 -0.219570
v -0.169670 0.443117 -0.293918
v -0.235560 0.147410 0.051257
v -0.138269 0.434572 -0.302781
v -0.226035 0.120947 0.056926
v -0.054205 0.204946 -0.185459
v -0.142239 0.116939 0.086926
v -0.284427 0.234013 0.008635
v -0.031094 0.165206 -0.126261
v -0.047202 0.178039 -0.176013
v -0.173745 0.086897 0.099669
v -0.309502 0.416516 -0.080525
v -0.023476 0.094132 -0.066598
v -0.048897 0.260883 -0.180297
v -0.155421 0.544261 -0.369385
v -0.039246 0.175250 -0.146517
v -0.246168 0.468433 -0.254091
v -0.176717 0.123128 0.090003
v -0.199633 0.129960 0.077701
v -0.214761 0.480338 -0.280990
v -0.098277 0.481985 -0.376934
v -0.287191 0.325678 -0.028330
v -0.292725 0.395609 -0.064566
v -0.045494 0.351256 -0.188624
v -0.233279 0.143787 0.061639
v -0.278030 0.245802 0.009057
v -0.226599 0.126414 0.065937
v -0.049724 0.196777 -0.170831
v -0.115487 0.047664 0.115846
v -0.039332 0.183096 -0.172092
v -0.169492 0.464217 -0.281188
v -0.207554 0.206536 0.081971
v -0.035000 0.181244 -0.154419
v 0.010338 0.222164 -0.129455
v -0.206779 0.198542 0.092976
v -0.199648 0.185480 0.087399
v -0.021159 0.095393 -0.049828
v -0.282205 0.270764 0.015133
v -0.041316 0.195373 -0.167858
v -0.282993 0.507415 -0.225487
v -0.192271 0.180536 0.075382
v -0.217873 0.147243 0.074830
v -0.214291 0.152210 0.071317
v -0.209914 0.168109 0.079028
v -0.302220 0.501511 -0.129280
v -0.141964 0.480872 -0.282182
v -0.041416 0.196452 -0.143651
v -0.051566 0.207654 -0.100697
v -0.037915 0.204280 -0.120808
v -0.148220 0.083493 0.100907
v -0.090530 0.458463 -0.339382
v -0.036926 0.039521 0.147142
v -0.035737 0.195261 -0.151985
v 0.048132 0.074671 0.013693
v -0.209861 0.132270 0.079650
v -0.081849 0.494369 -0.382002
v -0.026821 0.425600 -0.305823
v -0.034317 0.212912 -0.100739
v -0.229104 0.532160 -0.254025
v -0.101450 0.044282 0.115979
v -0.014787 0.122873 -0.071712
v -0.024201 0.113394 -0.075742
v -0.044798 0.288465 -0.125661
v -0.029889 0.225077 -0.097900
v -0.089679 0.535487 -0.352031
v -0.214175 0.262020 0.078695
v -0.026184 0.165767 -0.099142
v -0.170745 0.522468 -0.255602
v -0.071038 0.460734 -0.332050
v -0.268350 0.306951 0.033143
v -0.166895 0.599186 -0.338867
v -0.062203 0.534696 -0.323470
v -0.218125 0.571469 -0.284927
v -0.253493 0.611244 -0.222079
v -0.239994 0.547031 -0.248184
v -0.287722 0.543554 -0.185439
v -0.038451 0.232421 -0.096678
v -0.041055 0.536113 -0.336529
v -0.027531 0.163857 -0.017417
v -0.013062 0.129119 -0.041182
v -0.298935 0.422132 -0.062952
v -0.057600 0.440130 -0.231298
v 0.067881 0.041622 0.067789
v -0.020617 0.122047 -0.031216
v -0.060814 0.534717 -0.262255
v -0.302216 0.415910 -0.041674
v -0.032914 0.204900 -0.092713
v -0.257091 0.321752 0.037220
v -0.241295 0.604591 -0.233831
v -0.062347 0.145958 0.064355
v -0.024742 0.176637 -0.080884
v -0.303759 0.471425 -0.061634
v -0.082652 0.506489 -0.312294
v -0.013729 0.173661 -0.030784
v -0.309166 0.555051 -0.173943
v -0.014252 0.042248 0.158625
v -0.229891 0.583561 -0.295750
v -0.174406 0.177679 0.093550
v -0.237320 0.598246 -0.263543
v -0.262217 0.336374 0.041363
v -0.260617 0.395523 0.049003
v -0.023476 0.537322 -0.353090
v -0.171894 0.608979 -0.347380
v -0.028360 0.197826 -0.077522
v -0.017345 0.182872 -0.076784
v -0.246179 0.614984 -0.271071
v -0.136215 0.133340 0.102582
v -0.326703 0.506240 -0.057102
v -0.032626 0.263504 -0.095169
v -0.013261 0.185498 -0.057795
v -0.271028 0.605473 -0.200720
v -0.103404 0.586156 -0.316563
v -0.010970 0.287286 -0.008741
v -0.098747 0.105605 0.113089
v -0.101733 0.094778 0.107935
v -0.178930 0.647579 -0.333229
v -0.019760 0.196887 -0.074620
v -0.025806 0.208016 -0.027513
v -0.042242 0.212442 -0.010022
v -0.025958 0.199230 -0.049993
v -0.018041 0.180700 -0.048499
v -0.272620 0.624518 -0.236914
v -0.279903 0.593075 -0.216226
v -0.291218 0.601526 -0.215666
v -0.285627 0.584762 -0.180375
v -0.151316 0.170217 0.096361
v -0.073451 0.542734 -0.266565
v -0.018725 0.197659 -0.057647
v -0.000814 0.429247 -0.248956
v -0.094648 0.205929 0.074458
v 0.015961 0.325326 -0.166711
v -0.097911 0.200393 0.063351
v -0.008246 0.131745 -0.003558
v -0.015493 0.123711 -0.017950
v -0.296850 0.593645 -0.180328
v -0.088072 0.549681 -0.284464
v -0.261296 0.616525 -0.236558
v -0.020426 0.464176 -0.205897
v -0.131348 0.150825 0.098458
v -0.283659 0.613445 -0.203265
v -0.027953 0.113819 0.049628
v -0.103329 0.599613 -0.331961
v -0.272252 0.628495 -0.218012
v -0.111789 0.223524 0.077211
v -0.030537 0.217456 -0.005104
v -0.102351 0.217093 0.085368
v -0.143124 0.169322 0.104427
v -0.266729 0.602207 -0.171763
v -0.289859 0.569164 -0.149240
v -0.104042 0.159149 0.095811
v -0.298599 0.533670 -0.059958
v -0.027028 0.354730 -0.104613
v -0.065241 0.118388 0.101368
v -0.244519 0.631940 -0.234833
v -0.129327 0.157189 0.104783
v -0.286738 0.608480 -0.182502
v -0.105867 0.191796 0.085092
v -0.037713 0.235046 -0.008256
v -0.077057 0.154177 0.091338
v -0.056920 0.112196 0.089036
v -0.118932 0.177230 0.092800
v -0.019063 0.123958 0.043002
v -0.111682 0.162012 0.103319
v -0.017414 0.174075 0.008888
v -0.252064 0.652171 -0.228679
v -0.278794 0.634635 -0.211352
v -0.287563 0.622738 -0.199629
v -0.290008 0.618843 -0.183283
v -0.285439 0.607234 -0.149176
v -0.185073 0.328968 0.092234
v -0.122294 0.173999 0.102375
v -0.101188 0.621669 -0.323440
v -0.170159 0.666679 -0.302408
v -0.116699 0.257250 0.083385
v -0.245261 0.641420 -0.232411
v -0.264928 0.485508 0.043281
v 0.008707 0.044976 0.174225
v -0.036831 0.263501 -0.014946
v -0.239653 0.642538 -0.201794
v -0.276020 0.636763 -0.185952
v -0.284423 0.625472 -0.168268
v -0.273948 0.598369 -0.149113
v -0.259127 0.645328 -0.210494
v 0.021643 0.292193 -0.131989
v -0.044896 0.160607 0.062523
v -0.241324 0.644061 -0.227098
v -0.029176 0.228441 -0.002464
v -0.272397 0.591949 -0.137111
v -0.267212 0.421205 0.069818
v -0.279642 0.616856 -0.163505
v -0.268159 0.647927 -0.205051
v -0.297452 0.554959 -0.061997
v -0.071327 0.199427 0.058999
v -0.034128 0.207995 0.011975
v -0.039278 0.173963 0.038348
v -0.027573 0.180154 0.026283
v -0.101522 0.605396 -0.311378
v -0.052392 0.194131 0.038732
v 0.005401 0.519040 -0.244576
v -0.033898 0.180305 0.039103
v -0.056541 0.446099 -0.118594
v -0.044192 0.193361 0.040217
v -0.273860 0.638710 -0.163621
v -0.038767 0.197371 0.028724
v -0.261810 0.654577 -0.189231
v -0.026992 0.184279 0.031676
v -0.266238 0.633620 -0.157695
v -0.253381 0.632126 -0.160328
v -0.034798 0.195811 0.034642
v 0.046339 0.287680 -0.001819
v -0.263750 0.634345 -0.139436
v -0.055596 0.636485 -0.310248
v -0.239306 0.667114 -0.192385
v -0.167961 0.688542 -0.295460
v 0.015020 0.434477 -0.218426
v -0.264452 0.650760 -0.172256
v -0.041692 0.287131 0.118284
v -0.250998 0.653761 -0.190076
v -0.277153 0.522114 0.056626
v -0.037766 0.646733 -0.326087
v -0.254330 0.592438 -0.130576
v -0.091406 0.623959 -0.292584
v -0.228666 0.658382 -0.192147
v -0.270827 0.576513 -0.061861
v -0.252492 0.625540 -0.139668
v -0.166538 0.697111 -0.249569
v -0.080106 0.619301 -0.272391
v -0.254293 0.648892 -0.168624
v -0.078713 0.638532 -0.297312
v -0.023677 0.352513 -0.013338
v -0.232678 0.659076 -0.171895
v -0.075591 0.628527 -0.298089
v -0.219241 0.627368 -0.155020
v -0.003227 0.456744 -0.114168
v -0.233395 0.650364 -0.156752
v 0.044820 0.411450 -0.129552
v -0.019334 0.623913 -0.212746
v -0.244380 0.659112 -0.157357
v 0.055105 0.256750 0.068261
v -0.066074 0.614408 -0.267968
v -0.070137 0.648483 -0.299931
v 0.051706 0.425955 -0.172818
v -0.195840 0.408585 0.095520
v -0.248165 0.580745 -0.064953
v -0.252492 0.579270 0.033173
v -0.017446 0.287405 0.128041
v -0.137307 0.674799 -0.290551
v -0.153926 0.666845 -0.278902
v -0.121821 0.685312 -0.305518
v -0.015442 0.553985 -0.208853
v -0.091896 0.346364 0.093959
v -0.217988 0.663611 -0.119684
v -0.165832 0.715112 -0.215217
v -0.011340 0.629892 -0.268966
v -0.229963 0.637984 -0.092511
v -0.237581 0.597405 0.000755
v -0.104136 0.693062 -0.257363
v -0.247330 0.487001 0.091477
v -0.249166 0.562026 0.042953
v -0.163633 0.683696 -0.189232
v 0.029051 0.373535 -0.063188
v -0.072245 0.665368 -0.247923
v 0.005990 0.287621 0.141612
v 0.037701 0.525149 -0.218715
v -0.096932 0.702725 -0.198514
v 0.001222 0.587829 -0.217266
v -0.214670 0.635447 -0.059434
v -0.224219 0.528050 0.086022
v -0.021573 0.456927 -0.007897
v 0.002158 0.534709 -0.115604
v -0.216405 0.602702 -0.019916
v 0.046600 0.451699 -0.133169
v -0.215973 0.632378 -0.037502
v -0.179661 0.445937 0.115536
v -0.035359 0.645014 -0.203098
v -0.152387 0.700691 -0.168586
v 0.019499 0.626736 -0.227777
v -0.108531 0.668711 -0.171127
v -0.217018 0.736774 -0.060932
v -0.241348 0.571006 0.093015
v 0.044574 0.456325 -0.086713
v -0.215235 0.504608 0.096509
v -0.075949 0.417451 0.105609
v -0.190173 0.750529 -0.137930
v 0.015172 0.463652 -0.015644
v -0.072647 0.704142 -0.190899
v 0.038736 0.536722 -0.145018
v -0.009908 0.418737 0.102062
v -0.013468 0.620171 -0.121619
v 0.035282 0.448390 -0.003394
v -0.076788 0.707185 -0.210693
v 0.021136 0.568634 -0.119999
v -0.175798 0.471267 0.108085
v -0.181528 0.729713 -0.032080
v -0.167160 0.641899 -0.017066
v 0.033699 0.453095 -0.041854
v -0.178390 0.654057 -0.020043
v -0.185697 0.633162 0.051371
v -0.099486 0.706877 -0.157487
v -0.181079 0.641089 0.039836
v -0.193656 0.551352 0.089145
v -0.089792 0.451100 0.118936
v -0.134572 0.769982 -0.128466
v -0.005057 0.622259 -0.113934
v 0.037337 0.421471 0.123574
v -0.136183 0.546323 0.109523
v -0.067258 0.655947 -0.108698
v -0.152567 0.659411 -0.002972
v -0.044918 0.682096 -0.107164
v -0.152342 0.560446 0.102004
v 0.042537 0.440213 0.053772
v -0.093347 0.468076 0.105512
v 0.014170 0.420600 0.111058
v 0.043918 0.552473 -0.060827
v -0.029757 0.673548 -0.108668
v 0.025559 0.625614 -0.111642
v -0.022610 0.684236 -0.109928
v 0.021252 0.547590 -0.023141
v -0.162284 0.647725 0.083440
v -0.103403 0.685675 -0.018679
v -0.176769 0.662318 0.078430
v -0.097889 0.694416 -0.039722
v -0.156456 0.625138 0.089885
v 0.048731 0.555464 -0.010923
v -0.101293 0.773234 -0.072374
v -0.132233 0.746577 -0.020420
v 0.014677 0.548993 0.065346
v 0.007865 0.646800 -0.023221
v -0.077227 0.670390 -0.049897
v -0.083689 0.532032 0.110461
v 0.037399 0.584160 -0.024996
v 0.004555 0.552132 0.092963
v -0.129656 0.619626 0.118311
v -0.102773 0.714836 0.033370
v -0.102343 0.723911 0.028446
v -0.000969 0.660143 -0.027307
v -0.103229 0.707624 0.002566
v 0.005724 0.561948 0.072364
v -0.041060 0.700288 -0.047969
v -0.116012 0.560026 0.183335
v 0.000718 0.638630 -0.026515
v -0.050010 0.716860 -0.027123
v -0.144096 0.640084 0.119350
v 0.048178 0.650314 -0.017898
v 0.007025 0.610004 0.049160
v 0.029464 0.557907 0.100467
v -0.103593 0.714111 0.092577
v 0.052987 0.561735 0.111400
v -0.028278 0.726594 -0.020631
v -0.044500 0.563608 0.179380
v -0.020193 0.689881 0.003751
v -0.000051 0.591993 0.106117
v -0.124420 0.614037 0.181972
v -0.107972 0.737121 0.072105
v -0.019565 0.676326 0.012141
v -0.091441 0.687751 0.126415
v 0.000142 0.682960 0.056931
v -0.002609 0.624878 0.054285
v 0.036510 0.656016 0.035074
v -0.008015 0.660324 0.078334
v -0.129455 0.613142 0.235301
v -0.118988 0.547471 0.233539
v -0.042592 0.723162 0.035946
v -0.040085 0.558829 0.230064
v -0.084474 0.691643 0.079165
v -0.097634 0.700593 0.125765
v -0.105631 0.564316 0.237921
v 0.014832 0.662221 0.085408
v -0.024336 0.670663 0.088631
v -0.067037 0.709144 0.085843
v -0.035050 0.688874 0.081440
v -0.113651 0.614473 0.240551
v -0.081942 0.679086 0.186059
v -0.106122 0.557848 0.296609
v -0.023938 0.665352 0.114999
v 0.007192 0.615825 0.176369
v -0.046074 0.573141 0.235328
v 0.038924 0.664279 0.095526
v -0.050891 0.726152 0.095715
v -0.029215 0.689581 0.115374
v -0.047879 0.565558 0.293421
v -0.113116 0.612968 0.301117
v -0.080183 0.679637 0.238611
v -0.003964 0.613839 0.234273
v -0.076348 0.663450 0.244343
v -0.013377 0.670579 0.180549
v 0.016154 0.612602 0.227685
v -0.004646 0.606988 0.292390
v -0.008433 0.671953 0.232643
v -0.072807 0.656390 0.302358
v -0.022690 0.657834 0.239129
v -0.103463 0.614360 0.358389
v -0.023393 0.650935 0.296935
v -0.032026 0.585231 0.386083
v -0.103293 0.574078 0.362237
v -0.059811 0.571210 0.381033
v -0.069727 0.651217 0.335254
v -0.010566 0.597102 0.381389
v -0.068095 0.650708 0.336158
v -0.017119 0.636953 0.362398
v -0.047552 0.613868 0.361639
v 0.811420 -0.766389 0.021568
v 0.457785 -0.766389 -0.153542
v 0.047908 -0.766389 -0.086090
v -0.073011 -0.766389 0.126063
v 0.503254 -0.766172 0.558633
v 0.762840 -0.766172 0.501961
v 0.890121 -0.766389 0.216191
v 0.131661 -0.701078 0.210517
v 0.521940 -0.653983 0.279458
v 0.092581 -0.766172 0.376569
v -0.066591 -0.766172 0.183584
v 0.152176 -0.755355 0.011170
v 0.066448 -0.711802 0.286361
v 0.179310 -0.643352 0.064124
v 0.247474 -0.647081 0.094427
v 0.209608 -0.662393 0.289414
v 0.297338 -0.755789 0.067684
v 0.198333 -0.718939 0.345625
v 0.158791 -0.695147 0.003704
v 0.084178 -0.669437 0.252007
v 0.307758 -0.704112 0.063359
v 0.064261 -0.757955 0.174421
v 0.288437 -0.746017 0.298327
v 0.308635 -0.698424 0.299009
v 0.273034 -0.628908 0.188838
v 0.179699 -0.633015 0.187183
v 0.080443 -0.680974 0.130818
v 0.311829 -0.757434 0.250532
v 0.325920 -0.696272 0.253736
v 0.170250 -0.756831 0.280961
v 0.224226 -0.710891 0.008114
v 0.173359 -0.650872 0.218127
v 0.366093 -0.766530 -0.025596
v 0.505848 -0.729465 -0.030813
v 0.374678 -0.663625 -0.051588
v 0.374493 -0.663674 -0.099079
v 0.445320 -0.656151 -0.102806
v 0.360003 -0.760253 -0.124410
v 0.505848 -0.729465 -0.122862
v 0.351867 -0.712886 -0.025596
v 0.475308 -0.692479 -0.030813
v 0.468249 -0.694352 -0.122862
v 0.347731 -0.713982 -0.127701
v 0.455659 -0.767285 -0.004834
v 0.457541 -0.752777 -0.163595
v 0.446104 -0.709655 -0.162915
v 0.407061 -0.650406 -0.130200
v 0.436508 -0.651761 -0.036083
v 0.437186 -0.697631 -0.004834
v 0.412477 -0.766728 -0.138462
v 0.402341 -0.711580 -0.145542
v 0.459036 -0.768901 -0.086560
v 0.338904 -0.724773 -0.065144
v 0.575236 -0.522718 0.435397
v 0.779315 -0.773234 0.366086
v 0.775204 -0.757716 0.224360
v 0.810528 -0.699070 0.303521
v 0.480760 -0.617860 0.107088
v 0.751686 -0.522718 0.340333
v 0.802388 -0.554731 0.308615
v 0.755569 -0.541733 0.240172
v 0.481429 -0.773234 0.574839
v 0.432957 -0.766389 0.394504
v 0.524825 -0.566988 0.272048
v 0.444001 -0.676085 0.537338
v 0.475532 -0.522718 0.378725
v 0.470812 -0.761631 0.076336
v 0.490234 -0.515930 0.448332
v 0.366212 -0.650157 0.148543
v 0.355900 -0.706058 0.517907
v 0.356262 -0.761631 0.117791
v 0.308674 -0.766389 0.394504
v 0.346705 -0.766389 0.523661
v 0.306586 -0.678727 0.378230
v 0.444100 -0.670661 0.387096
v -0.624985 -0.532749 -0.186004
v -0.423574 -0.752279 -0.254409
v -0.427631 -0.764674 -0.394283
v -0.392768 -0.706795 -0.316156
v -0.718226 -0.626647 -0.510021
v -0.450840 -0.532749 -0.279825
v -0.400803 -0.564343 -0.311129
v -0.447009 -0.551515 -0.378677
v -0.717565 -0.773234 -0.048385
v -0.765403 -0.773234 -0.226363
v -0.674737 -0.576440 -0.347218
v -0.754504 -0.684110 -0.085397
v -0.723386 -0.532749 -0.241936
v -0.728044 -0.768538 -0.540371
v -0.708876 -0.526050 -0.173239
v -0.831276 -0.658522 -0.469108
v -0.841452 -0.713691 -0.104573
v -0.841096 -0.768538 -0.499458
v -0.888061 -0.773234 -0.226363
v -0.850529 -0.773234 -0.098894
v -0.890121 -0.686718 -0.242424
v -0.754407 -0.678757 -0.233674
vn -0.1583 -0.2605 -0.9524
vn -0.1636 0.9828 0.0859
vn -0.9721 -0.2224 0.0747
vn -0.7886 0.6115 0.0651
vn -0.2267 0.2229 -0.9481
vn -0.9470 -0.0258 -0.3203
vn -0.7879 0.6148 0.0346
vn -0.6808 0.1671 -0.7131
vn 0.1215 -0.2911 -0.9489
vn -0.0798 0.4264 -0.9010
vn -0.2848 0.9535 -0.0987
vn -0.1836 0.2133 -0.9596
vn -0.9983 0.0391 0.0421
vn 0.1948 0.4818 -0.8544
vn -0.0050 -0.2457 -0.9693
vn -0.0054 -0.2952 0.9554
vn -0.1741 0.9845 -0.0221
vn -0.5845 0.7942 -0.1663
vn -0.1407 0.9669 -0.2129
vn -0.2675 0.9627 0.0413
vn -0.0603 0.0960 0.9936
vn 0.5400 0.8416 -0.0010
vn -0.0590 0.1387 -0.9886
vn -0.6095 0.7456 0.2695
vn -0.0313 0.1313 -0.9909
vn 0.0970 -0.9952 -0.0149
vn -0.6477 0.6930 -0.3166
vn -0.3976 0.8615 0.3157
vn -0.4747 -0.0810 0.8764
vn -0.4957 -0.2071 -0.8434
vn 0.2787 -0.2589 0.9248
vn 0.1699 0.3175 0.9329
vn 0.0956 0.9923 0.0783
vn -0.0777 0.3158 -0.9456
vn 0.0469 0.0975 0.9941
vn 0.1413 0.2345 -0.9618
vn 0.1444 0.0481 -0.9884
vn 0.4981 0.4440 0.7448
vn -0.9560 -0.2702 -0.1140
vn -0.4916 0.6167 0.6148
vn -0.0514 0.9322 0.3582
vn 0.1401 -0.2368 0.9614
vn 0.0744 -0.0527 0.9958
vn 0.6459 0.6780 0.3508
vn -0.6394 0.6337 -0.4355
vn 0.1304 -0.0652 0.9893
vn 0.4065 0.3962 -0.8233
vn 0.2583 -0.8870 -0.3829
vn 0.0021 0.3876 -0.9218
vn 0.9909 0.1130 -0.0736
vn 0.4275 0.9040 -0.0083
vn 0.3699 0.1458 -0.9176
vn -0.0024 0.7795 -0.6263
vn -0.8514 -0.1471 -0.5035
vn 0.7265 0.5306 -0.4366
vn -0.3341 0.8106 -0.4808
vn -0.5703 -0.5861 0.5755
vn -0.5681 0.5748 0.5890
vn 0.5157 -0.8104 -0.2781
vn -0.0472 -0.1321 -0.9901
vn -0.9236 -0.1454 -0.3546
vn 0.9857 0.1531 -0.0703
vn 0.9365 0.2619 -0.2333
vn -0.5520 0.4588 0.6962
vn 0.8852 0.1038 -0.4535
vn 0.0724 -0.6234 -0.7785
vn 0.0479 -0.1564 0.9865
vn -0.9268 -0.2113 0.3106
vn -0.2442 0.2027 -0.9483
vn 0.2378 0.2703 0.9329
vn -0.7875 -0.4228 0.4485
vn -0.2162 0.1975 -0.9561
vn 0.2725 -0.0992 0.9570
vn 0.3813 0.8995 -0.2134
vn 0.4005 -0.6352 -0.6603
vn 0.7666 0.5132 0.3859
vn 0.5419 0.8070 -0.2348
vn 0.4793 0.3028 0.8238
vn 0.1084 0.3981 0.9109
vn 0.9261 0.0086 -0.3772
vn 0.0510 0.8488 -0.5262
vn 0.4150 -0.8341 0.3633
vn 0.3882 -0.9188 0.0709
vn -0.7485 0.5394 0.3857
vn -0.2501 0.2080 -0.9456
vn 0.5062 -0.8397 -0.1966
vn 0.8772 0.1105 -0.4673
vn -0.8934 -0.2478 0.3749
vn 0.0461 -0.8869 0.4596
vn 0.8160 0.1303 -0.5631
vn 0.2823 0.1613 0.9457
vn -0.8740 -0.3155 0.3697
vn 0.9310 0.0102 0.3648
vn -0.6726 -0.6509 -0.3522
vn 0.2879 -0.7142 -0.6380
vn -0.2333 0.6483 0.7247
vn 0.5330 0.0142 0.8460
vn 0.4169 0.8663 0.2753
vn 0.4408 -0.2445 0.8636
vn -0.6720 0.6738 -0.3072
vn -0.9035 -0.1570 -0.3987
vn 0.8707 -0.0299 0.4909
vn -0.4867 -0.8543 0.1825
vn -0.1225 -0.9657 -0.2289
vn 0.2903 -0.3374 0.8955
vn 0.5080 -0.6697 -0.5416
vn -0.8958 -0.1856 -0.4038
vn 0.0056 -1.0000 0.0032
vn 0.8813 0.2204 -0.4180
vn 0.0099 -0.2454 0.9694
vn 0.1818 0.7025 -0.6880
vn -0.8615 -0.3609 0.3570
vn 0.4392 -0.2315 0.8681
vn 0.9004 -0.0288 0.4342
vn 0.9423 0.1060 -0.3176
vn 0.5925 0.7226 0.3562
vn 0.1737 0.6500 0.7398
vn -0.2114 0.7851 -0.5822
vn 0.5149 -0.8407 0.1677
vn -0.4994 0.7274 -0.4706
vn 0.9817 0.0088 0.1904
vn -0.6865 -0.6967 -0.2081
vn 0.9450 -0.0572 0.3221
vn -0.0347 -0.2936 0.9553
vn -0.9476 -0.1064 -0.3013
vn -0.8797 -0.0178 -0.4752
vn 0.2590 -0.8326 0.4897
vn -0.6762 -0.6260 -0.3884
vn 0.9555 0.0496 0.2909
vn 0.0486 -0.5333 -0.8445
vn 0.6755 -0.7200 0.1590
vn -0.8249 -0.4325 0.3640
vn -0.9149 0.0042 -0.4036
vn -0.9318 -0.2528 0.2605
vn 0.8857 0.1447 -0.4411
vn -0.1097 -0.8933 0.4359
vn 0.8222 0.5671 -0.0481
vn -0.2828 -0.9453 0.1625
vn 0.4200 0.1221 -0.8993
vn -0.2314 0.2467 -0.9411
vn -0.3261 0.8103 0.4869
vn 0.9133 0.0323 -0.4061
vn -0.2295 0.1877 -0.9550
vn -0.8383 -0.4945 -0.2297
vn 0.9866 -0.1452 -0.0750
vn -0.0451 -0.3182 0.9469
vn -0.0723 0.8507 -0.5207
vn 0.4117 -0.6006 -0.6854
vn -0.0649 0.6490 0.7580
vn -0.0539 -0.3007 0.9522
vn -0.2759 -0.7599 0.5886
vn 0.9514 -0.0501 0.3037
vn -0.4498 0.4902 0.7466
vn -0.8884 -0.1505 0.4337
vn 0.0961 -0.8328 0.5451
vn -0.3518 0.2462 -0.9031
vn 0.5472 -0.2582 0.7962
vn 0.3049 0.5342 0.7885
vn -0.2231 -0.9607 0.1654
vn 0.9026 0.1317 -0.4099
vn -0.8361 -0.2677 0.4789
vn 0.0023 -0.9945 -0.1051
vn -0.7583 0.5940 -0.2685
vn 0.7849 -0.5615 -0.2619
vn -0.8681 0.0011 -0.4964
vn -0.8657 -0.4773 -0.1508
vn 0.3261 -0.8103 -0.4869
vn 0.2286 -0.3840 -0.8946
vn -0.4458 -0.1745 -0.8779
vn -0.7206 -0.6102 -0.3293
vn -0.3507 -0.7203 0.5985
vn -0.4061 0.1184 -0.9061
vn -0.7185 0.1661 -0.6754
vn 0.3681 -0.3782 0.8494
vn -0.5666 0.1577 -0.8088
vn -0.8295 -0.2437 0.5025
vn -0.1006 0.1271 0.9868
vn -0.1326 0.1273 -0.9830
vn 0.4319 0.3723 -0.8215
vn -0.8412 0.0039 -0.5407
vn 0.9530 -0.1997 0.2278
vn -0.0236 -0.2639 0.9643
vn -0.9387 -0.3386 -0.0653
vn -0.2289 0.2601 -0.9381
vn 0.9943 0.1069 -0.0032
vn 0.8811 0.2723 -0.3867
vn 0.9504 0.1371 -0.2792
vn 0.5649 -0.7723 0.2907
vn -0.5960 -0.7987 0.0827
vn -0.4154 -0.5855 0.6962
vn -0.6876 -0.6701 -0.2796
vn 0.8468 0.3847 -0.3673
vn -0.6611 0.6586 -0.3594
vn 0.3854 -0.3920 0.8353
vn 0.9912 0.0023 0.1321
vn 0.3632 0.5406 0.7589
vn -0.2216 -0.8900 0.3986
vn 0.0887 0.6404 0.7629
vn -0.1396 0.9540 -0.2653
vn -0.1906 0.3299 -0.9246
vn -0.1532 -0.2033 0.9671
vn 0.7989 -0.4891 -0.3500
vn -0.7897 -0.0517 0.6113
vn 0.9683 -0.0933 0.2316
vn 0.8422 0.2872 -0.4563
vn -0.6855 -0.1283 -0.7167
vn -0.4918 0.1331 -0.8605
vn -0.8430 0.4183 0.3381
vn 0.3555 -0.7066 0.6119
vn 0.8095 0.1766 -0.5599
vn -0.7261 -0.4583 0.5126
vn 0.9658 0.0642 0.2511
vn -0.5146 0.2633 0.8160
vn 0.4668 0.4320 -0.7717
vn -0.2047 0.3886 -0.8984
vn -0.1783 0.3378 -0.9242
vn -0.1952 -0.3085 0.9310
vn 0.9817 0.1890 -0.0224
vn 0.8906 0.4544 -0.0194
vn 0.9127 0.1067 0.3944
vn -0.2637 -0.6947 0.6693
vn -0.6160 0.7592 -0.2100
vn 0.5901 -0.3774 0.7137
vn -0.8142 -0.2066 0.5425
vn 0.7794 -0.6083 -0.1501
vn -0.1474 0.0796 -0.9859
vn -0.9511 0.2444 -0.1889
vn -0.7512 0.0867 0.6544
vn -0.2543 -0.8827 -0.3952
vn 0.9002 0.3353 0.2778
vn -0.6854 0.4328 -0.5856
vn 0.9126 0.4082 -0.0232
vn -0.3073 -0.1980 -0.9308
vn 0.0990 -0.2973 0.9496
vn 0.9279 0.0354 0.3713
vn -0.8660 -0.4501 -0.2180
vn 0.0073 -0.1619 0.9868
vn 0.8660 0.2590 -0.4277
vn 0.0579 0.9789 0.1960
vn 0.4154 0.5855 -0.6962
vn 0.1504 0.3976 0.9051
vn 0.9538 0.2979 -0.0392
vn -0.0463 0.8632 0.5028
vn -0.5213 0.1209 0.8447
vn 0.5182 0.1529 -0.8415
vn 0.9387 0.3386 0.0653
vn 0.8267 -0.4825 0.2894
vn -0.1570 0.0197 -0.9874
vn 0.0462 -0.0712 0.9964
vn -0.9086 -0.4108 0.0750
vn -0.9484 0.2566 -0.1862
vn -0.9589 0.2012 0.1998
vn 0.9843 -0.0671 -0.1633
vn 0.8618 -0.1933 0.4689
vn -0.5460 -0.5819 0.6028
vn 0.0108 -0.1370 0.9905
vn 0.0426 -0.2098 0.9768
vn 0.9387 0.3385 0.0653
vn -0.7340 0.3093 0.6047
vn -0.7360 -0.2535 0.6277
vn 0.3353 0.8433 0.4200
vn -0.1921 0.1891 -0.9630
vn -0.9610 0.1918 -0.1991
vn -0.2623 0.1629 -0.9511
vn -0.1343 0.0813 -0.9876
vn -0.9387 -0.3385 -0.0653
vn -0.9141 0.3776 -0.1475
vn -0.9628 0.1941 0.1878
vn -0.9291 -0.3698 -0.0068
vn 0.2898 -0.0084 -0.9571
vn -0.2763 -0.9536 -0.1194
vn -0.1725 -0.0494 -0.9838
vn -0.4995 0.8643 0.0584
vn -0.1264 -0.9909 -0.0471
vn -0.5472 0.2582 -0.7962
vn -0.2159 -0.2483 -0.9443
vn -0.4713 -0.5858 0.6593
vn 0.6795 -0.4183 -0.6027
vn -0.2870 -0.9551 -0.0728
vn 0.1720 0.9656 0.1949
vn 0.9039 -0.3830 -0.1904
vn -0.9334 0.2803 -0.2242
vn -0.8350 -0.0310 0.5493
vn -0.9759 -0.1627 -0.1452
vn 0.1278 0.9659 0.2254
vn 0.0248 0.0081 -0.9997
vn -0.0404 0.6477 -0.7608
vn 0.0301 -0.9962 -0.0823
vn 0.5969 0.3473 -0.7233
vn 0.5112 0.5844 -0.6302
vn 0.0259 0.8883 -0.4585
vn -0.9717 -0.0719 -0.2250
vn 0.9193 0.3918 -0.0364
vn -0.8797 0.0960 0.4657
vn -0.9550 -0.2870 -0.0749
vn 0.2224 0.9619 0.1591
vn -0.8247 0.2850 -0.4885
vn -0.9264 0.3187 0.2004
vn 0.8184 -0.1051 -0.5649
vn -0.3875 0.4164 -0.8225
vn 0.0252 -0.0058 -0.9997
vn -0.1774 -0.8715 -0.4572
vn -0.8605 -0.0013 -0.5095
vn -0.1616 -0.8916 -0.4230
vn -0.0041 0.9985 0.0549
vn -0.8211 0.3349 -0.4622
vn -0.3852 -0.1257 -0.9142
vn -0.5961 0.3964 -0.6983
vn -0.1477 -0.9885 -0.0322
vn 0.8111 -0.3787 -0.4457
vn -0.9985 -0.0250 -0.0492
vn -0.2135 0.1722 -0.9616
vn -0.8281 -0.3385 0.4469
vn 0.5108 0.5844 -0.6305
vn -0.9376 0.1716 -0.3024
vn -0.9384 0.3158 0.1400
vn -0.8932 0.0719 0.4438
vn 0.7594 -0.2469 -0.6020
vn -0.3199 0.7894 -0.5239
vn 0.3484 -0.4703 -0.8108
vn 0.9663 0.1773 -0.1866
vn -0.9339 -0.2744 -0.2293
vn -0.2585 -0.2854 -0.9229
vn 0.1758 -0.9376 -0.3000
vn 0.4571 0.4095 -0.7895
vn 0.5136 -0.8219 -0.2462
vn -0.9792 -0.0957 0.1786
vn -0.3454 0.6691 -0.6580
vn -0.9953 -0.0524 -0.0811
vn -0.9736 -0.1899 -0.1266
vn -0.8220 0.4945 0.2825
vn -0.5460 -0.5819 0.6027
vn 0.9194 0.3916 -0.0359
vn 0.8831 -0.3238 0.3396
vn -0.7077 0.3653 0.6048
vn -0.9691 0.2306 -0.0877
vn -0.6494 0.0961 -0.7544
vn -0.4278 0.8820 0.1975
vn -0.6334 0.7216 -0.2795
vn 0.4442 -0.1172 -0.8882
vn -0.5057 -0.1460 -0.8503
vn -0.7491 0.0422 -0.6611
vn -0.3366 -0.2352 -0.9118
vn 0.1945 0.8265 -0.5283
vn 0.8593 0.2675 -0.4359
vn -0.4966 -0.8654 0.0675
vn 0.3287 -0.4178 -0.8470
vn -0.2170 0.3760 -0.9008
vn -0.8114 0.3436 -0.4729
vn -0.2955 -0.1708 -0.9400
vn -0.9452 -0.2114 -0.2488
vn 0.9826 -0.0620 -0.1753
vn -0.2018 -0.1898 -0.9609
vn 0.5667 -0.1286 -0.8139
vn -0.3550 -0.7679 0.5332
vn -0.0244 -0.9997 -0.0080
vn 0.9691 -0.2459 -0.0172
vn -0.9093 -0.1865 -0.3720
vn -0.4366 -0.8458 -0.3066
vn -0.9994 -0.0273 -0.0215
vn 0.2547 -0.9361 -0.2426
vn -0.9064 0.1126 0.4071
vn -0.9469 0.3028 -0.1083
vn 0.3330 -0.1701 -0.9275
vn 0.9450 0.1551 -0.2880
vn 0.4845 0.6615 -0.5724
vn -0.9277 0.2587 0.2690
vn -0.8506 0.4660 -0.2436
vn 0.5852 -0.0834 -0.8066
vn -0.9932 -0.1037 -0.0528
vn 0.9149 -0.0262 -0.4029
vn -0.8975 -0.2163 -0.3844
vn 0.4190 0.2288 -0.8787
vn -0.6445 0.6244 0.4413
vn -0.9948 0.0800 0.0633
vn -0.0855 -0.0207 0.9961
vn -0.9081 -0.2751 -0.3158
vn -0.7646 0.0596 0.6417
vn -0.7167 -0.6264 -0.3065
vn -0.8251 0.0144 0.5647
vn -0.9570 0.1187 0.2647
vn -0.4047 0.0343 0.9138
vn 0.1087 0.2599 -0.9595
vn 0.2564 -0.8133 -0.5224
vn -0.7756 0.2220 -0.5909
vn -0.2267 -0.4311 -0.8734
vn -0.8861 0.2517 0.3893
vn -0.3043 -0.2423 -0.9213
vn -0.9406 0.3302 0.0787
vn 0.9590 0.1761 -0.2218
vn 0.0603 0.9964 0.0597
vn 0.4484 -0.0749 -0.8907
vn 0.5439 0.8233 0.1625
vn -0.9905 -0.1366 0.0147
vn 0.9396 -0.2266 -0.2566
vn -0.9925 -0.1222 0.0036
vn -0.6429 0.5569 -0.5259
vn -0.5473 0.7225 0.4224
vn 0.8082 -0.1975 0.5548
vn -0.5525 -0.0538 0.8318
vn -0.8920 -0.1351 0.4313
vn 0.9812 0.1776 0.0755
vn -0.2657 0.6173 -0.7405
vn -0.9000 -0.2919 -0.3237
vn 0.9589 0.2747 -0.0710
vn 0.5407 -0.8408 -0.0274
vn -0.9998 0.0027 -0.0221
vn -0.8165 -0.4451 -0.3678
vn 0.1721 0.9656 0.1949
vn -0.5957 -0.7910 0.1395
vn -0.9064 0.0676 0.4169
vn -0.8086 -0.1002 -0.5797
vn -0.2034 -0.3552 -0.9124
vn -0.0474 0.7350 -0.6764
vn -0.6859 -0.6910 0.2280
vn -0.8061 -0.0138 0.5916
vn 0.9694 -0.2440 0.0257
vn 0.3973 -0.6560 -0.6417
vn 0.4721 -0.1533 -0.8681
vn 0.3637 -0.8573 -0.3642
vn -0.2961 -0.9518 0.0800
vn 0.9959 0.0885 -0.0209
vn -0.9196 -0.3862 -0.0722
vn 0.4638 -0.8180 -0.3403
vn 0.4804 -0.1849 -0.8573
vn 0.3923 0.8809 0.2647
vn -0.2321 0.8384 0.4932
vn -0.8714 -0.3385 -0.3550
vn -0.8240 0.4245 -0.3753
vn -0.1864 -0.1886 -0.9642
vn -0.7432 -0.0220 -0.6687
vn -0.0964 -0.2665 -0.9590
vn -0.4096 0.1006 0.9067
vn -0.0886 -0.9908 0.1026
vn 0.7208 -0.1176 -0.6831
vn -0.9935 -0.1118 0.0222
vn -0.9935 -0.1097 -0.0316
vn -0.9593 0.1679 0.2271
vn -0.0609 0.2041 0.9771
vn 0.9712 -0.2055 -0.1203
vn -0.3634 -0.7166 0.5954
vn -0.3627 -0.8357 -0.4123
vn -0.0876 -0.7501 -0.6555
vn 0.8454 0.2598 -0.4667
vn 0.4042 0.7651 0.5013
vn 0.1891 0.9150 0.3564
vn 0.0247 -0.9972 0.0712
vn -0.9348 -0.0083 0.3550
vn -0.1713 0.1058 -0.9795
vn 0.3159 0.7820 0.5373
vn 0.1926 -0.9043 -0.3809
vn 0.9955 -0.0291 0.0902
vn 0.9781 0.1262 0.1657
vn 0.9880 -0.0817 0.1310
vn -0.3827 0.1694 0.9082
vn -0.8872 -0.4611 0.0178
vn -0.6222 -0.6662 0.4111
vn 0.5001 0.6750 0.5424
vn 0.7221 -0.5156 -0.4612
vn 0.8444 0.4175 -0.3357
vn 0.3271 -0.2212 -0.9187
vn 0.3651 0.5974 -0.7140
vn -0.0217 -0.0804 0.9965
vn -0.9780 -0.1681 -0.1237
vn 0.4646 0.0754 0.8823
vn 0.2756 -0.5666 0.7765
vn -0.1968 -0.4491 -0.8715
vn 0.9945 0.1037 0.0150
vn -0.0224 -0.9963 0.0829
vn 0.9190 -0.0098 -0.3941
vn -0.8697 -0.1993 -0.4515
vn -0.0361 0.9870 0.1566
vn 0.0044 0.7154 0.6987
vn -0.7734 0.1460 -0.6169
vn 0.2846 0.2524 0.9248
vn 0.8360 0.4636 -0.2937
vn 0.2310 0.9456 -0.2290
vn 0.6099 0.7465 -0.2662
vn 0.4252 -0.3165 -0.8480
vn 0.2759 0.0896 0.9570
vn 0.8275 -0.4943 -0.2663
vn 0.0855 -0.4947 0.8649
vn 0.6471 -0.3130 0.6952
vn -0.0906 -0.8262 -0.5561
vn 0.9973 0.0298 0.0665
vn -0.2428 -0.0786 -0.9669
vn -0.1689 -0.3749 -0.9115
vn 0.6757 -0.7285 0.1123
vn 0.2431 0.8518 0.4641
vn 0.9526 0.1055 0.2852
vn -0.3984 -0.3346 -0.8540
vn 0.9806 0.1198 0.1549
vn -0.9119 -0.1882 0.3648
vn 0.5992 -0.6701 0.4382
vn 0.2016 0.6446 0.7375
vn 0.9996 0.0270 -0.0079
vn 0.9111 0.4065 -0.0681
vn -0.4104 -0.0260 0.9116
vn -0.5278 0.0726 0.8463
vn -0.4357 -0.1227 0.8917
vn 0.9712 0.2327 0.0507
vn 0.2645 0.1962 0.9442
vn 0.9275 0.2199 0.3022
vn 0.9554 -0.2431 -0.1679
vn -0.3603 -0.8968 -0.2568
vn -0.5159 -0.0506 -0.8552
vn -0.9094 0.2091 0.3596
vn -0.7895 -0.2789 0.5467
vn 0.6535 0.7536 -0.0708
vn -0.7462 0.4464 -0.4939
vn -0.6369 0.4840 -0.6002
vn 0.7309 -0.6405 -0.2357
vn -0.8435 -0.4103 -0.3466
vn 0.0660 -0.6110 -0.7888
vn 0.4596 -0.0929 -0.8833
vn -0.9489 -0.0212 0.3149
vn 0.7797 0.2536 0.5725
vn -0.3696 0.7623 0.5313
vn -0.7226 -0.5875 -0.3642
vn -0.6817 -0.6894 0.2450
vn 0.6543 -0.2041 0.7282
vn -0.6435 0.7582 -0.1047
vn 0.9860 0.0807 0.1460
vn 0.9524 0.0656 0.2978
vn 0.5631 -0.8071 -0.1776
vn -0.9853 0.0871 -0.1472
vn 0.3001 0.9117 0.2806
vn 0.9956 0.0588 0.0724
vn -0.6101 0.4475 -0.6539
vn 0.1735 0.9769 0.1250
vn 0.9920 -0.0075 0.1258
vn -0.6890 -0.4310 0.5827
vn 0.7761 -0.6289 -0.0470
vn -0.5154 0.0601 0.8548
vn 0.5687 0.1820 -0.8022
vn 0.9996 0.0262 0.0098
vn 0.8044 0.3237 -0.4982
vn 0.1330 0.2126 -0.9680
vn -0.9982 -0.0019 -0.0601
vn -0.0938 0.5655 -0.8194
vn -0.6098 0.4466 -0.6547
vn -0.9912 0.0689 -0.1130
vn -0.3247 -0.9187 -0.2249
vn -0.0364 -0.7775 0.6278
vn -0.3928 -0.7070 0.5881
vn 0.5523 0.7406 0.3826
vn -0.4726 -0.4885 -0.7335
vn 0.3110 0.0543 0.9488
vn 0.0786 -0.6657 -0.7421
vn -0.8756 -0.4176 0.2430
vn 0.4397 -0.2372 -0.8663
vn 0.4098 -0.7085 -0.5745
vn -0.8860 0.4466 -0.1249
vn 0.9461 0.1582 0.2825
vn -0.2423 -0.2634 0.9337
vn -0.7278 -0.6763 0.1138
vn 0.9420 0.1241 0.3118
vn -0.9947 0.0084 0.1022
vn 0.9871 0.0654 -0.1461
vn -0.5137 0.8192 -0.2550
vn -0.8727 0.4487 -0.1927
vn -0.0536 0.9808 0.1877
vn 0.5812 -0.4230 0.6952
vn -0.6130 -0.5177 0.5968
vn 0.9785 -0.0608 -0.1972
vn 0.9925 0.0453 0.1133
vn 0.8325 -0.5499 0.0677
vn 0.6087 -0.4420 0.6589
vn -0.9727 -0.0275 0.2305
vn -0.4512 -0.2923 0.8432
vn 0.5616 -0.4339 0.7045
vn -0.5997 0.4283 -0.6759
vn 0.4520 -0.0545 0.8903
vn -0.7794 0.4388 -0.4473
vn 0.9329 -0.1099 -0.3430
vn 0.1304 0.1002 -0.9864
vn -0.2513 -0.9405 -0.2289
vn -0.3675 -0.6751 0.6397
vn -0.9779 -0.1070 0.1795
vn -0.4771 -0.4869 -0.7316
vn 0.8832 0.4477 0.1396
vn 0.4515 -0.0534 0.8907
vn 0.4603 0.0939 -0.8828
vn 0.8171 -0.3211 0.4788
vn 0.5107 0.0115 -0.8597
vn -0.0456 -0.9851 0.1659
vn 0.8161 0.5143 -0.2635
vn -0.0794 0.9388 -0.3351
vn -0.4685 0.1535 0.8700
vn -0.9446 0.2149 0.2481
vn -0.0159 0.9449 -0.3269
vn -0.9952 -0.0538 -0.0818
vn 0.9553 0.0992 0.2783
vn -0.5797 -0.6069 0.5437
vn 0.3093 0.4324 -0.8470
vn 0.5178 -0.2348 -0.8226
vn -0.4608 0.8155 0.3502
vn -0.8975 0.0013 0.4411
vn 0.7733 0.1998 -0.6018
vn 0.7894 -0.5566 -0.2589
vn -0.9434 0.0300 -0.3304
vn -0.8052 0.2201 0.5506
vn -0.3176 0.0395 0.9474
vn -0.5093 -0.7803 -0.3630
vn 0.2996 -0.0087 0.9540
vn -0.7463 -0.4846 0.4564
vn 0.3663 -0.8124 -0.4537
vn -0.3219 0.3271 -0.8885
vn 0.9859 0.0889 -0.1418
vn 0.5598 -0.4191 0.7148
vn -0.8649 0.4752 -0.1614
vn -0.5756 0.6917 -0.4362
vn 0.6008 0.2344 0.7643
vn 0.1261 0.6913 0.7115
vn 0.1803 -0.6311 0.7545
vn -0.9387 0.1156 -0.3249
vn 0.5913 -0.2521 0.7661
vn 0.3938 0.2531 -0.8837
vn 0.8918 0.0130 -0.4523
vn -0.1499 0.7036 -0.6946
vn 0.9709 -0.1650 -0.1734
vn 0.4453 -0.3196 0.8364
vn 0.6662 0.6988 0.2605
vn -0.8982 -0.4047 -0.1716
vn 0.1500 0.0199 -0.9885
vn 0.8582 -0.3954 -0.3274
vn -0.0642 0.9492 0.3082
vn -0.7539 0.0696 0.6533
vn 0.6357 0.3296 -0.6980
vn 0.9870 -0.1606 0.0012
vn 0.7407 -0.6525 0.1601
vn -0.1084 -0.9694 0.2202
vn -0.6920 -0.6183 -0.3727
vn 0.0307 0.9395 0.3412
vn 0.9985 -0.0080 0.0544
vn 0.4481 -0.5501 -0.7047
vn 0.2101 0.0893 0.9736
vn -0.3380 -0.9309 -0.1385
vn -0.6081 0.5161 0.6032
vn 0.1085 0.9694 -0.2202
vn -0.4649 -0.4175 -0.7807
vn -0.2887 0.1016 -0.9520
vn -0.1533 -0.9183 -0.3650
vn 0.7309 -0.6384 0.2415
vn 0.6537 0.7563 0.0274
vn -0.2512 -0.6528 0.7146
vn -0.9608 -0.1498 -0.2332
vn -0.7580 0.2185 0.6145
vn -0.0969 0.7017 -0.7058
vn -0.0016 -0.7049 -0.7093
vn -0.9900 -0.0959 0.1038
vn -0.4515 0.0534 -0.8907
vn 0.3858 0.1277 0.9137
vn 0.9997 0.0145 -0.0212
vn -0.7823 0.1605 -0.6018
vn 0.9803 0.0072 0.1976
vn -0.6914 -0.0291 0.7219
vn -0.5800 0.0297 0.8141
vn 0.7494 -0.6516 0.1174
vn 0.6235 0.0542 -0.7800
vn -0.5495 0.4814 0.6829
vn -0.9279 0.2931 -0.2304
vn -0.3528 -0.2825 0.8920
vn 0.5093 0.7803 0.3630
vn 0.1868 0.2076 0.9602
vn 0.4203 -0.7615 -0.4934
vn 0.3244 0.1604 0.9322
vn -0.3876 0.4695 -0.7933
vn 0.5891 -0.1474 -0.7945
vn 0.8168 -0.5623 0.1290
vn 0.9864 0.0200 -0.1633
vn -0.9862 -0.1553 0.0578
vn -0.9194 0.1949 -0.3416
vn -0.6913 0.6793 0.2461
vn -0.7609 -0.0490 0.6471
vn 0.3884 -0.7425 0.5458
vn 0.9378 0.1232 -0.3247
vn -0.7797 -0.0979 0.6185
vn 0.5361 -0.4684 0.7023
vn -0.6181 0.6022 0.5053
vn -0.6398 0.6243 -0.4483
vn 0.0124 0.9464 0.3228
vn 0.8844 -0.2016 0.4209
vn 0.5887 -0.7743 -0.2322
vn 0.7534 -0.5985 0.2723
vn -0.5638 0.4493 0.6930
vn 0.3386 0.9304 -0.1406
vn -0.5654 0.1504 -0.8110
vn -0.7590 0.4158 0.5010
vn 0.4011 -0.3780 0.8344
vn -0.6879 0.1337 -0.7134
vn -0.3225 -0.2812 -0.9038
vn 0.1998 0.7481 -0.6328
vn 0.6333 -0.2112 0.7445
vn -0.4548 0.0598 -0.8886
vn 0.9809 -0.1628 0.1064
vn 0.6101 -0.4475 0.6539
vn 0.4234 0.1180 0.8982
vn 0.7766 0.4527 -0.4381
vn -0.2705 -0.9620 0.0360
vn -0.9205 0.1989 0.3364
vn 0.4043 0.9142 -0.0272
vn 0.1603 -0.4212 -0.8927
vn 0.9989 -0.0413 -0.0224
vn -0.3278 -0.7446 -0.5814
vn -0.5056 -0.3251 0.7992
vn 0.4023 0.2826 -0.8708
vn -0.7828 0.1796 0.5958
vn -0.4411 -0.1008 -0.8918
vn -0.9567 0.0722 -0.2820
vn -0.3274 -0.0384 -0.9441
vn -0.5572 -0.8301 0.0203
vn 0.1647 -0.9770 0.1352
vn -0.4529 -0.8435 -0.2888
vn -0.9333 0.1506 -0.3260
vn -0.2513 0.7105 0.6573
vn 0.1315 0.2924 -0.9472
vn 0.9071 0.1854 0.3778
vn -0.4090 0.0611 -0.9105
vn 0.1949 0.0579 0.9791
vn -0.9367 0.2589 0.2358
vn -0.9404 0.2199 -0.2594
vn 0.9523 0.1597 0.2599
vn -0.1647 0.9770 -0.1352
vn -0.7010 0.3198 0.6375
vn 0.2998 0.3699 -0.8794
vn -0.6840 -0.0114 0.7294
vn -0.7611 0.5032 0.4094
vn -0.2982 0.1055 -0.9486
vn -0.4337 -0.5859 0.6846
vn 0.9533 0.2275 0.1988
vn -0.8999 0.1971 -0.3890
vn -0.3993 0.2088 -0.8927
vn 0.6589 0.3230 -0.6794
vn -0.2453 -0.2273 -0.9424
vn 0.3437 -0.2863 -0.8944
vn 0.6031 -0.2897 0.7432
vn 0.8395 0.5226 -0.1488
vn 0.3278 0.7446 0.5815
vn 0.1742 -0.5167 0.8383
vn 0.9093 -0.3847 -0.1587
vn 0.1501 0.7405 -0.6551
vn -0.5693 -0.4448 0.6914
vn 0.9360 0.3488 0.0464
vn 0.7989 -0.1359 -0.5859
vn 0.7643 0.6408 0.0720
vn 0.8233 0.3377 -0.4563
vn 0.0704 -0.8088 -0.5839
vn -0.9892 0.0785 -0.1236
vn 0.9895 -0.0445 0.1372
vn -0.3468 0.1433 -0.9269
vn -0.8943 -0.0918 0.4380
vn 0.2394 0.2098 0.9480
vn -0.8363 0.5188 0.1777
vn 0.8363 -0.5188 -0.1776
vn -0.9316 0.3273 0.1580
vn 0.8848 0.0698 0.4606
vn 0.9910 0.0437 0.1264
vn -0.3711 -0.8782 -0.3019
vn -0.8932 0.4194 -0.1622
vn 0.5223 0.8494 -0.0757
vn -0.3437 0.2863 0.8944
vn 0.5278 -0.0726 -0.8463
vn -0.7420 0.6696 -0.0341
vn 0.7843 -0.6192 0.0387
vn -0.4497 0.8821 -0.1404
vn 0.9842 0.1453 0.1009
vn 0.9421 0.2634 0.2076
vn 0.9235 0.3712 0.0965
vn -0.9699 0.0195 -0.2427
vn -0.0502 -0.9822 0.1811
vn 0.5683 0.0541 -0.8210
vn 0.4916 0.0815 0.8670
vn -0.3235 0.9289 -0.1802
vn -0.9797 0.0908 0.1787
vn 0.7764 0.4318 0.4591
vn 0.9355 -0.2985 0.1889
vn -0.3853 -0.8662 -0.3181
vn -0.9099 0.2064 0.3599
vn -0.9148 0.1821 -0.3605
vn 0.8363 -0.5188 -0.1777
vn 0.7887 -0.3484 0.5065
vn -0.8445 0.2906 0.4498
vn -0.2904 0.3150 -0.9036
vn -0.9213 0.3714 -0.1154
vn -0.9360 -0.3488 -0.0464
vn 0.9668 -0.2528 -0.0382
vn 0.9891 0.0311 0.1436
vn -0.5174 -0.0137 -0.8556
vn -0.1752 0.1418 -0.9743
vn -0.8046 0.0457 0.5921
vn 0.2652 0.3749 0.8883
vn 0.5093 0.2561 0.8216
vn 0.9286 -0.2617 -0.2631
vn 0.4337 0.5859 -0.6846
vn -0.3278 -0.7446 -0.5815
vn 0.1630 -0.9126 0.3751
vn -0.9972 0.0505 0.0560
vn 0.5344 -0.4324 -0.7263
vn -0.9927 -0.0300 0.1168
vn 0.3509 0.1369 -0.9264
vn 0.9608 0.2022 0.1897
vn -0.7560 -0.1579 0.6353
vn 0.2774 0.9602 0.0334
vn -0.1647 0.9770 -0.1353
vn -0.2793 0.9212 -0.2708
vn 0.6614 -0.1863 0.7265
vn -0.8910 -0.2264 -0.3935
vn -0.8448 0.1826 0.5030
vn -0.2895 -0.9397 -0.1819
vn -0.5308 0.8344 -0.1483
vn -0.7023 0.0390 -0.7108
vn -0.5540 -0.8325 0.0069
vn -0.5644 -0.1212 0.8165
vn -0.3304 0.6007 0.7280
vn -0.9837 0.0012 0.1799
vn 0.9351 -0.2953 0.1961
vn 0.9061 0.4191 -0.0582
vn -0.1928 -0.8417 0.5043
vn -0.5891 0.0896 0.8031
vn -0.8051 0.2206 0.5506
vn -0.7227 0.6320 -0.2798
vn -0.9977 -0.0141 0.0661
vn -0.0591 -0.6105 -0.7898
vn 0.5506 -0.0532 -0.8331
vn -0.5299 -0.5883 0.6108
vn 0.9625 0.2600 0.0769
vn 0.5629 -0.2284 -0.7943
vn 0.1192 -0.9297 -0.3484
vn -0.9455 -0.0654 -0.3189
vn 0.4423 0.3053 -0.8433
vn 0.9243 0.1985 0.3260
vn 0.8320 -0.3778 0.4062
vn 0.1532 -0.9880 -0.0178
vn 0.9505 -0.1224 0.2856
vn -0.2378 0.8208 -0.5193
vn -0.9217 -0.1151 -0.3705
vn -0.2855 0.2297 -0.9304
vn 0.4766 -0.7473 -0.4631
vn 0.6261 0.3596 0.6918
vn 0.2947 -0.7129 0.6363
vn -0.5755 0.8156 0.0600
vn -0.6093 -0.0587 0.7908
vn -0.9993 -0.0223 0.0303
vn -0.9857 -0.1330 -0.1031
vn -0.9189 0.2083 0.3351
vn 0.9461 -0.0389 0.3215
vn 0.5114 0.2126 -0.8326
vn 0.1122 -0.4511 0.8854
vn 0.9510 0.1391 0.2762
vn 0.1108 0.1461 0.9830
vn -0.7669 -0.3096 -0.5622
vn -0.9995 -0.0174 0.0260
vn 0.9720 0.0164 0.2345
vn -0.5829 0.3687 -0.7240
vn -0.8981 0.0642 -0.4350
vn 0.4329 -0.7527 -0.4959
vn -0.2021 -0.0824 -0.9759
vn -0.1630 -0.1043 -0.9811
vn 0.5733 0.0803 0.8154
vn -0.2490 -0.9682 -0.0228
vn 0.6606 -0.3748 0.6505
vn -0.6071 0.7936 0.0401
vn -0.4246 -0.8337 0.3532
vn -0.9044 -0.4249 -0.0387
vn -0.3733 -0.4450 0.8140
vn 0.2616 0.3352 0.9051
vn 0.2388 -0.1133 0.9644
vn 0.7561 0.0911 -0.6481
vn 0.7363 0.0200 -0.6764
vn 0.9992 0.0348 0.0171
vn -0.4640 -0.0458 0.8847
vn 0.9722 0.0723 -0.2228
vn -0.0910 -0.7316 0.6756
vn 0.3951 0.2388 -0.8871
vn 0.0069 0.9983 -0.0580
vn -0.9148 0.3982 -0.0673
vn 0.3754 0.4169 -0.8278
vn 0.3719 -0.0403 -0.9274
vn 0.2280 0.0909 -0.9694
vn -0.8837 0.2958 -0.3627
vn -0.7794 -0.1101 -0.6168
vn -0.2944 0.3286 0.8974
vn 0.9095 0.1140 0.3999
vn 0.2238 0.1695 0.9598
vn 0.1312 -0.0057 0.9913
vn -0.8353 0.3230 0.4449
vn -0.5242 0.2236 0.8217
vn -0.7883 -0.4296 -0.4405
vn 0.8635 -0.3337 -0.3782
vn -0.9067 0.0559 0.4182
vn 0.9464 0.3214 -0.0334
vn 0.7162 -0.2719 0.6428
vn -0.8007 -0.0460 -0.5973
vn -0.9175 -0.0449 0.3952
vn 0.1812 -0.7695 -0.6124
vn -0.9932 -0.0191 -0.1150
vn -0.9425 0.0468 0.3310
vn -0.0057 -0.9999 -0.0156
vn 0.0448 0.1211 0.9916
vn -0.5918 -0.0177 -0.8059
vn -0.1469 0.0770 0.9862
vn 0.1952 -0.8179 -0.5412
vn 0.8863 0.0928 0.4537
vn 0.9968 0.0450 0.0658
vn -0.2265 -0.1601 -0.9608
vn 0.3791 0.0471 -0.9242
vn -0.8364 -0.1541 -0.5260
vn -0.8929 0.3200 -0.3167
vn 0.0147 0.3838 -0.9233
vn -0.4435 -0.8497 0.2854
vn 0.8983 0.3303 0.2897
vn -0.6315 0.1554 0.7597
vn -0.1653 -0.1137 0.9797
vn -0.0025 0.8006 -0.5992
vn -0.9524 -0.2873 -0.1023
vn -0.0943 0.9745 -0.2035
vn -0.0000 -1.0000 -0.0000
vn 0.8707 0.3680 -0.3263
vn -0.9029 0.1875 0.3869
vn 0.9976 0.0576 0.0389
vn 0.2620 -0.9529 -0.1530
vn -0.9170 -0.0214 0.3983
vn -0.1758 0.9529 -0.2471
vn -0.9911 -0.1324 -0.0160
vn 0.9576 0.2723 -0.0944
vn 0.8796 -0.1316 0.4571
vn 0.9395 0.0987 -0.3279
vn 0.5986 -0.2526 -0.7602
vn -0.8138 0.0380 -0.5800
vn -0.1414 -0.0275 0.9896
vn 0.8959 0.2918 0.3350
vn -0.5766 0.7908 0.2052
vn 0.9832 0.1480 -0.1065
vn 0.5096 0.2801 -0.8135
vn 0.5723 -0.5821 0.5777
vn -0.7063 -0.4467 -0.5492
vn 0.9824 -0.0012 -0.1870
vn 0.1563 0.8858 0.4369
vn -0.0600 0.1781 0.9822
vn 0.8194 -0.3324 0.4670
vn -0.9893 -0.1061 -0.1006
vn -0.7280 -0.5971 0.3370
vn 0.2867 0.7853 -0.5488
vn -0.2054 -0.9636 0.1709
vn 0.9578 0.0623 -0.2807
vn -0.6605 0.7199 0.2130
vn 0.8908 0.4334 -0.1361
vn -0.8037 0.5821 0.1238
vn -0.9985 0.0334 -0.0439
vn -0.3082 0.4541 0.8359
vn -0.8002 -0.0694 -0.5957
vn -0.5464 0.1773 -0.8186
vn 0.2568 -0.1710 -0.9512
vn -0.9656 0.2321 -0.1176
vn -0.6460 0.2036 -0.7357
vn -0.6458 0.3599 -0.6733
vn 0.9857 -0.0064 -0.1681
vn -0.9982 -0.0044 0.0592
vn -0.9427 0.0385 0.3314
vn 0.8877 0.2895 -0.3580
vn 0.6674 0.0304 -0.7440
vn -0.8657 -0.4947 -0.0759
vn -0.8254 0.1392 0.5471
vn 0.9949 -0.0189 0.0993
vn 0.8290 0.0810 0.5533
vn -0.8930 0.1460 -0.4257
vn -0.2392 0.1728 0.9555
vn 0.4787 0.0033 -0.8780
vn 0.9986 0.0314 -0.0419
vn -0.9962 -0.0611 -0.0627
vn -0.9974 0.0197 0.0692
vn -0.9247 -0.3800 0.0228
vn -0.9815 -0.1885 0.0334
vn -0.9880 0.0343 0.1507
vn -0.9827 0.0163 0.1844
vn -0.2593 -0.7868 -0.5601
vn 0.9221 0.0923 0.3757
vn -0.2304 -0.1382 -0.9632
vn 0.9486 0.0542 0.3117
vn -0.1748 0.2293 0.9575
vn 0.4585 -0.0223 -0.8884
vn 0.3429 0.5206 -0.7819
vn -0.1240 -0.4777 0.8697
vn -0.5800 -0.6210 -0.5272
vn 0.4240 0.3320 -0.8426
vn -0.9589 -0.2705 -0.0858
vn -0.6929 -0.1292 -0.7093
vn -0.3397 -0.5092 -0.7908
vn 0.8640 0.4589 -0.2072
vn 0.5999 -0.7725 -0.2083
vn -0.8247 -0.5356 0.1817
vn 0.9325 0.1876 -0.3087
vn -0.8384 -0.0624 0.5415
vn 0.9179 0.0401 0.3947
vn -0.9975 0.0018 -0.0705
vn -0.8833 -0.0677 0.4639
vn 0.8920 -0.0027 -0.4520
vn 0.7616 0.2521 0.5971
vn -0.8993 -0.1740 -0.4013
vn -0.3218 -0.4231 -0.8470
vn -0.6255 -0.0584 0.7781
vn 0.0456 -0.9469 -0.3184
vn -0.4333 0.3113 0.8458
vn 0.9113 0.3551 -0.2086
vn 0.5075 -0.4288 0.7474
vn 0.9639 0.1831 -0.1931
vn -0.1249 -0.6701 0.7317
vn -0.6826 0.4128 0.6030
vn -0.7931 -0.6080 0.0372
vn 0.9606 0.0358 0.2755
vn 0.4718 -0.4105 -0.7803
vn -0.7094 0.4592 -0.5347
vn 0.9348 0.2502 -0.2521
vn -0.3838 0.2825 -0.8791
vn -0.5011 0.1845 0.8455
vn -0.5137 -0.2401 0.8237
vn -0.9393 0.0128 0.3427
vn 0.6718 -0.0930 -0.7349
vn 0.9840 0.1305 -0.1213
vn -0.9354 -0.3253 0.1388
vn -0.7594 0.3935 0.5182
vn 0.2144 -0.5998 -0.7709
vn 0.0464 0.2311 0.9718
vn 0.4489 0.3064 0.8394
vn 0.3638 0.3557 -0.8609
vn -0.2729 0.4987 -0.8227
vn -0.5793 0.6395 0.5054
vn 0.6171 -0.7502 -0.2374
vn 0.9979 0.0491 0.0429
vn -0.5250 -0.5602 0.6408
vn -0.1013 -0.8643 0.4927
vn -0.1349 -0.9427 0.3050
vn 0.7611 0.0594 0.6459
vn -0.9401 -0.2205 0.2599
vn -0.4932 0.8003 0.3409
vn -0.6156 -0.0769 0.7843
vn 0.9488 0.1657 0.2689
vn -0.9879 0.1090 -0.1106
vn -0.5435 0.7093 0.4489
vn -0.6539 -0.1767 0.7356
vn -0.9908 0.1203 0.0617
vn 0.9383 0.1065 -0.3290
vn -0.0993 -0.4111 0.9062
vn -0.9748 -0.2077 0.0811
vn 0.2904 -0.9534 -0.0813
vn 0.1963 0.9800 -0.0312
vn -0.6973 -0.0410 0.7156
vn 0.9521 0.2113 -0.2210
vn -0.9528 -0.0718 -0.2951
vn -0.9225 0.1845 0.3390
vn 0.1435 0.9887 -0.0435
vn 0.8211 0.0869 -0.5641
vn 0.8215 -0.0553 0.5676
vn 0.9415 0.1577 -0.2980
vn 0.2244 -0.9238 -0.3104
vn 0.9344 -0.2928 -0.2029
vn -0.9626 0.0613 -0.2641
vn 0.5945 -0.2489 -0.7646
vn 0.2607 0.4210 0.8688
vn -0.4692 0.0033 -0.8831
vn -0.9212 0.1190 0.3703
vn 0.5563 -0.3377 -0.7592
vn -0.5043 -0.1654 0.8475
vn 0.6323 0.7612 -0.1438
vn 0.3104 0.5978 -0.7391
vn -0.7255 0.3729 0.5784
vn 0.8284 0.0147 0.5599
vn 0.3051 -0.7580 -0.5764
vn -0.0257 0.0079 -0.9996
vn -0.4617 0.2135 0.8610
vn -0.7638 0.2804 -0.5814
vn 0.4110 0.2162 -0.8856
vn -0.5222 0.2323 -0.8206
vn -0.6205 0.2012 -0.7579
vn -0.6745 -0.2792 0.6835
vn -0.9384 0.3452 0.0162
vn 0.5167 -0.2255 0.8259
vn 0.1329 0.2656 0.9549
vn 0.9684 -0.1728 -0.1798
vn -0.6707 0.2658 -0.6925
vn 0.7312 -0.6783 0.0730
vn -0.8028 -0.2216 0.5536
vn 0.0178 -0.5296 0.8481
vn 0.9116 -0.2002 0.3590
vn -0.9729 -0.1995 0.1171
vn 0.1349 0.2787 0.9509
vn 0.8729 0.0689 0.4831
vn 0.3492 0.4726 0.8091
vn 0.8214 0.3047 -0.4822
vn 0.2948 -0.0201 -0.9554
vn 0.0910 0.4134 0.9060
vn -0.9549 -0.2109 -0.2089
vn -0.9079 0.4086 -0.0933
vn -0.7269 -0.2873 -0.6237
vn -0.7819 0.4878 0.3882
vn 0.9639 -0.0113 -0.2661
vn -0.9908 0.0113 -0.1350
vn 0.9607 0.1953 -0.1971
vn -0.8391 -0.0964 0.5354
vn 0.8022 0.0121 0.5969
vn 0.9787 0.2040 -0.0242
vn -0.5928 0.0960 0.7996
vn 0.2484 -0.1249 -0.9606
vn 0.9976 0.0295 -0.0624
vn 0.9766 0.2095 0.0489
vn -0.6041 -0.5552 -0.5716
vn -0.5662 0.2148 0.7958
vn -0.2719 -0.7066 -0.6533
vn -0.6273 -0.4048 0.6654
vn -0.8853 -0.4650 0.0078
vn -0.8124 -0.1281 -0.5688
vn -0.8424 -0.3982 0.3630
vn -0.9403 -0.0184 0.3398
vn 0.8321 -0.2371 -0.5015
vn -0.9798 -0.0911 -0.1778
vn 0.1029 0.4186 0.9023
vn 0.9752 0.0682 -0.2103
vn 0.9545 0.1376 -0.2644
vn 0.3328 0.1996 -0.9216
vn 0.7390 -0.1426 0.6584
vn -0.8939 -0.3498 -0.2803
vn -0.8902 0.2950 0.3471
vn -0.9971 -0.0749 0.0133
vn 0.6641 -0.7464 -0.0438
vn -0.7790 0.0559 -0.6245
vn 0.2781 0.6003 -0.7499
vn -0.9438 -0.1892 0.2712
vn -0.5452 -0.2330 0.8053
vn -0.7117 0.1670 -0.6824
vn 0.1881 0.9796 -0.0711
vn 0.9233 -0.0908 0.3732
vn 0.3834 -0.9232 0.0287
vn -0.8458 -0.4497 0.2869
vn 0.9517 0.2837 -0.1173
vn -0.8237 -0.5109 -0.2459
vn 0.9093 0.4095 -0.0741
vn -0.3074 -0.4723 -0.8261
vn -0.5993 -0.7557 -0.2641
vn -0.1030 -0.5978 -0.7950
vn 0.0951 0.2033 0.9745
vn 0.5385 -0.5379 -0.6486
vn 0.1474 0.9870 -0.0632
vn 0.9023 0.1010 -0.4191
vn 0.2365 -0.8956 0.3769
vn 0.9844 -0.1614 -0.0694
vn -0.9887 -0.1130 0.0981
vn -0.1542 0.9368 0.3140
vn 0.8396 0.3125 -0.4443
vn 0.5468 -0.4039 0.7334
vn -0.8254 0.5644 0.0125
vn -0.7085 -0.5634 -0.4250
vn 0.7662 -0.6408 0.0475
vn 0.0763 -0.7510 -0.6559
vn -0.8190 0.5716 -0.0502
vn 0.7952 -0.6057 0.0292
vn 0.7105 -0.6797 -0.1822
vn 0.7149 0.3541 0.6029
vn -0.0814 0.7347 0.6735
vn 0.9925 -0.1222 -0.0031
vn 0.2123 -0.6041 0.7681
vn -0.4867 -0.5332 0.6920
vn -0.7350 0.6530 0.1828
vn 0.9364 0.3381 -0.0936
vn 0.1713 0.0446 0.9842
vn -0.7167 0.6752 0.1745
vn 0.9796 -0.0792 -0.1848
vn 0.4975 -0.5928 0.6333
vn 0.9438 0.3182 -0.0893
vn -0.0051 0.4713 0.8820
vn 0.6252 0.7798 -0.0322
vn 0.1994 0.3249 0.9245
vn -0.1880 0.9487 0.2541
vn 0.8840 -0.1939 -0.4253
vn 0.7385 0.1227 0.6629
vn 0.2881 -0.7598 0.5829
vn 0.2514 0.1464 -0.9568
vn -0.7471 -0.0803 -0.6599
vn -0.9275 -0.3085 -0.2113
vn -0.5317 -0.6857 0.4971
vn -0.6034 0.2505 0.7571
vn 0.0490 0.1215 0.9914
vn -0.7201 -0.1100 -0.6851
vn 0.2497 0.3278 -0.9112
vn -0.7732 0.6310 -0.0629
vn 0.5967 -0.2638 -0.7578
vn -0.6187 0.7221 -0.3095
vn -0.8183 0.5724 0.0533
vn 0.0787 -0.1684 0.9826
vn -0.7719 -0.0070 -0.6356
vn 0.8125 0.3096 0.4940
vn -0.9449 0.1530 0.2894
vn 0.8648 0.4470 -0.2287
vn 0.9994 -0.0327 -0.0074
vn 0.8557 0.3807 0.3505
vn -0.8607 0.0618 -0.5054
vn 0.8205 -0.5648 -0.0882
vn -0.5313 -0.3981 0.7478
vn 0.6558 0.6150 0.4378
vn -0.8686 -0.2433 0.4317
vn 0.6557 -0.7506 0.0818
vn -0.2867 0.5879 -0.7564
vn 0.2460 -0.1737 0.9536
vn 0.2115 0.3155 0.9250
vn -0.9092 0.4155 -0.0257
vn 0.6601 0.5840 0.4725
vn -0.7590 -0.5463 0.3542
vn -0.0629 -0.3434 0.9371
vn -0.7565 0.6438 0.1151
vn -0.9958 0.0461 -0.0792
vn 0.0182 0.1027 0.9945
vn 0.4860 -0.8308 0.2713
vn -0.6206 0.7655 0.1700
vn -0.7033 0.2785 -0.6541
vn 0.0169 0.9812 0.1922
vn 0.7562 -0.3385 0.5600
vn 0.9952 -0.0705 -0.0676
vn 0.2525 0.6994 -0.6686
vn 0.7638 0.4281 0.4831
vn 0.6892 0.5155 0.5092
vn 0.9096 -0.0428 -0.4132
vn -0.5650 -0.1102 0.8177
vn 0.9114 0.0215 -0.4109
vn 0.7274 -0.5806 0.3657
vn -0.0205 -0.1011 0.9947
vn -0.7766 0.6282 0.0476
vn 0.2271 0.7927 0.5657
vn 0.0384 0.9181 -0.3945
vn 0.7361 0.5855 -0.3395
vn -0.5451 0.1451 0.8257
vn -0.0711 0.9518 0.2985
vn 0.8014 -0.5590 -0.2127
vn 0.7709 -0.0849 0.6313
vn 0.4377 0.2720 0.8570
vn 0.2935 0.8860 0.3590
vn -0.7923 0.6044 0.0840
vn -0.5551 0.1425 -0.8195
vn -0.1498 -0.2170 0.9646
vn 0.5630 0.6730 -0.4797
vn -0.7499 0.6611 0.0255
vn 0.0038 -0.1189 0.9929
vn -0.9684 -0.0854 -0.2343
vn -0.7682 0.6077 0.2015
vn 0.7663 0.1244 0.6303
vn -0.6894 0.0884 -0.7189
vn -0.2913 0.5783 0.7621
vn 0.8428 -0.5311 -0.0876
vn 0.9807 0.0661 -0.1838
vn -0.1474 0.6492 0.7462
vn 0.7134 -0.6784 -0.1758
vn 0.0942 0.9676 0.2341
vn -0.1555 0.9699 0.1874
vn -0.5914 0.7958 -0.1303
vn 0.8790 -0.0180 -0.4765
vn -0.9501 -0.0609 0.3061
vn 0.9971 -0.0651 -0.0382
vn -0.8121 0.5699 -0.1258
vn -0.7416 0.6693 0.0454
vn -0.0406 0.5999 0.7990
vn 0.9501 -0.2412 -0.1977
vn 0.8265 -0.5627 -0.0171
vn 0.9424 -0.3324 0.0385
vn -0.8090 -0.4201 0.4111
vn 0.8898 -0.0394 -0.4547
vn -0.8132 -0.2573 0.5221
vn -0.7574 0.6484 0.0775
vn 0.9922 -0.0007 -0.1244
vn 0.2850 -0.0481 -0.9573
vn 0.1411 0.2869 -0.9475
vn 0.7175 -0.2932 -0.6319
vn 0.6767 -0.6926 -0.2499
vn -0.3578 -0.6417 0.6784
vn 0.2788 0.4102 0.8683
vn -0.0772 0.4427 0.8933
vn 0.5942 0.7637 0.2524
vn -0.9062 0.0623 0.4181
vn -0.3724 0.1004 0.9226
vn -0.3752 -0.3614 -0.8536
vn 0.5802 -0.6601 -0.4770
vn -0.4106 -0.4819 -0.7740
vn 0.7717 -0.0636 -0.6327
vn 0.8398 -0.1336 0.5263
vn 0.8436 0.0808 0.5309
vn -0.7682 0.4603 -0.4449
vn -0.6926 0.6447 -0.3236
vn 0.9097 0.2076 -0.3597
vn -0.9186 0.3650 0.1513
vn -0.6656 0.7386 0.1070
vn 0.6069 -0.6452 -0.4640
vn -0.5236 0.8502 0.0555
vn -0.9679 0.2408 0.0722
vn 0.7614 0.0038 -0.6483
vn -0.0090 -0.6847 -0.7288
vn -0.0330 0.6356 0.7713
vn 0.9783 -0.1401 0.1524
vn 0.3165 0.9307 -0.1836
vn -0.8921 0.4507 0.0319
vn -0.4993 0.1009 0.8606
vn 0.7476 -0.1890 -0.6367
vn -0.4585 -0.2572 0.8506
vn -0.3895 0.9058 -0.1669
vn 0.9429 -0.3305 -0.0427
vn 0.4297 0.9005 0.0667
vn -0.0723 -0.1455 0.9867
vn -0.6256 -0.6838 0.3755
vn -0.6186 0.7378 -0.2704
vn 0.4378 -0.4140 -0.7981
vn 0.5062 0.8019 -0.3175
vn -0.7980 0.4479 0.4033
vn -0.4013 -0.4290 0.8093
vn 0.2369 0.8042 -0.5451
vn -0.2840 0.9511 -0.1214
vn -0.8190 0.4988 0.2836
vn 0.9411 0.0748 0.3297
vn 0.9886 -0.0305 0.1471
vn -0.8536 0.5204 0.0221
vn -0.8434 0.2830 0.4568
vn 0.9957 0.0882 -0.0278
vn 0.7485 0.6391 -0.1772
vn 0.6197 0.0411 -0.7837
vn 0.8000 -0.0112 -0.5999
vn -0.9286 0.2617 0.2631
vn -0.1392 0.5863 0.7980
vn -0.9522 0.1989 -0.2320
vn -0.8148 0.5793 0.0233
vn -0.2051 0.0955 0.9741
vn 0.3923 0.5938 -0.7025
vn 0.9981 -0.0399 0.0475
vn -0.3109 0.2863 0.9063
vn 0.8160 -0.2747 0.5086
vn -0.4345 -0.3109 0.8453
vn -0.6075 0.0278 -0.7939
vn -0.0137 -0.3731 0.9277
vn -0.9945 -0.0626 0.0838
vn 0.9979 -0.0458 -0.0467
vn -0.9295 0.2384 -0.2815
vn 0.4987 0.7042 -0.5054
vn 0.8282 -0.4969 -0.2590
vn -0.8858 0.1884 0.4240
vn -0.9723 0.1642 0.1664
vn -0.5621 0.7496 -0.3495
vn 0.7503 0.5491 -0.3681
vn 0.9851 0.1647 -0.0498
vn 0.9671 -0.1171 0.2260
vn -0.5712 0.4246 0.7024
vn 0.9975 0.0246 -0.0660
vn -0.6483 0.7234 0.2375
vn 0.8341 -0.0006 -0.5516
vn -0.6563 0.7457 0.1153
vn -0.8241 -0.3324 0.4586
vn -0.9425 0.3341 -0.0093
vn -0.6416 -0.1560 0.7510
vn 0.0166 -0.1542 0.9879
vn 0.0407 0.2763 0.9602
vn -0.3565 0.2010 0.9124
vn -0.8016 0.5197 -0.2955
vn 0.1278 0.4722 -0.8722
vn -0.1433 0.1085 0.9837
vn 0.8903 0.4455 -0.0944
vn 0.9973 -0.0020 0.0737
vn -0.2621 0.2024 0.9436
vn -0.3713 0.7902 0.4876
vn 0.6206 -0.7474 0.2371
vn -0.8873 -0.4596 0.0382
vn -0.2730 0.1401 0.9517
vn -0.3244 0.1542 0.9333
vn 0.9910 0.0670 -0.1162
vn -0.0613 0.9656 0.2529
vn -0.5900 0.8060 -0.0480
vn -0.4697 0.2250 0.8537
vn 0.8777 0.4418 -0.1856
vn 0.7717 0.6351 -0.0341
vn 0.9890 -0.1186 -0.0883
vn 0.8040 -0.1095 0.5844
vn -0.0373 -0.0715 0.9967
vn 0.9095 -0.4061 -0.0893
vn -0.1045 0.2285 0.9679
vn -0.3784 0.8858 0.2688
vn 0.7504 0.6601 -0.0349
vn 0.9656 0.0680 -0.2509
vn 0.9901 -0.1283 -0.0564
vn -0.5155 0.5981 -0.6136
vn 0.9992 0.0393 -0.0094
vn 0.7965 -0.4138 0.4409
vn 0.5346 -0.1119 0.8377
vn -0.5653 0.7109 -0.4184
vn 0.8212 0.5486 -0.1570
vn -0.3561 0.1703 0.9188
vn -0.9826 0.1164 0.1447
vn 0.4498 -0.1647 0.8778
vn 0.3042 -0.1479 0.9410
vn 0.9970 -0.0710 -0.0310
vn 0.9950 -0.0654 0.0750
vn -0.4666 -0.0642 0.8821
vn -0.3639 0.4575 0.8114
vn -0.7583 -0.6142 0.2185
vn -0.6155 0.6764 -0.4046
vn 0.7708 0.4910 0.4059
vn 0.7374 0.6580 -0.1525
vn -0.7168 0.0841 0.6922
vn 0.4742 -0.6158 0.6293
vn 0.0673 -0.9210 0.3837
vn -0.3095 0.1074 0.9448
vn -0.6819 0.5907 -0.4314
vn -0.9818 -0.1324 -0.1359
vn -0.4085 0.6365 -0.6542
vn -0.2602 0.8659 -0.4272
vn -0.6751 -0.5039 0.5388
vn 0.9940 0.0750 -0.0797
vn -0.9861 -0.1518 0.0678
vn -0.4609 0.5997 -0.6541
vn 0.6836 0.6753 -0.2769
vn 0.9301 0.0490 0.3639
vn 0.9954 -0.0013 -0.0959
vn -0.4349 0.1259 0.8916
vn -0.5016 0.5198 0.6915
vn 0.9872 0.1427 0.0711
vn 0.9932 -0.1069 0.0453
vn -0.7585 0.5445 0.3580
vn 0.1847 0.8289 -0.5280
vn 0.9118 0.2459 0.3290
vn 0.7393 0.6523 -0.1670
vn -0.9360 -0.3489 -0.0463
vn 0.7455 0.2734 0.6079
vn -0.1243 -0.0097 0.9922
vn 0.6046 0.7052 -0.3704
vn 0.7060 -0.6896 0.1612
vn 0.4218 0.4912 0.7621
vn 0.9768 0.0213 0.2129
vn -0.3615 -0.8740 -0.3246
vn -0.8249 0.5256 0.2077
vn -0.9832 -0.1555 -0.0954
vn 0.9328 0.3233 0.1591
vn -0.6066 0.7950 -0.0081
vn 0.0444 -0.9942 -0.0976
vn 0.9903 0.1270 -0.0569
vn 0.3555 0.8300 -0.4298
vn 0.6789 0.6933 -0.2418
vn 0.6858 0.6951 0.2157
vn -0.3062 -0.0986 0.9468
vn 0.3945 -0.0604 0.9169
vn -0.3015 0.0933 0.9489
vn 0.0873 -0.3115 0.9462
vn 0.6466 0.7611 0.0517
vn -0.6801 0.7214 -0.1305
vn 0.4486 0.7668 0.4591
vn -0.2363 -0.4205 0.8760
vn 0.8019 -0.0650 0.5939
vn 0.1518 0.9873 -0.0467
vn -0.8038 0.5946 0.0207
vn -0.9874 -0.1582 0.0048
vn 0.9515 0.3041 0.0469
vn 0.5339 0.5632 0.6307
vn -0.3917 0.0774 0.9168
vn 0.1740 0.0227 0.9845
vn 0.9768 0.2123 0.0280
vn 0.6782 -0.7165 -0.1634
vn 0.9170 0.3579 -0.1763
vn 0.1402 -0.9823 -0.1239
vn -0.3115 -0.4548 0.8343
vn 0.1148 0.9886 -0.0973
vn 0.5620 0.8162 -0.1340
vn -0.3865 0.2251 0.8944
vn 0.2862 -0.2585 0.9226
vn -0.7288 0.6729 0.1264
vn 0.6919 -0.7179 -0.0765
vn 0.9166 0.3878 -0.0972
vn 0.1053 0.9943 -0.0140
vn 0.1124 0.3188 0.9411
vn -0.7243 0.6675 0.1728
vn 0.3684 0.0544 0.9281
vn 0.1212 0.9862 0.1126
vn 0.9204 0.3868 0.0564
vn -0.1543 0.5917 0.7912
vn -0.9861 0.0117 0.1659
vn -0.0882 -0.9947 0.0522
vn 0.4980 -0.8616 0.0977
vn 0.1628 0.9680 0.1911
vn 0.9755 0.2020 0.0873
vn -0.3293 0.4060 0.8525
vn -0.2046 0.6479 0.7337
vn -0.3650 0.8985 0.2437
vn -0.3823 0.4712 0.7949
vn -0.3905 0.0859 0.9166
vn -0.3374 0.9400 0.0503
vn 0.6839 0.5824 -0.4395
vn 0.7557 0.2782 0.5928
vn 0.0822 0.9228 0.3763
vn -0.2476 0.9585 -0.1411
vn 0.3108 0.9405 0.1377
vn 0.1324 0.9544 -0.2674
vn 0.2728 0.9557 -0.1103
vn -0.0744 0.9679 -0.2402
vn -0.1697 0.9304 0.3248
vn -0.1591 0.9197 0.3589
vn -0.3334 0.9018 0.2750
vn 0.9973 -0.0365 -0.0640
vn -0.3157 0.9483 0.0316
vn -0.5553 0.7645 0.3274
vn -0.0470 0.8693 0.4920
vn 0.2662 0.8517 0.4514
vn 0.0050 -0.8637 0.5040
vn 0.3501 0.7057 -0.6160
vn -0.9774 0.2111 0.0100
vn -0.2463 0.6705 0.6998
vn 0.1766 0.6760 0.7154
vn 0.5528 -0.1796 -0.8138
vn 0.8061 -0.3490 0.4779
vn 0.6140 0.7418 0.2697
vn 0.0915 0.9923 -0.0836
vn -0.3987 0.9140 -0.0755
vn -0.8496 0.0280 -0.5268
vn 0.9759 -0.2034 -0.0792
vn 0.5688 0.7653 -0.3013
vn 0.8277 0.5519 -0.1017
vn 0.0508 -0.9655 0.2555
vn -0.3550 -0.8618 0.3623
vn 0.0363 -0.1269 -0.9913
vn 0.2150 0.7042 -0.6767
vn 0.3029 -0.5445 -0.7821
vn 0.0173 -0.9998 -0.0066
vn 0.0005 -1.0000 -0.0090
vn -0.1192 0.9688 0.2172
vn -0.1448 0.9626 0.2292
vn 0.4118 -0.1875 0.8918
vn -0.2339 0.9685 -0.0850
vn -0.5573 0.7144 -0.4232
vn 0.4358 0.5111 0.7408
vn 0.1772 0.9833 -0.0413
vn 0.5320 0.6501 -0.5425
vn 0.5474 -0.8169 -0.1816
vn 0.7199 0.6924 0.0495
vn -0.8728 0.4866 -0.0392
vn 0.5439 0.1442 0.8267
vn 0.7711 0.6367 -0.0000
vn 0.4310 0.4616 -0.7753
vn -0.9477 -0.2641 -0.1793
vn -0.4586 -0.1077 -0.8821
vn -0.3666 0.2528 -0.8954
vn -0.1884 0.9821 -0.0003
vn -0.2890 0.5480 0.7850
vn -0.2259 -0.0599 0.9723
vn -0.3013 -0.1469 -0.9421
vn -0.6654 0.6037 -0.4390
vn -0.3105 0.2537 -0.9161
vn 0.1834 -0.9615 -0.2048
vn 0.6147 -0.7877 0.0410
vn -0.8993 -0.2385 0.3665
vn -0.8678 0.4764 0.1413
vn -0.8457 -0.5334 0.0182
vn -0.0129 -0.9997 0.0192
vn -0.1366 -0.9891 -0.0544
vn -0.9027 -0.0570 0.4265
vn 0.8953 -0.4393 -0.0741
vn 0.5304 -0.0000 0.8478
vn -0.1402 0.9561 -0.2574
vn -0.1327 0.9728 -0.1898
vn 0.4101 0.1036 -0.9061
vn 0.4849 0.1570 0.8604
vn 0.4599 0.8755 -0.1484
vn 0.1747 0.9354 -0.3074
vn 0.4695 0.1414 0.8715
vn 0.4300 0.1603 -0.8885
vn -0.0285 -0.9937 -0.1080
vn 0.1693 0.4410 0.8814
vn 0.0625 0.9920 -0.1099
vn -0.9839 -0.0550 -0.1701
vn -0.8697 0.1583 -0.4676
vn -0.0651 0.9922 0.1065
vn -0.3860 0.2184 -0.8963
vn -0.3362 0.2236 0.9149
vn -0.9452 0.1706 0.2783
vn -0.3286 0.9439 0.0339
vn -0.9593 0.2822 0.0096
vn -0.7804 0.6251 0.0157
vn 0.8294 0.0663 -0.5547
vn 0.5056 0.4733 0.7214
vn 0.0599 -0.9981 -0.0161
vn 0.8422 -0.5387 0.0233
vn 0.5438 0.2492 0.8013
vn 0.4600 0.8755 -0.1484
vn 0.4683 0.1588 0.8692
vn 0.0680 -0.9940 0.0861
vn -0.0209 -0.0463 0.9987
vn -0.3452 0.2343 0.9088
vn 0.8294 0.0664 -0.5547
vn -0.3871 0.2068 -0.8986
vn -0.3628 0.0555 -0.9302
vn -0.9718 -0.2238 0.0744
vn -0.7911 0.6082 0.0654
vn -0.0758 0.0594 -0.9954
vn -0.9439 -0.0226 -0.3295
vn -0.9448 -0.0134 -0.3274
vn -0.7867 0.6171 0.0202
vn -0.7852 0.6188 0.0220
vn -0.7807 0.6246 0.0210
vn -0.7799 0.6256 0.0193
vn -0.7883 0.6143 0.0346
vn -0.7858 0.6178 0.0296
vn -0.9193 -0.3183 -0.2314
vn 0.0394 -0.1774 -0.9834
vn -0.2662 0.9571 -0.1148
vn -0.8039 0.5798 -0.1323
vn 0.7119 0.5804 -0.3955
vn 0.0158 -0.2899 -0.9569
vn -0.2444 0.1872 0.9514
vn -0.2186 0.0472 0.9747
vn -0.5629 0.8070 -0.1787
vn -0.1789 0.9839 0.0038
vn -0.2857 0.9553 0.0762
vn 0.0840 -0.0286 0.9961
vn 0.0742 0.9862 -0.1480
vn -0.9903 0.0620 0.1244
vn 0.0940 -0.9954 -0.0183
vn -0.4803 0.8708 -0.1052
vn -0.5228 0.8117 0.2604
vn -0.9324 -0.1993 0.3015
vn -0.6570 -0.2943 -0.6940
vn 0.2404 -0.1900 0.9519
vn 0.5382 0.8420 0.0359
vn -0.1269 0.1478 -0.9808
vn 0.8125 0.5548 0.1792
vn -0.6151 0.7188 -0.3241
vn -0.2561 0.9519 0.1683
vn -0.1628 0.9858 0.0420
vn 0.1461 -0.2543 0.9560
vn 0.7308 0.6820 -0.0281
vn 0.2605 -0.8944 -0.3636
vn 0.9911 0.1111 -0.0733
vn 0.4128 0.9108 -0.0080
vn 0.5216 0.8246 -0.2189
vn -0.3713 0.8860 -0.2777
vn -0.3994 -0.5135 0.7595
vn -0.9495 -0.3093 0.0533
vn 0.3786 -0.8937 -0.2408
vn 0.9568 0.1969 -0.2141
vn 0.9406 0.1382 -0.3100
vn 0.9563 0.0013 -0.2923
vn 0.8820 0.0902 -0.4625
vn -0.1411 -0.5411 -0.8291
vn 0.0800 -0.0062 0.9968
vn -0.1476 0.0995 -0.9840
vn 0.1793 0.9838 -0.0015
vn 0.2011 -0.4821 -0.8527
vn 0.6642 0.7393 0.1110
vn 0.6956 0.6599 0.2841
vn 0.8117 0.1601 -0.5617
vn -0.2641 0.8493 -0.4571
vn 0.5520 -0.7799 0.2952
vn 0.5381 -0.8372 0.0979
vn -0.7259 0.5514 0.4111
vn 0.5503 -0.8285 0.1038
vn -0.9069 -0.1582 0.3904
vn 0.0057 -0.8768 0.4808
vn 0.9383 0.0738 0.3378
vn -0.6063 -0.2414 -0.7577
vn 0.1763 -0.7516 -0.6356
vn -0.3126 0.7968 0.5170
vn 0.1509 0.9593 0.2386
vn 0.4429 -0.2480 0.8616
vn -0.9764 0.1631 0.1415
vn -0.5890 -0.8005 0.1105
vn -0.1294 -0.9659 -0.2243
vn 0.3588 -0.7081 -0.6082
vn -0.8998 -0.1692 -0.4021
vn 0.0001 -1.0000 0.0005
vn -0.0002 -1.0000 0.0003
vn -0.0001 -1.0000 0.0003
vn -0.0004 -1.0000 0.0002
vn 0.0002 -1.0000 0.0008
vn -0.0006 -1.0000 0.0005
vn 0.8644 0.3020 -0.4020
vn 0.2204 0.7436 -0.6313
vn 0.3218 -0.3198 0.8912
vn 0.9652 -0.1038 0.2399
vn 0.5615 0.7292 0.3911
vn -0.0561 0.7591 0.6486
vn -0.1353 0.8339 -0.5351
vn 0.2700 -0.7506 0.6031
vn -0.4627 0.5727 -0.6767
vn -0.5125 -0.7243 -0.4612
vn 0.0474 -0.9189 0.3917
vn -0.7731 -0.4239 -0.4718
vn 0.9499 0.1204 0.2884
vn -0.0815 -0.4679 -0.8800
vn 0.8090 -0.5866 0.0381
vn -0.8451 -0.3799 0.3762
vn -0.9214 0.0816 -0.3800
vn -0.0188 -0.7798 0.6257
vn 0.4384 0.8239 -0.3592
vn -0.1214 -0.8479 0.5160
vn 0.2282 0.2594 -0.9384
vn 0.9138 0.0078 -0.4060
vn -0.2601 0.2566 -0.9309
vn -0.2293 0.1966 -0.9533
vn -0.8418 -0.4845 -0.2379
vn 0.9825 -0.0965 0.1591
vn 0.1236 0.7841 -0.6082
vn 0.2636 -0.3450 -0.9008
vn -0.1887 0.5231 0.8311
vn -0.2673 -0.7556 0.5980
vn -0.3650 0.4972 0.7871
vn -0.8925 -0.1048 0.4386
vn 0.0008 -0.8031 0.5958
vn 0.2207 0.3854 0.8960
vn -0.2059 -0.9671 0.1492
vn -0.0250 -0.9963 -0.0816
vn -0.3642 0.7383 -0.5676
vn 0.7328 -0.5938 -0.3322
vn -0.8786 -0.4434 -0.1771
vn 0.0576 -0.4984 -0.8651
vn -0.5483 -0.7546 -0.3604
vn -0.4188 -0.8793 -0.2269
vn -0.3235 -0.7054 0.6307
vn -0.5189 0.1484 -0.8419
vn -0.6419 0.1431 -0.7533
vn -0.3930 0.6570 0.6433
vn 0.4198 0.3765 -0.8258
vn -0.8696 0.1321 -0.4758
vn 0.9539 -0.1946 0.2284
vn -0.0098 -0.2862 0.9581
vn -0.0093 -0.2895 0.9571
vn 0.9944 0.1054 0.0101
vn 0.4277 -0.6349 0.6434
vn -0.6701 -0.7109 0.2135
vn -0.6877 -0.6701 -0.2796
vn -0.8274 0.1779 -0.5326
vn 0.4081 0.5321 0.7418
vn 0.6445 0.7247 0.2439
vn -0.1547 0.7316 -0.6640
vn 0.8230 -0.3021 -0.4810
vn -0.7372 -0.2758 0.6168
vn -0.8604 0.1701 -0.4804
vn -0.0610 -0.8482 0.5262
vn -0.6287 0.3683 0.6848
vn 0.4272 0.4477 -0.7856
vn 0.9824 0.1857 0.0222
vn 0.1043 0.8827 -0.4582
vn -0.3896 -0.9007 0.1922
vn -0.6140 -0.0483 0.7878
vn 0.8787 -0.4625 -0.1182
vn -0.1431 0.0899 -0.9856
vn -0.9497 0.2502 -0.1884
vn -0.5096 -0.4233 0.7491
vn -0.1988 -0.9213 -0.3341
vn 0.9088 0.4168 -0.0175
vn 0.6623 0.0665 -0.7463
vn 0.1285 0.9727 0.1931
vn 0.9630 0.2622 -0.0623
vn 0.0558 0.3077 0.9498
vn 0.7307 -0.6818 0.0350
vn -0.9701 0.1635 -0.1795
vn -0.9592 0.2005 0.1995
vn 0.9843 -0.0670 -0.1633
vn -0.1240 0.1297 -0.9838
vn -0.9531 0.1819 -0.2420
vn -0.2636 0.1669 -0.9501
vn -0.1350 0.1085 -0.9849
vn -0.9456 0.2952 -0.1369
vn -0.9570 0.2098 0.2005
vn 0.2867 -0.0343 -0.9574
vn -0.1818 -0.0808 -0.9800
vn -0.9776 0.1347 -0.1619
vn -0.1273 -0.9902 -0.0569
vn -0.2105 -0.2309 -0.9499
vn 0.6836 -0.4111 -0.6031
vn -0.3103 -0.9483 -0.0671
vn -0.7297 -0.1760 0.6608
vn -0.9899 -0.0215 -0.1403
vn 0.0169 -0.0289 -0.9994
vn 0.2927 0.6967 -0.6549
vn 0.0127 -0.9968 -0.0788
vn 0.2924 -0.0197 -0.9561
vn 0.0231 0.8588 -0.5118
vn -0.8708 0.1314 0.4738
vn -0.9653 -0.2525 -0.0659
vn -0.9267 0.3181 0.2000
vn 0.1294 -0.8970 -0.4228
vn -0.1391 -0.9462 -0.2922
vn -0.3275 0.9442 -0.0351
vn -0.6558 0.3885 -0.6473
vn -0.3626 -0.0812 -0.9284
vn -0.5644 0.3971 -0.7237
vn -0.0946 -0.9950 0.0331
vn 0.8990 -0.2078 -0.3854
vn -0.9967 0.0352 -0.0733
vn -0.2149 0.1773 -0.9604
vn -0.2128 0.1816 -0.9601
vn -0.6284 -0.3939 0.6708
vn -0.6630 0.6883 0.2944
vn -0.8777 0.1191 0.4643
vn -0.1387 0.9370 -0.3206
vn 0.4775 -0.2337 -0.8470
vn -0.4492 -0.1688 -0.8774
vn 0.2020 -0.8933 -0.4015
vn 0.4567 -0.8081 -0.3720
vn -0.9866 -0.1624 0.0148
vn 0.1199 0.6177 -0.7772
vn -0.9351 -0.3051 -0.1802
vn -0.9949 0.0759 0.0665
vn -0.9686 0.2320 -0.0890
vn -0.7143 0.0800 -0.6952
vn -0.6514 0.7450 0.1436
vn -0.6014 0.7990 0.0046
vn 0.4497 -0.1271 -0.8841
vn -0.5649 0.1032 -0.8187
vn 0.1087 0.9604 -0.2566
vn -0.5774 -0.8017 -0.1545
vn 0.4843 -0.1250 -0.8659
vn -0.1017 0.2932 -0.9506
vn -0.2132 0.3943 -0.8939
vn -0.2831 -0.0647 -0.9569
vn -0.9188 -0.1836 -0.3494
vn -0.7029 -0.6260 0.3377
vn -0.0249 -0.9994 -0.0225
vn -0.0252 -0.9996 -0.0113
vn -0.0223 -0.9997 -0.0139
vn -0.0224 -0.9997 -0.0095
vn 0.9622 -0.2711 -0.0254
vn -0.3684 -0.8241 -0.4303
vn 0.2548 -0.9361 -0.2426
vn -0.8721 0.2492 0.4211
vn 0.9021 0.0777 -0.4245
vn 0.1429 0.3642 -0.9203
vn -0.9630 -0.2496 0.1015
vn -0.1982 0.4497 -0.8709
vn 0.3662 -0.2368 -0.8999
vn 0.7569 0.1085 -0.6444
vn -0.5265 0.7024 0.4789
vn -0.9376 0.1830 0.2956
vn -0.2805 -0.9027 -0.3262
vn -0.2495 -0.0447 0.9673
vn 0.0673 0.9973 0.0309
vn 0.0548 0.2622 -0.9635
vn 0.2055 -0.7922 -0.5746
vn -0.9710 0.2368 -0.0335
vn -0.2265 -0.4183 -0.8796
vn -0.8931 0.2203 0.3921
vn -0.5147 0.8140 0.2693
vn 0.9993 -0.0061 -0.0373
vn 0.2544 0.9669 0.0183
vn 0.4434 0.0245 -0.8960
vn 0.6280 0.7612 -0.1616
vn 0.8613 -0.3868 -0.3295
vn -0.6295 0.5337 -0.5647
vn -0.1447 0.9729 0.1802
vn 0.7092 -0.2314 0.6659
vn -0.8502 0.4826 0.2102
vn 0.9892 0.0915 0.1147
vn -0.3196 0.6468 -0.6925
vn 0.5442 -0.8257 -0.1487
vn -0.9844 0.1431 0.1023
vn -0.8953 -0.3904 -0.2147
vn -0.5778 -0.8088 0.1094
vn -0.9104 0.1020 0.4009
vn -0.0698 0.9809 -0.1815
vn -0.7139 -0.6535 -0.2517
vn -0.8388 -0.0539 0.5418
vn 0.4414 -0.6695 -0.5974
vn 0.2366 -0.8884 -0.3934
vn -0.2682 -0.9596 0.0846
vn -0.8050 -0.5015 -0.3169
vn 0.2779 -0.9098 -0.3083
vn 0.5619 0.7933 0.2346
vn -0.2997 0.8747 0.3810
vn -0.9104 -0.3015 -0.2833
vn -0.6889 0.5319 -0.4924
vn -0.8290 0.1876 -0.5268
vn -0.4101 0.1910 0.8918
vn -0.1081 -0.9932 0.0443
vn 0.8965 0.1140 -0.4282
vn -0.9930 -0.1141 -0.0313
vn -0.9965 -0.0801 -0.0226
vn -0.9609 0.1722 0.2170
vn -0.2337 0.7749 0.5873
vn 0.9543 -0.2590 -0.1493
vn -0.7983 -0.4798 0.3640
vn -0.2449 -0.8326 -0.4968
vn 0.0718 -0.0077 0.9974
vn 0.3903 0.7460 0.5395
vn 0.0501 -0.9960 0.0744
vn -0.9121 0.0734 0.4034
vn -0.1198 0.3551 0.9271
vn 0.2172 -0.8818 -0.4187
vn 0.9915 0.0246 0.1276
vn 0.9676 0.1164 0.2240
vn 0.9735 -0.0582 0.2210
vn -0.8399 -0.5315 -0.1098
vn -0.6870 -0.7018 0.1884
vn 0.3754 -0.8514 -0.3663
vn 0.3720 0.4381 -0.8183
vn 0.7600 0.6435 -0.0913
vn -0.0219 -0.0790 0.9966
vn 0.7361 -0.2818 0.6154
vn -0.1636 0.2033 -0.9654
vn 0.9570 0.1439 -0.2517
vn -0.9690 -0.0618 -0.2393
vn -0.0052 0.9905 0.1375
vn 0.0041 0.7125 0.7016
vn 0.8423 0.4684 -0.2666
vn 0.0503 0.7265 -0.6853
vn -0.2624 -0.0134 -0.9649
vn 0.4229 -0.3284 -0.8446
vn 0.4529 -0.7255 -0.5181
vn 0.3695 -0.6289 0.6841
vn -0.2966 -0.6061 -0.7380
vn 0.7359 -0.6005 0.3130
vn 0.2596 0.8258 0.5007
vn -0.9091 -0.4154 0.0303
vn 0.6523 -0.6572 0.3776
vn 0.0224 0.1905 0.9814
vn 0.9779 0.0966 0.1856
vn -0.4384 -0.0482 0.8975
vn 0.2612 0.2260 0.9384
vn 0.9518 -0.2729 0.1400
vn 0.9553 -0.2433 -0.1680
vn -0.6372 -0.7568 0.1459
vn -0.5577 -0.1226 -0.8209
vn -0.9520 0.1700 0.2546
vn -0.8992 -0.4369 -0.0216
vn 0.7498 0.6126 -0.2501
vn -0.4287 0.1706 -0.8872
vn -0.7224 0.3605 -0.5900
vn 0.8100 -0.5369 -0.2360
vn -0.7813 -0.4260 -0.4561
vn 0.0461 -0.6859 -0.7263
vn -0.9318 0.1133 0.3448
vn 0.2769 -0.1881 0.9423
vn -0.3224 0.7429 0.5866
vn -0.3809 -0.8113 -0.4435
vn -0.7367 0.6744 0.0493
vn -0.0430 0.9987 0.0267
vn 0.8007 -0.5918 -0.0930
vn -0.9916 -0.0387 -0.1232
vn 0.0760 0.8979 0.4336
vn 0.1551 0.9766 0.1492
vn -0.4864 -0.6568 0.5762
vn 0.7422 -0.6655 0.0793
vn 0.5214 0.2349 -0.8203
vn 0.9683 0.2078 0.1385
vn 0.8663 0.3602 -0.3462
vn -0.6422 0.7054 -0.2998
vn -0.2242 -0.9335 -0.2799
vn -0.1523 -0.7365 0.6591
vn -0.2174 -0.7534 0.6206
vn 0.7489 0.5530 0.3651
vn -0.5845 -0.0947 -0.8059
vn 0.0813 -0.7979 -0.5973
vn -0.9266 0.2469 0.2838
vn 0.0298 -0.7005 -0.7130
vn -0.9849 0.1640 -0.0549
vn -0.3014 -0.3644 0.8811
vn -0.6814 -0.7311 0.0333
vn 0.9804 0.1951 0.0285
vn -0.6829 0.6880 -0.2456
vn -0.4628 0.8692 -0.1739
vn 0.0401 0.9716 0.2332
vn 0.6429 -0.4321 0.6324
vn -0.7500 -0.4483 0.4863
vn 0.9779 -0.0878 -0.1897
vn 0.9814 -0.0711 -0.1783
vn 0.9793 -0.0711 -0.1894
vn 0.7809 -0.6192 0.0816
vn -0.9720 -0.0625 0.2264
vn -0.5375 -0.3808 0.7524
vn 0.7866 -0.5416 -0.2966
vn 0.1411 0.0746 -0.9872
vn -0.2214 -0.9483 -0.2273
vn -0.2866 -0.5982 0.7483
vn -0.4802 -0.4983 -0.7219
vn 0.9047 -0.2437 0.3494
vn 0.8981 -0.1881 0.3976
vn -0.0487 -0.9863 0.1575
vn 0.7715 0.5519 -0.3164
vn -0.2989 0.8131 -0.4995
vn -0.4647 0.1986 0.8629
vn -0.9196 0.1102 -0.3771
vn -0.0132 0.9325 -0.3608
vn 0.9554 0.0984 0.2785
vn 0.9382 0.1765 0.2976
vn -0.5142 -0.5267 0.6769
vn 0.2944 0.4047 -0.8658
vn 0.5179 -0.2348 -0.8226
vn -0.0409 0.9468 0.3192
vn -0.9023 0.0754 0.4246
vn 0.8135 0.2251 -0.5362
vn 0.8088 -0.5260 -0.2629
vn -0.9366 0.0687 -0.3437
vn -0.6720 0.2008 0.7128
vn 0.2997 0.0185 0.9538
vn -0.7081 -0.6567 0.2596
vn 0.2633 -0.8762 -0.4036
vn -0.2081 0.4495 -0.8687
vn 0.8812 -0.1129 0.4591
vn -0.9486 0.3109 -0.0589
vn 0.6007 0.2343 0.7644
vn 0.1262 0.6915 0.7112
vn 0.8123 -0.1649 0.5594
vn -0.9688 0.1420 -0.2031
vn 0.5841 -0.2581 0.7695
vn 0.1381 0.2531 -0.9575
vn 0.8930 0.0087 -0.4499
vn 0.0951 0.7114 -0.6964
vn 0.3428 0.6965 0.6303
vn 0.1470 0.0268 -0.9888
vn -0.0127 0.9508 0.3094
vn -0.7657 0.1462 0.6263
vn 0.6350 0.2745 -0.7221
vn 0.9649 -0.2614 -0.0254
vn -0.1085 -0.9694 0.2202
vn -0.6942 -0.6162 -0.3721
vn -0.0410 0.9428 0.3308
vn 0.7398 0.4746 -0.4770
vn 0.2861 -0.7075 -0.6462
vn -0.2352 -0.9489 -0.2103
vn -0.4477 -0.4229 -0.7878
vn -0.7402 0.1014 -0.6647
vn 0.6828 0.7223 0.1097
vn -0.3639 -0.5357 0.7620
vn -0.9068 -0.0970 -0.4101
vn -0.0015 -0.7053 -0.7089
vn -0.9970 -0.0677 0.0368
vn 0.9990 -0.0060 0.0437
vn -0.6442 0.2050 0.7369
vn 0.7887 -0.5670 0.2378
vn 0.4354 0.2913 -0.8518
vn -0.3269 0.3305 0.8854
vn -0.9381 0.2682 -0.2194
vn -0.4438 -0.0786 0.8927
vn 0.3318 0.0033 0.9433
vn 0.4258 -0.7602 -0.4906
vn 0.3115 0.2402 0.9194
vn -0.4164 0.4039 -0.8146
vn 0.8393 -0.5295 0.1234
vn 0.9944 0.0175 -0.1042
vn -0.9854 -0.1629 0.0487
vn -0.8421 0.1128 -0.5274
vn -0.6755 0.6806 0.2837
vn -0.7860 0.0209 0.6179
vn 0.4229 -0.6875 0.5903
vn 0.9981 -0.0576 0.0229
vn -0.7854 -0.0842 0.6133
vn -0.6312 -0.2130 0.7458
vn -0.0522 0.8326 0.5514
vn 0.8452 -0.1986 0.4962
vn 0.8398 -0.5298 -0.1184
vn 0.6895 -0.6701 0.2749
vn -0.5692 0.4125 0.7112
vn 0.2075 0.9774 -0.0406
vn -0.6496 0.1430 -0.7467
vn -0.7495 0.1265 -0.6499
vn 0.1247 0.7374 -0.6638
vn 0.9971 -0.0042 0.0756
vn 0.7905 0.4269 -0.4391
vn -0.2903 -0.9566 0.0265
vn -0.9574 0.2250 0.1812
vn 0.9829 -0.1157 0.1431
vn -0.8547 0.2430 0.4587
vn -0.7456 0.0265 0.6658
vn -0.6781 0.1962 -0.7083
vn -0.9587 0.0478 -0.2804
vn -0.3437 -0.0419 -0.9381
vn -0.5638 -0.8256 0.0200
vn -0.4373 -0.8548 -0.2794
vn -0.9254 0.1583 -0.3442
vn -0.3484 0.6945 0.6295
vn -0.2665 0.1085 -0.9577
vn -0.9878 0.1495 -0.0443
vn -0.5676 -0.4721 0.6745
vn 0.2402 0.2711 -0.9321
vn -0.7102 0.0797 0.6994
vn -0.3303 0.0957 -0.9390
vn -0.9612 -0.0088 -0.2758
vn -0.2394 0.2698 -0.9327
vn 0.4188 0.3298 -0.8461
vn -0.2764 0.0359 -0.9604
vn 0.6390 -0.2053 0.7413
vn 0.7720 0.5021 -0.3897
vn 0.0606 -0.7982 0.5994
vn 0.8827 -0.4304 -0.1888
vn 0.0335 0.7824 -0.6219
vn 0.4808 0.8768 0.0011
vn 0.0678 -0.7892 -0.6103
vn -0.9737 0.1228 -0.1917
vn 0.9868 -0.0862 0.1370
vn -0.3613 0.1173 -0.9250
vn -0.7956 -0.0251 0.6053
vn 0.1372 0.1217 0.9830
vn 0.9851 -0.0804 0.1518
vn -0.4146 -0.8826 -0.2215
vn -0.8876 0.4485 -0.1055
vn 0.5132 0.8582 -0.0096
vn -0.3623 0.8112 -0.4590
vn 0.8134 -0.4774 0.3324
vn -0.5011 0.8532 -0.1451
vn 0.9227 0.0427 -0.3832
vn -0.9521 0.0475 -0.3021
vn 0.0064 -0.9792 0.2029
vn 0.5310 0.0343 -0.8467
vn 0.4352 0.2505 0.8648
vn -0.3472 0.9133 -0.2127
vn -0.9781 0.1645 0.1277
vn 0.8403 0.4148 0.3492
vn 0.8582 -0.4277 0.2839
vn -0.2823 -0.8835 -0.3738
vn -0.9292 0.1166 -0.3508
vn 0.7673 -0.2157 0.6039
vn -0.3195 0.0805 -0.9442
vn -0.9183 0.3838 -0.0974
vn 0.9781 -0.1638 0.1288
vn 0.9839 -0.1173 0.1350
vn -0.3832 0.0287 -0.9232
vn -0.1718 0.1444 -0.9745
vn -0.7360 0.0111 0.6769
vn 0.3226 0.3508 0.8791
vn 0.4116 0.7172 0.5623
vn 0.1233 -0.9425 0.3105
vn -0.9939 0.0318 0.1058
vn -0.9942 0.0377 0.1005
vn 0.3136 0.0556 -0.9479
vn 0.9360 0.3489 0.0463
vn -0.7750 -0.1766 0.6068
vn 0.2188 0.9753 -0.0295
vn -0.2905 0.9100 -0.2959
vn 0.4519 0.2098 0.8671
vn -0.8732 -0.3069 -0.3786
vn -0.7089 0.2957 0.6403
vn -0.3089 -0.9313 -0.1928
vn -0.5135 0.8456 -0.1460
vn -0.6298 0.0769 -0.7729
vn -0.5482 -0.8363 0.0084
vn -0.6230 -0.0284 0.7817
vn -0.2752 0.6447 0.7132
vn -0.9838 0.0014 0.1795
vn 0.9346 -0.3344 0.1208
vn 0.9166 0.3795 -0.1258
vn -0.7169 -0.0319 0.6964
vn -0.6558 0.7184 -0.2322
vn -0.9946 0.0207 0.1016
vn -0.0728 -0.5191 -0.8516
vn 0.6460 0.0139 -0.7632
vn 0.9640 0.1304 0.2319
vn 0.0990 -0.8732 -0.4772
vn 0.5517 0.1141 -0.8262
vn 0.9745 0.1022 0.1999
vn 0.1502 -0.9884 -0.0226
vn 0.1357 -0.9906 -0.0164
vn 0.9667 -0.0152 0.2555
vn -0.2596 0.7451 -0.6143
vn -0.8349 -0.0302 -0.5496
vn -0.3400 0.2151 -0.9155
vn 0.8950 -0.4459 -0.0091
vn -0.5565 0.8293 0.0512
vn -0.5136 -0.0169 0.8579
vn -0.9973 0.0495 0.0550
vn -0.9730 -0.1001 -0.2078
vn 0.8574 -0.4061 0.3161
vn 0.7247 0.0637 -0.6862
vn 0.9772 0.1352 0.1639
vn 0.1009 0.0698 0.9925
vn -0.8545 -0.1768 -0.4885
vn -0.9939 -0.0456 0.1007
vn 0.9841 -0.0449 0.1721
vn -0.3879 0.3541 -0.8510
vn -0.9144 -0.0998 -0.3923
vn 0.4652 -0.6999 -0.5420
vn -0.1634 -0.0612 -0.9847
vn -0.1703 -0.1209 -0.9779
vn 0.5995 0.0856 0.7958
vn -0.3364 -0.9409 -0.0393
vn 0.7481 -0.3884 0.5381
vn -0.5855 0.8101 0.0323
vn -0.5360 -0.7655 0.3560
vn -0.9875 -0.1321 -0.0855
vn -0.1409 -0.6211 0.7710
vn 0.3002 0.1555 0.9411
vn 0.8259 0.1091 -0.5532
vn -0.5333 -0.0265 0.8455
vn 0.9881 0.0559 -0.1436
vn -0.1894 -0.7634 0.6175
vn 0.0678 0.4421 -0.8944
vn 0.0068 0.9983 -0.0579
vn -0.7990 0.5957 -0.0828
vn 0.3073 0.3888 -0.8686
vn 0.3528 -0.0580 -0.9339
vn 0.3908 0.0829 -0.9167
vn -0.7278 -0.1304 -0.6733
vn -0.5406 0.3046 0.7842
vn 0.9144 0.0698 0.3988
vn 0.1912 0.1563 0.9690
vn 0.0498 0.1940 0.9797
vn -0.2762 0.1995 0.9402
vn 0.8631 -0.3733 -0.3402
vn -0.9138 0.0738 0.3993
vn -0.8355 -0.2677 -0.4799
vn -0.9192 -0.0441 0.3913
vn 0.1739 0.1747 -0.9691
vn -0.9966 -0.0481 -0.0662
vn -0.6074 0.2844 0.7417
vn -0.0000 -0.9999 -0.0172
vn -0.1040 0.5707 0.8145
vn -0.5564 0.0103 -0.8308
vn -0.1422 0.4841 0.8634
vn 0.1985 -0.8006 -0.5654
vn 0.8743 0.0793 0.4788
vn 0.9527 0.1521 0.2630
vn -0.1618 -0.0781 -0.9837
vn -0.8358 -0.1537 -0.5271
vn -0.2270 0.0204 -0.9737
vn -0.4643 -0.8387 0.2844
vn 0.8889 0.3576 0.2865
vn -0.4410 0.1959 0.8759
vn -0.1757 -0.2035 0.9632
vn 0.4045 0.2117 -0.8897
vn -0.0096 0.9559 -0.2936
vn -0.0224 -0.9992 -0.0319
vn -0.0405 -0.9988 -0.0270
vn 0.9971 0.0527 -0.0546
vn 0.3383 -0.9054 -0.2566
vn -0.9064 -0.0393 0.4206
vn -0.1078 0.9390 -0.3265
vn -0.9942 -0.0600 -0.0894
vn 0.9149 0.3568 -0.1889
vn 0.8897 -0.0860 0.4483
vn 0.4755 -0.6700 -0.5700
vn -0.3856 0.2099 0.8985
vn -0.5644 0.8037 0.1885
vn 0.9886 0.1411 -0.0527
vn 0.6206 0.3681 -0.6924
vn 0.2489 -0.5281 0.8119
vn 0.1597 0.8894 0.4283
vn 0.1568 0.8895 0.4291
vn -0.1214 0.1899 0.9743
vn 0.8857 -0.1088 0.4514
vn -0.9905 -0.1048 -0.0886
vn -0.8573 -0.4292 0.2843
vn 0.3490 0.6931 -0.6307
vn -0.2155 -0.9613 0.1718
vn -0.6122 0.7751 0.1563
vn -0.8378 0.5227 0.1578
vn -0.7621 -0.1250 -0.6353
vn -0.5629 0.1758 -0.8076
vn -0.6800 0.1985 -0.7058
vn -0.5810 0.3318 -0.7432
vn 0.9810 -0.0142 -0.1934
vn -0.9942 -0.0268 0.1042
vn 0.6240 -0.1934 -0.7571
vn 0.8936 0.0808 0.4415
vn -0.0777 0.1646 0.9833
vn 0.3665 -0.0230 -0.9301
vn 0.9993 0.0359 -0.0107
vn -0.9962 -0.0608 -0.0621
vn -0.9967 -0.0792 -0.0170
vn -0.9632 -0.2567 0.0800
vn -0.9767 -0.1192 0.1787
vn -0.9628 -0.0947 0.2530
vn -0.3272 -0.7835 -0.5283
vn -0.3564 0.0145 -0.9342
vn -0.4322 0.3047 0.8487
vn 0.3408 0.5190 -0.7839
vn -0.1367 -0.4690 0.8726
vn 0.2500 0.2482 -0.9359
vn -0.9686 -0.2465 -0.0313
vn -0.6327 -0.3133 -0.7082
vn -0.2938 -0.5536 -0.7792
vn 0.8533 0.4724 -0.2207
vn 0.5936 -0.7783 -0.2047
vn -0.7980 -0.5696 0.1971
vn 0.5677 0.0188 0.8230
vn -0.9996 0.0076 -0.0284
vn -0.7610 0.1294 0.6357
vn 0.7533 -0.0225 -0.6572
vn 0.9259 0.0772 0.3698
vn -0.3184 -0.4292 -0.8452
vn -0.6489 -0.0549 0.7589
vn 0.0217 -0.9660 -0.2576
vn -0.5802 0.4095 0.7040
vn 0.8927 0.3870 -0.2308
vn 0.5569 -0.3505 0.7530
vn 0.9539 0.1589 -0.2544
vn -0.2458 -0.5363 0.8074
vn -0.8776 -0.4794 0.0081
vn 0.5567 -0.6027 -0.5717
vn -0.6618 0.4122 -0.6262
vn 0.9600 0.1333 -0.2463
vn -0.2794 0.4732 -0.8355
vn -0.6189 0.3317 0.7120
vn -0.5968 -0.0896 0.7973
vn -0.9882 0.0503 0.1449
vn 0.6564 -0.0661 -0.7515
vn 0.9845 0.1310 -0.1166
vn -0.9429 -0.3188 0.0959
vn 0.2908 -0.4786 -0.8285
vn 0.5333 0.2947 0.7929
vn 0.6721 0.2867 0.6828
vn 0.2707 0.2902 -0.9179
vn -0.2704 0.4726 -0.8388
vn -0.5715 0.6560 0.4930
vn 0.6042 -0.7635 -0.2281
vn 0.9785 0.1594 -0.1308
vn -0.6643 -0.3160 0.6774
vn -0.1106 -0.8528 0.5105
vn -0.1413 -0.9404 0.3093
vn 0.8294 0.0718 0.5540
vn -0.5004 0.7876 0.3595
vn -0.6418 -0.0576 0.7647
vn 0.9945 -0.0097 0.1039
vn -0.5302 0.7576 0.3808
vn -0.6775 -0.1315 0.7237
vn -0.9951 0.0970 0.0205
vn -0.9890 0.1433 0.0362
vn 0.9513 0.2260 -0.2095
vn 0.0177 -0.5481 0.8362
vn -0.9779 -0.1952 0.0751
vn -0.9781 -0.1933 0.0772
vn 0.2926 -0.9528 -0.0814
vn 0.2298 0.9721 -0.0479
vn -0.7083 -0.1300 0.6938
vn 0.8850 0.4428 0.1441
vn -0.9302 -0.0303 -0.3658
vn -0.9814 0.0561 0.1835
vn 0.1793 0.9829 -0.0430
vn 0.8731 0.0235 0.4870
vn 0.7803 0.1750 -0.6004
vn 0.1986 -0.9189 -0.3408
vn 0.8081 -0.5497 -0.2118
vn -0.9659 -0.1626 -0.2013
vn 0.6559 -0.1124 -0.7464
vn 0.2658 0.4214 0.8671
vn -0.5123 0.1380 -0.8476
vn 0.6010 -0.2783 -0.7492
vn -0.6248 -0.1947 0.7561
vn 0.6197 0.7724 -0.1391
vn 0.2755 0.6330 -0.7235
vn 0.7669 0.0445 0.6402
vn 0.3909 -0.7416 -0.5452
vn -0.2896 0.3797 -0.8786
vn -0.5230 0.2017 0.8282
vn -0.7013 0.2287 -0.6752
vn 0.3031 0.1487 -0.9413
vn -0.5400 0.2335 -0.8086
vn -0.3045 0.1175 -0.9452
vn 0.4808 -0.3241 0.8147
vn 0.0065 0.3847 0.9230
vn 0.9488 -0.2434 -0.2014
vn -0.6358 0.2655 -0.7248
vn 0.6816 -0.7235 0.1095
vn -0.0548 -0.4728 0.8795
vn -0.9178 -0.3247 0.2285
vn 0.0222 0.2524 0.9674
vn 0.8877 0.0467 0.4580
vn 0.9827 0.1586 -0.0961
vn -0.5858 0.1836 -0.7894
vn 0.9612 0.1971 -0.1932
vn 0.9651 0.2597 -0.0340
vn -0.6861 -0.0962 0.7211
vn -0.1836 0.5089 -0.8410
vn 0.9719 0.1350 -0.1927
vn -0.6326 0.1973 0.7490
vn -0.2259 -0.7625 -0.6063
vn -0.6781 -0.4245 0.6000
vn -0.7615 -0.6378 0.1152
vn -0.9603 0.0647 0.2715
vn 0.7676 0.0299 0.6402
vn 0.9582 0.2062 -0.1984
vn 0.3378 0.2035 -0.9189
vn 0.8144 -0.0560 0.5776
vn -0.9976 -0.0599 0.0348
vn 0.6559 -0.7539 -0.0368
vn -0.5028 -0.0769 -0.8610
vn 0.3764 0.5088 -0.7742
vn -0.9958 -0.0703 0.0590
vn -0.5419 -0.4676 0.6983
vn -0.6911 0.1344 -0.7102
vn 0.1733 0.9827 -0.0659
vn 0.2915 -0.9563 0.0205
vn -0.7677 -0.6031 0.2166
vn 0.9202 0.3786 -0.0996
vn 0.9519 0.1999 -0.2324
vn -0.3745 -0.4475 -0.8121
vn -0.5847 -0.7648 -0.2707
vn 0.0279 -0.6604 -0.7504
vn -0.0766 0.1353 0.9878
vn -0.4108 0.3592 -0.8380
vn 0.1260 0.9906 -0.0528
vn 0.2244 -0.8450 0.4854
vn 0.9930 0.0892 -0.0774
vn -0.8806 -0.4735 -0.0167
vn -0.1589 0.9393 0.3040
vn 0.8026 0.2479 -0.5426
vn 0.3977 -0.2826 0.8729
vn -0.8386 0.5446 -0.0122
vn -0.9366 -0.2780 -0.2134
vn 0.7014 -0.7114 0.0440
vn 0.0883 -0.6274 -0.7737
vn -0.8178 0.5662 -0.1032
vn 0.8155 -0.5787 -0.0040
vn 0.7573 0.3334 0.5615
vn -0.1127 0.8001 0.5892
vn 0.9411 -0.3376 -0.0212
vn 0.1268 -0.3301 0.9354
vn -0.6087 -0.5667 0.5553
vn -0.7327 0.6501 0.2013
vn 0.9131 0.3777 -0.1538
vn 0.0267 0.2224 0.9746
vn -0.6706 0.7096 0.2164
vn 0.9756 -0.0563 -0.2121
vn 0.4474 -0.4820 0.7533
vn 0.9854 0.1605 -0.0572
vn 0.0254 0.4202 0.9071
vn 0.6485 0.7607 -0.0280
vn 0.0352 0.3953 0.9179
vn -0.1735 0.9439 0.2810
vn 0.9921 0.0965 -0.0804
vn 0.6311 0.1494 0.7612
vn 0.2507 -0.7213 0.6457
vn 0.1542 0.1750 -0.9724
vn -0.7637 -0.0696 -0.6418
vn -0.9279 -0.3068 -0.2119
vn -0.5381 -0.6824 0.4948
vn 0.0726 0.1116 0.9911
vn 0.2370 0.3722 -0.8974
vn -0.7808 0.6143 -0.1140
vn -0.6161 0.7359 -0.2807
vn -0.8215 0.5677 0.0533
vn -0.0454 0.0535 0.9975
vn 0.9598 0.1357 0.2457
vn -0.9273 0.1705 0.3333
vn -0.9377 0.0942 0.3344
vn 0.8355 0.3209 -0.4460
vn 0.9811 -0.1864 0.0514
vn 0.8399 0.4018 0.3650
vn 0.7633 -0.6460 0.0081
vn 0.6580 0.6144 0.4353
vn -0.8697 -0.2419 0.4303
vn -0.2706 0.5606 -0.7826
vn 0.6000 -0.0032 0.8000
vn 0.1957 0.3158 0.9284
vn -0.8041 0.5929 0.0440
vn 0.8023 0.5292 0.2761
vn -0.0670 -0.3382 0.9387
vn -0.0681 -0.3395 0.9382
vn 0.1647 0.1256 0.9783
vn 0.3506 -0.9296 0.1133
vn -0.8005 0.5987 0.0278
vn -0.6987 0.1253 -0.7044
vn 0.0703 0.9744 0.2134
vn 0.6429 0.5973 0.4794
vn 0.9947 -0.0798 -0.0649
vn 0.3242 0.7600 -0.5633
vn 0.8491 0.3855 0.3612
vn 0.7557 0.4829 0.4424
vn 0.9497 -0.1457 -0.2773
vn -0.5543 -0.0919 0.8272
vn 0.6935 -0.6299 0.3496
vn -0.1893 -0.1416 0.9717
vn 0.7399 0.2389 0.6288
vn 0.0255 0.9179 -0.3960
vn 0.7040 0.5255 -0.4777
vn -0.5468 0.1518 0.8234
vn 0.0266 0.9399 0.3404
vn 0.8649 -0.4614 0.1975
vn 0.7729 -0.2372 0.5885
vn 0.6405 0.2464 0.7274
vn 0.3578 0.8328 0.4224
vn -0.7927 0.6037 0.0847
vn -0.5269 0.1430 -0.8378
vn -0.1683 -0.2113 0.9628
vn 0.5735 0.6667 -0.4761
vn -0.7288 0.6843 -0.0255
vn -0.0558 -0.1745 0.9831
vn -0.9551 -0.0524 -0.2918
vn -0.6749 0.7118 0.1947
vn 0.7563 -0.0097 0.6542
vn -0.6862 0.0886 -0.7220
vn 0.9683 -0.1632 -0.1894
vn -0.1467 0.6493 0.7463
vn 0.9333 -0.2260 -0.2791
vn 0.0912 0.9684 0.2320
vn -0.0994 0.9743 0.2019
vn -0.5652 0.8216 0.0735
vn 0.8741 0.0153 -0.4856
vn 0.7781 0.0198 -0.6279
vn -0.9575 -0.0837 0.2762
vn 0.9878 -0.1469 0.0518
vn -0.7488 0.6618 0.0352
vn 0.9501 -0.2403 -0.1989
vn 0.6701 -0.7414 0.0357
vn 0.9315 -0.1745 -0.3190
vn -0.9574 0.1763 0.2287
vn -0.7573 0.6483 0.0782
vn 0.9485 0.0570 -0.3115
vn 0.2944 -0.0490 -0.9544
vn -0.1112 -0.1622 -0.9805
vn 0.3063 0.3685 0.8777
vn 0.6092 0.7494 0.2595
vn -0.9092 0.0880 0.4070
vn -0.4593 0.1041 0.8822
vn -0.3951 -0.3916 -0.8310
vn -0.4136 -0.4864 -0.7696
vn 0.7537 -0.2803 0.5944
vn 0.8736 0.0508 0.4841
vn -0.7046 0.6777 -0.2105
vn 0.9660 0.0928 -0.2414
vn -0.6264 0.7732 0.0984
vn -0.4528 0.8908 -0.0377
vn -0.9790 0.2040 -0.0016
vn 0.0465 0.4846 0.8735
vn 0.9738 -0.1918 0.1219
vn 0.3534 0.8939 -0.2759
vn -0.5674 0.1034 0.8169
vn 0.6352 -0.1613 -0.7553
vn -0.3623 -0.1909 0.9123
vn -0.2070 0.9558 -0.2090
vn 0.9575 -0.2386 -0.1621
vn -0.0105 -0.0427 0.9990
vn -0.2590 -0.8003 0.5408
vn -0.7562 0.4700 -0.4553
vn 0.2875 -0.6368 -0.7154
vn 0.5068 0.8024 -0.3153
vn 0.2922 0.8446 -0.4486
vn -0.4315 0.8971 -0.0945
vn 0.9388 0.0916 0.3320
vn 0.9879 0.1525 0.0282
vn 0.7445 0.5645 -0.3563
vn -0.0814 0.6319 0.7708
vn -0.1526 0.3003 0.9416
vn -0.3018 0.2906 0.9080
vn 0.8201 -0.2669 0.5061
vn -0.0408 -0.4581 0.8879
vn -0.9521 0.2016 -0.2300
vn 0.9807 0.0657 -0.1844
vn 0.8371 -0.4782 -0.2658
vn -0.9331 0.2356 0.2717
vn -0.5605 0.7323 -0.3866
vn 0.9841 0.1727 -0.0409
vn 0.9947 0.0967 0.0338
vn -0.4998 0.3523 0.7912
vn 0.1626 0.2977 -0.9407
vn -0.0649 0.6106 0.7893
vn -0.3677 0.2007 0.9080
vn -0.7460 0.6659 -0.0030
vn -0.0306 0.5067 -0.8616
vn 0.8189 0.5576 -0.1360
vn 0.9894 0.1291 -0.0667
vn -0.2085 0.0914 0.9737
vn -0.4771 0.7441 0.4676
vn -0.6738 -0.7040 0.2247
vn -0.4740 0.1191 0.8724
vn -0.3429 0.2986 0.8906
vn -0.0610 0.9656 0.2528
vn -0.4900 0.2237 0.8426
vn 0.8055 0.5523 -0.2147
vn 0.6169 0.7714 -0.1560
vn 0.9713 -0.0557 0.2314
vn 0.0298 -0.0349 0.9989
vn 0.8615 -0.4960 -0.1088
vn 0.0926 0.0288 0.9953
vn -0.0859 0.1614 0.9831
vn 0.8222 0.5671 0.0489
vn 0.9791 0.1804 -0.0940
vn -0.5277 0.7542 -0.3907
vn -0.4074 0.8685 -0.2824
vn 0.8661 0.4481 -0.2215
vn -0.1507 0.5936 0.7905
vn 0.9806 -0.1333 -0.1435
vn -0.6570 0.7178 0.2302
vn -0.8169 -0.4870 0.3089
vn -0.7238 0.6606 -0.1993
vn 0.8664 0.4412 -0.2339
vn 0.4260 -0.1336 0.8948
vn -0.2588 -0.9346 0.2442
vn -0.3551 0.1019 0.9293
vn -0.6813 0.5990 -0.4207
vn -0.9817 0.1605 0.1028
vn -0.1367 0.9054 -0.4019
vn -0.8959 -0.1083 0.4308
vn -0.9657 0.0556 0.2536
vn 0.7235 0.6043 -0.3338
vn 0.8227 -0.3401 0.4555
vn -0.4754 0.1202 0.8715
vn -0.2473 0.0858 0.9651
vn -0.6931 0.5484 0.4678
vn 0.2061 0.9720 0.1125
vn 0.9143 0.0863 0.3956
vn 0.7935 0.2471 0.5562
vn -0.0535 -0.0883 0.9947
vn 0.8006 0.5314 -0.2768
vn 0.5836 -0.8111 0.0398
vn 0.4160 0.4184 0.8074
vn -0.7695 -0.6376 -0.0354
vn -0.8722 0.4758 0.1135
vn -0.9833 -0.1541 -0.0968
vn 0.9888 0.1430 0.0419
vn -0.3972 0.9166 -0.0449
vn 0.1285 -0.9639 -0.2334
vn 0.9894 0.1393 -0.0416
vn 0.3423 0.8959 -0.2833
vn 0.6789 0.6933 -0.2417
vn -0.2374 -0.0639 0.9693
vn -0.3070 0.0937 0.9471
vn 0.0869 -0.3148 0.9452
vn 0.6463 0.7606 0.0605
vn -0.6776 0.7241 -0.1285
vn 0.3507 0.6588 0.6655
vn -0.0990 -0.2671 0.9586
vn 0.3719 0.8811 0.2921
vn -0.8333 0.5485 -0.0695
vn -0.9920 -0.1241 -0.0220
vn -0.4308 0.0801 0.8989
vn 0.1694 0.1312 0.9768
vn 0.8771 0.4528 -0.1602
vn 0.7012 -0.7015 -0.1272
vn 0.9230 0.3254 -0.2056
vn 0.1247 -0.9863 -0.1077
vn -0.1945 -0.3478 0.9172
vn 0.3267 0.9413 0.0847
vn -0.3240 0.1940 0.9260
vn 0.2539 -0.2385 0.9374
vn -0.7962 0.6047 0.0221
vn 0.6892 -0.7210 -0.0727
vn 0.9235 0.3575 -0.1388
vn 0.1201 0.9921 -0.0376
vn 0.1273 0.3577 0.9251
vn -0.7014 0.7055 0.1011
vn 0.3136 0.0507 0.9482
vn 0.1148 0.9862 0.1191
vn 0.9209 0.3856 0.0572
vn -0.3020 0.3692 0.8789
vn -0.9885 -0.1316 0.0752
vn 0.1401 -0.9626 0.2320
vn 0.4305 -0.8950 0.1164
vn 0.6911 -0.7220 -0.0342
vn 0.1245 0.9812 0.1476
vn 0.2284 0.9648 0.1303
vn 0.9196 0.3927 -0.0043
vn -0.0435 0.5518 0.8329
vn -0.3962 0.8998 0.1829
vn -0.0941 0.9341 0.3444
vn -0.0488 0.4250 0.9039
vn -0.0339 0.9780 -0.2058
vn 0.9968 0.0044 -0.0800
vn 0.9976 0.0128 -0.0679
vn 0.3140 0.7210 -0.6176
vn -0.9453 0.3077 -0.1084
vn -0.2579 0.7065 0.6590
vn 0.9132 -0.2281 0.3378
vn -0.0401 0.9831 -0.1784
vn -0.8768 -0.0839 -0.4735
vn 0.9720 -0.2195 -0.0837
vn -0.2999 -0.7605 0.5759
vn -0.0054 -1.0000 -0.0051
vn 0.5162 0.6200 -0.5909
vn 0.8371 0.5419 -0.0752
vn -0.8634 0.5045 0.0028
vn 0.2948 0.2434 0.9240
vn 0.6810 0.7292 -0.0671
vn 0.8140 0.2243 -0.5358
vn -0.3558 -0.1830 -0.9165
vn -0.2884 0.9518 0.1039
vn -0.3006 0.5339 0.7903
vn -0.2746 -0.1719 -0.9461
vn 0.6443 -0.7648 -0.0000
vn -0.0333 -0.9994 -0.0119
vn -0.9187 -0.0485 0.3919
vn -0.9052 -0.0960 0.4140
vn -0.9110 -0.0595 0.4081
vn -0.9073 -0.0745 0.4139
vn -0.9401 -0.0550 0.3365
vn 0.8038 0.1479 0.5763
vn -0.1210 0.9669 -0.2247
vn 0.0190 -0.9997 -0.0127
vn -0.9614 0.1495 -0.2310
vn -0.2163 0.9642 0.1535
vn -0.3268 0.2783 -0.9032
vn -0.2556 0.1303 0.9580
vn -0.9396 0.0407 0.3397
vn -0.0710 0.9739 0.2156
vn -0.9597 0.2142 0.1818
vn 0.8731 0.1141 -0.4741
vn 0.8287 0.1649 0.5349
vn 0.1732 0.4381 0.8821
vn -0.3269 0.2783 -0.9032
vn -0.0290 -0.0610 0.9977
vn -0.0207 -0.0464 0.9987
vn 0.8730 0.1141 -0.4741
vt 0.875000 0.875000
vt 0.125000 0.375000
vt 0.375000 0.625000
vt 0.125000 0.625000
vt 0.375000 0.375000
vt 0.625000 0.625000
vt 0.375000 0.875000
vt 0.625000 0.875000
vt 0.125000 0.875000
vt 0.875000 0.625000
s 0
usemtl ruins_cv_statue
f 3/1/1 2/1/1 5/1/1
f 2/1/2 4/1/2 7/1/2
f 1/1/3 6/1/3 8/1/3
f 1/1/4 14/1/4 4/1/4
f 4/2/5 9/2/5 7/2/5
f 57/1/6 48/1/6 63/1/6
f 1209/3/7 1195/3/7 1196/3/7
f 2/1/8 9/1/8 12/1/8
f 5/1/9 13/1/9 15/1/9
f 12/1/10 13/1/10 2/1/10
f 16/2/11 10/2/11 11/2/11
f 18/1/12 13/1/12 12/1/12
f 19/1/13 9/1/13 16/1/13
f 23/1/14 13/1/14 18/1/14
f 15/1/15 24/1/15 32/1/15
f 25/1/16 6/1/16 17/1/16
f 14/1/17 25/1/17 31/1/17
f 26/1/18 12/1/18 19/1/18
f 13/1/19 27/1/19 24/1/19
f 11/2/20 28/2/20 16/2/20
f 28/2/21 14/2/21 31/2/21
f 23/1/22 26/1/22 29/1/22
f 30/2/23 22/2/23 23/2/23
f 19/1/24 28/1/24 33/1/24
f 30/2/25 27/2/25 22/2/25
f 20/1/26 32/1/26 49/1/26
f 30/2/27 29/2/27 40/2/27
f 26/1/28 33/1/28 36/1/28
f 31/1/29 33/1/29 28/1/29
f 34/1/30 27/1/30 30/1/30
f 35/1/31 17/1/31 20/1/31
f 35/1/32 33/1/32 25/1/32
f 29/1/33 36/1/33 39/1/33
f 37/1/34 34/1/34 43/1/34
f 35/1/35 36/1/35 33/1/35
f 32/1/36 24/1/36 38/1/36
f 24/1/37 37/1/37 38/1/37
f 35/1/38 39/1/38 36/1/38
f 34/1/39 40/1/39 48/1/39
f 29/2/40 42/2/40 40/2/40
f 44/1/41 35/1/41 45/1/41
f 45/1/42 20/1/42 49/1/42
f 41/2/43 42/2/43 39/2/43
f 37/1/44 47/1/44 38/1/44
f 34/1/45 48/1/45 43/1/45
f 44/2/46 42/2/46 41/2/46
f 46/2/47 50/2/47 47/2/47
f 46/1/48 51/1/48 50/1/48
f 52/1/49 37/1/49 43/1/49
f 32/1/50 53/1/50 49/1/50
f 38/1/51 54/1/51 53/1/51
f 51/1/52 37/1/52 52/1/52
f 55/1/53 57/1/53 56/1/53
f 43/1/54 48/1/54 57/1/54
f 58/2/55 47/2/55 50/2/55
f 43/1/56 59/1/56 61/1/56
f 60/1/57 44/1/57 45/1/57
f 60/1/58 40/1/58 42/1/58
f 58/1/59 51/1/59 65/1/59
f 52/1/60 43/1/60 61/1/60
f 55/2/61 56/2/61 62/2/61
f 54/2/62 47/2/62 58/2/62
f 1076/4/63 1035/4/63 1078/4/63
f 48/1/64 60/1/64 64/1/64
f 65/1/65 52/1/65 72/1/65
f 62/1/66 57/1/66 66/1/66
f 60/1/67 67/1/67 64/1/67
f 48/1/68 68/1/68 63/1/68
f 69/2/69 55/2/69 70/2/69
f 53/1/70 45/1/70 49/1/70
f 64/1/71 68/1/71 48/1/71
f 62/2/72 70/2/72 55/2/72
f 45/1/73 53/1/73 67/1/73
f 72/1/74 71/1/74 84/1/74
f 62/1/75 74/1/75 70/1/75
f 54/2/76 58/2/76 75/2/76
f 54/1/77 67/1/77 53/1/77
f 54/2/78 75/2/78 76/2/78
f 68/1/79 78/1/79 77/1/79
f 52/1/80 79/1/80 81/1/80
f 61/1/81 80/1/81 79/1/81
f 52/1/82 88/1/82 71/1/82
f 58/1/83 82/1/83 75/1/83
f 63/1/84 85/1/84 73/1/84
f 73/1/85 74/1/85 66/1/85
f 82/1/86 76/1/86 75/1/86
f 80/2/87 59/2/87 69/2/87
f 63/1/88 86/1/88 94/1/88
f 68/1/89 87/1/89 86/1/89
f 84/2/90 71/2/90 88/2/90
f 89/1/91 64/1/91 67/1/91
f 87/2/92 77/2/92 78/2/92
f 89/1/93 65/1/93 72/1/93
f 90/1/94 70/1/94 74/1/94
f 80/1/95 90/1/95 79/1/95
f 78/1/96 97/1/96 91/1/96
f 89/1/97 67/1/97 82/1/97
f 84/1/98 89/1/98 72/1/98
f 128/1/99 112/1/99 117/1/99
f 63/1/100 103/1/100 83/1/100
f 85/2/101 83/2/101 95/2/101
f 92/2/102 84/2/102 88/2/102
f 73/1/103 95/1/103 99/1/103
f 273/5/104 263/5/104 259/5/104
f 97/1/105 64/1/105 89/1/105
f 89/1/106 88/1/106 81/1/106
f 98/1/107 99/1/107 108/1/107
f 1441/6/108 1434/6/108 1433/6/108
f 100/1/109 90/1/109 96/1/109
f 101/2/110 87/2/110 78/2/110
f 102/1/111 98/1/111 104/1/111
f 103/2/112 95/2/112 83/2/112
f 101/2/113 91/2/113 114/2/113
f 89/1/114 105/1/114 97/1/114
f 81/1/115 79/1/115 100/1/115
f 106/1/116 100/1/116 96/1/116
f 91/1/117 105/1/117 109/1/117
f 104/1/118 108/1/118 110/1/118
f 112/1/119 87/1/119 101/1/119
f 102/1/120 111/1/120 93/1/120
f 105/1/121 81/1/121 100/1/121
f 99/1/122 103/1/122 94/1/122
f 91/2/123 109/2/123 114/2/123
f 112/1/124 94/1/124 86/1/124
f 108/1/125 99/1/125 115/1/125
f 104/2/126 110/2/126 116/2/126
f 105/1/127 114/1/127 109/1/127
f 120/4/128 119/4/128 125/4/128
f 117/1/129 100/1/129 128/1/129
f 116/1/130 108/1/130 122/1/130
f 121/1/131 96/1/131 131/1/131
f 99/1/132 124/1/132 126/1/132
f 122/1/133 115/1/133 137/1/133
f 99/1/134 126/1/134 115/1/134
f 107/2/135 106/2/135 121/2/135
f 119/4/136 127/4/136 134/4/136
f 100/1/137 139/1/137 128/1/137
f 101/1/138 117/1/138 112/1/138
f 129/4/139 120/4/139 130/4/139
f 113/2/140 102/2/140 123/2/140
f 849/3/141 783/3/141 859/3/141
f 131/1/142 111/1/142 151/1/142
f 116/2/143 132/2/143 123/2/143
f 125/4/144 133/4/144 140/4/144
f 127/4/145 129/4/145 147/4/145
f 135/1/146 94/1/146 112/1/146
f 113/1/147 151/1/147 111/1/147
f 132/1/148 122/1/148 146/1/148
f 126/1/149 141/1/149 138/1/149
f 135/1/150 124/1/150 94/1/150
f 133/4/151 134/4/151 154/4/151
f 139/2/152 107/2/152 121/2/152
f 142/1/153 137/1/153 115/1/153
f 115/1/154 144/1/154 164/1/154
f 126/1/155 145/1/155 144/1/155
f 146/1/156 122/1/156 137/1/156
f 175/4/157 205/4/157 154/4/157
f 141/1/158 135/1/158 156/1/158
f 149/7/159 148/7/159 153/7/159
f 123/2/160 136/2/160 113/2/160
f 145/2/161 138/2/161 141/2/161
f 153/8/162 152/8/162 209/8/162
f 157/1/163 115/1/163 164/1/163
f 139/1/164 131/1/164 128/1/164
f 143/2/165 142/2/165 158/2/165
f 140/4/166 159/4/166 161/4/166
f 752/3/167 753/3/167 725/3/167
f 123/1/168 151/1/168 136/1/168
f 132/1/169 160/1/169 123/1/169
f 137/1/170 158/1/170 166/1/170
f 159/4/171 154/4/171 171/4/171
f 146/1/172 137/1/172 162/1/172
f 163/7/173 150/7/173 215/7/173
f 165/1/174 135/1/174 128/1/174
f 152/8/175 163/8/175 227/8/175
f 157/2/176 158/2/176 142/2/176
f 156/1/177 165/1/177 173/1/177
f 160/1/178 146/1/178 167/1/178
f 168/4/179 130/4/179 155/4/179
f 162/1/180 166/1/180 178/1/180
f 165/1/181 131/1/181 179/1/181
f 141/2/182 156/2/182 169/2/182
f 161/4/183 177/4/183 170/4/183
f 167/1/184 146/1/184 162/1/184
f 147/4/185 168/4/185 175/4/185
f 172/1/186 151/1/186 160/1/186
f 172/1/187 131/1/187 151/1/187
f 144/1/188 176/1/188 192/1/188
f 166/1/189 157/1/189 164/1/189
f 177/4/190 171/4/190 185/4/190
f 180/3/191 177/3/191 182/3/191
f 167/1/192 172/1/192 160/1/192
f 181/1/193 178/1/193 186/1/193
f 169/2/194 156/2/194 173/2/194
f 179/1/195 131/1/195 172/1/195
f 183/1/196 165/1/196 179/1/196
f 180/3/183 193/3/183 184/3/183
f 187/3/197 177/3/197 185/3/197
f 172/1/198 188/1/198 196/1/198
f 162/1/199 189/1/199 190/1/199
f 167/1/200 162/1/200 190/1/200
f 144/1/201 192/1/201 164/1/201
f 188/1/202 194/1/202 197/1/202
f 195/1/203 166/1/203 164/1/203
f 193/3/190 187/3/190 204/3/190
f 173/2/204 183/2/204 169/2/204
f 188/2/205 197/2/205 196/2/205
f 198/2/206 186/2/206 207/2/206
f 180/3/207 191/3/207 170/3/207
f 184/3/208 200/3/208 201/3/208
f 179/1/209 169/1/209 183/1/209
f 190/1/210 194/1/210 167/1/210
f 203/1/211 178/1/211 195/1/211
f 202/1/212 179/1/212 172/1/212
f 200/3/213 204/3/213 210/3/213
f 206/4/214 155/4/214 174/4/214
f 189/2/215 181/2/215 208/2/215
f 208/2/216 181/2/216 198/2/216
f 192/1/217 195/1/217 164/1/217
f 175/4/218 206/4/218 205/4/218
f 197/2/219 211/2/219 196/2/219
f 172/1/220 212/1/220 222/1/220
f 202/1/221 176/1/221 169/1/221
f 201/3/222 230/3/222 184/3/222
f 185/3/223 226/3/223 187/3/223
f 215/7/224 149/7/224 312/7/224
f 211/1/225 194/1/225 224/1/225
f 217/3/226 216/3/226 234/3/226
f 219/3/227 218/3/227 221/3/227
f 220/2/228 186/2/228 203/2/228
f 221/3/229 217/3/229 248/3/229
f 172/1/230 222/1/230 202/1/230
f 198/2/231 207/2/231 223/2/231
f 224/1/232 190/1/232 232/1/232
f 208/2/233 198/2/233 225/2/233
f 204/3/157 226/3/157 231/3/157
f 222/1/234 192/1/234 202/1/234
f 196/2/235 211/2/235 212/2/235
f 198/2/236 223/2/236 225/2/236
f 222/1/237 195/1/237 192/1/237
f 209/8/238 227/8/238 335/8/238
f 190/1/239 228/1/239 232/1/239
f 191/4/240 206/4/240 174/4/240
f 204/3/241 243/3/241 210/3/241
f 228/2/242 208/2/242 245/2/242
f 228/1/243 195/1/243 232/1/243
f 220/2/244 223/2/244 207/2/244
f 229/3/245 199/3/245 235/3/245
f 214/4/246 206/4/246 229/4/246
f 212/1/247 224/1/247 222/1/247
f 233/5/248 234/5/248 216/5/248
f 232/1/249 195/1/249 222/1/249
f 237/5/250 236/5/250 241/5/250
f 390/5/104 386/5/104 413/5/104
f 240/5/251 216/5/251 219/5/251
f 199/3/240 242/3/240 235/3/240
f 219/3/252 244/3/252 255/3/252
f 226/3/253 229/3/253 235/3/253
f 222/1/254 224/1/254 232/1/254
f 236/5/255 239/5/255 246/5/255
f 245/2/256 220/2/256 203/2/256
f 245/2/257 203/2/257 228/2/257
f 226/3/258 242/3/258 231/3/258
f 246/5/259 241/5/259 236/5/259
f 247/2/260 223/2/260 220/2/260
f 231/3/261 249/3/261 243/3/261
f 250/2/262 225/2/262 279/2/262
f 223/2/263 279/2/263 225/2/263
f 93/1/264 73/1/264 98/1/264
f 233/5/265 253/5/265 234/5/265
f 201/4/266 258/4/266 254/4/266
f 257/5/267 233/5/267 240/5/267
f 200/4/190 284/4/190 258/4/190
f 240/5/268 255/5/268 294/5/268
f 261/5/269 260/5/269 266/5/269
f 217/3/270 262/3/270 248/3/270
f 263/5/271 260/5/271 259/5/271
f 253/7/272 264/7/272 269/7/272
f 264/7/273 257/7/273 295/7/273
f 265/3/274 221/3/274 248/3/274
f 259/5/275 267/5/275 271/5/275
f 269/7/276 268/7/276 293/7/276
f 246/5/157 270/5/157 305/5/157
f 260/5/277 272/5/277 266/5/277
f 256/5/278 270/5/278 239/5/278
f 149/7/279 274/7/279 304/7/279
f 261/5/280 266/5/280 272/5/280
f 275/2/281 245/2/281 208/2/281
f 276/1/282 277/1/282 278/1/282
f 223/2/283 280/2/283 251/2/283
f 281/7/284 264/7/284 295/7/284
f 261/5/285 291/5/285 267/5/285
f 283/1/286 276/1/286 292/1/286
f 210/4/157 314/4/157 284/4/157
f 286/1/287 285/1/287 298/1/287
f 153/8/288 288/8/288 274/8/288
f 262/5/289 253/5/289 324/5/289
f 213/4/275 254/4/275 289/4/275
f 290/5/290 271/5/290 267/5/290
f 291/5/157 263/5/157 273/5/157
f 292/1/291 286/1/291 302/1/291
f 278/1/292 285/1/292 276/1/292
f 273/5/293 290/5/293 291/5/293
f 255/3/294 296/3/294 321/3/294
f 278/1/295 297/1/295 308/1/295
f 291/5/296 290/5/296 267/5/296
f 286/2/297 298/2/297 300/2/297
f 257/5/298 294/5/298 319/5/298
f 275/2/299 208/2/299 250/2/299
f 286/2/300 300/2/300 301/2/300
f 286/2/301 301/2/301 302/2/301
f 303/1/302 298/1/302 285/1/302
f 306/1/303 303/1/303 285/1/303
f 249/4/240 289/4/240 307/4/240
f 301/1/304 303/1/304 311/1/304
f 309/1/305 308/1/305 323/1/305
f 268/7/306 310/7/306 395/7/306
f 311/1/307 306/1/307 320/1/307
f 310/7/308 282/7/308 343/7/308
f 296/3/309 265/3/309 382/3/309
f 265/3/310 262/3/310 359/3/310
f 285/1/311 313/1/311 318/1/311
f 243/4/246 307/4/246 314/4/246
f 96/1/312 90/1/312 74/1/312
f 313/1/313 309/1/313 339/1/313
f 317/5/314 316/5/314 332/5/314
f 306/1/315 285/1/315 318/1/315
f 295/7/316 319/7/316 341/7/316
f 294/5/317 321/5/317 369/5/317
f 270/5/318 256/5/318 317/5/318
f 320/1/319 322/1/319 337/1/319
f 324/7/320 269/7/320 358/7/320
f 326/5/250 325/5/250 331/5/250
f 283/1/321 292/1/321 329/1/321
f 330/1/322 306/1/322 318/1/322
f 306/1/323 350/1/323 333/1/323
f 301/1/324 334/1/324 336/1/324
f 301/2/325 336/2/325 302/2/325
f 306/1/326 349/1/326 322/1/326
f 312/7/327 304/7/327 567/7/327
f 302/1/328 364/1/328 292/1/328
f 309/2/329 323/2/329 339/2/329
f 308/1/330 340/1/330 353/1/330
f 342/7/331 341/7/331 365/7/331
f 325/5/332 328/5/332 351/5/332
f 305/5/333 317/5/333 332/5/333
f 299/2/334 245/2/334 275/2/334
f 316/5/335 305/5/335 332/5/335
f 282/1/336 462/1/336 343/1/336
f 163/7/337 344/7/337 352/7/337
f 346/1/338 330/1/338 318/1/338
f 330/1/339 347/1/339 350/1/339
f 311/1/340 348/1/340 334/1/340
f 322/2/341 349/2/341 337/2/341
f 351/5/259 331/5/259 325/5/259
f 227/8/342 352/8/342 450/8/342
f 345/2/343 354/2/343 347/2/343
f 337/1/344 348/1/344 320/1/344
f 338/2/345 302/2/345 336/2/345
f 350/1/346 354/1/346 356/1/346
f 358/7/347 357/7/347 432/7/347
f 360/1/348 268/1/348 395/1/348
f 361/1/349 308/1/349 376/1/349
f 362/1/350 356/1/350 366/1/350
f 363/2/351 345/2/351 346/2/351
f 329/1/352 292/1/352 364/1/352
f 350/1/353 362/1/353 333/1/353
f 337/2/354 349/2/354 355/2/354
f 356/1/355 363/1/355 367/1/355
f 277/1/356 283/1/356 315/1/356
f 315/1/357 329/1/357 402/1/357
f 366/1/358 356/1/358 367/1/358
f 349/1/359 348/1/359 355/1/359
f 323/2/360 361/2/360 339/2/360
f 338/1/361 334/1/361 364/1/361
f 368/5/275 331/5/275 449/5/275
f 319/5/362 369/5/362 394/5/362
f 308/1/363 353/1/363 370/1/363
f 333/1/364 362/1/364 371/1/364
f 359/5/365 324/5/365 451/5/365
f 362/1/366 375/1/366 372/1/366
f 353/1/367 373/1/367 407/1/367
f 346/1/368 403/1/368 374/1/368
f 348/1/369 371/1/369 396/1/369
f 363/2/370 346/2/370 377/2/370
f 334/1/371 348/1/371 364/1/371
f 366/1/372 367/1/372 378/1/372
f 379/7/373 293/7/373 360/7/373
f 380/1/374 318/1/374 313/1/374
f 308/1/375 370/1/375 376/1/375
f 313/1/376 381/1/376 380/1/376
f 383/1/377 366/1/377 378/1/377
f 281/7/378 384/7/378 462/7/378
f 385/1/379 363/1/379 377/1/379
f 388/5/269 387/5/269 398/5/269
f 370/1/380 389/1/380 415/1/380
f 390/5/271 387/5/271 386/5/271
f 391/1/381 353/1/381 407/1/381
f 377/2/382 346/2/382 374/2/382
f 357/7/383 379/7/383 548/7/383
f 375/1/384 393/1/384 392/1/384
f 384/7/385 342/7/385 511/7/385
f 393/1/386 383/1/386 416/1/386
f 341/7/387 394/7/387 460/7/387
f 375/2/388 392/2/388 372/2/388
f 383/1/389 397/1/389 400/1/389
f 399/8/390 209/8/390 466/8/390
f 402/1/391 401/1/391 428/1/391
f 404/1/392 362/1/392 419/1/392
f 396/1/393 405/1/393 425/1/393
f 386/5/275 406/5/275 413/5/275
f 378/1/394 367/1/394 408/1/394
f 382/3/395 359/3/395 475/3/395
f 367/1/396 385/1/396 408/1/396
f 383/1/397 409/1/397 416/1/397
f 339/2/398 410/2/398 381/2/398
f 401/1/399 411/1/399 435/1/399
f 351/5/157 412/5/157 498/5/157
f 387/5/277 414/5/277 398/5/277
f 318/1/400 380/1/400 403/1/400
f 417/7/401 341/7/401 460/7/401
f 411/1/402 364/1/402 421/1/402
f 362/1/403 440/1/403 419/1/403
f 420/2/404 400/2/404 397/2/404
f 348/1/405 421/1/405 364/1/405
f 405/1/406 404/1/406 431/1/406
f 415/2/407 391/2/407 458/2/407
f 424/2/408 423/2/408 433/2/408
f 388/5/409 398/5/409 414/5/409
f 403/1/410 377/1/410 374/1/410
f 426/3/411 296/3/411 464/3/411
f 427/2/412 422/2/412 424/2/412
f 400/2/413 420/2/413 409/2/413
f 410/1/414 376/1/414 441/1/414
f 416/1/415 420/1/415 429/1/415
f 344/7/416 312/7/416 692/7/416
f 348/1/417 396/1/417 421/1/417
f 423/2/418 430/2/418 444/2/418
f 405/2/419 431/2/419 425/2/419
f 430/2/420 427/2/420 477/2/420
f 434/7/421 274/7/421 467/7/421
f 435/2/422 428/2/422 401/2/422
f 433/2/423 436/2/423 459/2/423
f 368/5/278 412/5/278 328/5/278
f 439/2/424 423/2/424 444/2/424
f 372/2/425 392/2/425 440/2/425
f 421/1/426 425/1/426 457/1/426
f 441/1/427 370/1/427 456/1/427
f 442/2/428 433/2/428 461/2/428
f 443/1/429 378/1/429 454/1/429
f 429/1/430 445/1/430 416/1/430
f 446/5/290 413/5/290 406/5/290
f 447/2/431 424/2/431 442/2/431
f 448/5/157 390/5/157 438/5/157
f 416/1/432 445/1/432 393/1/432
f 385/1/433 452/1/433 408/1/433
f 296/3/434 453/3/434 464/3/434
f 335/8/435 450/8/435 720/8/435
f 378/1/436 408/1/436 454/1/436
f 501/2/437 420/2/437 443/2/437
f 342/1/438 455/1/438 511/1/438
f 456/1/439 415/1/439 479/1/439
f 438/5/293 446/5/293 448/5/293
f 418/1/440 402/1/440 494/1/440
f 429/1/441 463/1/441 484/1/441
f 465/3/442 258/3/442 468/3/442
f 392/1/443 419/1/443 440/1/443
f 335/8/444 466/8/444 209/8/444
f 411/1/445 381/1/445 435/1/445
f 435/2/446 410/2/446 480/2/446
f 467/8/447 288/8/447 609/8/447
f 369/5/448 426/5/448 538/5/448
f 445/1/449 429/1/449 469/1/449
f 471/1/450 408/1/450 452/1/450
f 436/2/451 472/2/451 478/2/451
f 431/2/452 457/2/452 425/2/452
f 444/2/453 490/2/453 474/2/453
f 439/2/454 474/2/454 493/2/454
f 380/1/455 452/1/455 403/1/455
f 448/5/296 446/5/296 406/5/296
f 461/2/456 459/2/456 502/2/456
f 476/3/266 468/3/266 491/3/266
f 459/2/457 478/2/457 506/2/457
f 411/1/458 421/1/458 380/1/458
f 324/7/459 510/7/459 451/7/459
f 402/1/460 480/1/460 509/1/460
f 445/1/461 481/1/461 393/1/461
f 457/1/462 485/1/462 421/1/462
f 483/1/463 373/1/463 517/1/463
f 469/1/464 429/1/464 484/1/464
f 421/1/465 485/1/465 380/1/465
f 473/1/466 404/1/466 504/1/466
f 486/2/467 447/2/467 519/2/467
f 435/2/468 480/2/468 428/2/468
f 487/3/469 258/3/469 284/3/469
f 475/5/470 451/5/470 602/5/470
f 488/2/471 461/2/471 505/2/471
f 489/2/472 415/2/472 458/2/472
f 391/1/473 483/1/473 492/1/473
f 442/2/474 488/2/474 447/2/474
f 130/4/275 120/4/275 125/4/275
f 485/1/475 452/1/475 380/1/475
f 472/2/476 493/2/476 514/2/476
f 480/1/477 441/1/477 509/1/477
f 491/3/190 487/3/190 518/3/190
f 445/1/478 495/1/478 496/1/478
f 393/1/479 497/1/479 419/1/479
f 457/2/480 499/2/480 482/2/480
f 477/2/481 486/2/481 572/2/481
f 470/1/482 521/1/482 408/1/482
f 490/2/483 430/2/483 477/2/483
f 495/1/484 503/1/484 507/1/484
f 404/1/485 419/1/485 504/1/485
f 496/2/486 495/2/486 507/2/486
f 254/3/487 508/3/487 289/3/487
f 485/1/488 499/1/488 522/1/488
f 509/1/489 456/1/489 516/1/489
f 499/2/490 457/2/490 473/2/490
f 469/1/491 512/1/491 503/1/491
f 513/2/492 474/2/492 490/2/492
f 505/2/493 502/2/493 575/2/493
f 478/2/494 514/2/494 506/2/494
f 456/1/495 515/1/495 516/1/495
f 493/2/496 513/2/496 557/2/496
f 516/1/497 494/1/497 402/1/497
f 508/3/275 476/3/275 594/3/275
f 470/2/498 471/2/498 500/2/498
f 520/3/499 518/3/499 544/3/499
f 454/1/500 521/1/500 546/1/500
f 509/1/501 516/1/501 402/1/501
f 452/1/502 522/1/502 540/1/502
f 517/1/503 494/1/503 483/1/503
f 453/3/504 475/3/504 595/3/504
f 486/1/505 523/1/505 534/1/505
f 525/1/506 524/1/506 550/1/506
f 455/1/507 417/1/507 683/1/507
f 524/1/508 519/1/508 527/1/508
f 481/1/509 553/1/509 497/1/509
f 527/2/510 447/2/510 581/2/510
f 447/2/511 528/2/511 581/2/511
f 529/7/512 358/7/512 533/7/512
f 532/3/513 531/3/513 541/3/513
f 535/5/314 449/5/314 573/5/314
f 523/1/514 536/1/514 534/1/514
f 445/1/515 537/1/515 481/1/515
f 394/5/516 538/5/516 580/5/516
f 515/1/517 494/1/517 516/1/517
f 452/1/518 578/1/518 471/1/518
f 542/1/519 463/1/519 501/1/519
f 531/3/520 554/3/520 541/3/520
f 545/2/521 490/2/521 477/2/521
f 412/5/318 368/5/318 535/5/318
f 443/1/522 546/1/522 562/1/522
f 490/2/523 545/2/523 513/2/523
f 584/3/141 620/3/141 561/3/141
f 494/1/524 492/1/524 483/1/524
f 522/1/525 473/1/525 504/1/525
f 532/3/526 549/3/526 561/3/526
f 488/2/527 551/2/527 545/2/527
f 419/1/528 552/1/528 504/1/528
f 476/3/529 555/3/529 594/3/529
f 479/2/530 558/2/530 515/2/530
f 419/1/531 497/1/531 552/1/531
f 556/4/183 586/4/183 559/4/183
f 560/2/532 459/2/532 506/2/532
f 481/1/533 582/1/533 526/1/533
f 501/2/534 443/2/534 562/2/534
f 563/1/535 357/1/535 548/1/535
f 492/2/536 515/2/536 558/2/536
f 514/2/537 557/2/537 592/2/537
f 565/2/538 496/2/538 507/2/538
f 469/1/539 484/1/539 566/1/539
f 445/1/540 568/1/540 607/1/540
f 569/3/541 561/3/541 588/3/541
f 512/1/542 469/1/542 566/1/542
f 571/2/543 488/2/543 545/2/543
f 574/3/544 543/3/544 547/3/544
f 572/1/545 534/1/545 593/1/545
f 497/1/546 576/1/546 552/1/546
f 577/4/547 550/4/547 596/4/547
f 578/2/548 500/2/548 471/2/548
f 507/1/549 579/1/549 565/1/549
f 460/7/550 580/7/550 598/7/550
f 582/2/551 553/2/551 526/2/551
f 536/4/552 577/4/552 626/4/552
f 488/2/553 583/2/553 528/2/553
f 551/2/554 513/2/554 545/2/554
f 585/3/555 574/3/555 584/3/555
f 498/5/333 535/5/333 573/5/333
f 520/4/190 630/4/190 586/4/190
f 546/1/556 501/1/556 562/1/556
f 540/1/557 522/1/557 504/1/557
f 542/1/558 587/1/558 484/1/558
f 557/2/559 551/2/559 617/2/559
f 449/5/335 498/5/335 573/5/335
f 550/1/560 589/1/560 612/1/560
f 590/1/561 566/1/561 622/1/561
f 551/2/562 575/2/562 617/2/562
f 506/2/563 592/2/563 560/2/563
f 589/1/564 527/1/564 610/1/564
f 1167/4/565 1279/4/565 1299/4/565
f 553/2/566 582/2/566 576/2/566
f 593/1/567 536/1/567 619/1/567
f 597/3/568 547/3/568 591/3/568
f 599/7/569 598/7/569 649/7/569
f 575/2/570 560/2/570 639/2/570
f 600/2/571 545/2/571 477/2/571
f 601/7/572 310/7/572 343/7/572
f 584/3/573 597/3/573 620/3/573
f 310/7/574 601/7/574 395/7/574
f 602/7/575 510/7/575 629/7/575
f 503/1/576 603/1/576 579/1/576
f 604/2/577 571/2/577 628/2/577
f 500/1/578 540/1/578 521/1/578
f 484/1/579 587/1/579 566/1/579
f 605/1/580 596/1/580 608/1/580
f 600/2/581 572/2/581 624/2/581
f 544/3/582 606/3/582 650/3/582
f 607/1/583 537/1/583 445/1/583
f 611/2/584 545/2/584 643/2/584
f 568/2/585 496/2/585 565/2/585
f 464/3/586 613/3/586 703/3/586
f 614/1/587 576/1/587 623/1/587
f 610/2/588 581/2/588 664/2/588
f 542/1/589 615/1/589 587/1/589
f 616/4/590 550/4/590 612/4/590
f 590/1/591 603/1/591 512/1/591
f 621/2/592 590/2/592 622/2/592
f 582/2/593 646/2/593 688/2/593
f 624/1/594 593/1/594 634/1/594
f 608/1/595 632/1/595 605/1/595
f 307/3/596 508/3/596 637/3/596
f 528/2/597 611/2/597 643/2/597
f 627/2/598 570/2/598 604/2/598
f 592/2/599 617/2/599 669/2/599
f 629/7/600 529/7/600 711/7/600
f 608/1/601 616/1/601 663/1/601
f 417/7/602 631/7/602 683/7/602
f 521/1/603 615/1/603 546/1/603
f 633/3/604 586/3/604 636/3/604
f 521/1/605 614/1/605 665/1/605
f 634/1/606 610/1/606 624/1/606
f 626/1/607 605/1/607 657/1/607
f 559/4/275 555/4/275 556/4/275
f 360/1/608 601/1/608 739/1/608
f 638/7/609 432/7/609 563/7/609
f 600/2/610 640/2/610 545/2/610
f 343/1/611 641/1/611 601/1/611
f 581/2/612 528/2/612 642/2/612
f 634/1/613 619/1/613 645/1/613
f 633/3/266 666/3/266 644/3/266
f 645/1/614 589/1/614 634/1/614
f 646/1/615 537/1/615 689/1/615
f 631/7/616 599/7/616 760/7/616
f 639/2/617 592/2/617 669/2/617
f 533/7/618 638/7/618 810/7/618
f 647/2/619 571/2/619 611/2/619
f 648/1/620 608/1/620 663/1/620
f 475/5/621 602/5/621 595/5/621
f 544/4/157 729/4/157 630/4/157
f 640/2/622 643/2/622 545/2/622
f 651/1/623 615/1/623 668/1/623
f 621/2/624 622/2/624 652/2/624
f 590/2/625 653/2/625 618/2/625
f 654/3/626 307/3/626 637/3/626
f 594/3/240 637/3/240 508/3/240
f 617/2/627 639/2/627 669/2/627
f 656/3/628 464/3/628 703/3/628
f 657/1/629 632/1/629 693/1/629
f 613/3/630 595/3/630 728/3/630
f 619/4/631 536/4/631 658/4/631
f 659/3/632 586/3/632 630/3/632
f 662/4/633 661/4/633 673/4/633
f 611/2/634 627/2/634 647/2/634
f 624/2/635 664/2/635 600/2/635
f 568/1/636 579/1/636 607/1/636
f 665/1/637 615/1/637 521/1/637
f 667/2/638 628/2/638 675/2/638
f 642/2/639 528/2/639 643/2/639
f 594/3/640 670/3/640 655/3/640
f 666/3/190 659/3/190 696/3/190
f 632/2/641 671/2/641 701/2/641
f 660/4/642 672/4/642 601/4/642
f 674/2/643 675/2/643 628/2/643
f 536/4/644 626/4/644 658/4/644
f 623/1/645 665/1/645 614/1/645
f 651/1/646 691/1/646 587/1/646
f 681/4/647 680/4/647 601/4/647
f 384/7/648 641/7/648 462/7/648
f 621/2/649 652/2/649 684/2/649
f 682/4/650 709/4/650 680/4/650
f 304/7/651 686/7/651 567/7/651
f 633/3/652 635/3/652 559/3/652
f 623/2/653 688/2/653 676/2/653
f 288/8/654 690/8/654 609/8/654
f 641/7/655 384/7/655 511/7/655
f 537/1/656 607/1/656 689/1/656
f 566/1/657 691/1/657 713/1/657
f 651/2/658 668/2/658 679/2/658
f 665/1/659 688/1/659 702/1/659
f 694/2/660 628/2/660 647/2/660
f 612/4/661 695/4/661 616/4/661
f 697/9/141 824/9/141 716/9/141
f 662/4/662 698/4/662 672/4/662
f 699/2/663 604/2/663 667/2/663
f 606/3/664 670/3/664 650/3/664
f 645/4/665 700/4/665 695/4/665
f 693/2/666 701/2/666 784/2/666
f 615/1/667 702/1/667 733/1/667
f 685/4/668 681/4/668 763/4/668
f 603/1/669 607/1/669 579/1/669
f 644/3/275 687/3/275 633/3/275
f 641/4/670 660/4/670 601/4/670
f 675/2/671 694/2/671 715/2/671
f 705/2/672 684/2/672 829/2/672
f 625/2/673 706/2/673 671/2/673
f 668/1/674 733/1/674 707/1/674
f 708/5/675 426/5/675 656/5/675
f 601/4/676 709/4/676 739/4/676
f 710/1/677 533/1/677 810/1/677
f 673/4/678 641/4/678 698/4/678
f 712/2/679 640/2/679 600/2/679
f 622/1/680 713/1/680 788/1/680
f 714/2/681 581/2/681 642/2/681
f 627/2/682 715/2/682 647/2/682
f 667/2/683 715/2/683 699/2/683
f 702/1/684 646/1/684 689/1/684
f 658/1/685 657/1/685 730/1/685
f 666/3/141 677/3/141 644/3/141
f 717/1/686 616/1/686 695/1/686
f 670/4/240 635/4/240 718/4/240
f 648/1/687 717/1/687 719/1/687
f 721/7/688 344/7/688 858/7/688
f 722/2/689 642/2/689 643/2/689
f 712/2/690 643/2/690 640/2/690
f 723/8/691 352/8/691 721/8/691
f 705/2/692 724/2/692 621/2/692
f 664/2/693 714/2/693 813/2/693
f 700/4/694 619/4/694 658/4/694
f 727/3/695 726/3/695 745/3/695
f 712/2/696 664/2/696 813/2/696
f 630/3/697 751/3/697 659/3/697
f 707/2/698 679/2/698 668/2/698
f 730/1/699 693/1/699 756/1/699
f 434/7/700 731/7/700 792/7/700
f 599/1/701 732/1/701 760/1/701
f 715/2/702 694/2/702 647/2/702
f 724/2/703 653/2/703 621/2/703
f 595/5/704 734/5/704 728/5/704
f 736/3/705 735/3/705 742/3/705
f 738/2/706 622/2/706 788/2/706
f 739/7/707 379/7/707 360/7/707
f 729/4/258 670/4/258 718/4/258
f 740/5/708 538/5/708 708/5/708
f 641/4/709 743/4/709 781/4/709
f 746/4/710 672/4/710 698/4/710
f 601/4/711 748/4/711 766/4/711
f 726/3/541 750/3/541 745/3/541
f 696/3/157 751/3/157 783/3/157
f 782/3/275 741/3/275 735/3/275
f 754/4/712 744/4/712 793/4/712
f 755/3/713 736/3/713 770/3/713
f 757/4/714 747/4/714 746/4/714
f 672/4/715 759/4/715 748/4/715
f 706/2/716 719/2/716 847/2/716
f 230/3/275 180/3/275 184/3/275
f 547/3/167 543/3/167 531/3/167
f 379/7/717 739/7/717 548/7/717
f 689/1/718 733/1/718 702/1/718
f 747/4/719 764/4/719 759/4/719
f 643/2/720 712/2/720 722/2/720
f 511/1/721 455/1/721 765/1/721
f 681/4/722 766/4/722 773/4/722
f 607/1/723 767/1/723 689/1/723
f 761/3/724 768/3/724 780/3/724
f 598/7/725 740/7/725 856/7/725
f 769/3/726 745/3/726 785/3/726
f 771/7/727 598/7/727 856/7/727
f 714/2/728 642/2/728 722/2/728
f 774/4/729 773/4/729 801/4/729
f 755/3/730 791/3/730 737/3/730
f 607/1/731 603/1/731 767/1/731
f 758/4/732 776/4/732 764/4/732
f 777/3/568 752/3/568 806/3/568
f 701/2/733 778/2/733 834/2/733
f 709/4/734 763/4/734 739/4/734
f 763/4/735 774/4/735 800/4/735
f 736/3/736 786/3/736 819/3/736
f 700/1/737 730/1/737 814/1/737
f 779/3/157 755/3/157 770/3/157
f 730/1/738 789/1/738 814/1/738
f 768/3/739 790/3/739 780/3/739
f 679/1/740 733/1/740 691/1/740
f 793/4/741 641/4/741 765/4/741
f 745/3/742 795/3/742 785/3/742
f 684/2/743 652/2/743 796/2/743
f 779/3/744 797/3/744 794/3/744
f 335/8/745 720/8/745 466/8/745
f 767/1/746 618/1/746 818/1/746
f 769/3/747 809/3/747 798/3/747
f 800/4/748 799/4/748 803/4/748
f 799/4/749 801/4/749 802/4/749
f 734/7/750 629/7/750 832/7/750
f 803/4/751 802/4/751 822/4/751
f 746/4/752 776/4/752 757/4/752
f 805/3/573 777/3/573 806/3/573
f 717/1/753 700/1/753 814/1/753
f 761/3/754 807/3/754 787/3/754
f 808/3/755 736/3/755 819/3/755
f 765/1/756 641/1/756 511/1/756
f 689/1/757 767/1/757 733/1/757
f 806/3/758 798/3/758 809/3/758
f 811/2/759 722/2/759 712/2/759
f 714/2/760 812/2/760 841/2/760
f 814/1/761 719/1/761 717/1/761
f 807/3/762 790/3/762 817/3/762
f 718/3/763 687/3/763 833/3/763
f 671/2/764 815/2/764 778/2/764
f 816/2/765 693/2/765 784/2/765
f 804/4/766 764/4/766 776/4/766
f 711/1/767 710/1/767 897/1/767
f 618/2/768 653/2/768 818/2/768
f 399/8/769 466/8/769 820/8/769
f 746/4/770 821/4/770 804/4/770
f 467/8/771 823/8/771 731/8/771
f 797/3/736 826/3/736 838/3/736
f 800/4/772 822/4/772 840/4/772
f 691/1/773 767/1/773 713/1/773
f 822/4/774 801/4/774 840/4/774
f 827/4/775 743/4/775 754/4/775
f 806/3/776 828/3/776 805/3/776
f 762/3/754 830/3/754 825/3/754
f 629/7/777 831/7/777 832/7/777
f 830/3/762 775/3/762 844/3/762
f 836/2/778 812/2/778 811/2/778
f 765/1/779 455/1/779 683/1/779
f 821/4/780 759/4/780 804/4/780
f 837/3/781 797/3/781 838/3/781
f 789/2/782 816/2/782 879/2/782
f 652/2/783 738/2/783 796/2/783
f 787/3/275 839/3/275 848/3/275
f 840/4/784 773/4/784 861/4/784
f 841/2/785 835/2/785 869/2/785
f 807/3/786 839/3/786 787/3/786
f 811/2/787 813/2/787 871/2/787
f 843/3/788 728/3/788 888/3/788
f 641/4/789 845/4/789 846/4/789
f 763/4/790 840/4/790 861/4/790
f 698/4/791 846/4/791 821/4/791
f 847/2/792 789/2/792 879/2/792
f 818/1/793 713/1/793 767/1/793
f 751/3/794 718/3/794 833/3/794
f 819/3/795 848/3/795 857/3/795
f 860/3/157 844/3/157 850/3/157
f 842/3/796 826/3/796 839/3/796
f 807/3/730 850/3/730 842/3/730
f 703/3/797 843/3/797 898/3/797
f 781/4/798 851/4/798 845/4/798
f 853/2/799 784/2/799 701/2/799
f 854/4/800 781/4/800 827/4/800
f 853/2/801 834/2/801 896/2/801
f 653/2/802 855/2/802 818/2/802
f 837/3/713 842/3/713 850/3/713
f 819/3/744 860/3/744 808/3/744
f 858/7/803 692/7/803 985/7/803
f 813/2/804 841/2/804 871/2/804
f 848/3/805 830/3/805 857/3/805
f 861/4/806 766/4/806 877/4/806
f 788/2/807 855/2/807 738/2/807
f 863/4/808 862/4/808 865/4/808
f 732/1/809 771/1/809 924/1/809
f 865/4/810 766/4/810 846/4/810
f 846/4/811 748/4/811 821/4/811
f 852/4/812 866/4/812 851/4/812
f 868/4/813 852/4/813 854/4/813
f 754/4/814 765/4/814 827/4/814
f 815/2/815 847/2/815 892/2/815
f 312/7/816 870/7/816 692/7/816
f 836/2/817 871/2/817 886/2/817
f 690/8/818 820/8/818 909/8/818
f 872/2/819 835/2/819 836/2/819
f 829/2/820 796/2/820 920/2/820
f 765/7/821 683/7/821 631/7/821
f 873/4/822 863/4/822 890/4/822
f 830/3/739 860/3/739 857/3/739
f 866/4/823 868/4/823 882/4/823
f 874/4/824 864/4/824 881/4/824
f 739/4/825 861/4/825 877/4/825
f 872/2/826 869/2/826 835/2/826
f 728/5/827 875/5/827 888/5/827
f 724/2/828 876/2/828 653/2/828
f 877/4/829 862/4/829 874/4/829
f 765/7/830 631/7/830 760/7/830
f 878/1/831 548/1/831 739/1/831
f 820/8/832 720/8/832 938/8/832
f 653/2/833 880/2/833 855/2/833
f 17/1/834 6/1/834 5/1/834
f 734/7/835 894/7/835 875/7/835
f 881/4/836 873/4/836 907/4/836
f 434/7/837 883/7/837 686/7/837
f 885/4/838 884/4/838 887/4/838
f 816/2/839 853/2/839 905/2/839
f 855/2/840 796/2/840 738/2/840
f 886/2/841 872/2/841 836/2/841
f 889/4/842 866/4/842 882/4/842
f 854/4/843 882/4/843 868/4/843
f 845/4/844 889/4/844 901/4/844
f 891/2/845 815/2/845 919/2/845
f 765/1/846 760/1/846 732/1/846
f 894/7/847 893/7/847 926/7/847
f 895/8/848 450/8/848 723/8/848
f 855/2/849 880/2/849 796/2/849
f 831/1/850 897/1/850 961/1/850
f 656/3/851 898/3/851 943/3/851
f 765/4/852 899/4/852 908/4/852
f 854/4/853 901/4/853 889/4/853
f 880/2/854 876/2/854 966/2/854
f 902/2/855 778/2/855 891/2/855
f 873/4/856 903/4/856 906/4/856
f 904/4/857 887/4/857 930/4/857
f 884/4/858 877/4/858 921/4/858
f 907/4/859 906/4/859 944/4/859
f 910/7/860 831/7/860 961/7/860
f 911/4/861 846/4/861 913/4/861
f 912/2/862 816/2/862 905/2/862
f 913/4/863 845/4/863 901/4/863
f 914/4/864 900/4/864 935/4/864
f 915/4/865 865/4/865 911/4/865
f 916/4/866 885/4/866 904/4/866
f 847/2/867 879/2/867 912/2/867
f 892/2/868 912/2/868 937/2/868
f 893/7/869 910/7/869 955/7/869
f 905/2/870 853/2/870 896/2/870
f 609/8/871 690/8/871 917/8/871
f 827/4/872 913/4/872 901/4/872
f 918/7/873 563/7/873 878/7/873
f 919/2/874 892/2/874 969/2/874
f 887/4/875 922/4/875 930/4/875
f 249/3/876 230/3/876 213/3/876
f 923/4/877 863/4/877 915/4/877
f 896/2/878 902/2/878 974/2/878
f 925/4/879 921/4/879 945/4/879
f 927/7/880 638/7/880 918/7/880
f 906/4/881 903/4/881 928/4/881
f 913/4/882 908/4/882 947/4/882
f 771/7/883 929/7/883 924/7/883
f 898/3/884 888/3/884 943/3/884
f 920/2/885 880/2/885 966/2/885
f 931/5/886 656/5/886 943/5/886
f 765/1/887 732/1/887 924/1/887
f 792/7/888 932/7/888 883/7/888
f 933/4/889 906/4/889 928/4/889
f 900/4/890 934/4/890 935/4/890
f 936/4/891 899/4/891 914/4/891
f 937/2/892 905/2/892 896/2/892
f 937/2/893 912/2/893 905/2/893
f 906/4/894 939/4/894 951/4/894
f 908/4/895 940/4/895 947/4/895
f 922/4/896 925/4/896 953/4/896
f 942/4/897 890/4/897 923/4/897
f 929/7/898 946/7/898 977/7/898
f 1523/10/899 1519/10/899 1515/10/899
f 949/5/900 708/5/900 931/5/900
f 950/4/901 945/4/901 958/4/901
f 952/7/902 740/7/902 949/7/902
f 953/4/903 950/4/903 959/4/903
f 954/8/904 609/8/904 917/8/904
f 926/1/905 955/1/905 1019/1/905
f 944/4/906 951/4/906 988/4/906
f 916/1/907 878/1/907 739/1/907
f 941/4/908 956/4/908 940/4/908
f 903/4/909 942/4/909 928/4/909
f 959/4/910 958/4/910 965/4/910
f 960/4/911 941/4/911 948/4/911
f 931/5/912 875/5/912 949/5/912
f 932/8/913 823/8/913 954/8/913
f 946/7/914 952/7/914 998/7/914
f 945/4/915 963/4/915 962/4/915
f 942/4/916 933/4/916 928/4/916
f 921/4/917 967/4/917 963/4/917
f 1503/10/918 1502/10/918 1493/10/918
f 690/8/919 909/8/919 917/8/919
f 924/1/920 934/1/920 765/1/920
f 953/4/921 965/4/921 962/4/921
f 967/4/922 874/4/922 971/4/922
f 968/4/923 957/4/923 960/4/923
f 958/4/924 962/4/924 965/4/924
f 933/4/925 991/4/925 939/4/925
f 916/4/926 930/4/926 922/4/926
f 949/7/927 894/7/927 952/7/927
f 810/1/928 970/1/928 710/1/928
f 971/4/929 881/4/929 982/4/929
f 972/4/930 951/4/930 939/4/930
f 914/4/931 934/4/931 936/4/931
f 931/5/932 943/5/932 888/5/932
f 973/4/933 956/4/933 968/4/933
f 937/2/934 974/2/934 975/2/934
f 922/4/935 962/4/935 963/4/935
f 892/2/936 975/2/936 969/2/936
f 976/4/937 951/4/937 972/4/937
f 820/8/938 938/8/938 964/8/938
f 869/2/939 872/2/939 886/2/939
f 960/4/940 973/4/940 968/4/940
f 952/7/941 979/7/941 1005/7/941
f 980/2/942 919/2/942 1000/2/942
f 981/4/943 911/4/943 983/4/943
f 982/4/944 907/4/944 996/4/944
f 983/4/945 913/4/945 984/4/945
f 970/1/946 810/1/946 927/1/946
f 984/4/947 947/4/947 978/4/947
f 916/7/948 918/7/948 878/7/948
f 986/4/949 915/4/949 981/4/949
f 923/4/950 987/4/950 942/4/950
f 929/7/951 934/7/951 924/7/951
f 989/4/952 976/4/952 1004/4/952
f 721/7/953 990/7/953 992/7/953
f 918/7/954 916/7/954 927/7/954
f 939/4/955 991/4/955 972/4/955
f 723/8/956 992/8/956 1015/8/956
f 993/2/957 891/2/957 980/2/957
f 916/4/958 963/4/958 967/4/958
f 567/7/959 994/7/959 870/7/959
f 934/7/960 929/7/960 977/7/960
f 909/8/961 995/8/961 917/8/961
f 996/4/962 944/4/962 1043/4/962
f 991/4/963 976/4/963 972/4/963
f 997/4/964 987/4/964 923/4/964
f 970/1/965 897/1/965 710/1/965
f 999/7/966 926/7/966 1019/7/966
f 997/4/967 923/4/967 1001/4/967
f 936/4/968 984/4/968 978/4/968
f 1003/4/969 1002/4/969 1006/4/969
f 979/7/970 999/7/970 1028/7/970
f 991/4/971 987/4/971 1025/4/971
f 256/5/275 241/5/275 316/5/275
f 1004/4/972 991/4/972 1052/4/972
f 934/4/973 1007/4/973 1010/4/973
f 985/7/974 870/7/974 1092/7/974
f 1001/4/975 923/4/975 1009/4/975
f 923/4/976 1037/4/976 1009/4/976
f 1011/5/977 1000/5/977 1016/5/977
f 1012/8/978 938/8/978 720/8/978
f 951/4/979 1013/4/979 988/4/979
f 897/1/980 970/1/980 961/1/980
f 1014/1/981 946/1/981 998/1/981
f 1015/8/982 895/8/982 723/8/982
f 974/2/983 993/2/983 1050/2/983
f 919/2/984 1017/2/984 1000/2/984
f 1018/4/985 989/4/985 1004/4/985
f 1002/4/986 967/4/986 1035/4/986
f 1010/4/987 984/4/987 934/4/987
f 1021/4/988 1018/4/988 1030/4/988
f 980/5/989 1022/5/989 993/5/989
f 927/1/990 1023/1/990 970/1/990
f 1003/4/991 1024/4/991 1029/4/991
f 1023/4/992 1003/4/992 1029/4/992
f 720/8/993 895/8/993 1012/8/993
f 1025/4/994 987/4/994 997/4/994
f 1026/7/995 961/7/995 1042/7/995
f 1027/5/996 1016/5/996 1049/5/996
f 990/7/997 985/7/997 1111/7/997
f 955/7/998 1026/7/998 1066/7/998
f 1005/1/999 1028/1/999 1089/1/999
f 1025/4/1000 997/4/1000 1001/4/1000
f 989/4/1001 1031/4/1001 1013/4/1001
f 1032/4/1002 1010/4/1002 1034/4/1002
f 1033/5/1003 1000/5/1003 1017/5/1003
f 1036/1/1004 977/1/1004 1014/1/1004
f 1006/4/1005 1038/4/1005 1024/4/1005
f 1017/2/1006 975/2/1006 1080/2/1006
f 1039/4/1007 1035/4/1007 1057/4/1007
f 1040/4/1008 1008/4/1008 1079/4/1008
f 241/5/1009 305/5/1009 316/5/1009
f 1041/4/1010 1004/4/1010 1052/4/1010
f 961/1/1011 970/1/1011 1042/1/1011
f 1008/4/1012 1036/4/1012 1079/4/1012
f 1044/5/1013 1011/5/1013 1027/5/1013
f 1002/4/1014 1045/4/1014 1038/4/1014
f 1046/4/1015 1030/4/1015 1069/4/1015
f 1047/4/1016 1007/4/1016 1040/4/1016
f 1048/4/1017 1010/4/1017 1047/4/1017
f 1001/4/1018 1051/4/1018 1025/4/1018
f 944/4/1019 1053/4/1019 1043/4/1019
f 975/2/1020 1050/2/1020 1080/2/1020
f 1054/4/1021 1034/4/1021 1056/4/1021
f 1009/4/1022 1037/4/1022 1055/4/1022
f 1050/5/1023 1022/5/1023 1085/5/1023
f 1058/7/1024 1005/7/1024 1089/7/1024
f 998/7/1025 1058/7/1025 1014/7/1025
f 1059/4/1026 1057/4/1026 1068/4/1026
f 1021/4/1027 1060/4/1027 1031/4/1027
f 1061/4/1028 981/4/1028 1064/4/1028
f 1039/4/1029 1062/4/1029 1045/4/1029
f 1063/8/1030 938/8/1030 1012/8/1030
f 1064/4/1031 983/4/1031 1065/4/1031
f 1056/4/1032 1048/4/1032 1084/4/1032
f 1065/4/1033 984/4/1033 1070/4/1033
f 1029/4/1034 1038/4/1034 1023/4/1034
f 1067/4/1035 1009/4/1035 1055/4/1035
f 1070/4/1036 1020/4/1036 1073/4/1036
f 1071/4/1037 1056/4/1037 1084/4/1037
f 1019/1/1038 1066/1/1038 1119/1/1038
f 1052/4/1039 991/4/1039 1025/4/1039
f 1072/4/1040 1054/4/1040 1071/4/1040
f 1073/4/1041 1032/4/1041 1072/4/1041
f 1041/4/1042 1074/4/1042 1018/4/1042
f 1062/4/1043 1068/4/1043 1082/4/1043
f 1075/5/1044 1016/5/1044 1033/5/1044
f 11/2/1045 10/2/1045 4/2/1045
f 1077/4/1046 971/4/1046 1087/4/1046
f 1078/4/1047 967/4/1047 1077/4/1047
f 1037/4/1048 1061/4/1048 1095/4/1048
f 1042/1/1049 1023/1/1049 1108/1/1049
f 686/7/1050 1081/7/1050 994/7/1050
f 1051/4/1051 1067/4/1051 1099/4/1051
f 1068/4/1052 1076/4/1052 1082/4/1052
f 917/8/1053 995/8/1053 1083/8/1053
f 1076/4/1054 1062/4/1054 1082/4/1054
f 895/8/1055 1086/8/1055 1012/8/1055
f 1033/5/1056 1080/5/1056 1098/5/1056
f 1087/4/1057 982/4/1057 1093/4/1057
f 1027/5/1058 1088/5/1058 1102/5/1058
f 1053/4/1059 1013/4/1059 1167/4/1059
f 1072/4/1060 1084/4/1060 1048/4/1060
f 1088/5/1061 1069/5/1061 1104/5/1061
f 1052/4/1062 1025/4/1062 1051/4/1062
f 1090/4/1063 1023/4/1063 1096/4/1063
f 1073/4/1064 1048/4/1064 1047/4/1064
f 1093/4/1065 996/4/1065 1106/4/1065
f 1022/5/1066 1094/5/1066 1085/5/1066
f 1037/4/1067 1095/4/1067 1055/4/1067
f 1023/4/1068 1078/4/1068 1077/4/1068
f 1080/5/1069 1085/5/1069 1098/5/1069
f 1097/5/1070 1046/5/1070 1088/5/1070
f 1081/7/1071 932/7/1071 1125/7/1071
f 1100/5/1072 1027/5/1072 1102/5/1072
f 1096/4/1073 1077/4/1073 1116/4/1073
f 992/7/1074 1101/7/1074 1107/7/1074
f 1069/4/1075 1103/4/1075 1118/4/1075
f 1095/4/1076 1067/4/1076 1055/4/1076
f 1030/4/1077 1074/4/1077 1105/4/1077
f 1075/5/1078 1098/5/1078 1122/5/1078
f 1040/4/1079 1036/4/1079 1047/4/1079
f 1106/4/1080 1043/4/1080 1138/4/1080
f 1015/8/1081 1107/8/1081 1131/8/1081
f 1091/4/1082 1109/4/1082 1113/4/1082
f 1110/4/1083 1041/4/1083 1052/4/1083
f 1097/5/1084 1049/5/1084 1075/5/1084
f 1108/7/1085 1026/7/1085 1042/7/1085
f 1108/4/1086 1091/4/1086 1113/4/1086
f 1070/4/1087 1047/4/1087 1036/4/1087
f 954/8/1088 1112/8/1088 1206/8/1088
f 1058/7/1089 1036/7/1089 1014/7/1089
f 1026/7/1090 1108/7/1090 1066/7/1090
f 1114/4/1091 1013/4/1091 1031/4/1091
f 1036/7/1092 1058/7/1092 1089/7/1092
f 1110/4/1093 1052/4/1093 1115/4/1093
f 1030/4/1094 1105/4/1094 1103/4/1094
f 1088/5/1095 1104/5/1095 1102/5/1095
f 1051/4/1096 1099/4/1096 1117/4/1096
f 1083/8/1097 1063/8/1097 1239/8/1097
f 1104/5/1098 1118/5/1098 1128/5/1098
f 1120/4/1099 1116/4/1099 1133/4/1099
f 1110/4/1100 1121/4/1100 1041/4/1100
f 1119/7/1101 999/7/1101 1019/7/1101
f 1122/5/1102 1085/5/1102 1094/5/1102
f 1099/4/1103 1095/4/1103 1199/4/1103
f 1114/4/1104 1060/4/1104 1156/4/1104
f 1090/4/1105 1123/4/1105 1109/4/1105
f 999/7/1106 1119/7/1106 1028/7/1106
f 1105/7/1107 1074/7/1107 1124/7/1107
f 1125/8/1108 954/8/1108 1206/8/1108
f 1100/4/1109 1126/4/1109 1132/4/1109
f 1127/4/1110 1036/4/1110 1136/4/1110
f 1126/4/1111 1128/4/1111 1135/4/1111
f 1104/5/1112 1128/5/1112 1102/5/1112
f 1129/4/1113 1051/4/1113 1117/4/1113
f 1130/4/1114 1051/4/1114 1129/4/1114
f 1131/8/1115 1086/8/1115 1015/8/1115
f 1110/4/1116 1115/4/1116 1121/4/1116
f 1089/1/1117 1119/1/1117 1036/1/1117
f 1123/4/1118 1120/4/1118 1150/4/1118
f 917/8/1119 1083/8/1119 1112/8/1119
f 1134/4/1120 1133/4/1120 1146/4/1120
f 1108/4/1121 1109/4/1121 1123/4/1121
f 1124/7/1122 1074/7/1122 1137/7/1122
f 990/7/1123 1111/7/1123 1101/7/1123
f 1111/7/1124 1092/7/1124 1230/7/1124
f 1120/4/1125 1139/4/1125 1150/4/1125
f 1105/7/1126 1140/7/1126 1103/7/1126
f 1044/5/1127 1141/5/1127 1094/5/1127
f 870/7/1128 1142/7/1128 1092/7/1128
f 1143/4/1129 1036/4/1129 1144/4/1129
f 1145/4/1130 1126/4/1130 1135/4/1130
f 1147/4/1131 1077/4/1131 1148/4/1131
f 1108/1/1132 1119/1/1132 1066/1/1132
f 1148/4/1133 1087/4/1133 1174/4/1133
f 1115/4/1134 1130/4/1134 1218/4/1134
f 1149/4/1135 1116/4/1135 1147/4/1135
f 1074/7/1136 1121/7/1136 1137/7/1136
f 1139/4/1137 1146/4/1137 1157/4/1137
f 1152/4/1138 1151/4/1138 1166/4/1138
f 1153/4/1139 1154/4/1139 1164/4/1139
f 1144/4/1140 1119/4/1140 1189/4/1140
f 1155/4/1141 1136/4/1141 1168/4/1141
f 1060/5/1142 1165/5/1142 1156/5/1142
f 1157/4/1143 1133/4/1143 1149/4/1143
f 1012/8/1144 1086/8/1144 1158/8/1144
f 1159/4/1145 1070/4/1145 1161/4/1145
f 1012/8/1146 1213/8/1146 1063/8/1146
f 1135/4/1147 1118/4/1147 1183/4/1147
f 1161/4/1148 1127/4/1148 1186/4/1148
f 1162/4/1149 1108/4/1149 1193/4/1149
f 1165/5/1150 1075/5/1150 1122/5/1150
f 1169/3/1151 1164/3/1151 1185/3/1151
f 1108/4/1152 1170/4/1152 1119/4/1152
f 1163/4/1153 1191/4/1153 1170/4/1153
f 1100/4/1154 1171/4/1154 1141/4/1154
f 1172/3/1155 1153/3/1155 1169/3/1155
f 1152/3/1156 1166/3/1156 1140/3/1156
f 1154/3/1157 1140/3/1157 1177/3/1157
f 1150/4/1158 1157/4/1158 1149/4/1158
f 1173/4/1159 1064/4/1159 1175/4/1159
f 1174/4/1160 1093/4/1160 1216/4/1160
f 1175/4/1161 1065/4/1161 1159/4/1161
f 1176/4/1162 1168/4/1162 1184/4/1162
f 1124/8/1163 1177/8/1163 1140/8/1163
f 1150/4/1164 1147/4/1164 1123/4/1164
f 1179/4/1165 1136/4/1165 1188/4/1165
f 1137/8/1166 1178/8/1166 1124/8/1166
f 1043/4/1167 1181/4/1167 1138/4/1167
f 1182/4/1168 1144/4/1168 1189/4/1168
f 1165/5/1169 1094/5/1169 1141/5/1169
f 1186/4/1170 1155/4/1170 1190/4/1170
f 1093/4/1171 1187/4/1171 1216/4/1171
f 1188/4/1172 1143/4/1172 1182/4/1172
f 1190/4/1173 1176/4/1173 1200/4/1173
f 1160/8/1174 1158/8/1174 1244/8/1174
f 1108/4/1175 1147/4/1175 1148/4/1175
f 1192/4/1176 1168/4/1176 1179/4/1176
f 1166/4/1177 1194/4/1177 1215/4/1177
f 1169/4/1178 1195/4/1178 1172/4/1178
f 1197/4/1179 1169/4/1179 1185/4/1179
f 1198/4/1180 1154/4/1180 1211/4/1180
f 1117/4/1181 1099/4/1181 1199/4/1181
f 1200/4/1182 1184/4/1182 1192/4/1182
f 1118/7/1183 1103/7/1183 1183/7/1183
f 1132/4/1184 1201/4/1184 1171/4/1184
f 1194/3/1185 1172/3/1185 1212/3/1185
f 1167/4/1186 1013/4/1186 1114/4/1186
f 1202/4/1187 1135/4/1187 1183/4/1187
f 1185/3/1188 1198/3/1188 1219/3/1188
f 1203/4/1189 1061/4/1189 1173/4/1189
f 1103/7/1190 1140/7/1190 1204/7/1190
f 1191/4/1191 1193/4/1191 1214/4/1191
f 1218/4/1192 1205/4/1192 1115/4/1192
f 1193/4/1193 1148/4/1193 1223/4/1193
f 1106/4/1194 1207/4/1194 1187/4/1194
f 1182/4/1195 1119/4/1195 1188/4/1195
f 1183/7/1196 1103/7/1196 1204/7/1196
f 1208/3/1197 1166/3/1197 1215/3/1197
f 1199/4/1198 1129/4/1198 1117/4/1198
f 805/3/141 828/3/141 750/3/141
f 1192/4/1199 1190/4/1199 1200/4/1199
f 1210/4/1200 1185/4/1200 1219/4/1200
f 1211/3/1201 1154/3/1201 1177/3/1201
f 1212/4/1202 1195/4/1202 1220/4/1202
f 1170/4/1203 1214/4/1203 1119/4/1203
f 1186/4/1204 1179/4/1204 1188/4/1204
f 1177/8/1205 1217/8/1205 1237/8/1205
f 1188/4/1206 1161/4/1206 1186/4/1206
f 1121/7/1207 1205/7/1207 1137/7/1207
f 299/2/1208 280/2/1208 247/2/1208
f 1204/8/1209 1140/8/1209 1208/8/1209
f 1178/7/1210 1180/7/1210 1221/7/1210
f 1222/4/1211 1119/4/1211 1214/4/1211
f 1161/4/1212 1174/4/1212 1159/4/1212
f 1217/8/1213 1221/8/1213 1253/8/1213
f 1202/7/1214 1204/7/1214 1243/7/1214
f 1148/4/1215 1222/4/1215 1223/4/1215
f 1224/4/1216 1193/4/1216 1225/4/1216
f 1226/4/1217 1171/4/1217 1201/4/1217
f 1201/4/1218 1202/4/1218 1258/4/1218
f 1225/4/1219 1223/4/1219 1233/4/1219
f 1214/4/1220 1227/4/1220 1222/4/1220
f 1086/8/1221 1228/8/1221 1158/8/1221
f 1130/4/1222 1199/4/1222 1272/4/1222
f 1165/5/1223 1141/5/1223 1226/5/1223
f 1229/4/1224 1225/4/1224 1235/4/1224
f 1231/4/1225 1224/4/1225 1229/4/1225
f 1234/3/1226 1220/3/1226 1209/3/1226
f 1223/4/1227 1227/4/1227 1233/4/1227
f 1212/4/1228 1234/4/1228 1247/4/1228
f 1235/4/1229 1233/4/1229 1238/4/1229
f 1210/4/1230 1236/4/1230 1232/4/1230
f 1233/4/1231 1231/4/1231 1238/4/1231
f 1211/3/1232 1237/3/1232 1254/3/1232
f 1159/4/1233 1216/4/1233 1175/4/1233
f 1229/4/1234 1238/4/1234 1231/4/1234
f 1216/4/1235 1173/4/1235 1175/4/1235
f 1219/3/1236 1240/3/1236 1236/3/1236
f 1241/7/1237 1101/7/1237 1261/7/1237
f 1240/4/1238 1211/4/1238 1254/4/1238
f 1215/4/1239 1242/4/1239 1252/4/1239
f 1242/3/1240 1212/3/1240 1247/3/1240
f 1199/4/1241 1203/4/1241 1280/4/1241
f 994/7/1242 1246/7/1242 1142/7/1242
f 1180/8/1243 1248/8/1243 1288/8/1243
f 1203/4/1244 1187/4/1244 1207/4/1244
f 1249/8/1245 1107/8/1245 1241/8/1245
f 1250/7/1246 1237/7/1246 1217/7/1246
f 1215/3/1247 1252/3/1247 1208/3/1247
f 1239/8/1248 1213/8/1248 1290/8/1248
f 1245/4/1249 1236/4/1249 1257/4/1249
f 1251/4/1250 1201/4/1250 1258/4/1250
f 1247/4/1251 1245/4/1251 1257/4/1251
f 1250/7/1252 1253/7/1252 1273/7/1252
f 1204/8/1253 1255/8/1253 1243/8/1253
f 1226/5/1254 1256/5/1254 1165/5/1254
f 1230/7/1255 1142/7/1255 1298/7/1255
f 1259/4/1256 1138/4/1256 1181/4/1256
f 1237/8/1257 1260/8/1257 1208/8/1257
f 1242/3/1258 1257/3/1258 1267/3/1258
f 1250/7/1259 1262/7/1259 1237/7/1259
f 1263/4/1260 1053/4/1260 1167/4/1260
f 1264/3/1261 1208/3/1261 1252/3/1261
f 1265/8/1262 1160/8/1262 1271/8/1262
f 1205/7/1263 1248/7/1263 1137/7/1263
f 1228/8/1264 1244/8/1264 1158/8/1264
f 1101/7/1265 1266/7/1265 1261/7/1265
f 1267/3/1266 1236/3/1266 1240/3/1266
f 1268/8/1267 1083/8/1267 1239/8/1267
f 1269/4/1268 1156/4/1268 1256/4/1268
f 1243/7/1269 1258/7/1269 1202/7/1269
f 1271/8/1270 1160/8/1270 1244/8/1270
f 1264/3/1271 1254/3/1271 1237/3/1271
f 1218/4/1272 1130/4/1272 1272/4/1272
f 1240/4/1273 1264/4/1273 1267/4/1273
f 1237/7/1274 1262/7/1274 1260/7/1274
f 1252/4/1275 1267/4/1275 1264/4/1275
f 1274/7/1276 1180/7/1276 1288/7/1276
f 1081/7/1277 1275/7/1277 1246/7/1277
f 1261/7/1278 1276/7/1278 1241/7/1278
f 1256/7/1279 1251/7/1279 1258/7/1279
f 1241/8/1280 1278/8/1280 1249/8/1280
f 1114/4/1281 1279/4/1281 1167/4/1281
f 1280/4/1282 1207/4/1282 1259/4/1282
f 1206/8/1283 1268/8/1283 1292/8/1283
f 1281/2/1284 1262/2/1284 1250/2/1284
f 1208/8/1285 1282/8/1285 1255/8/1285
f 1283/8/1286 1131/8/1286 1249/8/1286
f 1273/2/1287 1284/2/1287 1250/2/1287
f 1253/8/1288 1274/8/1288 1285/8/1288
f 1256/7/1289 1258/7/1289 1270/7/1289
f 1276/7/1290 1286/7/1290 1278/7/1290
f 1266/7/1291 1230/7/1291 1318/7/1291
f 1114/4/1292 1269/4/1292 1279/4/1292
f 1269/7/1293 1256/7/1293 1270/7/1293
f 331/5/1009 498/5/1009 449/5/1009
f 414/5/285 406/5/285 388/5/285
f 1260/7/1294 1289/7/1294 1282/7/1294
f 1290/8/1295 1265/8/1295 1310/8/1295
f 1291/8/1296 1243/8/1296 1255/8/1296
f 1250/2/1297 1284/2/1297 1281/2/1297
f 1125/8/1298 1292/8/1298 1275/8/1298
f 1244/8/1299 1293/8/1299 1271/8/1299
f 1287/4/1300 1272/4/1300 1303/4/1300
f 1273/7/1301 1285/7/1301 1300/7/1301
f 1181/4/1302 1314/4/1302 1259/4/1302
f 1278/8/1303 1283/8/1303 1249/8/1303
f 1272/4/1304 1280/4/1304 1312/4/1304
f 1294/7/1305 1261/7/1305 1266/7/1305
f 1289/2/1306 1281/2/1306 1305/2/1306
f 1269/7/1307 1295/7/1307 1279/7/1307
f 1283/8/1308 1286/8/1308 1306/8/1308
f 1296/2/1309 1284/2/1309 1273/2/1309
f 1205/7/1310 1297/7/1310 1248/7/1310
f 1291/8/1311 1282/8/1311 1315/8/1311
f 1286/7/1312 1294/7/1312 1320/7/1312
f 1287/4/1313 1297/4/1313 1205/4/1313
f 540/1/1314 552/1/1314 614/1/1314
f 1265/8/1315 1271/8/1315 1301/8/1315
f 1296/2/1316 1273/2/1316 1302/2/1316
f 1273/2/1317 1300/2/1317 1302/2/1317
f 1301/8/1318 1293/8/1318 1316/8/1318
f 1291/8/1319 1295/8/1319 1270/8/1319
f 1306/8/1320 1293/8/1320 1228/8/1320
f 1228/8/1321 1283/8/1321 1306/8/1321
f 476/3/1322 520/3/1322 556/3/1322
f 1282/7/1323 1307/7/1323 1315/7/1323
f 1284/2/1324 1308/2/1324 1281/2/1324
f 1248/8/1325 1309/8/1325 1288/8/1325
f 1287/4/1326 1322/4/1326 1311/4/1326
f 1307/2/1327 1289/2/1327 1305/2/1327
f 1310/8/1328 1265/8/1328 1301/8/1328
f 1297/4/1329 1311/4/1329 1330/4/1329
f 1312/4/1330 1259/4/1330 1314/4/1330
f 1297/7/1331 1309/7/1331 1248/7/1331
f 1281/2/1332 1313/2/1332 1305/2/1332
f 1303/4/1333 1312/4/1333 1331/4/1333
f 1142/7/1334 1317/7/1334 1298/7/1334
f 1319/8/1335 1290/8/1335 1325/8/1335
f 1308/2/1336 1313/2/1336 1281/2/1336
f 1306/8/1337 1286/8/1337 1320/8/1337
f 1279/7/1338 1321/7/1338 1299/7/1338
f 1323/2/1339 1284/2/1339 1296/2/1339
f 1318/7/1340 1298/7/1340 1357/7/1340
f 1324/7/1341 1285/7/1341 1337/7/1341
f 1304/8/1342 1291/8/1342 1315/8/1342
f 1316/8/1343 1306/8/1343 1345/8/1343
f 1325/8/1344 1290/8/1344 1310/8/1344
f 1300/2/1345 1326/2/1345 1302/2/1345
f 1310/8/1346 1316/8/1346 1343/8/1346
f 1274/7/1347 1327/7/1347 1329/7/1347
f 1307/2/1348 1328/2/1348 1336/2/1348
f 1285/8/1349 1274/8/1349 1329/8/1349
f 530/3/695 569/3/695 564/3/695
f 585/3/1350 541/3/1350 554/3/1350
f 1323/2/1351 1296/2/1351 1302/2/1351
f 1323/2/1352 1308/2/1352 1284/2/1352
f 1330/7/1353 1309/7/1353 1297/7/1353
f 1303/4/1354 1341/4/1354 1322/4/1354
f 1317/7/1355 1275/7/1355 1342/7/1355
f 1327/8/1356 1309/8/1356 1350/8/1356
f 1305/2/1357 1332/2/1357 1328/2/1357
f 1326/2/1358 1300/2/1358 1324/2/1358
f 1295/8/1359 1333/8/1359 1321/8/1359
f 1334/8/1360 1239/8/1360 1340/8/1360
f 1311/5/1361 1335/5/1361 1339/5/1361
f 1315/7/1362 1336/7/1362 1344/7/1362
f 314/3/1363 487/3/1363 284/3/1363
f 1338/7/1364 1266/7/1364 1318/7/1364
f 1323/2/1365 1326/2/1365 1355/2/1365
f 1330/5/1366 1339/5/1366 1352/5/1366
f 1340/8/1367 1239/8/1367 1319/8/1367
f 1320/7/1368 1338/7/1368 1346/7/1368
f 1285/8/1369 1329/8/1369 1337/8/1369
f 1342/8/1370 1292/8/1370 1334/8/1370
f 1304/8/1371 1344/8/1371 1333/8/1371
f 1306/8/1372 1346/8/1372 1345/8/1372
f 1325/8/1373 1343/8/1373 1353/8/1373
f 1292/8/1374 1268/8/1374 1334/8/1374
f 1335/5/1375 1341/5/1375 1359/5/1375
f 606/3/157 487/3/157 654/3/157
f 1347/7/1376 1321/7/1376 1360/7/1376
f 1309/7/1377 1348/7/1377 1350/7/1377
f 1326/2/1378 1349/2/1378 1351/2/1378
f 1336/2/1379 1351/2/1379 1358/2/1379
f 1343/8/1380 1345/8/1380 1373/8/1380
f 1319/8/1381 1325/8/1381 1353/8/1381
f 1349/7/1382 1337/7/1382 1366/7/1382
f 1328/2/1383 1354/2/1383 1351/2/1383
f 1314/4/1384 1356/4/1384 1312/4/1384
f 1356/4/1385 1331/4/1385 1312/4/1385
f 1344/7/1386 1358/7/1386 1368/7/1386
f 1360/8/1387 1333/8/1387 1370/8/1387
f 1348/7/1388 1330/7/1388 1352/7/1388
f 1361/7/1389 1298/7/1389 1317/7/1389
f 1341/4/1390 1356/4/1390 1367/4/1390
f 1355/2/1391 1326/2/1391 1351/2/1391
f 1340/8/1392 1353/8/1392 1377/8/1392
f 1356/4/1393 1314/4/1393 1347/4/1393
f 1335/5/1394 1362/5/1394 1339/5/1394
f 1329/7/1395 1363/7/1395 1364/7/1395
f 1338/7/1396 1357/7/1396 1371/7/1396
f 1337/8/1397 1364/8/1397 1366/8/1397
f 655/3/246 654/3/246 637/3/246
f 1349/2/1398 1358/2/1398 1351/2/1398
f 1365/8/1399 1344/8/1399 1368/8/1399
f 1339/5/1400 1362/5/1400 1352/5/1400
f 1359/5/1401 1367/5/1401 1381/5/1401
f 1369/5/1402 1359/5/1402 1379/5/1402
f 1361/7/1403 1342/7/1403 1375/7/1403
f 1363/8/1404 1350/8/1404 1383/8/1404
f 1357/7/1405 1361/7/1405 1389/7/1405
f 1366/7/1406 1358/7/1406 1349/7/1406
f 1346/7/1407 1371/7/1407 1378/7/1407
f 1372/4/1408 1352/4/1408 1362/4/1408
f 1333/7/1409 1365/7/1409 1370/7/1409
f 1362/5/1410 1369/5/1410 1382/5/1410
f 1368/7/1411 1358/7/1411 1366/7/1411
f 1373/8/1412 1346/8/1412 1378/8/1412
f 1374/7/1413 1360/7/1413 1386/7/1413
f 1353/8/1414 1343/8/1414 1373/8/1414
f 1375/8/1415 1334/8/1415 1377/8/1415
f 1350/7/1416 1376/7/1416 1383/7/1416
f 1356/4/1417 1347/4/1417 1374/4/1417
f 1334/8/1418 1340/8/1418 1377/8/1418
f 1376/4/1419 1372/4/1419 1395/4/1419
f 1380/8/1420 1366/8/1420 1364/8/1420
f 1384/7/1421 1365/7/1421 1380/7/1421
f 1380/8/1422 1365/8/1422 1368/8/1422
f 735/3/1423 791/3/1423 762/3/1423
f 1367/4/1424 1374/4/1424 1387/4/1424
f 1372/4/1425 1385/4/1425 1395/4/1425
f 1386/8/1426 1370/8/1426 1384/8/1426
f 1379/5/1427 1381/5/1427 1405/5/1427
f 1380/7/1428 1363/7/1428 1384/7/1428
f 768/3/795 782/3/795 797/3/795
f 1388/8/1429 1353/8/1429 1373/8/1429
f 1371/7/1430 1389/7/1430 1394/7/1430
f 1385/5/1431 1382/5/1431 1402/5/1431
f 1369/5/1432 1390/5/1432 1382/5/1432
f 1381/5/1433 1387/5/1433 1398/5/1433
f 1392/7/1434 1371/7/1434 1394/7/1434
f 1393/5/1435 1369/5/1435 1379/5/1435
f 1377/8/1436 1388/8/1436 1407/8/1436
f 1386/8/1437 1363/8/1437 1383/8/1437
f 809/3/1438 795/3/1438 828/3/1438
f 1392/8/1439 1373/8/1439 1378/8/1439
f 1390/5/1440 1396/5/1440 1401/5/1440
f 1386/7/1441 1387/7/1441 1374/7/1441
f 1361/7/1442 1397/7/1442 1389/7/1442
f 1396/5/1443 1393/5/1443 1406/5/1443
f 1388/8/1444 1392/8/1444 1408/8/1444
f 1392/7/1445 1399/7/1445 1408/7/1445
f 1383/7/1446 1400/7/1446 1386/7/1446
f 1399/7/1447 1389/7/1447 1397/7/1447
f 704/3/240 833/3/240 687/3/240
f 1398/7/1448 1387/7/1448 1386/7/1448
f 1400/4/1449 1395/4/1449 1409/4/1449
f 1402/5/1450 1390/5/1450 1412/5/1450
f 1396/2/1451 1411/2/1451 1401/2/1451
f 1381/5/1452 1398/5/1452 1404/5/1452
f 1386/7/1453 1400/7/1453 1398/7/1453
f 1375/8/1454 1407/8/1454 1397/8/1454
f 1409/4/1455 1385/4/1455 1404/4/1455
f 1398/4/1456 1409/4/1456 1404/4/1456
f 1393/5/1457 1405/5/1457 1416/5/1457
f 859/3/246 751/3/246 833/3/246
f 1405/5/1458 1404/5/1458 1415/5/1458
f 1410/2/1459 1396/2/1459 1406/2/1459
f 1408/8/1460 1397/8/1460 1407/8/1460
f 1404/5/1461 1402/5/1461 1415/5/1461
f 1407/8/1462 1388/8/1462 1408/8/1462
f 1412/5/1463 1401/5/1463 1414/5/1463
f 1413/5/1464 1393/5/1464 1416/5/1464
f 1414/2/1465 1411/2/1465 1419/2/1465
f 1417/2/1466 1406/2/1466 1413/2/1466
f 1416/5/1467 1415/5/1467 1418/5/1467
f 1418/5/1468 1402/5/1468 1412/5/1468
f 1412/5/1469 1420/5/1469 1418/5/1469
f 1411/2/1470 1426/2/1470 1419/2/1470
f 1413/5/1471 1418/5/1471 1420/5/1471
f 1422/2/1472 1414/2/1472 1419/2/1472
f 1413/2/1473 1422/2/1473 1417/2/1473
f 1427/4/1474 1430/4/1474 1423/4/1474
f 1411/2/1475 1424/2/1475 1421/2/1475
f 1424/2/1476 1410/2/1476 1425/2/1476
f 1423/2/1477 1410/2/1477 1427/2/1477
f 1428/2/1478 1429/2/1478 1422/2/1478
f 1417/2/1479 1429/2/1479 1427/2/1479
f 1428/4/1480 1430/4/1480 1429/4/1480
f 1421/4/1481 1428/4/1481 1426/4/1481
f 1323/4/1482 1355/4/1482 1354/4/1482
f 1423/4/1483 1430/4/1483 1425/4/1483
f 1425/4/1484 1421/4/1484 1424/4/1484
f 1313/4/1485 1308/4/1485 1332/4/1485
f 1328/2/1486 1332/2/1486 1354/2/1486
f 1355/2/1487 1351/2/1487 1354/2/1487
f 1436/6/1488 1439/6/1488 1435/6/1488
f 1438/6/1489 1433/6/1489 1434/6/1489
f 1437/6/1490 1439/6/1490 1436/6/1490
f 1439/6/1491 1431/6/1491 1432/6/1491
f 1437/6/1492 1431/6/1492 1439/6/1492
f 1432/6/1493 1438/6/1493 1439/6/1493
f 1439/6/1494 1438/6/1494 1440/6/1494
f 1435/6/1495 1439/6/1495 1440/6/1495
f 1438/6/1496 1441/6/1496 1440/6/1496
f 820/8/1497 995/8/1497 909/8/1497
f 1438/6/1498 1434/6/1498 1441/6/1498
f 1456/6/1499 1457/6/1499 1462/6/1499
f 1455/6/1500 1456/6/1500 1462/6/1500
f 1454/10/1501 1455/10/1501 1446/10/1501
f 1448/10/1502 1460/10/1502 1453/10/1502
f 1461/10/1503 1445/10/1503 1451/10/1503
f 1452/10/1504 1450/10/1504 1457/10/1504
f 1443/10/1505 1446/10/1505 1450/10/1505
f 1448/6/1506 1454/6/1506 1446/6/1506
f 1447/10/1507 1461/10/1507 1451/10/1507
f 1458/10/1508 1454/10/1508 1453/10/1508
f 1459/10/1509 1455/10/1509 1454/10/1509
f 1456/6/1510 1445/6/1510 1444/6/1510
f 1444/10/1511 1457/10/1511 1456/10/1511
f 1442/10/1512 1457/10/1512 1449/10/1512
f 1451/6/1513 1458/6/1513 1447/6/1513
f 1445/6/1514 1455/6/1514 1451/6/1514
f 1451/6/1515 1455/6/1515 1459/6/1515
f 1460/10/1516 1458/10/1516 1453/10/1516
f 1460/6/1517 1443/6/1517 1452/6/1517
f 1461/6/1518 1442/6/1518 1449/6/1518
f 1444/10/1519 1461/10/1519 1449/10/1519
f 1447/6/1520 1442/6/1520 1461/6/1520
f 1442/10/1521 1460/10/1521 1452/10/1521
f 1447/6/1522 1458/6/1522 1442/6/1522
f 1450/6/1523 1446/6/1523 1462/6/1523
f 1455/10/1524 1462/10/1524 1446/10/1524
f 1453/10/1525 1454/10/1525 1448/10/1525
f 1462/6/1526 1457/6/1526 1450/6/1526
f 1449/10/1527 1457/10/1527 1444/10/1527
f 1478/6/1528 1479/6/1528 1471/6/1528
f 1477/6/1529 1478/6/1529 1467/6/1529
f 1477/10/1530 1472/10/1530 1476/10/1530
f 1469/10/1531 1482/10/1531 1475/10/1531
f 1471/6/1532 1467/6/1532 1478/6/1532
f 1483/6/1533 1466/6/1533 1473/6/1533
f 1474/6/1534 1471/6/1534 1479/6/1534
f 1469/6/1535 1471/6/1535 1464/6/1535
f 1475/10/1536 1472/10/1536 1469/10/1536
f 1468/6/1537 1483/6/1537 1473/6/1537
f 1480/6/1538 1476/6/1538 1475/6/1538
f 1481/6/1539 1477/6/1539 1476/6/1539
f 1478/6/1540 1466/6/1540 1465/6/1540
f 1479/10/1541 1465/10/1541 1470/10/1541
f 1463/10/1542 1479/10/1542 1470/10/1542
f 1481/6/1543 1468/6/1543 1473/6/1543
f 1466/6/1544 1477/6/1544 1473/6/1544
f 1473/6/1545 1477/6/1545 1481/6/1545
f 1482/10/1546 1480/10/1546 1475/10/1546
f 1482/6/1547 1464/6/1547 1474/6/1547
f 1483/10/1548 1463/10/1548 1470/10/1548
f 1465/10/1549 1483/10/1549 1470/10/1549
f 1468/10/1550 1463/10/1550 1483/10/1550
f 1463/10/1551 1482/10/1551 1474/10/1551
f 1468/6/1552 1480/6/1552 1463/6/1552
f 936/4/1553 978/4/1553 948/4/1553
f 1487/10/1554 1485/10/1554 1486/10/1554
f 1489/10/1555 1487/10/1555 1490/10/1555
f 1488/10/1556 1494/10/1556 1491/10/1556
f 1489/10/1557 1491/10/1557 1494/10/1557
f 1491/10/1558 1486/10/1558 1488/10/1558
f 1485/10/1559 1484/10/1559 1495/10/1559
f 1491/10/1560 1489/10/1560 1490/10/1560
f 1484/10/1561 1494/10/1561 1496/10/1561
f 1484/10/1562 1485/10/1562 1489/10/1562
f 1488/10/1563 1486/10/1563 1497/10/1563
f 1493/10/1564 1486/10/1564 1485/10/1564
f 1498/10/1565 1495/10/1565 1484/10/1565
f 1496/10/1566 1498/10/1566 1484/10/1566
f 1504/10/1567 1501/10/1567 1502/10/1567
f 1505/10/1568 1496/10/1568 1494/10/1568
f 1505/10/1569 1499/10/1569 1504/10/1569
f 1497/10/1570 1499/10/1570 1488/10/1570
f 1493/10/899 1501/10/899 1497/10/899
f 1495/10/1571 1503/10/1571 1492/10/1571
f 1500/10/1572 1502/10/1572 1503/10/1572
f 1505/10/1573 1500/10/1573 1495/10/1573
f 1498/10/1574 1505/10/1574 1495/10/1574
f 1505/10/1575 1494/10/1575 1488/10/1575
f 1487/10/1576 1491/10/1576 1490/10/1576
f 1485/10/1577 1495/10/1577 1492/10/1577
f 1507/10/1578 1514/10/1578 1515/10/1578
f 1509/10/1579 1507/10/1579 1508/10/1579
f 1511/10/1555 1509/10/1555 1512/10/1555
f 1510/10/1556 1516/10/1556 1513/10/1556
f 1511/10/1557 1513/10/1557 1516/10/1557
f 1513/10/1558 1508/10/1558 1510/10/1558
f 1506/10/1580 1514/10/1580 1507/10/1580
f 1513/10/1581 1511/10/1581 1512/10/1581
f 1506/10/1561 1516/10/1561 1518/10/1561
f 1506/10/1582 1507/10/1582 1511/10/1582
f 1510/10/1563 1508/10/1563 1519/10/1563
f 1515/10/1583 1508/10/1583 1507/10/1583
f 1520/10/1565 1517/10/1565 1506/10/1565
f 1518/10/1566 1520/10/1566 1506/10/1566
f 1526/10/1567 1523/10/1567 1524/10/1567
f 1527/10/1568 1518/10/1568 1516/10/1568
f 1527/10/1569 1521/10/1569 1526/10/1569
f 1519/10/1570 1521/10/1570 1510/10/1570
f 492/2/1584 489/2/1584 391/2/1584
f 1517/10/1585 1525/10/1585 1514/10/1585
f 1522/10/1572 1524/10/1572 1525/10/1572
f 1527/10/1573 1522/10/1573 1517/10/1573
f 1520/10/1574 1527/10/1574 1517/10/1574
f 1527/10/1575 1516/10/1575 1510/10/1575
f 1509/10/1586 1513/10/1586 1512/10/1586
f 3/1/1587 1/1/1587 2/1/1587
f 2/1/1588 1/1/1588 4/1/1588
f 1/1/1589 3/1/1589 6/1/1589
f 1/1/1590 8/1/1590 14/1/1590
f 4/2/1591 10/2/1591 9/2/1591
f 73/1/1592 66/1/1592 63/1/1592
f 66/1/1593 57/1/1593 63/1/1593
f 1197/3/1594 1210/3/1594 1209/3/1594
f 1210/3/1595 1232/3/1595 1209/3/1595
f 1232/3/1596 1245/3/1596 1209/3/1596
f 1245/3/1597 1234/3/1597 1209/3/1597
f 1209/3/1598 1220/3/1598 1195/3/1598
f 1196/3/1599 1197/3/1599 1209/3/1599
f 2/1/1600 7/1/1600 9/1/1600
f 5/1/1601 2/1/1601 13/1/1601
f 16/2/1602 9/2/1602 10/2/1602
f 19/1/1603 12/1/1603 9/1/1603
f 23/1/1604 22/1/1604 13/1/1604
f 15/1/1605 13/1/1605 24/1/1605
f 25/1/1606 8/1/1606 6/1/1606
f 14/1/1607 8/1/1607 25/1/1607
f 26/1/1608 18/1/1608 12/1/1608
f 13/1/1609 22/1/1609 27/1/1609
f 11/2/1610 21/2/1610 28/2/1610
f 28/2/1611 21/2/1611 14/2/1611
f 23/1/1612 18/1/1612 26/1/1612
f 19/1/1613 16/1/1613 28/1/1613
f 20/1/1614 15/1/1614 32/1/1614
f 30/2/1615 23/2/1615 29/2/1615
f 26/1/1616 19/1/1616 33/1/1616
f 31/1/1617 25/1/1617 33/1/1617
f 34/1/1618 24/1/1618 27/1/1618
f 35/1/1619 25/1/1619 17/1/1619
f 29/1/1620 26/1/1620 36/1/1620
f 37/1/1621 24/1/1621 34/1/1621
f 35/1/1622 41/1/1622 39/1/1622
f 34/1/1623 30/1/1623 40/1/1623
f 29/2/1624 39/2/1624 42/2/1624
f 44/1/1625 41/1/1625 35/1/1625
f 45/1/1626 35/1/1626 20/1/1626
f 37/1/1627 46/1/1627 47/1/1627
f 46/1/1628 37/1/1628 51/1/1628
f 32/1/1629 38/1/1629 53/1/1629
f 38/1/1630 47/1/1630 54/1/1630
f 55/1/1631 43/1/1631 57/1/1631
f 43/1/1632 55/1/1632 59/1/1632
f 60/1/1633 42/1/1633 44/1/1633
f 60/1/1634 48/1/1634 40/1/1634
f 58/1/1635 50/1/1635 51/1/1635
f 1078/4/1636 1038/4/1636 1076/4/1636
f 1038/4/1637 1045/4/1637 1076/4/1637
f 1076/4/1638 1057/4/1638 1035/4/1638
f 65/1/1639 51/1/1639 52/1/1639
f 62/1/1640 56/1/1640 57/1/1640
f 60/1/1641 45/1/1641 67/1/1641
f 69/2/1642 59/2/1642 55/2/1642
f 72/1/1643 52/1/1643 71/1/1643
f 62/1/1644 66/1/1644 74/1/1644
f 54/1/1645 76/1/1645 67/1/1645
f 68/1/1646 64/1/1646 78/1/1646
f 52/1/1647 61/1/1647 79/1/1647
f 61/1/1648 59/1/1648 80/1/1648
f 52/1/1649 81/1/1649 88/1/1649
f 58/1/1650 65/1/1650 82/1/1650
f 63/1/1651 83/1/1651 85/1/1651
f 82/1/1652 67/1/1652 76/1/1652
f 63/1/1653 68/1/1653 86/1/1653
f 68/1/1654 77/1/1654 87/1/1654
f 89/1/1655 82/1/1655 65/1/1655
f 90/1/1656 69/1/1656 70/1/1656
f 80/1/1657 69/1/1657 90/1/1657
f 78/1/1658 64/1/1658 97/1/1658
f 84/1/1659 92/1/1659 89/1/1659
f 128/1/1660 135/1/1660 112/1/1660
f 63/1/1661 94/1/1661 103/1/1661
f 73/1/1662 85/1/1662 95/1/1662
f 259/5/104 271/5/104 273/5/104
f 271/5/1663 287/5/1663 273/5/1663
f 89/1/1664 92/1/1664 88/1/1664
f 98/1/1665 73/1/1665 99/1/1665
f 1433/6/1666 1432/6/1666 1440/6/1666
f 1432/6/1667 1431/6/1667 1435/6/1667
f 1440/6/1668 1432/6/1668 1435/6/1668
f 1431/6/1669 1437/6/1669 1435/6/1669
f 1437/6/1670 1436/6/1670 1435/6/1670
f 1440/6/1671 1441/6/1671 1433/6/1671
f 100/1/1672 79/1/1672 90/1/1672
f 102/1/1673 93/1/1673 98/1/1673
f 101/2/1674 78/2/1674 91/2/1674
f 89/1/1675 81/1/1675 105/1/1675
f 106/1/1676 107/1/1676 100/1/1676
f 91/1/1677 97/1/1677 105/1/1677
f 104/1/1678 98/1/1678 108/1/1678
f 112/1/1679 86/1/1679 87/1/1679
f 102/1/1680 113/1/1680 111/1/1680
f 99/1/1681 95/1/1681 103/1/1681
f 105/1/1682 117/1/1682 114/1/1682
f 120/4/1683 118/4/1683 119/4/1683
f 117/1/1684 105/1/1684 100/1/1684
f 116/1/1685 110/1/1685 108/1/1685
f 121/1/1686 106/1/1686 96/1/1686
f 99/1/1687 94/1/1687 124/1/1687
f 122/1/1688 108/1/1688 115/1/1688
f 119/4/1689 118/4/1689 127/4/1689
f 100/1/1690 107/1/1690 139/1/1690
f 101/1/1691 114/1/1691 117/1/1691
f 129/4/1692 118/4/1692 120/4/1692
f 849/3/141 824/3/141 783/3/141
f 859/3/141 704/3/141 849/3/141
f 704/3/141 716/3/141 849/3/141
f 131/1/1693 96/1/1693 111/1/1693
f 102/2/1694 104/2/1694 123/2/1694
f 104/2/1695 116/2/1695 123/2/1695
f 125/4/1696 119/4/1696 133/4/1696
f 127/4/1697 118/4/1697 129/4/1697
f 113/1/1698 136/1/1698 151/1/1698
f 132/1/1699 116/1/1699 122/1/1699
f 126/1/1700 124/1/1700 141/1/1700
f 133/4/1701 119/4/1701 134/4/1701
f 142/1/1702 143/1/1702 137/1/1702
f 115/1/1703 126/1/1703 144/1/1703
f 126/1/1704 138/1/1704 145/1/1704
f 185/4/157 171/4/157 214/4/157
f 171/4/157 154/4/157 205/4/157
f 214/4/157 171/4/157 205/4/157
f 154/4/157 134/4/157 147/4/157
f 134/4/157 127/4/157 147/4/157
f 147/4/157 175/4/157 154/4/157
f 141/1/1705 124/1/1705 135/1/1705
f 149/7/1706 150/7/1706 148/7/1706
f 153/8/1707 148/8/1707 152/8/1707
f 157/1/1708 142/1/1708 115/1/1708
f 139/1/1709 121/1/1709 131/1/1709
f 140/4/1710 133/4/1710 159/4/1710
f 725/3/167 727/3/167 752/3/167
f 727/3/167 769/3/167 752/3/167
f 769/3/167 798/3/167 752/3/167
f 123/1/1711 160/1/1711 151/1/1711
f 132/1/1712 146/1/1712 160/1/1712
f 137/1/1713 143/1/1713 158/1/1713
f 159/4/1714 133/4/1714 154/4/1714
f 163/7/1715 148/7/1715 150/7/1715
f 152/8/1716 148/8/1716 163/8/1716
f 156/1/1717 135/1/1717 165/1/1717
f 168/4/1718 129/4/1718 130/4/1718
f 162/1/1719 137/1/1719 166/1/1719
f 165/1/1720 128/1/1720 131/1/1720
f 176/2/1721 145/2/1721 169/2/1721
f 145/2/1722 141/2/1722 169/2/1722
f 161/4/266 159/4/266 177/4/266
f 147/4/1723 129/4/1723 168/4/1723
f 144/1/1724 145/1/1724 176/1/1724
f 166/1/1725 158/1/1725 157/1/1725
f 177/4/190 159/4/190 171/4/190
f 180/3/1726 170/3/1726 177/3/1726
f 181/1/1727 162/1/1727 178/1/1727
f 183/1/1728 173/1/1728 165/1/1728
f 180/3/183 182/3/183 193/3/183
f 187/3/197 182/3/197 177/3/197
f 172/1/1729 167/1/1729 188/1/1729
f 162/1/1730 181/1/1730 189/1/1730
f 188/1/1731 167/1/1731 194/1/1731
f 195/1/1732 178/1/1732 166/1/1732
f 193/3/190 182/3/190 187/3/190
f 198/2/1733 181/2/1733 186/2/1733
f 180/3/207 199/3/207 191/3/207
f 184/3/208 193/3/208 200/3/208
f 179/1/1734 202/1/1734 169/1/1734
f 203/1/1735 186/1/1735 178/1/1735
f 200/3/213 193/3/213 204/3/213
f 206/4/1736 168/4/1736 155/4/1736
f 175/4/1737 168/4/1737 206/4/1737
f 172/1/1738 196/1/1738 212/1/1738
f 202/1/1739 192/1/1739 176/1/1739
f 201/3/222 213/3/222 230/3/222
f 185/3/223 214/3/223 226/3/223
f 215/7/1740 150/7/1740 149/7/1740
f 211/1/1741 197/1/1741 194/1/1741
f 217/3/1742 218/3/1742 216/3/1742
f 219/3/1743 216/3/1743 218/3/1743
f 220/2/1744 207/2/1744 186/2/1744
f 221/3/1745 218/3/1745 217/3/1745
f 224/1/1746 194/1/1746 190/1/1746
f 204/3/157 187/3/157 226/3/157
f 209/8/1747 152/8/1747 227/8/1747
f 190/1/1748 189/1/1748 228/1/1748
f 191/4/240 229/4/240 206/4/240
f 204/3/241 231/3/241 243/3/241
f 228/2/1749 189/2/1749 208/2/1749
f 228/1/1750 203/1/1750 195/1/1750
f 229/3/245 191/3/245 199/3/245
f 214/4/246 205/4/246 206/4/246
f 212/1/1751 211/1/1751 224/1/1751
f 237/5/250 238/5/250 236/5/250
f 437/5/1663 438/5/1663 413/5/1663
f 438/5/104 390/5/104 413/5/104
f 240/5/1752 233/5/1752 216/5/1752
f 199/3/240 230/3/240 242/3/240
f 219/3/1753 221/3/1753 244/3/1753
f 226/3/1754 214/3/1754 229/3/1754
f 236/5/332 238/5/332 239/5/332
f 226/3/258 235/3/258 242/3/258
f 231/3/261 242/3/261 249/3/261
f 250/2/1755 208/2/1755 225/2/1755
f 223/2/1756 251/2/1756 279/2/1756
f 93/1/1757 74/1/1757 73/1/1757
f 233/5/1758 252/5/1758 253/5/1758
f 201/4/183 200/4/183 258/4/183
f 257/5/1759 252/5/1759 233/5/1759
f 200/4/190 210/4/190 284/4/190
f 240/5/1760 219/5/1760 255/5/1760
f 261/5/269 259/5/269 260/5/269
f 217/3/1761 234/3/1761 262/3/1761
f 253/7/1762 252/7/1762 264/7/1762
f 264/7/1763 252/7/1763 257/7/1763
f 265/3/1764 244/3/1764 221/3/1764
f 259/5/275 261/5/275 267/5/275
f 269/7/1765 264/7/1765 268/7/1765
f 246/5/157 239/5/157 270/5/157
f 260/5/277 263/5/277 272/5/277
f 238/5/1766 237/5/1766 239/5/1766
f 237/5/278 256/5/278 239/5/278
f 149/7/1767 153/7/1767 274/7/1767
f 223/2/1768 247/2/1768 280/2/1768
f 281/7/1769 282/7/1769 264/7/1769
f 261/5/285 272/5/285 291/5/285
f 283/1/1770 277/1/1770 276/1/1770
f 210/4/157 243/4/157 314/4/157
f 286/1/1771 276/1/1771 285/1/1771
f 153/8/1772 209/8/1772 288/8/1772
f 262/5/1773 234/5/1773 253/5/1773
f 213/4/275 201/4/275 254/4/275
f 290/5/290 287/5/290 271/5/290
f 291/5/157 272/5/157 263/5/157
f 292/1/1774 276/1/1774 286/1/1774
f 273/5/293 287/5/293 290/5/293
f 255/3/1775 244/3/1775 296/3/1775
f 278/1/1776 277/1/1776 297/1/1776
f 257/5/1777 240/5/1777 294/5/1777
f 303/1/1778 300/1/1778 298/1/1778
f 249/4/240 213/4/240 289/4/240
f 301/1/1779 300/1/1779 303/1/1779
f 309/1/1780 278/1/1780 308/1/1780
f 268/7/1781 264/7/1781 310/7/1781
f 311/1/1782 303/1/1782 306/1/1782
f 310/7/1783 264/7/1783 282/7/1783
f 296/3/1784 244/3/1784 265/3/1784
f 265/3/1785 248/3/1785 262/3/1785
f 285/1/1786 278/1/1786 313/1/1786
f 243/4/246 249/4/246 307/4/246
f 74/1/1787 93/1/1787 96/1/1787
f 93/1/1788 111/1/1788 96/1/1788
f 313/1/1789 278/1/1789 309/1/1789
f 317/5/314 256/5/314 316/5/314
f 295/7/1790 257/7/1790 319/7/1790
f 294/5/1791 255/5/1791 321/5/1791
f 320/1/1792 306/1/1792 322/1/1792
f 324/7/1793 253/7/1793 269/7/1793
f 326/5/250 327/5/250 325/5/250
f 306/1/1794 330/1/1794 350/1/1794
f 301/1/1795 311/1/1795 334/1/1795
f 306/1/1796 333/1/1796 349/1/1796
f 312/7/1797 149/7/1797 304/7/1797
f 302/1/1798 338/1/1798 364/1/1798
f 308/1/1799 297/1/1799 340/1/1799
f 342/7/1800 295/7/1800 341/7/1800
f 325/5/332 327/5/332 328/5/332
f 305/5/333 270/5/333 317/5/333
f 282/1/1801 281/1/1801 462/1/1801
f 163/7/1802 215/7/1802 344/7/1802
f 346/1/1803 345/1/1803 330/1/1803
f 330/1/1804 345/1/1804 347/1/1804
f 311/1/1805 320/1/1805 348/1/1805
f 227/8/1806 163/8/1806 352/8/1806
f 337/1/1807 355/1/1807 348/1/1807
f 350/1/1808 347/1/1808 354/1/1808
f 358/7/1809 269/7/1809 357/7/1809
f 360/1/1810 293/1/1810 268/1/1810
f 361/1/1811 323/1/1811 308/1/1811
f 362/1/1812 350/1/1812 356/1/1812
f 363/2/1813 354/2/1813 345/2/1813
f 356/1/1814 354/1/1814 363/1/1814
f 315/1/1815 418/1/1815 340/1/1815
f 418/1/1816 517/1/1816 373/1/1816
f 315/1/1817 340/1/1817 297/1/1817
f 373/1/1816 340/1/1816 418/1/1816
f 297/1/1818 277/1/1818 315/1/1818
f 315/1/1819 283/1/1819 329/1/1819
f 349/1/1820 333/1/1820 348/1/1820
f 338/1/1821 336/1/1821 334/1/1821
f 368/5/275 326/5/275 331/5/275
f 319/5/1822 294/5/1822 369/5/1822
f 359/5/1823 262/5/1823 324/5/1823
f 362/1/1824 366/1/1824 375/1/1824
f 353/1/1825 340/1/1825 373/1/1825
f 346/1/1826 318/1/1826 403/1/1826
f 348/1/1827 333/1/1827 371/1/1827
f 379/7/1828 269/7/1828 293/7/1828
f 313/1/1829 339/1/1829 381/1/1829
f 281/7/1830 295/7/1830 384/7/1830
f 385/1/1831 367/1/1831 363/1/1831
f 388/5/269 386/5/269 387/5/269
f 370/1/1832 353/1/1832 389/1/1832
f 391/1/1833 389/1/1833 353/1/1833
f 357/7/1834 269/7/1834 379/7/1834
f 375/1/1835 366/1/1835 393/1/1835
f 384/7/1836 295/7/1836 342/7/1836
f 393/1/1837 366/1/1837 383/1/1837
f 341/7/1838 319/7/1838 394/7/1838
f 383/1/1839 378/1/1839 397/1/1839
f 399/8/1840 288/8/1840 209/8/1840
f 402/1/1841 329/1/1841 401/1/1841
f 404/1/1842 371/1/1842 362/1/1842
f 396/1/1843 371/1/1843 405/1/1843
f 386/5/275 388/5/275 406/5/275
f 382/3/1844 265/3/1844 359/3/1844
f 383/1/1845 400/1/1845 409/1/1845
f 339/2/1846 361/2/1846 410/2/1846
f 401/1/1847 329/1/1847 411/1/1847
f 351/5/157 328/5/157 412/5/157
f 387/5/277 390/5/277 414/5/277
f 417/7/1848 365/7/1848 341/7/1848
f 411/1/1849 329/1/1849 364/1/1849
f 362/1/1850 372/1/1850 440/1/1850
f 405/1/1851 371/1/1851 404/1/1851
f 415/2/1852 389/2/1852 391/2/1852
f 424/2/1853 422/2/1853 423/2/1853
f 403/1/1854 385/1/1854 377/1/1854
f 426/3/1855 321/3/1855 296/3/1855
f 410/1/1856 361/1/1856 376/1/1856
f 416/1/1857 409/1/1857 420/1/1857
f 344/7/1858 215/7/1858 312/7/1858
f 423/2/1859 422/2/1859 430/2/1859
f 430/2/1860 422/2/1860 427/2/1860
f 434/7/1861 304/7/1861 274/7/1861
f 433/2/1862 423/2/1862 436/2/1862
f 327/5/1766 326/5/1766 328/5/1766
f 326/5/278 368/5/278 328/5/278
f 439/2/1863 436/2/1863 423/2/1863
f 421/1/1864 396/1/1864 425/1/1864
f 441/1/1865 376/1/1865 370/1/1865
f 442/2/1866 424/2/1866 433/2/1866
f 443/1/1867 397/1/1867 378/1/1867
f 446/5/290 437/5/290 413/5/290
f 447/2/1868 427/2/1868 424/2/1868
f 448/5/157 414/5/157 390/5/157
f 385/1/1869 403/1/1869 452/1/1869
f 296/3/1870 382/3/1870 453/3/1870
f 335/8/1871 227/8/1871 450/8/1871
f 463/2/1872 420/2/1872 501/2/1872
f 420/2/1873 397/2/1873 443/2/1873
f 342/1/1874 365/1/1874 455/1/1874
f 456/1/1875 370/1/1875 415/1/1875
f 438/5/293 437/5/293 446/5/293
f 418/1/1876 315/1/1876 402/1/1876
f 429/1/1877 420/1/1877 463/1/1877
f 465/3/442 254/3/442 258/3/442
f 392/1/1878 393/1/1878 419/1/1878
f 411/1/1879 380/1/1879 381/1/1879
f 435/2/1880 381/2/1880 410/2/1880
f 467/8/1881 274/8/1881 288/8/1881
f 369/5/1882 321/5/1882 426/5/1882
f 471/1/1883 470/1/1883 408/1/1883
f 436/2/1884 439/2/1884 472/2/1884
f 431/2/1885 473/2/1885 457/2/1885
f 444/2/1886 430/2/1886 490/2/1886
f 439/2/1887 444/2/1887 474/2/1887
f 461/2/1888 433/2/1888 459/2/1888
f 476/3/266 465/3/266 468/3/266
f 459/2/1889 436/2/1889 478/2/1889
f 324/7/1890 358/7/1890 510/7/1890
f 402/1/1891 428/1/1891 480/1/1891
f 457/1/1892 482/1/1892 485/1/1892
f 483/1/1893 407/1/1893 373/1/1893
f 473/1/1894 431/1/1894 404/1/1894
f 486/2/1895 427/2/1895 447/2/1895
f 487/3/469 468/3/469 258/3/469
f 475/5/1896 359/5/1896 451/5/1896
f 488/2/1897 442/2/1897 461/2/1897
f 489/2/1898 479/2/1898 415/2/1898
f 391/1/1899 407/1/1899 483/1/1899
f 125/4/275 140/4/275 155/4/275
f 140/4/275 161/4/275 155/4/275
f 161/4/275 170/4/275 191/4/275
f 191/4/275 174/4/275 161/4/275
f 174/4/275 155/4/275 161/4/275
f 155/4/275 130/4/275 125/4/275
f 472/2/1900 439/2/1900 493/2/1900
f 480/1/1901 410/1/1901 441/1/1901
f 491/3/190 468/3/190 487/3/190
f 445/1/1902 469/1/1902 495/1/1902
f 393/1/1903 481/1/1903 497/1/1903
f 477/2/1904 427/2/1904 486/2/1904
f 470/1/1905 500/1/1905 521/1/1905
f 495/1/1906 469/1/1906 503/1/1906
f 254/3/487 465/3/487 508/3/487
f 485/1/1907 482/1/1907 499/1/1907
f 509/1/1908 441/1/1908 456/1/1908
f 505/2/1909 461/2/1909 502/2/1909
f 478/2/1910 472/2/1910 514/2/1910
f 456/1/1911 479/1/1911 515/1/1911
f 493/2/1912 474/2/1912 513/2/1912
f 508/3/275 465/3/275 476/3/275
f 520/3/499 491/3/499 518/3/499
f 454/1/1913 408/1/1913 521/1/1913
f 452/1/1914 485/1/1914 522/1/1914
f 517/1/1915 418/1/1915 494/1/1915
f 453/3/1916 382/3/1916 475/3/1916
f 486/1/1917 519/1/1917 523/1/1917
f 525/1/1918 523/1/1918 524/1/1918
f 455/1/1919 365/1/1919 417/1/1919
f 524/1/1920 523/1/1920 519/1/1920
f 481/1/1921 526/1/1921 553/1/1921
f 527/2/1922 519/2/1922 447/2/1922
f 447/2/1923 488/2/1923 528/2/1923
f 529/7/1924 510/7/1924 358/7/1924
f 532/3/1925 530/3/1925 531/3/1925
f 535/5/314 368/5/314 449/5/314
f 523/1/1926 525/1/1926 536/1/1926
f 394/5/1927 369/5/1927 538/5/1927
f 515/1/1928 539/1/1928 494/1/1928
f 452/1/1929 540/1/1929 578/1/1929
f 542/1/1930 484/1/1930 463/1/1930
f 531/3/520 543/3/520 554/3/520
f 443/1/1931 454/1/1931 546/1/1931
f 620/3/141 588/3/141 561/3/141
f 561/3/141 549/3/141 585/3/141
f 585/3/141 584/3/141 561/3/141
f 494/1/1932 539/1/1932 492/1/1932
f 522/1/1933 499/1/1933 473/1/1933
f 532/3/1934 541/3/1934 549/3/1934
f 488/2/1935 505/2/1935 551/2/1935
f 476/3/529 556/3/529 555/3/529
f 479/2/1936 489/2/1936 558/2/1936
f 556/4/183 520/4/183 586/4/183
f 560/2/1937 502/2/1937 459/2/1937
f 481/1/1938 537/1/1938 582/1/1938
f 563/1/1939 432/1/1939 357/1/1939
f 492/2/1940 539/2/1940 515/2/1940
f 514/2/1941 493/2/1941 557/2/1941
f 445/1/1942 496/1/1942 568/1/1942
f 569/3/541 532/3/541 561/3/541
f 571/2/1943 570/2/1943 488/2/1943
f 574/3/1944 554/3/1944 543/3/1944
f 572/1/1945 486/1/1945 534/1/1945
f 497/1/1946 553/1/1946 576/1/1946
f 577/4/1947 525/4/1947 550/4/1947
f 507/1/1948 503/1/1948 579/1/1948
f 460/7/1949 394/7/1949 580/7/1949
f 536/4/1950 525/4/1950 577/4/1950
f 488/2/1951 570/2/1951 583/2/1951
f 585/3/1952 554/3/1952 574/3/1952
f 498/5/333 412/5/333 535/5/333
f 520/4/190 544/4/190 630/4/190
f 546/1/1953 542/1/1953 501/1/1953
f 557/2/1954 513/2/1954 551/2/1954
f 550/1/1955 524/1/1955 589/1/1955
f 590/1/1956 512/1/1956 566/1/1956
f 551/2/1957 505/2/1957 575/2/1957
f 506/2/1958 514/2/1958 592/2/1958
f 589/1/1959 524/1/1959 527/1/1959
f 1347/4/1960 1314/4/1960 1299/4/1960
f 1314/4/1961 1263/4/1961 1299/4/1961
f 1263/4/1962 1167/4/1962 1299/4/1962
f 593/1/1963 534/1/1963 536/1/1963
f 597/3/568 574/3/568 547/3/568
f 599/7/1964 460/7/1964 598/7/1964
f 575/2/1965 502/2/1965 560/2/1965
f 584/3/573 574/3/573 597/3/573
f 602/7/1966 451/7/1966 510/7/1966
f 503/1/1967 512/1/1967 603/1/1967
f 604/2/1968 570/2/1968 571/2/1968
f 500/1/1969 578/1/1969 540/1/1969
f 605/1/1970 577/1/1970 596/1/1970
f 600/2/1971 477/2/1971 572/2/1971
f 544/3/582 518/3/582 606/3/582
f 611/2/1972 571/2/1972 545/2/1972
f 464/3/1973 453/3/1973 613/3/1973
f 614/1/1974 552/1/1974 576/1/1974
f 610/2/1975 527/2/1975 581/2/1975
f 542/1/1976 546/1/1976 615/1/1976
f 616/4/1977 596/4/1977 550/4/1977
f 590/1/1978 618/1/1978 603/1/1978
f 688/2/1979 623/2/1979 582/2/1979
f 623/2/1980 576/2/1980 582/2/1980
f 624/1/1981 572/1/1981 593/1/1981
f 608/1/1982 625/1/1982 632/1/1982
f 307/3/1983 289/3/1983 508/3/1983
f 528/2/1984 583/2/1984 611/2/1984
f 627/2/1985 583/2/1985 570/2/1985
f 592/2/1986 557/2/1986 617/2/1986
f 629/7/1987 510/7/1987 529/7/1987
f 608/1/1988 596/1/1988 616/1/1988
f 417/7/1989 460/7/1989 631/7/1989
f 633/3/604 559/3/604 586/3/604
f 521/1/1990 540/1/1990 614/1/1990
f 634/1/1991 589/1/1991 610/1/1991
f 626/1/1992 577/1/1992 605/1/1992
f 559/4/275 635/4/275 555/4/275
f 360/1/1993 395/1/1993 601/1/1993
f 638/7/1994 358/7/1994 432/7/1994
f 343/1/1995 462/1/1995 641/1/1995
f 634/1/1996 593/1/1996 619/1/1996
f 633/3/183 636/3/183 666/3/183
f 645/1/1997 612/1/1997 589/1/1997
f 646/1/1998 582/1/1998 537/1/1998
f 631/7/1999 460/7/1999 599/7/1999
f 639/2/2000 560/2/2000 592/2/2000
f 533/7/2001 358/7/2001 638/7/2001
f 647/2/2002 628/2/2002 571/2/2002
f 648/1/2003 625/1/2003 608/1/2003
f 544/4/157 650/4/157 729/4/157
f 651/1/2004 587/1/2004 615/1/2004
f 590/2/2005 621/2/2005 653/2/2005
f 654/3/626 314/3/626 307/3/626
f 594/3/240 655/3/240 637/3/240
f 617/2/2006 575/2/2006 639/2/2006
f 656/3/2007 426/3/2007 464/3/2007
f 657/1/2008 605/1/2008 632/1/2008
f 613/3/2009 453/3/2009 595/3/2009
f 659/3/2010 636/3/2010 586/3/2010
f 662/4/2011 660/4/2011 661/4/2011
f 611/2/2012 583/2/2012 627/2/2012
f 624/2/2013 610/2/2013 664/2/2013
f 568/1/2014 565/1/2014 579/1/2014
f 667/2/2015 604/2/2015 628/2/2015
f 594/3/640 555/3/640 670/3/640
f 666/3/190 636/3/190 659/3/190
f 632/2/2016 625/2/2016 671/2/2016
f 660/4/2017 662/4/2017 672/4/2017
f 623/1/2018 676/1/2018 665/1/2018
f 651/1/2019 679/1/2019 691/1/2019
f 681/4/2020 682/4/2020 680/4/2020
f 682/4/2021 685/4/2021 709/4/2021
f 304/7/2022 434/7/2022 686/7/2022
f 633/3/652 687/3/652 635/3/652
f 288/8/2023 399/8/2023 690/8/2023
f 566/1/2024 587/1/2024 691/1/2024
f 665/1/2025 676/1/2025 688/1/2025
f 694/2/2026 674/2/2026 628/2/2026
f 612/4/2027 645/4/2027 695/4/2027
f 849/9/141 716/9/141 824/9/141
f 716/9/141 678/9/141 697/9/141
f 678/9/141 677/9/141 697/9/141
f 662/4/2028 673/4/2028 698/4/2028
f 699/2/2029 627/2/2029 604/2/2029
f 606/3/664 655/3/664 670/3/664
f 645/4/2030 619/4/2030 700/4/2030
f 693/2/2031 632/2/2031 701/2/2031
f 615/1/2032 665/1/2032 702/1/2032
f 685/4/2033 682/4/2033 681/4/2033
f 644/3/275 704/3/275 687/3/275
f 641/4/2034 661/4/2034 660/4/2034
f 675/2/2035 674/2/2035 694/2/2035
f 705/2/2036 621/2/2036 684/2/2036
f 625/2/2037 648/2/2037 706/2/2037
f 668/1/2038 615/1/2038 733/1/2038
f 708/5/2039 538/5/2039 426/5/2039
f 601/4/2040 680/4/2040 709/4/2040
f 710/1/2041 529/1/2041 533/1/2041
f 673/4/2042 661/4/2042 641/4/2042
f 622/1/2043 566/1/2043 713/1/2043
f 627/2/2044 699/2/2044 715/2/2044
f 667/2/2045 675/2/2045 715/2/2045
f 702/1/2046 688/1/2046 646/1/2046
f 658/1/2047 626/1/2047 657/1/2047
f 696/3/141 783/3/141 824/3/141
f 696/3/141 824/3/141 697/3/141
f 716/3/141 704/3/141 644/3/141
f 678/3/141 716/3/141 644/3/141
f 666/3/141 696/3/141 677/3/141
f 696/3/141 697/3/141 677/3/141
f 677/3/141 678/3/141 644/3/141
f 717/1/2048 663/1/2048 616/1/2048
f 670/4/240 555/4/240 635/4/240
f 648/1/2049 663/1/2049 717/1/2049
f 721/7/2050 352/7/2050 344/7/2050
f 723/8/2051 450/8/2051 352/8/2051
f 664/2/2052 581/2/2052 714/2/2052
f 727/3/695 725/3/695 726/3/695
f 712/2/2053 600/2/2053 664/2/2053
f 630/3/697 729/3/697 751/3/697
f 730/1/2054 657/1/2054 693/1/2054
f 434/7/2055 467/7/2055 731/7/2055
f 599/1/2056 649/1/2056 732/1/2056
f 595/5/2057 602/5/2057 734/5/2057
f 736/3/796 737/3/796 735/3/796
f 738/2/2058 652/2/2058 622/2/2058
f 729/4/246 650/4/246 670/4/246
f 740/5/2059 580/5/2059 538/5/2059
f 641/4/2060 744/4/2060 743/4/2060
f 746/4/2061 747/4/2061 672/4/2061
f 601/4/2062 672/4/2062 748/4/2062
f 726/3/541 749/3/541 750/3/541
f 696/3/157 659/3/157 751/3/157
f 762/3/275 825/3/275 782/3/275
f 825/3/275 826/3/275 782/3/275
f 761/3/275 742/3/275 741/3/275
f 742/3/275 735/3/275 741/3/275
f 762/3/275 782/3/275 735/3/275
f 754/4/2063 743/4/2063 744/4/2063
f 755/3/713 737/3/713 736/3/713
f 757/4/2064 758/4/2064 747/4/2064
f 672/4/2065 747/4/2065 759/4/2065
f 706/2/2066 648/2/2066 719/2/2066
f 230/3/275 199/3/275 180/3/275
f 531/3/167 530/3/167 547/3/167
f 530/3/167 564/3/167 547/3/167
f 564/3/167 591/3/167 547/3/167
f 747/4/2067 758/4/2067 764/4/2067
f 681/4/2068 601/4/2068 766/4/2068
f 761/3/724 741/3/724 768/3/724
f 598/7/2069 580/7/2069 740/7/2069
f 769/3/2070 727/3/2070 745/3/2070
f 771/7/2071 649/7/2071 598/7/2071
f 774/4/2072 681/4/2072 773/4/2072
f 755/3/730 775/3/730 791/3/730
f 758/4/2073 757/4/2073 776/4/2073
f 777/3/568 753/3/568 752/3/568
f 701/2/2074 671/2/2074 778/2/2074
f 709/4/2075 685/4/2075 763/4/2075
f 763/4/2076 681/4/2076 774/4/2076
f 736/3/736 742/3/736 786/3/736
f 700/1/2077 658/1/2077 730/1/2077
f 808/3/157 817/3/157 770/3/157
f 817/3/157 790/3/157 770/3/157
f 779/3/157 794/3/157 755/3/157
f 794/3/157 775/3/157 755/3/157
f 770/3/157 790/3/157 779/3/157
f 730/1/2078 756/1/2078 789/1/2078
f 768/3/739 779/3/739 790/3/739
f 679/1/2079 707/1/2079 733/1/2079
f 793/4/2080 744/4/2080 641/4/2080
f 745/3/2081 750/3/2081 795/3/2081
f 779/3/744 768/3/744 797/3/744
f 767/1/2082 603/1/2082 618/1/2082
f 769/3/747 785/3/747 809/3/747
f 800/4/2083 774/4/2083 799/4/2083
f 799/4/2084 774/4/2084 801/4/2084
f 734/7/2085 602/7/2085 629/7/2085
f 803/4/2086 799/4/2086 802/4/2086
f 746/4/2087 804/4/2087 776/4/2087
f 805/3/573 772/3/573 777/3/573
f 717/1/2088 695/1/2088 700/1/2088
f 761/3/754 780/3/754 807/3/754
f 808/3/781 770/3/781 736/3/781
f 806/3/2089 752/3/2089 798/3/2089
f 811/2/2090 812/2/2090 722/2/2090
f 714/2/2091 722/2/2091 812/2/2091
f 814/1/2092 789/1/2092 719/1/2092
f 807/3/762 780/3/762 790/3/762
f 718/3/763 635/3/763 687/3/763
f 671/2/2093 706/2/2093 815/2/2093
f 816/2/2094 756/2/2094 693/2/2094
f 804/4/2095 759/4/2095 764/4/2095
f 711/1/2096 529/1/2096 710/1/2096
f 746/4/2097 698/4/2097 821/4/2097
f 467/8/2098 609/8/2098 823/8/2098
f 797/3/736 782/3/736 826/3/736
f 800/4/2099 803/4/2099 822/4/2099
f 691/1/2100 733/1/2100 767/1/2100
f 822/4/2101 802/4/2101 801/4/2101
f 827/4/2102 781/4/2102 743/4/2102
f 806/3/2103 809/3/2103 828/3/2103
f 762/3/754 791/3/754 830/3/754
f 629/7/2104 711/7/2104 831/7/2104
f 830/3/762 791/3/762 775/3/762
f 836/2/2105 835/2/2105 812/2/2105
f 821/4/2106 748/4/2106 759/4/2106
f 837/3/755 794/3/755 797/3/755
f 789/2/2107 756/2/2107 816/2/2107
f 839/3/275 826/3/275 825/3/275
f 786/3/275 742/3/275 787/3/275
f 742/3/275 761/3/275 787/3/275
f 839/3/275 825/3/275 848/3/275
f 786/3/275 787/3/275 848/3/275
f 840/4/2108 801/4/2108 773/4/2108
f 841/2/2109 812/2/2109 835/2/2109
f 807/3/786 842/3/786 839/3/786
f 811/2/2110 712/2/2110 813/2/2110
f 843/3/2111 613/3/2111 728/3/2111
f 641/4/2112 781/4/2112 845/4/2112
f 763/4/2113 800/4/2113 840/4/2113
f 698/4/2114 641/4/2114 846/4/2114
f 847/2/2115 719/2/2115 789/2/2115
f 818/1/2116 788/1/2116 713/1/2116
f 751/3/794 729/3/794 718/3/794
f 819/3/795 786/3/795 848/3/795
f 844/3/157 775/3/157 794/3/157
f 844/3/157 794/3/157 837/3/157
f 817/3/157 808/3/157 850/3/157
f 808/3/157 860/3/157 850/3/157
f 844/3/157 837/3/157 850/3/157
f 842/3/796 838/3/796 826/3/796
f 807/3/730 817/3/730 850/3/730
f 703/3/2117 613/3/2117 843/3/2117
f 781/4/2118 852/4/2118 851/4/2118
f 854/4/2119 852/4/2119 781/4/2119
f 853/2/2120 701/2/2120 834/2/2120
f 837/3/713 838/3/713 842/3/713
f 819/3/2121 857/3/2121 860/3/2121
f 858/7/2122 344/7/2122 692/7/2122
f 813/2/2123 714/2/2123 841/2/2123
f 848/3/724 825/3/724 830/3/724
f 861/4/2124 773/4/2124 766/4/2124
f 788/2/2125 818/2/2125 855/2/2125
f 863/4/2126 864/4/2126 862/4/2126
f 732/1/2127 649/1/2127 771/1/2127
f 865/4/2128 862/4/2128 766/4/2128
f 846/4/2129 766/4/2129 748/4/2129
f 852/4/2130 867/4/2130 866/4/2130
f 868/4/2131 867/4/2131 852/4/2131
f 754/4/2132 793/4/2132 765/4/2132
f 815/2/2133 706/2/2133 847/2/2133
f 312/7/2134 567/7/2134 870/7/2134
f 836/2/2135 811/2/2135 871/2/2135
f 690/8/2136 399/8/2136 820/8/2136
f 829/2/2137 684/2/2137 796/2/2137
f 873/4/2138 864/4/2138 863/4/2138
f 830/3/739 844/3/739 860/3/739
f 866/4/2139 867/4/2139 868/4/2139
f 874/4/2140 862/4/2140 864/4/2140
f 739/4/2141 763/4/2141 861/4/2141
f 728/5/2142 734/5/2142 875/5/2142
f 877/4/2143 766/4/2143 862/4/2143
f 878/1/2144 563/1/2144 548/1/2144
f 820/8/2145 466/8/2145 720/8/2145
f 3/1/834 5/1/834 6/1/834
f 5/1/2146 15/1/2146 20/1/2146
f 17/1/2147 5/1/2147 20/1/2147
f 734/7/2148 832/7/2148 894/7/2148
f 881/4/2149 864/4/2149 873/4/2149
f 434/7/2150 792/7/2150 883/7/2150
f 885/4/2151 739/4/2151 884/4/2151
f 816/2/2152 784/2/2152 853/2/2152
f 889/4/2153 851/4/2153 866/4/2153
f 854/4/2154 889/4/2154 882/4/2154
f 845/4/2155 851/4/2155 889/4/2155
f 891/2/2156 778/2/2156 815/2/2156
f 894/7/2157 832/7/2157 893/7/2157
f 895/8/2158 720/8/2158 450/8/2158
f 831/1/2159 711/1/2159 897/1/2159
f 656/3/2160 703/3/2160 898/3/2160
f 765/4/2161 900/4/2161 899/4/2161
f 854/4/2162 827/4/2162 901/4/2162
f 880/2/2163 653/2/2163 876/2/2163
f 902/2/2164 834/2/2164 778/2/2164
f 873/4/2165 890/4/2165 903/4/2165
f 904/4/2166 885/4/2166 887/4/2166
f 884/4/2167 739/4/2167 877/4/2167
f 907/4/2168 873/4/2168 906/4/2168
f 910/7/2169 832/7/2169 831/7/2169
f 911/4/2170 865/4/2170 846/4/2170
f 912/2/2171 879/2/2171 816/2/2171
f 913/4/2172 846/4/2172 845/4/2172
f 914/4/2173 899/4/2173 900/4/2173
f 915/4/2174 863/4/2174 865/4/2174
f 916/4/2175 739/4/2175 885/4/2175
f 892/2/2176 847/2/2176 912/2/2176
f 893/7/2177 832/7/2177 910/7/2177
f 827/4/2178 765/4/2178 913/4/2178
f 918/7/2179 638/7/2179 563/7/2179
f 919/2/2180 815/2/2180 892/2/2180
f 887/4/2181 884/4/2181 922/4/2181
f 249/3/2182 242/3/2182 230/3/2182
f 923/4/2183 890/4/2183 863/4/2183
f 896/2/2184 834/2/2184 902/2/2184
f 925/4/2185 884/4/2185 921/4/2185
f 927/7/2186 810/7/2186 638/7/2186
f 913/4/2187 765/4/2187 908/4/2187
f 771/7/2188 856/7/2188 929/7/2188
f 898/3/2189 843/3/2189 888/3/2189
f 920/2/2190 796/2/2190 880/2/2190
f 931/5/2191 708/5/2191 656/5/2191
f 792/7/2192 731/7/2192 932/7/2192
f 900/4/2193 765/4/2193 934/4/2193
f 936/4/2194 908/4/2194 899/4/2194
f 906/4/2195 933/4/2195 939/4/2195
f 908/4/2196 941/4/2196 940/4/2196
f 922/4/2197 884/4/2197 925/4/2197
f 942/4/2198 903/4/2198 890/4/2198
f 929/7/2199 856/7/2199 946/7/2199
f 1515/10/918 1514/10/918 1525/10/918
f 1525/10/918 1524/10/918 1515/10/918
f 1524/10/2200 1523/10/2200 1515/10/2200
f 949/5/2201 740/5/2201 708/5/2201
f 950/4/2202 925/4/2202 945/4/2202
f 952/7/2203 856/7/2203 740/7/2203
f 953/4/2204 925/4/2204 950/4/2204
f 954/8/2205 823/8/2205 609/8/2205
f 926/1/2206 893/1/2206 955/1/2206
f 944/4/2207 906/4/2207 951/4/2207
f 941/4/2208 957/4/2208 956/4/2208
f 959/4/2209 950/4/2209 958/4/2209
f 960/4/2210 957/4/2210 941/4/2210
f 931/5/2211 888/5/2211 875/5/2211
f 932/8/2212 731/8/2212 823/8/2212
f 946/7/2213 856/7/2213 952/7/2213
f 945/4/2214 921/4/2214 963/4/2214
f 921/4/2215 877/4/2215 967/4/2215
f 1485/10/2216 1492/10/2216 1493/10/2216
f 1492/10/2217 1503/10/2217 1493/10/2217
f 953/4/2218 959/4/2218 965/4/2218
f 967/4/2219 877/4/2219 874/4/2219
f 968/4/2220 956/4/2220 957/4/2220
f 958/4/2221 945/4/2221 962/4/2221
f 933/4/2222 942/4/2222 991/4/2222
f 916/4/2223 904/4/2223 930/4/2223
f 949/7/2224 875/7/2224 894/7/2224
f 971/4/2225 874/4/2225 881/4/2225
f 914/4/2226 935/4/2226 934/4/2226
f 973/4/2227 940/4/2227 956/4/2227
f 937/2/2228 896/2/2228 974/2/2228
f 922/4/2229 953/4/2229 962/4/2229
f 892/2/2230 937/2/2230 975/2/2230
f 886/2/2231 871/2/2231 841/2/2231
f 841/2/2232 869/2/2232 886/2/2232
f 960/4/2233 948/4/2233 973/4/2233
f 952/7/2234 894/7/2234 979/7/2234
f 980/2/2235 891/2/2235 919/2/2235
f 981/4/2236 915/4/2236 911/4/2236
f 982/4/2237 881/4/2237 907/4/2237
f 983/4/2238 911/4/2238 913/4/2238
f 984/4/2239 913/4/2239 947/4/2239
f 986/4/2240 923/4/2240 915/4/2240
f 989/4/2241 951/4/2241 976/4/2241
f 721/7/2242 858/7/2242 990/7/2242
f 723/8/2243 721/8/2243 992/8/2243
f 993/2/2244 902/2/2244 891/2/2244
f 916/4/2245 922/4/2245 963/4/2245
f 567/7/2246 686/7/2246 994/7/2246
f 996/4/2247 907/4/2247 944/4/2247
f 999/7/2248 894/7/2248 926/7/2248
f 936/4/2249 934/4/2249 984/4/2249
f 1003/4/2250 916/4/2250 1002/4/2250
f 979/7/2251 894/7/2251 999/7/2251
f 991/4/2252 942/4/2252 987/4/2252
f 256/5/275 237/5/275 241/5/275
f 1004/4/2253 976/4/2253 991/4/2253
f 934/4/2254 1008/4/2254 1007/4/2254
f 985/7/2255 692/7/2255 870/7/2255
f 923/4/2256 986/4/2256 1037/4/2256
f 1011/5/2257 980/5/2257 1000/5/2257
f 951/4/2258 989/4/2258 1013/4/2258
f 1014/1/2259 977/1/2259 946/1/2259
f 974/2/2260 902/2/2260 993/2/2260
f 919/2/2261 969/2/2261 1017/2/2261
f 1002/4/2262 916/4/2262 967/4/2262
f 1010/4/2263 1020/4/2263 984/4/2263
f 1021/4/2264 989/4/2264 1018/4/2264
f 980/5/2265 1011/5/2265 1022/5/2265
f 927/1/2266 916/1/2266 1023/1/2266
f 1003/4/2267 1006/4/2267 1024/4/2267
f 1023/4/2268 916/4/2268 1003/4/2268
f 1026/7/2269 910/7/2269 961/7/2269
f 1027/5/2270 1011/5/2270 1016/5/2270
f 990/7/2271 858/7/2271 985/7/2271
f 955/7/2272 910/7/2272 1026/7/2272
f 1005/1/2273 979/1/2273 1028/1/2273
f 989/4/2274 1021/4/2274 1031/4/2274
f 1032/4/2275 1020/4/2275 1010/4/2275
f 1033/5/2276 1016/5/2276 1000/5/2276
f 1036/1/2277 934/1/2277 977/1/2277
f 1006/4/2278 1002/4/2278 1038/4/2278
f 1017/2/2279 969/2/2279 975/2/2279
f 1039/4/2280 1002/4/2280 1035/4/2280
f 1040/4/2281 1007/4/2281 1008/4/2281
f 241/5/1009 246/5/1009 305/5/1009
f 1041/4/2282 1018/4/2282 1004/4/2282
f 1008/4/2283 934/4/2283 1036/4/2283
f 1044/5/2284 1022/5/2284 1011/5/2284
f 1002/4/2285 1039/4/2285 1045/4/2285
f 1046/4/2286 1021/4/2286 1030/4/2286
f 1047/4/2287 1010/4/2287 1007/4/2287
f 1048/4/2288 1034/4/2288 1010/4/2288
f 1001/4/2289 1009/4/2289 1051/4/2289
f 944/4/2290 988/4/2290 1053/4/2290
f 975/2/2291 974/2/2291 1050/2/2291
f 1054/4/2292 1032/4/2292 1034/4/2292
f 1050/5/2293 993/5/2293 1022/5/2293
f 1058/7/2294 952/7/2294 1005/7/2294
f 998/7/2295 952/7/2295 1058/7/2295
f 1059/4/2296 1039/4/2296 1057/4/2296
f 1021/4/2297 1046/4/2297 1060/4/2297
f 1061/4/2298 986/4/2298 981/4/2298
f 1039/4/2299 1059/4/2299 1062/4/2299
f 1063/8/2300 964/8/2300 938/8/2300
f 1064/4/2301 981/4/2301 983/4/2301
f 1056/4/2302 1034/4/2302 1048/4/2302
f 1065/4/2303 983/4/2303 984/4/2303
f 1029/4/2304 1024/4/2304 1038/4/2304
f 1070/4/2305 984/4/2305 1020/4/2305
f 1071/4/2306 1054/4/2306 1056/4/2306
f 1019/1/2307 955/1/2307 1066/1/2307
f 1072/4/2308 1032/4/2308 1054/4/2308
f 1073/4/2309 1020/4/2309 1032/4/2309
f 1121/4/2310 1074/4/2310 1041/4/2310
f 1074/4/2311 1030/4/2311 1018/4/2311
f 1062/4/2312 1059/4/2312 1068/4/2312
f 1075/5/2313 1049/5/2313 1016/5/2313
f 4/2/2314 14/2/2314 11/2/2314
f 14/2/2315 21/2/2315 11/2/2315
f 1077/4/2316 967/4/2316 971/4/2316
f 1078/4/2317 1035/4/2317 967/4/2317
f 1037/4/2318 986/4/2318 1061/4/2318
f 1042/1/2319 970/1/2319 1023/1/2319
f 686/7/2320 883/7/2320 1081/7/2320
f 1051/4/2321 1009/4/2321 1067/4/2321
f 1068/4/2322 1057/4/2322 1076/4/2322
f 1076/4/2323 1045/4/2323 1062/4/2323
f 895/8/2324 1015/8/2324 1086/8/2324
f 1033/5/2325 1017/5/2325 1080/5/2325
f 1087/4/2326 971/4/2326 982/4/2326
f 1027/5/2327 1049/5/2327 1088/5/2327
f 1053/4/2328 988/4/2328 1013/4/2328
f 1072/4/2329 1071/4/2329 1084/4/2329
f 1088/5/2330 1046/5/2330 1069/5/2330
f 1090/4/2331 1091/4/2331 1023/4/2331
f 1073/4/2332 1072/4/2332 1048/4/2332
f 1093/4/2333 982/4/2333 996/4/2333
f 1022/5/2334 1044/5/2334 1094/5/2334
f 1023/4/2335 1038/4/2335 1078/4/2335
f 1080/5/2336 1050/5/2336 1085/5/2336
f 1097/5/2337 1060/5/2337 1046/5/2337
f 1081/7/2338 883/7/2338 932/7/2338
f 1100/5/2339 1044/5/2339 1027/5/2339
f 1096/4/2340 1023/4/2340 1077/4/2340
f 992/7/2341 990/7/2341 1101/7/2341
f 1069/4/2342 1030/4/2342 1103/4/2342
f 1075/5/2343 1033/5/2343 1098/5/2343
f 1040/4/2344 1079/4/2344 1036/4/2344
f 1106/4/2345 996/4/2345 1043/4/2345
f 1015/8/2346 992/8/2346 1107/8/2346
f 1091/4/2347 1090/4/2347 1109/4/2347
f 1097/5/2348 1088/5/2348 1049/5/2348
f 1108/4/2349 1023/4/2349 1091/4/2349
f 1070/4/2350 1073/4/2350 1047/4/2350
f 954/8/2351 917/8/2351 1112/8/2351
f 1083/8/2352 964/8/2352 1063/8/2352
f 1104/5/2353 1069/5/2353 1118/5/2353
f 1120/4/2354 1096/4/2354 1116/4/2354
f 1122/5/2355 1098/5/2355 1085/5/2355
f 1099/4/2356 1067/4/2356 1095/4/2356
f 1114/4/2357 1031/4/2357 1060/4/2357
f 1090/4/2358 1096/4/2358 1123/4/2358
f 1125/8/2359 932/8/2359 954/8/2359
f 1100/4/2360 1102/4/2360 1126/4/2360
f 1127/4/2361 1070/4/2361 1036/4/2361
f 1126/4/2362 1102/4/2362 1128/4/2362
f 1130/4/2363 1052/4/2363 1051/4/2363
f 1089/1/2364 1028/1/2364 1119/1/2364
f 1123/4/2365 1096/4/2365 1120/4/2365
f 1134/4/2366 1120/4/2366 1133/4/2366
f 1108/4/2367 1113/4/2367 1109/4/2367
f 1111/7/2368 985/7/2368 1092/7/2368
f 1120/4/2369 1134/4/2369 1139/4/2369
f 1105/7/2370 1124/7/2370 1140/7/2370
f 1044/5/2371 1100/5/2371 1141/5/2371
f 870/7/2372 994/7/2372 1142/7/2372
f 1143/4/2373 1136/4/2373 1036/4/2373
f 1145/4/2374 1132/4/2374 1126/4/2374
f 1147/4/2375 1116/4/2375 1077/4/2375
f 1148/4/2376 1077/4/2376 1087/4/2376
f 1115/4/2377 1052/4/2377 1130/4/2377
f 1149/4/2378 1133/4/2378 1116/4/2378
f 1139/4/2379 1134/4/2379 1146/4/2379
f 1152/4/2380 1153/4/2380 1151/4/2380
f 1153/4/2381 1152/4/2381 1154/4/2381
f 1144/4/2382 1036/4/2382 1119/4/2382
f 1155/4/2383 1127/4/2383 1136/4/2383
f 1060/5/2384 1097/5/2384 1165/5/2384
f 1157/4/2385 1146/4/2385 1133/4/2385
f 1159/4/2386 1065/4/2386 1070/4/2386
f 1012/8/2387 1160/8/2387 1213/8/2387
f 1135/4/2388 1128/4/2388 1118/4/2388
f 1161/4/2389 1070/4/2389 1127/4/2389
f 1162/4/2390 1163/4/2390 1108/4/2390
f 1165/5/2391 1097/5/2391 1075/5/2391
f 1169/3/2392 1153/3/2392 1164/3/2392
f 1108/4/2393 1163/4/2393 1170/4/2393
f 1163/4/2394 1162/4/2394 1191/4/2394
f 1100/4/2395 1132/4/2395 1171/4/2395
f 1172/3/2396 1151/3/2396 1153/3/2396
f 1154/3/2397 1152/3/2397 1140/3/2397
f 1150/4/2398 1139/4/2398 1157/4/2398
f 1173/4/2399 1061/4/2399 1064/4/2399
f 1174/4/2400 1087/4/2400 1093/4/2400
f 1175/4/2401 1064/4/2401 1065/4/2401
f 1176/4/2402 1155/4/2402 1168/4/2402
f 1124/8/2403 1178/8/2403 1177/8/2403
f 1150/4/2404 1149/4/2404 1147/4/2404
f 1179/4/2405 1168/4/2405 1136/4/2405
f 1137/8/2406 1180/8/2406 1178/8/2406
f 1043/4/2407 1053/4/2407 1181/4/2407
f 1182/4/2408 1143/4/2408 1144/4/2408
f 1165/5/2409 1122/5/2409 1094/5/2409
f 1186/4/2410 1127/4/2410 1155/4/2410
f 1093/4/2411 1106/4/2411 1187/4/2411
f 1188/4/2412 1136/4/2412 1143/4/2412
f 1190/4/2413 1155/4/2413 1176/4/2413
f 1160/8/2414 1012/8/2414 1158/8/2414
f 1108/4/2415 1123/4/2415 1147/4/2415
f 1192/4/2416 1184/4/2416 1168/4/2416
f 1166/4/2417 1151/4/2417 1194/4/2417
f 1169/4/2418 1196/4/2418 1195/4/2418
f 1197/4/2419 1196/4/2419 1169/4/2419
f 1198/4/2420 1164/4/2420 1154/4/2420
f 1200/4/2421 1176/4/2421 1184/4/2421
f 1132/4/2422 1145/4/2422 1201/4/2422
f 1194/3/2423 1151/3/2423 1172/3/2423
f 1202/4/2424 1145/4/2424 1135/4/2424
f 1185/3/2425 1164/3/2425 1198/3/2425
f 1203/4/2426 1095/4/2426 1061/4/2426
f 1191/4/2427 1162/4/2427 1193/4/2427
f 1287/4/2428 1205/4/2428 1218/4/2428
f 1205/4/2429 1121/4/2429 1115/4/2429
f 1193/4/2430 1108/4/2430 1148/4/2430
f 1106/4/2431 1138/4/2431 1207/4/2431
f 1182/4/2432 1189/4/2432 1119/4/2432
f 1208/3/2433 1140/3/2433 1166/3/2433
f 828/3/141 795/3/141 750/3/141
f 750/3/141 749/3/141 772/3/141
f 772/3/141 805/3/141 750/3/141
f 1192/4/2434 1179/4/2434 1190/4/2434
f 1210/4/2435 1197/4/2435 1185/4/2435
f 1212/4/2436 1172/4/2436 1195/4/2436
f 1170/4/2437 1191/4/2437 1214/4/2437
f 1186/4/2438 1190/4/2438 1179/4/2438
f 1177/8/2439 1178/8/2439 1217/8/2439
f 1188/4/2440 1119/4/2440 1161/4/2440
f 220/2/2441 245/2/2441 247/2/2441
f 245/2/2442 299/2/2442 247/2/2442
f 1222/4/2443 1161/4/2443 1119/4/2443
f 1161/4/2444 1148/4/2444 1174/4/2444
f 1217/8/2445 1178/8/2445 1221/8/2445
f 1202/7/2446 1183/7/2446 1204/7/2446
f 1148/4/2447 1161/4/2447 1222/4/2447
f 1224/4/2448 1214/4/2448 1193/4/2448
f 1226/4/2449 1141/4/2449 1171/4/2449
f 1201/4/2450 1145/4/2450 1202/4/2450
f 1225/4/2451 1193/4/2451 1223/4/2451
f 1214/4/2452 1224/4/2452 1227/4/2452
f 1086/8/2453 1131/8/2453 1228/8/2453
f 1130/4/2454 1129/4/2454 1199/4/2454
f 1229/4/2455 1224/4/2455 1225/4/2455
f 1231/4/2456 1227/4/2456 1224/4/2456
f 1223/4/2457 1222/4/2457 1227/4/2457
f 1212/4/2458 1220/4/2458 1234/4/2458
f 1235/4/2459 1225/4/2459 1233/4/2459
f 1210/4/2460 1219/4/2460 1236/4/2460
f 1233/4/2461 1227/4/2461 1231/4/2461
f 1211/3/2462 1177/3/2462 1237/3/2462
f 1159/4/2463 1174/4/2463 1216/4/2463
f 1229/4/2464 1235/4/2464 1238/4/2464
f 1216/4/2465 1187/4/2465 1173/4/2465
f 1219/3/2466 1198/3/2466 1240/3/2466
f 1241/7/2467 1107/7/2467 1101/7/2467
f 1240/4/2468 1198/4/2468 1211/4/2468
f 1215/4/2469 1194/4/2469 1242/4/2469
f 1242/3/2470 1194/3/2470 1212/3/2470
f 1199/4/2471 1095/4/2471 1203/4/2471
f 994/7/2472 1081/7/2472 1246/7/2472
f 1180/8/2473 1137/8/2473 1248/8/2473
f 1203/4/2474 1173/4/2474 1187/4/2474
f 1249/8/2475 1131/8/2475 1107/8/2475
f 1239/8/2476 1063/8/2476 1213/8/2476
f 1245/4/2477 1232/4/2477 1236/4/2477
f 1251/4/2478 1226/4/2478 1201/4/2478
f 1247/4/2479 1234/4/2479 1245/4/2479
f 1250/7/2480 1217/7/2480 1253/7/2480
f 1204/8/2481 1208/8/2481 1255/8/2481
f 1251/5/2482 1256/5/2482 1226/5/2482
f 1256/5/2483 1156/5/2483 1165/5/2483
f 1230/7/2484 1092/7/2484 1142/7/2484
f 1259/4/2485 1207/4/2485 1138/4/2485
f 1242/3/2486 1247/3/2486 1257/3/2486
f 1263/4/2487 1181/4/2487 1053/4/2487
f 1264/3/2488 1237/3/2488 1208/3/2488
f 1265/8/2489 1213/8/2489 1160/8/2489
f 1101/7/2490 1111/7/2490 1266/7/2490
f 1267/3/2491 1257/3/2491 1236/3/2491
f 1268/8/2492 1112/8/2492 1083/8/2492
f 1269/4/2493 1114/4/2493 1156/4/2493
f 1243/7/2494 1270/7/2494 1258/7/2494
f 1240/4/2495 1254/4/2495 1264/4/2495
f 1252/4/2496 1242/4/2496 1267/4/2496
f 1274/7/2497 1221/7/2497 1180/7/2497
f 1081/7/2498 1125/7/2498 1275/7/2498
f 1261/7/2499 1277/7/2499 1276/7/2499
f 1241/8/2500 1276/8/2500 1278/8/2500
f 1280/4/2501 1203/4/2501 1207/4/2501
f 1206/8/2502 1112/8/2502 1268/8/2502
f 1208/8/2503 1260/8/2503 1282/8/2503
f 1283/8/2504 1228/8/2504 1131/8/2504
f 1253/8/2505 1221/8/2505 1274/8/2505
f 1276/7/2506 1277/7/2506 1286/7/2506
f 1266/7/2507 1111/7/2507 1230/7/2507
f 331/5/1009 351/5/1009 498/5/1009
f 414/5/285 448/5/285 406/5/285
f 1260/7/2508 1262/7/2508 1289/7/2508
f 1290/8/2509 1213/8/2509 1265/8/2509
f 1291/8/2510 1270/8/2510 1243/8/2510
f 1125/8/2511 1206/8/2511 1292/8/2511
f 1244/8/2512 1228/8/2512 1293/8/2512
f 1287/4/2513 1218/4/2513 1272/4/2513
f 1273/7/2514 1253/7/2514 1285/7/2514
f 1181/4/2515 1263/4/2515 1314/4/2515
f 1272/4/2516 1199/4/2516 1280/4/2516
f 1294/7/2517 1277/7/2517 1261/7/2517
f 1289/2/2518 1262/2/2518 1281/2/2518
f 1269/7/2519 1270/7/2519 1295/7/2519
f 1283/8/2520 1278/8/2520 1286/8/2520
f 1291/8/2521 1255/8/2521 1282/8/2521
f 1286/7/2522 1277/7/2522 1294/7/2522
f 540/1/2523 504/1/2523 552/1/2523
f 1301/8/2524 1271/8/2524 1293/8/2524
f 1291/8/2525 1304/8/2525 1295/8/2525
f 476/3/1322 491/3/1322 520/3/1322
f 1282/7/2526 1289/7/2526 1307/7/2526
f 1287/4/2527 1303/4/2527 1322/4/2527
f 1297/4/2528 1287/4/2528 1311/4/2528
f 1312/4/2529 1280/4/2529 1259/4/2529
f 1303/4/2530 1272/4/2530 1312/4/2530
f 1142/7/2531 1246/7/2531 1317/7/2531
f 1319/8/2532 1239/8/2532 1290/8/2532
f 1279/7/2533 1295/7/2533 1321/7/2533
f 1318/7/2534 1230/7/2534 1298/7/2534
f 1324/7/2535 1300/7/2535 1285/7/2535
f 1316/8/2536 1293/8/2536 1306/8/2536
f 1310/8/2537 1301/8/2537 1316/8/2537
f 1274/7/2538 1288/7/2538 1327/7/2538
f 1307/2/2539 1305/2/2539 1328/2/2539
f 530/3/695 532/3/695 569/3/695
f 585/3/1350 549/3/1350 541/3/1350
f 1303/4/2540 1331/4/2540 1341/4/2540
f 1317/7/2541 1246/7/2541 1275/7/2541
f 1327/8/2542 1288/8/2542 1309/8/2542
f 1305/2/2543 1313/2/2543 1332/2/2543
f 1295/8/2544 1304/8/2544 1333/8/2544
f 1334/8/2545 1268/8/2545 1239/8/2545
f 1311/5/2546 1322/5/2546 1335/5/2546
f 1315/7/2547 1307/7/2547 1336/7/2547
f 314/3/1363 654/3/1363 487/3/1363
f 1338/7/2548 1294/7/2548 1266/7/2548
f 1323/2/2549 1302/2/2549 1326/2/2549
f 1330/5/2550 1311/5/2550 1339/5/2550
f 1320/7/2551 1294/7/2551 1338/7/2551
f 1342/8/2552 1275/8/2552 1292/8/2552
f 1304/8/2553 1315/8/2553 1344/8/2553
f 1306/8/2554 1320/8/2554 1346/8/2554
f 1325/8/2555 1310/8/2555 1343/8/2555
f 1335/5/2556 1322/5/2556 1341/5/2556
f 606/3/157 518/3/157 487/3/157
f 1347/7/2557 1299/7/2557 1321/7/2557
f 1309/7/2558 1330/7/2558 1348/7/2558
f 1326/2/2559 1324/2/2559 1349/2/2559
f 1336/2/2560 1328/2/2560 1351/2/2560
f 1343/8/2561 1316/8/2561 1345/8/2561
f 1349/7/2562 1324/7/2562 1337/7/2562
f 1344/7/2563 1336/7/2563 1358/7/2563
f 1360/8/2564 1321/8/2564 1333/8/2564
f 1341/4/2565 1331/4/2565 1356/4/2565
f 1340/8/2566 1319/8/2566 1353/8/2566
f 1329/7/2567 1327/7/2567 1363/7/2567
f 1338/7/2568 1318/7/2568 1357/7/2568
f 1337/8/2569 1329/8/2569 1364/8/2569
f 655/3/246 606/3/246 654/3/246
f 1365/8/2570 1333/8/2570 1344/8/2570
f 1359/5/2571 1341/5/2571 1367/5/2571
f 1369/5/2572 1335/5/2572 1359/5/2572
f 1361/7/2573 1317/7/2573 1342/7/2573
f 1363/8/2574 1327/8/2574 1350/8/2574
f 1357/7/2575 1298/7/2575 1361/7/2575
f 1346/7/2576 1338/7/2576 1371/7/2576
f 1372/4/2577 1348/4/2577 1352/4/2577
f 1362/5/2578 1335/5/2578 1369/5/2578
f 1373/8/2579 1345/8/2579 1346/8/2579
f 1374/7/2580 1347/7/2580 1360/7/2580
f 1375/8/2581 1342/8/2581 1334/8/2581
f 1350/7/2582 1348/7/2582 1376/7/2582
f 1376/4/2583 1348/4/2583 1372/4/2583
f 1380/8/2584 1368/8/2584 1366/8/2584
f 1384/7/2585 1370/7/2585 1365/7/2585
f 735/3/1423 737/3/1423 791/3/1423
f 1367/4/2586 1356/4/2586 1374/4/2586
f 1372/4/2587 1362/4/2587 1385/4/2587
f 1386/8/2588 1360/8/2588 1370/8/2588
f 1379/5/2589 1359/5/2589 1381/5/2589
f 1380/7/2590 1364/7/2590 1363/7/2590
f 768/3/795 741/3/795 782/3/795
f 1371/7/2591 1357/7/2591 1389/7/2591
f 1385/5/2592 1362/5/2592 1382/5/2592
f 1369/5/2593 1391/5/2593 1390/5/2593
f 1381/5/2594 1367/5/2594 1387/5/2594
f 1392/7/2595 1378/7/2595 1371/7/2595
f 1393/5/2596 1391/5/2596 1369/5/2596
f 1377/8/2597 1353/8/2597 1388/8/2597
f 1386/8/2598 1384/8/2598 1363/8/2598
f 809/3/2599 785/3/2599 795/3/2599
f 1390/5/2600 1391/5/2600 1396/5/2600
f 1361/7/2601 1375/7/2601 1397/7/2601
f 1396/5/2602 1391/5/2602 1393/5/2602
f 1388/8/2603 1373/8/2603 1392/8/2603
f 1392/7/2604 1394/7/2604 1399/7/2604
f 1383/7/2605 1376/7/2605 1400/7/2605
f 1399/7/2606 1394/7/2606 1389/7/2606
f 704/3/240 859/3/240 833/3/240
f 1400/4/2607 1376/4/2607 1395/4/2607
f 1402/5/2608 1382/5/2608 1390/5/2608
f 1396/2/2609 1403/2/2609 1411/2/2609
f 1375/8/2610 1377/8/2610 1407/8/2610
f 1409/4/2611 1395/4/2611 1385/4/2611
f 1398/4/2612 1400/4/2612 1409/4/2612
f 1393/5/2613 1379/5/2613 1405/5/2613
f 859/3/246 783/3/246 751/3/246
f 1405/5/2614 1381/5/2614 1404/5/2614
f 1410/2/2615 1403/2/2615 1396/2/2615
f 1408/8/2616 1399/8/2616 1397/8/2616
f 1404/5/2617 1385/5/2617 1402/5/2617
f 1412/5/2618 1390/5/2618 1401/5/2618
f 1413/5/2619 1406/5/2619 1393/5/2619
f 1414/2/2620 1401/2/2620 1411/2/2620
f 1417/2/2621 1410/2/2621 1406/2/2621
f 1416/5/2622 1405/5/2622 1415/5/2622
f 1418/5/2623 1415/5/2623 1402/5/2623
f 1412/5/2624 1414/5/2624 1420/5/2624
f 1411/2/2625 1421/2/2625 1426/2/2625
f 1413/5/2626 1416/5/2626 1418/5/2626
f 1422/2/2627 1420/2/2627 1414/2/2627
f 1413/2/2628 1420/2/2628 1422/2/2628
f 1427/4/2629 1429/4/2629 1430/4/2629
f 1411/2/2630 1403/2/2630 1424/2/2630
f 1424/2/2631 1403/2/2631 1410/2/2631
f 1425/2/2632 1410/2/2632 1423/2/2632
f 1410/2/2633 1417/2/2633 1427/2/2633
f 1422/2/2634 1419/2/2634 1428/2/2634
f 1419/2/2635 1426/2/2635 1428/2/2635
f 1417/2/2636 1422/2/2636 1429/2/2636
f 1421/4/2637 1430/4/2637 1428/4/2637
f 1354/4/2638 1332/4/2638 1323/4/2638
f 1332/4/2639 1308/4/2639 1323/4/2639
f 1425/4/2640 1430/4/2640 1421/4/2640
f 1432/6/2641 1433/6/2641 1438/6/2641
f 820/8/2642 964/8/2642 995/8/2642
f 964/8/2643 1083/8/2643 995/8/2643
f 1461/10/2644 1444/10/2644 1445/10/2644
f 1452/10/2645 1443/10/2645 1450/10/2645
f 1443/10/2646 1448/10/2646 1446/10/2646
f 1458/10/2647 1459/10/2647 1454/10/2647
f 1456/6/2648 1455/6/2648 1445/6/2648
f 1442/10/2649 1452/10/2649 1457/10/2649
f 1451/6/2650 1459/6/2650 1458/6/2650
f 1460/6/2651 1448/6/2651 1443/6/2651
f 1442/10/2652 1458/10/2652 1460/10/2652
f 1477/10/2653 1467/10/2653 1472/10/2653
f 1471/6/2654 1472/6/2654 1467/6/2654
f 1483/6/2655 1465/6/2655 1466/6/2655
f 1474/6/2656 1464/6/2656 1471/6/2656
f 1469/6/2657 1472/6/2657 1471/6/2657
f 1475/10/2658 1476/10/2658 1472/10/2658
f 1480/6/2659 1481/6/2659 1476/6/2659
f 1478/6/2660 1477/6/2660 1466/6/2660
f 1479/10/2661 1478/10/2661 1465/10/2661
f 1463/10/1542 1474/10/1542 1479/10/1542
f 1481/6/2662 1480/6/2662 1468/6/2662
f 1482/6/2663 1469/6/2663 1464/6/2663
f 1463/10/2664 1480/10/2664 1482/10/2664
f 978/4/2665 947/4/2665 940/4/2665
f 978/4/2666 940/4/2666 973/4/2666
f 941/4/2667 908/4/2667 948/4/2667
f 908/4/2668 936/4/2668 948/4/2668
f 978/4/2669 973/4/2669 948/4/2669
f 1489/10/2670 1485/10/2670 1487/10/2670
f 1484/10/2671 1489/10/2671 1494/10/2671
f 1493/10/2672 1497/10/2672 1486/10/2672
f 1504/10/2673 1499/10/2673 1501/10/2673
f 1505/10/2674 1488/10/2674 1499/10/2674
f 1497/10/2675 1501/10/2675 1499/10/2675
f 1493/10/2200 1502/10/2200 1501/10/2200
f 1495/10/2676 1500/10/2676 1503/10/2676
f 1500/10/2677 1504/10/2677 1502/10/2677
f 1505/10/2678 1504/10/2678 1500/10/2678
f 1498/10/2679 1496/10/2679 1505/10/2679
f 1487/10/2680 1486/10/2680 1491/10/2680
f 1511/10/2681 1507/10/2681 1509/10/2681
f 1506/10/2682 1517/10/2682 1514/10/2682
f 1506/10/2671 1511/10/2671 1516/10/2671
f 1515/10/2672 1519/10/2672 1508/10/2672
f 1526/10/2673 1521/10/2673 1523/10/2673
f 1527/10/2674 1510/10/2674 1521/10/2674
f 1519/10/2683 1523/10/2683 1521/10/2683
f 558/2/2684 489/2/2684 492/2/2684
f 489/2/2685 458/2/2685 391/2/2685
f 1517/10/2676 1522/10/2676 1525/10/2676
f 1522/10/2677 1526/10/2677 1524/10/2677
f 1527/10/2678 1526/10/2678 1522/10/2678
f 1520/10/2679 1518/10/2679 1527/10/2679
f 1509/10/2686 1508/10/2686 1513/10/2686
