# Blender 5.2.2 LTS
# www.blender.org
mtllib ruins_hk_lamp.mtl
o piece
v -0.446809 -1.131730 -1.564737
v -0.446809 -1.131730 -1.540259
v -0.446809 -1.109771 -1.528020
v -0.446809 -1.087811 -1.540259
v -0.446809 -1.087811 -1.564737
v -0.446809 -1.109771 -1.576975
v -0.495765 -1.127437 -1.562344
v -0.495765 -1.127437 -1.542651
v -0.495765 -1.092104 -1.542651
v -0.495765 -1.092104 -1.562344
v -0.526875 -1.127437 -1.562344
v -0.527902 -1.110865 -1.534501
v -0.526875 -1.092104 -1.542651
v -0.527727 -1.108655 -1.570495
v -0.504604 -1.181495 -1.545584
v -0.501801 -1.181468 -1.559413
v -0.504604 -1.038046 -1.559412
v -0.501801 -1.038074 -1.545582
v 0.251086 1.610429 0.107297
v 0.251086 1.610429 0.067391
v 0.295653 1.610429 0.107297
v 0.295653 1.610429 0.067391
v 0.251086 1.644975 0.067391
v 0.295653 1.644975 0.067391
v 0.251086 1.644975 0.107297
v 0.295653 1.644975 0.107297
v -0.061499 -1.190023 1.206542
v -0.094415 -1.189857 1.163324
v -0.126595 -1.189544 1.189739
v -0.093067 -1.189656 1.230937
v -0.129098 -1.160962 1.181735
v -0.089751 -1.122380 1.232991
v -0.056868 -1.123467 1.211427
v -0.111195 -1.122958 1.146292
v -0.151280 -1.124020 1.154089
v -0.099738 -1.161879 1.160282
v -0.278943 -1.158366 1.001330
v -0.254161 -1.158192 0.984102
v -0.272768 -1.142743 1.009060
v -0.247987 -1.142561 0.991833
v -0.318033 -1.138899 0.975416
v -0.279764 -1.142878 0.946313
v -0.297057 -1.098641 1.004632
v -0.258776 -1.102628 0.975528
v -0.324053 -1.114869 0.956466
v -0.293915 -1.118011 0.933554
v -0.307536 -1.083167 0.979478
v -0.277399 -1.086301 0.956566
v -0.091879 -1.366311 0.005907
v 0.091879 -1.366311 0.005907
v -0.091693 -1.366311 0.221423
v 0.091693 -1.366311 0.221423
v 0.091693 -1.304541 0.221423
v -0.091693 -1.304541 0.221423
v -0.091731 -1.304541 0.146027
v 0.091731 -1.304541 0.146027
v 0.091731 -1.223170 0.055614
v -0.091731 -1.223170 0.055614
v 0.091879 -0.408465 0.005907
v -0.091879 -0.408465 0.005907
v 0.091731 -0.408465 0.055614
v -0.091731 -0.408465 0.055614
v -0.207441 -1.940906 1.365400
v 0.021071 -1.940906 1.365400
v -0.207441 -1.940906 1.024474
v 0.021071 -1.940906 1.024474
v 0.008330 -1.931500 1.399686
v -0.193573 -1.931075 0.988632
v 0.008330 -1.931500 0.990188
v -0.193573 -1.931075 1.401242
v -0.207441 -1.905910 1.361223
v -0.207441 -1.905910 1.028650
v -0.193446 -1.896994 1.391587
v -0.193446 -1.896994 0.998286
v 0.021071 -1.905910 1.361223
v 0.005424 -1.896509 1.393158
v 0.021071 -1.905910 1.028650
v 0.005424 -1.896509 0.996715
v -0.064852 -1.189347 1.166604
v -0.093185 -1.189347 1.154868
v -0.121518 -1.189347 1.166604
v -0.133254 -1.189347 1.194937
v -0.121518 -1.189347 1.223270
v -0.093185 -1.189347 1.235006
v -0.064852 -1.189347 1.223270
v -0.053116 -1.189347 1.194937
v -0.133254 -1.355326 1.194937
v -0.121518 -1.355326 1.166604
v -0.093185 -1.355326 1.154868
v -0.064852 -1.355326 1.166604
v -0.053116 -1.355326 1.194937
v -0.064852 -1.355326 1.223270
v -0.093185 -1.355326 1.235006
v -0.121518 -1.355326 1.223270
v -0.064852 -1.529884 1.166604
v -0.053116 -1.529884 1.194937
v -0.064852 -1.529884 1.223270
v -0.093185 -1.529884 1.235006
v -0.121518 -1.529884 1.223270
v -0.133254 -1.529884 1.194937
v -0.121518 -1.529884 1.166604
v -0.093185 -1.529884 1.154868
v -0.046541 -1.529884 1.148293
v -0.027220 -1.529884 1.194937
v -0.046541 -1.355326 1.148293
v -0.027220 -1.355326 1.194937
v -0.046541 -1.529884 1.241581
v -0.046541 -1.355326 1.241581
v -0.093185 -1.529884 1.260902
v -0.093185 -1.355326 1.260902
v -0.139829 -1.529884 1.241581
v -0.139829 -1.355326 1.241581
v -0.159149 -1.529884 1.194937
v -0.159149 -1.355326 1.194937
v -0.139829 -1.529884 1.148293
v -0.139829 -1.355326 1.148293
v -0.093185 -1.529884 1.128973
v -0.093185 -1.355326 1.128973
v -0.133254 -1.847968 1.194937
v -0.121518 -1.847968 1.166604
v -0.093185 -1.847968 1.154868
v -0.064852 -1.847968 1.166604
v -0.053116 -1.847968 1.194937
v -0.064852 -1.847968 1.223270
v -0.093185 -1.847968 1.235006
v -0.121518 -1.847968 1.223270
v -0.053353 -1.913331 1.155105
v -0.093185 -1.913331 1.138606
v -0.093185 -1.847968 1.137303
v -0.052431 -1.847968 1.154184
v -0.133017 -1.913331 1.155105
v -0.133938 -1.847968 1.154184
v -0.149516 -1.913331 1.194937
v -0.150819 -1.847968 1.194937
v -0.133017 -1.913331 1.234769
v -0.133938 -1.847968 1.235690
v -0.093185 -1.913331 1.251268
v -0.093185 -1.847968 1.252571
v -0.053353 -1.913331 1.234769
v -0.052431 -1.847968 1.235690
v -0.036854 -1.913331 1.194937
v -0.035551 -1.847968 1.194937
v -0.708814 -1.553645 -0.387317
v -0.708812 -1.236475 -0.611413
v -0.708812 -1.236475 -1.142555
v -0.708812 -1.553645 -1.366657
v -0.708812 -1.552099 -0.420806
v -0.708812 -1.270680 -0.621892
v -0.708812 -1.270680 -1.132076
v -0.708812 -1.552099 -1.333162
v -0.683198 -1.223500 -0.597671
v -0.683198 -1.223500 -1.156297
v -0.682887 -1.552138 -1.386802
v -0.698129 -1.551835 -0.417081
v -0.682887 -1.552138 -0.367167
v -0.683198 -1.235341 -0.603750
v -0.684654 -1.236015 -1.150130
v -0.695805 -1.269309 -0.622689
v -0.695015 -1.270680 -1.132076
v -0.698440 -1.551809 -1.335106
v -0.454936 -1.552099 -0.361980
v -0.454937 -1.223500 -0.597671
v -0.454937 -1.223500 -1.156297
v -0.454937 -1.552099 -1.391994
v -0.454937 -1.552099 -0.420806
v -0.454937 -1.270680 -0.621892
v -0.454937 -1.270680 -1.132076
v -0.454937 -1.552099 -1.333162
v -0.468735 -1.552099 -0.374131
v -0.463455 -1.233971 -0.603047
v -0.463455 -1.233971 -1.150921
v -0.468735 -1.552099 -1.379837
v -0.468735 -1.270680 -0.621892
v -0.468735 -1.552099 -0.420806
v -0.468735 -1.270680 -1.132076
v -0.468735 -1.552099 -1.333162
v -0.070062 -1.355127 0.157391
v 0.070062 -1.355127 0.157391
v -0.070062 -0.290221 0.157391
v 0.070062 -0.290221 0.157391
v -0.070062 -0.290221 0.017268
v 0.070062 -0.290221 0.017268
v -0.070062 -1.355127 0.017268
v 0.070062 -1.355127 0.017268
v -0.057912 -0.271764 0.145241
v 0.057912 -0.271764 0.145241
v 0.057912 -0.271764 0.029418
v -0.057912 -0.271764 0.029418
v -0.057912 0.590667 0.145241
v 0.057912 0.590667 0.145241
v 0.057912 0.590667 0.029417
v -0.057912 0.590667 0.029417
v -0.047387 0.606368 0.134716
v 0.047387 0.606368 0.134716
v 0.047387 0.606368 0.039943
v -0.047387 0.606368 0.039943
v -0.047387 1.298555 0.134716
v 0.047387 1.298555 0.134716
v 0.047387 1.298555 0.039943
v -0.047387 1.298555 0.039943
v -0.037086 1.316908 0.124416
v 0.037086 1.316908 0.124416
v 0.037086 1.316908 0.050243
v -0.037086 1.316908 0.050243
v -0.037086 1.573526 0.124416
v 0.037086 1.573526 0.124416
v 0.037086 1.573526 0.050243
v -0.037086 1.573526 0.050243
v -0.454767 -1.456132 0.015821
v -0.350442 -1.456132 0.015854
v -0.454767 -1.366311 0.015821
v -0.350442 -1.366311 0.015854
v -0.365094 -1.456132 -0.084300
v -0.044889 -1.456132 0.018160
v -0.365094 -1.366311 -0.084300
v -0.454914 -1.456132 -1.729513
v -0.454914 -1.366311 -1.729513
v -0.365094 -1.366311 -1.640710
v -0.365094 -1.456132 -1.640710
v 0.454767 -1.456132 0.015821
v 0.350713 -1.456132 0.015853
v 0.454767 -1.366311 0.015821
v 0.350713 -1.366311 0.015853
v 0.365094 -1.366311 -0.084300
v 0.044889 -1.456132 0.017645
v 0.044889 -1.366311 0.017817
v 0.365094 -1.456132 -0.084300
v 0.454915 -1.456132 -1.729513
v 0.454915 -1.366311 -1.729513
v 0.365094 -1.366311 -1.640710
v 0.365094 -1.456132 -1.640710
v -0.044849 -1.456131 0.713660
v -0.044799 -1.456131 0.533993
v -0.044849 -1.366311 0.713660
v -0.044799 -1.366311 0.533993
v 0.044849 -1.456131 0.713660
v 0.044799 -1.456131 0.533993
v 0.044849 -1.366311 0.713660
v 0.044799 -1.366311 0.533993
v 0.050065 -1.461285 1.502470
v 0.047486 -1.362448 1.502479
v -0.035071 -1.465997 1.722771
v 0.026579 -1.465811 1.726347
v 0.026956 -1.399212 1.729513
v -0.026956 -1.399212 1.729513
v -0.048777 -1.458709 1.502457
v 0.055390 -1.467451 1.600058
v -0.055390 -1.467451 1.600058
v 0.055582 -1.355289 1.599219
v -0.048774 -1.362448 1.502463
v -0.055582 -1.355289 1.599219
v -0.067739 -1.348898 1.654355
v 0.067739 -1.348898 1.654355
v -0.049653 -1.355007 1.700265
v 0.049653 -1.355007 1.700265
v 0.068138 -1.466150 1.655693
v 0.051444 -1.466386 1.699741
v -0.068138 -1.466150 1.655693
v -0.044889 -1.366311 0.017645
v -0.044860 -1.456132 0.190526
v -0.044860 -1.366311 0.190526
v 0.044860 -1.366311 0.190526
v 0.044860 -1.456132 0.190526
v -0.085175 -1.464759 0.018677
v -0.085128 -1.464759 0.190528
v -0.085128 -1.357684 0.190528
v -0.085175 -1.357684 0.018677
v 0.085128 -1.357684 0.190528
v 0.085175 -1.357684 0.018677
v 0.085128 -1.464759 0.190528
v 0.085175 -1.464759 0.018677
v 0.401517 -1.347558 -1.670155
v 0.283139 -1.236172 -1.670095
v 0.403986 -1.344793 -1.687629
v 0.284108 -1.236899 -1.687566
v 0.295964 -1.249008 -1.687635
v 0.302693 -1.261522 -1.699425
v 0.303754 -1.321625 -1.699451
v 0.294695 -1.333006 -1.687694
v 0.283225 -1.346717 -1.687628
v 0.284216 -1.345997 -1.670154
v 0.392326 -1.331487 -1.687669
v 0.382241 -1.322690 -1.699449
v 0.383373 -1.260363 -1.699462
v 0.391167 -1.250328 -1.687635
v 0.401607 -1.235338 -1.687567
v 0.404079 -1.238077 -1.670095
v -0.333920 -0.534433 -0.503896
v -0.315954 -0.538146 -0.503896
v -0.312464 -0.516528 -0.503896
v -0.330430 -0.512814 -0.503896
v -0.326388 -0.539771 -0.645628
v -0.310343 -0.530629 -0.645628
v -0.319997 -0.511190 -0.645628
v -0.336041 -0.520332 -0.645628
v -0.447294 -1.447292 -0.164904
v -0.447294 -1.434053 -0.231733
v -0.376773 -1.434053 -0.231733
v -0.376773 -1.447292 -0.164904
v -0.447294 -1.611929 -0.873505
v -0.447294 -1.664060 -0.873505
v -0.376773 -1.664060 -0.873505
v -0.376773 -1.611929 -0.873505
v -0.447294 -1.447292 -1.506259
v -0.447294 -1.434053 -1.439430
v -0.376773 -1.434053 -1.439430
v -0.376773 -1.447292 -1.506259
v -0.376773 -1.604977 -1.189882
v -0.376773 -1.552846 -1.189882
v -0.447294 -1.552846 -1.189882
v -0.447294 -1.604977 -1.189882
v -0.376773 -1.604977 -0.519204
v -0.447294 -1.604977 -0.519204
v -0.447294 -1.552846 -0.519204
v -0.376773 -1.552846 -0.519204
v 0.708814 -1.553645 -0.328457
v 0.708812 -1.236475 -0.552553
v 0.708812 -1.236475 -1.083696
v 0.708812 -1.553645 -1.307797
v 0.708812 -1.552099 -0.361946
v 0.708812 -1.270680 -0.563032
v 0.708812 -1.270680 -1.073216
v 0.708812 -1.552099 -1.274303
v 0.682887 -1.552138 -0.308307
v 0.683198 -1.223500 -0.538812
v 0.683198 -1.223500 -1.097437
v 0.685196 -1.236125 -0.545246
v 0.684587 -1.235728 -1.091105
v 0.682887 -1.552138 -1.327942
v 0.698440 -1.551809 -1.276247
v 0.695015 -1.270680 -0.563032
v 0.698129 -1.551835 -0.358222
v 0.695015 -1.270680 -1.073216
v 0.454936 -1.552099 -0.303120
v 0.454937 -1.223500 -0.538812
v 0.454937 -1.223500 -1.097437
v 0.454937 -1.552099 -1.333134
v 0.454937 -1.552099 -0.361946
v 0.454937 -1.270680 -0.563032
v 0.454937 -1.270680 -1.073216
v 0.454937 -1.552099 -1.274303
v 0.468735 -1.552099 -0.315271
v 0.463455 -1.233971 -0.544187
v 0.463455 -1.233971 -1.092061
v 0.468735 -1.552099 -1.320977
v 0.468735 -1.270680 -0.563032
v 0.468735 -1.552099 -0.361946
v 0.468735 -1.270680 -1.073216
v 0.468735 -1.552099 -1.274303
v 0.462760 -1.531734 -1.118747
v 0.462760 -1.429554 -1.016566
v 0.462760 -1.392153 -0.876985
v 0.462760 -1.429554 -0.737403
v 0.462760 -1.531734 -0.635223
v 0.462760 -1.671316 -0.597821
v 0.462760 -1.810898 -0.635223
v 0.462760 -1.913079 -0.737403
v 0.462760 -1.950480 -0.876985
v 0.462760 -1.913079 -1.016566
v 0.462760 -1.810898 -1.118747
v 0.462760 -1.671316 -1.156148
v 0.687976 -1.536692 -1.110161
v 0.687976 -1.438140 -1.011609
v 0.689557 -1.405134 -0.876985
v 0.687976 -1.438140 -0.742360
v 0.687976 -1.536692 -0.643808
v 0.689618 -1.670150 -0.610470
v 0.687976 -1.805941 -0.643808
v 0.687976 -1.904493 -0.742360
v 0.687976 -1.940565 -0.876985
v 0.687976 -1.904493 -1.011609
v 0.687976 -1.805941 -1.110161
v 0.687976 -1.671316 -1.146234
v 0.655967 -1.410898 -0.726632
v 0.655967 -1.370612 -0.876985
v 0.655967 -1.410898 -1.027337
v 0.655967 -1.520964 -1.137402
v 0.655967 -1.671316 -1.177689
v 0.655967 -1.821669 -1.137402
v 0.655967 -1.931734 -1.027337
v 0.655967 -1.972021 -0.876985
v 0.655967 -1.931734 -0.726632
v 0.655967 -1.821669 -0.616567
v 0.655967 -1.671316 -0.576280
v 0.655967 -1.520964 -0.616567
v 0.500485 -1.410898 -0.726632
v 0.500485 -1.370612 -0.876985
v 0.500485 -1.410898 -1.027337
v 0.500485 -1.520964 -1.137402
v 0.500485 -1.671316 -1.177689
v 0.500485 -1.821669 -1.137402
v 0.500485 -1.931734 -1.027337
v 0.500485 -1.972021 -0.876985
v 0.500485 -1.931734 -0.726632
v 0.500485 -1.821669 -0.616567
v 0.500485 -1.671316 -0.576280
v 0.500485 -1.520964 -0.616567
v 0.671941 -1.513854 -0.975883
v 0.680819 -1.561924 -1.066458
v 0.672605 -1.506825 -0.789430
v 0.671941 -1.584399 -0.712605
v 0.671941 -1.770215 -0.719522
v 0.672659 -1.829803 -0.778955
v 0.680819 -1.890101 -0.876985
v 0.671917 -1.834841 -0.964721
v 0.680819 -1.780709 -1.066458
v 0.671917 -1.677096 -1.062469
v 0.462760 -1.588479 -1.020464
v 0.462760 -1.527837 -0.959822
v 0.462760 -1.505641 -0.876985
v 0.462760 -1.527837 -0.794147
v 0.462760 -1.588479 -0.733505
v 0.462760 -1.671316 -0.711309
v 0.462760 -1.754154 -0.733505
v 0.462760 -1.814795 -0.794147
v 0.462760 -1.836992 -0.876985
v 0.462760 -1.814795 -0.959822
v 0.462760 -1.754154 -1.020464
v 0.462760 -1.671316 -1.042660
v 0.669035 -1.488570 -0.871030
v 0.669073 -1.666416 -0.694484
v 0.668890 -1.853928 -0.882784
v 0.668530 -1.757188 -1.037895
v 0.668263 -1.576273 -1.032015
v 0.492613 -1.505669 -0.876985
v 0.492613 -1.527861 -0.959808
v 0.492613 -1.588492 -1.020440
v 0.492613 -1.671316 -1.042632
v 0.492613 -1.754140 -1.020440
v 0.492613 -1.814771 -0.959808
v 0.492613 -1.836964 -0.876985
v 0.492613 -1.814771 -0.794161
v 0.492613 -1.754140 -0.733529
v 0.492613 -1.671316 -0.711337
v 0.492613 -1.588492 -0.733529
v 0.492613 -1.527861 -0.794161
v 0.627509 -1.710326 -0.731399
v 0.627509 -1.816901 -0.837975
v 0.627509 -1.777892 -0.983560
v 0.627509 -1.632307 -1.022570
v 0.627509 -1.525731 -0.915994
v 0.627509 -1.564740 -0.770409
v 0.683088 -1.552003 -0.908955
v 0.683088 -1.583973 -0.789641
v 0.683088 -1.703286 -0.757671
v 0.683088 -1.790630 -0.845015
v 0.683088 -1.758660 -0.964328
v 0.683088 -1.639346 -0.996298
v 0.505657 -1.650885 -0.897416
v 0.505657 -1.671316 -0.905878
v 0.505657 -1.691748 -0.897416
v 0.505657 -1.700210 -0.876984
v 0.505657 -1.691748 -0.856553
v 0.505657 -1.671316 -0.848090
v 0.505657 -1.650885 -0.856553
v 0.505657 -1.642422 -0.876984
v -0.505657 -1.650885 -0.897416
v -0.505657 -1.671316 -0.905878
v -0.505657 -1.691748 -0.897416
v -0.505657 -1.700210 -0.876984
v -0.505657 -1.691748 -0.856553
v -0.505657 -1.671316 -0.848090
v -0.505657 -1.650885 -0.856553
v -0.505657 -1.642422 -0.876984
v -0.462760 -1.531734 -1.118747
v -0.462760 -1.429554 -1.016566
v -0.462760 -1.392153 -0.876985
v -0.462760 -1.429554 -0.737403
v -0.462760 -1.531734 -0.635223
v -0.462760 -1.671316 -0.597821
v -0.462760 -1.810898 -0.635223
v -0.462760 -1.913079 -0.737403
v -0.462760 -1.950480 -0.876985
v -0.462760 -1.913079 -1.016566
v -0.462760 -1.810898 -1.118747
v -0.462760 -1.671316 -1.156148
v -0.687976 -1.536692 -1.110161
v -0.687976 -1.438140 -1.011609
v -0.687976 -1.438140 -0.742360
v -0.687976 -1.536692 -0.643808
v -0.687976 -1.805941 -0.643808
v -0.687976 -1.904493 -0.742360
v -0.687976 -1.940565 -0.876985
v -0.687976 -1.904493 -1.011609
v -0.687976 -1.805941 -1.110161
v -0.687976 -1.671316 -1.146234
v -0.655967 -1.410898 -0.726632
v -0.655967 -1.370612 -0.876985
v -0.655967 -1.410898 -1.027337
v -0.655967 -1.520964 -1.137402
v -0.655967 -1.671316 -1.177689
v -0.655967 -1.821669 -1.137402
v -0.655967 -1.931734 -1.027337
v -0.655967 -1.972021 -0.876985
v -0.655967 -1.931734 -0.726632
v -0.655967 -1.821669 -0.616567
v -0.655967 -1.671316 -0.576280
v -0.655967 -1.520964 -0.616567
v -0.500485 -1.410898 -0.726632
v -0.500485 -1.370612 -0.876985
v -0.500485 -1.410898 -1.027337
v -0.500485 -1.520964 -1.137402
v -0.500485 -1.671316 -1.177689
v -0.500485 -1.821669 -1.137402
v -0.500485 -1.931734 -1.027337
v -0.500485 -1.972021 -0.876985
v -0.500485 -1.931734 -0.726632
v -0.500485 -1.821669 -0.616567
v -0.500485 -1.671316 -0.576280
v -0.500485 -1.520964 -0.616567
v -0.680819 -1.561924 -1.066458
v -0.689557 -1.405134 -0.876985
v -0.689557 -1.671316 -0.610802
v -0.680819 -1.890101 -0.876985
v -0.680819 -1.780709 -1.066458
v -0.462760 -1.588479 -1.020464
v -0.462760 -1.527837 -0.959822
v -0.462760 -1.505641 -0.876985
v -0.462760 -1.527837 -0.794147
v -0.462760 -1.588479 -0.733505
v -0.462760 -1.671316 -0.711309
v -0.462760 -1.754154 -0.733505
v -0.462760 -1.814795 -0.794147
v -0.462760 -1.836992 -0.876985
v -0.462760 -1.814795 -0.959822
v -0.462760 -1.754154 -1.020464
v -0.462760 -1.671316 -1.042660
v -0.668263 -1.576273 -1.032015
v -0.671941 -1.513854 -0.975883
v -0.669035 -1.488570 -0.871031
v -0.672605 -1.506825 -0.789430
v -0.671941 -1.584399 -0.712605
v -0.669073 -1.666416 -0.694484
v -0.671941 -1.770215 -0.719522
v -0.672659 -1.829802 -0.778955
v -0.668890 -1.853928 -0.882784
v -0.671917 -1.834841 -0.964722
v -0.668530 -1.757188 -1.037895
v -0.671917 -1.677096 -1.062469
v -0.492613 -1.505669 -0.876985
v -0.492613 -1.527861 -0.959808
v -0.492613 -1.588492 -1.020440
v -0.492613 -1.671316 -1.042632
v -0.492613 -1.754140 -1.020440
v -0.492613 -1.814771 -0.959808
v -0.492613 -1.836964 -0.876985
v -0.492613 -1.814771 -0.794161
v -0.492613 -1.754140 -0.733529
v -0.492613 -1.671316 -0.711337
v -0.492613 -1.588492 -0.733529
v -0.492613 -1.527861 -0.794161
v -0.627509 -1.710326 -0.731399
v -0.627509 -1.816901 -0.837975
v -0.627509 -1.777892 -0.983560
v -0.627509 -1.632307 -1.022570
v -0.627509 -1.525731 -0.915994
v -0.627509 -1.564740 -0.770409
v -0.683088 -1.552003 -0.908955
v -0.683088 -1.583973 -0.789641
v -0.683088 -1.703286 -0.757671
v -0.683088 -1.790630 -0.845015
v -0.683088 -1.758660 -0.964328
v -0.683088 -1.639346 -0.996298
v -0.216926 -1.385548 -1.655958
v -0.175535 -1.385548 -1.655958
v -0.216926 -1.223634 -1.655958
v -0.175535 -1.223634 -1.655958
v -0.216926 -1.249472 -1.697348
v -0.175535 -1.249472 -1.697348
v -0.216926 -1.385548 -1.697348
v -0.175535 -1.385548 -1.697348
v 0.447294 -1.447292 -0.164904
v 0.447294 -1.434053 -0.231733
v 0.376773 -1.434053 -0.231733
v 0.376773 -1.447292 -0.164904
v 0.447294 -1.611929 -0.873505
v 0.447294 -1.664060 -0.873505
v 0.376773 -1.664060 -0.873505
v 0.376773 -1.611929 -0.873505
v 0.447294 -1.447292 -1.506259
v 0.447294 -1.434053 -1.439430
v 0.376773 -1.434053 -1.439430
v 0.376773 -1.447292 -1.506259
v 0.447294 -1.604977 -1.189882
v 0.447294 -1.552846 -1.189882
v 0.376773 -1.552846 -1.189882
v 0.376773 -1.604977 -1.189882
v 0.447294 -1.604977 -0.519204
v 0.376773 -1.604977 -0.519204
v 0.376773 -1.552846 -0.519204
v 0.447294 -1.552846 -0.519204
v 0.173671 -1.385548 -1.655958
v 0.215062 -1.385548 -1.655958
v 0.173671 -1.223634 -1.655958
v 0.215062 -1.223634 -1.655958
v 0.173671 -1.249472 -1.697348
v 0.215062 -1.249472 -1.697348
v 0.173671 -1.385548 -1.697348
v 0.215062 -1.385548 -1.697348
v 0.333920 -0.534433 -0.912428
v 0.315954 -0.538147 -0.912428
v 0.312464 -0.516528 -0.912428
v 0.330430 -0.512814 -0.912428
v 0.326388 -0.539771 -1.054160
v 0.310343 -0.530629 -1.054160
v 0.319997 -0.511190 -1.054160
v 0.336041 -0.520332 -1.054160
v 0.423969 -0.827892 -1.524413
v 0.434967 -0.811266 -1.506728
v 0.319661 -0.532535 -1.524413
v 0.336334 -0.533476 -1.506728
v 0.319661 -0.532535 -0.467573
v 0.336334 -0.533475 -0.485258
v 0.423969 -0.827892 -0.467573
v 0.434967 -0.811266 -0.485258
v 0.428219 -1.305199 -1.235316
v 0.448945 -1.305199 -1.242047
v 0.456070 -1.305199 -1.229707
v 0.441821 -1.305199 -1.215603
v 0.441821 -1.152953 -1.243810
v 0.456070 -1.152953 -1.229707
v 0.448945 -1.152953 -1.217367
v 0.428219 -1.152953 -1.224098
v 0.439877 -1.073580 -1.244291
v 0.456070 -1.073580 -1.229707
v 0.443764 -1.073580 -1.215123
v 0.427571 -1.073580 -1.229707
v 0.443764 -0.921334 -1.244291
v 0.453479 -0.921334 -1.220732
v 0.428219 -0.921334 -1.224098
v 0.333920 -0.534433 -0.503896
v 0.315954 -0.538146 -0.503896
v 0.312464 -0.516528 -0.503896
v 0.330430 -0.512814 -0.503896
v 0.326388 -0.539771 -0.645628
v 0.310343 -0.530629 -0.645628
v 0.319997 -0.511190 -0.645628
v 0.336041 -0.520332 -0.645628
v 0.446809 -1.131730 -1.564737
v 0.446809 -1.131730 -1.540259
v 0.446809 -1.109771 -1.528020
v 0.446809 -1.087811 -1.540259
v 0.446809 -1.087811 -1.564737
v 0.446809 -1.109771 -1.576975
v 0.495765 -1.127437 -1.562344
v 0.495765 -1.127437 -1.542651
v 0.495765 -1.092104 -1.542651
v 0.495765 -1.092104 -1.562344
v 0.526875 -1.127437 -1.562344
v 0.527902 -1.110865 -1.534501
v 0.526875 -1.092104 -1.542651
v 0.527727 -1.108655 -1.570495
v 0.501801 -1.181468 -1.559413
v 0.504604 -1.181495 -1.545584
v 0.501801 -1.038074 -1.545582
v 0.504604 -1.038046 -1.559412
v 0.436685 -1.335618 -1.611147
v 0.452672 -1.321621 -1.599293
v 0.436685 -0.885214 -1.611147
v 0.452672 -0.899210 -1.599293
v 0.436685 -0.885214 -1.229707
v 0.452672 -0.899210 -1.241561
v 0.436685 -1.335618 -1.229707
v 0.452672 -1.321621 -1.241561
v 0.401517 -1.207427 -1.670155
v 0.283139 -1.096041 -1.670095
v 0.403986 -1.204662 -1.687628
v 0.284108 -1.096768 -1.687567
v 0.295972 -1.108888 -1.687647
v 0.302692 -1.121391 -1.699425
v 0.303754 -1.181493 -1.699451
v 0.294687 -1.192885 -1.687683
v 0.283225 -1.206586 -1.687629
v 0.284216 -1.205866 -1.670154
v 0.392319 -1.191348 -1.687678
v 0.382241 -1.182559 -1.699449
v 0.383373 -1.120232 -1.699462
v 0.391174 -1.110188 -1.687626
v 0.401607 -1.095207 -1.687566
v 0.404079 -1.097946 -1.670096
v -0.439877 -1.073580 -1.244291
v -0.456070 -1.073580 -1.229707
v -0.443764 -1.073580 -1.215123
v -0.427571 -1.073580 -1.229707
v -0.443764 -0.921334 -1.244291
v -0.453479 -0.921334 -1.220732
v -0.428219 -0.921334 -1.224098
v -0.423969 -0.827892 -1.524413
v -0.434967 -0.811266 -1.506728
v -0.319661 -0.532535 -1.524413
v -0.336334 -0.533476 -1.506728
v -0.319661 -0.532535 -0.467573
v -0.336334 -0.533475 -0.485258
v -0.423969 -0.827892 -0.467573
v -0.434967 -0.811266 -0.485258
v -0.333920 -0.534433 -0.912428
v -0.315954 -0.538147 -0.912428
v -0.312464 -0.516528 -0.912428
v -0.330430 -0.512814 -0.912428
v -0.326388 -0.539771 -1.054160
v -0.310343 -0.530629 -1.054160
v -0.319997 -0.511190 -1.054160
v -0.336041 -0.520332 -1.054160
v -0.284216 -1.205866 -1.670154
v -0.404079 -1.097946 -1.670096
v -0.401607 -1.095207 -1.687567
v -0.284108 -1.096768 -1.687566
v -0.283225 -1.206586 -1.687629
v -0.391167 -1.110196 -1.687635
v -0.295965 -1.108877 -1.687635
v -0.294687 -1.192885 -1.687683
v -0.392319 -1.191348 -1.687678
v -0.383387 -1.120214 -1.699442
v -0.302704 -1.121404 -1.699440
v -0.303744 -1.181506 -1.699437
v -0.382230 -1.182543 -1.699465
v -0.283139 -1.096041 -1.670095
v -0.403986 -1.204662 -1.687628
v -0.401517 -1.207427 -1.670155
v -0.284216 -1.345997 -1.670154
v -0.404079 -1.238077 -1.670095
v -0.401607 -1.235338 -1.687566
v -0.284108 -1.236899 -1.687567
v -0.283225 -1.346717 -1.687629
v -0.391173 -1.250319 -1.687626
v -0.295973 -1.249019 -1.687647
v -0.294687 -1.333017 -1.687683
v -0.392319 -1.331479 -1.687678
v -0.383387 -1.260345 -1.699442
v -0.302704 -1.261535 -1.699440
v -0.303744 -1.321637 -1.699437
v -0.382230 -1.322675 -1.699465
v -0.283139 -1.236172 -1.670095
v -0.403986 -1.344793 -1.687628
v -0.401517 -1.347558 -1.670155
v -0.419815 -1.366579 -0.018134
v -0.419168 -1.347027 0.001468
v -0.439594 -1.328966 -0.045019
v 0.439493 -1.346901 -0.018134
v 0.419815 -1.346901 0.001544
v 0.419815 -1.366579 -0.018134
v -0.419815 -1.346901 -1.673568
v -0.420637 -1.366627 -1.653496
v 0.419815 -1.366579 -1.653890
v 0.419815 -1.346901 -1.673568
v 0.439493 -1.346901 -1.653890
v -0.439493 -0.852691 -0.017964
v -0.419815 -0.856105 0.001714
v 0.419815 -0.856105 0.001714
v 0.440207 -0.852795 -0.018861
v -0.419815 -0.856105 -1.673568
v -0.439493 -0.852691 -1.653890
v 0.439493 -0.852691 -1.653890
v 0.419815 -0.856105 -1.673568
v -0.312605 -0.498067 -0.018289
v -0.293274 -0.500951 0.001714
v -0.289477 -0.481778 -0.018289
v 0.289477 -0.481778 -0.018289
v 0.293274 -0.500951 0.001714
v 0.312605 -0.498067 -0.018289
v 0.289617 -0.481778 -1.653727
v 0.312605 -0.498067 -1.653564
v 0.293274 -0.500951 -1.673568
v -0.289477 -0.481778 -1.653564
v -0.293274 -0.500951 -1.673568
v -0.312605 -0.498067 -1.653564
v 0.367989 -0.834184 0.001714
v -0.367989 -0.834184 0.001714
v 0.257069 -0.522872 0.001714
v -0.257069 -0.522872 0.001714
v 0.324432 -0.815759 -0.015725
v -0.324432 -0.815759 -0.015725
v 0.226641 -0.541297 -0.015725
v -0.226641 -0.541297 -0.015725
v -0.439482 -1.345808 -1.654162
v 0.186587 -0.481778 -0.171541
v -0.186537 -0.481778 -0.171541
v 0.186678 -0.481778 -1.500475
v -0.186537 -0.481778 -1.500343
v 0.170810 -0.468046 -0.186601
v -0.170752 -0.468046 -0.186601
v 0.170893 -0.468046 -1.485416
v -0.170752 -0.468046 -1.485287
v -0.410482 -1.091793 0.001714
v 0.439493 -0.852691 -0.490555
v 0.421126 -0.801357 -0.273574
v 0.439493 -0.903174 -0.240922
v 0.393286 -1.202273 0.001672
v 0.439486 -1.180139 -0.038412
v -0.282640 -0.712986 -1.686118
v 0.303403 -0.717979 -1.686118
v -0.309008 -0.723392 -1.686118
v -0.282640 -0.744409 -1.686118
v 0.282640 -0.744409 -1.686118
v 0.314546 -0.744409 -1.686118
v -0.282640 -0.775831 -1.686118
v 0.282640 -0.775831 -1.686118
v 0.314546 -1.027208 -1.686118
v -0.282640 -0.807253 -1.686118
v 0.282640 -0.807253 -1.686118
v -0.282640 -0.838675 -1.686118
v 0.282640 -0.838675 -1.686118
v -0.282640 -0.870097 -1.686118
v 0.282640 -0.870097 -1.686118
v -0.282640 -0.901519 -1.686118
v 0.282640 -0.901519 -1.686118
v -0.282640 -0.932941 -1.686118
v 0.282640 -0.932941 -1.686118
v -0.282640 -0.964363 -1.686118
v 0.282640 -0.964363 -1.686118
v -0.282640 -0.995786 -1.686118
v 0.282640 -0.995786 -1.686118
v -0.314546 -1.027208 -1.686118
v -0.282640 -1.027208 -1.686118
v 0.282640 -1.027208 -1.686118
v -0.305631 -1.056236 -1.686118
v 0.305631 -1.056236 -1.686118
v -0.259908 -0.775831 -1.706962
v -0.259908 -0.838675 -1.706962
v -0.259908 -0.901519 -1.706962
v -0.259908 -0.964363 -1.706962
v -0.259908 -1.027208 -1.706962
v 0.259908 -0.775831 -1.706962
v 0.259908 -0.838675 -1.706962
v 0.259908 -0.901519 -1.706962
v 0.259908 -0.964363 -1.706962
v 0.259908 -1.027208 -1.706962
v -0.303403 -0.717979 -1.671731
v -0.314546 -0.744409 -1.671731
v 0.300870 -0.716359 -1.671731
v 0.314546 -0.744409 -1.671731
v 0.309898 -1.053381 -1.671731
v -0.309658 -1.054735 -1.671731
v -0.422993 -0.787770 -1.006180
v -0.413596 -0.764356 -1.006180
v -0.408898 -0.752649 -0.984981
v -0.413596 -0.764356 -0.963783
v -0.422993 -0.787770 -0.963783
v -0.427691 -0.799477 -0.984981
v -0.467279 -0.766013 -1.002035
v -0.459719 -0.747176 -1.002035
v -0.459719 -0.747176 -0.967927
v -0.467279 -0.766013 -0.967927
v -0.496006 -0.753642 -1.002035
v -0.486514 -0.726525 -0.985995
v -0.488446 -0.734805 -0.967927
v -0.496006 -0.753642 -0.967927
v -0.498831 -0.762139 -0.984981
v -0.471709 -0.760814 -1.054245
v -0.468981 -0.746481 -1.054276
v -0.468981 -0.746481 -0.915687
v -0.471709 -0.760814 -0.915718
v -0.333920 -0.534433 -1.349544
v -0.315954 -0.538147 -1.349544
v -0.312464 -0.516528 -1.349544
v -0.330430 -0.512814 -1.349544
v -0.326388 -0.539771 -1.491276
v -0.310343 -0.530629 -1.491276
v -0.319997 -0.511190 -1.491276
v -0.336041 -0.520332 -1.491276
v -0.436685 -1.335618 -1.611147
v -0.452672 -1.321621 -1.599293
v -0.436685 -0.885214 -1.611147
v -0.452672 -0.899210 -1.599293
v -0.436685 -0.885214 -1.229707
v -0.452672 -0.899210 -1.241561
v -0.436685 -1.335618 -1.229707
v -0.452672 -1.321621 -1.241561
v -0.434696 -1.305199 -1.242047
v -0.448945 -1.305199 -1.242047
v -0.454034 -1.305199 -1.222655
v -0.430162 -1.305199 -1.220732
v -0.434696 -1.152953 -1.242047
v -0.454034 -1.152953 -1.236759
v -0.448945 -1.152953 -1.217367
v -0.428219 -1.152953 -1.224098
v -0.209177 -1.123949 0.071345
v -0.221184 -1.088065 0.113663
v -0.210250 -1.017115 0.137035
v -0.189186 -0.901751 0.146618
v -0.112915 -0.465114 0.099294
v -0.084342 -0.217903 0.047262
v -0.028681 0.024780 0.016378
v 0.075683 0.463805 0.037846
v 0.087868 0.656232 0.079255
v 0.079181 0.857013 0.121887
v 0.019059 1.108438 0.159900
v -0.024963 1.284522 0.161566
v -0.047533 1.392513 0.132696
v -0.066105 1.524304 0.064472
v -0.066361 1.575413 0.046389
v -0.062017 1.609984 0.048968
v -0.051235 1.623472 0.065557
v -0.024557 1.588140 0.086708
v -0.221307 -1.015954 0.136305
v -0.200124 -0.899701 0.146067
v -0.161708 -0.708627 0.135604
v -0.123927 -0.463491 0.098801
v -0.100401 -0.217485 0.041556
v 0.022743 0.258296 0.012696
v 0.064800 0.466091 0.037159
v 0.072134 0.830813 0.116132
v 0.004611 1.121341 0.159595
v -0.035886 1.282731 0.158780
v -0.060902 1.401617 0.126658
v -0.078225 1.558261 0.046087
v -0.075035 1.614721 0.042588
v -0.058825 1.631109 0.067265
v -0.225019 -1.118744 0.071126
v -0.229835 -1.074130 0.102399
v -0.221198 -0.979394 0.133998
v -0.166802 -0.708149 0.125706
v -0.129222 -0.464145 0.089019
v -0.037557 0.052033 0.009859
v 0.017887 0.259470 0.002737
v 0.060163 0.468193 0.027248
v 0.076873 0.649988 0.065289
v 0.064601 0.851110 0.109513
v 0.001949 1.114882 0.148664
v -0.039591 1.281940 0.149049
v -0.061619 1.386220 0.121102
v -0.079507 1.511247 0.056046
v -0.080382 1.570844 0.033939
v -0.060097 1.643721 0.051513
v -0.045414 1.634156 0.079102
v -0.028788 1.596498 0.102944
v -0.220117 -1.104817 0.068046
v -0.219486 -1.010116 0.118001
v -0.198907 -0.898365 0.126853
v -0.160980 -0.709836 0.116357
v -0.123505 -0.466422 0.079730
v -0.089591 -0.221756 0.026857
v -0.039016 0.024630 -0.003365
v 0.023773 0.257760 -0.006567
v 0.066409 0.468008 0.018024
v 0.083336 0.651270 0.056303
v 0.072607 0.841915 0.098626
v 0.008639 1.117945 0.140160
v -0.032826 1.284749 0.139514
v -0.056321 1.392093 0.110315
v -0.071582 1.513762 0.045251
v -0.072728 1.568339 0.026239
v -0.067939 1.611748 0.027557
v -0.036279 1.636050 0.073010
v -0.213938 -1.071599 0.100363
v -0.208428 -1.011277 0.118731
v -0.187969 -0.900415 0.127404
v -0.135622 -0.632276 0.108399
v -0.028154 0.022221 -0.002743
v 0.034515 0.254874 -0.005912
v 0.077293 0.465723 0.018710
v 0.094379 0.650071 0.057167
v 0.087608 0.806085 0.091704
v 0.053984 0.982995 0.124295
v -0.001976 1.203138 0.146270
v -0.037432 1.355796 0.127742
v -0.061005 1.509521 0.050689
v -0.060226 1.597198 0.026237
v -0.046882 1.631698 0.045767
v -0.031330 1.627643 0.067628
v -0.010497 1.601108 0.092433
v -0.205263 -1.107303 0.073666
v -0.209257 -1.078455 0.107795
v -0.200021 -0.990579 0.134764
v -0.146035 -0.711918 0.131553
v -0.107197 -0.467390 0.090005
v -0.078668 -0.220502 0.038031
v -0.022987 0.022297 0.007128
v 0.040399 0.263785 0.009397
v 0.081930 0.463621 0.028621
v 0.098961 0.647590 0.067016
v 0.089463 0.834104 0.108269
v 0.025565 1.112234 0.151482
v -0.018389 1.287743 0.152133
v -0.043476 1.406209 0.118259
v -0.059533 1.560256 0.040566
v -0.054263 1.609476 0.040983
v -0.044229 1.625227 0.058162
v -0.209969 -1.106165 0.031652
v -0.200516 -1.123659 0.033153
v -0.219099 -1.125237 0.031891
v -0.169850 -1.187318 -0.005268
v -0.245850 -1.187318 -0.005268
v -0.283851 -1.121499 -0.005268
v -0.245850 -1.055681 -0.005268
v -0.169850 -1.055681 -0.005268
v -0.131850 -1.121499 -0.005268
v -0.178571 -1.179228 0.032970
v -0.248015 -1.179443 0.032346
v -0.282550 -1.119337 0.031590
v -0.247642 -1.059017 0.031457
v -0.178198 -1.058802 0.032081
v -0.143663 -1.118907 0.032837
v -0.440818 1.573526 0.114479
v 0.440818 1.573526 0.114479
v 0.440818 1.573526 0.060179
v -0.440818 1.573526 0.060179
v -0.440818 1.613378 0.114479
v 0.440818 1.613378 0.114479
v 0.440818 1.613378 0.060179
v -0.440818 1.613378 0.060179
v -0.110379 1.501275 0.111974
v -0.447095 1.503202 0.111974
v -0.443547 1.499846 0.062714
v -0.106824 1.503202 0.062714
v -0.362027 1.560247 0.111974
v -0.363440 1.555969 0.062714
v -0.191892 1.560247 0.111974
v -0.191892 1.560247 0.062714
v -0.443392 1.400040 0.111974
v -0.443392 1.400043 0.062714
v -0.110528 1.400043 0.111974
v -0.110528 1.400040 0.062714
v -0.194455 1.551823 0.111974
v -0.194455 1.551823 0.062714
v -0.113989 1.499379 0.062714
v -0.359464 1.551823 0.111974
v -0.439930 1.499379 0.111974
v -0.115487 1.447753 0.144697
v -0.438371 1.447753 0.144697
v -0.115487 1.381041 0.127367
v -0.438371 1.381041 0.127367
v -0.115487 1.378404 0.017017
v -0.438371 1.378404 0.017017
v -0.115487 1.474440 0.041966
v -0.438371 1.474440 0.041966
v -0.115487 1.491478 0.073808
v -0.438371 1.491478 0.073808
v -0.115487 1.478134 0.125174
v -0.438371 1.478134 0.125174
v -0.456638 1.382200 0.141850
v -0.097220 1.382200 0.141850
v -0.431977 1.372663 -0.035971
v -0.121881 1.372663 -0.035971
v -0.097220 1.164498 0.085295
v -0.121881 1.271875 -0.062154
v -0.456638 1.164498 0.085295
v -0.431977 1.271875 -0.062154
v -0.456638 1.253541 -0.044954
v -0.097220 1.253541 -0.044954
v -0.097220 1.378777 -0.010873
v -0.456638 1.378777 -0.010873
v -0.420802 1.358605 0.135721
v -0.135685 1.358086 0.135383
v -0.420802 1.188092 0.091425
v -0.133056 1.188092 0.091425
v -0.407765 1.354548 0.119590
v -0.407765 1.199487 0.079308
v -0.146093 1.199487 0.079308
v -0.097220 1.273349 0.113573
v -0.090257 1.318928 -0.017491
v -0.134844 1.325811 -0.045893
v -0.414830 1.315602 -0.058281
v -0.465257 1.323340 -0.019334
v -0.456638 1.273349 0.113573
v -0.420802 1.273349 0.113573
v -0.395136 1.273498 0.101757
v -0.153183 1.341184 0.114420
v 0.439889 1.501275 0.111974
v 0.103173 1.503202 0.111974
v 0.106721 1.499846 0.062714
v 0.443444 1.503202 0.062714
v 0.188241 1.560247 0.111974
v 0.186828 1.555969 0.062714
v 0.358376 1.560247 0.111974
v 0.358376 1.560247 0.062714
v 0.106876 1.400040 0.111974
v 0.106876 1.400043 0.062714
v 0.439740 1.400043 0.111974
v 0.439740 1.400040 0.062714
v 0.355813 1.551823 0.111974
v 0.355813 1.551823 0.062714
v 0.436279 1.499379 0.062714
v 0.190804 1.551823 0.111974
v 0.110338 1.499379 0.111974
v 0.434780 1.447753 0.144697
v 0.111897 1.447753 0.144697
v 0.434780 1.381041 0.127367
v 0.111897 1.381041 0.127367
v 0.434780 1.378404 0.017017
v 0.111897 1.378404 0.017017
v 0.434780 1.474440 0.041966
v 0.111897 1.474440 0.041966
v 0.434780 1.491478 0.073808
v 0.111897 1.491478 0.073808
v 0.434780 1.478134 0.125174
v 0.111897 1.478134 0.125174
v 0.093630 1.382200 0.141850
v 0.453048 1.382200 0.141850
v 0.118291 1.372663 -0.035971
v 0.428387 1.372663 -0.035971
v 0.453048 1.164498 0.085295
v 0.428387 1.271875 -0.062154
v 0.093630 1.164498 0.085295
v 0.118291 1.271875 -0.062154
v 0.093855 1.253696 -0.045137
v 0.453048 1.253541 -0.044954
v 0.453048 1.378777 -0.010873
v 0.093630 1.378777 -0.010873
v 0.125685 1.360845 0.136303
v 0.420993 1.360845 0.136303
v 0.125685 1.185852 0.090843
v 0.419900 1.189228 0.091309
v 0.147614 1.344722 0.114864
v 0.404360 1.347604 0.116360
v 0.142232 1.199327 0.079266
v 0.397982 1.204933 0.082287
v 0.273339 1.378777 -0.010873
v 0.284215 1.357567 -0.035651
v 0.270943 1.280283 -0.060839
v 0.273339 1.354708 0.119632
v 0.273339 1.360845 0.136303
v 0.295592 1.575984 0.107297
v 0.295592 1.575984 0.067391
v 0.251025 1.575984 0.107297
v 0.251025 1.575984 0.067391
v 0.295592 1.541438 0.067391
v 0.251025 1.541438 0.067391
v 0.295592 1.541438 0.107297
v 0.251025 1.541438 0.107297
v -0.254676 1.575984 0.107297
v -0.254676 1.575984 0.067391
v -0.299243 1.575984 0.107297
v -0.299243 1.575984 0.067391
v -0.254676 1.541438 0.067391
v -0.299243 1.541438 0.067391
v -0.254676 1.541438 0.107297
v -0.299243 1.541438 0.107297
v -0.443490 1.683717 0.111974
v -0.106763 1.683212 0.111974
v -0.109134 1.685919 0.062714
v -0.447034 1.683212 0.062714
v -0.191831 1.626166 0.111974
v -0.191831 1.626166 0.062714
v -0.358281 1.630445 0.111974
v -0.361966 1.626166 0.062714
v -0.109232 1.786372 0.111974
v -0.111701 1.786372 0.062714
v -0.443330 1.786371 0.111974
v -0.443330 1.786373 0.062714
v -0.359403 1.634590 0.062714
v -0.439869 1.687034 0.062714
v -0.194394 1.634590 0.111974
v -0.113928 1.687034 0.111974
v -0.194394 1.634590 0.062714
v -0.438370 1.702856 0.125591
v -0.115487 1.702856 0.125591
v -0.438370 1.766621 0.151761
v -0.115487 1.766621 0.151761
v -0.438370 1.834950 0.065072
v -0.115487 1.834950 0.065072
v -0.438370 1.743157 0.027398
v -0.115487 1.743157 0.027398
v -0.438370 1.710418 0.042645
v -0.115487 1.710418 0.042645
v -0.438370 1.690268 0.091741
v -0.115487 1.690268 0.091741
v -0.455830 1.757882 0.162996
v -0.121881 1.871341 0.026131
v -0.431977 1.871341 0.026131
v -0.456638 1.965086 0.248054
v -0.427064 1.965894 0.062743
v -0.097220 1.965086 0.248054
v -0.126687 1.966790 0.064645
v -0.097220 1.972021 0.090430
v -0.455063 1.971513 0.090907
v -0.456638 1.851389 0.042539
v -0.097339 1.852407 0.042335
v -0.130017 1.777833 0.171201
v -0.423944 1.778108 0.171303
v -0.134805 1.940210 0.237323
v -0.423841 1.944256 0.239505
v -0.147198 1.793105 0.161696
v -0.406660 1.793105 0.161696
v -0.154549 1.927441 0.218180
v -0.408175 1.939707 0.221617
v -0.097220 1.757002 0.162652
v -0.299182 1.610429 0.107297
v -0.299182 1.610429 0.067391
v -0.254615 1.610429 0.107297
v -0.254615 1.610429 0.067391
v -0.299182 1.644975 0.067391
v -0.254615 1.644975 0.067391
v -0.299182 1.644975 0.107297
v -0.254615 1.644975 0.107297
v 0.111898 1.702856 0.125591
v 0.434780 1.702856 0.125591
v 0.111898 1.766621 0.151761
v 0.434780 1.766621 0.151761
v 0.111898 1.834950 0.065072
v 0.434780 1.834950 0.065072
v 0.111898 1.743157 0.027398
v 0.434780 1.743157 0.027398
v 0.111898 1.710418 0.042645
v 0.434780 1.710418 0.042645
v 0.111898 1.690268 0.091741
v 0.434780 1.690268 0.091741
v 0.453048 1.757002 0.162652
v 0.093630 1.757002 0.162652
v 0.428387 1.871341 0.026131
v 0.118291 1.871341 0.026131
v 0.093630 1.965086 0.248054
v 0.118291 1.967676 0.065669
v 0.428387 1.967676 0.065669
v 0.453048 1.972021 0.090430
v 0.093630 1.972021 0.090430
v 0.093630 1.851389 0.042539
v 0.453048 1.851389 0.042539
v 0.413643 1.781575 0.172737
v 0.134788 1.781774 0.172585
v 0.133035 1.940512 0.237969
v 0.393634 1.798449 0.163889
v 0.154705 1.802913 0.164981
v 0.384082 1.928960 0.218795
v 0.153044 1.934720 0.219818
v 0.453048 1.965086 0.248054
v 0.410397 1.937615 0.236403
v 0.219295 1.851389 0.042539
v 0.198752 1.884670 0.030503
v 0.348391 1.950150 0.053375
v 0.346353 1.972021 0.090430
v 0.106778 1.683717 0.111974
v 0.443505 1.683212 0.111974
v 0.441134 1.685919 0.062714
v 0.103234 1.683212 0.062714
v 0.358437 1.626166 0.111974
v 0.358437 1.626166 0.062714
v 0.191987 1.630445 0.111974
v 0.188302 1.626166 0.062714
v 0.441036 1.786372 0.111974
v 0.438567 1.786372 0.062714
v 0.106938 1.786371 0.111974
v 0.106938 1.786373 0.062714
v 0.190865 1.634590 0.062714
v 0.110399 1.687034 0.062714
v 0.355874 1.634590 0.111974
v 0.436340 1.687034 0.111974
v 0.355874 1.634590 0.062714
v 0.422993 -0.787770 -1.006180
v 0.413596 -0.764356 -1.006180
v 0.408898 -0.752649 -0.984981
v 0.413596 -0.764356 -0.963783
v 0.422993 -0.787770 -0.963783
v 0.427691 -0.799477 -0.984981
v 0.467279 -0.766013 -1.002035
v 0.459719 -0.747176 -1.002035
v 0.459719 -0.747176 -0.967927
v 0.467279 -0.766013 -0.967927
v 0.498831 -0.762139 -0.984981
v 0.496006 -0.753642 -1.002035
v 0.486514 -0.726525 -0.985995
v 0.488446 -0.734805 -0.967927
v 0.496006 -0.753642 -0.967927
v 0.468981 -0.746481 -1.054276
v 0.471709 -0.760814 -1.054245
v 0.471709 -0.760814 -0.915718
v 0.468981 -0.746481 -0.915687
v 0.333920 -0.534433 -1.349544
v 0.315954 -0.538147 -1.349544
v 0.312464 -0.516528 -1.349544
v 0.330430 -0.512814 -1.349544
v 0.326388 -0.539771 -1.491276
v 0.310343 -0.530629 -1.491276
v 0.319997 -0.511190 -1.491276
v 0.336041 -0.520332 -1.491276
v -0.387000 1.303979 0.175000
v -0.387000 1.523979 0.175000
v -0.387000 1.303979 0.145000
v -0.387000 1.523979 0.145000
v -0.167000 1.303979 0.175000
v -0.167000 1.523979 0.175000
v -0.167000 1.303979 0.145000
v -0.167000 1.523979 0.145000
v -0.387000 1.624979 0.175000
v -0.387000 1.844979 0.175000
v -0.387000 1.624979 0.145000
v -0.387000 1.844979 0.145000
v -0.167000 1.624979 0.175000
v -0.167000 1.844979 0.175000
v -0.167000 1.624979 0.145000
v -0.167000 1.844979 0.145000
v 0.163000 1.303979 0.175000
v 0.163000 1.523979 0.175000
v 0.163000 1.303979 0.145000
v 0.163000 1.523979 0.145000
v 0.383000 1.303979 0.175000
v 0.383000 1.523979 0.175000
v 0.383000 1.303979 0.145000
v 0.383000 1.523979 0.145000
v 0.163000 1.624979 0.175000
v 0.163000 1.844979 0.175000
v 0.163000 1.624979 0.145000
v 0.163000 1.844979 0.145000
v 0.383000 1.624979 0.175000
v 0.383000 1.844979 0.175000
v 0.383000 1.624979 0.145000
v 0.383000 1.844979 0.145000
vn -0.0874 -0.9962 -0.0000
vn -0.0851 -0.4851 0.8703
vn -0.0756 0.5034 0.8607
vn -0.0874 0.9962 -0.0000
vn -0.0851 0.4851 -0.8703
vn -0.0759 -0.5028 -0.8610
vn 1.0000 -0.0000 -0.0000
vn 0.9938 -0.1110 -0.0000
vn -0.9290 -0.3321 0.1634
vn -0.0000 -0.0542 -0.9985
vn 0.9938 0.1110 -0.0000
vn -0.9287 0.3305 -0.1680
vn -0.0000 0.0542 0.9985
vn -0.0000 1.0000 -0.0000
vn -0.0000 -0.0000 -1.0000
vn -1.0000 -0.0000 -0.0000
vn -0.0000 -0.0000 1.0000
vn -0.0265 0.9996 -0.0001
vn -0.5825 -0.1965 -0.7887
vn -0.7709 0.1083 0.6277
vn 0.5464 -0.0525 0.8359
vn 0.7688 -0.0066 -0.6395
vn -0.4064 0.6658 -0.6258
vn -0.0055 -0.3842 0.9232
vn -0.0283 -0.9996 0.0039
vn -0.7693 -0.0120 0.6388
vn -0.0611 0.9951 -0.0773
vn 0.7496 -0.0172 -0.6617
vn -0.1770 -0.9481 -0.2643
vn -0.5978 -0.1530 0.7869
vn 0.5823 0.3922 0.7122
vn 0.8200 -0.0122 -0.5723
vn -0.5208 -0.6053 -0.6020
vn -0.8831 0.1335 0.4499
vn 0.3701 0.8521 0.3700
vn 0.7476 0.0883 -0.6582
vn 1.0000 0.0001 0.0001
vn -0.0000 0.7433 0.6690
vn 1.0000 0.0008 0.0007
vn -0.0001 0.9593 -0.2824
vn -0.0000 0.9595 0.2818
vn -0.0000 -0.9644 0.2645
vn -0.9356 0.0418 0.3505
vn -0.9146 0.1134 -0.3882
vn 0.9046 0.1496 0.3992
vn 0.9402 0.0404 -0.3383
vn -0.0083 0.2726 0.9621
vn 0.0080 0.1840 -0.9829
vn 0.3826 -0.0184 -0.9237
vn -0.3826 -0.0184 -0.9237
vn -0.9237 -0.0184 -0.3826
vn -0.9237 -0.0184 0.3826
vn -0.3826 -0.0184 0.9237
vn 0.3826 -0.0184 0.9237
vn 0.9237 -0.0184 0.3826
vn 0.9237 -0.0184 -0.3826
vn -0.0000 -1.0000 -0.0000
vn -0.9239 -0.0000 -0.3827
vn -0.3827 -0.0000 -0.9239
vn 0.3827 -0.0000 -0.9239
vn 0.9239 -0.0000 -0.3827
vn 0.9239 -0.0000 0.3827
vn 0.3827 -0.0000 0.9239
vn -0.3827 -0.0000 0.9239
vn -0.9239 -0.0000 0.3827
vn 0.9589 -0.0144 0.2835
vn 0.9341 -0.2131 -0.2865
vn 0.9379 -0.3470 -0.0021
vn 0.9584 -0.2853 0.0023
vn 0.9600 -0.1716 0.2214
vn -0.5898 0.4660 0.6595
vn -0.4519 0.8921 -0.0000
vn -0.5898 0.4660 -0.6595
vn 0.0114 -0.5813 -0.8136
vn 0.0407 -0.9981 -0.0461
vn 0.0366 -0.9983 0.0461
vn 0.1664 -0.5733 0.8023
vn 0.0062 -0.5841 -0.8116
vn 0.0062 -1.0000 -0.0000
vn 0.0083 -0.5841 0.8116
vn -0.9999 0.0166 -0.0000
vn -0.9898 0.1424 -0.0000
vn -0.9898 0.0828 -0.1159
vn -0.0187 0.5741 0.8186
vn -0.0000 0.5828 -0.8126
vn -0.0002 -1.0000 -0.0002
vn -0.0000 -0.5814 -0.8136
vn -0.0000 -0.5814 0.8136
vn -0.0000 0.5498 0.8353
vn 0.8353 0.5498 -0.0000
vn -0.0000 0.5498 -0.8353
vn -0.8353 0.5498 -0.0000
vn -0.0000 0.5568 0.8306
vn 0.8306 0.5568 -0.0000
vn -0.0000 0.5568 -0.8306
vn -0.8306 0.5568 -0.0000
vn -0.0000 0.4894 0.8721
vn 0.8721 0.4894 -0.0000
vn -0.0000 0.4894 -0.8721
vn -0.8721 0.4894 -0.0000
vn -0.0003 -0.0000 1.0000
vn 1.0000 -0.0000 0.0001
vn 0.0003 -0.0000 1.0000
vn -1.0000 0.0008 0.0007
vn -0.0059 -0.0000 1.0000
vn 0.0059 -0.0000 1.0000
vn -0.0000 -0.9997 0.0239
vn 0.8613 -0.0000 -0.5081
vn -0.8622 -0.0000 0.5065
vn -0.8611 -0.0000 -0.5084
vn 0.8622 -0.0000 0.5065
vn -0.0574 -0.0934 0.9940
vn 0.9996 0.0261 -0.0064
vn -1.0000 -0.0000 -0.0050
vn -0.0259 -0.9955 -0.0909
vn 0.9985 -0.0021 -0.0546
vn -0.0000 0.9973 -0.0738
vn -0.9975 -0.0000 -0.0702
vn -0.0000 0.9913 0.1319
vn 0.9350 0.0134 0.3544
vn -0.0034 -1.0000 0.0040
vn -0.9300 0.0074 0.3674
vn -0.0000 0.9933 -0.1151
vn 0.9747 -0.0033 -0.2233
vn -0.0000 -0.9997 0.0234
vn -0.9765 0.0009 -0.2154
vn 0.7297 -0.0366 0.6828
vn -0.0000 0.5518 0.8340
vn -0.7682 0.0288 0.6396
vn -1.0000 -0.0000 0.0003
vn 1.0000 -0.0000 0.0003
vn -1.0000 -0.0000 0.0002
vn 1.0000 -0.0000 0.0002
vn -0.0000 -0.0002 1.0000
vn -0.0000 -0.0598 -0.9982
vn -0.0133 0.9990 -0.0423
vn -0.0133 -0.9990 0.0419
vn -0.9983 -0.0098 0.0570
vn 0.9904 -0.0233 0.1363
vn -0.0101 0.6828 -0.7305
vn -0.8623 0.0134 -0.5063
vn 0.0125 -0.7960 -0.6052
vn 0.8302 0.0121 -0.5573
vn -0.2023 -0.9790 0.0261
vn 0.9868 -0.1593 0.0306
vn 0.2024 0.9790 0.0261
vn -0.9868 0.1593 0.0306
vn -0.0000 0.9864 -0.1645
vn -0.0000 -0.9864 0.1645
vn -0.0000 0.9830 0.1836
vn -0.0000 -0.9830 -0.1836
vn -0.0000 0.9029 0.4298
vn -0.0000 -0.8950 -0.4461
vn -0.0000 -0.9136 0.4066
vn -0.0000 0.9242 -0.3819
vn -0.9619 -0.2733 -0.0000
vn -0.9596 -0.1724 0.2225
vn 0.5565 0.4767 0.6804
vn 0.4519 0.8921 -0.0000
vn 0.5898 0.4660 -0.6595
vn -0.0821 -0.9961 -0.0311
vn -0.0366 -0.9983 0.0461
vn -0.1664 -0.5733 0.8023
vn 0.0259 -0.5998 -0.7997
vn -0.0097 -1.0000 -0.0007
vn -0.0082 -0.5841 0.8116
vn 0.9999 0.0166 -0.0000
vn 0.9898 0.1424 -0.0000
vn -0.0000 0.5828 0.8126
vn -0.4830 0.6192 -0.6192
vn -0.4830 0.8458 -0.2266
vn -0.4830 0.8458 0.2266
vn -0.4830 0.6192 0.6192
vn -0.4830 0.2266 0.8458
vn -0.4830 -0.2266 0.8458
vn -0.4830 -0.6192 0.6192
vn -0.4830 -0.8458 0.2266
vn -0.4830 -0.8458 -0.2266
vn -0.4830 -0.6192 -0.6192
vn -0.4830 -0.2266 -0.8458
vn -0.4830 0.2266 -0.8458
vn 0.7055 0.6864 0.1766
vn 0.6885 0.7006 -0.1877
vn 0.6885 0.5128 -0.5128
vn 0.6885 0.1877 -0.7006
vn 0.6885 -0.1877 -0.7006
vn 0.6885 -0.5128 -0.5128
vn 0.6885 -0.7006 -0.1877
vn 0.6885 -0.7006 0.1877
vn 0.6885 -0.5128 0.5128
vn 0.7044 -0.1773 0.6873
vn 0.6879 0.1839 0.7021
vn 0.6885 0.5128 0.5128
vn -0.0000 0.9659 0.2588
vn -0.0000 0.9659 -0.2588
vn -0.0000 0.7071 -0.7071
vn -0.0000 0.2588 -0.9659
vn -0.0000 -0.2588 -0.9659
vn -0.0000 -0.7071 -0.7071
vn -0.0000 -0.9659 -0.2588
vn -0.0000 -0.9659 0.2588
vn -0.0000 -0.7071 0.7071
vn -0.0000 -0.2588 0.9659
vn -0.0000 0.2588 0.9659
vn -0.0000 0.7071 0.7071
vn 0.9894 -0.1027 0.1027
vn 0.9809 -0.1911 0.0353
vn 0.9828 -0.1305 -0.1305
vn 0.9787 -0.0383 -0.2016
vn 0.9793 0.1487 -0.1372
vn 0.9821 0.1855 -0.0324
vn 0.9894 0.1403 0.0376
vn 0.9806 0.1239 0.1518
vn 0.9894 0.0376 0.1403
vn 0.9806 -0.0695 0.1832
vn 0.9365 -0.2635 0.2316
vn 0.9649 -0.2442 -0.0968
vn 0.9689 0.0830 -0.2332
vn 0.9384 0.3273 0.1109
vn 0.9354 0.0670 0.3473
vn -0.0009 -0.9659 0.2588
vn -0.0009 -0.7071 0.7071
vn -0.0009 -0.2588 0.9659
vn -0.0009 0.2588 0.9659
vn -0.0009 0.7071 0.7071
vn -0.0009 0.9659 0.2588
vn -0.0009 0.9659 -0.2588
vn -0.0009 0.7071 -0.7071
vn -0.0009 0.2588 -0.9659
vn -0.0009 -0.2588 -0.9659
vn -0.0009 -0.7071 -0.7071
vn -0.0009 -0.9659 -0.2588
vn 0.7524 -0.1705 -0.6363
vn 0.5119 0.2148 -0.8318
vn 0.7524 0.4658 -0.4658
vn 0.5143 0.8311 -0.2118
vn 0.7531 0.6355 0.1703
vn 0.5105 0.6014 0.6146
vn 0.7543 0.1699 0.6342
vn 0.5104 -0.2316 0.8281
vn 0.7499 -0.4663 0.4694
vn 0.5118 -0.8318 0.2148
vn 0.7531 -0.6355 -0.1703
vn 0.5198 -0.6034 -0.6048
vn 0.3902 0.6511 -0.6511
vn 0.3902 0.8894 0.2383
vn 0.3902 0.2383 0.8894
vn 0.3902 -0.6511 0.6511
vn 0.3902 -0.8894 -0.2383
vn 0.3902 -0.2383 -0.8894
vn -0.0000 0.3827 -0.9239
vn -0.0000 -0.3827 -0.9239
vn -0.0000 -0.9239 -0.3827
vn -0.0000 -0.9239 0.3827
vn -0.0000 -0.3827 0.9239
vn -0.0000 0.3827 0.9239
vn -0.0000 0.9239 0.3827
vn -0.0000 0.9239 -0.3827
vn 0.4830 0.6192 -0.6192
vn 0.4830 0.8458 -0.2266
vn 0.4830 0.8458 0.2266
vn 0.4830 0.6192 0.6192
vn 0.4830 0.2266 0.8458
vn 0.4830 -0.2266 0.8458
vn 0.4830 -0.6192 0.6192
vn 0.4830 -0.8458 0.2266
vn 0.4830 -0.8458 -0.2266
vn 0.4830 -0.6192 -0.6192
vn 0.4830 -0.2266 -0.8458
vn 0.4830 0.2266 -0.8458
vn -0.6885 0.7006 0.1877
vn -0.6885 0.7006 -0.1877
vn -0.6885 0.5128 -0.5128
vn -0.6885 0.1877 -0.7006
vn -0.6885 -0.1877 -0.7006
vn -0.6885 -0.5128 -0.5128
vn -0.6885 -0.7006 -0.1877
vn -0.6885 -0.7006 0.1877
vn -0.6885 -0.5128 0.5128
vn -0.6885 -0.1877 0.7006
vn -0.6885 0.1877 0.7006
vn -0.6885 0.5128 0.5128
vn -0.9894 -0.1027 0.1027
vn -0.9828 -0.1305 -0.1305
vn -0.9816 0.1351 -0.1351
vn -0.9894 0.1403 -0.0376
vn -0.9894 0.1403 0.0376
vn -0.9894 0.1027 0.1027
vn -0.9894 0.0376 0.1403
vn -0.9894 -0.0376 0.1403
vn -0.9691 -0.2324 0.0829
vn -0.9649 -0.2442 -0.0968
vn -0.9664 -0.0872 -0.2417
vn -0.9691 0.0828 -0.2324
vn -0.9384 0.3273 0.1109
vn -0.9478 0.2396 0.2104
vn 0.0009 -0.9659 0.2588
vn 0.0009 -0.7071 0.7071
vn 0.0009 -0.2588 0.9659
vn 0.0009 0.2588 0.9659
vn 0.0009 0.7071 0.7071
vn 0.0009 0.9659 0.2588
vn 0.0009 0.9659 -0.2588
vn 0.0009 0.7071 -0.7071
vn 0.0009 0.2588 -0.9659
vn 0.0009 -0.2588 -0.9659
vn 0.0009 -0.7071 -0.7071
vn 0.0009 -0.9659 -0.2588
vn -0.7479 -0.1680 -0.6422
vn -0.5119 0.2148 -0.8318
vn -0.7460 0.4747 -0.4670
vn -0.5143 0.8311 -0.2118
vn -0.7469 0.6410 0.1769
vn -0.5105 0.6014 0.6146
vn -0.7465 0.1661 0.6443
vn -0.5104 -0.2316 0.8281
vn -0.7499 -0.4663 0.4694
vn -0.5118 -0.8318 0.2148
vn -0.7479 -0.6401 -0.1759
vn -0.5198 -0.6034 -0.6048
vn -0.3902 0.6511 -0.6511
vn -0.3902 0.8894 0.2383
vn -0.3902 0.2383 0.8894
vn -0.3902 -0.6511 0.6511
vn -0.3902 -0.8894 -0.2383
vn -0.3902 -0.2383 -0.8894
vn -0.0000 0.8483 -0.5295
vn 0.2023 -0.9790 0.0261
vn -0.9868 -0.1593 0.0306
vn -0.2024 0.9790 0.0261
vn 0.9868 0.1593 0.0306
vn 0.7011 0.2476 -0.6687
vn 0.0563 0.9984 -0.0000
vn 0.7107 0.2524 0.6566
vn 0.8340 -0.5517 -0.0000
vn 0.9424 0.3346 -0.0000
vn -0.3088 -0.0255 -0.9508
vn 0.8660 -0.0000 -0.5000
vn 0.7032 -0.0247 0.7105
vn -0.8224 -0.0418 0.5674
vn 0.6691 -0.0171 -0.7429
vn 0.7640 -0.0250 0.6447
vn -0.6690 -0.0245 0.7428
vn -0.7640 0.0270 -0.6447
vn 0.0874 -0.9962 -0.0000
vn 0.0851 -0.4851 0.8703
vn 0.0851 0.4851 0.8703
vn 0.0874 0.9962 -0.0000
vn 0.0851 0.4851 -0.8703
vn 0.0851 -0.4851 -0.8703
vn -0.9938 -0.1110 -0.0000
vn -0.2030 -0.0861 0.9754
vn 0.9290 -0.3321 0.1634
vn -0.9938 0.1110 -0.0000
vn -0.2040 0.0863 -0.9752
vn 0.9287 0.3305 -0.1680
vn 0.5956 -0.0000 -0.8033
vn 0.6587 0.7524 -0.0000
vn 0.5956 -0.0000 0.8033
vn 0.6587 -0.7524 -0.0000
vn -0.0101 0.6828 -0.7306
vn -0.8623 0.0134 -0.5062
vn 0.0126 -0.7960 -0.6051
vn 0.8302 0.0121 -0.5574
vn -0.6691 -0.0171 -0.7429
vn -0.7640 -0.0250 0.6447
vn 0.6690 -0.0245 0.7428
vn 0.7640 0.0270 -0.6447
vn -0.7011 0.2476 -0.6687
vn -0.0563 0.9984 -0.0000
vn -0.7011 0.2476 0.6687
vn -0.8340 -0.5517 -0.0000
vn -0.9424 0.3346 -0.0000
vn 0.0133 0.9990 -0.0423
vn 0.0133 -0.9990 0.0419
vn 0.9983 -0.0098 0.0570
vn -0.9904 0.0216 -0.1367
vn -0.9413 0.0172 -0.3372
vn 0.0051 0.0007 -1.0000
vn 0.0101 0.6829 -0.7304
vn 0.8622 0.0134 -0.5064
vn 0.0097 -0.7147 -0.6994
vn -0.7545 -0.0138 -0.6561
vn 0.0062 0.0005 -1.0000
vn 0.0101 0.6829 -0.7305
vn -0.0000 -0.7080 0.7062
vn -0.7100 -0.0398 0.7031
vn 0.7071 -0.7071 -0.0000
vn -0.0003 -0.7132 -0.7009
vn 0.7071 -0.0000 -0.7071
vn -0.6656 0.2388 0.7071
vn 0.6800 0.2423 0.6921
vn -0.6800 0.2423 -0.6921
vn 0.6656 0.2388 -0.7071
vn -0.5758 0.8176 -0.0000
vn -0.0000 0.7219 0.6920
vn 0.5782 0.8159 -0.0000
vn -0.0002 0.7191 -0.6949
vn -0.0000 -0.0001 1.0000
vn -0.7024 -0.0000 -0.7118
vn -0.9415 0.3369 -0.0000
vn -0.9160 -0.2686 0.2981
vn 0.5773 -0.5773 0.5774
vn -0.5977 -0.5594 -0.5743
vn 0.5773 -0.5774 -0.5774
vn -0.4774 0.6779 0.5591
vn 0.4774 0.6779 0.5591
vn 0.4809 0.6731 -0.5618
vn -0.4774 0.6779 -0.5591
vn -1.0000 -0.0000 0.0001
vn -0.0000 0.6874 0.7263
vn -0.4216 -0.1502 0.8943
vn -0.0000 -0.6874 0.7263
vn 0.4216 -0.1502 0.8943
vn -0.0000 0.7389 0.6738
vn 0.6565 0.7543 -0.0000
vn -0.0002 0.7388 -0.6739
vn -0.6563 0.7545 -0.0000
vn 0.9812 0.1893 0.0383
vn 0.9855 0.1648 -0.0405
vn 0.6684 -0.0513 0.7420
vn 0.7013 0.1280 0.7013
vn -0.8852 -0.4652 0.0005
vn -0.6758 -0.0000 -0.7370
vn -0.0000 0.5528 -0.8333
vn 0.6758 -0.0000 -0.7371
vn 0.6758 -0.0000 -0.7370
vn -0.0000 -0.9997 0.0224
vn -0.3595 0.9109 -0.2027
vn 0.9214 0.3885 -0.0000
vn -0.9302 -0.2857 -0.2306
vn 0.9326 -0.2864 -0.2198
vn 0.0085 0.9938 -0.1105
vn -0.0000 -0.9946 0.1038
vn -0.0779 0.0313 -0.9965
vn 0.2595 0.8199 -0.5103
vn 0.2595 0.8199 0.5103
vn -0.0779 0.0313 0.9965
vn -0.3999 -0.7619 0.5094
vn -0.3999 -0.7620 -0.5094
vn 0.9281 -0.3725 -0.0000
vn 0.3589 0.8334 0.4203
vn 0.9219 -0.3700 -0.1151
vn 0.5733 0.8143 -0.0908
vn -0.8015 0.4864 -0.3480
vn -0.3949 -0.9169 -0.0578
vn 0.9219 -0.3700 0.1151
vn -0.3949 -0.9169 0.0578
vn -0.8529 0.3423 0.3943
vn 0.3949 0.9169 0.0578
vn -0.5956 -0.0000 -0.8033
vn -0.6587 0.7524 -0.0000
vn -0.5956 -0.0000 0.8033
vn -0.6587 -0.7524 -0.0000
vn -0.9670 0.0235 0.2538
vn -0.0803 -0.0319 0.9963
vn 0.9780 -0.0171 -0.2080
vn -0.0000 -0.9783 0.2070
vn -0.2615 -0.7715 0.5800
vn -0.0731 -0.0702 0.9949
vn -0.0385 0.0624 0.9973
vn 0.2669 0.0896 0.9596
vn -0.0132 0.2074 0.9782
vn -0.3248 0.1848 0.9276
vn -0.3770 0.0975 0.9211
vn 0.2337 -0.1772 0.9560
vn -0.1040 -0.2029 0.9737
vn -0.1314 -0.1788 0.9751
vn -0.0380 -0.0190 0.9991
vn -0.2725 0.1971 0.9417
vn -0.0977 0.4466 0.8894
vn -0.1240 0.0684 0.9899
vn -0.5210 -0.5125 0.6826
vn -0.7155 -0.6950 -0.0718
vn -0.8647 -0.4992 0.0548
vn -0.8655 -0.1514 0.4775
vn -0.6336 0.0506 0.7720
vn -0.8669 0.2020 0.4557
vn 0.9396 -0.2030 -0.2756
vn 0.7053 -0.2577 -0.6604
vn -0.8856 0.1269 0.4468
vn -0.9062 -0.0052 0.4229
vn -0.7226 -0.2046 0.6603
vn -0.8252 -0.0767 0.5596
vn -0.9074 -0.2259 0.3544
vn -0.9274 -0.0976 0.3610
vn -0.9042 0.1120 0.4121
vn -0.9639 0.0801 0.2541
vn -0.9673 0.0698 0.2440
vn -0.6022 0.5988 0.5281
vn -0.6734 0.1597 0.7218
vn -0.8660 0.5000 0.0032
vn -0.8746 0.2114 -0.4363
vn -0.6085 0.0979 -0.7875
vn -0.8438 0.0496 -0.5344
vn -0.8517 -0.0013 -0.5240
vn -0.7901 0.0878 -0.6066
vn -0.8912 0.2347 -0.3881
vn -0.8035 0.2273 -0.5501
vn -0.8111 0.1904 -0.5530
vn -0.8146 0.0816 -0.5742
vn -0.8447 -0.1172 -0.5222
vn -0.7398 -0.1825 -0.6477
vn -0.7270 -0.3168 -0.6091
vn -0.7586 -0.2285 -0.6102
vn -0.6897 0.0979 -0.7174
vn -0.7317 0.5145 -0.4472
vn 0.3337 0.6340 0.6976
vn -0.0000 0.9965 0.0833
vn 0.3674 0.6126 -0.6999
vn -0.1631 0.2584 -0.9522
vn 0.0726 0.0655 -0.9952
vn 0.0383 -0.0632 -0.9973
vn -0.5478 -0.1035 -0.8302
vn 0.0510 -0.0275 -0.9983
vn 0.0868 0.0982 -0.9914
vn 0.1023 0.1940 -0.9756
vn 0.0997 0.2192 -0.9706
vn -0.0387 0.1739 -0.9840
vn -0.2117 0.0437 -0.9764
vn -0.2520 -0.1741 -0.9519
vn 0.5652 -0.0991 -0.8190
vn 0.2722 -0.4270 -0.8623
vn 0.3367 -0.3034 -0.8914
vn -0.0937 0.0406 -0.9948
vn 0.4378 0.3087 -0.8444
vn 0.5496 0.7648 -0.3361
vn 0.8269 0.5528 -0.1031
vn 0.8432 0.4868 0.2283
vn 0.8686 0.0597 -0.4919
vn 0.9490 -0.1609 -0.2711
vn 0.9061 0.0043 -0.4230
vn 0.9111 0.1327 -0.3903
vn -0.8884 -0.2665 0.3738
vn 0.7443 0.1888 -0.6406
vn 0.7283 -0.0413 -0.6840
vn 0.9111 -0.1059 -0.3983
vn 0.9664 -0.0770 -0.2453
vn 0.9477 -0.2830 -0.1477
vn 0.4906 -0.7250 -0.4835
vn 0.6032 -0.2380 -0.7612
vn 0.8289 -0.4786 0.2895
vn 0.8460 -0.2636 0.4635
vn 0.6174 -0.3303 0.7139
vn 0.6290 -0.1777 0.7568
vn 0.8837 -0.1662 0.4375
vn 0.8528 0.0113 0.5221
vn 0.8301 -0.1211 0.5443
vn 0.8044 -0.2163 0.5532
vn 0.8111 -0.1905 0.5530
vn 0.6908 -0.1224 0.7126
vn 0.8866 0.1349 0.4424
vn 0.7380 0.1783 0.6508
vn 0.7247 0.3153 0.6127
vn 0.5576 -0.0667 0.8275
vn 0.4262 -0.7769 0.4634
vn -0.4428 -0.6825 -0.5815
vn 0.8796 0.4679 -0.0859
vn -0.3116 -0.9439 0.1092
vn -0.9258 0.2666 -0.2680
vn -0.0652 -0.0290 0.9974
vn -0.0043 0.0047 1.0000
vn -0.0090 -0.0030 1.0000
vn -0.0174 0.0026 0.9998
vn -0.5140 -0.8549 0.0706
vn 0.5700 -0.8136 -0.1145
vn -0.0244 -0.9963 -0.0819
vn 0.9973 0.0016 -0.0732
vn -0.9973 0.0015 0.0730
vn 0.5846 0.8080 0.0738
vn -0.5561 0.8292 -0.0561
vn -0.0248 0.9960 -0.0858
vn -0.9974 -0.0016 -0.0717
vn 0.9974 -0.0015 0.0719
vn -0.0000 -0.2514 0.9679
vn -0.0000 0.2514 -0.9679
vn -0.0000 0.5406 0.8413
vn -0.0000 0.8817 -0.4718
vn -0.0000 0.9679 0.2514
vn -0.0000 -0.8255 -0.5644
vn -0.0000 -0.9716 0.2367
vn 0.9904 0.1054 0.0893
vn 0.0275 0.3712 -0.9282
vn -0.0000 -0.6842 -0.7293
vn 0.5402 0.0287 -0.8411
vn -0.5931 0.1323 -0.7942
vn -0.0027 -0.2504 0.9681
vn -0.0057 0.0006 -1.0000
vn -0.0272 -0.7670 0.6411
vn 0.7457 -0.1675 0.6449
vn -0.0000 0.7285 0.6851
vn 0.9936 -0.1117 0.0140
vn 0.5402 0.3593 -0.7610
vn -0.0000 0.0882 -0.9961
vn -0.6523 0.1889 -0.7340
vn 0.3966 -0.3278 0.8575
vn 0.0163 -0.2397 0.9707
vn -0.7485 -0.1768 0.6391
vn -0.0000 0.1187 -0.9929
vn -0.0000 0.0002 1.0000
vn 0.0790 -0.7399 0.6680
vn -1.0000 0.0004 -0.0015
vn -0.0055 0.2514 -0.9679
vn 0.0454 -0.7145 -0.6982
vn 0.6781 0.1848 -0.7113
vn -0.6552 0.1985 -0.7289
vn -0.0136 -0.2535 0.9672
vn 0.0613 -0.9367 0.3448
vn 0.6058 -0.2001 0.7701
vn -0.0087 0.6578 0.7532
vn -0.4834 -0.1828 0.8561
vn -0.0715 -0.7731 0.6303
vn 0.0085 0.3085 -0.9512
vn -0.0274 -0.3669 -0.9299
vn -0.0000 -0.8331 0.5531
vn 0.5277 0.8440 0.0956
vn -0.5460 0.8378 -0.0000
vn -0.9950 -0.0254 -0.0963
vn 0.9973 -0.0015 0.0732
vn -0.5267 -0.8425 0.1126
vn 0.5570 -0.8305 -0.0000
vn 0.9986 0.0239 -0.0468
vn -0.9974 0.0015 0.0717
vn -0.0000 -0.3797 0.9251
vn -0.0000 0.3797 -0.9251
vn -0.0000 -0.9373 0.3485
vn -0.0000 0.7854 0.6190
vn -0.0000 -0.4222 -0.9065
vn -0.0000 -0.9251 -0.3797
vn -0.0014 0.9992 0.0409
vn -0.0000 0.6352 0.7724
vn -0.9999 0.0079 0.0129
vn -0.0058 -0.3784 0.9256
vn -0.0000 0.3742 -0.9274
vn -0.0017 0.9803 -0.1973
vn -0.6443 0.3050 -0.7013
vn -0.0019 0.7836 0.6213
vn 0.6772 0.3044 -0.6699
vn 0.9410 0.3385 -0.0021
vn 0.0008 0.5388 0.8425
vn -0.6529 -0.3021 0.6946
vn -0.0074 -0.8284 0.5601
vn 0.6423 -0.2843 0.7118
vn 0.6871 -0.2763 0.6720
vn 0.5979 0.2985 -0.7439
vn -0.0001 -0.3797 0.9251
vn -0.0000 -0.9644 -0.2646
vn -0.0989 0.2839 0.9537
vn 0.0589 0.3790 -0.9235
vn -0.1086 0.8534 -0.5097
vn -0.6781 0.2790 -0.6799
vn -0.0050 0.0008 -1.0000
vn 0.6556 0.2786 -0.7018
vn -0.0000 0.9990 0.0440
vn 0.0060 -0.3808 0.9246
vn 0.0105 0.3297 0.9440
vn -0.6076 -0.3454 0.7152
vn 0.5905 -0.3037 0.7478
vn -0.0000 0.7863 0.6179
vn -0.0200 -0.8851 0.4650
vn 0.0387 0.3609 0.9318
vn -0.0212 0.3725 -0.9278
vn 0.0386 0.8615 -0.5064
vn 0.0002 -1.0000 0.0002
vn 0.0779 0.0313 -0.9965
vn -0.2595 0.8199 -0.5103
vn -0.2644 0.8062 0.5293
vn 0.0779 0.0312 0.9965
vn 0.4016 -0.7066 0.5826
vn 0.3999 -0.7620 -0.5094
vn -0.9281 -0.3724 -0.0000
vn 0.9280 0.3725 -0.0000
vn 0.3505 -0.8138 0.4635
vn -0.9219 -0.3700 -0.1151
vn 0.8015 0.4864 -0.3480
vn 0.3949 -0.9169 -0.0578
vn -0.9673 -0.1845 0.1740
vn 0.8848 0.1675 0.4348
vn -0.3949 0.9169 0.0578
vn -0.0603 -0.5322 0.8444
vn -0.0851 0.4851 0.8703
vn -0.0603 0.5323 -0.8444
vn -0.0851 -0.4851 -0.8703
vn -0.9988 -0.0487 -0.0079
vn -0.9985 0.0540 -0.0015
vn -0.0000 0.3985 0.9172
vn -0.0000 -0.3981 -0.9173
vn 0.9661 -0.1686 0.1955
vn 0.2030 -0.0861 0.9754
vn -0.8883 -0.4221 -0.1809
vn 0.9661 0.1686 -0.1955
vn 0.2040 0.0863 -0.9752
vn -0.8883 0.4221 0.1809
vn 0.0247 0.9996 -0.0128
vn 0.7928 0.0852 -0.6035
vn -0.6138 -0.2623 -0.7446
vn 0.6077 -0.1001 0.7879
vn 0.7679 -0.0042 -0.6405
vn -0.4064 0.6659 -0.6256
vn -0.0030 -0.3880 0.9217
vn -0.0019 -0.9999 -0.0128
vn -0.7676 0.0185 0.6406
vn -0.0434 0.9952 -0.0878
vn 0.7520 0.0287 -0.6585
vn -0.2901 -0.9223 -0.2553
vn -0.5913 -0.2486 0.7672
vn 0.5105 0.4397 0.7390
vn 0.8194 -0.0409 -0.5717
vn -0.5208 -0.6052 -0.6020
vn -0.8830 0.1335 0.4500
vn 0.3701 0.8521 0.3702
vn 0.7477 0.0878 -0.6582
vn 1.0000 -0.0020 -0.0028
vn 1.0000 -0.0000 0.0005
vn 1.0000 0.0004 0.0009
vn 1.0000 -0.0000 0.0030
vn -0.0000 0.9595 -0.2818
vn -0.0001 0.9593 0.2825
vn 0.4383 0.4408 0.7834
vn 0.7105 0.3999 0.5790
vn -0.0000 -0.9644 0.2646
vn -0.9146 0.1134 0.3882
vn -0.9356 0.0418 -0.3505
vn 0.9402 0.0404 0.3383
vn 0.9046 0.1496 -0.3992
vn 0.0080 0.1840 0.9829
vn -0.0083 0.2726 -0.9621
vn 0.9426 -0.2015 -0.2662
vn 0.9366 -0.2067 0.2831
vn -0.5565 0.4767 0.6804
vn -0.5565 0.4768 -0.6805
vn 0.0821 -0.9961 -0.0311
vn 0.0820 -0.9961 0.0310
vn 0.2839 -0.5657 -0.7742
vn 0.1050 -0.9945 0.0028
vn -0.0000 -0.5855 0.8107
vn -0.0259 -0.5982 -0.8009
vn 0.0092 -1.0000 0.0012
vn -0.0259 -0.5992 0.8002
vn -0.9898 0.0828 0.1159
vn -0.0187 0.5741 -0.8186
vn -1.0000 0.0002 -0.0001
vn -1.0000 0.0004 0.0009
vn -1.0000 -0.0000 0.0005
vn -1.0000 -0.0000 0.0030
vn -0.0075 0.0057 1.0000
vn 0.0064 -0.0019 1.0000
vn -0.0000 -0.0475 0.9989
vn 1.0000 -0.0000 -0.0033
vn -0.0000 -0.9980 -0.0631
vn 0.9960 0.0260 -0.0853
vn -0.9977 -0.0022 -0.0678
vn 0.9300 0.0074 0.3674
vn -0.0000 -1.0000 -0.0054
vn -0.8966 -0.0282 0.4420
vn 0.9765 0.0009 -0.2154
vn -0.9747 -0.0033 -0.2233
vn 0.0017 -0.9997 0.0232
vn 0.7829 0.0097 0.6221
vn -0.0001 -0.8255 -0.5644
vn -0.0000 -0.8254 -0.5645
vn -0.0057 -0.1448 -0.9894
vn 0.0156 0.9881 0.1527
vn 0.0157 -0.9879 -0.1541
vn -0.9984 0.0081 -0.0558
vn 0.9904 0.0216 -0.1367
vn 0.0105 0.7590 -0.6510
vn -0.7857 -0.0136 -0.6185
vn -0.0097 -0.7147 -0.6994
vn 0.7544 -0.0138 -0.6562
vn -0.0000 -0.0001 -1.0000
vn 0.0004 0.0004 -1.0000
vn -0.0001 0.0056 -1.0000
vn 0.0042 0.0007 -1.0000
vn 0.0058 0.0005 -1.0000
vn -0.0000 -0.0030 -1.0000
vn 0.0003 -0.0051 -1.0000
vn 0.0001 0.0045 -1.0000
vn 0.4949 -0.8686 -0.0265
vn 0.8952 0.4446 -0.0308
vn -0.4949 0.8685 -0.0265
vn -0.8952 -0.4445 -0.0308
vn 1.0000 -0.0005 -0.0014
vn -0.9351 -0.2082 -0.2868
vn -0.9365 -0.2069 0.2831
vn -0.9634 -0.1648 -0.2116
vn -0.9584 -0.2855 0.0009
vn 0.5898 0.4660 0.6595
vn 0.5565 0.4768 -0.6805
vn -0.0820 -0.9961 0.0310
vn -0.2837 -0.5667 -0.7736
vn -0.0408 -0.9981 -0.0461
vn -0.0095 -0.5842 -0.8116
vn -0.0079 -1.0000 -0.0000
vn 0.0259 -0.5991 0.8002
vn 0.9898 0.0828 0.1159
vn 0.9898 0.0828 -0.1159
vn 0.0187 0.5741 0.8186
vn 0.0187 0.5741 -0.8186
vn 0.6885 0.7006 0.1877
vn 0.7055 0.6864 -0.1766
vn 0.6885 -0.1877 0.7006
vn 0.6972 0.1856 0.6925
vn 0.9778 -0.1294 0.1646
vn 0.9802 -0.1946 -0.0362
vn 0.9814 -0.1393 -0.1322
vn 0.9809 0.0351 -0.1912
vn 0.9816 0.1351 -0.1351
vn 0.9894 0.1403 -0.0376
vn 0.9782 0.2053 0.0301
vn 0.9894 0.1027 0.1027
vn 0.9782 0.0766 0.1928
vn 0.9894 -0.0376 0.1403
vn 0.9691 -0.2324 0.0829
vn 0.9668 -0.0869 -0.2403
vn 0.9494 0.2965 -0.1034
vn 0.9478 0.2396 0.2105
vn 0.9457 -0.0621 0.3189
vn 0.7479 -0.1680 -0.6422
vn 0.7460 0.4747 -0.4670
vn 0.7469 0.6410 0.1769
vn 0.7465 0.1661 0.6443
vn 0.7524 -0.4658 0.4658
vn 0.7479 -0.6401 -0.1759
vn -0.7055 0.6864 0.1766
vn -0.7055 0.6864 -0.1766
vn -0.7055 -0.1766 0.6864
vn -0.7055 0.1766 0.6864
vn -0.9778 -0.1294 0.1646
vn -0.9809 -0.1911 0.0353
vn -0.9802 -0.1946 -0.0362
vn -0.9814 -0.1393 -0.1322
vn -0.9787 -0.0380 -0.2018
vn -0.9809 0.0353 -0.1911
vn -0.9793 0.1487 -0.1372
vn -0.9821 0.1855 -0.0324
vn -0.9782 0.2053 0.0301
vn -0.9806 0.1239 0.1518
vn -0.9782 0.0766 0.1928
vn -0.9806 -0.0695 0.1832
vn -0.9365 -0.2635 0.2316
vn -0.9494 0.2965 -0.1034
vn -0.9354 0.0670 0.3473
vn -0.9457 -0.0621 0.3189
vn -0.7524 -0.1705 -0.6363
vn -0.7524 0.4658 -0.4658
vn -0.7531 0.6355 0.1703
vn -0.7543 0.1699 0.6342
vn -0.7524 -0.4658 0.4658
vn -0.7531 -0.6355 -0.1703
vn -0.4949 -0.8686 -0.0265
vn -0.8952 0.4446 -0.0308
vn 0.4949 0.8685 -0.0265
vn 0.8952 -0.4445 -0.0308
vn 0.7107 0.2524 -0.6566
vn 0.7011 0.2476 0.6687
vn 0.7032 0.0247 -0.7105
vn 0.8660 -0.0000 0.5000
vn -0.3088 0.0255 0.9508
vn -0.8224 0.0418 -0.5674
vn 0.9238 0.0382 -0.3810
vn -0.1319 0.0449 0.9902
vn -0.7922 0.0202 -0.6099
vn 0.0603 -0.5322 0.8444
vn 0.0756 0.5034 0.8607
vn 0.0603 0.5323 -0.8444
vn 0.0759 -0.5028 -0.8610
vn 0.9988 -0.0487 -0.0079
vn 0.9985 0.0540 -0.0015
vn -0.9661 -0.1686 0.1955
vn 0.8883 -0.4221 -0.1809
vn -0.9661 0.1686 -0.1955
vn 0.8883 0.4221 0.1809
vn -0.0000 0.0004 -1.0000
vn -0.0005 -0.0002 -1.0000
vn 0.0001 0.0056 -1.0000
vn 0.0054 0.0006 -1.0000
vn 0.0052 0.0006 -1.0000
vn -0.0001 -0.0040 -1.0000
vn -0.0001 -0.0037 -1.0000
vn -0.0001 0.0045 -1.0000
vn -0.0097 -0.7148 -0.6993
vn -0.0000 0.0040 -1.0000
vn -0.0054 0.0006 -1.0000
vn -0.0062 0.0005 -1.0000
vn 0.0001 -0.0037 -1.0000
vn 0.0001 -0.0040 -1.0000
vn 0.0003 0.0069 -1.0000
vn -0.9238 0.0382 -0.3810
vn 0.1319 0.0449 0.9902
vn 0.7922 0.0202 -0.6099
vn -0.7107 0.2523 -0.6566
vn -0.7107 0.2524 0.6566
vn -0.0156 0.9881 0.1527
vn -0.0157 -0.9879 -0.1541
vn 0.9984 0.0081 -0.0558
vn -0.9904 -0.0233 0.1363
vn -0.9552 -0.0150 0.2957
vn -0.0051 0.0007 -1.0000
vn -0.0047 0.0007 -1.0000
vn -0.0003 0.0069 -1.0000
vn -0.0001 -0.0039 -1.0000
vn 0.0047 0.0007 -1.0000
vn -0.0105 0.7591 -0.6509
vn 0.7856 -0.0136 -0.6185
vn -0.0126 -0.7959 -0.6053
vn -0.8302 0.0121 -0.5573
vn -0.7714 -0.0305 0.6356
vn -0.6800 0.2423 0.6921
vn 0.6700 0.2399 0.7026
vn -0.6656 0.2388 -0.7071
vn 0.6800 0.2423 -0.6921
vn 0.5758 0.8176 -0.0000
vn -0.0000 0.7219 -0.6920
vn -0.0001 -0.0009 1.0000
vn -0.0001 -0.0010 1.0000
vn -0.7071 0.0004 -0.7071
vn 0.0002 -1.0000 -0.0002
vn -0.0002 -1.0000 0.0002
vn 0.6564 0.7544 -0.0000
vn -0.0003 0.7390 -0.6737
vn -0.9107 0.0306 0.4120
vn 0.7131 -0.0434 0.6997
vn 0.6263 0.0941 0.7739
vn -0.7415 -0.6709 0.0070
vn 0.0001 -1.0000 -0.0000
vn -0.9013 0.3800 0.2082
vn 0.8936 0.4357 0.1082
vn -0.0025 0.9459 0.3246
vn 0.0021 -0.9810 0.1940
vn 0.2714 0.7849 -0.5570
vn 0.2644 0.8062 0.5293
vn -0.0779 0.0312 0.9965
vn -0.4016 -0.7066 0.5826
vn -0.4016 -0.7066 -0.5826
vn 0.9281 -0.3724 -0.0000
vn -0.9502 0.3090 0.0400
vn -0.9489 0.3155 -0.0000
vn -0.9280 0.3725 -0.0000
vn -0.3505 -0.8138 0.4635
vn -0.3505 -0.8138 -0.4636
vn 0.9673 -0.1845 -0.1740
vn -0.8848 0.1675 -0.4348
vn 0.9673 -0.1845 0.1740
vn -0.8848 0.1675 0.4348
vn -0.2637 0.0247 -0.9643
vn -0.9670 -0.0235 -0.2538
vn 0.3088 0.0171 0.9510
vn 0.9406 -0.0000 -0.3394
vn 0.4698 -0.7291 0.4977
vn 0.0012 -0.9788 0.2050
vn -0.0941 -0.2984 0.9498
vn -0.0634 -0.0711 0.9955
vn 0.2540 0.0190 0.9670
vn -0.0219 0.1517 0.9882
vn -0.3191 0.2436 0.9159
vn -0.1949 0.1677 0.9664
vn 0.1916 -0.0267 0.9811
vn -0.0835 -0.0998 0.9915
vn -0.0229 -0.2086 0.9777
vn -0.1882 -0.1880 0.9640
vn -0.2383 -0.0549 0.9696
vn -0.2945 0.1889 0.9368
vn -0.0975 0.4467 0.8894
vn -0.4493 0.2960 0.8429
vn -0.4434 -0.0112 0.8963
vn -0.4044 -0.5631 0.7207
vn -0.8180 -0.5697 0.0801
vn -0.8658 -0.4967 0.0597
vn -0.8997 -0.3114 0.3058
vn -0.9760 0.0166 0.2170
vn -0.8668 0.2020 0.4559
vn -0.8687 0.1896 0.4576
vn -0.8695 0.1883 0.4566
vn -0.9358 0.2039 0.2876
vn 0.7106 -0.2129 -0.6706
vn 0.8495 -0.2009 -0.4879
vn 0.9564 -0.1897 -0.2223
vn 0.7505 -0.1528 -0.6430
vn 0.8612 -0.2381 -0.4490
vn 0.9441 -0.2457 -0.2198
vn 0.8578 -0.2536 -0.4471
vn -0.8877 0.1276 0.4424
vn -0.7749 -0.0455 0.6304
vn -0.8584 -0.1596 0.4875
vn -0.7886 0.0201 0.6146
vn -0.9042 -0.2257 0.3626
vn -0.9212 -0.0934 0.3777
vn -0.9772 -0.0304 0.2103
vn -0.8733 0.3435 0.3455
vn -0.8655 0.5009 0.0012
vn -0.7580 0.2675 -0.5949
vn -0.8617 0.1958 -0.4682
vn -0.8296 0.1368 -0.5413
vn -0.8450 0.0500 -0.5324
vn -0.8076 -0.0154 -0.5895
vn -0.9411 0.1863 -0.2822
vn -0.8115 0.1980 -0.5498
vn -0.8042 0.2274 -0.5491
vn -0.8097 0.1906 -0.5551
vn -0.7624 0.0943 -0.6402
vn -0.7673 -0.0880 -0.6353
vn -0.7721 -0.1943 -0.6050
vn -0.7705 -0.3188 -0.5520
vn 0.9215 0.2628 -0.2860
vn 0.9541 0.2458 -0.1709
vn -0.7262 -0.2484 -0.6410
vn -0.8715 0.1949 -0.4500
vn 0.0167 0.9474 0.3195
vn 0.2803 0.5988 0.7503
vn -0.0039 0.9959 0.0903
vn -0.1993 0.7021 -0.6836
vn 0.0927 0.2823 -0.9548
vn 0.0626 0.0664 -0.9958
vn -0.2341 -0.0232 -0.9719
vn 0.2622 -0.1829 -0.9475
vn 0.0285 -0.1274 -0.9914
vn 0.0534 -0.0280 -0.9982
vn 0.0833 0.0991 -0.9916
vn 0.0975 0.1949 -0.9760
vn 0.0773 0.2202 -0.9724
vn 0.2943 0.2085 -0.9327
vn 0.5165 0.1251 -0.8471
vn -0.0512 -0.4538 -0.8896
vn 0.5343 -0.2315 -0.8130
vn 0.1631 0.5657 -0.8083
vn 0.6803 0.6349 -0.3662
vn 0.8428 0.4871 0.2291
vn 0.8994 0.3800 -0.2159
vn 0.8273 0.0931 -0.5541
vn 0.9421 -0.1504 -0.2999
vn 0.8849 -0.1412 -0.4439
vn 0.9071 0.0039 -0.4209
vn 0.9536 0.1040 -0.2827
vn 0.8192 0.2507 -0.5158
vn -0.9280 -0.2562 0.2706
vn 0.9607 0.1997 -0.1928
vn 0.9895 0.0987 -0.1057
vn 0.9484 -0.0990 -0.3011
vn 0.9177 -0.2360 -0.3196
vn 0.5752 -0.2851 -0.7668
vn 0.8285 -0.4788 0.2903
vn 0.6762 -0.5217 0.5201
vn 0.7867 -0.2552 0.5621
vn 0.8459 -0.0441 0.5315
vn 0.8533 0.0112 0.5214
vn 0.8304 -0.1213 0.5437
vn 0.8056 -0.2203 0.5499
vn 0.6523 -0.1987 0.7315
vn 0.6804 -0.1239 0.7223
vn 0.7685 0.0880 0.6337
vn 0.7734 0.1914 0.6044
vn 0.7911 0.3171 0.5231
vn 0.0117 -0.2328 0.9725
vn -0.0164 -0.2548 0.9669
vn -0.0063 -0.2376 0.9713
vn 0.8415 0.1839 0.5080
vn 0.7058 -0.1405 0.6944
vn 0.5229 -0.7953 0.3067
vn 0.1619 0.9868 0.0086
vn 0.9443 -0.2516 0.2122
vn 0.0838 -0.9964 0.0114
vn -0.8842 0.4207 -0.2030
vn -0.0090 0.0132 0.9999
vn -0.0038 0.0104 0.9999
vn 0.0066 0.0094 0.9999
vn -0.0015 0.0846 0.9964
vn 0.0056 -0.0011 1.0000
vn -0.5460 -0.8378 -0.0000
vn 0.5454 -0.8368 -0.0480
vn 0.9994 -0.0348 -0.0000
vn -0.9994 -0.0348 -0.0000
vn 0.5569 0.8305 -0.0000
vn -0.5711 0.8152 -0.0967
vn -0.9994 -0.0359 -0.0000
vn 0.9994 -0.0359 -0.0000
vn -0.0000 1.0000 -0.0049
vn 0.0086 -0.2136 0.9769
vn -0.9841 0.1355 0.1148
vn -0.0000 0.2072 -0.9783
vn 0.6847 0.1583 -0.7114
vn -0.6706 0.2127 -0.7107
vn -0.0051 -0.2514 0.9679
vn -0.0000 -0.2591 0.9659
vn 0.0007 -0.2505 0.9681
vn -0.0015 -0.9701 0.2428
vn 0.4151 -0.1333 0.9000
vn 0.6653 0.2278 -0.7110
vn 0.0315 0.2954 -0.9548
vn -0.5574 0.2876 -0.7788
vn -0.9916 -0.1283 0.0160
vn -0.0000 -0.2903 0.9569
vn -0.6595 -0.2117 0.7212
vn 0.0256 -0.0000 -0.9997
vn 0.0209 0.0019 -0.9998
vn -0.0268 -0.0057 -0.9996
vn -0.0128 -0.0000 -0.9999
vn 0.0019 0.0904 -0.9959
vn -0.7180 -0.3994 -0.5701
vn -0.6883 -0.4073 -0.6002
vn -1.0000 -0.0018 -0.0000
vn 0.0296 0.3051 -0.9518
vn 0.6556 0.1983 -0.7286
vn -0.6781 0.1848 -0.7113
vn -0.0000 -0.7992 0.6011
vn 0.6660 -0.2006 0.7185
vn -0.0208 0.4760 0.8792
vn -0.6941 -0.1784 0.6974
vn -0.0285 0.2513 -0.9675
vn 0.0001 -0.6841 -0.7294
vn -0.0000 -0.2363 0.9717
vn 0.0014 -0.2534 0.9674
vn -0.0422 -0.9376 0.3451
vn 0.5451 0.8364 0.0580
vn -0.5145 0.8547 -0.0694
vn -0.0252 0.9961 0.0844
vn -0.9976 0.0472 0.0500
vn 0.9994 0.0348 -0.0000
vn -0.5563 -0.8296 0.0485
vn 0.5841 -0.8084 -0.0725
vn -0.0256 -0.9958 0.0884
vn 0.9984 0.0255 -0.0500
vn -0.9994 0.0359 -0.0000
vn -0.0014 0.6492 0.7606
vn -0.0000 -0.3876 0.9218
vn 0.0048 0.3609 -0.9326
vn -0.0017 0.9804 -0.1970
vn -0.6790 0.2818 -0.6779
vn 0.0025 0.7899 0.6132
vn 0.0019 -0.3771 0.9262
vn 0.9415 0.3369 -0.0000
vn -0.0000 0.5284 0.8490
vn -0.5225 -0.3546 0.7754
vn -0.0444 -0.9768 0.2095
vn -0.9999 0.0002 -0.0100
vn -0.0001 -0.3798 0.9251
vn -0.0000 -0.3799 0.9250
vn -0.0128 -0.3797 0.9250
vn 0.0017 -0.3774 0.9261
vn -0.0000 -0.3961 0.9182
vn -0.0261 -0.9996 -0.0064
vn -0.0000 -1.0000 -0.0033
vn -0.0000 -0.9644 -0.2645
vn -0.8597 0.2452 0.4481
vn 0.0010 0.3277 -0.9448
vn -0.0000 0.9849 -0.1728
vn -0.6556 0.2786 -0.7018
vn -0.0065 0.0006 -1.0000
vn 0.6781 0.2791 -0.6799
vn -0.0082 -0.3797 0.9251
vn 0.0014 -0.3777 0.9259
vn 0.0011 -0.3919 0.9200
vn -0.0000 -0.3722 0.9282
vn -0.0008 -0.3808 0.9247
vn -0.0002 0.4643 0.8857
vn -0.4400 -0.3471 0.8282
vn 0.6004 -0.2989 0.7417
vn -0.0083 -0.9553 0.2957
vn -0.0126 0.3797 -0.9250
vn -0.2714 0.7849 -0.5570
vn -0.2595 0.8199 0.5103
vn 0.0779 0.0313 0.9965
vn 0.3999 -0.7619 0.5094
vn 0.4016 -0.7066 -0.5826
vn -0.9281 -0.3725 -0.0000
vn 0.9489 0.3155 -0.0000
vn 0.9502 0.3090 0.0400
vn -0.3589 0.8334 0.4203
vn 0.3505 -0.8138 -0.4636
vn -0.9673 -0.1845 -0.1740
vn -0.5733 0.8143 -0.0908
vn 0.8848 0.1675 -0.4348
vn -0.9219 -0.3700 0.1151
vn 0.3949 -0.9169 0.0578
vn 0.8529 0.3423 0.3943
vt 0.875000 0.875000
vt 0.375000 0.875000
vt 0.375000 0.375000
vt 0.875000 0.375000
vt 0.625000 0.875000
vt 0.625000 0.375000
vt 0.125000 0.875000
vt 0.125000 0.125000
s 0
usemtl ruins_hk_lamp
f 2/1/1 7/1/1 1/1/1
f 3/1/2 8/1/2 2/1/2
f 3/1/3 9/1/3 12/1/3
f 4/1/4 10/1/4 9/1/4
f 6/1/5 10/1/5 5/1/5
f 6/1/6 7/1/6 14/1/6
f 3/1/7 2/1/7 6/1/7
f 8/1/8 16/1/8 7/1/8
f 11/1/9 15/1/9 12/1/9
f 7/1/10 16/1/10 11/1/10
f 10/1/11 18/1/11 9/1/11
f 13/1/12 17/1/12 14/1/12
f 9/1/13 18/1/13 13/1/13
f 23/2/14 26/2/14 24/2/14
f 20/2/14 21/2/14 22/2/14
f 20/2/15 24/2/15 22/2/15
f 19/2/16 23/2/16 20/2/16
f 21/2/17 25/2/17 19/2/17
f 22/2/7 26/2/7 21/2/7
f 32/2/18 34/2/18 35/2/18
f 28/2/19 31/2/19 36/2/19
f 29/2/20 30/2/20 31/2/20
f 30/2/21 33/2/21 32/2/21
f 36/2/22 33/2/22 27/2/22
f 45/2/23 48/2/23 46/2/23
f 1214/3/24 1215/3/24 1213/3/24
f 31/2/25 38/2/25 36/2/25
f 31/2/26 39/2/26 37/2/26
f 35/2/27 40/2/27 39/2/27
f 36/2/28 40/2/28 34/2/28
f 37/2/29 42/2/29 38/2/29
f 39/2/30 41/2/30 37/2/30
f 39/2/31 44/2/31 43/2/31
f 40/2/32 42/2/32 44/2/32
f 41/2/33 46/2/33 42/2/33
f 41/2/34 47/2/34 45/2/34
f 44/2/35 47/2/35 43/2/35
f 44/2/36 46/2/36 48/2/36
f 53/1/14 55/1/14 54/1/14
f 53/1/17 51/1/17 52/1/17
f 789/4/37 739/4/37 785/4/37
f 61/1/14 60/1/14 62/1/14
f 50/1/15 60/1/15 59/1/15
f 55/1/38 57/1/38 58/1/38
f 50/1/39 57/1/39 56/1/39
f 62/1/17 57/1/17 61/1/17
f 72/1/14 75/1/14 77/1/14
f 73/1/40 76/1/40 75/1/40
f 72/1/41 77/1/41 74/1/41
f 1197/2/7 1195/2/7 1193/2/7
f 63/1/42 64/1/42 70/1/42
f 65/1/16 71/1/16 72/1/16
f 70/1/43 71/1/43 63/1/43
f 68/1/44 72/1/44 74/1/44
f 67/1/45 75/1/45 76/1/45
f 66/1/7 75/1/7 64/1/7
f 69/1/46 77/1/46 66/1/46
f 70/1/47 76/1/47 73/1/47
f 68/1/48 78/1/48 69/1/48
f 127/1/49 129/1/49 130/1/49
f 131/1/50 129/1/50 128/1/50
f 133/1/51 132/1/51 131/1/51
f 135/1/52 134/1/52 133/1/52
f 137/1/53 136/1/53 135/1/53
f 137/1/54 140/1/54 138/1/54
f 139/1/55 142/1/55 140/1/55
f 127/1/56 142/1/56 141/1/56
f 133/1/57 131/1/57 128/1/57
f 86/1/14 80/1/14 82/1/14
f 87/1/58 81/1/58 88/1/58
f 88/1/59 80/1/59 89/1/59
f 89/1/60 79/1/60 90/1/60
f 90/1/61 86/1/61 91/1/61
f 91/1/62 85/1/62 92/1/62
f 92/1/63 84/1/63 93/1/63
f 93/1/64 83/1/64 94/1/64
f 94/1/65 82/1/65 87/1/65
f 103/1/61 106/1/61 104/1/61
f 104/1/62 108/1/62 107/1/62
f 107/1/63 110/1/63 109/1/63
f 109/1/64 112/1/64 111/1/64
f 111/1/65 114/1/65 113/1/65
f 113/1/58 116/1/58 115/1/58
f 115/1/59 118/1/59 117/1/59
f 117/1/60 105/1/60 103/1/60
f 100/1/57 99/1/57 111/1/57
f 94/1/14 87/1/14 114/1/14
f 119/3/58 101/3/58 120/3/58
f 120/3/59 102/3/59 121/3/59
f 121/3/60 95/3/60 122/3/60
f 122/3/61 96/3/61 123/3/61
f 123/3/62 97/3/62 124/3/62
f 124/3/63 98/3/63 125/3/63
f 125/3/64 99/3/64 126/3/64
f 126/3/65 100/3/65 119/3/65
f 798/4/66 831/4/66 832/4/66
f 125/1/14 140/1/14 124/1/14
f 154/4/67 156/4/67 155/4/67
f 157/4/68 156/4/68 158/4/68
f 158/4/69 159/4/69 157/4/69
f 159/4/70 160/4/70 157/4/70
f 143/4/71 151/4/71 144/4/71
f 151/4/72 145/4/72 144/4/72
f 152/4/73 146/4/73 145/4/73
f 158/4/74 147/4/74 148/4/74
f 147/4/75 154/4/75 143/4/75
f 159/4/57 148/4/57 149/4/57
f 160/4/76 150/4/76 146/4/76
f 160/4/77 149/4/77 150/4/77
f 169/4/78 156/4/78 170/4/78
f 156/4/79 171/4/79 170/4/79
f 157/4/80 172/4/80 171/4/80
f 170/4/81 174/4/81 169/4/81
f 170/4/82 175/4/82 173/4/82
f 171/4/83 176/4/83 175/4/83
f 161/4/84 151/4/84 155/4/84
f 163/4/14 151/4/14 162/4/14
f 164/4/85 152/4/85 163/4/85
f 313/1/16 314/1/16 300/1/16
f 342/4/86 324/4/86 334/4/86
f 165/4/87 173/4/87 166/4/87
f 166/4/57 175/4/57 167/4/57
f 167/4/88 176/4/88 168/4/88
f 178/1/17 179/1/17 177/1/17
f 206/1/14 208/1/14 205/1/14
f 182/1/15 183/1/15 181/1/15
f 184/1/57 177/1/57 183/1/57
f 184/1/7 180/1/7 178/1/7
f 177/1/16 181/1/16 183/1/16
f 180/1/89 185/1/89 179/1/89
f 182/1/90 186/1/90 180/1/90
f 182/1/91 188/1/91 187/1/91
f 179/1/92 188/1/92 181/1/92
f 186/1/17 189/1/17 185/1/17
f 187/1/7 190/1/7 186/1/7
f 188/1/15 191/1/15 187/1/15
f 185/1/16 192/1/16 188/1/16
f 190/1/93 193/1/93 189/1/93
f 191/1/94 194/1/94 190/1/94
f 192/1/95 195/1/95 191/1/95
f 192/1/96 193/1/96 196/1/96
f 194/1/17 197/1/17 193/1/17
f 195/1/7 198/1/7 194/1/7
f 196/1/15 199/1/15 195/1/15
f 193/1/16 200/1/16 196/1/16
f 198/1/97 201/1/97 197/1/97
f 199/1/98 202/1/98 198/1/98
f 200/1/99 203/1/99 199/1/99
f 197/1/100 204/1/100 200/1/100
f 202/1/17 205/1/17 201/1/17
f 203/1/7 206/1/7 202/1/7
f 204/1/15 207/1/15 203/1/15
f 201/1/16 208/1/16 204/1/16
f 210/1/101 211/1/101 209/1/101
f 228/1/102 222/1/102 220/1/102
f 764/4/14 777/4/14 779/4/14
f 222/1/103 221/1/103 220/1/103
f 230/1/17 219/1/17 231/1/17
f 467/2/7 519/2/7 518/2/7
f 49/1/104 55/1/104 58/1/104
f 91/1/14 105/1/14 90/1/14
f 227/1/16 230/1/16 231/1/16
f 210/1/105 259/1/105 212/1/105
f 223/1/106 225/1/106 221/1/106
f 1021/2/107 1024/2/107 1023/2/107
f 233/1/108 212/1/108 235/1/108
f 232/1/109 211/1/109 209/1/109
f 239/1/110 221/1/110 237/1/110
f 222/1/111 236/1/111 220/1/111
f 243/5/112 245/5/112 242/5/112
f 236/1/113 241/1/113 240/1/113
f 246/1/114 234/1/114 232/1/114
f 213/1/57 227/1/57 214/1/57
f 240/5/115 248/5/115 246/5/115
f 240/5/116 249/5/116 247/5/116
f 250/5/117 249/5/117 241/5/117
f 246/5/118 251/5/118 250/5/118
f 252/5/119 255/5/119 253/5/119
f 256/5/120 255/5/120 257/5/120
f 258/5/121 257/5/121 242/5/121
f 258/5/122 254/5/122 252/5/122
f 251/5/123 253/5/123 249/5/123
f 249/5/124 256/5/124 247/5/124
f 247/5/125 258/5/125 248/5/125
f 251/5/126 258/5/126 252/5/126
f 257/5/127 244/5/127 243/5/127
f 254/5/128 244/5/128 255/5/128
f 242/5/129 245/5/129 254/5/129
f 1030/2/16 1028/2/16 1026/2/16
f 264/1/130 266/1/130 267/1/130
f 268/1/14 267/1/14 266/1/14
f 268/1/131 271/1/131 269/1/131
f 264/1/57 270/1/57 265/1/57
f 260/1/132 235/1/132 261/1/132
f 239/1/133 263/1/133 262/1/133
f 261/1/134 268/1/134 266/1/134
f 214/1/135 271/1/135 264/1/135
f 273/5/136 286/5/136 275/5/136
f 280/5/137 272/5/137 281/5/137
f 273/5/138 280/5/138 281/5/138
f 274/5/139 287/5/139 272/5/139
f 276/6/140 284/6/140 277/6/140
f 277/6/141 279/6/141 276/6/141
f 279/6/142 283/6/142 282/6/142
f 282/6/143 284/6/143 285/6/143
f 292/4/144 289/4/144 288/4/144
f 293/4/145 290/4/145 289/4/145
f 294/4/146 291/4/146 290/4/146
f 295/4/147 288/4/147 291/4/147
f 294/4/15 293/4/15 295/4/15
f 315/1/148 300/1/148 314/1/148
f 302/1/149 313/1/149 301/1/149
f 218/1/14 230/1/14 229/1/14
f 300/1/150 309/1/150 310/1/150
f 311/1/151 302/1/151 301/1/151
f 310/1/152 306/1/152 305/1/152
f 311/1/153 307/1/153 308/1/153
f 312/1/154 296/1/154 313/1/154
f 298/1/155 314/1/155 297/1/155
f 327/4/156 333/4/156 331/4/156
f 330/4/157 333/4/157 328/4/157
f 316/4/158 325/4/158 324/4/158
f 317/4/159 326/4/159 325/4/159
f 319/4/160 326/4/160 318/4/160
f 308/1/7 309/1/7 303/1/7
f 316/4/161 324/4/161 332/4/161
f 320/4/87 331/4/87 321/4/87
f 321/4/57 333/4/57 322/4/57
f 323/4/162 330/4/162 319/4/162
f 322/4/163 330/4/163 323/4/163
f 342/4/164 327/4/164 324/4/164
f 343/4/165 328/4/165 327/4/165
f 345/4/166 328/4/166 344/4/166
f 347/4/167 343/4/167 342/4/167
f 346/4/168 344/4/168 343/4/168
f 344/4/167 349/4/167 345/4/167
f 334/4/169 325/4/169 335/4/169
f 325/4/14 336/4/14 335/4/14
f 326/4/85 337/4/85 336/4/85
f 339/4/16 338/4/16 335/4/16
f 322/4/7 318/4/7 317/4/7
f 346/4/87 338/4/87 339/4/87
f 348/4/57 339/4/57 340/4/57
f 349/4/88 340/4/88 341/4/88
f 350/2/170 388/2/170 389/2/170
f 351/2/171 387/2/171 388/2/171
f 352/2/172 386/2/172 387/2/172
f 354/2/173 386/2/173 353/2/173
f 355/2/174 397/2/174 354/2/174
f 356/2/175 396/2/175 355/2/175
f 356/2/176 394/2/176 395/2/176
f 358/2/177 394/2/177 357/2/177
f 359/2/178 393/2/178 358/2/178
f 360/2/179 392/2/179 359/2/179
f 360/2/180 390/2/180 391/2/180
f 361/2/181 389/2/181 390/2/181
f 375/2/182 365/2/182 364/2/182
f 375/2/183 363/2/183 376/2/183
f 376/2/184 362/2/184 377/2/184
f 378/2/185 362/2/185 373/2/185
f 378/2/186 372/2/186 379/2/186
f 379/2/187 371/2/187 380/2/187
f 380/2/188 370/2/188 381/2/188
f 381/2/189 369/2/189 382/2/189
f 382/2/190 368/2/190 383/2/190
f 384/2/191 368/2/191 367/2/191
f 385/2/192 367/2/192 366/2/192
f 374/2/193 366/2/193 365/2/193
f 386/2/194 375/2/194 387/2/194
f 387/2/195 376/2/195 388/2/195
f 388/2/196 377/2/196 389/2/196
f 389/2/197 378/2/197 390/2/197
f 390/2/198 379/2/198 391/2/198
f 391/2/199 380/2/199 392/2/199
f 392/2/200 381/2/200 393/2/200
f 393/2/201 382/2/201 394/2/201
f 394/2/202 383/2/202 395/2/202
f 395/2/203 384/2/203 396/2/203
f 396/2/204 385/2/204 397/2/204
f 397/2/205 374/2/205 386/2/205
f 363/2/206 399/2/206 362/2/206
f 363/2/207 364/2/207 398/2/207
f 366/2/208 400/2/208 365/2/208
f 366/2/209 367/2/209 401/2/209
f 368/2/210 403/2/210 402/2/210
f 369/2/211 404/2/211 403/2/211
f 371/2/212 404/2/212 370/2/212
f 371/2/213 406/2/213 405/2/213
f 373/2/214 406/2/214 372/2/214
f 373/2/215 399/2/215 407/2/215
f 353/2/16 410/2/16 411/2/16
f 756/4/17 769/4/17 759/4/17
f 358/2/16 416/2/16 417/2/16
f 399/1/216 398/1/216 424/1/216
f 400/1/217 420/1/217 364/1/217
f 402/1/218 421/1/218 367/1/218
f 405/1/219 422/1/219 404/1/219
f 406/1/220 407/1/220 423/1/220
f 426/1/221 410/1/221 409/1/221
f 427/1/222 409/1/222 408/1/222
f 427/1/223 419/1/223 428/1/223
f 429/1/224 419/1/224 418/1/224
f 429/1/225 417/1/225 430/1/225
f 430/1/226 416/1/226 431/1/226
f 431/1/227 415/1/227 432/1/227
f 433/1/228 415/1/228 414/1/228
f 434/1/229 414/1/229 413/1/229
f 434/1/230 412/1/230 435/1/230
f 435/1/231 411/1/231 436/1/231
f 436/1/232 410/1/232 425/1/232
f 401/1/233 437/1/233 442/1/233
f 421/1/234 402/1/234 437/1/234
f 402/1/235 438/1/235 437/1/235
f 403/1/236 422/1/236 438/1/236
f 422/1/237 439/1/237 438/1/237
f 405/1/238 423/1/238 439/1/238
f 423/1/239 440/1/239 439/1/239
f 407/1/240 424/1/240 440/1/240
f 398/1/241 440/1/241 424/1/241
f 398/1/242 420/1/242 441/1/242
f 420/1/243 442/1/243 441/1/243
f 400/1/244 401/1/244 442/1/244
f 96/1/57 95/1/57 103/1/57
f 446/1/7 447/1/7 448/1/7
f 441/1/245 448/1/245 440/1/245
f 442/1/246 443/1/246 441/1/246
f 442/1/247 445/1/247 444/1/247
f 438/1/248 445/1/248 437/1/248
f 439/1/249 446/1/249 438/1/249
f 440/1/250 447/1/250 439/1/250
f 450/5/251 457/5/251 449/5/251
f 451/5/252 458/5/252 450/5/252
f 452/5/253 459/5/253 451/5/253
f 453/5/254 460/5/254 452/5/254
f 454/5/255 461/5/255 453/5/255
f 455/5/256 462/5/256 454/5/256
f 456/5/257 463/5/257 455/5/257
f 449/5/258 464/5/258 456/5/258
f 451/5/7 450/5/7 454/5/7
f 458/5/16 460/5/16 462/5/16
f 465/2/259 501/2/259 466/2/259
f 466/2/260 500/2/260 467/2/260
f 467/2/261 499/2/261 468/2/261
f 499/2/262 469/2/262 468/2/262
f 510/2/263 470/2/263 469/2/263
f 509/2/264 471/2/264 470/2/264
f 508/2/265 472/2/265 471/2/265
f 507/2/266 473/2/266 472/2/266
f 506/2/267 474/2/267 473/2/267
f 505/2/268 475/2/268 474/2/268
f 475/2/269 503/2/269 476/2/269
f 476/2/270 502/2/270 465/2/270
f 488/2/271 479/2/271 487/2/271
f 478/2/272 488/2/272 489/2/272
f 477/2/273 489/2/273 490/2/273
f 491/2/274 477/2/274 490/2/274
f 485/2/275 491/2/275 492/2/275
f 493/2/276 485/2/276 492/2/276
f 483/2/277 493/2/277 494/2/277
f 482/2/278 494/2/278 495/2/278
f 481/2/279 495/2/279 496/2/279
f 497/2/280 481/2/280 496/2/280
f 480/2/281 497/2/281 498/2/281
f 487/2/282 480/2/282 498/2/282
f 488/2/194 499/2/194 500/2/194
f 489/2/195 500/2/195 501/2/195
f 490/2/196 501/2/196 502/2/196
f 491/2/197 502/2/197 503/2/197
f 492/2/198 503/2/198 504/2/198
f 493/2/199 504/2/199 505/2/199
f 494/2/200 505/2/200 506/2/200
f 495/2/201 506/2/201 507/2/201
f 496/2/202 507/2/202 508/2/202
f 497/2/203 508/2/203 509/2/203
f 498/2/204 509/2/204 510/2/204
f 487/2/205 510/2/205 499/2/205
f 511/2/283 478/2/283 477/2/283
f 531/2/284 480/2/284 479/2/284
f 481/2/285 535/2/285 482/2/285
f 482/2/286 514/2/286 483/2/286
f 514/2/287 484/2/287 483/2/287
f 484/2/288 515/2/288 485/2/288
f 515/2/289 486/2/289 485/2/289
f 486/2/290 511/2/290 477/2/290
f 524/2/7 472/2/7 473/2/7
f 529/1/291 530/1/291 512/1/291
f 530/1/292 531/1/292 512/1/292
f 532/1/293 533/1/293 513/1/293
f 533/1/294 534/1/294 513/1/294
f 536/1/295 537/1/295 514/1/295
f 537/1/296 538/1/296 515/1/296
f 541/1/297 518/1/297 540/1/297
f 542/1/298 517/1/298 541/1/298
f 527/1/299 542/1/299 543/1/299
f 544/1/300 527/1/300 543/1/300
f 525/1/301 544/1/301 545/1/301
f 524/1/302 545/1/302 546/1/302
f 523/1/303 546/1/303 547/1/303
f 548/1/304 523/1/304 547/1/304
f 549/1/305 522/1/305 548/1/305
f 520/1/306 549/1/306 550/1/306
f 519/1/307 550/1/307 551/1/307
f 518/1/308 551/1/308 540/1/308
f 532/1/309 552/1/309 533/1/309
f 533/1/310 552/1/310 534/1/310
f 534/1/311 553/1/311 535/1/311
f 535/1/312 553/1/312 536/1/312
f 536/1/313 554/1/313 537/1/313
f 537/1/314 554/1/314 538/1/314
f 538/1/315 555/1/315 539/1/315
f 539/1/316 555/1/316 528/1/316
f 555/1/317 529/1/317 528/1/317
f 529/1/318 556/1/318 530/1/318
f 530/1/319 557/1/319 531/1/319
f 531/1/320 557/1/320 532/1/320
f 546/1/7 544/1/7 540/1/7
f 63/1/57 66/1/57 64/1/57
f 555/1/321 558/1/321 556/1/321
f 558/1/322 557/1/322 556/1/322
f 557/1/323 560/1/323 552/1/323
f 560/1/324 553/1/324 552/1/324
f 561/1/325 554/1/325 553/1/325
f 562/1/326 555/1/326 554/1/326
f 565/5/17 566/5/17 564/5/17
f 567/5/327 568/5/327 566/5/327
f 569/5/15 570/5/15 568/5/15
f 565/5/7 569/5/7 567/5/7
f 564/5/16 568/5/16 570/5/16
f 576/1/148 590/1/148 591/1/148
f 588/1/149 578/1/149 577/1/149
f 586/1/150 576/1/150 585/1/150
f 578/1/151 584/1/151 577/1/151
f 582/1/152 585/1/152 581/1/152
f 587/1/153 580/1/153 584/1/153
f 572/1/154 589/1/154 588/1/154
f 591/1/155 574/1/155 573/1/155
f 593/5/17 594/5/17 592/5/17
f 595/5/327 596/5/327 594/5/327
f 597/5/15 598/5/15 596/5/15
f 593/5/7 597/5/7 595/5/7
f 592/5/16 596/5/16 598/5/16
f 601/4/328 604/4/328 600/4/328
f 602/4/329 605/4/329 601/4/329
f 603/4/330 606/4/330 602/4/330
f 600/4/331 607/4/331 603/4/331
f 602/4/17 601/4/17 603/4/17
f 610/4/332 609/4/332 608/4/332
f 610/4/333 613/4/333 611/4/333
f 612/4/334 615/4/334 613/4/334
f 608/4/335 615/4/335 614/4/335
f 611/4/336 615/4/336 609/4/336
f 620/4/337 617/4/337 616/4/337
f 617/4/338 621/4/338 618/4/338
f 618/4/339 622/4/339 619/4/339
f 623/4/340 616/4/340 619/4/340
f 622/4/14 621/4/14 620/4/14
f 628/4/341 625/4/341 624/4/341
f 629/4/342 626/4/342 625/4/342
f 630/4/343 627/4/343 626/4/343
f 630/4/344 624/4/344 627/4/344
f 632/4/328 635/4/328 631/4/328
f 633/4/329 636/4/329 632/4/329
f 634/4/330 637/4/330 633/4/330
f 631/4/331 638/4/331 634/4/331
f 633/4/17 632/4/17 634/4/17
f 645/1/345 640/1/345 639/1/345
f 646/1/346 641/1/346 640/1/346
f 641/1/347 647/1/347 642/1/347
f 642/1/348 648/1/348 643/1/348
f 648/1/349 644/1/349 643/1/349
f 644/1/350 645/1/350 639/1/350
f 642/1/16 643/1/16 644/1/16
f 653/1/351 646/1/351 645/1/351
f 646/1/352 654/1/352 650/1/352
f 654/1/353 649/1/353 650/1/353
f 653/1/10 645/1/10 649/1/10
f 655/1/354 648/1/354 647/1/354
f 648/1/355 656/1/355 652/1/355
f 656/1/356 651/1/356 652/1/356
f 655/1/13 647/1/13 651/1/13
f 659/4/357 658/4/357 657/4/357
f 659/4/358 662/4/358 660/4/358
f 661/4/359 664/4/359 662/4/359
f 657/4/360 664/4/360 663/4/360
f 660/4/7 664/4/7 658/4/7
f 666/5/136 679/5/136 668/5/136
f 673/5/137 665/5/137 674/5/137
f 666/5/138 673/5/138 674/5/138
f 667/5/139 680/5/139 665/5/139
f 669/6/361 677/6/361 670/6/361
f 670/6/362 672/6/362 669/6/362
f 672/6/363 676/6/363 675/6/363
f 675/6/364 677/6/364 678/6/364
f 682/4/365 685/4/365 681/4/365
f 683/4/366 686/4/366 682/4/366
f 684/4/367 687/4/367 683/4/367
f 681/4/368 687/4/368 684/4/368
f 683/4/57 682/4/57 681/4/57
f 689/4/369 690/4/369 688/4/369
f 690/4/370 693/4/370 692/4/370
f 692/4/371 695/4/371 694/4/371
f 695/4/372 688/4/372 694/4/372
f 695/4/373 691/4/373 689/4/373
f 700/4/144 697/4/144 696/4/144
f 701/4/145 698/4/145 697/4/145
f 702/4/146 699/4/146 698/4/146
f 703/4/147 696/4/147 699/4/147
f 702/4/15 701/4/15 703/4/15
f 706/5/374 717/5/374 707/5/374
f 719/5/375 708/5/375 704/5/375
f 708/5/376 717/5/376 704/5/376
f 718/5/377 705/5/377 706/5/377
f 829/4/378 792/4/378 813/4/378
f 679/5/379 667/5/379 675/5/379
f 713/6/380 710/6/380 714/6/380
f 711/6/381 714/6/381 710/6/381
f 711/6/382 716/6/382 715/6/382
f 712/6/383 713/6/383 716/6/383
f 722/5/374 733/5/374 723/5/374
f 735/5/375 724/5/375 720/5/375
f 724/5/376 733/5/376 720/5/376
f 734/5/377 721/5/377 722/5/377
f 584/1/7 585/1/7 576/1/7
f 727/5/384 726/5/384 723/5/384
f 729/6/385 726/6/385 730/6/385
f 727/6/381 730/6/381 726/6/381
f 727/6/382 732/6/382 731/6/382
f 728/6/383 729/6/383 732/6/383
f 741/4/386 737/4/386 736/4/386
f 738/4/387 748/4/387 747/4/387
f 741/4/388 746/4/388 739/4/388
f 742/4/389 744/4/389 743/4/389
f 746/4/390 754/4/390 753/4/390
f 748/4/391 755/4/391 747/4/391
f 749/4/392 760/4/392 759/4/392
f 751/4/393 766/4/393 765/4/393
f 754/4/394 762/4/394 753/4/394
f 757/4/395 766/4/395 755/4/395
f 756/4/396 758/4/396 757/4/396
f 758/4/397 762/4/397 761/4/397
f 763/4/398 764/4/398 761/4/398
f 784/4/399 788/4/399 767/4/399
f 780/4/14 783/4/14 781/4/14
f 775/4/400 751/4/400 742/4/400
f 431/1/16 435/1/16 427/1/16
f 771/4/17 774/4/17 772/4/17
f 747/4/401 766/4/401 752/4/401
f 736/4/402 737/4/402 738/4/402
f 739/4/403 740/4/403 741/4/403
f 775/4/404 742/4/404 743/4/404
f 744/4/405 745/4/405 746/4/405
f 755/4/406 756/4/406 757/4/406
f 758/4/407 759/4/407 760/4/407
f 761/4/408 762/4/408 763/4/408
f 764/4/409 765/4/409 766/4/409
f 218/1/7 213/1/7 219/1/7
f 754/4/15 745/4/15 742/4/15
f 217/1/410 209/1/410 211/1/410
f 767/4/411 772/4/411 768/4/411
f 769/4/412 771/4/412 767/4/412
f 769/4/413 774/4/413 773/4/413
f 770/4/414 772/4/414 774/4/414
f 777/4/14 757/4/14 758/4/14
f 345/4/57 341/4/57 337/4/57
f 776/4/415 781/4/415 777/4/415
f 778/4/416 780/4/416 776/4/416
f 779/4/417 782/4/417 778/4/417
f 779/4/418 781/4/418 783/4/418
f 785/4/419 786/4/419 787/4/419
f 787/4/420 786/4/420 750/4/420
f 789/4/421 749/4/421 788/4/421
f 800/4/15 797/4/15 795/4/15
f 167/4/7 163/4/7 162/4/7
f 805/4/15 807/4/15 813/4/15
f 219/1/57 216/1/57 228/1/57
f 739/4/422 788/4/422 740/4/422
f 738/4/423 743/4/423 736/4/423
f 741/4/57 736/4/57 743/4/57
f 216/1/15 229/1/15 228/1/15
f 793/4/424 818/4/424 796/4/424
f 796/2/57 823/2/57 797/2/57
f 799/4/424 819/4/424 801/4/424
f 801/2/57 824/2/57 802/2/57
f 803/4/424 820/4/424 805/4/424
f 805/2/57 825/2/57 806/2/57
f 807/4/424 821/4/424 809/4/424
f 809/2/57 826/2/57 810/2/57
f 811/4/424 822/4/424 814/4/424
f 814/2/57 827/2/57 815/2/57
f 816/4/15 814/4/15 815/4/15
f 818/4/425 794/4/425 823/4/425
f 819/4/425 800/4/425 824/4/425
f 820/4/425 804/4/425 825/4/425
f 826/4/425 807/4/425 808/4/425
f 822/4/425 812/4/425 827/4/425
f 823/4/426 794/4/426 797/4/426
f 824/4/427 800/4/427 802/4/427
f 825/4/427 804/4/427 806/4/427
f 826/4/427 808/4/427 810/4/427
f 827/4/427 812/4/427 815/4/427
f 1108/2/428 1089/2/428 1088/2/428
f 807/4/15 806/4/15 808/4/15
f 792/4/429 828/4/429 790/4/429
f 791/4/430 831/4/430 795/4/430
f 816/4/431 833/4/431 813/4/431
f 798/4/432 832/4/432 817/4/432
f 790/4/433 830/4/433 791/4/433
f 817/4/434 833/4/434 816/4/434
f 840/1/435 835/1/435 834/1/435
f 841/1/436 836/1/436 835/1/436
f 836/1/437 842/1/437 837/1/437
f 837/1/438 843/1/438 838/1/438
f 838/1/439 848/1/439 839/1/439
f 848/1/440 834/1/440 839/1/440
f 837/1/441 838/1/441 834/1/441
f 845/1/442 846/1/442 842/1/442
f 849/1/443 841/1/443 840/1/443
f 841/1/444 850/1/444 845/1/444
f 850/1/445 844/1/445 845/1/445
f 849/1/446 840/1/446 844/1/446
f 842/1/447 852/1/447 843/1/447
f 843/1/448 852/1/448 847/1/448
f 847/1/449 851/1/449 846/1/449
f 851/1/450 842/1/450 846/1/450
f 857/4/144 854/4/144 853/4/144
f 858/4/145 855/4/145 854/4/145
f 859/4/146 856/4/146 855/4/146
f 860/4/147 853/4/147 856/4/147
f 859/4/15 858/4/15 860/4/15
f 862/4/451 863/4/451 861/4/451
f 863/4/452 866/4/452 865/4/452
f 865/4/453 868/4/453 867/4/453
f 868/4/454 861/4/454 867/4/454
f 862/4/16 866/4/16 864/4/16
f 870/4/15 873/4/15 869/4/15
f 871/4/455 875/4/455 874/4/455
f 872/4/456 875/4/456 871/4/456
f 869/4/457 876/4/457 872/4/457
f 988/5/458 983/5/458 982/5/458
f 878/7/459 909/7/459 877/7/459
f 879/7/460 896/7/460 895/7/460
f 880/7/461 897/7/461 896/7/461
f 881/7/462 897/7/462 965/7/462
f 882/7/463 898/7/463 881/7/463
f 882/7/464 914/7/464 899/7/464
f 883/7/465 900/7/465 914/7/465
f 884/7/466 900/7/466 969/7/466
f 885/7/467 901/7/467 884/7/467
f 887/7/468 902/7/468 886/7/468
f 888/7/469 903/7/469 887/7/469
f 888/7/470 905/7/470 904/7/470
f 890/7/471 906/7/471 905/7/471
f 891/7/472 907/7/472 906/7/472
f 892/7/473 908/7/473 907/7/473
f 893/7/474 926/7/474 908/7/474
f 989/5/475 984/5/475 983/5/475
f 895/7/476 910/7/476 878/7/476
f 896/7/477 911/7/477 895/7/477
f 898/7/478 913/7/478 912/7/478
f 965/7/479 947/7/479 948/7/479
f 967/7/480 932/7/480 949/7/480
f 900/7/481 916/7/481 915/7/481
f 901/7/482 917/7/482 916/7/482
f 902/7/483 917/7/483 885/7/483
f 31/2/484 30/2/484 35/2/484
f 904/7/485 919/7/485 903/7/485
f 905/7/486 920/7/486 904/7/486
f 906/7/487 922/7/487 905/7/487
f 906/7/488 923/7/488 922/7/488
f 906/7/489 907/7/489 923/7/489
f 908/7/490 925/7/490 924/7/490
f 908/7/491 926/7/491 925/7/491
f 984/5/492 991/5/492 985/5/492
f 910/7/493 927/7/493 909/7/493
f 912/7/494 929/7/494 911/7/494
f 913/7/495 930/7/495 912/7/495
f 899/7/496 931/7/496 913/7/496
f 899/7/497 933/7/497 932/7/497
f 914/7/498 934/7/498 933/7/498
f 915/7/499 935/7/499 934/7/499
f 916/7/500 936/7/500 935/7/500
f 917/7/501 937/7/501 936/7/501
f 918/7/502 938/7/502 937/7/502
f 920/7/503 938/7/503 919/7/503
f 921/7/504 939/7/504 920/7/504
f 922/7/505 942/7/505 941/7/505
f 923/7/506 943/7/506 942/7/506
f 907/7/507 924/7/507 943/7/507
f 925/7/508 961/7/508 944/7/508
f 985/5/509 992/5/509 986/5/509
f 927/7/510 945/7/510 962/7/510
f 928/7/511 945/7/511 910/7/511
f 929/7/512 946/7/512 928/7/512
f 930/7/513 947/7/513 929/7/513
f 931/7/514 932/7/514 948/7/514
f 934/7/515 949/7/515 933/7/515
f 934/7/516 951/7/516 950/7/516
f 935/7/517 952/7/517 951/7/517
f 936/7/518 953/7/518 952/7/518
f 937/7/519 954/7/519 953/7/519
f 938/7/520 955/7/520 954/7/520
f 939/7/521 956/7/521 955/7/521
f 940/7/522 956/7/522 939/7/522
f 941/7/523 957/7/523 940/7/523
f 942/7/524 957/7/524 941/7/524
f 943/7/525 958/7/525 942/7/525
f 943/7/526 959/7/526 958/7/526
f 944/7/527 959/7/527 924/7/527
f 961/7/528 960/7/528 944/7/528
f 986/5/529 993/5/529 987/5/529
f 945/7/530 964/7/530 963/7/530
f 951/7/531 969/7/531 950/7/531
f 952/7/532 970/7/532 951/7/532
f 952/7/533 972/7/533 971/7/533
f 919/7/534 918/7/534 903/7/534
f 955/7/535 974/7/535 973/7/535
f 956/7/536 975/7/536 974/7/536
f 957/7/537 976/7/537 975/7/537
f 958/7/538 976/7/538 957/7/538
f 959/7/539 977/7/539 958/7/539
f 960/7/540 978/7/540 959/7/540
f 961/7/541 978/7/541 960/7/541
f 993/5/542 982/5/542 987/5/542
f 962/7/543 878/7/543 877/7/543
f 963/7/544 879/7/544 878/7/544
f 964/7/545 880/7/545 879/7/545
f 964/7/546 965/7/546 880/7/546
f 966/7/547 882/7/547 881/7/547
f 968/7/548 882/7/548 967/7/548
f 969/7/549 883/7/549 968/7/549
f 971/7/550 884/7/550 970/7/550
f 972/7/551 885/7/551 971/7/551
f 973/7/552 886/7/552 972/7/552
f 973/7/553 888/7/553 887/7/553
f 974/7/554 889/7/554 888/7/554
f 977/7/555 891/7/555 976/7/555
f 978/7/556 892/7/556 977/7/556
f 894/7/557 893/7/557 978/7/557
f 979/7/558 962/7/558 980/7/558
f 981/7/559 877/7/559 909/7/559
f 979/7/560 909/7/560 927/7/560
f 981/5/561 988/5/561 980/5/561
f 981/5/562 991/5/562 990/5/562
f 979/5/563 992/5/563 991/5/563
f 979/5/564 993/5/564 992/5/564
f 999/1/14 1001/1/14 998/1/14
f 995/1/14 997/1/14 994/1/14
f 995/1/17 998/1/17 994/1/17
f 996/1/7 999/1/7 995/1/7
f 997/1/15 1000/1/15 996/1/15
f 994/1/16 1001/1/16 997/1/16
f 1014/1/565 1016/1/565 1002/1/565
f 1017/1/566 1004/1/566 1007/1/566
f 1015/1/567 1017/1/567 1007/1/567
f 1018/1/568 1011/1/568 1004/1/568
f 1016/1/569 1012/1/569 1002/1/569
f 1005/1/570 1008/1/570 1002/1/570
f 1007/1/571 1003/1/571 1006/1/571
f 1006/1/572 1009/1/572 1007/1/572
f 1011/1/573 1003/1/573 1004/1/573
f 1012/1/574 1005/1/574 1002/1/574
f 52/1/57 49/1/57 50/1/57
f 1008/1/17 1006/1/17 1014/1/17
f 1020/2/575 1021/2/575 1019/2/575
f 1024/2/576 1025/2/576 1023/2/576
f 1019/2/577 1030/2/577 1020/2/577
f 1027/2/7 1029/2/7 1019/2/7
f 238/1/14 235/1/14 234/1/14
f 1027/2/578 1026/2/578 1028/2/578
f 120/1/14 121/1/14 132/1/14
f 1029/2/579 1028/2/579 1030/2/579
f 1035/2/580 1039/2/580 1040/2/580
f 1034/2/581 1042/2/581 1033/2/581
f 1041/2/582 1050/2/582 1051/2/582
f 1042/2/16 1055/2/16 1031/2/16
f 1033/2/583 1052/2/583 1053/2/583
f 1036/2/584 1039/2/584 1038/2/584
f 1034/2/585 1051/2/585 1052/2/585
f 1041/2/428 1031/2/428 1042/2/428
f 1054/2/586 1033/2/586 1053/2/586
f 561/1/16 560/1/16 558/1/16
f 1044/2/587 1046/2/587 1050/2/587
f 706/5/588 709/5/588 712/5/588
f 1044/7/589 1047/7/589 1058/7/589
f 1056/7/590 1047/7/590 1043/7/590
f 1046/7/591 1048/7/591 1045/7/591
f 1050/2/592 1040/2/592 1051/2/592
f 1051/2/593 1036/2/593 1052/2/593
f 1053/2/594 1036/2/594 1038/2/594
f 1054/2/595 1038/2/595 1039/2/595
f 1055/2/16 1039/2/16 1037/2/16
f 1056/7/596 1048/7/596 1057/7/596
f 1057/3/597 1049/3/597 1058/3/597
f 1044/7/598 1049/7/598 1046/7/598
f 1071/1/565 1073/1/565 1059/1/565
f 1074/1/566 1061/1/566 1064/1/566
f 1072/1/567 1074/1/567 1064/1/567
f 1075/1/568 1068/1/568 1061/1/568
f 1073/1/569 1069/1/569 1059/1/569
f 1062/1/570 1065/1/570 1059/1/570
f 1064/1/571 1060/1/571 1063/1/571
f 1063/1/572 1066/1/572 1064/1/572
f 1068/1/573 1060/1/573 1061/1/573
f 1069/1/574 1062/1/574 1059/1/574
f 1065/1/17 1063/1/17 1071/1/17
f 259/1/599 267/1/599 269/1/599
f 260/1/600 265/1/600 270/1/600
f 1077/2/575 1078/2/575 1076/2/575
f 1081/2/576 1082/2/576 1080/2/576
f 1076/2/577 1087/2/577 1077/2/577
f 1084/2/7 1086/2/7 1076/2/7
f 1078/2/107 1081/2/107 1080/2/107
f 1084/2/578 1083/2/578 1085/2/578
f 1087/2/16 1085/2/16 1083/2/16
f 1086/2/579 1085/2/579 1087/2/579
f 1091/2/601 1108/2/601 1109/2/601
f 1089/2/7 1097/2/7 1098/2/7
f 1088/2/602 1096/2/602 1094/2/602
f 1090/2/603 1110/2/603 1095/2/603
f 1096/2/604 1095/2/604 1110/2/604
f 1098/2/605 1093/2/605 1091/2/605
f 1099/2/606 1095/2/606 1096/2/606
f 1056/2/575 1043/2/575 1055/2/575
f 1092/2/607 1101/2/607 1103/2/607
f 1112/7/608 1104/7/608 1111/7/608
f 1102/7/609 1104/7/609 1100/7/609
f 1103/7/610 1106/7/610 1102/7/610
f 1103/7/611 1105/7/611 1107/7/611
f 1108/2/612 1090/2/612 1109/2/612
f 1109/2/613 1093/2/613 1110/2/613
f 1093/2/614 1096/2/614 1110/2/614
f 1094/2/575 1100/2/575 1088/2/575
f 1112/7/615 1105/7/615 1101/7/615
f 1117/2/57 1120/2/57 1118/2/57
f 1114/2/57 1115/2/57 1116/2/57
f 1114/2/15 1118/2/15 1116/2/15
f 1113/2/7 1117/2/7 1114/2/7
f 1115/2/17 1119/2/17 1113/2/17
f 1116/2/16 1120/2/16 1115/2/16
f 1125/2/57 1128/2/57 1126/2/57
f 1122/2/57 1123/2/57 1124/2/57
f 1122/2/15 1126/2/15 1124/2/15
f 1121/2/7 1125/2/7 1122/2/7
f 1123/2/17 1127/2/17 1121/2/17
f 1124/2/16 1128/2/16 1123/2/16
f 1135/1/616 1142/1/616 1129/1/616
f 1144/1/617 1145/1/617 1143/1/617
f 1141/1/14 1143/1/14 1145/1/14
f 1144/1/618 1138/1/618 1131/1/618
f 1142/1/619 1139/1/619 1129/1/619
f 1129/1/620 1136/1/620 1135/1/620
f 1134/1/621 1130/1/621 1133/1/621
f 1133/1/57 1136/1/57 1134/1/57
f 1131/1/622 1137/1/622 1130/1/622
f 1139/1/623 1132/1/623 1129/1/623
f 1145/1/15 1134/1/15 1136/1/15
f 1147/2/624 1148/2/624 1146/2/624
f 1151/2/625 1152/2/625 1150/2/625
f 1146/2/626 1157/2/626 1147/2/626
f 578/1/16 589/1/16 579/1/16
f 1154/2/16 1156/2/16 1146/2/16
f 1188/2/627 1191/2/627 1190/2/627
f 1157/2/7 1155/2/7 1153/2/7
f 1154/2/628 1153/2/628 1155/2/628
f 1156/2/629 1155/2/629 1157/2/629
f 1161/2/630 1165/2/630 1166/2/630
f 1167/2/631 1159/2/631 1160/2/631
f 1167/2/632 1158/2/632 1166/2/632
f 1174/3/633 1175/3/633 1176/3/633
f 1148/2/627 1151/2/627 1150/2/627
f 1160/2/634 1164/2/634 1159/2/634
f 1166/2/635 1164/2/635 1162/2/635
f 1160/2/636 1166/2/636 1162/2/636
f 1167/2/637 1177/2/637 1168/2/637
f 1168/2/638 1159/2/638 1164/2/638
f 786/4/639 760/4/639 750/4/639
f 1169/7/640 1174/7/640 1170/7/640
f 1171/7/641 1173/7/641 1169/7/641
f 1172/7/642 1175/7/642 1171/7/642
f 1170/7/643 1174/7/643 1176/7/643
f 1170/7/644 1176/7/644 1172/7/644
f 1168/2/645 1164/2/645 1165/2/645
f 1182/2/14 1185/2/14 1183/2/14
f 1179/2/14 1180/2/14 1181/2/14
f 1179/2/15 1183/2/15 1181/2/15
f 1178/2/16 1182/2/16 1179/2/16
f 1180/2/17 1184/2/17 1178/2/17
f 1181/2/7 1185/2/7 1180/2/7
f 1187/2/624 1188/2/624 1186/2/624
f 1158/2/646 1170/2/646 1172/2/646
f 1191/2/625 1192/2/625 1190/2/625
f 1186/2/626 1197/2/626 1187/2/626
f 237/1/57 232/1/57 233/1/57
f 1194/2/16 1196/2/16 1186/2/16
f 1194/2/628 1193/2/628 1195/2/628
f 68/1/647 69/1/647 66/1/647
f 1196/2/629 1195/2/629 1197/2/629
f 1201/2/648 1218/2/648 1219/2/648
f 1199/2/16 1206/2/16 1207/2/16
f 1198/2/7 1205/2/7 1216/2/7
f 1200/2/649 1220/2/649 1204/2/649
f 1221/2/650 1204/2/650 1220/2/650
f 1207/2/651 1203/2/651 1201/2/651
f 275/5/652 276/5/652 279/5/652
f 1208/2/653 1204/2/653 1205/2/653
f 1216/2/654 1205/2/654 1221/2/654
f 1199/2/655 1210/2/655 1211/2/655
f 1210/7/656 1212/7/656 1213/7/656
f 1209/7/657 1214/7/657 1212/7/657
f 1211/7/658 1213/7/658 1215/7/658
f 1218/2/659 1199/2/659 1198/2/659
f 1217/7/660 1215/7/660 1214/7/660
f 1218/2/661 1200/2/661 1219/2/661
f 1219/2/662 1203/2/662 1220/2/662
f 1203/2/663 1221/2/663 1220/2/663
f 1228/1/616 1235/1/616 1222/1/616
f 1237/1/617 1238/1/617 1236/1/617
f 1234/1/14 1236/1/14 1238/1/14
f 1237/1/618 1231/1/618 1224/1/618
f 1235/1/619 1232/1/619 1222/1/619
f 1222/1/620 1229/1/620 1228/1/620
f 1227/1/621 1223/1/621 1226/1/621
f 1226/1/57 1229/1/57 1227/1/57
f 1224/1/622 1230/1/622 1223/1/622
f 1232/1/623 1225/1/623 1222/1/623
f 1234/1/15 1238/1/15 1227/1/15
f 164/4/664 172/4/664 153/4/664
f 148/4/16 147/4/16 144/4/16
f 1240/1/665 1245/1/665 1239/1/665
f 1241/1/666 1246/1/666 1240/1/666
f 1241/1/667 1247/1/667 1251/1/667
f 1242/1/668 1248/1/668 1247/1/668
f 1243/1/669 1249/1/669 1248/1/669
f 1239/1/670 1249/1/670 1244/1/670
f 1242/1/671 1241/1/671 1240/1/671
f 1252/1/672 1253/1/672 1250/1/672
f 1248/1/673 1249/1/673 1253/1/673
f 1246/1/674 1255/1/674 1245/1/674
f 1250/1/675 1254/1/675 1251/1/675
f 1245/1/676 1255/1/676 1250/1/676
f 1247/1/677 1256/1/677 1257/1/677
f 1253/1/678 1257/1/678 1256/1/678
f 1247/1/679 1257/1/679 1252/1/679
f 1259/4/328 1262/4/328 1258/4/328
f 1260/4/329 1263/4/329 1259/4/329
f 1261/4/330 1264/4/330 1260/4/330
f 1258/4/331 1265/4/331 1261/4/331
f 1260/4/17 1259/4/17 1261/4/17
f 1267/8/16 1268/8/16 1266/8/16
f 1269/8/15 1272/8/15 1268/8/15
f 1273/8/7 1270/8/7 1272/8/7
f 1271/8/17 1266/8/17 1270/8/17
f 1272/8/57 1266/8/57 1268/8/57
f 1269/8/14 1271/8/14 1273/8/14
f 1275/8/16 1276/8/16 1274/8/16
f 1277/8/15 1280/8/15 1276/8/15
f 1281/8/7 1278/8/7 1280/8/7
f 1279/8/17 1274/8/17 1278/8/17
f 1280/8/57 1274/8/57 1276/8/57
f 1277/8/14 1279/8/14 1281/8/14
f 1283/8/16 1284/8/16 1282/8/16
f 1285/8/15 1288/8/15 1284/8/15
f 1289/8/7 1286/8/7 1288/8/7
f 1287/8/17 1282/8/17 1286/8/17
f 1288/8/57 1282/8/57 1284/8/57
f 1285/8/14 1287/8/14 1289/8/14
f 1291/8/16 1292/8/16 1290/8/16
f 1293/8/15 1296/8/15 1292/8/15
f 1297/8/7 1294/8/7 1296/8/7
f 1295/8/17 1290/8/17 1294/8/17
f 1296/8/57 1290/8/57 1292/8/57
f 1293/8/14 1295/8/14 1297/8/14
f 2/1/1 8/1/1 7/1/1
f 3/1/680 12/1/680 8/1/680
f 3/1/681 4/1/681 9/1/681
f 4/1/4 5/1/4 10/1/4
f 6/1/682 14/1/682 10/1/682
f 6/1/683 1/1/683 7/1/683
f 2/1/7 1/1/7 6/1/7
f 6/1/7 5/1/7 4/1/7
f 4/1/7 3/1/7 6/1/7
f 14/1/684 11/1/684 12/1/684
f 12/1/685 13/1/685 14/1/685
f 9/1/686 13/1/686 12/1/686
f 7/1/687 11/1/687 14/1/687
f 8/1/688 15/1/688 16/1/688
f 8/1/689 12/1/689 15/1/689
f 11/1/690 16/1/690 15/1/690
f 10/1/691 17/1/691 18/1/691
f 10/1/692 14/1/692 17/1/692
f 13/1/693 18/1/693 17/1/693
f 23/2/14 25/2/14 26/2/14
f 20/2/14 19/2/14 21/2/14
f 20/2/15 23/2/15 24/2/15
f 19/2/16 25/2/16 23/2/16
f 21/2/17 26/2/17 25/2/17
f 22/2/7 24/2/7 26/2/7
f 32/2/694 33/2/694 34/2/694
f 27/2/695 28/2/695 36/2/695
f 28/2/696 29/2/696 31/2/696
f 30/2/697 27/2/697 33/2/697
f 36/2/698 34/2/698 33/2/698
f 45/2/699 47/2/699 48/2/699
f 1213/3/700 1212/3/700 1214/3/700
f 31/2/701 37/2/701 38/2/701
f 31/2/702 35/2/702 39/2/702
f 35/2/703 34/2/703 40/2/703
f 36/2/704 38/2/704 40/2/704
f 37/2/705 41/2/705 42/2/705
f 39/2/706 43/2/706 41/2/706
f 39/2/707 40/2/707 44/2/707
f 40/2/708 38/2/708 42/2/708
f 41/2/709 45/2/709 46/2/709
f 41/2/710 43/2/710 47/2/710
f 44/2/711 48/2/711 47/2/711
f 44/2/712 42/2/712 46/2/712
f 53/1/14 56/1/14 55/1/14
f 53/1/17 54/1/17 51/1/17
f 746/4/7 753/4/7 785/4/7
f 787/4/713 750/4/713 789/4/713
f 746/4/7 785/4/7 739/4/7
f 785/4/7 787/4/7 789/4/7
f 61/1/14 59/1/14 60/1/14
f 50/1/15 49/1/15 60/1/15
f 55/1/38 56/1/38 57/1/38
f 53/1/714 52/1/714 56/1/714
f 52/1/715 50/1/715 56/1/715
f 50/1/716 59/1/716 57/1/716
f 59/1/716 61/1/716 57/1/716
f 62/1/17 58/1/17 57/1/17
f 72/1/14 71/1/14 75/1/14
f 75/1/717 71/1/717 73/1/717
f 78/1/718 74/1/718 77/1/718
f 975/7/719 976/7/719 890/7/719
f 890/7/720 889/7/720 975/7/720
f 1193/2/7 1191/2/7 1189/2/7
f 1189/2/7 1187/2/7 1193/2/7
f 1187/2/7 1197/2/7 1193/2/7
f 67/1/721 70/1/721 64/1/721
f 65/1/16 63/1/16 71/1/16
f 70/1/722 73/1/722 71/1/722
f 68/1/723 65/1/723 72/1/723
f 67/1/724 64/1/724 75/1/724
f 66/1/7 77/1/7 75/1/7
f 69/1/725 78/1/725 77/1/725
f 70/1/726 67/1/726 76/1/726
f 68/1/727 74/1/727 78/1/727
f 127/1/49 128/1/49 129/1/49
f 131/1/50 132/1/50 129/1/50
f 133/1/51 134/1/51 132/1/51
f 135/1/52 136/1/52 134/1/52
f 137/1/53 138/1/53 136/1/53
f 137/1/54 139/1/54 140/1/54
f 139/1/55 141/1/55 142/1/55
f 127/1/56 130/1/56 142/1/56
f 128/1/57 127/1/57 141/1/57
f 141/1/57 139/1/57 128/1/57
f 139/1/57 137/1/57 128/1/57
f 137/1/57 135/1/57 128/1/57
f 135/1/57 133/1/57 128/1/57
f 86/1/14 79/1/14 80/1/14
f 80/1/14 81/1/14 82/1/14
f 82/1/14 83/1/14 84/1/14
f 84/1/14 85/1/14 82/1/14
f 85/1/14 86/1/14 82/1/14
f 87/1/58 82/1/58 81/1/58
f 88/1/59 81/1/59 80/1/59
f 89/1/60 80/1/60 79/1/60
f 90/1/61 79/1/61 86/1/61
f 91/1/62 86/1/62 85/1/62
f 92/1/63 85/1/63 84/1/63
f 93/1/64 84/1/64 83/1/64
f 94/1/65 83/1/65 82/1/65
f 103/1/61 105/1/61 106/1/61
f 104/1/62 106/1/62 108/1/62
f 107/1/63 108/1/63 110/1/63
f 109/1/64 110/1/64 112/1/64
f 111/1/65 112/1/65 114/1/65
f 113/1/58 114/1/58 116/1/58
f 115/1/59 116/1/59 118/1/59
f 117/1/60 118/1/60 105/1/60
f 117/1/57 102/1/57 101/1/57
f 115/1/57 117/1/57 101/1/57
f 111/1/57 113/1/57 100/1/57
f 113/1/57 115/1/57 100/1/57
f 107/1/57 109/1/57 98/1/57
f 109/1/57 111/1/57 98/1/57
f 98/1/57 97/1/57 107/1/57
f 115/1/57 101/1/57 100/1/57
f 99/1/57 98/1/57 111/1/57
f 88/1/14 89/1/14 118/1/14
f 118/1/14 116/1/14 88/1/14
f 116/1/14 114/1/14 88/1/14
f 114/1/14 112/1/14 94/1/14
f 112/1/14 110/1/14 94/1/14
f 110/1/14 108/1/14 93/1/14
f 108/1/14 92/1/14 93/1/14
f 87/1/14 88/1/14 114/1/14
f 110/1/14 93/1/14 94/1/14
f 119/3/58 100/3/58 101/3/58
f 120/3/59 101/3/59 102/3/59
f 121/3/60 102/3/60 95/3/60
f 122/3/61 95/3/61 96/3/61
f 123/3/62 96/3/62 97/3/62
f 124/3/63 97/3/63 98/3/63
f 125/3/64 98/3/64 99/3/64
f 126/3/65 99/3/65 100/3/65
f 798/4/7 795/4/7 831/4/7
f 125/1/14 138/1/14 140/1/14
f 154/4/728 158/4/728 156/4/728
f 160/4/729 153/4/729 157/4/729
f 143/4/730 155/4/730 151/4/730
f 151/4/72 152/4/72 145/4/72
f 152/4/731 153/4/731 146/4/731
f 143/4/732 154/4/732 155/4/732
f 153/4/733 160/4/733 146/4/733
f 158/4/734 154/4/734 147/4/734
f 159/4/735 158/4/735 148/4/735
f 160/4/736 159/4/736 149/4/736
f 169/4/737 155/4/737 156/4/737
f 156/4/738 157/4/738 171/4/738
f 157/4/739 153/4/739 172/4/739
f 170/4/740 173/4/740 174/4/740
f 170/4/82 171/4/82 175/4/82
f 171/4/81 172/4/81 176/4/81
f 161/4/169 162/4/169 151/4/169
f 163/4/14 152/4/14 151/4/14
f 164/4/741 153/4/741 152/4/741
f 310/1/16 305/1/16 311/1/16
f 305/1/16 304/1/16 311/1/16
f 311/1/16 301/1/16 300/1/16
f 310/1/16 311/1/16 300/1/16
f 301/1/16 313/1/16 300/1/16
f 313/1/16 296/1/16 297/1/16
f 314/1/16 313/1/16 297/1/16
f 334/4/57 338/4/57 342/4/57
f 338/4/57 347/4/57 342/4/57
f 165/4/87 174/4/87 173/4/87
f 166/4/57 173/4/57 175/4/57
f 167/4/88 175/4/88 176/4/88
f 178/1/17 180/1/17 179/1/17
f 206/1/14 207/1/14 208/1/14
f 182/1/15 184/1/15 183/1/15
f 184/1/57 178/1/57 177/1/57
f 184/1/7 182/1/7 180/1/7
f 177/1/16 179/1/16 181/1/16
f 180/1/89 186/1/89 185/1/89
f 182/1/90 187/1/90 186/1/90
f 182/1/91 181/1/91 188/1/91
f 179/1/92 185/1/92 188/1/92
f 186/1/17 190/1/17 189/1/17
f 187/1/7 191/1/7 190/1/7
f 188/1/15 192/1/15 191/1/15
f 185/1/16 189/1/16 192/1/16
f 190/1/93 194/1/93 193/1/93
f 191/1/94 195/1/94 194/1/94
f 192/1/95 196/1/95 195/1/95
f 192/1/96 189/1/96 193/1/96
f 194/1/17 198/1/17 197/1/17
f 195/1/7 199/1/7 198/1/7
f 196/1/15 200/1/15 199/1/15
f 193/1/16 197/1/16 200/1/16
f 198/1/97 202/1/97 201/1/97
f 199/1/98 203/1/98 202/1/98
f 200/1/99 204/1/99 203/1/99
f 197/1/100 201/1/100 204/1/100
f 202/1/17 206/1/17 205/1/17
f 203/1/7 207/1/7 206/1/7
f 204/1/15 208/1/15 207/1/15
f 201/1/16 205/1/16 208/1/16
f 210/1/101 212/1/101 211/1/101
f 228/1/102 229/1/102 222/1/102
f 775/4/742 738/4/742 747/4/742
f 752/4/16 775/4/16 747/4/16
f 764/4/14 757/4/14 777/4/14
f 779/4/14 778/4/14 764/4/14
f 778/4/14 761/4/14 764/4/14
f 222/1/103 223/1/103 221/1/103
f 230/1/17 218/1/17 219/1/17
f 525/2/7 524/2/7 473/2/7
f 473/2/7 474/2/7 525/2/7
f 474/2/7 475/2/7 525/2/7
f 475/2/7 476/2/7 526/2/7
f 476/2/7 465/2/7 527/2/7
f 526/2/7 476/2/7 527/2/7
f 465/2/7 466/2/7 517/2/7
f 466/2/7 467/2/7 518/2/7
f 467/2/7 468/2/7 519/2/7
f 468/2/7 469/2/7 519/2/7
f 469/2/7 470/2/7 521/2/7
f 470/2/7 471/2/7 522/2/7
f 471/2/7 472/2/7 523/2/7
f 471/2/7 523/2/7 522/2/7
f 526/2/7 525/2/7 475/2/7
f 470/2/7 522/2/7 521/2/7
f 469/2/7 521/2/7 520/2/7
f 469/2/7 520/2/7 519/2/7
f 516/2/7 527/2/7 465/2/7
f 517/2/7 516/2/7 465/2/7
f 518/2/7 517/2/7 466/2/7
f 49/1/743 51/1/743 55/1/743
f 51/1/744 54/1/744 55/1/744
f 62/1/745 60/1/745 58/1/745
f 60/1/745 49/1/745 58/1/745
f 91/1/14 92/1/14 108/1/14
f 108/1/14 106/1/14 91/1/14
f 106/1/14 105/1/14 91/1/14
f 105/1/14 118/1/14 90/1/14
f 118/1/14 89/1/14 90/1/14
f 227/1/16 224/1/16 230/1/16
f 210/1/746 214/1/746 259/1/746
f 223/1/747 226/1/747 225/1/747
f 1021/2/107 1022/2/107 1024/2/107
f 233/1/108 210/1/108 212/1/108
f 232/1/109 234/1/109 211/1/109
f 239/1/110 223/1/110 221/1/110
f 222/1/111 238/1/111 236/1/111
f 243/5/748 244/5/748 245/5/748
f 236/1/749 238/1/749 241/1/749
f 246/1/114 250/1/114 234/1/114
f 227/1/57 225/1/57 214/1/57
f 214/1/57 210/1/57 213/1/57
f 240/5/750 247/5/750 248/5/750
f 240/5/751 241/5/751 249/5/751
f 250/5/117 251/5/117 249/5/117
f 246/5/752 248/5/752 251/5/752
f 252/5/119 254/5/119 255/5/119
f 256/5/753 253/5/753 255/5/753
f 258/5/754 256/5/754 257/5/754
f 258/5/755 242/5/755 254/5/755
f 251/5/123 252/5/123 253/5/123
f 249/5/756 253/5/756 256/5/756
f 247/5/125 256/5/125 258/5/125
f 251/5/757 248/5/757 258/5/757
f 257/5/758 243/5/758 242/5/758
f 257/5/759 255/5/759 244/5/759
f 254/5/128 245/5/128 244/5/128
f 1026/2/16 1024/2/16 1022/2/16
f 1022/2/16 1020/2/16 1026/2/16
f 1020/2/16 1030/2/16 1026/2/16
f 264/1/130 265/1/130 266/1/130
f 268/1/14 269/1/14 267/1/14
f 268/1/131 270/1/131 271/1/131
f 264/1/57 271/1/57 270/1/57
f 260/1/132 233/1/132 235/1/132
f 239/1/133 237/1/133 263/1/133
f 1223/1/17 1230/1/17 1237/1/17
f 1226/1/17 1223/1/17 1237/1/17
f 1226/1/17 1237/1/17 1236/1/17
f 1226/1/17 1236/1/17 1228/1/17
f 261/1/134 262/1/134 268/1/134
f 1096/2/760 1097/2/760 1092/2/760
f 1092/2/761 1094/2/761 1096/2/761
f 214/1/762 225/1/762 271/1/762
f 273/5/763 287/5/763 286/5/763
f 280/5/764 274/5/764 272/5/764
f 273/5/765 275/5/765 280/5/765
f 274/5/766 286/5/766 287/5/766
f 276/6/767 285/6/767 284/6/767
f 277/6/768 278/6/768 279/6/768
f 279/6/769 278/6/769 283/6/769
f 282/6/770 283/6/770 284/6/770
f 729/6/771 730/6/771 731/6/771
f 731/6/772 732/6/772 729/6/772
f 275/5/773 286/5/773 276/5/773
f 286/5/774 274/5/774 282/5/774
f 285/5/775 286/5/775 282/5/775
f 274/5/776 280/5/776 282/5/776
f 280/5/777 279/5/777 282/5/777
f 285/5/778 276/5/778 286/5/778
f 292/4/779 293/4/779 289/4/779
f 293/4/780 294/4/780 290/4/780
f 294/4/781 295/4/781 291/4/781
f 295/4/782 292/4/782 288/4/782
f 291/4/17 288/4/17 289/4/17
f 289/4/17 290/4/17 291/4/17
f 292/4/15 295/4/15 293/4/15
f 315/1/148 303/1/148 300/1/148
f 302/1/149 312/1/149 313/1/149
f 212/1/14 259/1/14 215/1/14
f 215/1/14 226/1/14 223/1/14
f 224/1/14 215/1/14 223/1/14
f 211/1/14 212/1/14 215/1/14
f 211/1/14 215/1/14 217/1/14
f 215/1/14 218/1/14 217/1/14
f 224/1/14 223/1/14 222/1/14
f 230/1/14 224/1/14 229/1/14
f 224/1/14 222/1/14 229/1/14
f 217/1/14 218/1/14 229/1/14
f 300/1/150 303/1/150 309/1/150
f 311/1/151 308/1/151 302/1/151
f 310/1/152 309/1/152 306/1/152
f 311/1/153 304/1/153 307/1/153
f 312/1/154 299/1/154 296/1/154
f 298/1/155 315/1/155 314/1/155
f 1168/2/783 1165/2/783 1177/2/783
f 1165/2/7 1163/2/7 1177/2/7
f 332/4/784 324/4/784 327/4/784
f 328/4/785 329/4/785 330/4/785
f 332/4/786 327/4/786 331/4/786
f 327/4/787 328/4/787 333/4/787
f 316/4/788 317/4/788 325/4/788
f 317/4/159 318/4/159 326/4/159
f 319/4/789 329/4/789 326/4/789
f 315/1/7 298/1/7 312/1/7
f 298/1/7 299/1/7 312/1/7
f 312/1/7 302/1/7 303/1/7
f 315/1/7 312/1/7 303/1/7
f 302/1/7 308/1/7 303/1/7
f 308/1/7 307/1/7 306/1/7
f 309/1/7 308/1/7 306/1/7
f 319/4/790 330/4/790 329/4/790
f 320/4/791 332/4/791 331/4/791
f 320/4/792 316/4/792 332/4/792
f 321/4/57 331/4/57 333/4/57
f 322/4/736 333/4/736 330/4/736
f 342/4/793 343/4/793 327/4/793
f 343/4/794 344/4/794 328/4/794
f 345/4/795 329/4/795 328/4/795
f 347/4/796 346/4/796 343/4/796
f 346/4/168 348/4/168 344/4/168
f 344/4/797 348/4/797 349/4/797
f 334/4/798 324/4/798 325/4/798
f 325/4/14 326/4/14 336/4/14
f 326/4/799 329/4/799 337/4/799
f 336/4/16 337/4/16 341/4/16
f 336/4/16 341/4/16 340/4/16
f 338/4/16 334/4/16 335/4/16
f 336/4/16 340/4/16 335/4/16
f 340/4/16 339/4/16 335/4/16
f 322/4/7 323/4/7 318/4/7
f 323/4/7 319/4/7 318/4/7
f 317/4/7 316/4/7 320/4/7
f 317/4/7 320/4/7 321/4/7
f 317/4/7 321/4/7 322/4/7
f 346/4/87 347/4/87 338/4/87
f 348/4/57 346/4/57 339/4/57
f 349/4/88 348/4/88 340/4/88
f 350/2/170 351/2/170 388/2/170
f 351/2/171 352/2/171 387/2/171
f 352/2/172 353/2/172 386/2/172
f 354/2/173 397/2/173 386/2/173
f 355/2/174 396/2/174 397/2/174
f 356/2/175 395/2/175 396/2/175
f 356/2/176 357/2/176 394/2/176
f 358/2/177 393/2/177 394/2/177
f 359/2/178 392/2/178 393/2/178
f 360/2/179 391/2/179 392/2/179
f 360/2/180 361/2/180 390/2/180
f 361/2/181 350/2/181 389/2/181
f 375/2/800 374/2/800 365/2/800
f 375/2/801 364/2/801 363/2/801
f 376/2/184 363/2/184 362/2/184
f 378/2/185 377/2/185 362/2/185
f 378/2/186 373/2/186 372/2/186
f 379/2/187 372/2/187 371/2/187
f 380/2/188 371/2/188 370/2/188
f 381/2/189 370/2/189 369/2/189
f 382/2/190 369/2/190 368/2/190
f 384/2/802 383/2/802 368/2/802
f 385/2/803 384/2/803 367/2/803
f 374/2/193 385/2/193 366/2/193
f 386/2/194 374/2/194 375/2/194
f 387/2/195 375/2/195 376/2/195
f 388/2/196 376/2/196 377/2/196
f 389/2/197 377/2/197 378/2/197
f 390/2/198 378/2/198 379/2/198
f 391/2/199 379/2/199 380/2/199
f 392/2/200 380/2/200 381/2/200
f 393/2/201 381/2/201 382/2/201
f 394/2/202 382/2/202 383/2/202
f 395/2/203 383/2/203 384/2/203
f 396/2/204 384/2/204 385/2/204
f 397/2/205 385/2/205 374/2/205
f 363/2/804 398/2/804 399/2/804
f 365/2/805 400/2/805 364/2/805
f 366/2/806 401/2/806 400/2/806
f 368/2/807 402/2/807 367/2/807
f 368/2/808 369/2/808 403/2/808
f 369/2/809 370/2/809 404/2/809
f 371/2/810 405/2/810 404/2/810
f 371/2/811 372/2/811 406/2/811
f 373/2/812 407/2/812 406/2/812
f 373/2/813 362/2/813 399/2/813
f 353/2/16 352/2/16 410/2/16
f 756/4/17 748/4/17 768/4/17
f 756/4/17 768/4/17 770/4/17
f 767/4/17 749/4/17 759/4/17
f 756/4/17 770/4/17 769/4/17
f 769/4/17 767/4/17 759/4/17
f 350/2/16 361/2/16 419/2/16
f 361/2/16 360/2/16 419/2/16
f 360/2/16 359/2/16 418/2/16
f 359/2/16 358/2/16 417/2/16
f 418/2/16 359/2/16 417/2/16
f 358/2/16 357/2/16 415/2/16
f 357/2/16 356/2/16 415/2/16
f 356/2/16 355/2/16 413/2/16
f 355/2/16 354/2/16 412/2/16
f 354/2/16 353/2/16 411/2/16
f 354/2/16 411/2/16 412/2/16
f 351/2/16 350/2/16 408/2/16
f 410/2/16 352/2/16 351/2/16
f 409/2/16 410/2/16 351/2/16
f 355/2/16 412/2/16 413/2/16
f 408/2/16 409/2/16 351/2/16
f 419/2/16 408/2/16 350/2/16
f 356/2/16 413/2/16 414/2/16
f 356/2/16 414/2/16 415/2/16
f 418/2/16 419/2/16 360/2/16
f 358/2/16 415/2/16 416/2/16
f 398/1/814 364/1/814 420/1/814
f 401/1/815 367/1/815 421/1/815
f 404/1/816 422/1/816 403/1/816
f 405/1/817 406/1/817 423/1/817
f 399/1/818 424/1/818 407/1/818
f 426/1/221 425/1/221 410/1/221
f 427/1/222 426/1/222 409/1/222
f 427/1/223 408/1/223 419/1/223
f 429/1/224 428/1/224 419/1/224
f 429/1/225 418/1/225 417/1/225
f 430/1/226 417/1/226 416/1/226
f 431/1/227 416/1/227 415/1/227
f 433/1/228 432/1/228 415/1/228
f 434/1/229 433/1/229 414/1/229
f 434/1/230 413/1/230 412/1/230
f 435/1/231 412/1/231 411/1/231
f 436/1/232 411/1/232 410/1/232
f 401/1/819 421/1/819 437/1/819
f 402/1/820 403/1/820 438/1/820
f 422/1/821 405/1/821 439/1/821
f 423/1/822 407/1/822 440/1/822
f 398/1/823 441/1/823 440/1/823
f 420/1/824 400/1/824 442/1/824
f 107/1/57 97/1/57 96/1/57
f 95/1/57 102/1/57 117/1/57
f 104/1/57 107/1/57 96/1/57
f 95/1/57 117/1/57 103/1/57
f 104/1/57 96/1/57 103/1/57
f 448/1/7 443/1/7 446/1/7
f 443/1/7 444/1/7 446/1/7
f 444/1/7 445/1/7 446/1/7
f 441/1/245 443/1/245 448/1/245
f 442/1/246 444/1/246 443/1/246
f 442/1/247 437/1/247 445/1/247
f 438/1/248 446/1/248 445/1/248
f 439/1/249 447/1/249 446/1/249
f 440/1/250 448/1/250 447/1/250
f 450/5/251 458/5/251 457/5/251
f 451/5/252 459/5/252 458/5/252
f 452/5/253 460/5/253 459/5/253
f 453/5/254 461/5/254 460/5/254
f 454/5/255 462/5/255 461/5/255
f 455/5/256 463/5/256 462/5/256
f 456/5/257 464/5/257 463/5/257
f 449/5/258 457/5/258 464/5/258
f 450/5/7 449/5/7 456/5/7
f 456/5/7 455/5/7 450/5/7
f 455/5/7 454/5/7 450/5/7
f 454/5/7 453/5/7 452/5/7
f 452/5/7 451/5/7 454/5/7
f 464/5/16 457/5/16 458/5/16
f 458/5/16 459/5/16 460/5/16
f 460/5/16 461/5/16 462/5/16
f 462/5/16 463/5/16 464/5/16
f 464/5/16 458/5/16 462/5/16
f 465/2/259 502/2/259 501/2/259
f 466/2/260 501/2/260 500/2/260
f 467/2/261 500/2/261 499/2/261
f 499/2/262 510/2/262 469/2/262
f 510/2/263 509/2/263 470/2/263
f 509/2/264 508/2/264 471/2/264
f 508/2/265 507/2/265 472/2/265
f 507/2/266 506/2/266 473/2/266
f 506/2/267 505/2/267 474/2/267
f 505/2/268 504/2/268 475/2/268
f 475/2/269 504/2/269 503/2/269
f 476/2/270 503/2/270 502/2/270
f 488/2/825 512/2/825 479/2/825
f 478/2/826 512/2/826 488/2/826
f 477/2/273 478/2/273 489/2/273
f 491/2/274 486/2/274 477/2/274
f 485/2/275 486/2/275 491/2/275
f 493/2/276 484/2/276 485/2/276
f 483/2/277 484/2/277 493/2/277
f 482/2/278 483/2/278 494/2/278
f 481/2/279 482/2/279 495/2/279
f 497/2/827 513/2/827 481/2/827
f 480/2/828 513/2/828 497/2/828
f 487/2/282 479/2/282 480/2/282
f 488/2/194 487/2/194 499/2/194
f 489/2/195 488/2/195 500/2/195
f 490/2/196 489/2/196 501/2/196
f 491/2/197 490/2/197 502/2/197
f 492/2/198 491/2/198 503/2/198
f 493/2/199 492/2/199 504/2/199
f 494/2/200 493/2/200 505/2/200
f 495/2/201 494/2/201 506/2/201
f 496/2/202 495/2/202 507/2/202
f 497/2/203 496/2/203 508/2/203
f 498/2/204 497/2/204 509/2/204
f 487/2/205 498/2/205 510/2/205
f 511/2/829 529/2/829 478/2/829
f 478/2/830 529/2/830 512/2/830
f 512/2/831 531/2/831 479/2/831
f 531/2/832 532/2/832 480/2/832
f 480/2/833 532/2/833 513/2/833
f 513/2/834 534/2/834 481/2/834
f 481/2/835 534/2/835 535/2/835
f 482/2/836 535/2/836 514/2/836
f 514/2/837 537/2/837 484/2/837
f 484/2/838 537/2/838 515/2/838
f 515/2/839 539/2/839 486/2/839
f 486/2/840 539/2/840 511/2/840
f 524/2/7 523/2/7 472/2/7
f 511/1/841 528/1/841 529/1/841
f 535/1/842 536/1/842 514/1/842
f 515/1/843 538/1/843 539/1/843
f 539/1/844 528/1/844 511/1/844
f 541/1/297 517/1/297 518/1/297
f 542/1/298 516/1/298 517/1/298
f 527/1/299 516/1/299 542/1/299
f 544/1/300 526/1/300 527/1/300
f 525/1/301 526/1/301 544/1/301
f 524/1/302 525/1/302 545/1/302
f 523/1/303 524/1/303 546/1/303
f 548/1/304 522/1/304 523/1/304
f 549/1/305 521/1/305 522/1/305
f 520/1/306 521/1/306 549/1/306
f 519/1/307 520/1/307 550/1/307
f 518/1/308 519/1/308 551/1/308
f 532/1/845 557/1/845 552/1/845
f 534/1/846 552/1/846 553/1/846
f 536/1/847 553/1/847 554/1/847
f 538/1/848 554/1/848 555/1/848
f 555/1/849 556/1/849 529/1/849
f 530/1/850 556/1/850 557/1/850
f 544/1/7 543/1/7 542/1/7
f 542/1/7 541/1/7 544/1/7
f 541/1/7 540/1/7 544/1/7
f 540/1/7 551/1/7 550/1/7
f 550/1/7 549/1/7 540/1/7
f 549/1/7 548/1/7 540/1/7
f 548/1/7 547/1/7 546/1/7
f 546/1/7 545/1/7 544/1/7
f 548/1/7 546/1/7 540/1/7
f 63/1/57 65/1/57 66/1/57
f 555/1/321 563/1/321 558/1/321
f 558/1/322 559/1/322 557/1/322
f 557/1/323 559/1/323 560/1/323
f 560/1/324 561/1/324 553/1/324
f 561/1/325 562/1/325 554/1/325
f 562/1/326 563/1/326 555/1/326
f 565/5/17 567/5/17 566/5/17
f 567/5/327 569/5/327 568/5/327
f 569/5/15 571/5/15 570/5/15
f 565/5/7 571/5/7 569/5/7
f 564/5/16 566/5/16 568/5/16
f 576/1/148 579/1/148 590/1/148
f 588/1/149 589/1/149 578/1/149
f 586/1/150 579/1/150 576/1/150
f 578/1/151 587/1/151 584/1/151
f 582/1/152 586/1/152 585/1/152
f 587/1/153 583/1/153 580/1/153
f 572/1/154 575/1/154 589/1/154
f 591/1/155 590/1/155 574/1/155
f 593/5/17 595/5/17 594/5/17
f 595/5/327 597/5/327 596/5/327
f 597/5/15 599/5/15 598/5/15
f 593/5/7 599/5/7 597/5/7
f 592/5/16 594/5/16 596/5/16
f 601/4/851 605/4/851 604/4/851
f 602/4/852 606/4/852 605/4/852
f 603/4/853 607/4/853 606/4/853
f 600/4/854 604/4/854 607/4/854
f 600/4/17 603/4/17 601/4/17
f 607/4/15 604/4/15 605/4/15
f 605/4/15 606/4/15 607/4/15
f 610/4/855 611/4/855 609/4/855
f 610/4/333 612/4/333 613/4/333
f 612/4/856 614/4/856 615/4/856
f 608/4/335 609/4/335 615/4/335
f 611/4/336 613/4/336 615/4/336
f 617/4/857 620/4/857 621/4/857
f 618/4/858 621/4/858 622/4/858
f 622/4/859 623/4/859 619/4/859
f 623/4/860 620/4/860 616/4/860
f 616/4/57 617/4/57 619/4/57
f 617/4/57 618/4/57 619/4/57
f 620/4/14 623/4/14 622/4/14
f 628/4/861 629/4/861 625/4/861
f 629/4/862 630/4/862 626/4/862
f 630/4/863 628/4/863 624/4/863
f 627/4/57 624/4/57 626/4/57
f 624/4/57 625/4/57 626/4/57
f 628/4/14 630/4/14 629/4/14
f 632/4/851 636/4/851 635/4/851
f 633/4/852 637/4/852 636/4/852
f 634/4/853 638/4/853 637/4/853
f 631/4/854 635/4/854 638/4/854
f 631/4/17 634/4/17 632/4/17
f 638/4/15 635/4/15 636/4/15
f 636/4/15 637/4/15 638/4/15
f 645/1/345 646/1/345 640/1/345
f 646/1/864 650/1/864 641/1/864
f 641/1/865 650/1/865 647/1/865
f 642/1/348 647/1/348 648/1/348
f 648/1/866 652/1/866 644/1/866
f 644/1/867 652/1/867 645/1/867
f 644/1/16 639/1/16 640/1/16
f 640/1/16 641/1/16 644/1/16
f 641/1/16 642/1/16 644/1/16
f 650/1/868 649/1/868 652/1/868
f 651/1/869 650/1/869 652/1/869
f 650/1/686 651/1/686 647/1/686
f 652/1/687 649/1/687 645/1/687
f 653/1/870 654/1/870 646/1/870
f 654/1/871 653/1/871 649/1/871
f 655/1/872 656/1/872 648/1/872
f 656/1/873 655/1/873 651/1/873
f 659/4/357 660/4/357 658/4/357
f 659/4/358 661/4/358 662/4/358
f 661/4/359 663/4/359 664/4/359
f 657/4/360 658/4/360 664/4/360
f 660/4/7 662/4/7 664/4/7
f 666/5/763 680/5/763 679/5/763
f 676/6/874 671/6/874 670/6/874
f 670/6/875 677/6/875 676/6/875
f 673/5/764 667/5/764 665/5/764
f 666/5/765 668/5/765 673/5/765
f 667/5/766 679/5/766 680/5/766
f 706/5/876 707/5/876 710/5/876
f 707/5/877 708/5/877 711/5/877
f 707/5/878 711/5/878 710/5/878
f 708/5/879 718/5/879 711/5/879
f 718/5/880 712/5/880 711/5/880
f 710/5/881 709/5/881 706/5/881
f 669/6/767 678/6/767 677/6/767
f 670/6/768 671/6/768 672/6/768
f 672/6/882 671/6/882 676/6/882
f 675/6/770 676/6/770 677/6/770
f 668/5/883 679/5/883 678/5/883
f 673/5/884 668/5/884 672/5/884
f 672/5/885 668/5/885 669/5/885
f 675/5/886 667/5/886 672/5/886
f 667/5/887 673/5/887 672/5/887
f 668/5/888 678/5/888 669/5/888
f 682/4/889 686/4/889 685/4/889
f 683/4/890 687/4/890 686/4/890
f 681/4/891 685/4/891 687/4/891
f 681/4/57 684/4/57 683/4/57
f 687/4/14 685/4/14 686/4/14
f 689/4/892 691/4/892 690/4/892
f 690/4/370 691/4/370 693/4/370
f 692/4/893 693/4/893 695/4/893
f 695/4/372 689/4/372 688/4/372
f 695/4/373 693/4/373 691/4/373
f 700/4/779 701/4/779 697/4/779
f 701/4/780 702/4/780 698/4/780
f 702/4/781 703/4/781 699/4/781
f 703/4/782 700/4/782 696/4/782
f 699/4/17 696/4/17 697/4/17
f 697/4/17 698/4/17 699/4/17
f 700/4/15 703/4/15 701/4/15
f 706/5/894 705/5/894 717/5/894
f 713/6/771 714/6/771 715/6/771
f 715/6/772 716/6/772 713/6/772
f 719/5/895 718/5/895 708/5/895
f 708/5/896 707/5/896 717/5/896
f 718/5/897 719/5/897 705/5/897
f 833/4/898 829/4/898 813/4/898
f 734/5/899 722/5/899 728/5/899
f 728/5/900 722/5/900 725/5/900
f 722/5/883 723/5/883 725/5/883
f 725/5/901 723/5/901 726/5/901
f 727/5/902 724/5/902 734/5/902
f 728/5/880 727/5/880 734/5/880
f 675/5/903 678/5/903 679/5/903
f 713/6/904 709/6/904 710/6/904
f 711/6/905 715/6/905 714/6/905
f 711/6/906 712/6/906 716/6/906
f 712/6/907 709/6/907 713/6/907
f 722/5/894 721/5/894 733/5/894
f 283/6/874 278/6/874 277/6/874
f 277/6/875 284/6/875 283/6/875
f 735/5/895 734/5/895 724/5/895
f 724/5/896 723/5/896 733/5/896
f 734/5/897 735/5/897 721/5/897
f 591/1/7 573/1/7 588/1/7
f 573/1/7 572/1/7 588/1/7
f 588/1/7 577/1/7 576/1/7
f 591/1/7 588/1/7 576/1/7
f 577/1/7 584/1/7 576/1/7
f 584/1/7 580/1/7 581/1/7
f 585/1/7 584/1/7 581/1/7
f 723/5/877 724/5/877 727/5/877
f 729/6/904 725/6/904 726/6/904
f 727/6/905 731/6/905 730/6/905
f 727/6/906 728/6/906 732/6/906
f 728/6/907 725/6/907 729/6/907
f 741/4/202 740/4/202 737/4/202
f 738/4/908 784/4/908 748/4/908
f 741/4/388 744/4/388 746/4/388
f 742/4/199 745/4/199 744/4/199
f 746/4/390 745/4/390 754/4/390
f 748/4/909 756/4/909 755/4/909
f 749/4/910 750/4/910 760/4/910
f 751/4/911 752/4/911 766/4/911
f 754/4/912 763/4/912 762/4/912
f 757/4/395 764/4/395 766/4/395
f 756/4/396 759/4/396 758/4/396
f 758/4/913 760/4/913 762/4/913
f 763/4/914 765/4/914 764/4/914
f 737/4/915 740/4/915 788/4/915
f 768/4/17 748/4/17 784/4/17
f 784/4/916 737/4/916 788/4/916
f 788/4/399 749/4/399 767/4/399
f 767/4/17 768/4/17 784/4/17
f 780/4/14 782/4/14 783/4/14
f 775/4/917 752/4/917 751/4/917
f 174/4/57 165/4/57 169/4/57
f 165/4/57 161/4/57 169/4/57
f 161/4/918 155/4/918 169/4/918
f 427/1/16 428/1/16 429/1/16
f 429/1/16 430/1/16 427/1/16
f 430/1/16 431/1/16 427/1/16
f 431/1/16 432/1/16 433/1/16
f 433/1/16 434/1/16 431/1/16
f 434/1/16 435/1/16 431/1/16
f 435/1/16 436/1/16 425/1/16
f 425/1/16 426/1/16 435/1/16
f 426/1/16 427/1/16 435/1/16
f 771/4/17 773/4/17 774/4/17
f 747/4/401 755/4/401 766/4/401
f 218/1/7 215/1/7 213/1/7
f 742/4/15 751/4/15 754/4/15
f 751/4/15 765/4/15 754/4/15
f 765/4/15 763/4/15 754/4/15
f 217/1/410 216/1/410 209/1/410
f 767/4/411 771/4/411 772/4/411
f 769/4/412 773/4/412 771/4/412
f 769/4/413 770/4/413 774/4/413
f 770/4/414 768/4/414 772/4/414
f 758/4/14 761/4/14 776/4/14
f 761/4/14 778/4/14 776/4/14
f 776/4/14 777/4/14 758/4/14
f 345/4/57 349/4/57 341/4/57
f 337/4/919 329/4/919 345/4/919
f 776/4/415 780/4/415 781/4/415
f 778/4/920 782/4/920 780/4/920
f 779/4/921 783/4/921 782/4/921
f 779/4/418 777/4/418 781/4/418
f 738/4/922 737/4/922 784/4/922
f 789/4/923 750/4/923 749/4/923
f 793/4/15 796/4/15 792/4/15
f 796/4/15 813/4/15 792/4/15
f 792/4/15 790/4/15 793/4/15
f 790/4/15 791/4/15 794/4/15
f 791/4/15 795/4/15 794/4/15
f 795/4/15 798/4/15 800/4/15
f 798/4/15 806/4/15 804/4/15
f 804/4/15 803/4/15 801/4/15
f 798/4/15 804/4/15 802/4/15
f 790/4/15 794/4/15 793/4/15
f 804/4/15 801/4/15 802/4/15
f 798/4/15 802/4/15 800/4/15
f 797/4/15 794/4/15 795/4/15
f 167/4/7 168/4/7 163/4/7
f 168/4/7 164/4/7 163/4/7
f 162/4/7 161/4/7 165/4/7
f 162/4/7 165/4/7 166/4/7
f 162/4/7 166/4/7 167/4/7
f 811/4/15 814/4/15 813/4/15
f 813/4/15 796/4/15 799/4/15
f 796/4/15 797/4/15 800/4/15
f 796/4/15 800/4/15 799/4/15
f 798/4/15 815/4/15 812/4/15
f 806/4/15 798/4/15 808/4/15
f 808/4/15 798/4/15 810/4/15
f 810/4/15 798/4/15 812/4/15
f 810/4/15 812/4/15 811/4/15
f 809/4/15 810/4/15 811/4/15
f 813/4/15 799/4/15 801/4/15
f 813/4/15 801/4/15 803/4/15
f 809/4/15 811/4/15 813/4/15
f 807/4/15 809/4/15 813/4/15
f 813/4/15 803/4/15 805/4/15
f 221/1/57 225/1/57 227/1/57
f 213/1/57 210/1/57 209/1/57
f 219/1/57 213/1/57 216/1/57
f 213/1/57 209/1/57 216/1/57
f 220/1/57 221/1/57 227/1/57
f 220/1/57 227/1/57 228/1/57
f 227/1/57 231/1/57 228/1/57
f 231/1/57 219/1/57 228/1/57
f 739/4/924 789/4/924 788/4/924
f 738/4/925 775/4/925 743/4/925
f 744/4/926 741/4/926 743/4/926
f 216/1/15 217/1/15 229/1/15
f 796/2/57 818/2/57 823/2/57
f 215/1/15 224/1/15 227/1/15
f 227/1/15 213/1/15 215/1/15
f 801/2/57 819/2/57 824/2/57
f 805/2/57 820/2/57 825/2/57
f 226/1/14 215/1/14 259/1/14
f 809/2/57 821/2/57 826/2/57
f 814/2/57 822/2/57 827/2/57
f 798/4/15 817/4/15 815/4/15
f 817/4/15 816/4/15 815/4/15
f 816/4/15 813/4/15 814/4/15
f 818/4/425 793/4/425 794/4/425
f 819/4/425 799/4/425 800/4/425
f 820/4/425 803/4/425 804/4/425
f 826/4/425 821/4/425 807/4/425
f 822/4/425 811/4/425 812/4/425
f 1088/2/428 1099/2/428 1108/2/428
f 1108/2/428 1098/2/428 1089/2/428
f 807/4/15 805/4/15 806/4/15
f 792/4/927 829/4/927 828/4/927
f 791/4/928 830/4/928 831/4/928
f 790/4/929 828/4/929 830/4/929
f 817/4/930 832/4/930 833/4/930
f 840/1/435 841/1/435 835/1/435
f 841/1/931 845/1/931 836/1/931
f 836/1/932 845/1/932 842/1/932
f 837/1/933 842/1/933 843/1/933
f 838/1/934 843/1/934 848/1/934
f 848/1/935 840/1/935 834/1/935
f 839/1/936 834/1/936 838/1/936
f 834/1/936 835/1/936 837/1/936
f 835/1/936 836/1/936 837/1/936
f 845/1/937 844/1/937 846/1/937
f 844/1/938 848/1/938 847/1/938
f 846/1/939 844/1/939 847/1/939
f 843/1/940 847/1/940 848/1/940
f 848/1/941 844/1/941 840/1/941
f 849/1/942 850/1/942 841/1/942
f 850/1/943 849/1/943 844/1/943
f 842/1/944 851/1/944 852/1/944
f 847/1/945 852/1/945 851/1/945
f 857/4/779 858/4/779 854/4/779
f 858/4/780 859/4/780 855/4/780
f 859/4/781 860/4/781 856/4/781
f 860/4/782 857/4/782 853/4/782
f 856/4/17 853/4/17 854/4/17
f 854/4/17 855/4/17 856/4/17
f 857/4/15 860/4/15 858/4/15
f 862/4/451 864/4/451 863/4/451
f 863/4/452 864/4/452 866/4/452
f 865/4/453 866/4/453 868/4/453
f 868/4/454 862/4/454 861/4/454
f 862/4/16 868/4/16 866/4/16
f 870/4/946 874/4/946 873/4/946
f 870/4/947 871/4/947 874/4/947
f 872/4/948 876/4/948 875/4/948
f 869/4/949 873/4/949 876/4/949
f 870/4/57 869/4/57 871/4/57
f 869/4/57 872/4/57 871/4/57
f 876/4/14 873/4/14 875/4/14
f 873/4/14 874/4/14 875/4/14
f 894/7/950 961/7/950 926/7/950
f 988/5/951 989/5/951 983/5/951
f 878/7/952 879/7/952 895/7/952
f 879/7/953 880/7/953 896/7/953
f 880/7/954 965/7/954 897/7/954
f 881/7/955 898/7/955 897/7/955
f 882/7/956 899/7/956 898/7/956
f 882/7/957 883/7/957 914/7/957
f 883/7/958 969/7/958 900/7/958
f 884/7/959 901/7/959 900/7/959
f 886/7/960 902/7/960 885/7/960
f 887/7/961 903/7/961 902/7/961
f 888/7/962 904/7/962 903/7/962
f 888/7/963 889/7/963 905/7/963
f 889/7/964 890/7/964 905/7/964
f 890/7/965 891/7/965 906/7/965
f 891/7/966 892/7/966 907/7/966
f 892/7/967 893/7/967 908/7/967
f 893/7/968 894/7/968 926/7/968
f 989/5/969 990/5/969 984/5/969
f 878/7/970 910/7/970 909/7/970
f 895/7/971 911/7/971 910/7/971
f 897/7/972 898/7/972 912/7/972
f 898/7/973 899/7/973 913/7/973
f 912/7/974 911/7/974 897/7/974
f 911/7/975 896/7/975 897/7/975
f 948/7/976 932/7/976 967/7/976
f 967/7/977 966/7/977 948/7/977
f 966/7/978 965/7/978 948/7/978
f 965/7/979 964/7/979 947/7/979
f 949/7/980 950/7/980 968/7/980
f 950/7/981 969/7/981 968/7/981
f 968/7/982 967/7/982 949/7/982
f 900/7/983 901/7/983 916/7/983
f 901/7/984 885/7/984 917/7/984
f 902/7/985 918/7/985 917/7/985
f 32/2/986 35/2/986 30/2/986
f 904/7/987 920/7/987 919/7/987
f 905/7/988 921/7/988 920/7/988
f 905/7/989 922/7/989 921/7/989
f 907/7/990 908/7/990 924/7/990
f 984/5/991 990/5/991 991/5/991
f 911/7/992 928/7/992 910/7/992
f 911/7/993 929/7/993 928/7/993
f 912/7/994 930/7/994 929/7/994
f 913/7/995 931/7/995 930/7/995
f 899/7/996 932/7/996 931/7/996
f 899/7/997 914/7/997 933/7/997
f 914/7/998 915/7/998 934/7/998
f 915/7/999 916/7/999 935/7/999
f 916/7/1000 917/7/1000 936/7/1000
f 917/7/1001 918/7/1001 937/7/1001
f 918/7/1002 919/7/1002 938/7/1002
f 920/7/1003 939/7/1003 938/7/1003
f 921/7/1004 940/7/1004 939/7/1004
f 954/7/1005 955/7/1005 973/7/1005
f 973/7/1006 972/7/1006 954/7/1006
f 922/7/1007 923/7/1007 942/7/1007
f 923/7/1008 907/7/1008 943/7/1008
f 924/7/1009 925/7/1009 944/7/1009
f 925/7/1010 926/7/1010 961/7/1010
f 985/5/1011 991/5/1011 992/5/1011
f 927/7/1012 910/7/1012 945/7/1012
f 928/7/1013 946/7/1013 945/7/1013
f 929/7/1014 947/7/1014 946/7/1014
f 930/7/1015 948/7/1015 947/7/1015
f 930/7/1016 931/7/1016 948/7/1016
f 933/7/1017 949/7/1017 932/7/1017
f 934/7/1018 950/7/1018 949/7/1018
f 934/7/1019 935/7/1019 951/7/1019
f 935/7/1020 936/7/1020 952/7/1020
f 936/7/1021 937/7/1021 953/7/1021
f 937/7/1022 938/7/1022 954/7/1022
f 938/7/1023 939/7/1023 955/7/1023
f 940/7/1024 957/7/1024 956/7/1024
f 942/7/1025 958/7/1025 957/7/1025
f 943/7/1026 924/7/1026 959/7/1026
f 944/7/1027 960/7/1027 959/7/1027
f 986/5/1028 992/5/1028 993/5/1028
f 962/7/1029 945/7/1029 963/7/1029
f 945/7/1030 946/7/1030 964/7/1030
f 946/7/1031 947/7/1031 964/7/1031
f 951/7/1032 970/7/1032 969/7/1032
f 952/7/1033 971/7/1033 970/7/1033
f 952/7/1034 953/7/1034 972/7/1034
f 953/7/1035 954/7/1035 972/7/1035
f 902/7/1036 903/7/1036 918/7/1036
f 955/7/1037 956/7/1037 974/7/1037
f 956/7/1038 957/7/1038 975/7/1038
f 958/7/1039 977/7/1039 976/7/1039
f 959/7/1040 978/7/1040 977/7/1040
f 961/7/1041 894/7/1041 978/7/1041
f 993/5/1042 988/5/1042 982/5/1042
f 962/7/1043 963/7/1043 878/7/1043
f 963/7/1044 964/7/1044 879/7/1044
f 965/7/1045 966/7/1045 881/7/1045
f 966/7/1046 967/7/1046 882/7/1046
f 968/7/1047 883/7/1047 882/7/1047
f 970/7/1048 884/7/1048 969/7/1048
f 971/7/1049 885/7/1049 884/7/1049
f 972/7/1050 886/7/1050 885/7/1050
f 973/7/1051 887/7/1051 886/7/1051
f 973/7/1052 974/7/1052 888/7/1052
f 974/7/1053 975/7/1053 889/7/1053
f 1107/3/1054 1105/3/1054 1111/3/1054
f 1111/3/1055 1104/3/1055 1107/3/1055
f 1104/3/1056 1106/3/1056 1107/3/1056
f 976/7/1057 891/7/1057 890/7/1057
f 977/7/1058 892/7/1058 891/7/1058
f 978/7/1059 893/7/1059 892/7/1059
f 979/7/1060 927/7/1060 962/7/1060
f 980/7/1061 962/7/1061 877/7/1061
f 981/7/1062 980/7/1062 877/7/1062
f 979/7/1063 981/7/1063 909/7/1063
f 981/5/1064 989/5/1064 988/5/1064
f 981/5/1065 990/5/1065 989/5/1065
f 981/5/1066 979/5/1066 991/5/1066
f 979/5/1067 980/5/1067 993/5/1067
f 980/5/1068 988/5/1068 993/5/1068
f 999/1/14 1000/1/14 1001/1/14
f 995/1/14 996/1/14 997/1/14
f 995/1/17 999/1/17 998/1/17
f 996/1/7 1000/1/7 999/1/7
f 997/1/15 1001/1/15 1000/1/15
f 994/1/16 998/1/16 1001/1/16
f 1014/1/1069 1015/1/1069 1016/1/1069
f 1017/1/1070 1018/1/1070 1004/1/1070
f 1015/1/57 1014/1/57 1017/1/57
f 1018/1/1071 1010/1/1071 1011/1/1071
f 1016/1/1072 1013/1/1072 1012/1/1072
f 1005/1/1073 1009/1/1073 1008/1/1073
f 1007/1/1074 1004/1/1074 1003/1/1074
f 1006/1/14 1008/1/14 1009/1/14
f 1011/1/1075 1010/1/1075 1003/1/1075
f 1012/1/1076 1013/1/1076 1005/1/1076
f 52/1/57 51/1/57 49/1/57
f 1003/1/17 1010/1/17 1018/1/17
f 1006/1/17 1003/1/17 1018/1/17
f 1006/1/17 1018/1/17 1017/1/17
f 1006/1/17 1017/1/17 1014/1/17
f 1014/1/17 1002/1/17 1008/1/17
f 1005/1/15 1013/1/15 1016/1/15
f 1009/1/15 1005/1/15 1016/1/15
f 1009/1/15 1016/1/15 1015/1/15
f 1009/1/15 1015/1/15 1007/1/15
f 1020/2/575 1022/2/575 1021/2/575
f 1024/2/576 1026/2/576 1025/2/576
f 1019/2/577 1029/2/577 1030/2/577
f 1019/2/7 1021/2/7 1025/2/7
f 1021/2/7 1023/2/7 1025/2/7
f 1019/2/7 1025/2/7 1027/2/7
f 238/1/14 222/1/14 239/1/14
f 222/1/14 223/1/14 239/1/14
f 239/1/14 262/1/14 261/1/14
f 250/1/1077 241/1/1077 238/1/1077
f 212/1/14 211/1/14 235/1/14
f 211/1/14 234/1/14 235/1/14
f 234/1/1077 250/1/1077 238/1/1077
f 238/1/14 239/1/14 235/1/14
f 239/1/14 261/1/14 235/1/14
f 1027/2/578 1025/2/578 1026/2/578
f 123/1/14 124/1/14 140/1/14
f 140/1/14 142/1/14 123/1/14
f 142/1/14 130/1/14 123/1/14
f 130/1/14 129/1/14 121/1/14
f 129/1/14 132/1/14 121/1/14
f 132/1/14 134/1/14 119/1/14
f 134/1/14 136/1/14 119/1/14
f 136/1/14 138/1/14 125/1/14
f 136/1/14 125/1/14 126/1/14
f 122/1/14 123/1/14 130/1/14
f 136/1/14 126/1/14 119/1/14
f 121/1/14 122/1/14 130/1/14
f 132/1/14 119/1/14 120/1/14
f 1029/2/579 1027/2/579 1028/2/579
f 1035/2/580 1037/2/580 1039/2/580
f 1034/2/581 1041/2/581 1042/2/581
f 1041/2/7 1032/2/7 1050/2/7
f 1058/3/1078 1047/3/1078 1057/3/1078
f 1042/2/1079 1054/2/1079 1055/2/1079
f 1033/2/1080 1034/2/1080 1052/2/1080
f 1036/2/584 1040/2/584 1039/2/584
f 1034/2/1081 1041/2/1081 1051/2/1081
f 1041/2/428 1032/2/428 1031/2/428
f 1054/2/1082 1042/2/1082 1033/2/1082
f 560/1/16 559/1/16 558/1/16
f 558/1/16 563/1/16 562/1/16
f 562/1/16 561/1/16 558/1/16
f 1035/2/575 1050/2/575 1046/2/575
f 1050/2/1083 1032/2/1083 1044/2/1083
f 1032/2/1084 1031/2/1084 1044/2/1084
f 1031/2/1085 1043/2/1085 1044/2/1085
f 1045/2/575 1037/2/575 1035/2/575
f 1046/2/575 1045/2/575 1035/2/575
f 718/5/899 706/5/899 712/5/899
f 1044/7/1086 1043/7/1086 1047/7/1086
f 1056/7/1087 1057/7/1087 1047/7/1087
f 1046/7/591 1049/7/591 1048/7/591
f 1050/2/7 1035/2/7 1040/2/7
f 1051/2/1088 1040/2/1088 1036/2/1088
f 1053/2/1089 1052/2/1089 1036/2/1089
f 1054/2/1090 1053/2/1090 1038/2/1090
f 1055/2/1091 1054/2/1091 1039/2/1091
f 1056/7/590 1045/7/590 1048/7/590
f 1057/3/1092 1048/3/1092 1049/3/1092
f 1044/7/1093 1058/7/1093 1049/7/1093
f 1071/1/1069 1072/1/1069 1073/1/1069
f 1074/1/1070 1075/1/1070 1061/1/1070
f 1072/1/57 1071/1/57 1074/1/57
f 1075/1/1071 1067/1/1071 1068/1/1071
f 1073/1/1072 1070/1/1072 1069/1/1072
f 1062/1/1073 1066/1/1073 1065/1/1073
f 1064/1/1074 1061/1/1074 1060/1/1074
f 1063/1/14 1065/1/14 1066/1/14
f 1068/1/1075 1067/1/1075 1060/1/1075
f 1069/1/1076 1070/1/1076 1062/1/1076
f 1060/1/17 1067/1/17 1075/1/17
f 1071/1/17 1059/1/17 1065/1/17
f 1063/1/17 1060/1/17 1075/1/17
f 1063/1/17 1075/1/17 1074/1/17
f 1063/1/17 1074/1/17 1071/1/17
f 1062/1/15 1070/1/15 1073/1/15
f 1066/1/15 1062/1/15 1073/1/15
f 1066/1/15 1073/1/15 1072/1/15
f 1066/1/15 1072/1/15 1064/1/15
f 271/1/1094 225/1/1094 269/1/1094
f 225/1/1095 226/1/1095 269/1/1095
f 259/1/1096 214/1/1096 267/1/1096
f 214/1/1097 264/1/1097 267/1/1097
f 269/1/1098 226/1/1098 259/1/1098
f 260/1/17 261/1/17 266/1/17
f 270/1/17 268/1/17 263/1/17
f 268/1/17 262/1/17 263/1/17
f 260/1/17 266/1/17 265/1/17
f 270/1/600 263/1/600 260/1/600
f 1077/2/575 1079/2/575 1078/2/575
f 1081/2/576 1083/2/576 1082/2/576
f 1076/2/577 1086/2/577 1087/2/577
f 1130/1/17 1137/1/17 1144/1/17
f 1133/1/17 1130/1/17 1144/1/17
f 1133/1/17 1144/1/17 1143/1/17
f 1133/1/17 1143/1/17 1135/1/17
f 1076/2/7 1078/2/7 1082/2/7
f 1078/2/7 1080/2/7 1082/2/7
f 1076/2/7 1082/2/7 1084/2/7
f 1078/2/107 1079/2/107 1081/2/107
f 1084/2/578 1082/2/578 1083/2/578
f 1083/2/16 1081/2/16 1079/2/16
f 1079/2/16 1077/2/16 1083/2/16
f 1077/2/16 1087/2/16 1083/2/16
f 1086/2/579 1084/2/579 1085/2/579
f 1091/2/581 1098/2/581 1108/2/581
f 1089/2/7 1092/2/7 1097/2/7
f 921/7/1099 922/7/1099 940/7/1099
f 922/7/1100 941/7/1100 940/7/1100
f 1088/2/1101 1099/2/1101 1096/2/1101
f 1090/2/1102 1109/2/1102 1110/2/1102
f 1098/2/1103 1097/2/1103 1093/2/1103
f 1099/2/1104 1090/2/1104 1095/2/1104
f 1031/2/575 1055/2/575 1043/2/575
f 1055/2/575 1037/2/575 1045/2/575
f 1056/2/575 1055/2/575 1045/2/575
f 1092/2/575 1089/2/575 1101/2/575
f 1112/7/1105 1100/7/1105 1104/7/1105
f 1102/7/1106 1106/7/1106 1104/7/1106
f 1103/7/1107 1107/7/1107 1106/7/1107
f 1103/7/1108 1101/7/1108 1105/7/1108
f 1108/2/581 1099/2/581 1090/2/581
f 1109/2/1109 1091/2/1109 1093/2/1109
f 1093/2/1110 1097/2/1110 1096/2/1110
f 1094/2/1111 1092/2/1111 1103/2/1111
f 1103/2/1112 1102/2/1112 1094/2/1112
f 1100/2/575 1112/2/575 1088/2/575
f 1112/2/575 1101/2/575 1089/2/575
f 1112/2/575 1089/2/575 1088/2/575
f 1094/2/575 1102/2/575 1100/2/575
f 1112/7/1113 1111/7/1113 1105/7/1113
f 1117/2/57 1119/2/57 1120/2/57
f 1114/2/57 1113/2/57 1115/2/57
f 1114/2/15 1117/2/15 1118/2/15
f 1113/2/7 1119/2/7 1117/2/7
f 1115/2/17 1120/2/17 1119/2/17
f 1116/2/16 1118/2/16 1120/2/16
f 1125/2/57 1127/2/57 1128/2/57
f 1122/2/57 1121/2/57 1123/2/57
f 1122/2/15 1125/2/15 1126/2/15
f 1121/2/7 1127/2/7 1125/2/7
f 1123/2/17 1128/2/17 1127/2/17
f 1124/2/16 1126/2/16 1128/2/16
f 1135/1/1114 1141/1/1114 1142/1/1114
f 1144/1/1115 1131/1/1115 1145/1/1115
f 1141/1/1116 1135/1/1116 1143/1/1116
f 1144/1/1117 1137/1/1117 1138/1/1117
f 1142/1/1118 1140/1/1118 1139/1/1118
f 1129/1/1119 1132/1/1119 1136/1/1119
f 1134/1/1120 1131/1/1120 1130/1/1120
f 1133/1/1121 1135/1/1121 1136/1/1121
f 1131/1/1122 1138/1/1122 1137/1/1122
f 1139/1/1123 1140/1/1123 1132/1/1123
f 1132/1/15 1140/1/15 1142/1/15
f 1136/1/15 1132/1/15 1142/1/15
f 1136/1/15 1142/1/15 1141/1/15
f 1136/1/15 1141/1/15 1145/1/15
f 1145/1/15 1131/1/15 1134/1/15
f 1147/2/624 1149/2/624 1148/2/624
f 1151/2/625 1153/2/625 1152/2/625
f 1146/2/626 1156/2/626 1157/2/626
f 589/1/16 575/1/16 574/1/16
f 589/1/16 574/1/16 590/1/16
f 583/1/16 587/1/16 582/1/16
f 587/1/16 578/1/16 579/1/16
f 586/1/16 587/1/16 579/1/16
f 586/1/16 582/1/16 587/1/16
f 589/1/16 590/1/16 579/1/16
f 1146/2/16 1148/2/16 1152/2/16
f 1148/2/16 1150/2/16 1152/2/16
f 1146/2/16 1152/2/16 1154/2/16
f 1188/2/627 1189/2/627 1191/2/627
f 1153/2/7 1151/2/7 1149/2/7
f 1149/2/7 1147/2/7 1153/2/7
f 1147/2/7 1157/2/7 1153/2/7
f 1154/2/628 1152/2/628 1153/2/628
f 1156/2/629 1154/2/629 1155/2/629
f 1161/2/654 1163/2/654 1165/2/654
f 1167/2/1124 1168/2/1124 1159/2/1124
f 1174/3/1125 1173/3/1125 1175/3/1125
f 1148/2/627 1149/2/627 1151/2/627
f 1160/2/1126 1162/2/1126 1164/2/1126
f 1166/2/1127 1165/2/1127 1164/2/1127
f 1160/2/1128 1167/2/1128 1166/2/1128
f 1167/2/1129 1158/2/1129 1177/2/1129
f 1177/2/1130 1171/2/1130 1169/2/1130
f 786/4/1131 785/4/1131 760/4/1131
f 785/4/1131 753/4/1131 762/4/1131
f 760/4/1131 785/4/1131 762/4/1131
f 1169/7/1132 1173/7/1132 1174/7/1132
f 1171/7/1133 1175/7/1133 1173/7/1133
f 1172/7/1134 1176/7/1134 1175/7/1134
f 1158/2/1135 1161/2/1135 1166/2/1135
f 1182/2/14 1184/2/14 1185/2/14
f 1179/2/14 1178/2/14 1180/2/14
f 1179/2/15 1182/2/15 1183/2/15
f 1178/2/16 1184/2/16 1182/2/16
f 1180/2/17 1185/2/17 1184/2/17
f 1181/2/7 1183/2/7 1185/2/7
f 1187/2/624 1189/2/624 1188/2/624
f 1161/2/1136 1158/2/1136 1172/2/1136
f 1158/2/624 1177/2/624 1169/2/624
f 1158/2/1137 1169/2/1137 1170/2/1137
f 1171/2/1138 1177/2/1138 1163/2/1138
f 1172/2/1139 1171/2/1139 1161/2/1139
f 1171/2/1140 1163/2/1140 1161/2/1140
f 1191/2/625 1193/2/625 1192/2/625
f 1186/2/626 1196/2/626 1197/2/626
f 237/1/57 221/1/57 220/1/57
f 236/1/1141 240/1/1141 246/1/1141
f 237/1/57 220/1/57 236/1/57
f 260/1/57 263/1/57 237/1/57
f 209/1/57 210/1/57 233/1/57
f 233/1/57 260/1/57 237/1/57
f 237/1/57 236/1/57 232/1/57
f 236/1/1142 246/1/1142 232/1/1142
f 232/1/57 209/1/57 233/1/57
f 1186/2/16 1188/2/16 1192/2/16
f 1188/2/16 1190/2/16 1192/2/16
f 1186/2/16 1192/2/16 1194/2/16
f 1194/2/628 1192/2/628 1193/2/628
f 66/1/1143 65/1/1143 68/1/1143
f 1196/2/629 1194/2/629 1195/2/629
f 1201/2/631 1207/2/631 1218/2/631
f 1199/2/16 1202/2/16 1206/2/16
f 914/7/1144 900/7/1144 915/7/1144
f 1198/2/7 1208/2/7 1205/2/7
f 1200/2/1145 1219/2/1145 1220/2/1145
f 1221/2/1146 1205/2/1146 1204/2/1146
f 1207/2/1147 1206/2/1147 1203/2/1147
f 280/5/1148 275/5/1148 279/5/1148
f 1208/2/1149 1200/2/1149 1204/2/1149
f 1221/2/654 1206/2/654 1216/2/654
f 1206/2/654 1202/2/654 1216/2/654
f 1198/2/1150 1216/2/1150 1217/2/1150
f 1198/2/1151 1217/2/1151 1209/2/1151
f 1217/2/1152 1216/2/1152 1211/2/1152
f 1216/2/624 1202/2/624 1211/2/624
f 1199/2/1153 1198/2/1153 1210/2/1153
f 1198/2/1154 1209/2/1154 1210/2/1154
f 1211/2/624 1202/2/624 1199/2/624
f 1210/7/1155 1209/7/1155 1212/7/1155
f 1209/7/1156 1217/7/1156 1214/7/1156
f 1211/7/1157 1210/7/1157 1213/7/1157
f 1198/2/659 1208/2/659 1218/2/659
f 1218/2/659 1207/2/659 1199/2/659
f 1217/7/1158 1211/7/1158 1215/7/1158
f 1218/2/631 1208/2/631 1200/2/631
f 1219/2/1159 1201/2/1159 1203/2/1159
f 1203/2/1146 1206/2/1146 1221/2/1146
f 1228/1/1114 1234/1/1114 1235/1/1114
f 1237/1/1115 1224/1/1115 1238/1/1115
f 1234/1/1116 1228/1/1116 1236/1/1116
f 1237/1/1117 1230/1/1117 1231/1/1117
f 1235/1/1118 1233/1/1118 1232/1/1118
f 1222/1/1119 1225/1/1119 1229/1/1119
f 1227/1/1120 1224/1/1120 1223/1/1120
f 1226/1/1121 1228/1/1121 1229/1/1121
f 1224/1/1122 1231/1/1122 1230/1/1122
f 1232/1/1123 1233/1/1123 1225/1/1123
f 1225/1/15 1233/1/15 1235/1/15
f 1238/1/15 1224/1/15 1227/1/15
f 1229/1/15 1225/1/15 1235/1/15
f 1229/1/15 1235/1/15 1234/1/15
f 1229/1/15 1234/1/15 1227/1/15
f 164/4/57 168/4/57 172/4/57
f 168/4/57 176/4/57 172/4/57
f 145/4/16 146/4/16 150/4/16
f 145/4/16 150/4/16 149/4/16
f 147/4/16 143/4/16 144/4/16
f 145/4/16 149/4/16 144/4/16
f 149/4/16 148/4/16 144/4/16
f 1240/1/665 1246/1/665 1245/1/665
f 1241/1/1160 1251/1/1160 1246/1/1160
f 1241/1/1161 1242/1/1161 1247/1/1161
f 1242/1/1162 1243/1/1162 1248/1/1162
f 1243/1/1163 1244/1/1163 1249/1/1163
f 1239/1/1164 1245/1/1164 1249/1/1164
f 1240/1/671 1239/1/671 1242/1/671
f 1239/1/671 1244/1/671 1243/1/671
f 1242/1/1165 1239/1/1165 1243/1/1165
f 1249/1/1166 1250/1/1166 1253/1/1166
f 1250/1/1167 1251/1/1167 1252/1/1167
f 1251/1/1168 1247/1/1168 1252/1/1168
f 1245/1/1169 1250/1/1169 1249/1/1169
f 1246/1/1170 1254/1/1170 1255/1/1170
f 1246/1/1171 1251/1/1171 1254/1/1171
f 1250/1/1172 1255/1/1172 1254/1/1172
f 1247/1/1173 1248/1/1173 1256/1/1173
f 1248/1/1174 1253/1/1174 1256/1/1174
f 1253/1/1175 1252/1/1175 1257/1/1175
f 1259/4/851 1263/4/851 1262/4/851
f 1260/4/852 1264/4/852 1263/4/852
f 1261/4/853 1265/4/853 1264/4/853
f 1258/4/854 1262/4/854 1265/4/854
f 1258/4/17 1261/4/17 1259/4/17
f 1265/4/15 1262/4/15 1263/4/15
f 1263/4/15 1264/4/15 1265/4/15
f 1267/8/16 1269/8/16 1268/8/16
f 1269/8/15 1273/8/15 1272/8/15
f 1273/8/7 1271/8/7 1270/8/7
f 1271/8/17 1267/8/17 1266/8/17
f 1272/8/57 1270/8/57 1266/8/57
f 1269/8/14 1267/8/14 1271/8/14
f 1275/8/16 1277/8/16 1276/8/16
f 1277/8/15 1281/8/15 1280/8/15
f 1281/8/7 1279/8/7 1278/8/7
f 1279/8/17 1275/8/17 1274/8/17
f 1280/8/57 1278/8/57 1274/8/57
f 1277/8/14 1275/8/14 1279/8/14
f 1283/8/16 1285/8/16 1284/8/16
f 1285/8/15 1289/8/15 1288/8/15
f 1289/8/7 1287/8/7 1286/8/7
f 1287/8/17 1283/8/17 1282/8/17
f 1288/8/57 1286/8/57 1282/8/57
f 1285/8/14 1283/8/14 1287/8/14
f 1291/8/16 1293/8/16 1292/8/16
f 1293/8/15 1297/8/15 1296/8/15
f 1297/8/7 1295/8/7 1294/8/7
f 1295/8/17 1291/8/17 1290/8/17
f 1296/8/57 1294/8/57 1290/8/57
f 1293/8/14 1291/8/14 1295/8/14
