# Blender 5.2.2 LTS
# www.blender.org
mtllib ruins_tg_console.mtl
o piece
v 1.808293 -1.247260 0.643067
v 1.832854 -1.247260 -0.785077
v 1.808293 -0.276994 0.196344
v 1.808293 -0.174268 -0.518134
v 1.710130 -0.011765 -0.001861
v 0.736555 -0.011765 -0.001861
v 0.633265 -0.276994 0.196344
v 0.633265 -1.247260 0.643067
v 0.657825 -1.247260 -0.785077
v 0.633265 -0.174268 -0.518134
v 1.808293 -0.608354 0.643066
v 0.633265 -0.608354 0.643066
v 0.633265 -0.359631 -0.785078
v 1.808293 -0.359631 -0.785078
v 1.808293 -0.571325 0.802502
v 0.633265 -0.571325 0.802502
v 1.808293 -0.473507 0.802502
v 0.413987 -1.247260 0.050604
v 0.413987 -0.605914 0.050604
v 1.735704 -0.531502 1.061462
v 0.705855 -0.531502 1.061462
v 0.705855 -0.473507 1.061462
v 1.766692 -0.256460 0.181000
v 1.675505 -0.035435 0.015833
v 0.771119 -0.035435 0.015833
v 0.675172 -0.256460 0.181000
v 1.766692 -0.272764 0.019275
v 1.675505 -0.051740 -0.052490
v 0.771119 -0.051740 -0.052490
v 0.675172 -0.272764 0.019275
v 0.856194 0.047043 -0.046558
v 0.856194 0.023373 -0.028863
v 0.856194 0.007068 -0.060065
v 0.837395 -0.272764 0.019275
v 0.837395 -1.247260 0.643067
v 1.587650 0.047043 -0.046558
v 1.587650 0.023373 -0.028863
v 1.587650 0.007068 -0.060065
v 1.606449 -0.272764 0.019275
v 1.606449 -1.247260 0.643067
v 0.633265 -0.549087 0.774506
v 0.633265 -0.495224 0.772626
v 0.633265 -0.565647 0.678784
v 0.633265 -0.411731 0.232324
v 1.677244 -1.247260 -1.061462
v 1.677244 -0.359631 -1.061462
v 1.677244 -0.174268 -0.794519
v 0.785413 -1.247260 -1.061462
v 0.785413 -0.359631 -1.061462
v 0.785413 -0.174268 -0.794519
v 0.650254 -0.973679 -0.785077
v 0.785413 -0.973679 -1.061462
v 1.677244 -0.973679 -1.061462
v 1.825279 -0.973679 -0.785077
v 1.606449 -1.050339 0.643067
v 0.837395 -1.050339 0.643067
v 0.905503 -1.247260 0.798407
v 1.538340 -1.247260 0.798407
v 1.538340 -1.144287 0.767554
v 0.905503 -1.144287 0.767554
v 1.791472 -0.293370 0.246857
v 1.791472 -0.457131 0.751990
v 0.650276 -0.293370 0.246857
v 0.650276 -0.457131 0.751990
v 1.778904 -0.303597 0.249689
v 1.778904 -0.463750 0.743689
v 0.662845 -0.303597 0.249689
v 0.662845 -0.463750 0.743689
v 1.735703 -0.473507 1.061462
v 0.633265 -0.473507 0.802502
v -1.808297 -1.247260 0.643067
v -1.832854 -1.247260 -0.785077
v -1.808297 -0.276994 0.196344
v -1.808297 -0.174268 -0.518134
v -1.710134 -0.011765 -0.001861
v -0.736559 -0.011765 -0.001861
v -0.633269 -0.276994 0.196344
v -0.633269 -1.247260 0.643067
v -0.657829 -1.247260 -0.785077
v -0.633269 -0.174268 -0.518134
v -1.808297 -0.608354 0.643066
v -0.633269 -0.608354 0.643066
v -0.633269 -0.359631 -0.785078
v -1.808297 -0.359631 -0.785078
v -1.808297 -0.571325 0.802502
v -0.633269 -0.571325 0.802502
v -1.808297 -0.473507 0.802503
v -0.413991 -1.247260 0.050604
v -0.413991 -0.605914 0.050604
v -1.735708 -0.531502 1.061462
v -0.705859 -0.531502 1.061462
v -1.735708 -0.473507 1.061462
v -0.705859 -0.473507 1.061462
v -1.766696 -0.256460 0.181000
v -1.675509 -0.035435 0.015833
v -0.771123 -0.035435 0.015833
v -0.675176 -0.256460 0.181000
v -1.766696 -0.272764 0.019275
v -1.675509 -0.051740 -0.052490
v -0.771123 -0.051740 -0.052490
v -0.675176 -0.272764 0.019275
v -0.856198 0.047043 -0.046558
v -0.856198 0.023373 -0.028863
v -0.856198 0.007068 -0.060065
v -0.837399 -0.272764 0.019275
v -0.837399 -1.247260 0.643067
v -1.587654 0.047043 -0.046558
v -1.587654 0.023373 -0.028863
v -1.587654 0.007068 -0.060065
v -1.606457 -0.272764 0.019275
v -1.606457 -1.247260 0.643067
v -0.633269 -0.549087 0.774506
v -0.633269 -0.495224 0.772626
v -0.633269 -0.565647 0.678784
v -0.633269 -0.411731 0.232324
v -1.677251 -1.247260 -1.061462
v -1.677251 -0.359631 -1.061462
v -1.677251 -0.174268 -0.794519
v -0.785417 -1.247260 -1.061462
v -0.785417 -0.359631 -1.061462
v -0.785417 -0.174268 -0.794519
v -0.650258 -0.973679 -0.785077
v -0.785417 -0.973679 -1.061462
v -1.677251 -0.973679 -1.061462
v -1.825285 -0.973679 -0.785077
v -1.606457 -1.050339 0.643067
v -0.837399 -1.050339 0.643067
v -0.905507 -1.247260 0.798407
v -1.538347 -1.247260 0.798407
v -1.538347 -1.144287 0.767554
v -0.905507 -1.144287 0.767554
v -1.791476 -0.293370 0.246857
v -1.791476 -0.457131 0.751990
v -0.650280 -0.293370 0.246857
v -0.650280 -0.457131 0.751990
v -1.778908 -0.303597 0.249689
v -1.778908 -0.463750 0.743689
v -0.662849 -0.303597 0.249689
v -0.662849 -0.463750 0.743689
v -0.633269 -0.473507 0.802503
v 0.986668 -0.332861 0.336560
v 1.019877 -0.332861 0.336560
v 0.989317 -0.324564 0.336658
v 1.017229 -0.324564 0.336658
v 0.989317 -0.312228 0.299408
v 1.017229 -0.312228 0.299408
v 0.986668 -0.318946 0.294537
v 1.019877 -0.318946 0.294537
v 0.994895 -0.321030 0.325989
v 1.011649 -0.321030 0.325989
v 0.999913 -0.315548 0.322516
v 1.006629 -0.315548 0.322516
v 0.999913 -0.313438 0.316138
v 1.006629 -0.313438 0.316138
v 0.994895 -0.315762 0.310083
v 1.011649 -0.315762 0.310083
v 0.993900 -0.283432 0.325525
v 1.012645 -0.283432 0.325525
v 1.012645 -0.282178 0.321741
v 0.993900 -0.282178 0.321741
v 0.662669 -0.346754 0.378510
v 0.962064 -0.346754 0.378510
v 0.670216 -0.336753 0.372711
v 0.954520 -0.336753 0.372711
v 0.670216 -0.299570 0.260425
v 0.954520 -0.299570 0.260425
v 0.662669 -0.304133 0.249805
v 0.962064 -0.304133 0.249805
v 0.848075 -0.311994 0.297943
v 0.814090 -0.305826 0.279315
v 0.780110 -0.311994 0.297943
v 0.780110 -0.324330 0.335193
v 0.814090 -0.330497 0.353821
v 0.848075 -0.324330 0.335193
v 0.843094 -0.307841 0.302350
v 0.814090 -0.302577 0.286450
v 0.785093 -0.307841 0.302350
v 0.785093 -0.318368 0.334137
v 0.814090 -0.323632 0.350037
v 0.843094 -0.318368 0.334137
v 0.837883 -0.308787 0.305200
v 0.814090 -0.304468 0.292163
v 0.790303 -0.308787 0.305206
v 0.790303 -0.317423 0.331281
v 0.814090 -0.321741 0.344324
v 0.837883 -0.317422 0.331281
v 0.834263 -0.301556 0.309802
v 0.814090 -0.297895 0.298743
v 0.793924 -0.301556 0.309802
v 0.793924 -0.308878 0.331909
v 0.814090 -0.312538 0.342963
v 0.834263 -0.308877 0.331909
v 0.763545 -0.311994 0.297943
v 0.729561 -0.305826 0.279315
v 0.695579 -0.311994 0.297943
v 0.695579 -0.324330 0.335193
v 0.729561 -0.330497 0.353821
v 0.763545 -0.324330 0.335193
v 0.758562 -0.307841 0.302350
v 0.729561 -0.302577 0.286450
v 0.700560 -0.307841 0.302350
v 0.700560 -0.318368 0.334137
v 0.729561 -0.323632 0.350037
v 0.758562 -0.318368 0.334137
v 0.753352 -0.308787 0.305200
v 0.729561 -0.304468 0.292163
v 0.705772 -0.308787 0.305206
v 0.705772 -0.317423 0.331281
v 0.729561 -0.321741 0.344324
v 0.753352 -0.317422 0.331281
v 0.749729 -0.301556 0.309802
v 0.729561 -0.297895 0.298743
v 0.709392 -0.301556 0.309802
v 0.709392 -0.308878 0.331909
v 0.729561 -0.312538 0.342963
v 0.749729 -0.308877 0.331909
v 0.931736 -0.311994 0.297943
v 0.897752 -0.305826 0.279315
v 0.863768 -0.311994 0.297943
v 0.863768 -0.324330 0.335193
v 0.897752 -0.330497 0.353821
v 0.931736 -0.324330 0.335193
v 0.926753 -0.307841 0.302350
v 0.897752 -0.302577 0.286450
v 0.868748 -0.307841 0.302350
v 0.868748 -0.318368 0.334137
v 0.897752 -0.323632 0.350037
v 0.926753 -0.318368 0.334137
v 0.921543 -0.308787 0.305200
v 0.897752 -0.304468 0.292163
v 0.873960 -0.308787 0.305206
v 0.873960 -0.317423 0.331281
v 0.897752 -0.321741 0.344324
v 0.921543 -0.317422 0.331281
v 0.917921 -0.301556 0.309802
v 0.897752 -0.297895 0.298743
v 0.877583 -0.301556 0.309802
v 0.877583 -0.308878 0.331909
v 0.897752 -0.312538 0.342963
v 0.917921 -0.308877 0.331909
v 1.298399 -0.416922 0.614807
v 1.264415 -0.410754 0.596179
v 1.230430 -0.416922 0.614807
v 1.230430 -0.429257 0.652057
v 1.264415 -0.435425 0.670685
v 1.298399 -0.429257 0.652057
v 1.293418 -0.412769 0.619208
v 1.264415 -0.407505 0.603314
v 1.235411 -0.412769 0.619214
v 1.235411 -0.423296 0.651001
v 1.264415 -0.428560 0.666901
v 1.293418 -0.423296 0.651001
v 1.288206 -0.413714 0.622064
v 1.264415 -0.409397 0.609027
v 1.240623 -0.413714 0.622064
v 1.240623 -0.422351 0.648145
v 1.264415 -0.426668 0.661188
v 1.288206 -0.422350 0.648145
v 1.284587 -0.406484 0.626660
v 1.264415 -0.402823 0.615607
v 1.244249 -0.406484 0.626666
v 1.244249 -0.413805 0.648773
v 1.264415 -0.417466 0.659827
v 1.284587 -0.413805 0.648773
v 1.379881 -0.416922 0.614807
v 1.345896 -0.410754 0.596179
v 1.311912 -0.416922 0.614807
v 1.311912 -0.429257 0.652057
v 1.345896 -0.435425 0.670685
v 1.379881 -0.429257 0.652057
v 1.374900 -0.412769 0.619208
v 1.345896 -0.407505 0.603314
v 1.316893 -0.412769 0.619214
v 1.316893 -0.423296 0.651001
v 1.345896 -0.428560 0.666901
v 1.374900 -0.423296 0.651001
v 1.369688 -0.413714 0.622064
v 1.345896 -0.409397 0.609027
v 1.322105 -0.413714 0.622064
v 1.322105 -0.422351 0.648145
v 1.345896 -0.426668 0.661188
v 1.369688 -0.422350 0.648145
v 1.366068 -0.406484 0.626660
v 1.345896 -0.402823 0.615607
v 1.325730 -0.406484 0.626666
v 1.325730 -0.413805 0.648773
v 1.345896 -0.417466 0.659827
v 1.366068 -0.413805 0.648773
v 1.201371 -0.451682 0.695374
v 1.410209 -0.451682 0.695374
v 1.208915 -0.441681 0.689575
v 1.402665 -0.441681 0.689575
v 1.208915 -0.404498 0.577289
v 1.402665 -0.404498 0.577289
v 1.201371 -0.409061 0.566669
v 1.410209 -0.409061 0.566669
v 1.093485 -0.346754 0.378510
v 1.392881 -0.346754 0.378510
v 1.101033 -0.336753 0.372711
v 1.385337 -0.336753 0.372711
v 1.101033 -0.299570 0.260425
v 1.385337 -0.299570 0.260425
v 1.093485 -0.304133 0.249805
v 1.392881 -0.304133 0.249805
v 1.337577 -0.327975 0.346204
v 1.364451 -0.327975 0.346204
v 1.339061 -0.323424 0.346149
v 1.362962 -0.323424 0.346149
v 1.339061 -0.315910 0.323456
v 1.362962 -0.315910 0.323456
v 1.337577 -0.319527 0.320691
v 1.364451 -0.319527 0.320691
v 1.307701 -0.327975 0.346204
v 1.334574 -0.327975 0.346204
v 1.308817 -0.323541 0.346503
v 1.333457 -0.323541 0.346503
v 1.308817 -0.315793 0.323102
v 1.333457 -0.315793 0.323102
v 1.307701 -0.319527 0.320691
v 1.334574 -0.319527 0.320691
v 1.277305 -0.327975 0.346204
v 1.304178 -0.327975 0.346204
v 1.278978 -0.323367 0.345972
v 1.302513 -0.323367 0.345972
v 1.278978 -0.315967 0.323627
v 1.302513 -0.315967 0.323627
v 1.277305 -0.319527 0.320691
v 1.304178 -0.319527 0.320691
v 1.277305 -0.318182 0.316626
v 1.304178 -0.318182 0.316626
v 1.278983 -0.313570 0.316388
v 1.302507 -0.313570 0.316388
v 1.278983 -0.306176 0.294061
v 1.302507 -0.306176 0.294061
v 1.277305 -0.309733 0.291113
v 1.304178 -0.309733 0.291113
v 1.307701 -0.318182 0.316626
v 1.334574 -0.318182 0.316626
v 1.308824 -0.313745 0.316919
v 1.333457 -0.313745 0.316919
v 1.308824 -0.306001 0.293530
v 1.333457 -0.306001 0.293530
v 1.307701 -0.309733 0.291113
v 1.334574 -0.309733 0.291113
v 1.337577 -0.318182 0.316626
v 1.364451 -0.318182 0.316626
v 1.338884 -0.313686 0.316742
v 1.363138 -0.313686 0.316742
v 1.338884 -0.306060 0.293707
v 1.363138 -0.306060 0.293707
v 1.337577 -0.309733 0.291113
v 1.364451 -0.309733 0.291113
v 1.174263 -0.327975 0.346204
v 1.201133 -0.327975 0.346204
v 1.175554 -0.323485 0.346332
v 1.199846 -0.323485 0.346332
v 1.175554 -0.315848 0.323267
v 1.199846 -0.315848 0.323267
v 1.174263 -0.319527 0.320691
v 1.201133 -0.319527 0.320691
v 1.144388 -0.327975 0.346204
v 1.171263 -0.327975 0.346204
v 1.145860 -0.323427 0.346155
v 1.169786 -0.323427 0.346155
v 1.145860 -0.315906 0.323444
v 1.169786 -0.315906 0.323444
v 1.144388 -0.319527 0.320691
v 1.171263 -0.319527 0.320691
v 1.113993 -0.327975 0.346204
v 1.140867 -0.327975 0.346204
v 1.115647 -0.323370 0.345984
v 1.139212 -0.323370 0.345984
v 1.115647 -0.315963 0.323615
v 1.139212 -0.315963 0.323615
v 1.113993 -0.319527 0.320691
v 1.140867 -0.319527 0.320691
v 1.113993 -0.318182 0.316626
v 1.140867 -0.318182 0.316626
v 1.115476 -0.313631 0.316577
v 1.139387 -0.313631 0.316577
v 1.115476 -0.306114 0.293872
v 1.139387 -0.306114 0.293872
v 1.113993 -0.309733 0.291113
v 1.140867 -0.309733 0.291113
v 1.144388 -0.318182 0.316626
v 1.171263 -0.318182 0.316626
v 1.145316 -0.313806 0.317102
v 1.170335 -0.313806 0.317102
v 1.145316 -0.305940 0.293347
v 1.170335 -0.305940 0.293347
v 1.144388 -0.309733 0.291113
v 1.171263 -0.309733 0.291113
v 1.174263 -0.318182 0.316626
v 1.201133 -0.318182 0.316626
v 1.175889 -0.313586 0.316437
v 1.199510 -0.313586 0.316437
v 1.175889 -0.306160 0.294013
v 1.199510 -0.306160 0.294013
v 1.174263 -0.309733 0.291113
v 1.201133 -0.309733 0.291113
v 1.429527 -0.460322 0.721173
v 1.728929 -0.460322 0.721173
v 1.437078 -0.450321 0.715375
v 1.721379 -0.450321 0.715375
v 1.437078 -0.421523 0.628406
v 1.721379 -0.421523 0.628406
v 1.429527 -0.426085 0.617780
v 1.728929 -0.426085 0.617780
v 1.674864 -0.429518 0.652545
v 1.652239 -0.431829 0.659528
v 1.652239 -0.439308 0.682111
v 1.674864 -0.441619 0.689093
v 1.688846 -0.435568 0.670819
v 1.675779 -0.407367 0.655597
v 1.648368 -0.410167 0.664050
v 1.648368 -0.419226 0.691412
v 1.675779 -0.422025 0.699866
v 1.692717 -0.414696 0.677728
v 1.668199 -0.410421 0.679144
v 1.600059 -0.432906 0.662781
v 1.579380 -0.429206 0.651605
v 1.561795 -0.434244 0.666821
v 1.571604 -0.441057 0.687396
v 1.595249 -0.440230 0.684900
v 1.603679 -0.411385 0.667731
v 1.578636 -0.406903 0.654193
v 1.557334 -0.413005 0.672626
v 1.569217 -0.421259 0.697546
v 1.597862 -0.420257 0.694525
v 1.581346 -0.410286 0.678741
v 1.512151 -0.437349 0.676196
v 1.504607 -0.430256 0.654779
v 1.480821 -0.430319 0.654968
v 1.473655 -0.437451 0.676508
v 1.493021 -0.441796 0.689624
v 1.516228 -0.416753 0.683942
v 1.507090 -0.408161 0.657996
v 1.478269 -0.408238 0.658228
v 1.469602 -0.416877 0.684320
v 1.493052 -0.422140 0.700208
v 1.492845 -0.410158 0.678357
v 1.044022 -0.332861 0.336560
v 1.077225 -0.332861 0.336560
v 1.046672 -0.324564 0.336658
v 1.074577 -0.324564 0.336658
v 1.046672 -0.312228 0.299408
v 1.074577 -0.312228 0.299408
v 1.044022 -0.318946 0.294537
v 1.077225 -0.318946 0.294537
v 1.052244 -0.321030 0.325989
v 1.069002 -0.321030 0.325989
v 1.057268 -0.315548 0.322516
v 1.063982 -0.315548 0.322516
v 1.057268 -0.313438 0.316138
v 1.063982 -0.313438 0.316138
v 1.052244 -0.315762 0.310083
v 1.069002 -0.315762 0.310083
v 1.051253 -0.283432 0.325525
v 1.069996 -0.283432 0.325525
v 1.069996 -0.282178 0.321741
v 1.051253 -0.282178 0.321741
v -1.470876 -0.332861 0.336560
v -1.437670 -0.332861 0.336560
v -1.468227 -0.324564 0.336658
v -1.440319 -0.324564 0.336658
v -1.468227 -0.312228 0.299408
v -1.440319 -0.312228 0.299408
v -1.470876 -0.318946 0.294537
v -1.437670 -0.318946 0.294537
v -1.462651 -0.321030 0.325989
v -1.445895 -0.321030 0.325989
v -1.457631 -0.315548 0.322516
v -1.450917 -0.315548 0.322516
v -1.457631 -0.313438 0.316138
v -1.450917 -0.313438 0.316138
v -1.462651 -0.315762 0.310083
v -1.445895 -0.315762 0.310083
v -1.463644 -0.283432 0.325525
v -1.444899 -0.283432 0.325525
v -1.444899 -0.282178 0.321741
v -1.463644 -0.282178 0.321741
v -1.794875 -0.346754 0.378510
v -1.495480 -0.346754 0.378510
v -1.787331 -0.336753 0.372711
v -1.503026 -0.336753 0.372711
v -1.787331 -0.299570 0.260425
v -1.503026 -0.299570 0.260425
v -1.794875 -0.304133 0.249805
v -1.495480 -0.304133 0.249805
v -1.609469 -0.311994 0.297943
v -1.643453 -0.305826 0.279315
v -1.677438 -0.311994 0.297943
v -1.677438 -0.324330 0.335193
v -1.643453 -0.330497 0.353821
v -1.609469 -0.324330 0.335193
v -1.614450 -0.307841 0.302350
v -1.643453 -0.302577 0.286450
v -1.672453 -0.307841 0.302350
v -1.672453 -0.318368 0.334137
v -1.643453 -0.323632 0.350037
v -1.614450 -0.318368 0.334137
v -1.619661 -0.308787 0.305200
v -1.643453 -0.304468 0.292163
v -1.667244 -0.308787 0.305206
v -1.667244 -0.317423 0.331281
v -1.643453 -0.321741 0.344324
v -1.619661 -0.317422 0.331281
v -1.623284 -0.301556 0.309802
v -1.643453 -0.297895 0.298743
v -1.663622 -0.301556 0.309802
v -1.663622 -0.308878 0.331909
v -1.643453 -0.312538 0.342963
v -1.623284 -0.308877 0.331909
v -1.694002 -0.311994 0.297943
v -1.727986 -0.305826 0.279315
v -1.761968 -0.311994 0.297943
v -1.761968 -0.324330 0.335193
v -1.727986 -0.330497 0.353821
v -1.694002 -0.324330 0.335193
v -1.698982 -0.307841 0.302350
v -1.727986 -0.302577 0.286450
v -1.756987 -0.307841 0.302350
v -1.756987 -0.318368 0.334137
v -1.727986 -0.323632 0.350037
v -1.698982 -0.318368 0.334137
v -1.704196 -0.308787 0.305200
v -1.727986 -0.304468 0.292163
v -1.751775 -0.308787 0.305206
v -1.751775 -0.317423 0.331281
v -1.727986 -0.321741 0.344324
v -1.704196 -0.317422 0.331281
v -1.707814 -0.301556 0.309802
v -1.727986 -0.297895 0.298743
v -1.748152 -0.301556 0.309802
v -1.748152 -0.308878 0.331909
v -1.727986 -0.312538 0.342963
v -1.707814 -0.308877 0.331909
v -1.525810 -0.311994 0.297943
v -1.559792 -0.305826 0.279315
v -1.593776 -0.311994 0.297943
v -1.593776 -0.324330 0.335193
v -1.559792 -0.330497 0.353821
v -1.525810 -0.324330 0.335193
v -1.530794 -0.307841 0.302350
v -1.559792 -0.302577 0.286450
v -1.588796 -0.307841 0.302350
v -1.588796 -0.318368 0.334137
v -1.559792 -0.323632 0.350037
v -1.530794 -0.318368 0.334137
v -1.536003 -0.308787 0.305200
v -1.559792 -0.304468 0.292163
v -1.583583 -0.308787 0.305206
v -1.583583 -0.317423 0.331281
v -1.559792 -0.321741 0.344324
v -1.536003 -0.317422 0.331281
v -1.539626 -0.301556 0.309802
v -1.559792 -0.297895 0.298743
v -1.579963 -0.301556 0.309802
v -1.579963 -0.308878 0.331909
v -1.559792 -0.312538 0.342963
v -1.539626 -0.308877 0.331909
v -1.190779 -0.416922 0.614807
v -1.224763 -0.410754 0.596179
v -1.258748 -0.416922 0.614807
v -1.258748 -0.429257 0.652057
v -1.224763 -0.435425 0.670685
v -1.190779 -0.429257 0.652057
v -1.195759 -0.412769 0.619208
v -1.224763 -0.407505 0.603314
v -1.253767 -0.412769 0.619214
v -1.253767 -0.423296 0.651001
v -1.224763 -0.428560 0.666901
v -1.195759 -0.423296 0.651001
v -1.200973 -0.413714 0.622064
v -1.224763 -0.409397 0.609027
v -1.248556 -0.413714 0.622064
v -1.248556 -0.422351 0.648145
v -1.224763 -0.426668 0.661188
v -1.200973 -0.422350 0.648145
v -1.204594 -0.406484 0.626660
v -1.224763 -0.402823 0.615607
v -1.244933 -0.406484 0.626666
v -1.244933 -0.413805 0.648773
v -1.224763 -0.417466 0.659827
v -1.204594 -0.413805 0.648773
v -1.109298 -0.416922 0.614807
v -1.143283 -0.410754 0.596179
v -1.177267 -0.416922 0.614807
v -1.177267 -0.429257 0.652057
v -1.143283 -0.435425 0.670685
v -1.109298 -0.429257 0.652057
v -1.114281 -0.412769 0.619208
v -1.143283 -0.407505 0.603314
v -1.172287 -0.412769 0.619214
v -1.172287 -0.423296 0.651001
v -1.143283 -0.428560 0.666901
v -1.114281 -0.423296 0.651001
v -1.119490 -0.413714 0.622064
v -1.143283 -0.409397 0.609027
v -1.167073 -0.413714 0.622064
v -1.167073 -0.422351 0.648145
v -1.143283 -0.426668 0.661188
v -1.119490 -0.422350 0.648145
v -1.123113 -0.406484 0.626660
v -1.143283 -0.402823 0.615607
v -1.163451 -0.406484 0.626666
v -1.163451 -0.413805 0.648773
v -1.143283 -0.417466 0.659827
v -1.123113 -0.413805 0.648773
v -1.287807 -0.451682 0.695374
v -1.078969 -0.451682 0.695374
v -1.280263 -0.441681 0.689575
v -1.086513 -0.441681 0.689575
v -1.280263 -0.404498 0.577289
v -1.086513 -0.404498 0.577289
v -1.287807 -0.409061 0.566669
v -1.078969 -0.409061 0.566669
v -1.653474 -0.441545 0.683118
v -1.352693 -0.441545 0.683118
v -1.647597 -0.433754 0.678595
v -1.358571 -0.433754 0.678595
v -1.647597 -0.360890 0.458557
v -1.358571 -0.360890 0.458557
v -1.653474 -0.364445 0.450281
v -1.352693 -0.364445 0.450281
v -1.618855 -0.428636 0.663141
v -1.587197 -0.428636 0.663141
v -1.615266 -0.421813 0.659637
v -1.590786 -0.421813 0.659637
v -1.615266 -0.362626 0.480896
v -1.590786 -0.362626 0.480896
v -1.618855 -0.366008 0.474011
v -1.587197 -0.366008 0.474011
v -1.544872 -0.428636 0.663141
v -1.513213 -0.428636 0.663141
v -1.541283 -0.421813 0.659637
v -1.516802 -0.421813 0.659637
v -1.541283 -0.362626 0.480896
v -1.516802 -0.362626 0.480896
v -1.544872 -0.366008 0.474011
v -1.513213 -0.366008 0.474011
v -1.420168 -0.428636 0.663141
v -1.388506 -0.428636 0.663141
v -1.416576 -0.421813 0.659637
v -1.392097 -0.421813 0.659637
v -1.416576 -0.362626 0.480896
v -1.392097 -0.362626 0.480896
v -1.420168 -0.366008 0.474011
v -1.388506 -0.366008 0.474011
v -1.493551 -0.428636 0.663141
v -1.461892 -0.428636 0.663141
v -1.489962 -0.421813 0.659637
v -1.465480 -0.421813 0.659637
v -1.489962 -0.362626 0.480896
v -1.465480 -0.362626 0.480896
v -1.493551 -0.366008 0.474011
v -1.461892 -0.366008 0.474011
v -1.612475 -0.405170 0.609375
v -1.593576 -0.405170 0.609375
v -1.610329 -0.394449 0.611646
v -1.595720 -0.394449 0.611646
v -1.610329 -0.381278 0.571869
v -1.595720 -0.381278 0.571869
v -1.612475 -0.391234 0.567293
v -1.595720 -0.388806 0.584088
v -1.610329 -0.388806 0.584088
v -1.595720 -0.393196 0.597345
v -1.610329 -0.393196 0.597345
v -1.593575 -0.391234 0.567292
v -1.519979 -0.383690 0.544508
v -1.536733 -0.372969 0.546777
v -1.522121 -0.372969 0.546777
v -1.536733 -0.359798 0.507001
v -1.522121 -0.359798 0.507001
v -1.538875 -0.369754 0.502423
v -1.519978 -0.369754 0.502423
v -1.522121 -0.367326 0.519220
v -1.536831 -0.370622 0.526796
v -1.538874 -0.383690 0.544508
v -1.522121 -0.371716 0.532477
v -1.487023 -0.417784 0.647467
v -1.468127 -0.417784 0.647467
v -1.484877 -0.407062 0.649731
v -1.470271 -0.407062 0.649731
v -1.484877 -0.393891 0.609961
v -1.470271 -0.393891 0.609961
v -1.487023 -0.403846 0.605376
v -1.484976 -0.404715 0.629755
v -1.470173 -0.403934 0.627395
v -1.468127 -0.403847 0.605377
v -1.393542 -0.381212 0.537025
v -1.410293 -0.370491 0.539295
v -1.395686 -0.370491 0.539295
v -1.410293 -0.357320 0.499518
v -1.395686 -0.357320 0.499518
v -1.412438 -0.367276 0.494940
v -1.393542 -0.367276 0.494940
v -1.395686 -0.364848 0.511737
v -1.410391 -0.368144 0.519312
v -1.412438 -0.381213 0.537025
v -1.395686 -0.369238 0.524994
v -0.945333 -0.342375 0.365289
v -0.645937 -0.342375 0.365289
v -0.937783 -0.332374 0.359491
v -0.653481 -0.332374 0.359491
v -0.937783 -0.303576 0.272522
v -0.653481 -0.303576 0.272522
v -0.945333 -0.308138 0.261896
v -0.645937 -0.308138 0.261896
v -0.699996 -0.311571 0.296661
v -0.722622 -0.313882 0.303644
v -0.722622 -0.321361 0.326227
v -0.699996 -0.323672 0.333209
v -0.686013 -0.317621 0.314935
v -0.699084 -0.289420 0.299713
v -0.726491 -0.292219 0.308167
v -0.726491 -0.301279 0.335529
v -0.699084 -0.304078 0.343982
v -0.682143 -0.296749 0.321845
v -0.706662 -0.292474 0.323261
v -0.774804 -0.314959 0.306897
v -0.795480 -0.311259 0.295722
v -0.813063 -0.316297 0.310938
v -0.803254 -0.323110 0.331513
v -0.779611 -0.322284 0.329016
v -0.771181 -0.293438 0.311847
v -0.796223 -0.288955 0.298309
v -0.817526 -0.295058 0.316742
v -0.805644 -0.303312 0.341663
v -0.777004 -0.302310 0.338641
v -0.793517 -0.292339 0.322858
v -0.862709 -0.319402 0.320313
v -0.870253 -0.312309 0.298895
v -0.894045 -0.312372 0.299085
v -0.901204 -0.319504 0.320624
v -0.881838 -0.323849 0.333740
v -0.858632 -0.298806 0.328058
v -0.867770 -0.290214 0.302112
v -0.896589 -0.290291 0.302344
v -0.905263 -0.298930 0.328436
v -0.881808 -0.304193 0.344324
v -0.882014 -0.292212 0.322473
v -1.773937 -0.460179 0.716882
v -1.663930 -0.460179 0.716882
v -1.681679 -0.436648 0.703235
v -1.681679 -0.349159 0.439032
v -1.773937 -0.359894 0.414038
v -1.663930 -0.359894 0.414038
v -1.756179 -0.436648 0.703235
v -1.756179 -0.349159 0.439032
v -1.648103 -0.362840 0.657086
v -1.648103 -0.386142 0.649365
v -1.648103 -0.404476 0.665692
v -1.648103 -0.399507 0.689728
v -1.648103 -0.376205 0.697443
v -1.648103 -0.357871 0.681122
v -1.789757 -0.362840 0.657086
v -1.789757 -0.386142 0.649365
v -1.789757 -0.404476 0.665692
v -1.789757 -0.399507 0.689728
v -1.789757 -0.376205 0.697443
v -1.789757 -0.357871 0.681122
v -1.725045 -0.424434 0.666351
v -1.711238 -0.424434 0.666351
v -1.725045 -0.380609 0.680866
v -1.711238 -0.380609 0.680866
v -1.725045 -0.376268 0.667755
v -1.711238 -0.376268 0.667755
v -1.725045 -0.420094 0.653247
v -1.711238 -0.420094 0.653247
v -1.413525 -0.332861 0.336560
v -1.380319 -0.332861 0.336560
v -1.410876 -0.324564 0.336658
v -1.382966 -0.324564 0.336658
v -1.410876 -0.312228 0.299408
v -1.382966 -0.312228 0.299408
v -1.413525 -0.318946 0.294537
v -1.380319 -0.318946 0.294537
v -1.405300 -0.321030 0.325989
v -1.388546 -0.321030 0.325989
v -1.400280 -0.315548 0.322516
v -1.393562 -0.315548 0.322516
v -1.400280 -0.313438 0.316138
v -1.393562 -0.313438 0.316138
v -1.405300 -0.315762 0.310083
v -1.388546 -0.315762 0.310083
v -1.406295 -0.283432 0.325525
v -1.387551 -0.283432 0.325525
v -1.387551 -0.282178 0.321741
v -1.406295 -0.282178 0.321741
v 0.328251 -0.492812 0.739734
v 0.629032 -0.492812 0.739734
v 0.334129 -0.485717 0.734186
v 0.623155 -0.485717 0.734186
v 0.334129 -0.455562 0.554968
v 0.623155 -0.455562 0.554968
v 0.328251 -0.460221 0.547260
v 0.629032 -0.460221 0.547260
v 0.362870 -0.482774 0.718176
v 0.394529 -0.482774 0.718176
v 0.366459 -0.476499 0.713763
v 0.390940 -0.476499 0.713763
v 0.366459 -0.454207 0.577332
v 0.390940 -0.454207 0.577332
v 0.362870 -0.458504 0.570978
v 0.394529 -0.458504 0.570978
v 0.436851 -0.482774 0.718176
v 0.468509 -0.482774 0.718176
v 0.440440 -0.476499 0.713763
v 0.464921 -0.476499 0.713763
v 0.440440 -0.454207 0.577332
v 0.464921 -0.454207 0.577332
v 0.436851 -0.458504 0.570978
v 0.468509 -0.458504 0.570978
v 0.561558 -0.482774 0.718176
v 0.593216 -0.482774 0.718176
v 0.565147 -0.476499 0.713763
v 0.589628 -0.476499 0.713763
v 0.565147 -0.454207 0.577332
v 0.589628 -0.454207 0.577332
v 0.561558 -0.458504 0.570978
v 0.593216 -0.458504 0.570978
v 0.488172 -0.482774 0.718176
v 0.519832 -0.482774 0.718176
v 0.491765 -0.476499 0.713763
v 0.516243 -0.476499 0.713763
v 0.491765 -0.454207 0.577332
v 0.516243 -0.454207 0.577332
v 0.488172 -0.458504 0.570978
v 0.519832 -0.458504 0.570978
v 0.388149 -0.466930 0.661693
v 0.371394 -0.455998 0.662463
v 0.386003 -0.455998 0.662463
v 0.371394 -0.448425 0.621253
v 0.386003 -0.448425 0.621253
v 0.369249 -0.458916 0.618091
v 0.388148 -0.458916 0.618091
v 0.371296 -0.456423 0.642350
v 0.369248 -0.466929 0.661692
v 0.386102 -0.455973 0.639905
v 0.442850 -0.466318 0.643237
v 0.461747 -0.466318 0.643237
v 0.444993 -0.455387 0.644006
v 0.459602 -0.455387 0.644006
v 0.444993 -0.447815 0.602802
v 0.459602 -0.447815 0.602802
v 0.442850 -0.458306 0.599634
v 0.459602 -0.453589 0.615936
v 0.444993 -0.453589 0.615936
v 0.459602 -0.456113 0.629675
v 0.444993 -0.456113 0.629675
v 0.461747 -0.458306 0.599635
v 0.494700 -0.474182 0.701154
v 0.513597 -0.474182 0.701154
v 0.496846 -0.463250 0.701929
v 0.511454 -0.463250 0.701929
v 0.496846 -0.455678 0.660718
v 0.511454 -0.455678 0.660718
v 0.494701 -0.466168 0.657548
v 0.496747 -0.463675 0.681815
v 0.511552 -0.463226 0.679370
v 0.513596 -0.466168 0.657549
v 0.569285 -0.464894 0.635486
v 0.588182 -0.464894 0.635486
v 0.571431 -0.453963 0.636255
v 0.586039 -0.453963 0.636255
v 0.571431 -0.446390 0.595050
v 0.586039 -0.446390 0.595050
v 0.569285 -0.456881 0.591883
v 0.586039 -0.452165 0.608185
v 0.571431 -0.452165 0.608185
v 0.586039 -0.454689 0.621924
v 0.571431 -0.454689 0.621924
v 0.588182 -0.456881 0.591883
v -0.617366 -0.454674 0.490888
v -0.317971 -0.454674 0.490888
v -0.609822 -0.445741 0.483545
v -0.325517 -0.445741 0.483545
v -0.609822 -0.427178 0.366730
v -0.325517 -0.427178 0.366730
v -0.617366 -0.433395 0.356983
v -0.317971 -0.433395 0.356983
v -0.431960 -0.433380 0.405762
v -0.465944 -0.430301 0.386383
v -0.499929 -0.433380 0.405762
v -0.499929 -0.439539 0.444513
v -0.465944 -0.442618 0.463892
v -0.431960 -0.439539 0.444513
v -0.436940 -0.428570 0.409436
v -0.465944 -0.425942 0.392902
v -0.494945 -0.428570 0.409436
v -0.494945 -0.433826 0.442511
v -0.465944 -0.436454 0.459046
v -0.436940 -0.433826 0.442511
v -0.442153 -0.429042 0.412409
v -0.465944 -0.426887 0.398840
v -0.489736 -0.429042 0.412409
v -0.489736 -0.433354 0.439539
v -0.465944 -0.435510 0.453107
v -0.442153 -0.433354 0.439539
v -0.445776 -0.421164 0.415778
v -0.465944 -0.419337 0.404279
v -0.486113 -0.421164 0.415778
v -0.486113 -0.424820 0.438782
v -0.465944 -0.426647 0.450281
v -0.445776 -0.424820 0.438776
v -0.516494 -0.433380 0.405762
v -0.550478 -0.430301 0.386383
v -0.584460 -0.433380 0.405762
v -0.584460 -0.439539 0.444513
v -0.550478 -0.442618 0.463892
v -0.516494 -0.439539 0.444513
v -0.521474 -0.428570 0.409436
v -0.550478 -0.425942 0.392902
v -0.579479 -0.428570 0.409436
v -0.579479 -0.433826 0.442511
v -0.550478 -0.436454 0.459046
v -0.521474 -0.433826 0.442511
v -0.526687 -0.429042 0.412409
v -0.550478 -0.426887 0.398840
v -0.574267 -0.429042 0.412409
v -0.574267 -0.433354 0.439539
v -0.550478 -0.435510 0.453107
v -0.526687 -0.433354 0.439539
v -0.530305 -0.421164 0.415778
v -0.550478 -0.419337 0.404279
v -0.570644 -0.421164 0.415778
v -0.570644 -0.424820 0.438782
v -0.550478 -0.426647 0.450281
v -0.530305 -0.424820 0.438776
v -0.348302 -0.433380 0.405762
v -0.382283 -0.430301 0.386383
v -0.416267 -0.433380 0.405762
v -0.416267 -0.439539 0.444513
v -0.382283 -0.442618 0.463892
v -0.348302 -0.439539 0.444513
v -0.353286 -0.428570 0.409436
v -0.382283 -0.425942 0.392902
v -0.411287 -0.428570 0.409436
v -0.411287 -0.433826 0.442511
v -0.382283 -0.436454 0.459046
v -0.353286 -0.433826 0.442511
v -0.358495 -0.429042 0.412409
v -0.382283 -0.426887 0.398840
v -0.406076 -0.429042 0.412409
v -0.406076 -0.433354 0.439539
v -0.382283 -0.435510 0.453107
v -0.358495 -0.433354 0.439539
v -0.362117 -0.421164 0.415778
v -0.382283 -0.419337 0.404279
v -0.402456 -0.421164 0.415778
v -0.402456 -0.424820 0.438782
v -0.382283 -0.426647 0.450281
v -0.362117 -0.424820 0.438776
v -0.621862 -0.492812 0.739734
v -0.321077 -0.492812 0.739734
v -0.615981 -0.485717 0.734186
v -0.326955 -0.485717 0.734186
v -0.615981 -0.455562 0.554968
v -0.326955 -0.455562 0.554968
v -0.621862 -0.460221 0.547260
v -0.321077 -0.460221 0.547260
v -0.587243 -0.482774 0.718176
v -0.555581 -0.482774 0.718176
v -0.583650 -0.476499 0.713763
v -0.559172 -0.476499 0.713763
v -0.583650 -0.454207 0.577332
v -0.559172 -0.454207 0.577332
v -0.587243 -0.458504 0.570978
v -0.555581 -0.458504 0.570978
v -0.513259 -0.482774 0.718176
v -0.481599 -0.482774 0.718176
v -0.509670 -0.476499 0.713763
v -0.485188 -0.476499 0.713763
v -0.509670 -0.454207 0.577332
v -0.485188 -0.454207 0.577332
v -0.513259 -0.458504 0.570978
v -0.481599 -0.458504 0.570978
v -0.388552 -0.482774 0.718176
v -0.356892 -0.482774 0.718176
v -0.384963 -0.476499 0.713763
v -0.360481 -0.476499 0.713763
v -0.384963 -0.454207 0.577332
v -0.360481 -0.454207 0.577332
v -0.388552 -0.458504 0.570978
v -0.356892 -0.458504 0.570978
v -0.461940 -0.482774 0.718176
v -0.430281 -0.482774 0.718176
v -0.458349 -0.476499 0.713763
v -0.433870 -0.476499 0.713763
v -0.458349 -0.454207 0.577332
v -0.433870 -0.454207 0.577332
v -0.461940 -0.458504 0.570978
v -0.430281 -0.458504 0.570978
v -0.561964 -0.466930 0.661693
v -0.578718 -0.455998 0.662463
v -0.564108 -0.455998 0.662463
v -0.578718 -0.448425 0.621253
v -0.564108 -0.448425 0.621253
v -0.580861 -0.458916 0.618091
v -0.561965 -0.458916 0.618091
v -0.578817 -0.456423 0.642350
v -0.580862 -0.466929 0.661692
v -0.564010 -0.455973 0.639905
v -0.507262 -0.466318 0.643237
v -0.488366 -0.466318 0.643237
v -0.505117 -0.455387 0.644006
v -0.490510 -0.455387 0.644006
v -0.505117 -0.447815 0.602802
v -0.490510 -0.447815 0.602802
v -0.507263 -0.458306 0.599635
v -0.490510 -0.453589 0.615936
v -0.505117 -0.453589 0.615936
v -0.490510 -0.456113 0.629675
v -0.505117 -0.456113 0.629675
v -0.488366 -0.458306 0.599634
v -0.455410 -0.474182 0.701154
v -0.436513 -0.474182 0.701154
v -0.453268 -0.463250 0.701929
v -0.438655 -0.463250 0.701929
v -0.453268 -0.455678 0.660718
v -0.438655 -0.455678 0.660718
v -0.455409 -0.466168 0.657548
v -0.453366 -0.463675 0.681815
v -0.438557 -0.463226 0.679370
v -0.436514 -0.466168 0.657549
v -0.380825 -0.464894 0.635486
v -0.361928 -0.464894 0.635486
v -0.378683 -0.453963 0.636255
v -0.364070 -0.453963 0.636255
v -0.378683 -0.446390 0.595050
v -0.364070 -0.446390 0.595050
v -0.380825 -0.456881 0.591883
v -0.364070 -0.452165 0.608185
v -0.378683 -0.452165 0.608185
v -0.364070 -0.454689 0.621924
v -0.378683 -0.454689 0.621924
v -0.361928 -0.456881 0.591883
v -0.317797 -0.491990 0.710034
v 0.317793 -0.491990 0.710034
v -0.310446 -0.470897 0.708356
v 0.310445 -0.470897 0.708356
v -0.310446 -0.446746 0.561841
v 0.310445 -0.446746 0.561841
v -0.317797 -0.465899 0.551752
v 0.317793 -0.465899 0.551752
v -0.295424 -0.469444 0.699536
v 0.295420 -0.469444 0.699536
v 0.295420 -0.448200 0.570654
v -0.295424 -0.448200 0.570654
v -0.290322 -0.473203 0.695844
v 0.290318 -0.473203 0.695844
v 0.290318 -0.452946 0.572949
v -0.290322 -0.452946 0.572949
v 0.268806 -0.438787 0.513550
v 0.274964 -0.457300 0.499579
v 0.274964 -0.500589 0.762201
v 0.268806 -0.478857 0.756641
v 0.256218 -0.476446 0.742017
v 0.251942 -0.479880 0.736346
v 0.251942 -0.446270 0.532440
v 0.256218 -0.441198 0.528174
v -0.268806 -0.438787 0.513550
v -0.274968 -0.457300 0.499579
v -0.274968 -0.500589 0.762201
v -0.268806 -0.478857 0.756641
v -0.256222 -0.476446 0.742017
v -0.251946 -0.479880 0.736346
v -0.251946 -0.446270 0.532440
v -0.256222 -0.441198 0.528174
v 0.712440 -0.431401 0.711810
v 1.119478 -0.431401 0.711810
v 0.712440 -0.346806 0.452033
v 1.143094 -0.353576 0.472821
v 0.688804 -0.353576 0.472821
v 1.143094 -0.424631 0.691022
v 0.688804 -0.424631 0.691022
v 0.713709 -0.425481 0.693634
v 1.118192 -0.425481 0.693634
v 1.118192 -0.406994 0.636859
v 1.118192 -0.371214 0.526984
v 1.118192 -0.352726 0.470209
v 0.713709 -0.352726 0.470209
v 1.100139 -0.374067 0.535749
v 0.731761 -0.374067 0.535749
v 1.112689 -0.383338 0.515952
v 1.112306 -0.368544 0.468581
v 0.719583 -0.368519 0.468583
v 0.719212 -0.383339 0.515951
v 0.737104 -0.386822 0.524910
v 1.094799 -0.386822 0.524908
v 1.094924 -0.420840 0.629409
v 0.736977 -0.420840 0.629408
v 0.719213 -0.423293 0.638640
v 1.112689 -0.423291 0.638640
v 0.719594 -0.439224 0.685636
v 1.112313 -0.439188 0.685572
v 0.855299 -0.346806 0.452033
v 0.913325 -0.337371 0.423059
v 1.119478 -0.337371 0.423059
v 0.700017 -0.455828 0.716931
v 0.700017 -0.364307 0.435883
v 0.842906 -0.364307 0.435883
v 0.675484 -0.448504 0.694440
v 1.131904 -0.455828 0.716931
v 1.156428 -0.448504 0.694440
v 1.156428 -0.371631 0.458374
v 1.131904 -0.364307 0.435883
v 0.675484 -0.371631 0.458374
v 0.903514 -0.354099 0.404535
v 1.131904 -0.354099 0.404535
v 1.119478 -0.346806 0.452033
v 0.731761 -0.404140 0.628095
v 0.713709 -0.371214 0.526984
v 0.713709 -0.406994 0.636859
v 1.100139 -0.404140 0.628095
v 1.078474 -0.430515 0.709088
v 1.092991 -0.430515 0.709088
v 1.078975 -0.428150 0.709332
v 1.092491 -0.428150 0.709332
v 1.078975 -0.423964 0.696478
v 1.092491 -0.423964 0.696478
v 1.078474 -0.426019 0.695282
v 1.092991 -0.426019 0.695282
v 1.094612 -0.430515 0.709088
v 1.109129 -0.430515 0.709088
v 1.095491 -0.428032 0.708972
v 1.108253 -0.428032 0.708972
v 1.095491 -0.424081 0.696838
v 1.108253 -0.424081 0.696838
v 1.094612 -0.426019 0.695282
v 1.109129 -0.426019 0.695282
v 1.014815 -0.430515 0.709088
v 1.029332 -0.430515 0.709088
v 1.015315 -0.428150 0.709332
v 1.028831 -0.428150 0.709332
v 1.015315 -0.423964 0.696478
v 1.028831 -0.423964 0.696478
v 1.014815 -0.426019 0.695282
v 1.029332 -0.426019 0.695282
v 1.030952 -0.430515 0.709088
v 1.045472 -0.430515 0.709088
v 1.031831 -0.428032 0.708972
v 1.044593 -0.428032 0.708972
v 1.031831 -0.424081 0.696838
v 1.044593 -0.424081 0.696838
v 1.030952 -0.426019 0.695282
v 1.045472 -0.426019 0.695282
v 0.304911 -0.397948 0.254718
v 0.326221 -0.426939 0.414710
v 0.482859 -0.426939 0.414710
v 0.482859 -0.403302 0.284265
v 0.326221 -0.403302 0.284265
v 0.329051 -0.435201 0.410773
v 0.480025 -0.435201 0.410773
v 0.480025 -0.412420 0.285053
v 0.329051 -0.412420 0.285053
v 0.333207 -0.439826 0.406360
v 0.475867 -0.439826 0.406360
v 0.475867 -0.418301 0.287561
v 0.333207 -0.418301 0.287561
v 0.348756 -0.432090 0.394391
v 0.460322 -0.432090 0.394391
v 0.460322 -0.415255 0.301483
v 0.348756 -0.415255 0.301483
v 0.304911 -0.448081 0.531384
v 0.599019 -0.448081 0.531384
v 0.599019 -0.397948 0.254718
v 0.502076 -0.401368 0.273590
v 0.572456 -0.401368 0.273590
v 0.502076 -0.443707 0.507251
v 0.572456 -0.443707 0.507251
v 0.320020 -0.430612 0.434979
v 0.482872 -0.430612 0.434979
v 0.320020 -0.443707 0.507251
v 0.482872 -0.443707 0.507251
v 0.320020 -0.437047 0.433814
v 0.482872 -0.437047 0.433814
v 0.320020 -0.450142 0.506085
v 0.482872 -0.450142 0.506085
v 0.502076 -0.407803 0.272424
v 0.572456 -0.407803 0.272424
v 0.502076 -0.450142 0.506085
v 0.572456 -0.450142 0.506085
v 0.298384 -0.417510 0.244696
v 0.298384 -0.469915 0.533905
v 0.605543 -0.417510 0.244696
v 0.605543 -0.469915 0.533905
v 1.711411 -0.355674 0.445794
v 1.528338 -0.307747 0.307367
v 1.540959 -0.371562 0.491681
v 1.568669 -0.365481 0.474121
v 1.687156 -0.371562 0.491681
v 1.687156 -0.291857 0.261475
v 1.540959 -0.291857 0.261475
v 1.568669 -0.297939 0.279041
v 1.659422 -0.297939 0.279041
v 1.659422 -0.365481 0.474121
v 1.489335 -0.371562 0.491681
v 1.738755 -0.371562 0.491681
v 1.738755 -0.291857 0.261475
v 1.489335 -0.291857 0.261475
v 1.766075 -0.361796 0.463477
v 1.766075 -0.301623 0.289679
v 1.462015 -0.361796 0.463477
v 1.462015 -0.301623 0.289679
v 1.711411 -0.307746 0.307367
v 1.528337 -0.355674 0.445794
v 1.709074 -0.360236 0.441809
v 1.709074 -0.313794 0.307672
v 1.530668 -0.360236 0.441809
v 1.530668 -0.313794 0.307672
v 1.572496 -0.313855 0.266937
v 1.655594 -0.313855 0.266937
v 1.572496 -0.385474 0.473792
v 1.655594 -0.385474 0.473792
v 1.546214 -0.391922 0.492413
v 1.482707 -0.391922 0.492413
v 1.546214 -0.307406 0.248309
v 1.482707 -0.307406 0.248309
v 1.681895 -0.307406 0.248309
v 1.745384 -0.307406 0.248309
v 1.681895 -0.391922 0.492413
v 1.745384 -0.391922 0.492413
v 1.773880 -0.381567 0.462506
v 1.773880 -0.317761 0.278217
v 1.454203 -0.381567 0.462506
v 1.454203 -0.317761 0.278217
v 1.690135 -0.368745 0.483545
v 1.702884 -0.368745 0.483545
v 1.690574 -0.366673 0.483801
v 1.702439 -0.366673 0.483801
v 1.690574 -0.362789 0.472583
v 1.702439 -0.362789 0.472583
v 1.690135 -0.364574 0.471503
v 1.702884 -0.364574 0.471503
v 1.704307 -0.368745 0.483545
v 1.717051 -0.368745 0.483545
v 1.705076 -0.366564 0.483484
v 1.716282 -0.366564 0.483484
v 1.705076 -0.362898 0.472894
v 1.716282 -0.362898 0.472894
v 1.704307 -0.364574 0.471503
v 1.717051 -0.364574 0.471503
v 1.750334 -0.339987 0.411170
v 1.723821 -0.307068 0.316089
v 1.750334 -0.307068 0.316089
v 1.731724 -0.351572 0.444629
v 1.723821 -0.355493 0.455957
v 1.731724 -0.358545 0.464771
v 1.474857 -0.355493 0.455957
v 1.474864 -0.358545 0.464771
v 1.729429 -0.301241 0.299262
v 1.744725 -0.301241 0.299262
v 1.723821 -0.310371 0.314948
v 1.731724 -0.354875 0.443488
v 1.750334 -0.343291 0.410028
v 1.750334 -0.310371 0.314948
v 1.723821 -0.358796 0.454810
v 1.731724 -0.361849 0.463629
v 1.474857 -0.358796 0.454810
v 1.474864 -0.361849 0.463629
v 1.744725 -0.304544 0.298120
v 1.729429 -0.304544 0.298120
v 1.493230 -0.364151 0.480963
v 1.493230 -0.367454 0.479816
v 1.540262 -0.364151 0.480963
v 1.540262 -0.367454 0.479816
v 1.567034 -0.358545 0.464771
v 1.567034 -0.361849 0.463629
v 1.467229 -0.356098 0.447015
v 1.503752 -0.356098 0.447015
v 1.473118 -0.348224 0.442590
v 1.497855 -0.348224 0.442590
v 1.473118 -0.301466 0.307544
v 1.497855 -0.301466 0.307544
v 1.467229 -0.304918 0.299201
v 1.503752 -0.304918 0.299201
v 1.509007 -0.323512 0.427600
v 1.509007 -0.331214 0.424933
v 1.509007 -0.337374 0.430274
v 1.509007 -0.335832 0.438275
v 1.509007 -0.328130 0.440942
v 1.509007 -0.321970 0.435602
v 1.461973 -0.323512 0.427600
v 1.461973 -0.331214 0.424933
v 1.461973 -0.337374 0.430274
v 1.461973 -0.335832 0.438275
v 1.461973 -0.328130 0.440942
v 1.461973 -0.321970 0.435602
v 1.426238 -0.344003 0.430402
v 1.430821 -0.344003 0.430402
v 1.426238 -0.329518 0.435419
v 1.430821 -0.329518 0.435419
v 1.426238 -0.328018 0.431085
v 1.430821 -0.328018 0.431085
v 1.426238 -0.342503 0.426068
v 1.430821 -0.342503 0.426068
v 1.684549 -0.297185 0.276862
v 1.691929 -0.299600 0.283838
v 1.685447 -0.293476 0.278150
v 1.691929 -0.295599 0.284277
v 1.691929 -0.291353 0.272015
v 1.698417 -0.293476 0.278150
v 1.691929 -0.294770 0.269885
v 1.699314 -0.297185 0.276862
v 1.532634 -0.297185 0.276862
v 1.540013 -0.299600 0.283838
v 1.533524 -0.293476 0.278150
v 1.540013 -0.295599 0.284277
v 1.540013 -0.291353 0.272015
v 1.546501 -0.293476 0.278150
v 1.540013 -0.294770 0.269885
v 1.547391 -0.297185 0.276862
v 1.733348 -0.297185 0.276862
v 1.740721 -0.299600 0.283838
v 1.734239 -0.293476 0.278150
v 1.740721 -0.295599 0.284277
v 1.740726 -0.291353 0.272015
v 1.747215 -0.293476 0.278150
v 1.740726 -0.294770 0.269885
v 1.748106 -0.297185 0.276862
v 1.490471 -0.297185 0.276862
v 1.497855 -0.299600 0.283838
v 1.491361 -0.293476 0.278150
v 1.497855 -0.295599 0.284277
v 1.497855 -0.291353 0.272015
v 1.504338 -0.293476 0.278150
v 1.497855 -0.294770 0.269885
v 1.505228 -0.297185 0.276862
v 1.733348 -0.365809 0.475067
v 1.740721 -0.368224 0.482044
v 1.734239 -0.362101 0.476349
v 1.740721 -0.364223 0.482483
v 1.740726 -0.359978 0.470221
v 1.747215 -0.362100 0.476349
v 1.740726 -0.363394 0.468091
v 1.748106 -0.365809 0.475067
v 0.109483 -0.432451 0.415527
v 0.142034 -0.432451 0.415527
v 0.109483 -0.395685 0.420850
v 0.142034 -0.395685 0.420850
v 0.115593 -0.406602 0.341870
v 0.135923 -0.406602 0.341870
v 0.115082 -0.421493 0.339814
v 0.136448 -0.421506 0.339906
v 0.138670 -0.398068 0.358099
v 0.112845 -0.398068 0.358099
v 0.069258 -0.449020 0.455719
v 0.243123 -0.449020 0.455719
v 0.078233 -0.418359 0.307575
v 0.069258 -0.425916 0.296088
v 0.243123 -0.425916 0.296088
v 0.078233 -0.438516 0.446845
v 0.234148 -0.438516 0.446845
v 0.234148 -0.418359 0.307575
v 0.170613 -0.432451 0.415527
v 0.203166 -0.432451 0.415527
v 0.170613 -0.395685 0.420850
v 0.203166 -0.395685 0.420850
v 0.176722 -0.406602 0.341870
v 0.197056 -0.406602 0.341870
v 0.176211 -0.421493 0.339814
v 0.197581 -0.421506 0.339906
v 0.199803 -0.398068 0.358099
v 0.173975 -0.398068 0.358099
v 0.932596 -0.464783 0.865253
v 0.909476 -0.464783 0.976984
v 1.062650 -0.464783 0.976984
v 1.062650 -0.464783 0.881427
v 0.909476 -0.464783 0.881427
v 0.798026 -0.464783 0.983978
v 0.880057 -0.464783 0.983978
v 0.880057 -0.464783 0.874432
v 0.798026 -0.464783 0.874432
v 0.912010 -0.459988 0.974933
v 1.060118 -0.459988 0.974933
v 1.060118 -0.459988 0.883478
v 0.912010 -0.459988 0.883478
v 0.800364 -0.459988 0.981696
v 0.877220 -0.459988 0.981696
v 0.877220 -0.459988 0.876715
v 0.800364 -0.459988 0.876715
v 0.918205 -0.459988 0.969971
v 1.053923 -0.459988 0.969971
v 1.053923 -0.459988 0.888440
v 0.918205 -0.459988 0.888440
v 0.806009 -0.459988 0.976172
v 0.870445 -0.459988 0.976172
v 0.870445 -0.459988 0.882239
v 0.806009 -0.459988 0.882239
v 0.920755 -0.464843 0.968451
v 1.051414 -0.464843 0.968451
v 1.051414 -0.464843 0.889960
v 0.920755 -0.464843 0.889960
v 0.809867 -0.464843 0.972351
v 0.866587 -0.464843 0.972351
v 0.866587 -0.464843 0.886060
v 0.809867 -0.464843 0.886060
v 1.093211 -0.464783 0.834686
v 0.932596 -0.464783 0.993158
v 1.093211 -0.464783 1.023724
v 0.767430 -0.464783 1.023724
v 0.767430 -0.464783 0.834686
v 1.038469 -0.464783 0.993158
v 1.038469 -0.459988 0.990503
v 1.038469 -0.459988 0.984082
v 1.036527 -0.464843 0.982037
v 1.036527 -0.464843 0.876373
v 1.038469 -0.459988 0.874329
v 1.038469 -0.459988 0.867908
v 1.038469 -0.464783 0.865253
v 0.932596 -0.459988 0.990503
v 0.932596 -0.459988 0.984082
v 0.934612 -0.464843 0.982037
v 0.934612 -0.464843 0.876373
v 0.932596 -0.459988 0.874329
v 0.932596 -0.459988 0.867908
v 1.101060 -0.475182 0.830005
v 1.101060 -0.475182 1.028406
v 0.759574 -0.475182 1.028406
v 0.759574 -0.475182 0.830005
v 1.421202 -0.413259 0.718323
v 1.427354 -0.408332 0.722369
v 1.415056 -0.408332 0.722369
v 1.421202 -0.402855 0.726776
v 1.415061 -0.361666 0.577161
v 1.421202 -0.354700 0.576727
v 1.421202 -0.368090 0.577722
v 1.427347 -0.361666 0.577161
v 1.421202 -0.422393 0.723529
v 1.427378 -0.418999 0.729584
v 1.421202 -0.415978 0.736597
v 1.415032 -0.418999 0.729584
v 1.415018 -0.366277 0.557941
v 1.421202 -0.359719 0.553955
v 1.427391 -0.366277 0.557941
v 1.421202 -0.372395 0.560938
v 1.421202 -0.445688 0.715649
v 1.427751 -0.447361 0.720825
v 1.421202 -0.448966 0.726019
v 1.414659 -0.447361 0.720825
v 1.414659 -0.392122 0.549024
v 1.421202 -0.390365 0.543884
v 1.427751 -0.392122 0.549024
v 1.421202 -0.393814 0.554193
v 1.421202 -0.444626 0.700836
v 1.439725 -0.450645 0.719757
v 1.439725 -0.457513 0.717578
v 1.421202 -0.451494 0.698657
v 1.421202 -0.456595 0.738702
v 1.421202 -0.463463 0.736517
v 1.402683 -0.450644 0.719757
v 1.402683 -0.457512 0.717578
v 1.402683 -0.395405 0.547955
v 1.421202 -0.389076 0.529138
v 1.421202 -0.395912 0.526862
v 1.402683 -0.402241 0.545679
v 1.439725 -0.395407 0.547955
v 1.439725 -0.402243 0.545679
v 1.421202 -0.401671 0.566797
v 1.421202 -0.408507 0.564520
v 1.421202 -0.366371 0.612634
v 1.415056 -0.372569 0.610614
v 1.421202 -0.378213 0.608783
v 1.427347 -0.372569 0.610614
v 1.421202 -0.391974 0.693298
v 1.415056 -0.398198 0.691272
v 1.421202 -0.403843 0.689435
v 1.427354 -0.398198 0.691272
v 1.421202 -0.386667 0.685858
v 1.412205 -0.395566 0.682959
v 1.421202 -0.366457 0.621771
v 1.412205 -0.375330 0.618884
v 1.421202 -0.383649 0.616181
v 1.421202 -0.403885 0.680255
v 1.430198 -0.375330 0.618884
v 1.430198 -0.395566 0.682959
v 1.192832 -0.413259 0.718323
v 1.198985 -0.408332 0.722369
v 1.186687 -0.408332 0.722369
v 1.192832 -0.402855 0.726776
v 1.186690 -0.361666 0.577161
v 1.192832 -0.354700 0.576727
v 1.192832 -0.368090 0.577722
v 1.198978 -0.361666 0.577161
v 1.192832 -0.422393 0.723529
v 1.199009 -0.418999 0.729584
v 1.192832 -0.415978 0.736597
v 1.186662 -0.418999 0.729584
v 1.186649 -0.366277 0.557941
v 1.192832 -0.359719 0.553955
v 1.199019 -0.366277 0.557941
v 1.192832 -0.372395 0.560938
v 1.192832 -0.445688 0.715649
v 1.199378 -0.447361 0.720825
v 1.192832 -0.448966 0.726019
v 1.186290 -0.447361 0.720825
v 1.186290 -0.392122 0.549024
v 1.192832 -0.390365 0.543884
v 1.199378 -0.392122 0.549024
v 1.192832 -0.393814 0.554193
v 1.192832 -0.444626 0.700836
v 1.211356 -0.450645 0.719757
v 1.211356 -0.457513 0.717578
v 1.192832 -0.451494 0.698657
v 1.192832 -0.456595 0.738702
v 1.192832 -0.463463 0.736517
v 1.174314 -0.450644 0.719757
v 1.174314 -0.457512 0.717578
v 1.174314 -0.395405 0.547955
v 1.192832 -0.389076 0.529138
v 1.192832 -0.395912 0.526862
v 1.174314 -0.402241 0.545679
v 1.211356 -0.395407 0.547955
v 1.211356 -0.402243 0.545679
v 1.192832 -0.401671 0.566797
v 1.192832 -0.408507 0.564520
v 1.192832 -0.366371 0.612634
v 1.186687 -0.372569 0.610614
v 1.192832 -0.378213 0.608783
v 1.198978 -0.372569 0.610614
v 1.192832 -0.391974 0.693298
v 1.186687 -0.398198 0.691272
v 1.192832 -0.403843 0.689435
v 1.198985 -0.398198 0.691272
v 1.192832 -0.386667 0.685858
v 1.183836 -0.395566 0.682959
v 1.192832 -0.366457 0.621771
v 1.183836 -0.375330 0.618884
v 1.192832 -0.383649 0.616181
v 1.192832 -0.403885 0.680255
v 1.201829 -0.375330 0.618884
v 1.201829 -0.395566 0.682959
v 1.501628 -0.421912 0.608997
v 1.676463 -0.421912 0.608997
v 1.506541 -0.412749 0.607221
v 1.671556 -0.412749 0.607221
v 1.506541 -0.377438 0.500592
v 1.671556 -0.377438 0.500592
v 1.501628 -0.383765 0.493799
v 1.676463 -0.383765 0.493799
v 1.516575 -0.410624 0.600806
v 1.661521 -0.410624 0.600806
v 1.661521 -0.379563 0.507007
v 1.516575 -0.379563 0.507007
v 1.519981 -0.413051 0.597736
v 1.658109 -0.413051 0.597736
v 1.658109 -0.383433 0.508295
v 1.519981 -0.383433 0.508295
v 1.393064 -0.476856 1.028076
v 1.654771 -0.476856 1.028076
v 1.402098 -0.462796 1.017859
v 1.645738 -0.462796 1.017859
v 1.402098 -0.460204 0.837201
v 1.645738 -0.460204 0.837201
v 1.393064 -0.473967 0.826727
v 1.654771 -0.473967 0.826727
v 1.420560 -0.462574 1.002350
v 1.627274 -0.462574 1.002350
v 1.627274 -0.460427 0.852716
v 1.420560 -0.460427 0.852716
v 1.426829 -0.467794 0.996991
v 1.621006 -0.467794 0.996991
v 1.621006 -0.465799 0.857904
v 1.426829 -0.465799 0.857904
v -1.027951 -0.457798 0.711194
v -0.692575 -0.457798 0.711194
v -1.018532 -0.437685 0.706085
v -0.701992 -0.437685 0.706085
v -1.018532 -0.353193 0.450928
v -0.701992 -0.353193 0.450928
v -1.027951 -0.366518 0.435541
v -0.692575 -0.366518 0.435541
v -0.999284 -0.432601 0.690729
v -0.721242 -0.432601 0.690729
v -0.721242 -0.358277 0.466278
v -0.999284 -0.358277 0.466278
v -0.992745 -0.436117 0.683777
v -0.727782 -0.436117 0.683777
v -0.727782 -0.365247 0.469757
v -0.992745 -0.365247 0.469757
v -1.408940 -0.484756 1.044800
v -1.033825 -0.484756 1.044800
v -1.398406 -0.461245 1.032880
v -1.044357 -0.461245 1.032880
v -1.398406 -0.458222 0.822199
v -1.044357 -0.458222 0.822199
v -1.408940 -0.481386 0.809967
v -1.033825 -0.481386 0.809967
v -1.376876 -0.460986 1.014795
v -1.065890 -0.460986 1.014795
v -1.065890 -0.458482 0.840283
v -1.376876 -0.458482 0.840283
v -1.369563 -0.467075 1.008563
v -1.073201 -0.467075 1.008563
v -1.073201 -0.464747 0.846338
v -1.369563 -0.464747 0.846338
v -0.252055 -0.454586 0.482800
v -0.008522 -0.454586 0.482800
v -0.245217 -0.439162 0.473944
v -0.015361 -0.439162 0.473944
v -0.245217 -0.414451 0.301233
v -0.015361 -0.414451 0.301233
v -0.252055 -0.427044 0.290296
v -0.008522 -0.427044 0.290296
v -0.231240 -0.437040 0.459119
v -0.029338 -0.437040 0.459119
v -0.029338 -0.416573 0.316058
v -0.231240 -0.416573 0.316058
v -0.226491 -0.440290 0.453516
v -0.034087 -0.440290 0.453516
v -0.034087 -0.421264 0.320526
v -0.226491 -0.421264 0.320526
v -1.330110 -0.297167 0.275159
v -1.309353 -0.345855 0.425867
v -1.156784 -0.345855 0.425867
v -1.156784 -0.306159 0.302997
v -1.309353 -0.306159 0.302997
v -1.306599 -0.353321 0.421002
v -1.159548 -0.353321 0.421002
v -1.159548 -0.315062 0.302576
v -1.306599 -0.315062 0.302576
v -1.302550 -0.357215 0.416138
v -1.163598 -0.357215 0.416138
v -1.163598 -0.321065 0.304236
v -1.302550 -0.321065 0.304236
v -1.287404 -0.348198 0.405585
v -1.178737 -0.348198 0.405585
v -1.178737 -0.319926 0.318073
v -1.287404 -0.319926 0.318073
v -1.330110 -0.381360 0.535773
v -1.043642 -0.381360 0.535773
v -1.043642 -0.297167 0.275159
v -1.138069 -0.302910 0.292938
v -1.069512 -0.302910 0.292938
v -1.138069 -0.374015 0.513037
v -1.069512 -0.374015 0.513037
v -1.315395 -0.352023 0.444965
v -1.156774 -0.352023 0.444965
v -1.315395 -0.374015 0.513037
v -1.156774 -0.374015 0.513037
v -1.315395 -0.358084 0.443005
v -1.156774 -0.358084 0.443005
v -1.315395 -0.380076 0.511078
v -1.156774 -0.380076 0.511078
v -1.138069 -0.308971 0.290979
v -1.069512 -0.308971 0.290979
v -1.138069 -0.380076 0.511078
v -1.069512 -0.380076 0.511078
v -1.336467 -0.314756 0.262958
v -1.336467 -0.402764 0.535376
v -1.037285 -0.314756 0.262958
v -1.037285 -0.402764 0.535376
v 1.150492 -0.473507 0.997833
v 1.304356 -0.473507 0.997833
v 1.296409 -0.457654 0.988727
v 1.296409 -0.457654 0.864203
v 1.150492 -0.473507 0.855096
v 1.304356 -0.473507 0.855096
v 1.158440 -0.457654 0.988727
v 1.158440 -0.457654 0.864203
v 1.269932 -0.457654 0.903851
v 1.227312 -0.457654 0.879248
v 1.184696 -0.457654 0.903851
v 1.184696 -0.457654 0.953064
v 1.227312 -0.457654 0.977667
v 1.269932 -0.457654 0.953064
v 1.263682 -0.452046 0.907459
v 1.227312 -0.452046 0.886462
v 1.190940 -0.452046 0.907459
v 1.190940 -0.452046 0.949457
v 1.227312 -0.452046 0.970459
v 1.263682 -0.452046 0.949457
v 1.257146 -0.452046 0.911231
v 1.227312 -0.452046 0.894006
v 1.197474 -0.452046 0.911231
v 1.197474 -0.452046 0.945685
v 1.227312 -0.452046 0.962909
v 1.257146 -0.452046 0.945685
v 1.255692 -0.443298 0.912073
v 1.227312 -0.443298 0.895685
v 1.198929 -0.443298 0.912073
v 1.198929 -0.443298 0.944849
v 1.227312 -0.443298 0.961237
v 1.255692 -0.443298 0.944849
v 1.337577 -0.378025 0.497345
v 1.364451 -0.378025 0.497345
v 1.339061 -0.373474 0.497290
v 1.362962 -0.373474 0.497290
v 1.339061 -0.365960 0.474597
v 1.362962 -0.365960 0.474597
v 1.337577 -0.369577 0.471832
v 1.364451 -0.369577 0.471832
v 1.307701 -0.378025 0.497345
v 1.334574 -0.378025 0.497345
v 1.308817 -0.373591 0.497644
v 1.333457 -0.373591 0.497644
v 1.308817 -0.365842 0.474243
v 1.333457 -0.365842 0.474243
v 1.307701 -0.369577 0.471832
v 1.334574 -0.369577 0.471832
v 1.277305 -0.378025 0.497345
v 1.304178 -0.378025 0.497345
v 1.278978 -0.373417 0.497113
v 1.302513 -0.373417 0.497113
v 1.278978 -0.366017 0.474768
v 1.302513 -0.366017 0.474768
v 1.277305 -0.369577 0.471832
v 1.304178 -0.369577 0.471832
v 1.277305 -0.368232 0.467774
v 1.304178 -0.368232 0.467774
v 1.278983 -0.363620 0.467529
v 1.302507 -0.363620 0.467529
v 1.278983 -0.356226 0.445203
v 1.302507 -0.356226 0.445203
v 1.277305 -0.359783 0.442261
v 1.304178 -0.359783 0.442261
v 1.307701 -0.368232 0.467774
v 1.334574 -0.368232 0.467774
v 1.308824 -0.363795 0.468060
v 1.333457 -0.363795 0.468060
v 1.308824 -0.356051 0.444672
v 1.333457 -0.356051 0.444672
v 1.307701 -0.359783 0.442261
v 1.334574 -0.359783 0.442261
v 1.337577 -0.368232 0.467774
v 1.364451 -0.368232 0.467774
v 1.338884 -0.363736 0.467883
v 1.363138 -0.363736 0.467883
v 1.338884 -0.356110 0.444855
v 1.363138 -0.356110 0.444855
v 1.337577 -0.359783 0.442261
v 1.364451 -0.359783 0.442261
v 1.246732 -0.396804 0.529657
v 1.392881 -0.396804 0.529657
v 1.254276 -0.386803 0.523859
v 1.385337 -0.386803 0.523859
v 1.254276 -0.349620 0.411566
v 1.385337 -0.349620 0.411566
v 1.246732 -0.354183 0.400946
v 1.392881 -0.354183 0.400946
v -1.344909 1.221491 -0.820973
v -1.258694 0.563682 -0.820973
v -0.624998 0.563682 -0.820973
v -0.624998 1.100000 -0.820973
v -1.258694 1.100000 -0.820973
v -1.247250 0.573395 -0.856699
v -0.636492 0.573395 -0.856699
v -0.636492 1.090292 -0.856699
v -1.247250 1.090292 -0.856699
v -1.230436 0.587635 -0.878297
v -0.653306 0.587635 -0.878297
v -0.653306 1.076052 -0.878297
v -1.230436 1.076052 -0.878297
v -1.167530 0.640859 -0.856132
v -0.716189 0.640859 -0.856132
v -0.716189 1.022827 -0.856133
v -1.167530 1.022827 -0.856133
v -1.344909 0.083984 -0.820973
v -0.155094 0.083984 -0.820973
v -0.155094 1.221491 -0.820973
v -0.547279 1.143894 -0.820973
v -0.262536 1.143894 -0.820973
v -0.547279 0.183222 -0.820973
v -0.262536 0.183222 -0.820973
v -1.283775 0.480343 -0.820973
v -0.624971 0.480343 -0.820973
v -1.283775 0.183222 -0.820973
v -0.624971 0.183222 -0.820973
v -1.283775 0.480343 -0.847428
v -0.624971 0.480343 -0.847428
v -1.283775 0.183222 -0.847428
v -0.624971 0.183222 -0.847428
v -0.547279 1.143894 -0.847429
v -0.262536 1.143894 -0.847429
v -0.547279 0.183222 -0.847428
v -0.262536 0.183222 -0.847428
v -1.371318 1.247260 -0.906071
v -1.371318 0.058215 -0.906070
v -0.128686 1.247260 -0.906071
v -0.128686 0.058215 -0.906070
v 0.155091 1.221491 -0.820973
v 0.936168 1.221491 -0.820973
v 0.241306 0.563682 -0.820973
v 0.875002 0.563682 -0.820973
v 0.875002 1.100000 -0.820973
v 0.241306 1.100000 -0.820973
v 0.252750 0.573395 -0.856699
v 0.863508 0.573395 -0.856699
v 0.863508 1.090292 -0.856699
v 0.252750 1.090292 -0.856699
v 0.269564 0.587635 -0.878297
v 0.846694 0.587635 -0.878297
v 0.846694 1.076052 -0.878297
v 0.269564 1.076052 -0.878297
v 0.332470 0.640859 -0.856132
v 0.783811 0.640859 -0.856132
v 0.783811 1.022827 -0.856133
v 0.332470 1.022827 -0.856133
v 0.155091 0.083984 -0.820973
v 1.344906 1.221491 -0.820973
v 1.344906 0.083984 -0.820973
v 0.952721 1.143894 -0.820973
v 1.237464 1.143894 -0.820973
v 0.952721 0.183222 -0.820973
v 1.237464 0.183222 -0.820973
v 0.216225 0.480343 -0.820973
v 0.875029 0.480343 -0.820973
v 0.216225 0.183222 -0.820973
v 0.875029 0.183222 -0.820973
v 0.216225 0.480343 -0.847428
v 0.875029 0.480343 -0.847428
v 0.216225 0.183222 -0.847428
v 0.875029 0.183222 -0.847428
v 0.952721 1.143894 -0.847429
v 1.237464 1.143894 -0.847429
v 0.952721 0.183222 -0.847428
v 1.237464 0.183222 -0.847428
v 0.128682 1.247260 -0.906071
v 0.128682 0.058215 -0.906070
v 1.371314 1.247260 -0.906071
v 1.371314 0.058215 -0.906070
vn -0.9999 -0.0000 0.0119
vn -0.0000 0.3088 0.9511
vn -0.0000 0.9053 -0.4248
vn -0.0000 0.9898 0.1423
vn -0.0000 -0.0000 1.0000
vn -0.0000 0.0349 0.9994
vn -0.0000 0.8214 -0.5704
vn 0.9223 0.3825 0.0550
vn -0.0000 -0.9741 0.2262
vn -0.0000 0.9513 0.3084
vn -0.0000 -0.9854 0.1705
vn -0.0000 0.9883 0.1527
vn -0.0000 -1.0000 -0.0041
vn -0.0000 -0.9884 0.1520
vn 0.9629 -0.0000 0.2699
vn -0.0000 1.0000 -0.0000
vn -0.9629 -0.0000 0.2699
vn -0.9150 0.3993 0.0574
vn -0.0000 0.5986 0.8010
vn -1.0000 -0.0000 -0.0000
vn -0.9330 -0.3580 0.0361
vn -0.6097 -0.7710 0.1840
vn 0.9239 -0.3722 0.0888
vn -0.0000 0.9950 -0.1003
vn -0.4857 0.8569 -0.1726
vn 0.0034 0.6019 0.7985
vn 0.5473 -0.7418 0.3876
vn -0.0000 -0.8863 0.4631
vn -0.0000 0.2728 0.9621
vn -0.0000 0.2870 0.9579
vn 0.4783 0.8596 -0.1796
vn -0.0000 0.2580 0.9661
vn -0.0000 -1.0000 -0.0000
vn 0.8815 -0.0000 -0.4722
vn 0.7690 0.5251 -0.3646
vn -0.9079 -0.0000 -0.4191
vn -0.7195 0.5704 -0.3961
vn -0.8983 -0.0000 -0.4393
vn 0.9036 -0.0000 -0.4284
vn 0.9093 0.1195 0.3987
vn -0.0000 0.7982 0.6024
vn -0.8773 -0.0000 0.4800
vn -0.0000 0.2669 0.9637
vn -0.5761 0.7776 0.2521
vn 0.5759 0.7776 0.2521
vn -0.0000 0.7818 -0.6235
vn 1.0000 -0.0000 -0.0000
vn -0.9223 0.3825 0.0550
vn -0.0000 0.9899 0.1416
vn 0.9150 0.3993 0.0574
vn -0.0001 0.5986 0.8010
vn 0.9330 -0.3580 0.0361
vn 0.6097 -0.7710 0.1840
vn -0.9266 -0.3741 0.0377
vn 0.4857 0.8569 -0.1726
vn -0.0049 0.5987 0.8009
vn -0.5473 -0.7418 0.3876
vn 0.1071 0.2779 0.9546
vn -0.4783 0.8596 -0.1796
vn -0.0000 0.9840 0.1783
vn -0.0000 -0.6415 0.7671
vn -0.8711 0.0241 -0.4904
vn -0.7690 0.5251 -0.3646
vn 0.8981 -0.0249 -0.4392
vn 0.7195 0.5704 -0.3961
vn 0.8983 -0.0000 -0.4393
vn -0.8813 0.0244 -0.4720
vn 0.8773 -0.0000 0.4800
vn 0.5761 0.7776 0.2521
vn -0.5760 0.7776 0.2521
vn -0.0000 -0.0118 0.9999
vn -0.0000 0.9493 0.3144
vn -0.0000 0.5870 -0.8096
vn 0.9483 0.3014 0.0998
vn -0.9482 0.3015 0.0998
vn -0.0000 0.5352 0.8447
vn -0.0000 0.9492 0.3146
vn -0.0000 0.9336 -0.3584
vn -0.0000 -0.9493 -0.3144
vn 0.6336 0.7344 0.2432
vn -0.6336 0.7345 0.2430
vn -0.0000 -0.0933 0.9956
vn 0.9822 -0.1784 -0.0590
vn -0.0000 0.1764 -0.9843
vn -0.9822 -0.1783 -0.0591
vn -0.0000 0.5016 0.8651
vn -0.0000 0.9188 -0.3947
vn 0.7130 0.6657 0.2204
vn -0.7128 0.6658 0.2205
vn 0.3652 0.8472 -0.3857
vn -0.3653 0.8472 -0.3858
vn -0.7303 0.6485 0.2147
vn -0.3652 0.4497 0.8151
vn 0.3653 0.4494 0.8152
vn 0.7305 0.6483 0.2147
vn -0.0000 0.9493 0.3143
vn -0.0002 0.9492 0.3146
vn -0.0000 -0.0000 -1.0000
vn 0.4584 0.6291 -0.6278
vn -0.4585 0.6287 -0.6281
vn -0.9167 0.3793 0.1256
vn -0.4584 0.1296 0.8792
vn 0.4584 0.1300 0.8792
vn 0.9168 0.3791 0.1256
vn 0.3652 0.8473 -0.3856
vn -0.7305 0.6483 0.2147
vn -0.3653 0.4496 0.8151
vn 0.3654 0.4493 0.8152
vn 0.7303 0.6485 0.2148
vn -0.0000 0.5700 -0.8217
vn 0.4584 0.6292 -0.6277
vn -0.9168 0.3792 0.1256
vn -0.4584 0.1295 0.8793
vn 0.9167 0.3794 0.1256
vn -0.3652 0.8472 -0.3858
vn -0.3653 0.4496 0.8152
vn -0.0000 -0.9571 0.2898
vn 0.9378 -0.0000 0.3471
vn -0.9167 0.3794 0.1257
vn -0.4585 0.1297 0.8792
vn 0.3653 0.8471 -0.3860
vn 0.0003 0.9493 0.3143
vn 0.4583 0.6287 -0.6282
vn -0.4583 0.6288 -0.6282
vn -0.9166 0.3796 0.1257
vn -0.4584 0.1298 0.8792
vn 0.9168 0.3790 0.1255
vn 0.0001 0.9493 0.3143
vn 0.9168 0.3791 0.1255
vn 0.7130 0.6656 0.2204
vn -0.7129 0.6657 0.2204
vn -0.7127 0.6659 0.2205
vn -0.0000 0.0121 0.9999
vn -0.0000 0.6073 -0.7945
vn 0.9450 0.3104 0.1028
vn -0.9454 0.3095 0.1025
vn -0.0000 -0.0673 0.9977
vn -0.0000 0.5424 -0.8401
vn 0.9680 0.2384 0.0789
vn -0.9680 0.2384 0.0789
vn -0.0000 0.0503 0.9987
vn -0.0000 0.6362 -0.7715
vn 0.9325 0.3428 0.1135
vn -0.9321 0.3439 0.1139
vn -0.0000 0.0515 0.9987
vn -0.0000 0.6381 -0.7700
vn 0.9322 0.3437 0.1138
vn -0.9317 0.3448 0.1142
vn -0.0000 -0.0659 0.9978
vn -0.0000 0.5435 -0.8394
vn -0.9676 0.2397 0.0794
vn -0.0000 -0.0258 0.9997
vn -0.0000 0.5768 -0.8169
vn 0.9565 0.2770 0.0917
vn -0.9568 0.2760 0.0914
vn -0.0000 -0.0285 0.9996
vn -0.0000 0.5736 -0.8192
vn 0.9581 0.2721 0.0901
vn -0.9578 0.2729 0.0904
vn -0.0000 0.0107 0.9999
vn -0.0000 0.6051 -0.7961
vn 0.9458 0.3083 0.1021
vn -0.9462 0.3072 0.1017
vn -0.0000 0.0477 0.9989
vn -0.0000 0.6342 -0.7732
vn 0.9334 0.3408 0.1128
vn -0.9334 0.3407 0.1129
vn -0.0000 0.6062 -0.7953
vn 0.9457 0.3086 0.1022
vn -0.0000 -0.1082 0.9941
vn -0.0000 0.5075 -0.8617
vn 0.9775 0.2000 0.0662
vn -0.9775 0.2001 0.0662
vn -0.0000 0.0411 0.9992
vn -0.0000 0.6301 -0.7765
vn 0.9356 0.3351 0.1110
vn -0.9354 0.3356 0.1111
vn -0.0000 0.9189 -0.3945
vn -0.0000 -0.9493 -0.3143
vn 0.7127 0.6659 0.2205
vn -0.3051 0.1423 -0.9416
vn -0.9849 -0.1646 -0.0545
vn -0.3049 -0.4480 0.8404
vn 0.8010 -0.3167 0.5080
vn 0.8010 0.0490 -0.5967
vn -0.0684 0.9919 0.1066
vn -0.2214 0.9258 0.3065
vn -0.0684 0.8596 0.5064
vn 0.1791 0.8849 0.4300
vn 0.1791 0.9666 0.1830
vn 0.4883 0.1168 -0.8648
vn -0.6635 0.0643 -0.7454
vn -0.8992 -0.2806 0.3358
vn 0.1093 -0.4430 0.8898
vn 0.9695 -0.1970 0.1456
vn 0.1096 0.9862 0.1238
vn -0.1491 0.9772 0.1512
vn -0.2017 0.8970 0.3933
vn 0.0244 0.8565 0.5155
vn 0.2169 0.9117 0.3490
vn 0.9360 -0.0545 -0.3477
vn -0.0083 0.1450 -0.9894
vn -0.9412 -0.0597 -0.3324
vn -0.5752 -0.3870 0.7207
vn 0.5886 -0.3840 0.7114
vn 0.2100 0.9478 0.2399
vn -0.0019 0.9953 0.0963
vn -0.2112 0.9467 0.2433
vn -0.1286 0.8690 0.4777
vn 0.1317 0.8697 0.4756
vn -0.9482 0.3016 0.0999
vn -0.0000 0.9336 -0.3583
vn -0.6330 0.7349 0.2432
vn -0.9822 -0.1784 -0.0592
vn 0.9482 0.3015 0.0998
vn 0.6334 0.7346 0.2433
vn -0.6334 0.7347 0.2431
vn 0.9822 -0.1785 -0.0591
vn 0.7128 0.6658 0.2205
vn -0.7302 0.6485 0.2148
vn -0.9551 -0.0000 0.2964
vn -0.4584 0.1296 0.8793
vn 0.4582 0.1300 0.8793
vn -0.0000 0.9867 0.1627
vn -0.0000 0.9493 0.3142
vn 0.4584 0.6290 -0.6279
vn -0.4586 0.6287 -0.6281
vn -0.4583 0.1295 0.8793
vn 0.3653 0.4494 0.8153
vn -0.0000 0.2052 0.9787
vn 0.4583 0.6288 -0.6281
vn 0.9167 0.3793 0.1256
vn 0.3653 0.8472 -0.3859
vn 0.3654 0.4494 0.8152
vn 0.4583 0.6289 -0.6281
vn -0.4584 0.6287 -0.6282
vn -0.9167 0.3792 0.1256
vn -0.0000 0.5021 0.8648
vn -0.0000 0.9189 -0.3946
vn -0.7130 0.6656 0.2204
vn -0.0000 0.4568 0.8896
vn -0.0000 0.8976 -0.4409
vn 0.8317 0.5271 0.1746
vn -0.8316 0.5272 0.1746
vn 0.8315 0.5274 0.1746
vn -0.8314 0.5274 0.1747
vn 0.8317 0.5271 0.1745
vn -0.0000 -0.2072 0.9783
vn -0.0000 0.9962 0.0873
vn -0.0000 0.4177 -0.9086
vn 0.9811 0.1927 0.0169
vn -0.9622 0.2584 0.0856
vn -0.0000 0.8514 0.5245
vn -0.9811 0.1648 0.1015
vn 0.9811 0.1647 0.1015
vn 0.9623 0.2583 0.0855
vn -0.0000 -0.2071 0.9783
vn -0.0000 0.9932 0.1166
vn -0.0000 0.4178 -0.9086
vn 0.9812 0.1925 0.0168
vn 0.0505 0.8762 0.4793
vn -0.9814 0.1705 0.0884
vn 0.9811 0.1646 0.1014
vn 0.9624 0.2580 0.0854
vn -0.0000 -0.2066 0.9784
vn -0.0000 0.9932 0.1167
vn -0.0000 0.4183 -0.9083
vn 0.9813 0.1898 0.0309
vn -0.9580 0.2722 0.0901
vn 0.0302 0.8769 0.4797
vn -0.9813 0.1707 0.0885
vn 0.9813 0.1690 0.0918
vn 0.9811 0.1926 0.0169
vn 0.0505 0.8762 0.4794
vn -0.9813 0.1708 0.0885
vn 0.9811 0.1647 0.1014
vn 0.9623 0.2582 0.0855
vn -0.3050 -0.4480 0.8404
vn 0.8010 -0.3167 0.5081
vn 0.1791 0.9667 0.1830
vn 0.4883 0.1167 -0.8648
vn -0.6635 0.0644 -0.7454
vn -0.8992 -0.2807 0.3357
vn 0.1094 -0.4430 0.8898
vn 0.9696 -0.1967 0.1456
vn 0.1096 0.9862 0.1239
vn -0.1492 0.9772 0.1511
vn -0.2018 0.8970 0.3933
vn -0.9412 -0.0594 -0.3325
vn -0.5751 -0.3871 0.7207
vn 0.5886 -0.3839 0.7114
vn -0.2112 0.9467 0.2432
vn 0.1317 0.8697 0.4757
vn -0.0000 0.5017 0.8650
vn -0.0000 0.6453 0.7639
vn -0.0000 0.3145 -0.9492
vn -0.0000 -0.6651 -0.7468
vn -0.0000 -0.9793 0.2024
vn -0.0000 -0.3143 0.9493
vn -0.0000 0.6649 0.7469
vn -0.0000 0.9793 -0.2024
vn -0.0000 -0.3144 0.9493
vn -0.0000 0.3143 -0.9493
vn -0.9482 0.3015 0.0999
vn -0.0000 0.9492 0.3145
vn 0.6339 0.7342 0.2431
vn 0.9822 -0.1783 -0.0590
vn -0.9822 -0.1784 -0.0591
vn -0.0000 0.6160 0.7877
vn -0.0000 0.9861 0.1659
vn -0.0000 0.8558 -0.5173
vn -0.0000 -0.9860 -0.1669
vn 0.7188 0.6856 0.1154
vn -0.7072 0.6970 0.1180
vn -0.0000 0.5752 0.8180
vn -0.0000 0.9869 0.1613
vn -0.0000 0.8284 -0.5602
vn 0.8366 0.5406 0.0883
vn -0.8267 0.5551 0.0915
vn -0.0000 0.9869 0.1612
vn -0.8264 0.5556 0.0916
vn -0.0000 -0.0704 0.9975
vn -0.0000 0.9998 -0.0211
vn -0.0000 0.2885 -0.9575
vn 0.9813 0.1923 0.0045
vn 0.0302 0.9346 0.3544
vn -0.9813 0.1814 0.0642
vn 0.9813 0.1802 0.0677
vn -0.0000 -0.0702 0.9975
vn -0.0000 0.9987 -0.0506
vn -0.0000 0.2890 -0.9573
vn 0.9811 0.1932 -0.0098
vn -0.9623 0.2674 0.0491
vn -0.0000 0.9154 0.4025
vn -0.9811 0.1770 0.0778
vn 0.9811 0.1771 0.0779
vn -0.0000 0.9835 0.1807
vn -0.9623 0.2675 0.0491
vn 0.9623 0.2676 0.0492
vn -0.0000 -0.0707 0.9975
vn -0.0000 0.2892 -0.9573
vn 0.9814 0.1921 0.0045
vn -0.9580 0.2821 0.0518
vn -0.9813 0.1813 0.0641
vn 0.9813 0.1800 0.0676
vn 0.9811 0.1930 -0.0098
vn -0.9622 0.2677 0.0492
vn -0.9811 0.1772 0.0779
vn 0.9811 0.1770 0.0778
vn -0.9622 0.2678 0.0492
vn 0.9623 0.2675 0.0491
vn -0.0000 0.6350 0.7725
vn -0.0000 0.9876 0.1569
vn -0.0000 0.8431 -0.5378
vn -0.0000 -0.9876 -0.1569
vn 0.7128 0.6927 0.1101
vn -0.7130 0.6925 0.1101
vn 0.3653 0.7737 -0.5177
vn -0.3651 0.7739 -0.5174
vn -0.7303 0.6747 0.1072
vn -0.3653 0.5751 0.7320
vn 0.3651 0.5754 0.7319
vn 0.7305 0.6744 0.1072
vn 0.4583 0.5192 -0.7213
vn -0.4583 0.5195 -0.7212
vn -0.9167 0.3947 0.0627
vn -0.4585 0.2697 0.8468
vn 0.4584 0.2700 0.8467
vn 0.9167 0.3947 0.0627
vn -0.3651 0.7739 -0.5175
vn -0.7305 0.6745 0.1072
vn -0.3653 0.5750 0.7320
vn -0.0000 0.9876 0.1570
vn -0.0001 0.9876 0.1570
vn 0.4583 0.5191 -0.7215
vn -0.4584 0.5194 -0.7212
vn 0.9168 0.3944 0.0627
vn 0.3653 0.7738 -0.5175
vn 0.3652 0.5754 0.7318
vn 0.7303 0.6746 0.1072
vn 0.4584 0.5192 -0.7213
vn -0.9168 0.3945 0.0627
vn -0.4585 0.2696 0.8468
vn 0.4585 0.2700 0.8467
vn 0.9167 0.3946 0.0627
vn 0.7187 0.6857 0.1154
vn -0.7071 0.6972 0.1181
vn 0.8365 0.5409 0.0884
vn -0.8265 0.5554 0.0916
vn -0.9814 0.1811 0.0641
vn 0.9813 0.1800 0.0677
vn 0.9814 0.1920 0.0045
vn -0.9581 0.2816 0.0517
vn -0.9814 0.1810 0.0640
vn 0.9814 0.1798 0.0676
vn 0.9812 0.1929 -0.0098
vn -0.9624 0.2672 0.0491
vn -0.9812 0.1769 0.0778
vn 0.9812 0.1769 0.0778
vn -0.9624 0.2673 0.0491
vn 0.9624 0.2673 0.0491
vn -0.6989 0.2954 0.6514
vn 0.9995 0.0277 0.0172
vn -0.6844 0.5277 -0.5031
vn -0.0000 -0.9867 -0.1626
vn 0.9415 0.3324 0.0548
vn -0.9415 0.3325 0.0548
vn -0.0000 0.9867 0.1626
vn 0.4403 0.8579 -0.2649
vn -0.6453 0.7538 0.1242
vn 0.4011 0.7637 0.5059
vn 0.6453 0.7538 0.1242
vn 0.6771 0.5733 -0.4613
vn 0.6989 0.2953 0.6514
vn -0.4010 0.8857 -0.2340
vn -0.0000 0.9509 0.3096
vn -0.4402 0.7276 0.5262
vn -0.0000 0.6024 -0.7982
vn -0.0000 0.2479 0.9688
vn -0.0000 0.8553 -0.5181
vn -0.0000 0.6437 0.7653
vn -0.0004 0.9493 0.3143
vn -0.0000 0.9509 0.3095
vn -0.9384 0.3286 0.1070
vn -0.0000 0.5030 -0.8643
vn 0.9351 0.3362 0.1125
vn 0.3953 0.7099 -0.5830
vn -0.4291 0.6825 -0.5916
vn -0.9476 0.3037 0.0989
vn 0.9454 0.3095 0.1019
vn 0.4292 0.2033 0.8800
vn -0.3952 0.2306 0.8892
vn -0.9350 0.3381 0.1070
vn 0.9384 0.3285 0.1070
vn -0.0000 -0.1024 0.9947
vn -0.0000 0.6782 -0.7349
vn -0.5273 0.4227 0.7371
vn 0.5469 0.4100 0.7299
vn 0.5495 0.7429 -0.3823
vn -0.5691 0.7271 -0.3840
vn 0.8514 0.4988 0.1624
vn -0.8516 0.4984 0.1623
vn -0.3957 0.7583 -0.5181
vn 0.8672 0.4735 0.1542
vn -0.0000 0.7422 -0.6702
vn -0.0000 -0.1027 0.9947
vn -0.0000 0.9508 0.3097
vn 0.9776 0.2001 0.0652
vn -0.9776 0.2001 0.0652
vn -0.0000 0.0467 0.9989
vn -0.0000 0.6261 -0.7798
vn 0.9358 0.3353 0.1092
vn -0.9354 0.3362 0.1095
vn 0.9354 0.3362 0.1095
vn -0.0000 0.4302 -0.9027
vn -0.9521 0.3007 0.0545
vn -0.0000 0.0860 0.9963
vn 0.9523 0.3002 0.0544
vn -0.0000 0.6903 -0.7235
vn -0.7890 0.6046 0.1095
vn -0.0000 0.3924 0.9198
vn 0.7891 0.6044 0.1095
vn -0.0000 0.8398 0.5429
vn 0.3324 0.9280 0.1682
vn -0.0000 0.9769 -0.2137
vn -0.3323 0.9281 0.1682
vn -0.0000 -0.1783 0.9840
vn -0.0000 0.1783 -0.9840
vn 0.9551 0.2915 0.0528
vn -0.9551 0.2916 0.0528
vn -0.0000 0.1147 0.9934
vn -0.0000 0.9450 0.3272
vn -0.0000 0.0504 0.9987
vn -0.0000 0.6579 -0.7531
vn -0.9232 0.3631 0.1257
vn 0.9236 0.3622 0.1254
vn -0.0000 0.6053 -0.7960
vn -0.0000 -0.0165 0.9999
vn 0.5199 0.0855 0.8500
vn -0.0000 0.0359 0.9994
vn 0.5419 0.6422 -0.5422
vn -0.0000 0.6462 -0.7632
vn -0.5197 0.5928 -0.6152
vn -0.5415 0.1695 0.8235
vn -0.0000 0.0360 0.9994
vn 0.6645 0.2274 0.7119
vn 0.6548 0.6312 -0.4157
vn 0.9250 0.3591 0.1243
vn -0.6548 0.2389 0.7170
vn -0.6643 0.6191 -0.4188
vn -0.9249 0.3594 0.1244
vn -0.0000 -0.1227 0.9924
vn -0.0000 0.9450 0.3271
vn -0.0000 0.5178 -0.8555
vn 0.9771 0.2011 0.0696
vn -0.9776 0.1990 0.0689
vn -0.0000 0.0280 0.9996
vn -0.0000 0.6388 -0.7694
vn 0.9358 0.3332 0.1154
vn -0.9357 0.3334 0.1154
vn 0.8852 -0.1519 0.4397
vn -1.0000 -0.0002 0.0007
vn -0.0000 -0.3266 0.9452
vn 0.9538 0.0981 -0.2840
vn -0.0000 0.3266 -0.9452
vn -0.9538 0.0981 -0.2839
vn -0.0000 0.3282 -0.9446
vn -0.6822 -0.2399 0.6907
vn -0.0000 -0.3281 0.9446
vn -0.0000 0.9449 0.3273
vn 0.5391 -0.2764 0.7956
vn -0.0000 0.4899 0.8718
vn -0.0000 0.9240 -0.3823
vn -0.0000 -0.9450 -0.3272
vn 0.7128 0.6628 0.2295
vn -0.7132 0.6624 0.2294
vn -0.0000 0.3272 -0.9449
vn -0.0000 -0.6551 -0.7556
vn -0.0000 -0.9819 0.1892
vn -0.0000 -0.3272 0.9449
vn -0.0000 0.6551 0.7556
vn -0.0000 0.9819 -0.1892
vn -0.0000 -0.3273 0.9449
vn -0.0000 0.3273 -0.9449
vn -0.6982 -0.0781 0.7116
vn -0.0000 0.9450 0.3270
vn 0.6980 0.3789 -0.6077
vn 0.6980 -0.0782 0.7118
vn -0.6982 0.3787 -0.6075
vn -0.6981 -0.0796 0.7116
vn 0.0001 0.9450 0.3272
vn 0.6983 0.3787 -0.6074
vn 0.6983 -0.0781 0.7115
vn -0.6983 0.3787 -0.6074
vn -0.6984 -0.0792 0.7113
vn 0.6982 0.3787 -0.6075
vn 0.6976 -0.0782 0.7122
vn -0.6982 -0.0795 0.7115
vn 0.6985 0.3786 -0.6072
vn 0.6986 -0.0781 0.7113
vn -0.6980 0.3789 -0.6077
vn -0.6986 -0.0780 0.7112
vn -0.0002 0.9450 0.3272
vn 0.6982 0.3788 -0.6075
vn -0.6983 0.3788 -0.6074
vn -0.0000 -0.1433 0.9897
vn -0.0000 0.9993 -0.0379
vn -0.0000 0.1368 -0.9906
vn 0.9964 -0.0336 -0.0785
vn -0.9963 -0.0338 -0.0786
vn -0.0000 0.8851 -0.4654
vn 0.9785 0.0604 -0.1974
vn -0.0000 -0.9897 -0.1432
vn -0.9378 -0.0000 0.3471
vn 0.7130 0.6940 0.1004
vn -0.7129 0.6940 0.1004
vn -0.0000 0.8354 -0.5496
vn -0.5035 0.5507 0.6657
vn 0.8843 0.4670 -0.0000
vn -0.5220 0.4132 -0.7462
vn -0.8842 0.4672 -0.0000
vn -0.0000 0.4298 0.9029
vn 0.8606 0.5093 -0.0000
vn -0.0000 0.4298 -0.9029
vn -0.8988 0.4383 -0.0000
vn 0.6027 0.5089 -0.6146
vn -0.8884 0.4591 -0.0000
vn 0.6026 0.5090 0.6146
vn 0.8853 0.4650 -0.0000
vn -0.0000 0.6184 -0.7858
vn -0.7830 0.6221 -0.0000
vn -0.0000 0.6184 0.7858
vn 0.7830 0.6221 -0.0000
vn -0.0000 0.9516 0.3074
vn 0.4883 0.5482 0.6790
vn -0.5829 0.5022 -0.6387
vn -0.5834 0.5015 0.6389
vn 0.4883 0.5483 -0.6789
vn -0.0000 0.4844 0.8748
vn -0.0000 0.3881 -0.9216
vn -0.0000 0.3881 0.9216
vn -0.0000 0.4844 -0.8748
vn 0.7982 0.6024 -0.0000
vn -0.0000 0.4105 0.9119
vn -0.7979 0.6028 -0.0000
vn -0.7290 0.6508 0.2121
vn 0.6943 -0.6842 -0.2230
vn 0.7300 0.6500 0.2113
vn -0.6948 -0.6838 -0.2229
vn 0.7470 -0.3292 -0.5776
vn 0.7718 0.3574 0.5259
vn -0.7424 0.4014 0.5364
vn -0.7050 -0.3962 -0.5882
vn -0.7460 0.6480 -0.1538
vn 0.7611 0.6334 -0.1396
vn 0.7321 -0.6620 0.1605
vn -0.7196 -0.6727 0.1725
vn 0.6389 0.2465 -0.7288
vn 0.6387 -0.2194 0.7376
vn -0.6821 -0.2233 0.6963
vn -0.6088 0.2414 -0.7557
vn -0.6387 0.2589 -0.7246
vn 0.6859 0.2272 -0.6913
vn 0.6112 -0.2505 0.7508
vn -0.6393 -0.2310 0.7335
vn 0.7312 0.2063 -0.6502
vn 0.7311 -0.2063 0.6503
vn -0.7313 -0.2068 0.6499
vn -0.7313 0.2062 -0.6501
vn -0.7313 0.2155 -0.6472
vn 0.7312 0.2155 -0.6472
vn 0.7312 -0.2155 0.6472
vn -0.7313 -0.2155 0.6471
vn 0.1945 0.9784 0.0702
vn -0.0000 -0.9540 -0.2997
vn 0.2689 0.8121 0.5179
vn -0.1952 0.8405 0.5055
vn -0.2678 0.9625 0.0441
vn -0.2688 0.9614 0.0588
vn -0.0000 -0.9489 -0.3155
vn 0.1951 0.9771 0.0854
vn 0.2679 0.8041 0.5307
vn -0.1948 0.8324 0.5189
vn -0.7276 0.6523 0.2125
vn -0.6949 -0.6837 -0.2229
vn 0.6946 -0.6840 -0.2229
vn 0.7261 0.6539 0.2125
vn -0.7199 0.6619 0.2090
vn -0.6971 -0.6837 -0.2159
vn 0.6971 -0.6837 -0.2159
vn 0.7209 0.6609 0.2084
vn -0.7026 0.5727 0.4223
vn -0.7112 0.7030 0.0066
vn -0.6784 -0.7347 0.0034
vn -0.6765 -0.5963 -0.4323
vn 0.6783 -0.5921 -0.4351
vn 0.6763 -0.7366 -0.0018
vn 0.7123 0.5714 0.4076
vn 0.7016 0.7126 -0.0039
vn 0.7718 0.3574 0.5258
vn -0.7458 0.6481 -0.1539
vn 0.7613 0.6333 -0.1395
vn 0.7322 -0.6619 0.1604
vn -0.7194 -0.6728 0.1725
vn 0.6391 0.2464 -0.7286
vn 0.6389 -0.2194 0.7374
vn 0.6861 0.2271 -0.6912
vn 0.6114 -0.2505 0.7507
vn 0.1946 0.9784 0.0702
vn 0.2688 0.8121 0.5179
vn 0.1952 0.9770 0.0854
vn -0.0000 -0.9478 -0.3188
vn 0.2678 0.8041 0.5307
vn -0.7276 0.6522 0.2125
vn -0.6764 -0.5963 -0.4323
vn -0.0000 0.1903 0.9817
vn -0.0000 0.7318 -0.6815
vn 0.8564 0.4901 0.1623
vn -0.8562 0.4905 0.1624
vn -0.0000 0.7845 -0.6201
vn -0.6917 0.6855 0.2270
vn -0.0000 0.3157 0.9489
vn 0.6925 0.6848 0.2268
vn -0.0000 0.5879 0.8089
vn -0.0000 0.9999 0.0143
vn -0.0000 0.6056 -0.7958
vn -0.0000 -0.9999 -0.0143
vn 0.8387 0.5445 0.0078
vn -0.8387 0.5445 0.0078
vn -0.0000 0.7163 -0.6978
vn -0.6455 0.7637 0.0110
vn -0.0000 0.6947 0.7193
vn 0.6454 0.7638 0.0110
vn -0.0000 0.2462 0.9692
vn -0.0000 0.7559 -0.6546
vn 0.8804 0.4501 0.1490
vn -0.8804 0.4502 0.1491
vn -0.0000 0.8924 -0.4513
vn -0.6452 0.7253 0.2402
vn -0.0000 0.4466 0.8947
vn 0.6453 0.7252 0.2402
vn -0.0000 0.4522 0.8919
vn -0.0000 0.4669 -0.8843
vn 0.9115 0.4113 0.0059
vn -0.9114 0.4114 0.0059
vn -0.0000 0.7153 -0.6989
vn -0.6454 0.7638 0.0110
vn -0.0000 0.6949 0.7191
vn 0.6453 0.7639 0.0110
vn -0.0000 0.4979 0.8672
vn -0.0000 0.6558 -0.7550
vn -0.0000 -0.9899 -0.1416
vn 0.8987 0.4341 0.0621
vn -0.8987 0.4341 0.0621
vn -0.0000 0.9899 0.1417
vn -0.0000 0.8650 -0.5017
vn -0.6452 0.7563 0.1082
vn -0.0000 0.6897 0.7241
vn 0.6453 0.7563 0.1082
vn -0.0000 0.5459 -0.8379
vn -0.9520 0.2912 0.0941
vn -0.0000 -0.0473 0.9989
vn 0.9524 0.2901 0.0937
vn -0.0000 0.7807 -0.6249
vn -0.7890 0.5846 0.1889
vn -0.0000 0.2666 0.9638
vn 0.7891 0.5845 0.1888
vn -0.0000 0.7603 0.6496
vn 0.3324 0.8975 0.2899
vn -0.0000 0.9966 -0.0820
vn -0.3323 0.8975 0.2899
vn -0.0000 -0.3076 0.9515
vn -0.0000 0.3076 -0.9515
vn 0.9551 0.2820 0.0911
vn -0.0000 0.4981 0.8671
vn -0.0000 0.4981 -0.8671
vn 0.8940 0.4481 -0.0000
vn -0.8939 0.4482 -0.0000
vn -0.0000 -0.0185 0.9998
vn -0.9551 0.2820 0.0911
vn 0.3339 0.7442 -0.5785
vn -0.3340 0.7442 -0.5785
vn -0.6682 0.7440 -0.0000
vn -0.3341 0.7441 0.5786
vn 0.3342 0.7439 0.5788
vn 0.6679 0.7443 -0.0000
vn 0.4933 0.1642 -0.8542
vn -0.4933 0.1639 -0.8543
vn -0.9864 0.1641 -0.0000
vn -0.4932 0.1637 0.8544
vn 0.4933 0.1633 0.8544
vn 0.9865 0.1640 -0.0000
vn -0.0000 0.0529 0.9986
vn -0.0000 0.6373 -0.7706
vn 0.9321 0.3438 0.1138
vn -0.9316 0.3450 0.1142
vn -0.0000 -0.0645 0.9979
vn -0.0000 0.5426 -0.8400
vn 0.9679 0.2385 0.0790
vn -0.9676 0.2398 0.0794
vn -0.0000 -0.0244 0.9997
vn -0.0000 0.5769 -0.8168
vn 0.9565 0.2771 0.0917
vn -0.0000 0.9650 0.2624
vn -0.9519 -0.0000 0.3063
vn -0.0000 -0.9650 0.2622
vn 0.9523 -0.0000 0.3051
vn -0.0000 0.8349 0.5504
vn -0.7891 -0.0000 0.6143
vn -0.0000 -0.8349 0.5504
vn 0.7891 -0.0000 0.6143
vn -0.0000 -0.3844 0.9232
vn 0.3324 -0.0000 0.9431
vn -0.0000 0.3844 0.9232
vn -0.3323 -0.0000 0.9432
vn -0.0000 0.9571 0.2898
vn 0.9551 -0.0000 0.2964
vn -0.9996 0.0277 0.0048
vn -0.9995 0.0276 0.0172
vn 0.1036 0.2777 0.9551
vn -0.0000 0.5987 0.8010
vn -0.0048 0.5987 0.8009
vn -0.0034 0.6019 0.7986
vn -0.0000 0.5986 0.8011
vn 0.0001 0.5986 0.8010
vn -0.9305 -0.3563 0.0850
vn -0.5350 -0.7488 0.3913
vn 0.9266 -0.3741 0.0377
vn 0.0049 0.5987 0.8009
vn 0.6220 -0.7616 0.1818
vn -0.1071 0.2779 0.9546
vn 0.8711 0.0241 -0.4905
vn -0.8981 -0.0249 -0.4392
vn -0.8758 -0.0242 -0.4821
vn 0.8813 0.0244 -0.4720
vn -0.9093 0.1195 0.3987
vn 0.5760 0.7776 0.2521
vn -0.1036 0.2777 0.9551
vn 0.0034 0.6019 0.7986
vn 0.0048 0.5987 0.8009
vn 0.9305 -0.3563 0.0850
vn 0.5350 -0.7488 0.3913
vn -0.9239 -0.3722 0.0888
vn -0.0034 0.6019 0.7985
vn -0.6220 -0.7616 0.1818
vn 0.0001 0.9840 0.1783
vn -0.0001 0.9840 0.1783
vn -0.8815 -0.0000 -0.4722
vn 0.9079 -0.0000 -0.4191
vn 0.8758 -0.0242 -0.4821
vn -0.9036 -0.0000 -0.4284
vn -0.5759 0.7776 0.2521
vn 0.6334 0.7347 0.2431
vn -0.6338 0.7342 0.2432
vn 0.9822 -0.1784 -0.0591
vn -0.9822 -0.1784 -0.0590
vn 0.7129 0.6657 0.2204
vn 0.3652 0.8472 -0.3858
vn -0.3652 0.8473 -0.3855
vn -0.7303 0.6485 0.2148
vn -0.3654 0.4493 0.8152
vn 0.3653 0.4495 0.8152
vn -0.0001 0.9493 0.3144
vn 0.0001 0.9493 0.3144
vn 0.4583 0.6288 -0.6282
vn -0.4586 0.6288 -0.6280
vn -0.4585 0.1300 0.8792
vn 0.4583 0.1295 0.8793
vn -0.3652 0.8473 -0.3857
vn -0.3653 0.4494 0.8152
vn 0.3652 0.4496 0.8151
vn 0.7303 0.6484 0.2147
vn -0.4585 0.6288 -0.6280
vn -0.9168 0.3791 0.1256
vn -0.4584 0.1300 0.8792
vn 0.4584 0.1296 0.8793
vn -0.4584 0.6289 -0.6280
vn -0.4583 0.1300 0.8793
vn 0.3653 0.4496 0.8152
vn 0.7304 0.6484 0.2147
vn 0.0002 0.9492 0.3146
vn -0.0001 0.9493 0.3143
vn -0.4584 0.6293 -0.6276
vn -0.4583 0.1300 0.8792
vn 0.4583 0.1294 0.8793
vn 0.9168 0.3792 0.1256
vn 0.9450 0.3105 0.1028
vn -0.9454 0.3094 0.1024
vn 0.9680 0.2384 0.0790
vn 0.9326 0.3427 0.1135
vn 0.9322 0.3436 0.1138
vn -0.0000 0.5436 -0.8394
vn -0.9568 0.2759 0.0913
vn 0.9580 0.2721 0.0901
vn -0.9578 0.2728 0.0903
vn -0.0000 0.6052 -0.7961
vn 0.9458 0.3082 0.1021
vn 0.9334 0.3407 0.1129
vn -0.9334 0.3408 0.1128
vn 0.9456 0.3087 0.1022
vn -0.0000 -0.1081 0.9941
vn 0.9775 0.2001 0.0662
vn -0.9775 0.2000 0.0662
vn -0.0000 0.6301 -0.7766
vn 0.7128 0.6659 0.2205
vn -0.3049 0.1421 -0.9417
vn -0.3051 -0.4478 0.8404
vn 0.8009 0.0491 -0.5967
vn 0.4884 0.1167 -0.8648
vn 0.1094 -0.4431 0.8898
vn 0.9696 -0.1966 0.1454
vn 0.9360 -0.0546 -0.3477
vn -0.0083 0.1451 -0.9894
vn -0.9412 -0.0591 -0.3327
vn -0.5750 -0.3872 0.7207
vn -0.9482 0.3017 0.0999
vn -0.6333 0.7346 0.2433
vn 0.6331 0.7349 0.2432
vn -0.6336 0.7344 0.2432
vn -0.7130 0.6657 0.2204
vn -0.3652 0.8474 -0.3855
vn -0.7302 0.6486 0.2148
vn 0.4585 0.1297 0.8792
vn 0.4584 0.6287 -0.6282
vn -0.4585 0.6289 -0.6280
vn 0.9169 0.3790 0.1255
vn 0.3653 0.8472 -0.3858
vn 0.3652 0.4497 0.8151
vn -0.0004 0.9493 0.3144
vn -0.4585 0.6288 -0.6281
vn 0.4584 0.1296 0.8792
vn 0.0003 0.9493 0.3144
vn -0.4584 0.6292 -0.6277
vn -0.9167 0.3794 0.1256
vn -0.4582 0.1300 0.8793
vn 0.7302 0.6486 0.2148
vn -0.4584 0.6291 -0.6277
vn -0.7129 0.6657 0.2205
vn 0.8316 0.5272 0.1746
vn -0.8317 0.5271 0.1745
vn 0.8314 0.5274 0.1747
vn -0.8315 0.5274 0.1746
vn -0.9811 0.1928 0.0169
vn 0.0403 0.9954 0.0872
vn -0.9814 0.1902 0.0272
vn -0.9581 0.2718 0.0900
vn 0.9623 0.2581 0.0855
vn -0.0508 0.9481 0.3140
vn -0.0302 0.9899 0.1385
vn -0.9813 0.1906 0.0273
vn -0.0000 0.8665 0.4991
vn -0.9813 0.1906 0.0272
vn -0.9580 0.2723 0.0902
vn -0.3050 0.1421 -0.9417
vn -0.9849 -0.1645 -0.0545
vn -0.3051 -0.4479 0.8404
vn 0.8009 0.0492 -0.5968
vn 0.4884 0.1166 -0.8648
vn 0.6336 0.7345 0.2430
vn 0.9822 -0.1783 -0.0591
vn 0.7073 0.6970 0.1180
vn -0.7187 0.6857 0.1154
vn 0.8267 0.5551 0.0915
vn -0.8366 0.5406 0.0883
vn -0.8364 0.5410 0.0884
vn -0.0000 -0.0703 0.9975
vn -0.0302 0.9995 0.0010
vn -0.0000 0.2886 -0.9575
vn -0.9813 0.1926 0.0007
vn -0.0000 0.9270 0.3751
vn -0.9580 0.2822 0.0518
vn 0.9580 0.2820 0.0518
vn -0.9811 0.1930 -0.0098
vn 0.9581 0.2817 0.0518
vn 0.9623 0.2674 0.0491
vn -0.9811 0.1933 -0.0098
vn 0.7128 0.6926 0.1101
vn -0.7129 0.6926 0.1101
vn 0.3651 0.7739 -0.5175
vn -0.3652 0.7738 -0.5176
vn -0.7303 0.6746 0.1072
vn -0.3651 0.5754 0.7319
vn 0.3653 0.5750 0.7320
vn 0.7305 0.6745 0.1072
vn 0.0001 0.9876 0.1570
vn 0.4583 0.5195 -0.7212
vn -0.4583 0.5192 -0.7213
vn -0.4583 0.2700 0.8468
vn 0.4585 0.2703 0.8466
vn -0.3653 0.7737 -0.5176
vn -0.7305 0.6744 0.1072
vn -0.4584 0.5193 -0.7213
vn -0.4584 0.2700 0.8468
vn 0.4584 0.2701 0.8467
vn 0.9168 0.3943 0.0627
vn 0.3652 0.7739 -0.5174
vn -0.3653 0.7737 -0.5177
vn 0.3653 0.5751 0.7320
vn 0.7303 0.6747 0.1072
vn 0.4584 0.5194 -0.7211
vn -0.4583 0.5191 -0.7215
vn -0.9168 0.3944 0.0627
vn -0.4582 0.2700 0.8468
vn 0.4585 0.2702 0.8466
vn 0.7072 0.6970 0.1180
vn -0.7185 0.6858 0.1154
vn 0.8265 0.5554 0.0916
vn -0.8365 0.5409 0.0884
vn -0.9813 0.1924 0.0007
vn -0.9581 0.2818 0.0518
vn 0.9581 0.2818 0.0518
vn 0.9581 0.2816 0.0517
vn -0.9814 0.1922 0.0007
vn 0.9624 0.2672 0.0491
vn -0.9812 0.1929 -0.0098
vn -0.6923 0.3568 0.6272
vn 0.9996 0.0277 0.0048
vn 0.9999 -0.0000 0.0119
vn -0.6770 0.5734 -0.4613
vn 0.4010 0.8857 -0.2340
vn 0.4402 0.7276 0.5262
vn 0.6844 0.5276 -0.5032
vn 0.6924 0.3567 0.6272
vn -0.4403 0.8579 -0.2649
vn -0.4011 0.7637 0.5059
vn -0.0000 0.8554 -0.5180
vn -0.0359 0.9466 0.3203
vn -0.0365 0.9538 0.2982
vn -0.0000 0.9506 0.3105
vn -0.0000 0.9512 0.3087
vn 0.0001 0.9511 0.3090
vn -0.0000 0.9505 0.3108
vn 0.0359 0.9465 0.3206
vn 0.0361 0.9537 0.2987
vn -0.9350 0.3363 0.1126
vn -0.0002 0.5070 -0.8619
vn 0.4291 0.6825 -0.5916
vn -0.3952 0.7099 -0.5830
vn -0.9455 0.3093 0.1018
vn 0.9476 0.3038 0.0989
vn 0.3953 0.2306 0.8892
vn -0.4292 0.2033 0.8800
vn -0.9384 0.3285 0.1070
vn 0.9350 0.3381 0.1070
vn -0.5470 0.4097 0.7300
vn 0.5275 0.4228 0.7369
vn 0.5691 0.7273 -0.3837
vn -0.5493 0.7429 -0.3826
vn -0.3774 0.7778 -0.5025
vn -0.0000 0.9509 0.3097
vn -0.0000 0.0466 0.9989
vn -0.0000 0.6261 -0.7797
vn -0.9521 0.3008 0.0545
vn -0.0000 0.6903 -0.7236
vn -0.7890 0.6045 0.1095
vn 0.7891 0.6045 0.1095
vn -0.0000 0.4560 -0.8900
vn 0.5418 0.1694 0.8233
vn 0.5200 0.5927 -0.6151
vn -0.5416 0.6424 -0.5423
vn -0.5195 0.0854 0.8502
vn 0.6548 0.2390 0.7170
vn 0.6645 0.6189 -0.4188
vn -0.6643 0.2276 0.7120
vn -0.6548 0.6311 -0.4158
vn -0.0000 -0.1228 0.9924
vn 0.9770 0.2013 0.0698
vn -0.9776 0.1988 0.0688
vn 0.9357 0.3335 0.1154
vn -0.9358 0.3332 0.1154
vn -0.0000 0.3281 -0.9446
vn -0.6821 -0.2388 0.6912
vn -0.0001 0.9449 0.3273
vn 0.5390 -0.2751 0.7961
vn 0.7127 0.6629 0.2295
vn -0.7132 0.6624 0.2293
vn -0.0000 0.6550 0.7556
vn -0.6983 -0.0781 0.7116
vn 0.6981 0.3798 -0.6070
vn -0.6984 0.3797 -0.6066
vn -0.6983 -0.0781 0.7115
vn 0.6982 0.3785 -0.6076
vn 0.6981 -0.0796 0.7116
vn -0.6983 0.3785 -0.6076
vn -0.6986 -0.0781 0.7113
vn 0.6981 -0.0794 0.7116
vn -0.6976 -0.0782 0.7122
vn 0.6985 0.3785 -0.6073
vn 0.6984 -0.0794 0.7113
vn -0.6979 0.3786 -0.6079
vn 0.6980 0.3779 -0.6082
vn 0.6980 -0.0783 0.7118
vn -0.6981 0.3779 -0.6081
vn 0.0043 0.1308 -0.9914
vn 0.9985 0.0078 -0.0538
vn -0.9985 0.0078 -0.0538
vn -0.9784 0.0609 -0.1977
vn 0.7129 0.6940 0.1004
vn -0.7130 0.6940 0.1004
vn -0.0000 0.9897 0.1432
vn -0.9784 0.0608 -0.1976
vn -0.5220 0.4132 0.7462
vn -0.5035 0.5507 -0.6657
vn 0.6026 0.5090 -0.6146
vn 0.6027 0.5089 0.6146
vn 0.5051 0.4181 0.7551
vn -0.5834 0.5015 -0.6389
vn -0.5829 0.5022 0.6387
vn -0.0000 0.4105 -0.9119
vn 0.5051 0.4181 -0.7551
vn -0.7303 0.6496 0.2112
vn 0.6945 -0.6841 -0.2229
vn 0.7286 0.6512 0.2122
vn -0.6949 -0.6837 -0.2228
vn 0.7046 -0.3964 -0.5886
vn 0.7420 0.4017 0.5367
vn -0.7722 0.3572 0.5255
vn -0.7474 -0.3290 -0.5772
vn -0.7614 0.6331 -0.1395
vn 0.7457 0.6483 -0.1538
vn 0.7192 -0.6730 0.1726
vn -0.7324 -0.6617 0.1604
vn 0.6084 0.2415 -0.7560
vn 0.6817 -0.2234 0.6967
vn -0.6390 -0.2193 0.7373
vn -0.6393 0.2464 -0.7285
vn -0.6863 0.2271 -0.6910
vn 0.6383 0.2590 -0.7249
vn 0.6389 -0.2311 0.7338
vn -0.6115 -0.2505 0.7505
vn 0.7313 -0.2068 0.6500
vn -0.7313 -0.2063 0.6502
vn 0.7312 0.2155 -0.6473
vn 0.2678 0.9625 0.0440
vn -0.0000 -0.9529 -0.3031
vn 0.1950 0.8405 0.5055
vn -0.2688 0.8121 0.5179
vn -0.1946 0.9784 0.0702
vn -0.1953 0.9770 0.0854
vn 0.2690 0.9614 0.0587
vn 0.1946 0.8324 0.5189
vn -0.2678 0.8042 0.5306
vn -0.7265 0.6536 0.2124
vn -0.6946 -0.6840 -0.2229
vn 0.7276 0.6522 0.2126
vn -0.7209 0.6609 0.2084
vn 0.7199 0.6619 0.2090
vn -0.7127 0.5711 0.4074
vn -0.7016 0.7126 -0.0039
vn -0.6766 -0.7363 -0.0011
vn -0.6783 -0.5921 -0.4351
vn 0.6764 -0.5963 -0.4323
vn 0.6784 -0.7347 0.0034
vn 0.7027 0.5730 0.4219
vn 0.7112 0.7030 0.0067
vn -0.7303 0.6496 0.2111
vn 0.7046 -0.3965 -0.5885
vn 0.7457 0.6483 -0.1539
vn -0.7324 -0.6618 0.1603
vn 0.6084 0.2414 -0.7560
vn 0.6817 -0.2234 0.6966
vn -0.6391 -0.2193 0.7372
vn -0.6392 0.2464 -0.7285
vn -0.6862 0.2271 -0.6910
vn 0.6385 0.2589 -0.7247
vn 0.6391 -0.2310 0.7336
vn 0.7312 -0.2068 0.6500
vn -0.7313 0.2155 -0.6471
vn 0.1951 0.8405 0.5055
vn -0.2688 0.8121 0.5178
vn 0.2689 0.9614 0.0588
vn 0.1947 0.8324 0.5189
vn -0.7263 0.6537 0.2125
vn -0.7127 0.5711 0.4073
vn 0.7027 0.5730 0.4218
vn 0.7112 0.7030 0.0066
vn -0.6918 0.6855 0.2270
vn -0.0000 0.3158 0.9488
vn 0.6924 0.6849 0.2268
vn -0.0000 0.5879 0.8090
vn 0.8804 0.4501 0.1491
vn -0.6454 0.7637 0.0110
vn -0.0000 0.9999 0.0144
vn -0.6453 0.7563 0.1082
vn 0.6452 0.7563 0.1082
vn -0.0001 0.9516 0.3074
vn -0.9521 0.2911 0.0941
vn -0.0000 -0.0472 0.9989
vn 0.3325 0.8974 0.2899
vn -0.3323 0.8975 0.2900
vn -0.0000 0.9516 0.3073
vn 0.0002 0.9516 0.3074
vn -0.0002 0.9516 0.3074
vn -0.0005 0.9516 0.3074
vn 0.0001 0.9516 0.3074
vn 0.3340 0.7442 -0.5785
vn -0.3340 0.7441 -0.5786
vn -0.3341 0.7439 0.5788
vn 0.3339 0.7442 0.5785
vn 0.4932 0.1639 -0.8543
vn -0.4931 0.1643 -0.8543
vn -0.4933 0.1633 0.8544
vn 0.4932 0.1636 0.8544
vn 0.9321 0.3438 0.1139
vn -0.9316 0.3450 0.1143
vn 0.9679 0.2385 0.0789
vn 0.9565 0.2771 0.0918
vt 0.625000 0.875000
vt 0.125000 0.125000
vt 0.625000 0.625000
vt 0.125000 0.625000
vt 0.125000 0.875000
vt 0.125000 0.375000
vt 0.375000 0.625000
vt 0.375000 0.375000
vt 0.625000 0.375000
s 0
usemtl ruins_tg_console
f 125/1/1 71/1/1 81/1/1
f 28/2/2 39/2/2 27/2/2
f 4/3/3 31/3/3 36/3/3
f 10/3/4 77/3/4 7/3/4
f 69/3/5 21/3/5 20/3/5
f 42/3/6 112/3/6 41/3/6
f 13/3/7 80/3/7 10/3/7
f 47/3/7 49/3/7 50/3/7
f 5/3/8 3/3/8 4/3/8
f 15/3/9 12/3/9 11/3/9
f 68/1/10 65/1/10 67/1/10
f 41/3/11 114/3/11 43/3/11
f 44/3/12 113/3/12 42/3/12
f 12/3/13 89/3/13 19/3/13
f 20/3/14 16/3/14 15/3/14
f 17/3/15 20/3/15 15/3/15
f 69/4/16 70/4/16 22/4/16
f 70/3/17 21/3/17 22/3/17
f 6/3/18 10/3/18 7/3/18
f 23/3/19 3/3/19 5/3/19
f 1172/3/20 1182/3/20 1184/3/20
f 24/3/21 27/3/21 23/3/21
f 37/3/22 28/3/22 24/3/22
f 25/3/23 30/3/23 29/3/23
f 34/3/24 30/3/24 26/3/24
f 31/3/25 10/3/25 6/3/25
f 32/3/26 6/3/26 25/3/26
f 32/3/27 29/3/27 33/3/27
f 34/2/2 29/2/2 30/2/2
f 37/3/28 33/3/28 38/3/28
f 38/2/29 34/2/29 39/2/29
f 58/5/30 60/5/30 57/5/30
f 5/3/31 4/3/31 36/3/31
f 7/3/32 115/3/32 44/3/32
f 1763/6/5 1764/6/5 1762/6/5
f 45/1/33 9/1/33 48/1/33
f 54/1/34 45/1/34 53/1/34
f 14/3/35 47/3/35 4/3/35
f 9/1/36 52/1/36 48/1/36
f 13/3/37 50/3/37 49/3/37
f 50/3/16 4/3/16 47/3/16
f 51/1/38 49/1/38 52/1/38
f 14/1/39 53/1/39 46/1/39
f 40/5/40 59/5/40 58/5/40
f 56/5/41 59/5/41 55/5/41
f 35/5/42 60/5/42 56/5/42
f 3/3/10 63/3/10 61/3/10
f 70/3/10 17/3/10 64/3/10
f 67/3/43 61/3/43 63/3/43
f 61/3/44 66/3/44 62/3/44
f 63/3/45 68/3/45 67/3/45
f 68/3/46 62/3/46 66/3/46
f 1384/5/16 1387/5/16 1379/5/16
f 110/2/2 99/2/2 98/2/2
f 11/3/47 14/3/47 3/3/47
f 102/3/3 74/3/3 107/3/3
f 91/3/5 92/3/5 90/3/5
f 120/3/7 118/3/7 121/3/7
f 75/3/48 74/3/48 73/3/48
f 82/3/9 85/3/9 81/3/9
f 1610/1/49 1609/1/49 1604/1/49
f 138/1/10 137/1/10 139/1/10
f 85/3/14 91/3/14 90/3/14
f 90/3/17 87/3/17 85/3/17
f 140/4/16 92/4/16 93/4/16
f 140/3/15 91/3/15 86/3/15
f 76/3/50 77/3/50 80/3/50
f 94/3/51 95/3/51 75/3/51
f 98/3/52 95/3/52 94/3/52
f 99/3/53 108/3/53 95/3/53
f 96/3/54 101/3/54 97/3/54
f 97/3/24 101/3/24 105/3/24
f 102/3/55 76/3/55 80/3/55
f 103/3/56 76/3/56 102/3/56
f 100/3/57 103/3/57 104/3/57
f 105/2/58 100/2/58 104/2/58
f 104/3/28 108/3/28 109/3/28
f 105/2/29 109/2/29 110/2/29
f 131/5/30 129/5/30 128/5/30
f 75/3/59 107/3/59 74/3/59
f 1167/7/60 1172/7/60 1171/7/60
f 114/3/61 12/3/61 43/3/61
f 79/1/33 116/1/33 119/1/33
f 125/1/62 116/1/62 72/1/62
f 118/3/63 84/3/63 74/3/63
f 79/1/64 123/1/64 122/1/64
f 83/3/65 121/3/65 80/3/65
f 121/3/16 74/3/16 80/3/16
f 120/1/66 122/1/66 123/1/66
f 84/1/67 124/1/67 125/1/67
f 111/5/42 130/5/42 126/5/42
f 130/5/41 127/5/41 126/5/41
f 131/5/68 106/5/68 127/5/68
f 134/3/10 73/3/10 132/3/10
f 138/3/43 132/3/43 136/3/43
f 137/3/69 132/3/69 133/3/69
f 134/3/70 139/3/70 135/3/70
f 139/3/46 133/3/46 135/3/46
f 1171/3/47 1181/3/47 1169/3/47
f 142/4/71 143/4/71 141/4/71
f 144/4/72 145/4/72 143/4/72
f 145/4/73 148/4/73 147/4/73
f 148/4/74 144/4/74 142/4/74
f 147/4/75 143/4/75 145/4/75
f 149/3/76 152/3/76 151/3/76
f 158/3/77 160/3/77 157/3/77
f 154/3/78 155/3/78 153/3/78
f 156/3/79 149/3/79 155/3/79
f 156/3/80 152/3/80 150/3/80
f 155/3/81 151/3/81 153/3/81
f 152/3/82 157/3/82 151/3/82
f 154/3/83 158/3/83 152/3/83
f 154/3/84 160/3/84 159/3/84
f 153/3/85 157/3/85 160/3/85
f 162/8/86 163/8/86 161/8/86
f 164/7/72 165/7/72 163/7/72
f 165/8/87 168/8/87 167/8/87
f 168/8/79 161/8/79 167/8/79
f 168/8/88 164/8/88 162/8/88
f 167/8/89 163/8/89 165/8/89
f 169/5/90 176/5/90 175/5/90
f 171/5/91 176/5/91 170/5/91
f 172/5/92 177/5/92 171/5/92
f 173/5/93 178/5/93 172/5/93
f 174/5/94 179/5/94 173/5/94
f 174/5/95 175/5/95 180/5/95
f 185/5/96 178/5/96 179/5/96
f 181/5/97 175/5/97 176/5/97
f 123/1/98 116/1/98 124/1/98
f 181/2/99 188/2/99 187/2/99
f 183/2/100 188/2/100 182/2/100
f 183/2/101 190/2/101 189/2/101
f 184/2/102 191/2/102 190/2/102
f 186/2/103 191/2/103 185/2/103
f 186/2/104 187/2/104 192/2/104
f 193/5/105 200/5/105 199/5/105
f 195/5/91 200/5/91 194/5/91
f 196/5/106 201/5/106 195/5/106
f 196/5/107 203/5/107 202/5/107
f 197/5/108 204/5/108 203/5/108
f 198/5/109 199/5/109 204/5/109
f 1634/3/110 1651/3/110 1615/3/110
f 1670/5/16 1677/5/16 1676/5/16
f 122/1/98 83/1/98 51/1/98
f 203/5/96 209/5/96 202/5/96
f 205/2/111 212/2/111 211/2/111
f 207/2/100 212/2/100 206/2/100
f 207/2/112 214/2/112 213/2/112
f 208/2/113 215/2/113 214/2/113
f 210/2/103 215/2/103 209/2/103
f 210/2/114 211/2/114 216/2/114
f 217/5/105 224/5/105 223/5/105
f 219/5/115 224/5/115 218/5/115
f 220/5/106 225/5/106 219/5/106
f 220/5/116 227/5/116 226/5/116
f 221/5/108 228/5/108 227/5/108
f 222/5/109 223/5/109 228/5/109
f 56/1/5 55/1/5 11/1/5
f 1801/3/117 1823/3/117 1803/3/117
f 240/2/72 235/2/72 237/2/72
f 226/5/96 227/5/96 233/5/96
f 88/1/118 82/1/118 78/1/118
f 229/2/111 236/2/111 235/2/111
f 230/2/100 237/2/100 236/2/100
f 231/2/119 238/2/119 237/2/119
f 233/2/120 238/2/120 232/2/120
f 234/2/103 239/2/103 233/2/103
f 234/2/114 235/2/114 240/2/114
f 242/5/121 247/5/121 241/5/121
f 243/5/115 248/5/115 242/5/115
f 244/5/106 249/5/106 243/5/106
f 244/5/107 251/5/107 250/5/107
f 246/5/94 251/5/94 245/5/94
f 241/5/95 252/5/95 246/5/95
f 261/2/72 262/2/72 263/2/72
f 249/5/122 256/5/122 255/5/122
f 252/5/96 247/5/96 258/5/96
f 254/2/123 259/2/123 253/2/123
f 255/2/124 260/2/124 254/2/124
f 256/2/125 261/2/125 255/2/125
f 257/2/126 262/2/126 256/2/126
f 258/2/103 263/2/103 257/2/103
f 258/2/127 259/2/127 264/2/127
f 266/5/121 271/5/121 265/5/121
f 267/5/115 272/5/115 266/5/115
f 268/5/106 273/5/106 267/5/106
f 268/5/107 275/5/107 274/5/107
f 270/5/94 275/5/94 269/5/94
f 265/5/95 276/5/95 270/5/95
f 278/5/128 277/5/128 272/5/128
f 288/2/96 283/2/96 285/2/96
f 1183/8/60 1182/8/60 1181/8/60
f 276/5/96 281/5/96 275/5/96
f 278/2/123 283/2/123 277/2/123
f 279/2/124 284/2/124 278/2/124
f 280/2/125 285/2/125 279/2/125
f 281/2/126 286/2/126 280/2/126
f 282/2/103 287/2/103 281/2/103
f 282/2/129 283/2/129 288/2/129
f 289/8/86 292/8/86 291/8/86
f 292/7/72 293/7/72 291/7/72
f 294/8/87 295/8/87 293/8/87
f 296/8/79 289/8/79 295/8/79
f 296/8/130 292/8/130 290/8/130
f 295/8/131 291/8/131 293/8/131
f 298/8/86 299/8/86 297/8/86
f 300/7/72 301/7/72 299/7/72
f 301/8/87 304/8/87 303/8/87
f 304/8/79 297/8/79 303/8/79
f 304/8/88 300/8/88 298/8/88
f 303/8/132 299/8/132 301/8/132
f 305/2/133 308/2/133 307/2/133
f 308/2/96 309/2/96 307/2/96
f 310/2/134 311/2/134 309/2/134
f 306/2/135 310/2/135 308/2/135
f 305/2/136 309/2/136 311/2/136
f 314/2/137 315/2/137 313/2/137
f 316/2/96 317/2/96 315/2/96
f 318/2/138 319/2/138 317/2/138
f 314/2/139 318/2/139 316/2/139
f 313/2/140 317/2/140 319/2/140
f 322/2/141 323/2/141 321/2/141
f 324/2/72 325/2/72 323/2/72
f 325/2/142 328/2/142 327/2/142
f 328/2/143 324/2/143 322/2/143
f 327/2/144 323/2/144 325/2/144
f 330/2/145 331/2/145 329/2/145
f 332/2/72 333/2/72 331/2/72
f 333/2/146 336/2/146 335/2/146
f 330/2/147 334/2/147 332/2/147
f 329/2/148 333/2/148 335/2/148
f 338/2/149 339/2/149 337/2/149
f 340/2/96 341/2/96 339/2/96
f 341/2/150 344/2/150 343/2/150
f 338/2/139 342/2/139 340/2/139
f 337/2/151 341/2/151 343/2/151
f 345/2/152 348/2/152 347/2/152
f 348/2/96 349/2/96 347/2/96
f 350/2/153 351/2/153 349/2/153
f 346/2/154 350/2/154 348/2/154
f 345/2/155 349/2/155 351/2/155
f 354/2/156 355/2/156 353/2/156
f 356/2/96 357/2/96 355/2/96
f 357/2/157 360/2/157 359/2/157
f 360/2/158 356/2/158 354/2/158
f 359/2/159 355/2/159 357/2/159
f 361/2/160 364/2/160 363/2/160
f 364/2/72 365/2/72 363/2/72
f 366/2/161 367/2/161 365/2/161
f 368/2/162 364/2/162 362/2/162
f 367/2/163 363/2/163 365/2/163
f 370/2/164 371/2/164 369/2/164
f 372/2/72 373/2/72 371/2/72
f 374/2/165 375/2/165 373/2/165
f 376/2/166 372/2/166 370/2/166
f 375/2/167 371/2/167 373/2/167
f 378/2/160 379/2/160 377/2/160
f 380/2/96 381/2/96 379/2/96
f 381/2/168 384/2/168 383/2/168
f 378/2/169 382/2/169 380/2/169
f 377/2/136 381/2/136 383/2/136
f 386/2/170 387/2/170 385/2/170
f 388/2/96 389/2/96 387/2/96
f 390/2/171 391/2/171 389/2/171
f 386/2/172 390/2/172 388/2/172
f 385/2/173 389/2/173 391/2/173
f 394/2/174 395/2/174 393/2/174
f 396/2/72 397/2/72 395/2/72
f 397/2/175 400/2/175 399/2/175
f 394/2/176 398/2/176 396/2/176
f 393/2/177 397/2/177 399/2/177
f 402/5/86 403/5/86 401/5/86
f 404/7/96 405/7/96 403/7/96
f 405/5/178 408/5/178 407/5/178
f 408/5/179 401/5/179 407/5/179
f 402/5/180 406/5/180 404/5/180
f 401/5/132 405/5/132 407/5/132
f 410/5/181 414/5/181 409/5/181
f 411/5/182 415/5/182 410/5/182
f 411/5/183 417/5/183 416/5/183
f 412/5/184 418/5/184 417/5/184
f 409/5/185 418/5/185 413/5/185
f 414/5/186 415/5/186 419/5/186
f 415/5/187 416/5/187 419/5/187
f 416/5/188 417/5/188 419/5/188
f 417/5/189 418/5/189 419/5/189
f 418/5/190 414/5/190 419/5/190
f 421/5/191 425/5/191 420/5/191
f 421/5/192 427/5/192 426/5/192
f 422/5/193 428/5/193 427/5/193
f 423/5/194 429/5/194 428/5/194
f 420/5/195 429/5/195 424/5/195
f 425/5/196 426/5/196 430/5/196
f 426/5/197 427/5/197 430/5/197
f 427/5/198 428/5/198 430/5/198
f 428/5/199 429/5/199 430/5/199
f 429/5/200 425/5/200 430/5/200
f 432/5/201 436/5/201 431/5/201
f 433/5/202 437/5/202 432/5/202
f 433/5/203 439/5/203 438/5/203
f 434/5/204 440/5/204 439/5/204
f 431/5/205 440/5/205 435/5/205
f 436/5/206 437/5/206 441/5/206
f 437/5/207 438/5/207 441/5/207
f 438/5/208 439/5/208 441/5/208
f 439/5/209 440/5/209 441/5/209
f 440/5/210 436/5/210 441/5/210
f 443/4/71 444/4/71 442/4/71
f 445/4/72 446/4/72 444/4/72
f 446/4/73 449/4/73 448/4/73
f 449/4/74 445/4/74 443/4/74
f 448/4/211 444/4/211 446/4/211
f 451/3/76 452/3/76 450/3/76
f 459/3/77 461/3/77 458/3/77
f 454/3/212 457/3/212 456/3/212
f 457/3/79 450/3/79 456/3/79
f 457/3/80 453/3/80 451/3/80
f 456/3/213 452/3/213 454/3/213
f 452/3/82 459/3/82 458/3/82
f 455/3/83 459/3/83 453/3/83
f 454/3/84 460/3/84 455/3/84
f 454/3/214 458/3/214 461/3/214
f 463/4/71 464/4/71 462/4/71
f 465/4/72 466/4/72 464/4/72
f 466/4/73 469/4/73 468/4/73
f 469/4/215 465/4/215 463/4/215
f 468/4/75 464/4/75 466/4/75
f 470/3/76 473/3/76 472/3/76
f 479/3/77 481/3/77 478/3/77
f 475/3/212 476/3/212 474/3/212
f 477/3/79 470/3/79 476/3/79
f 477/3/216 473/3/216 471/3/216
f 476/3/217 472/3/217 474/3/217
f 473/3/82 478/3/82 472/3/82
f 475/3/218 479/3/218 473/3/218
f 475/3/84 481/3/84 480/3/84
f 474/3/85 478/3/85 481/3/85
f 482/8/86 485/8/86 484/8/86
f 485/7/72 486/7/72 484/7/72
f 487/8/87 488/8/87 486/8/87
f 489/8/79 482/8/79 488/8/79
f 489/8/219 485/8/219 483/8/219
f 488/8/131 484/8/131 486/8/131
f 490/5/90 497/5/90 496/5/90
f 492/5/115 497/5/115 491/5/115
f 493/5/220 498/5/220 492/5/220
f 494/5/93 499/5/93 493/5/93
f 495/5/94 500/5/94 494/5/94
f 495/5/95 496/5/95 501/5/95
f 508/3/72 510/3/72 512/3/72
f 534/2/72 535/2/72 537/2/72
f 1783/3/221 1820/3/221 1821/3/221
f 229/5/97 223/5/97 224/5/97
f 502/3/111 509/3/111 508/3/111
f 504/3/100 509/3/100 503/3/100
f 504/3/101 511/3/101 510/3/101
f 505/3/222 512/3/222 511/3/222
f 506/3/223 513/3/223 512/3/223
f 507/3/114 508/3/114 513/3/114
f 514/5/90 521/5/90 520/5/90
f 516/5/91 521/5/91 515/5/91
f 517/5/106 522/5/106 516/5/106
f 517/5/107 524/5/107 523/5/107
f 519/5/94 524/5/94 518/5/94
f 519/5/95 520/5/95 525/5/95
f 1067/7/224 1047/7/224 1066/7/224
f 521/5/97 526/5/97 520/5/97
f 530/5/225 529/5/225 523/5/225
f 526/2/226 533/2/226 532/2/226
f 527/2/227 534/2/227 533/2/227
f 528/2/119 535/2/119 534/2/119
f 529/2/102 536/2/102 535/2/102
f 531/2/103 536/2/103 530/2/103
f 531/2/127 532/2/127 537/2/127
f 538/5/105 545/5/105 544/5/105
f 540/5/115 545/5/115 539/5/115
f 541/5/106 546/5/106 540/5/106
f 541/5/116 548/5/116 547/5/116
f 542/5/108 549/5/108 548/5/108
f 543/5/109 544/5/109 549/5/109
f 558/2/72 559/2/72 561/2/72
f 127/1/5 82/1/5 81/1/5
f 545/5/97 550/5/97 544/5/97
f 554/5/225 553/5/225 547/5/225
f 550/2/111 557/2/111 556/2/111
f 552/2/100 557/2/100 551/2/100
f 552/2/112 559/2/112 558/2/112
f 553/2/228 560/2/228 559/2/228
f 555/2/103 560/2/103 554/2/103
f 555/2/114 556/2/114 561/2/114
f 563/5/121 568/5/121 562/5/121
f 564/5/115 569/5/115 563/5/115
f 565/5/106 570/5/106 564/5/106
f 565/5/116 572/5/116 571/5/116
f 567/5/229 572/5/229 566/5/229
f 562/5/95 573/5/95 567/5/95
f 582/2/72 583/2/72 584/2/72
f 569/5/96 574/5/96 568/5/96
f 578/5/96 577/5/96 571/5/96
f 1072/3/230 1101/3/230 1105/3/230
f 575/2/231 580/2/231 574/2/231
f 576/2/124 581/2/124 575/2/124
f 577/2/101 582/2/101 576/2/101
f 578/2/120 583/2/120 577/2/120
f 579/2/103 584/2/103 578/2/103
f 579/2/232 580/2/232 585/2/232
f 587/5/233 592/5/233 586/5/233
f 588/5/115 593/5/115 587/5/115
f 589/5/106 594/5/106 588/5/106
f 589/5/116 596/5/116 595/5/116
f 590/5/234 597/5/234 596/5/234
f 586/5/109 597/5/109 591/5/109
f 604/2/96 605/2/96 606/2/96
f 598/5/128 603/5/128 592/5/128
f 595/5/96 602/5/96 601/5/96
f 599/2/235 604/2/235 598/2/235
f 600/2/236 605/2/236 599/2/236
f 601/2/237 606/2/237 600/2/237
f 601/2/222 608/2/222 607/2/222
f 602/2/223 609/2/223 608/2/223
f 603/2/114 604/2/114 609/2/114
f 610/8/86 613/8/86 612/8/86
f 613/7/72 614/7/72 612/7/72
f 615/8/87 616/8/87 614/8/87
f 617/8/79 610/8/79 616/8/79
f 617/8/130 613/8/130 611/8/130
f 616/8/131 612/8/131 614/8/131
f 618/8/238 621/8/238 620/8/238
f 621/7/72 622/7/72 620/7/72
f 623/8/239 624/8/239 622/8/239
f 625/8/179 618/8/179 624/8/179
f 625/8/219 621/8/219 619/8/219
f 624/8/240 620/8/240 622/8/240
f 627/5/241 628/5/241 626/5/241
f 629/5/96 630/5/96 628/5/96
f 631/5/242 632/5/242 630/5/242
f 627/5/243 631/5/243 629/5/243
f 626/5/244 630/5/244 632/5/244
f 635/5/241 636/5/241 634/5/241
f 637/5/96 638/5/96 636/5/96
f 639/5/242 640/5/242 638/5/242
f 635/5/243 639/5/243 637/5/243
f 634/5/244 638/5/244 640/5/244
f 643/5/241 644/5/241 642/5/241
f 645/5/96 646/5/96 644/5/96
f 647/5/242 648/5/242 646/5/242
f 643/5/245 647/5/245 645/5/245
f 642/5/246 646/5/246 648/5/246
f 651/5/241 652/5/241 650/5/241
f 653/5/96 654/5/96 652/5/96
f 655/5/242 656/5/242 654/5/242
f 651/5/247 655/5/247 653/5/247
f 650/5/244 654/5/244 656/5/244
f 659/8/248 660/8/248 658/8/248
f 661/8/249 668/8/249 660/8/249
f 662/8/250 669/8/250 664/8/250
f 659/8/251 667/8/251 661/8/251
f 658/8/252 668/8/252 664/8/252
f 665/8/253 662/8/253 666/8/253
f 664/8/254 666/8/254 662/8/254
f 665/8/255 669/8/255 663/8/255
f 667/8/72 666/8/72 668/8/72
f 664/8/252 668/8/252 666/8/252
f 667/8/256 669/8/256 665/8/256
f 679/8/257 672/8/257 671/8/257
f 672/8/258 678/8/258 671/8/258
f 674/8/259 675/8/259 673/8/259
f 670/8/260 680/8/260 672/8/260
f 677/8/261 673/8/261 678/8/261
f 675/8/262 678/8/262 673/8/262
f 677/8/263 676/8/263 674/8/263
f 680/8/264 670/8/264 677/8/264
f 682/8/265 683/8/265 681/8/265
f 684/8/266 688/8/266 683/8/266
f 685/8/267 690/8/267 687/8/267
f 682/8/268 689/8/268 684/8/268
f 681/8/269 688/8/269 687/8/269
f 689/8/270 685/8/270 688/8/270
f 687/8/271 688/8/271 685/8/271
f 689/8/272 690/8/272 686/8/272
f 691/8/257 692/8/257 700/8/257
f 693/8/266 699/8/266 692/8/266
f 694/8/259 697/8/259 696/8/259
f 691/8/273 701/8/273 693/8/273
f 698/8/274 694/8/274 699/8/274
f 696/8/275 699/8/275 694/8/275
f 698/8/276 697/8/276 695/8/276
f 701/8/277 691/8/277 698/8/277
f 703/5/86 704/5/86 702/5/86
f 705/7/96 706/7/96 704/7/96
f 706/5/178 709/5/178 708/5/178
f 709/5/179 702/5/179 708/5/179
f 703/5/130 707/5/130 705/5/130
f 702/5/132 706/5/132 708/5/132
f 711/5/181 715/5/181 710/5/181
f 712/5/182 716/5/182 711/5/182
f 712/5/278 718/5/278 717/5/278
f 713/5/279 719/5/279 718/5/279
f 710/5/185 719/5/185 714/5/185
f 715/5/186 716/5/186 720/5/186
f 716/5/187 717/5/187 720/5/187
f 717/5/188 718/5/188 720/5/188
f 718/5/189 719/5/189 720/5/189
f 719/5/280 715/5/280 720/5/280
f 722/5/281 726/5/281 721/5/281
f 722/5/282 728/5/282 727/5/282
f 723/5/283 729/5/283 728/5/283
f 724/5/284 730/5/284 729/5/284
f 721/5/285 730/5/285 725/5/285
f 726/5/286 727/5/286 731/5/286
f 727/5/287 728/5/287 731/5/287
f 728/5/288 729/5/288 731/5/288
f 729/5/199 730/5/199 731/5/199
f 730/5/200 726/5/200 731/5/200
f 733/5/201 737/5/201 732/5/201
f 733/5/202 739/5/202 738/5/202
f 734/5/289 740/5/289 739/5/289
f 735/5/290 741/5/290 740/5/290
f 732/5/291 741/5/291 736/5/291
f 737/5/206 738/5/206 742/5/206
f 738/5/207 739/5/207 742/5/207
f 739/5/292 740/5/292 742/5/292
f 740/5/209 741/5/209 742/5/209
f 741/5/293 737/5/293 742/5/293
f 744/8/294 749/8/294 743/8/294
f 750/8/87 748/8/87 747/8/87
f 748/8/79 743/8/79 747/8/79
f 748/8/130 745/8/130 744/8/130
f 747/8/89 749/8/89 750/8/89
f 1350/1/295 1354/1/295 1349/1/295
f 752/5/296 757/5/296 751/5/296
f 753/5/297 758/5/297 752/5/297
f 754/5/298 759/5/298 753/5/298
f 755/5/299 760/5/299 754/5/299
f 756/5/300 761/5/300 755/5/300
f 751/5/301 762/5/301 756/5/301
f 754/5/47 753/5/47 752/5/47
f 189/2/72 190/2/72 192/2/72
f 764/5/302 765/5/302 763/5/302
f 768/5/303 769/5/303 767/5/303
f 770/5/47 766/5/47 764/5/47
f 769/5/20 765/5/20 767/5/20
f 772/4/71 773/4/71 771/4/71
f 774/4/72 775/4/72 773/4/72
f 775/4/73 778/4/73 777/4/73
f 778/4/74 774/4/74 772/4/74
f 777/4/304 773/4/304 775/4/304
f 780/3/76 781/3/76 779/3/76
f 788/3/305 790/3/305 787/3/305
f 783/3/78 786/3/78 785/3/78
f 786/3/79 779/3/79 785/3/79
f 786/3/306 782/3/306 780/3/306
f 785/3/217 781/3/217 783/3/217
f 781/3/82 788/3/82 787/3/82
f 784/3/307 788/3/307 782/3/307
f 783/3/84 789/3/84 784/3/84
f 783/3/308 787/3/308 790/3/308
f 792/8/309 793/8/309 791/8/309
f 794/7/310 795/7/310 793/7/310
f 795/8/311 798/8/311 797/8/311
f 798/8/312 791/8/312 797/8/312
f 792/8/313 796/8/313 794/8/313
f 791/8/314 795/8/314 797/8/314
f 799/5/315 802/5/315 801/5/315
f 802/5/316 803/5/316 801/5/316
f 804/5/317 805/5/317 803/5/317
f 800/5/318 804/5/318 802/5/318
f 799/5/319 803/5/319 805/5/319
f 808/5/315 809/5/315 807/5/315
f 810/5/316 811/5/316 809/5/316
f 812/5/317 813/5/317 811/5/317
f 808/5/318 812/5/318 810/5/318
f 807/5/319 811/5/319 813/5/319
f 816/5/315 817/5/315 815/5/315
f 818/5/320 819/5/320 817/5/320
f 820/5/317 821/5/317 819/5/317
f 816/5/318 820/5/318 818/5/318
f 815/5/319 819/5/319 821/5/319
f 824/5/315 825/5/315 823/5/315
f 826/5/316 827/5/316 825/5/316
f 827/5/317 830/5/317 829/5/317
f 824/5/318 828/5/318 826/5/318
f 823/5/321 827/5/321 829/5/321
f 831/8/322 832/8/322 839/8/322
f 833/8/323 838/8/323 832/8/323
f 834/8/324 837/8/324 836/8/324
f 831/8/325 840/8/325 833/8/325
f 840/8/326 834/8/326 838/8/326
f 836/8/327 838/8/327 834/8/327
f 840/8/328 837/8/328 835/8/328
f 841/8/329 844/8/329 843/8/329
f 844/8/330 851/8/330 843/8/330
f 846/8/331 847/8/331 845/8/331
f 842/8/332 850/8/332 844/8/332
f 841/8/333 851/8/333 847/8/333
f 848/8/334 845/8/334 849/8/334
f 847/8/335 849/8/335 845/8/335
f 848/8/336 852/8/336 846/8/336
f 850/8/337 849/8/337 851/8/337
f 847/8/338 851/8/338 849/8/338
f 850/8/339 852/8/339 848/8/339
f 854/8/340 855/8/340 853/8/340
f 856/8/323 860/8/323 855/8/323
f 857/8/341 862/8/341 859/8/341
f 854/8/342 861/8/342 856/8/342
f 853/8/343 860/8/343 859/8/343
f 861/8/326 857/8/326 860/8/326
f 859/8/344 860/8/344 857/8/344
f 861/8/345 862/8/345 858/8/345
f 864/8/329 865/8/329 863/8/329
f 866/8/330 873/8/330 865/8/330
f 867/8/331 874/8/331 869/8/331
f 864/8/346 872/8/346 866/8/346
f 863/8/347 873/8/347 869/8/347
f 870/8/334 867/8/334 871/8/334
f 869/8/348 871/8/348 867/8/348
f 870/8/349 874/8/349 868/8/349
f 872/8/337 871/8/337 873/8/337
f 869/8/350 873/8/350 871/8/350
f 872/8/351 874/8/351 870/8/351
f 875/8/352 878/8/352 877/8/352
f 878/7/353 879/7/353 877/7/353
f 880/8/354 881/8/354 879/8/354
f 882/8/355 875/8/355 881/8/355
f 882/8/356 878/8/356 876/8/356
f 881/8/357 877/8/357 879/8/357
f 884/5/358 889/5/358 883/5/358
f 884/5/359 891/5/359 890/5/359
f 886/5/360 891/5/360 885/5/360
f 887/5/361 892/5/361 886/5/361
f 887/5/362 894/5/362 893/5/362
f 888/5/363 889/5/363 894/5/363
f 903/2/353 904/2/353 906/2/353
f 897/5/353 891/5/353 892/5/353
f 889/5/353 900/5/353 894/5/353
f 895/2/364 902/2/364 901/2/364
f 897/2/365 902/2/365 896/2/365
f 898/2/366 903/2/366 897/2/366
f 899/2/367 904/2/367 898/2/367
f 900/2/368 905/2/368 899/2/368
f 895/2/369 906/2/369 900/2/369
f 908/5/358 913/5/358 907/5/358
f 908/5/370 915/5/370 914/5/370
f 910/5/371 915/5/371 909/5/371
f 911/5/372 916/5/372 910/5/372
f 911/5/362 918/5/362 917/5/362
f 912/5/363 913/5/363 918/5/363
f 16/3/20 70/3/20 41/3/20
f 930/2/373 925/2/373 926/2/373
f 915/5/353 916/5/353 921/5/353
f 918/5/374 919/5/374 924/5/374
f 919/2/375 926/2/375 925/2/375
f 921/2/376 926/2/376 920/2/376
f 922/2/366 927/2/366 921/2/366
f 923/2/367 928/2/367 922/2/367
f 924/2/368 929/2/368 923/2/368
f 919/2/377 930/2/377 924/2/377
f 932/5/378 937/5/378 931/5/378
f 932/5/370 939/5/370 938/5/370
f 934/5/371 939/5/371 933/5/371
f 935/5/372 940/5/372 934/5/372
f 935/5/379 942/5/379 941/5/379
f 936/5/380 937/5/380 942/5/380
f 213/2/72 215/2/72 211/2/72
f 954/2/373 949/2/373 950/2/373
f 944/5/373 938/5/373 939/5/373
f 1743/3/221 1779/3/221 1780/3/221
f 942/5/373 947/5/373 941/5/373
f 943/2/381 950/2/381 949/2/381
f 945/2/365 950/2/365 944/2/365
f 946/2/382 951/2/382 945/2/382
f 947/2/383 952/2/383 946/2/383
f 948/2/384 953/2/384 947/2/384
f 943/2/385 954/2/385 948/2/385
f 956/8/309 957/8/309 955/8/309
f 958/7/310 959/7/310 957/7/310
f 959/8/311 962/8/311 961/8/311
f 962/8/312 955/8/312 961/8/312
f 956/8/386 960/8/386 958/8/386
f 955/8/387 959/8/387 961/8/387
f 964/5/315 965/5/315 963/5/315
f 966/5/320 967/5/320 965/5/320
f 967/5/317 970/5/317 969/5/317
f 964/5/388 968/5/388 966/5/388
f 963/5/321 967/5/321 969/5/321
f 972/5/315 973/5/315 971/5/315
f 974/5/316 975/5/316 973/5/316
f 975/5/317 978/5/317 977/5/317
f 972/5/318 976/5/318 974/5/318
f 971/5/319 975/5/319 977/5/319
f 980/5/315 981/5/315 979/5/315
f 982/5/316 983/5/316 981/5/316
f 983/5/317 986/5/317 985/5/317
f 980/5/318 984/5/318 982/5/318
f 979/5/319 983/5/319 985/5/319
f 988/5/315 989/5/315 987/5/315
f 990/5/316 991/5/316 989/5/316
f 991/5/317 994/5/317 993/5/317
f 988/5/318 992/5/318 990/5/318
f 987/5/389 991/5/389 993/5/389
f 995/8/322 996/8/322 1003/8/322
f 997/8/323 1002/8/323 996/8/323
f 998/8/324 1001/8/324 1000/8/324
f 995/8/342 1004/8/342 997/8/342
f 1004/8/326 998/8/326 1002/8/326
f 1000/8/390 1002/8/390 998/8/390
f 1004/8/391 1001/8/391 999/8/391
f 1006/8/329 1007/8/329 1005/8/329
f 1008/8/330 1015/8/330 1007/8/330
f 1009/8/331 1016/8/331 1011/8/331
f 1006/8/332 1014/8/332 1008/8/332
f 1005/8/347 1015/8/347 1011/8/347
f 1012/8/334 1009/8/334 1013/8/334
f 1011/8/348 1013/8/348 1009/8/348
f 1012/8/336 1016/8/336 1010/8/336
f 1014/8/337 1013/8/337 1015/8/337
f 1011/8/350 1015/8/350 1013/8/350
f 1014/8/339 1016/8/339 1012/8/339
f 1018/8/340 1019/8/340 1017/8/340
f 1020/8/323 1024/8/323 1019/8/323
f 1021/8/341 1026/8/341 1023/8/341
f 1018/8/392 1025/8/392 1020/8/392
f 1017/8/393 1024/8/393 1023/8/393
f 1025/8/326 1021/8/326 1024/8/326
f 1023/8/394 1024/8/394 1021/8/394
f 1025/8/395 1026/8/395 1022/8/395
f 1028/8/329 1029/8/329 1027/8/329
f 1030/8/330 1037/8/330 1029/8/330
f 1032/8/331 1033/8/331 1031/8/331
f 1028/8/396 1036/8/396 1030/8/396
f 1027/8/397 1037/8/397 1033/8/397
f 1034/8/334 1031/8/334 1035/8/334
f 1033/8/398 1035/8/398 1031/8/398
f 1034/8/399 1038/8/399 1032/8/399
f 1036/8/337 1035/8/337 1037/8/337
f 1033/8/400 1037/8/400 1035/8/400
f 1036/8/401 1038/8/401 1034/8/401
f 1039/8/402 1066/8/402 1041/8/402
f 1/1/403 2/1/403 54/1/403
f 1063/8/404 1045/8/404 1043/8/404
f 1065/8/405 1039/8/405 1045/8/405
f 1040/8/406 1044/8/406 1042/8/406
f 1039/8/407 1043/8/407 1045/8/407
f 1069/8/408 1054/8/408 1051/8/408
f 1067/7/409 1051/7/409 1047/7/409
f 1048/7/410 1053/7/410 1052/7/410
f 1070/7/411 1054/7/411 1069/7/411
f 1047/7/412 1054/7/412 1050/7/412
f 1055/8/413 1046/8/413 1056/8/413
f 1058/8/414 1040/8/414 1042/8/414
f 1059/7/415 1052/7/415 1060/7/415
f 1075/3/416 1114/3/416 1083/3/416
f 1062/7/417 1053/7/417 1049/7/417
f 1063/8/418 1056/8/418 1064/8/418
f 1066/8/419 1057/8/419 1058/8/419
f 1067/7/420 1060/7/420 1068/7/420
f 1070/7/421 1061/7/421 1062/7/421
f 1062/7/224 1063/7/224 1070/7/224
f 502/5/422 507/5/422 496/5/422
f 1080/3/416 1074/3/416 1081/3/416
f 1091/2/423 1090/2/423 1093/2/423
f 1085/5/416 1115/5/416 1113/5/416
f 1082/5/424 1086/5/424 1081/5/424
f 1079/5/425 1096/5/425 1078/5/425
f 1083/5/426 1089/5/426 1088/5/426
f 1085/5/427 1089/5/427 1114/5/427
f 1084/5/428 1086/5/428 1091/5/428
f 1084/5/429 1092/5/429 1116/5/429
f 1085/5/430 1093/5/430 1090/5/430
f 1113/5/431 1094/5/431 1093/5/431
f 1116/5/432 1095/5/432 1080/5/432
f 1079/5/433 1095/5/433 1097/5/433
f 1078/5/434 1094/5/434 1115/5/434
f 1087/5/435 1082/5/435 1083/5/435
f 1112/5/416 1099/5/416 1098/5/416
f 1073/3/436 1103/3/436 1102/3/436
f 1077/3/437 1101/3/437 1071/3/437
f 1076/3/438 1105/3/438 1106/3/438
f 1074/3/439 1108/3/439 1112/3/439
f 1075/3/440 1102/3/440 1109/3/440
f 1107/3/441 1076/3/441 1106/3/441
f 1109/3/442 1077/3/442 1075/3/442
f 1098/3/443 1110/3/443 1103/3/443
f 1100/3/444 1108/3/444 1111/3/444
f 1100/3/445 1110/3/445 1099/3/445
f 1116/5/416 1081/5/416 1084/5/416
f 1117/2/446 1120/2/446 1119/2/446
f 1120/2/447 1121/2/447 1119/2/447
f 1122/2/425 1123/2/425 1121/2/425
f 1118/2/448 1122/2/448 1120/2/448
f 1117/2/449 1121/2/449 1123/2/449
f 1126/2/450 1127/2/450 1125/2/450
f 1128/2/447 1129/2/447 1127/2/447
f 1129/2/451 1132/2/451 1131/2/451
f 1126/2/452 1130/2/452 1128/2/452
f 1125/2/453 1129/2/453 1131/2/453
f 1133/2/446 1136/2/446 1135/2/446
f 1136/2/447 1137/2/447 1135/2/447
f 1138/2/425 1139/2/425 1137/2/425
f 1134/2/448 1138/2/448 1136/2/448
f 1133/2/449 1137/2/449 1139/2/449
f 1142/2/450 1143/2/450 1141/2/450
f 1144/2/447 1145/2/447 1143/2/447
f 1146/2/451 1147/2/451 1145/2/451
f 1142/2/454 1146/2/454 1144/2/454
f 1141/2/453 1145/2/453 1147/2/453
f 1163/2/60 1165/2/60 1162/2/60
f 1150/5/455 1155/5/455 1154/5/455
f 1152/5/456 1155/5/456 1151/5/456
f 1153/5/457 1156/5/457 1152/5/457
f 1153/5/458 1154/5/458 1157/5/458
f 1154/5/459 1159/5/459 1158/5/459
f 1156/5/460 1159/5/460 1155/5/460
f 1157/5/461 1160/5/461 1156/5/461
f 1157/5/462 1158/5/462 1161/5/462
f 1159/2/463 1162/2/463 1158/2/463
f 1160/2/464 1163/2/464 1159/2/464
f 1160/2/465 1165/2/465 1164/2/465
f 1161/2/466 1162/2/466 1165/2/466
f 1177/7/60 1180/7/60 1178/7/60
f 112/3/47 113/3/47 140/3/47
f 1167/7/60 1175/7/60 1166/7/60
f 1173/3/467 1178/3/467 1174/3/467
f 1175/3/47 1177/3/47 1173/3/47
f 1176/3/468 1179/3/468 1175/3/468
f 1176/3/20 1178/3/20 1180/3/20
f 1167/5/469 1187/5/469 1168/5/469
f 1169/3/467 1182/3/467 1170/3/467
f 1172/3/468 1183/3/468 1171/3/468
f 1149/5/470 1185/5/470 1186/5/470
f 1167/5/471 1186/5/471 1188/5/471
f 1209/2/472 1212/2/472 1211/2/472
f 1199/4/472 1191/4/472 1208/4/472
f 1201/4/472 1194/4/472 1207/4/472
f 1168/7/60 1172/7/60 1167/7/60
f 1190/5/473 1210/5/473 1207/5/473
f 1208/5/474 1209/5/474 1211/5/474
f 1259/4/20 1246/4/20 1255/4/20
f 1207/5/475 1209/5/475 1189/5/475
f 1190/5/476 1211/5/476 1212/5/476
f 1196/4/477 1214/4/477 1213/4/477
f 1192/4/478 1216/4/478 1198/4/478
f 1191/4/479 1215/4/479 1192/4/479
f 1199/4/480 1217/4/480 1191/4/480
f 1195/4/481 1213/4/481 1219/4/481
f 1202/4/482 1219/4/482 1220/4/482
f 1194/4/483 1214/4/483 1197/4/483
f 1201/4/482 1221/4/482 1194/4/482
f 1193/4/484 1216/4/484 1223/4/484
f 1200/4/485 1223/4/485 1224/4/485
f 1203/4/486 1224/4/486 1225/4/486
f 1204/4/487 1222/4/487 1201/4/487
f 1203/4/488 1226/4/488 1204/4/488
f 1205/4/489 1218/4/489 1199/4/489
f 1206/4/490 1220/4/490 1228/4/490
f 1206/4/491 1227/4/491 1205/4/491
f 1229/2/492 1232/2/492 1231/2/492
f 1232/2/493 1233/2/493 1231/2/493
f 1234/2/494 1235/2/494 1233/2/494
f 1230/2/495 1234/2/495 1232/2/495
f 1229/2/496 1233/2/496 1235/2/496
f 1237/2/497 1240/2/497 1239/2/497
f 1240/2/493 1241/2/493 1239/2/493
f 1242/2/498 1243/2/498 1241/2/498
f 1244/2/499 1240/2/499 1238/2/499
f 1243/2/500 1239/2/500 1241/2/500
f 1248/4/501 1257/4/501 1245/4/501
f 1245/4/47 1258/4/47 1247/4/47
f 1250/4/47 1256/4/47 1248/4/47
f 1251/4/502 1262/4/502 1252/4/502
f 1270/4/503 1250/4/503 1269/4/503
f 1247/4/504 1263/4/504 1254/4/504
f 1263/4/505 1253/4/505 1254/4/505
f 1264/4/506 1246/4/506 1253/4/506
f 1251/4/507 1259/4/507 1261/4/507
f 1252/4/508 1266/4/508 1265/4/508
f 1266/4/509 1267/4/509 1265/4/509
f 1249/4/510 1269/4/510 1250/4/510
f 1268/4/511 1269/4/511 1267/4/511
f 1271/8/512 1274/8/512 1273/8/512
f 1276/8/513 1277/8/513 1275/8/513
f 1278/8/514 1271/8/514 1277/8/514
f 1278/8/515 1274/8/515 1272/8/515
f 1277/8/516 1273/8/516 1275/8/516
f 135/3/10 133/3/10 87/3/10
f 1280/5/517 1285/5/517 1279/5/517
f 1281/5/518 1286/5/518 1280/5/518
f 1282/5/519 1287/5/519 1281/5/519
f 1283/5/520 1288/5/520 1282/5/520
f 1284/5/521 1289/5/521 1283/5/521
f 1279/5/522 1290/5/522 1284/5/522
f 1284/5/47 1283/5/47 1282/5/47
f 1287/5/20 1288/5/20 1290/5/20
f 1292/5/523 1293/5/523 1291/5/523
f 1296/5/524 1297/5/524 1295/5/524
f 1292/5/47 1296/5/47 1294/5/47
f 1291/5/20 1295/5/20 1297/5/20
f 1300/5/525 1301/5/525 1299/5/525
f 1301/5/526 1304/5/526 1303/5/526
f 1303/5/527 1306/5/527 1305/5/527
f 1300/5/528 1304/5/528 1302/5/528
f 1299/5/529 1303/5/529 1305/5/529
f 1307/5/530 1310/5/530 1309/5/530
f 1310/5/531 1311/5/531 1309/5/531
f 1311/5/532 1314/5/532 1313/5/532
f 1314/5/533 1310/5/533 1308/5/533
f 1307/5/534 1311/5/534 1313/5/534
f 1315/5/535 1318/5/535 1317/5/535
f 1317/5/526 1320/5/526 1319/5/526
f 1319/5/536 1322/5/536 1321/5/536
f 1316/5/537 1320/5/537 1318/5/537
f 1315/5/534 1319/5/534 1321/5/534
f 1324/5/538 1325/5/538 1323/5/538
f 1326/5/531 1327/5/531 1325/5/531
f 1327/5/539 1330/5/539 1329/5/539
f 1330/5/540 1326/5/540 1324/5/540
f 1323/5/541 1327/5/541 1329/5/541
f 1331/5/542 1334/5/542 1333/5/542
f 1334/5/543 1335/5/543 1333/5/543
f 1335/5/544 1338/5/544 1337/5/544
f 1338/5/528 1334/5/528 1332/5/528
f 1331/5/545 1335/5/545 1337/5/545
f 1340/9/546 1341/9/546 1339/9/546
f 1341/9/547 1347/9/547 1348/9/547
f 1344/9/548 1345/9/548 1343/9/548
f 1347/9/549 1340/9/549 1346/9/549
f 1339/9/550 1348/9/550 1345/9/550
f 1347/9/551 1343/9/551 1348/9/551
f 1346/9/552 1344/9/552 1347/9/552
f 1340/9/553 1339/9/553 1345/9/553
f 12/1/554 18/1/554 8/1/554
f 1353/1/553 1349/1/553 1352/1/553
f 1353/1/555 1355/1/555 1350/1/555
f 1352/1/556 1354/1/556 1351/1/556
f 1356/1/557 1353/1/557 1352/1/557
f 1358/9/553 1357/9/553 1363/9/553
f 1358/9/546 1359/9/546 1357/9/546
f 1359/9/547 1365/9/547 1366/9/547
f 1362/9/548 1363/9/548 1361/9/548
f 1365/9/549 1358/9/549 1364/9/549
f 1357/9/550 1366/9/550 1363/9/550
f 1366/9/551 1362/9/551 1361/9/551
f 1364/9/552 1362/9/552 1365/9/552
f 1416/2/16 1395/2/16 1392/2/16
f 1397/2/16 1399/2/16 1396/2/16
f 1383/5/16 1390/5/16 1382/5/16
f 1368/5/558 1413/5/558 1376/5/558
f 1370/5/559 1377/5/559 1369/5/559
f 1371/5/560 1418/5/560 1367/5/560
f 1368/5/561 1379/5/561 1371/5/561
f 1372/5/562 1381/5/562 1380/5/562
f 1373/5/563 1382/5/563 1381/5/563
f 1375/5/564 1382/5/564 1374/5/564
f 1372/5/565 1383/5/565 1375/5/565
f 1377/5/16 1378/5/16 1385/5/16
f 1380/5/16 1389/5/16 1388/5/16
f 1414/5/566 1392/5/566 1384/5/566
f 1385/5/567 1394/5/567 1393/5/567
f 1417/5/568 1395/5/568 1416/5/568
f 1384/5/569 1395/5/569 1387/5/569
f 1389/5/570 1396/5/570 1388/5/570
f 1390/5/571 1397/5/571 1389/5/571
f 1390/5/572 1399/5/572 1398/5/572
f 1391/5/573 1396/5/573 1399/5/573
f 1633/6/574 1637/6/574 1642/6/574
f 1406/5/575 1369/5/575 1377/5/575
f 1407/5/576 1393/5/576 1408/5/576
f 757/5/20 758/5/20 760/5/20
f 1410/5/577 1394/5/577 1386/5/577
f 1370/5/578 1411/5/578 1378/5/578
f 1401/5/579 1406/5/579 1413/5/579
f 1415/5/580 1407/5/580 1408/5/580
f 1410/5/581 1416/5/581 1409/5/581
f 1367/5/582 1411/5/582 1412/5/582
f 1402/5/583 1419/5/583 1400/5/583
f 1420/5/584 1402/5/584 1403/5/584
f 1403/5/585 1422/5/585 1421/5/585
f 1425/4/586 1467/4/586 1468/4/586
f 1470/4/587 1423/4/587 1469/4/587
f 1424/4/588 1467/4/588 1426/4/588
f 1423/4/589 1468/4/589 1469/4/589
f 1423/4/590 1432/4/590 1431/4/590
f 1424/4/591 1433/4/591 1432/4/591
f 1425/4/592 1433/4/592 1426/4/592
f 1423/4/593 1434/4/593 1425/4/593
f 1428/4/594 1435/4/594 1427/4/594
f 1428/4/595 1437/4/595 1436/4/595
f 1430/4/596 1438/4/596 1437/4/596
f 1427/4/597 1438/4/597 1429/4/597
f 1431/4/598 1440/4/598 1439/4/598
f 1432/4/599 1441/4/599 1440/4/599
f 1434/4/600 1441/4/600 1433/4/600
f 1431/4/601 1442/4/601 1434/4/601
f 1435/4/602 1444/4/602 1443/4/602
f 1437/4/603 1444/4/603 1436/4/603
f 1438/4/604 1445/4/604 1437/4/604
f 1438/4/605 1443/4/605 1446/4/605
f 1448/5/606 1450/5/606 1447/5/606
f 1448/5/607 1452/5/607 1449/5/607
f 1453/5/608 1452/5/608 1451/5/608
f 1453/5/609 1450/5/609 1454/5/609
f 1455/5/610 1457/5/610 1458/5/610
f 1459/5/611 1457/5/611 1456/5/611
f 1459/5/612 1462/5/612 1460/5/612
f 1455/5/613 1462/5/613 1461/5/613
f 1440/5/614 1447/5/614 1439/5/614
f 1454/5/615 1449/5/615 1452/5/615
f 1440/5/616 1451/5/616 1448/5/616
f 1442/5/617 1451/5/617 1441/5/617
f 1442/5/618 1447/5/618 1453/5/618
f 1443/5/619 1456/5/619 1455/5/619
f 1458/5/620 1460/5/620 1462/5/620
f 1445/5/621 1456/5/621 1444/5/621
f 1445/5/622 1461/5/622 1459/5/622
f 1443/5/623 1461/5/623 1446/5/623
f 1463/4/624 1427/4/624 1464/4/624
f 1429/4/625 1464/4/625 1427/4/625
f 1429/4/626 1466/4/626 1465/4/626
f 1463/4/627 1430/4/627 1428/4/627
f 1472/5/628 1473/5/628 1474/5/628
f 1476/5/629 1474/5/629 1475/5/629
f 1477/5/630 1476/5/630 1475/5/630
f 1478/5/631 1473/5/631 1471/5/631
f 1468/5/632 1471/5/632 1472/5/632
f 1464/5/633 1473/5/633 1463/5/633
f 1469/5/634 1472/5/634 1476/5/634
f 1465/5/635 1474/5/635 1464/5/635
f 1465/5/636 1477/5/636 1475/5/636
f 1469/5/637 1478/5/637 1470/5/637
f 1470/5/638 1471/5/638 1467/5/638
f 1466/5/639 1473/5/639 1477/5/639
f 1481/4/586 1523/4/586 1524/4/586
f 1526/4/587 1479/4/587 1525/4/587
f 1480/4/588 1523/4/588 1482/4/588
f 1479/4/589 1524/4/589 1525/4/589
f 1479/4/590 1488/4/590 1487/4/590
f 1480/4/640 1489/4/640 1488/4/640
f 1481/4/592 1489/4/592 1482/4/592
f 1479/4/593 1490/4/593 1481/4/593
f 1484/4/641 1491/4/641 1483/4/641
f 1484/4/642 1493/4/642 1492/4/642
f 1486/4/643 1494/4/643 1493/4/643
f 1483/4/644 1494/4/644 1485/4/644
f 1487/4/645 1496/4/645 1495/4/645
f 1488/4/646 1497/4/646 1496/4/646
f 1490/4/600 1497/4/600 1489/4/600
f 1487/4/601 1498/4/601 1490/4/601
f 1491/4/602 1500/4/602 1499/4/602
f 1493/4/647 1500/4/647 1492/4/647
f 1494/4/648 1501/4/648 1493/4/648
f 1494/4/605 1499/4/605 1502/4/605
f 1504/5/606 1506/5/606 1503/5/606
f 1504/5/607 1508/5/607 1505/5/607
f 1509/5/608 1508/5/608 1507/5/608
f 1509/5/609 1506/5/609 1510/5/609
f 1511/5/610 1513/5/610 1514/5/610
f 1515/5/611 1513/5/611 1512/5/611
f 1515/5/612 1518/5/612 1516/5/612
f 1511/5/613 1518/5/613 1517/5/613
f 1496/5/649 1503/5/649 1495/5/649
f 1510/5/615 1505/5/615 1508/5/615
f 1496/5/650 1507/5/650 1504/5/650
f 1498/5/617 1507/5/617 1497/5/617
f 1498/5/618 1503/5/618 1509/5/618
f 1499/5/619 1512/5/619 1511/5/619
f 1501/5/651 1512/5/651 1500/5/651
f 1516/5/652 1514/5/652 1513/5/652
f 1501/5/653 1517/5/653 1515/5/653
f 1499/5/623 1517/5/623 1502/5/623
f 1519/4/654 1483/4/654 1520/4/654
f 1485/4/589 1520/4/589 1483/4/589
f 1485/4/626 1522/4/626 1521/4/626
f 1519/4/627 1486/4/627 1484/4/627
f 1528/5/628 1529/5/628 1530/5/628
f 1532/5/629 1530/5/629 1531/5/629
f 1533/5/630 1532/5/630 1531/5/630
f 1534/5/631 1529/5/631 1527/5/631
f 1524/5/632 1527/5/632 1528/5/632
f 1520/5/633 1529/5/633 1519/5/633
f 1525/5/634 1528/5/634 1532/5/634
f 1521/5/655 1530/5/655 1520/5/655
f 1521/5/636 1533/5/636 1531/5/636
f 1525/5/637 1534/5/637 1526/5/637
f 1526/5/638 1527/5/638 1523/5/638
f 1522/5/639 1529/5/639 1533/5/639
f 1536/1/656 1537/1/656 1535/1/656
f 1548/7/72 1550/7/72 1547/7/72
f 1539/1/657 1542/1/657 1541/1/657
f 1542/1/79 1535/1/79 1541/1/79
f 1542/1/658 1538/1/658 1536/1/658
f 1541/1/659 1537/1/659 1539/1/659
f 1539/1/72 1537/1/72 1546/1/72
f 1538/1/72 1545/1/72 1544/1/72
f 1543/1/660 1548/1/660 1547/1/660
f 1544/1/661 1549/1/661 1548/1/661
f 1546/1/662 1549/1/662 1545/1/662
f 1543/1/663 1550/1/663 1546/1/663
f 1552/1/664 1553/1/664 1551/1/664
f 1564/7/665 1566/7/665 1563/7/665
f 1556/1/666 1557/1/666 1555/1/666
f 1558/1/667 1551/1/667 1557/1/667
f 1558/1/668 1554/1/668 1552/1/668
f 1557/1/669 1553/1/669 1555/1/669
f 1554/1/665 1561/1/665 1560/1/665
f 1560/1/670 1563/1/670 1559/1/670
f 1561/1/671 1564/1/671 1560/1/671
f 1561/1/672 1566/1/672 1565/1/672
f 1562/1/673 1563/1/673 1566/1/673
f 1568/1/674 1569/1/674 1567/1/674
f 1580/7/72 1582/7/72 1579/7/72
f 1571/1/675 1574/1/675 1573/1/675
f 1574/1/79 1567/1/79 1573/1/79
f 1574/1/676 1570/1/676 1568/1/676
f 1573/1/677 1569/1/677 1571/1/677
f 1569/1/96 1576/1/96 1575/1/96
f 1572/1/72 1571/1/72 1577/1/72
f 1575/1/678 1580/1/678 1579/1/678
f 1577/1/679 1580/1/679 1576/1/679
f 1578/1/680 1581/1/680 1577/1/680
f 1578/1/681 1579/1/681 1582/1/681
f 1584/1/682 1585/1/682 1583/1/682
f 1596/7/665 1598/7/665 1595/7/665
f 1587/1/683 1590/1/683 1589/1/683
f 1590/1/667 1583/1/667 1589/1/667
f 1590/1/684 1586/1/684 1584/1/684
f 1589/1/685 1585/1/685 1587/1/685
f 73/3/20 81/3/20 87/3/20
f 1587/1/665 1591/1/665 1594/1/665
f 1592/1/686 1595/1/686 1591/1/686
f 1592/1/687 1597/1/687 1596/1/687
f 1593/1/688 1598/1/688 1597/1/688
f 1591/1/689 1598/1/689 1594/1/689
f 1599/1/690 1602/1/690 1601/1/690
f 1612/7/49 1614/7/49 1611/7/49
f 1604/1/691 1605/1/691 1603/1/691
f 1606/1/692 1599/1/692 1605/1/692
f 1606/1/693 1602/1/693 1600/1/693
f 1605/1/694 1601/1/694 1603/1/694
f 1602/1/695 1607/1/695 1601/1/695
f 1586/1/665 1588/1/665 1592/1/665
f 1608/1/696 1611/1/696 1607/1/696
f 1608/1/697 1613/1/697 1612/1/697
f 1610/1/698 1613/1/698 1609/1/698
f 1607/1/699 1614/1/699 1610/1/699
f 1629/2/574 1631/2/574 1628/2/574
f 1616/5/700 1621/5/700 1620/5/700
f 1617/5/701 1622/5/701 1621/5/701
f 1619/5/702 1622/5/702 1618/5/702
f 1616/5/703 1623/5/703 1619/5/703
f 1620/5/704 1625/5/704 1624/5/704
f 1622/5/705 1625/5/705 1621/5/705
f 1623/5/706 1626/5/706 1622/5/706
f 1623/5/707 1624/5/707 1627/5/707
f 1625/2/708 1628/2/708 1624/2/708
f 1625/2/709 1630/2/709 1629/2/709
f 1626/2/710 1631/2/710 1630/2/710
f 1624/2/711 1631/2/711 1627/2/711
f 1643/7/574 1646/7/574 1644/7/574
f 1647/7/574 1650/7/574 1648/7/574
f 1635/6/574 1636/6/574 1634/6/574
f 1555/1/665 1553/1/665 1562/1/665
f 53/1/98 48/1/98 52/1/98
f 1761/3/117 1780/3/117 1782/3/117
f 1639/8/712 1644/8/712 1640/8/712
f 1639/8/47 1645/8/47 1643/8/47
f 1642/8/713 1645/8/713 1641/8/713
f 1640/8/20 1646/8/20 1642/8/20
f 1635/8/47 1649/8/47 1647/8/47
f 1635/8/712 1648/8/712 1636/8/712
f 1638/8/713 1649/8/713 1637/8/713
f 1650/8/20 1636/8/20 1648/8/20
f 1654/3/714 1634/3/714 1633/3/714
f 1661/1/715 1656/1/715 1657/1/715
f 1662/1/716 1660/1/716 1659/1/716
f 1659/1/33 1656/1/33 1655/1/33
f 1656/1/717 1658/1/717 1657/1/717
f 1655/1/718 1662/1/718 1659/1/718
f 1633/3/719 1652/3/719 1654/3/719
f 1615/3/720 1651/3/720 1652/3/720
f 1661/5/16 1658/5/16 1662/5/16
f 1664/5/721 1669/5/721 1663/5/721
f 1665/5/722 1670/5/722 1664/5/722
f 1666/5/723 1671/5/723 1665/5/723
f 1666/5/724 1673/5/724 1672/5/724
f 1667/5/725 1674/5/725 1673/5/725
f 1668/5/726 1669/5/726 1674/5/726
f 1681/2/16 1682/2/16 1683/2/16
f 205/5/97 199/5/97 200/5/97
f 1673/5/16 1680/5/16 1679/5/16
f 1675/2/727 1682/2/727 1681/2/727
f 1676/2/728 1683/2/728 1682/2/728
f 1678/2/729 1683/2/729 1677/2/729
f 1679/2/730 1684/2/730 1678/2/730
f 1679/2/731 1686/2/731 1685/2/731
f 1680/2/732 1681/2/732 1686/2/732
f 1687/2/133 1690/2/133 1689/2/133
f 1690/2/96 1691/2/96 1689/2/96
f 1692/2/134 1693/2/134 1691/2/134
f 1688/2/135 1692/2/135 1690/2/135
f 1687/2/136 1691/2/136 1693/2/136
f 1696/2/137 1697/2/137 1695/2/137
f 1698/2/96 1699/2/96 1697/2/96
f 1700/2/138 1701/2/138 1699/2/138
f 1696/2/139 1700/2/139 1698/2/139
f 1695/2/140 1699/2/140 1701/2/140
f 1704/2/141 1705/2/141 1703/2/141
f 1706/2/72 1707/2/72 1705/2/72
f 1707/2/142 1710/2/142 1709/2/142
f 1710/2/143 1706/2/143 1704/2/143
f 1709/2/144 1705/2/144 1707/2/144
f 1712/2/733 1713/2/733 1711/2/733
f 1714/2/72 1715/2/72 1713/2/72
f 1715/2/734 1718/2/734 1717/2/734
f 1718/2/735 1714/2/735 1712/2/735
f 1717/2/736 1713/2/736 1715/2/736
f 1720/2/737 1721/2/737 1719/2/737
f 1722/2/96 1723/2/96 1721/2/96
f 1723/2/738 1726/2/738 1725/2/738
f 1726/2/739 1722/2/739 1720/2/739
f 1725/2/740 1721/2/740 1723/2/740
f 1727/2/741 1730/2/741 1729/2/741
f 1730/2/72 1731/2/72 1729/2/72
f 1732/2/742 1733/2/742 1731/2/742
f 1734/2/743 1730/2/743 1728/2/743
f 1733/2/155 1729/2/155 1731/2/155
f 1736/8/86 1737/8/86 1735/8/86
f 1738/7/96 1739/7/96 1737/7/96
f 1740/8/87 1741/8/87 1739/8/87
f 1742/8/79 1735/8/79 1741/8/79
f 1736/8/130 1740/8/130 1738/8/130
f 1735/8/131 1739/8/131 1741/8/131
f 1757/2/5 1759/2/5 1756/2/5
f 1744/5/744 1749/5/744 1748/5/744
f 1746/5/745 1749/5/745 1745/5/745
f 1747/5/746 1750/5/746 1746/5/746
f 1747/5/747 1748/5/747 1751/5/747
f 1749/5/748 1752/5/748 1748/5/748
f 1750/5/749 1753/5/749 1749/5/749
f 1751/5/750 1754/5/750 1750/5/750
f 1748/5/751 1755/5/751 1751/5/751
f 1753/2/752 1756/2/752 1752/2/752
f 1753/2/753 1758/2/753 1757/2/753
f 1754/2/754 1759/2/754 1758/2/754
f 1752/2/755 1759/2/755 1755/2/755
f 1771/7/5 1774/7/5 1772/7/5
f 1775/7/5 1778/7/5 1776/7/5
f 1744/6/5 1768/6/5 1745/6/5
f 1820/3/756 1783/3/756 1784/3/756
f 1762/3/756 1779/3/756 1743/3/756
f 1767/8/33 1772/8/33 1768/8/33
f 1769/8/47 1771/8/47 1767/8/47
f 1770/8/16 1773/8/16 1769/8/16
f 1768/8/20 1774/8/20 1770/8/20
f 1763/8/47 1777/8/47 1775/8/47
f 1763/8/33 1776/8/33 1764/8/33
f 1766/8/16 1777/8/16 1765/8/16
f 1776/8/20 1766/8/20 1764/8/20
f 1770/6/5 1769/6/5 1760/6/5
f 1781/3/757 1761/3/757 1782/3/757
f 1798/2/5 1800/2/5 1797/2/5
f 1808/6/5 1809/6/5 1785/6/5
f 1784/6/5 1788/6/5 1787/6/5
f 1785/5/744 1790/5/744 1789/5/744
f 1787/5/745 1790/5/745 1786/5/745
f 1788/5/746 1791/5/746 1787/5/746
f 1788/5/747 1789/5/747 1792/5/747
f 1789/5/748 1794/5/748 1793/5/748
f 1791/5/749 1794/5/749 1790/5/749
f 1791/5/750 1796/5/750 1795/5/750
f 1789/5/751 1796/5/751 1792/5/751
f 1794/2/752 1797/2/752 1793/2/752
f 1794/2/753 1799/2/753 1798/2/753
f 1795/2/754 1800/2/754 1799/2/754
f 1793/2/755 1800/2/755 1796/2/755
f 1812/7/5 1815/7/5 1813/7/5
f 1816/7/5 1819/7/5 1817/7/5
f 1806/6/5 1811/6/5 1803/6/5
f 1784/6/5 1805/6/5 1802/6/5
f 499/5/96 506/5/96 505/5/96
f 1808/8/33 1813/8/33 1809/8/33
f 1810/8/47 1812/8/47 1808/8/47
f 1811/8/16 1814/8/16 1810/8/16
f 1809/8/20 1815/8/20 1811/8/20
f 1804/8/47 1818/8/47 1816/8/47
f 1804/8/33 1817/8/33 1805/8/33
f 1807/8/16 1818/8/16 1806/8/16
f 1817/8/20 1807/8/20 1805/8/20
f 19/1/5 88/1/5 18/1/5
f 1822/3/757 1803/3/757 1823/3/757
f 81/1/758 84/1/758 125/1/758
f 125/1/759 72/1/759 71/1/759
f 28/2/760 38/2/760 39/2/760
f 4/3/3 10/3/3 31/3/3
f 10/3/4 80/3/4 77/3/4
f 69/3/5 22/3/5 21/3/5
f 42/3/6 113/3/6 112/3/6
f 13/3/7 83/3/7 80/3/7
f 47/3/7 46/3/7 49/3/7
f 15/3/9 16/3/9 12/3/9
f 68/1/10 66/1/10 65/1/10
f 41/3/11 112/3/11 114/3/11
f 44/3/12 115/3/12 113/3/12
f 12/3/13 82/3/13 89/3/13
f 20/3/14 21/3/14 16/3/14
f 17/3/15 69/3/15 20/3/15
f 69/4/16 17/4/16 70/4/16
f 70/3/17 16/3/17 21/3/17
f 36/3/761 31/3/761 32/3/761
f 36/3/761 32/3/761 37/3/761
f 25/3/51 6/3/51 26/3/51
f 6/3/19 7/3/19 26/3/19
f 5/3/762 36/3/762 37/3/762
f 5/3/763 37/3/763 24/3/763
f 26/3/764 7/3/764 3/3/764
f 5/3/765 24/3/765 23/3/765
f 23/3/764 26/3/764 3/3/764
f 1172/3/20 1170/3/20 1182/3/20
f 24/3/766 28/3/766 27/3/766
f 37/3/767 38/3/767 28/3/767
f 25/3/768 26/3/768 30/3/768
f 26/3/24 23/3/24 34/3/24
f 23/3/24 27/3/24 39/3/24
f 23/3/24 39/3/24 34/3/24
f 32/3/769 31/3/769 6/3/769
f 32/3/770 25/3/770 29/3/770
f 34/2/771 33/2/771 29/2/771
f 37/3/28 32/3/28 33/3/28
f 38/2/29 33/2/29 34/2/29
f 58/5/30 59/5/30 60/5/30
f 7/3/32 77/3/32 115/3/32
f 1743/6/5 1744/6/5 1747/6/5
f 1765/6/5 1761/6/5 1766/6/5
f 1762/6/5 1743/6/5 1763/6/5
f 1743/6/5 1747/6/5 1746/6/5
f 1763/6/5 1743/6/5 1746/6/5
f 1746/6/5 1745/6/5 1763/6/5
f 1745/6/5 1768/6/5 1763/6/5
f 1766/6/5 1761/6/5 1762/6/5
f 1764/6/5 1766/6/5 1762/6/5
f 45/1/33 2/1/33 9/1/33
f 54/1/772 2/1/772 45/1/772
f 14/3/35 46/3/35 47/3/35
f 9/1/773 51/1/773 52/1/773
f 13/3/37 10/3/37 50/3/37
f 50/3/16 10/3/16 4/3/16
f 51/1/774 13/1/774 49/1/774
f 14/1/775 54/1/775 53/1/775
f 40/5/68 55/5/68 59/5/68
f 56/5/41 60/5/41 59/5/41
f 35/5/776 57/5/776 60/5/776
f 3/3/10 7/3/10 63/3/10
f 17/3/10 3/3/10 61/3/10
f 17/3/10 61/3/10 62/3/10
f 63/3/10 7/3/10 70/3/10
f 17/3/10 62/3/10 64/3/10
f 64/3/10 63/3/10 70/3/10
f 67/3/43 65/3/43 61/3/43
f 61/3/70 65/3/70 66/3/70
f 63/3/777 64/3/777 68/3/777
f 68/3/46 64/3/46 62/3/46
f 1410/5/16 1411/5/16 1418/5/16
f 1413/5/16 1406/5/16 1407/5/16
f 1413/5/16 1407/5/16 1414/5/16
f 1417/5/16 1410/5/16 1418/5/16
f 1387/5/16 1417/5/16 1379/5/16
f 1417/5/16 1418/5/16 1379/5/16
f 1376/5/16 1413/5/16 1414/5/16
f 1376/5/16 1414/5/16 1384/5/16
f 1376/5/16 1384/5/16 1379/5/16
f 110/2/778 109/2/778 99/2/778
f 14/3/47 4/3/47 3/3/47
f 3/3/47 17/3/47 11/3/47
f 17/3/47 15/3/47 11/3/47
f 102/3/3 80/3/3 74/3/3
f 91/3/5 93/3/5 92/3/5
f 120/3/7 117/3/7 118/3/7
f 82/3/9 86/3/9 85/3/9
f 1603/1/49 1601/1/49 1607/1/49
f 1603/1/49 1607/1/49 1610/1/49
f 1608/1/49 1602/1/49 1609/1/49
f 1602/1/49 1604/1/49 1609/1/49
f 1603/1/49 1610/1/49 1604/1/49
f 138/1/10 136/1/10 137/1/10
f 85/3/14 86/3/14 91/3/14
f 90/3/17 92/3/17 87/3/17
f 140/4/16 87/4/16 92/4/16
f 140/3/15 93/3/15 91/3/15
f 108/3/761 103/3/761 107/3/761
f 103/3/761 102/3/761 107/3/761
f 77/3/19 76/3/19 97/3/19
f 76/3/765 96/3/765 97/3/765
f 95/3/779 108/3/779 75/3/779
f 108/3/780 107/3/780 75/3/780
f 73/3/764 77/3/764 97/3/764
f 73/3/764 97/3/764 94/3/764
f 73/3/19 94/3/19 75/3/19
f 98/3/781 99/3/781 95/3/781
f 99/3/782 109/3/782 108/3/782
f 96/3/783 100/3/783 101/3/783
f 98/3/24 94/3/24 110/3/24
f 94/3/24 97/3/24 105/3/24
f 110/3/24 94/3/24 105/3/24
f 103/3/784 96/3/784 76/3/784
f 100/3/785 96/3/785 103/3/785
f 105/2/2 101/2/2 100/2/2
f 104/3/28 103/3/28 108/3/28
f 105/2/29 104/2/29 109/2/29
f 131/5/30 130/5/30 129/5/30
f 1149/7/60 1152/7/60 1169/7/60
f 1152/7/60 1151/7/60 1169/7/60
f 1151/7/60 1150/7/60 1174/7/60
f 1150/7/60 1149/7/60 1173/7/60
f 1149/7/60 1166/7/60 1175/7/60
f 1149/7/786 1175/7/786 1173/7/786
f 1150/7/60 1173/7/60 1174/7/60
f 1174/7/60 1176/7/60 1171/7/60
f 1176/7/60 1167/7/60 1171/7/60
f 1170/7/60 1168/7/60 1149/7/60
f 1169/7/60 1170/7/60 1149/7/60
f 1151/7/787 1174/7/787 1171/7/787
f 1169/7/60 1151/7/60 1171/7/60
f 114/3/61 82/3/61 12/3/61
f 79/1/33 72/1/33 116/1/33
f 125/1/788 124/1/788 116/1/788
f 118/3/63 117/3/63 84/3/63
f 79/1/789 119/1/789 123/1/789
f 83/3/65 120/3/65 121/3/65
f 121/3/16 118/3/16 74/3/16
f 120/1/790 83/1/790 122/1/790
f 84/1/791 117/1/791 124/1/791
f 111/5/776 129/5/776 130/5/776
f 130/5/41 131/5/41 127/5/41
f 131/5/40 128/5/40 106/5/40
f 134/3/10 77/3/10 73/3/10
f 138/3/43 134/3/43 132/3/43
f 137/3/777 136/3/777 132/3/777
f 134/3/792 138/3/792 139/3/792
f 139/3/46 137/3/46 133/3/46
f 1171/3/47 1183/3/47 1181/3/47
f 142/4/71 144/4/71 143/4/71
f 144/4/72 146/4/72 145/4/72
f 145/4/73 146/4/73 148/4/73
f 148/4/74 146/4/74 144/4/74
f 147/4/75 141/4/75 143/4/75
f 149/3/76 150/3/76 152/3/76
f 158/3/305 159/3/305 160/3/305
f 154/3/78 156/3/78 155/3/78
f 156/3/79 150/3/79 149/3/79
f 156/3/793 154/3/793 152/3/793
f 155/3/794 149/3/794 151/3/794
f 152/3/82 158/3/82 157/3/82
f 154/3/795 159/3/795 158/3/795
f 154/3/84 153/3/84 160/3/84
f 153/3/796 151/3/796 157/3/796
f 162/8/86 164/8/86 163/8/86
f 164/7/72 166/7/72 165/7/72
f 165/8/87 166/8/87 168/8/87
f 168/8/79 162/8/79 161/8/79
f 168/8/797 166/8/797 164/8/797
f 167/8/89 161/8/89 163/8/89
f 169/5/798 170/5/798 176/5/798
f 171/5/799 177/5/799 176/5/799
f 172/5/800 178/5/800 177/5/800
f 173/5/801 179/5/801 178/5/801
f 174/5/802 180/5/802 179/5/802
f 174/5/95 169/5/95 175/5/95
f 180/5/803 175/5/803 186/5/803
f 175/5/422 181/5/422 186/5/422
f 183/5/803 177/5/803 184/5/803
f 177/5/804 178/5/804 184/5/804
f 179/5/96 180/5/96 185/5/96
f 180/5/96 186/5/96 185/5/96
f 185/5/96 184/5/96 178/5/96
f 176/5/96 177/5/96 182/5/96
f 177/5/96 183/5/96 182/5/96
f 182/5/128 181/5/128 176/5/128
f 117/1/98 120/1/98 123/1/98
f 123/1/98 119/1/98 116/1/98
f 124/1/98 117/1/98 123/1/98
f 181/2/805 182/2/805 188/2/805
f 183/2/806 189/2/806 188/2/806
f 183/2/101 184/2/101 190/2/101
f 184/2/807 185/2/807 191/2/807
f 186/2/808 192/2/808 191/2/808
f 186/2/129 181/2/129 187/2/129
f 193/5/798 194/5/798 200/5/798
f 195/5/809 201/5/809 200/5/809
f 196/5/106 202/5/106 201/5/106
f 196/5/810 197/5/810 203/5/810
f 197/5/811 198/5/811 204/5/811
f 198/5/812 193/5/812 199/5/812
f 1634/3/110 1653/3/110 1651/3/110
f 1670/5/16 1671/5/16 1677/5/16
f 1676/5/16 1675/5/16 1670/5/16
f 1675/5/16 1669/5/16 1670/5/16
f 83/1/98 13/1/98 51/1/98
f 51/1/98 9/1/98 122/1/98
f 9/1/98 79/1/98 122/1/98
f 204/5/803 199/5/803 210/5/803
f 199/5/422 205/5/422 210/5/422
f 207/5/803 201/5/803 208/5/803
f 201/5/804 202/5/804 208/5/804
f 203/5/96 204/5/96 209/5/96
f 204/5/96 210/5/96 209/5/96
f 209/5/96 208/5/96 202/5/96
f 205/2/805 206/2/805 212/2/805
f 207/2/813 213/2/813 212/2/813
f 207/2/814 208/2/814 214/2/814
f 208/2/815 209/2/815 215/2/815
f 210/2/816 216/2/816 215/2/816
f 210/2/232 205/2/232 211/2/232
f 217/5/798 218/5/798 224/5/798
f 219/5/809 225/5/809 224/5/809
f 220/5/106 226/5/106 225/5/106
f 220/5/810 221/5/810 227/5/810
f 221/5/811 222/5/811 228/5/811
f 222/5/812 217/5/812 223/5/812
f 40/1/5 1/1/5 55/1/5
f 1/1/5 11/1/5 55/1/5
f 12/1/5 8/1/5 56/1/5
f 8/1/5 35/1/5 56/1/5
f 12/1/5 56/1/5 11/1/5
f 1801/3/117 1821/3/117 1823/3/117
f 236/2/96 237/2/96 235/2/96
f 237/2/72 238/2/72 240/2/72
f 238/2/72 239/2/72 240/2/72
f 228/5/803 223/5/803 234/5/803
f 223/5/422 229/5/422 234/5/422
f 231/5/803 225/5/803 226/5/803
f 232/5/804 231/5/804 226/5/804
f 227/5/96 228/5/96 233/5/96
f 228/5/96 234/5/96 233/5/96
f 233/5/225 232/5/225 226/5/225
f 88/1/118 89/1/118 82/1/118
f 229/2/805 230/2/805 236/2/805
f 230/2/817 231/2/817 237/2/817
f 231/2/119 232/2/119 238/2/119
f 233/2/818 239/2/818 238/2/818
f 234/2/816 240/2/816 239/2/816
f 234/2/232 229/2/232 235/2/232
f 242/5/798 248/5/798 247/5/798
f 243/5/809 249/5/809 248/5/809
f 244/5/106 250/5/106 249/5/106
f 244/5/810 245/5/810 251/5/810
f 246/5/819 252/5/819 251/5/819
f 241/5/820 247/5/820 252/5/820
f 263/2/72 264/2/72 261/2/72
f 264/2/96 259/2/96 261/2/96
f 259/2/96 260/2/96 261/2/96
f 249/5/804 250/5/804 256/5/804
f 248/5/821 249/5/821 255/5/821
f 248/5/822 255/5/822 254/5/822
f 256/5/96 250/5/96 257/5/96
f 250/5/96 251/5/96 257/5/96
f 247/5/96 248/5/96 253/5/96
f 248/5/128 254/5/128 253/5/128
f 257/5/96 251/5/96 252/5/96
f 247/5/804 253/5/804 258/5/804
f 258/5/96 257/5/96 252/5/96
f 254/2/805 260/2/805 259/2/805
f 255/2/823 261/2/823 260/2/823
f 256/2/125 262/2/125 261/2/125
f 257/2/824 263/2/824 262/2/824
f 258/2/825 264/2/825 263/2/825
f 258/2/129 253/2/129 259/2/129
f 266/5/798 272/5/798 271/5/798
f 267/5/809 273/5/809 272/5/809
f 268/5/106 274/5/106 273/5/106
f 268/5/810 269/5/810 275/5/810
f 270/5/819 276/5/819 275/5/819
f 265/5/820 271/5/820 276/5/820
f 274/5/96 275/5/96 281/5/96
f 274/5/96 281/5/96 280/5/96
f 282/5/72 276/5/72 277/5/72
f 276/5/96 271/5/96 277/5/96
f 273/5/804 274/5/804 280/5/804
f 273/5/122 280/5/122 279/5/122
f 277/5/96 271/5/96 272/5/96
f 273/5/821 279/5/821 272/5/821
f 279/5/822 278/5/822 272/5/822
f 283/2/96 284/2/96 285/2/96
f 285/2/72 286/2/72 287/2/72
f 287/2/72 288/2/72 285/2/72
f 1183/8/60 1184/8/60 1182/8/60
f 276/5/96 282/5/96 281/5/96
f 278/2/805 284/2/805 283/2/805
f 279/2/823 285/2/823 284/2/823
f 280/2/125 286/2/125 285/2/125
f 281/2/824 287/2/824 286/2/824
f 282/2/808 288/2/808 287/2/808
f 282/2/826 277/2/826 283/2/826
f 289/8/86 290/8/86 292/8/86
f 292/7/72 294/7/72 293/7/72
f 294/8/87 296/8/87 295/8/87
f 296/8/79 290/8/79 289/8/79
f 296/8/797 294/8/797 292/8/797
f 295/8/240 289/8/240 291/8/240
f 298/8/86 300/8/86 299/8/86
f 300/7/72 302/7/72 301/7/72
f 301/8/87 302/8/87 304/8/87
f 304/8/79 298/8/79 297/8/79
f 304/8/797 302/8/797 300/8/797
f 303/8/89 297/8/89 299/8/89
f 305/2/133 306/2/133 308/2/133
f 308/2/96 310/2/96 309/2/96
f 310/2/134 312/2/134 311/2/134
f 306/2/827 312/2/827 310/2/827
f 305/2/828 307/2/828 309/2/828
f 314/2/137 316/2/137 315/2/137
f 316/2/96 318/2/96 317/2/96
f 318/2/138 320/2/138 319/2/138
f 314/2/829 320/2/829 318/2/829
f 313/2/140 315/2/140 317/2/140
f 322/2/141 324/2/141 323/2/141
f 324/2/72 326/2/72 325/2/72
f 325/2/142 326/2/142 328/2/142
f 328/2/830 326/2/830 324/2/830
f 327/2/144 321/2/144 323/2/144
f 330/2/145 332/2/145 331/2/145
f 332/2/72 334/2/72 333/2/72
f 333/2/146 334/2/146 336/2/146
f 330/2/831 336/2/831 334/2/831
f 329/2/148 331/2/148 333/2/148
f 338/2/149 340/2/149 339/2/149
f 340/2/96 342/2/96 341/2/96
f 341/2/832 342/2/832 344/2/832
f 338/2/139 344/2/139 342/2/139
f 337/2/151 339/2/151 341/2/151
f 345/2/152 346/2/152 348/2/152
f 348/2/96 350/2/96 349/2/96
f 350/2/153 352/2/153 351/2/153
f 346/2/743 352/2/743 350/2/743
f 345/2/833 347/2/833 349/2/833
f 354/2/156 356/2/156 355/2/156
f 356/2/96 358/2/96 357/2/96
f 357/2/157 358/2/157 360/2/157
f 360/2/834 358/2/834 356/2/834
f 359/2/835 353/2/835 355/2/835
f 361/2/160 362/2/160 364/2/160
f 364/2/72 366/2/72 365/2/72
f 366/2/836 368/2/836 367/2/836
f 368/2/837 366/2/837 364/2/837
f 367/2/163 361/2/163 363/2/163
f 370/2/164 372/2/164 371/2/164
f 372/2/72 374/2/72 373/2/72
f 374/2/165 376/2/165 375/2/165
f 376/2/838 374/2/838 372/2/838
f 375/2/839 369/2/839 371/2/839
f 378/2/160 380/2/160 379/2/160
f 380/2/96 382/2/96 381/2/96
f 381/2/168 382/2/168 384/2/168
f 378/2/840 384/2/840 382/2/840
f 377/2/828 379/2/828 381/2/828
f 386/2/841 388/2/841 387/2/841
f 388/2/96 390/2/96 389/2/96
f 390/2/171 392/2/171 391/2/171
f 386/2/842 392/2/842 390/2/842
f 385/2/843 387/2/843 389/2/843
f 394/2/174 396/2/174 395/2/174
f 396/2/72 398/2/72 397/2/72
f 397/2/844 398/2/844 400/2/844
f 394/2/176 400/2/176 398/2/176
f 393/2/177 395/2/177 397/2/177
f 402/5/86 404/5/86 403/5/86
f 404/7/96 406/7/96 405/7/96
f 405/5/178 406/5/178 408/5/178
f 408/5/179 402/5/179 401/5/179
f 402/5/845 408/5/845 406/5/845
f 401/5/132 403/5/132 405/5/132
f 410/5/846 415/5/846 414/5/846
f 411/5/182 416/5/182 415/5/182
f 411/5/847 412/5/847 417/5/847
f 412/5/184 413/5/184 418/5/184
f 409/5/848 414/5/848 418/5/848
f 421/5/849 426/5/849 425/5/849
f 421/5/282 422/5/282 427/5/282
f 422/5/193 423/5/193 428/5/193
f 423/5/850 424/5/850 429/5/850
f 420/5/851 425/5/851 429/5/851
f 432/5/852 437/5/852 436/5/852
f 433/5/853 438/5/853 437/5/853
f 433/5/854 434/5/854 439/5/854
f 434/5/855 435/5/855 440/5/855
f 431/5/205 436/5/205 440/5/205
f 443/4/71 445/4/71 444/4/71
f 445/4/72 447/4/72 446/4/72
f 446/4/73 447/4/73 449/4/73
f 449/4/74 447/4/74 445/4/74
f 448/4/856 442/4/856 444/4/856
f 451/3/76 453/3/76 452/3/76
f 459/3/77 460/3/77 461/3/77
f 454/3/78 455/3/78 457/3/78
f 457/3/79 451/3/79 450/3/79
f 457/3/793 455/3/793 453/3/793
f 456/3/857 450/3/857 452/3/857
f 452/3/82 453/3/82 459/3/82
f 455/3/795 460/3/795 459/3/795
f 454/3/84 461/3/84 460/3/84
f 454/3/796 452/3/796 458/3/796
f 463/4/71 465/4/71 464/4/71
f 465/4/72 467/4/72 466/4/72
f 466/4/73 467/4/73 469/4/73
f 469/4/215 467/4/215 465/4/215
f 468/4/75 462/4/75 464/4/75
f 470/3/76 471/3/76 473/3/76
f 479/3/305 480/3/305 481/3/305
f 475/3/212 477/3/212 476/3/212
f 477/3/79 471/3/79 470/3/79
f 477/3/858 475/3/858 473/3/858
f 476/3/859 470/3/859 472/3/859
f 473/3/82 479/3/82 478/3/82
f 475/3/218 480/3/218 479/3/218
f 475/3/84 474/3/84 481/3/84
f 474/3/796 472/3/796 478/3/796
f 482/8/86 483/8/86 485/8/86
f 485/7/72 487/7/72 486/7/72
f 487/8/87 489/8/87 488/8/87
f 489/8/79 483/8/79 482/8/79
f 489/8/219 487/8/219 485/8/219
f 488/8/860 482/8/860 484/8/860
f 490/5/798 491/5/798 497/5/798
f 492/5/861 498/5/861 497/5/861
f 493/5/862 499/5/862 498/5/862
f 494/5/801 500/5/801 499/5/801
f 495/5/802 501/5/802 500/5/802
f 495/5/95 490/5/95 496/5/95
f 512/3/72 513/3/72 508/3/72
f 508/3/225 509/3/225 510/3/225
f 510/3/72 511/3/72 512/3/72
f 535/2/72 536/2/72 537/2/72
f 537/2/72 532/2/72 534/2/72
f 532/2/96 533/2/96 534/2/96
f 1821/3/221 1801/3/221 1783/3/221
f 224/5/96 225/5/96 230/5/96
f 225/5/96 231/5/96 230/5/96
f 230/5/128 229/5/128 224/5/128
f 502/3/805 503/3/805 509/3/805
f 504/3/813 510/3/813 509/3/813
f 504/3/101 505/3/101 511/3/101
f 505/3/815 506/3/815 512/3/815
f 506/3/863 507/3/863 513/3/863
f 507/3/232 502/3/232 508/3/232
f 514/5/798 515/5/798 521/5/798
f 516/5/809 522/5/809 521/5/809
f 517/5/106 523/5/106 522/5/106
f 517/5/810 518/5/810 524/5/810
f 519/5/802 525/5/802 524/5/802
f 519/5/95 514/5/95 520/5/95
f 1044/7/224 1055/7/224 1049/7/224
f 1055/7/224 1062/7/224 1049/7/224
f 1070/7/224 1063/7/224 1050/7/224
f 1063/7/224 1043/7/224 1050/7/224
f 1042/7/408 1044/7/408 1048/7/408
f 1044/7/408 1049/7/408 1048/7/408
f 1050/7/408 1043/7/408 1047/7/408
f 1043/7/408 1041/7/408 1047/7/408
f 1058/7/408 1042/7/408 1048/7/408
f 1058/7/224 1048/7/224 1059/7/224
f 1047/7/408 1041/7/408 1066/7/408
f 1058/7/224 1059/7/224 1066/7/224
f 1059/7/224 1067/7/224 1066/7/224
f 521/5/128 527/5/128 526/5/128
f 525/5/803 520/5/803 531/5/803
f 520/5/422 526/5/422 531/5/422
f 527/5/96 521/5/96 522/5/96
f 528/5/96 527/5/96 522/5/96
f 524/5/96 525/5/96 530/5/96
f 525/5/96 531/5/96 530/5/96
f 528/5/803 522/5/803 529/5/803
f 522/5/804 523/5/804 529/5/804
f 524/5/96 530/5/96 523/5/96
f 526/2/864 527/2/864 533/2/864
f 527/2/865 528/2/865 534/2/865
f 528/2/119 529/2/119 535/2/119
f 529/2/815 530/2/815 536/2/815
f 531/2/825 537/2/825 536/2/825
f 531/2/866 526/2/866 532/2/866
f 538/5/867 539/5/867 545/5/867
f 540/5/809 546/5/809 545/5/809
f 541/5/106 547/5/106 546/5/106
f 541/5/810 542/5/810 548/5/810
f 542/5/868 543/5/868 549/5/868
f 543/5/812 538/5/812 544/5/812
f 559/2/72 560/2/72 561/2/72
f 561/2/72 556/2/72 558/2/72
f 556/2/225 557/2/225 558/2/225
f 127/1/5 106/1/5 78/1/5
f 81/1/5 71/1/5 126/1/5
f 71/1/5 111/1/5 126/1/5
f 127/1/5 78/1/5 82/1/5
f 81/1/5 126/1/5 127/1/5
f 545/5/128 551/5/128 550/5/128
f 549/5/803 544/5/803 555/5/803
f 544/5/869 550/5/869 555/5/869
f 551/5/96 545/5/96 546/5/96
f 552/5/96 551/5/96 546/5/96
f 548/5/96 549/5/96 554/5/96
f 549/5/96 555/5/96 554/5/96
f 552/5/803 546/5/803 553/5/803
f 546/5/804 547/5/804 553/5/804
f 548/5/96 554/5/96 547/5/96
f 550/2/864 551/2/864 557/2/864
f 552/2/870 558/2/870 557/2/870
f 552/2/814 553/2/814 559/2/814
f 553/2/815 554/2/815 560/2/815
f 555/2/871 561/2/871 560/2/871
f 555/2/232 550/2/232 556/2/232
f 563/5/798 569/5/798 568/5/798
f 564/5/809 570/5/809 569/5/809
f 565/5/106 571/5/106 570/5/106
f 565/5/810 566/5/810 572/5/810
f 567/5/819 573/5/819 572/5/819
f 562/5/820 568/5/820 573/5/820
f 584/2/72 585/2/72 582/2/72
f 585/2/96 580/2/96 582/2/96
f 580/2/96 581/2/96 582/2/96
f 569/5/128 575/5/128 574/5/128
f 573/5/96 568/5/96 574/5/96
f 573/5/72 574/5/72 579/5/72
f 575/5/822 569/5/822 576/5/822
f 569/5/821 570/5/821 576/5/821
f 572/5/96 573/5/96 578/5/96
f 573/5/96 579/5/96 578/5/96
f 576/5/872 570/5/872 577/5/872
f 570/5/804 571/5/804 577/5/804
f 572/5/96 578/5/96 571/5/96
f 1072/3/230 1071/3/230 1101/3/230
f 575/2/864 581/2/864 580/2/864
f 576/2/873 582/2/873 581/2/873
f 577/2/874 583/2/874 582/2/874
f 578/2/875 584/2/875 583/2/875
f 579/2/816 585/2/816 584/2/816
f 579/2/232 574/2/232 580/2/232
f 587/5/798 593/5/798 592/5/798
f 588/5/809 594/5/809 593/5/809
f 589/5/106 595/5/106 594/5/106
f 589/5/810 590/5/810 596/5/810
f 590/5/811 591/5/811 597/5/811
f 586/5/876 592/5/876 597/5/876
f 1149/7/60 1150/7/60 1153/7/60
f 1153/7/60 1152/7/60 1149/7/60
f 606/2/72 607/2/72 608/2/72
f 608/2/72 609/2/72 606/2/72
f 609/2/96 604/2/96 606/2/96
f 594/5/804 595/5/804 601/5/804
f 594/5/872 601/5/872 600/5/872
f 602/5/96 596/5/96 597/5/96
f 603/5/96 602/5/96 597/5/96
f 593/5/821 594/5/821 600/5/821
f 593/5/822 600/5/822 599/5/822
f 603/5/96 597/5/96 592/5/96
f 593/5/96 599/5/96 592/5/96
f 599/5/96 598/5/96 592/5/96
f 595/5/96 596/5/96 602/5/96
f 599/2/864 605/2/864 604/2/864
f 600/2/877 606/2/877 605/2/877
f 601/2/101 607/2/101 606/2/101
f 601/2/815 602/2/815 608/2/815
f 602/2/863 603/2/863 609/2/863
f 603/2/114 598/2/114 604/2/114
f 610/8/86 611/8/86 613/8/86
f 613/7/72 615/7/72 614/7/72
f 615/8/87 617/8/87 616/8/87
f 617/8/79 611/8/79 610/8/79
f 617/8/797 615/8/797 613/8/797
f 616/8/240 610/8/240 612/8/240
f 618/8/238 619/8/238 621/8/238
f 621/7/72 623/7/72 622/7/72
f 623/8/239 625/8/239 624/8/239
f 625/8/179 619/8/179 618/8/179
f 625/8/797 623/8/797 621/8/797
f 624/8/878 618/8/878 620/8/878
f 627/5/241 629/5/241 628/5/241
f 629/5/96 631/5/96 630/5/96
f 631/5/242 633/5/242 632/5/242
f 627/5/879 633/5/879 631/5/879
f 626/5/880 628/5/880 630/5/880
f 635/5/241 637/5/241 636/5/241
f 637/5/96 639/5/96 638/5/96
f 639/5/242 641/5/242 640/5/242
f 635/5/879 641/5/879 639/5/879
f 634/5/880 636/5/880 638/5/880
f 643/5/241 645/5/241 644/5/241
f 645/5/96 647/5/96 646/5/96
f 647/5/242 649/5/242 648/5/242
f 643/5/881 649/5/881 647/5/881
f 642/5/882 644/5/882 646/5/882
f 651/5/241 653/5/241 652/5/241
f 653/5/96 655/5/96 654/5/96
f 655/5/242 657/5/242 656/5/242
f 651/5/879 657/5/879 655/5/879
f 650/5/880 652/5/880 654/5/880
f 659/8/248 661/8/248 660/8/248
f 661/8/249 667/8/249 668/8/249
f 662/8/250 663/8/250 669/8/250
f 659/8/256 669/8/256 667/8/256
f 658/8/883 660/8/883 668/8/883
f 665/8/253 663/8/253 662/8/253
f 667/8/72 665/8/72 666/8/72
f 679/8/257 670/8/257 672/8/257
f 672/8/884 680/8/884 678/8/884
f 674/8/259 676/8/259 675/8/259
f 679/8/885 671/8/885 678/8/885
f 677/8/253 674/8/253 673/8/253
f 675/8/886 679/8/886 678/8/886
f 677/8/887 670/8/887 676/8/887
f 680/8/888 677/8/888 678/8/888
f 682/8/265 684/8/265 683/8/265
f 684/8/889 689/8/889 688/8/889
f 685/8/267 686/8/267 690/8/267
f 682/8/834 690/8/834 689/8/834
f 681/8/890 683/8/890 688/8/890
f 689/8/891 686/8/891 685/8/891
f 691/8/257 693/8/257 692/8/257
f 693/8/884 701/8/884 699/8/884
f 694/8/259 695/8/259 697/8/259
f 700/8/892 692/8/892 699/8/892
f 698/8/253 695/8/253 694/8/253
f 696/8/893 700/8/893 699/8/893
f 698/8/277 691/8/277 697/8/277
f 701/8/888 698/8/888 699/8/888
f 703/5/86 705/5/86 704/5/86
f 705/7/96 707/7/96 706/7/96
f 706/5/178 707/5/178 709/5/178
f 709/5/179 703/5/179 702/5/179
f 703/5/130 709/5/130 707/5/130
f 702/5/132 704/5/132 706/5/132
f 711/5/894 716/5/894 715/5/894
f 712/5/895 717/5/895 716/5/895
f 712/5/896 713/5/896 718/5/896
f 713/5/279 714/5/279 719/5/279
f 710/5/897 715/5/897 719/5/897
f 722/5/898 727/5/898 726/5/898
f 722/5/192 723/5/192 728/5/192
f 723/5/283 724/5/283 729/5/283
f 724/5/850 725/5/850 730/5/850
f 721/5/285 726/5/285 730/5/285
f 733/5/852 738/5/852 737/5/852
f 733/5/853 734/5/853 739/5/853
f 734/5/289 735/5/289 740/5/289
f 735/5/855 736/5/855 741/5/855
f 732/5/205 737/5/205 741/5/205
f 744/8/294 745/8/294 749/8/294
f 750/8/87 746/8/87 748/8/87
f 748/8/79 744/8/79 743/8/79
f 748/8/130 746/8/130 745/8/130
f 747/8/89 743/8/89 749/8/89
f 1350/1/295 1355/1/295 1354/1/295
f 752/5/296 758/5/296 757/5/296
f 753/5/297 759/5/297 758/5/297
f 754/5/298 760/5/298 759/5/298
f 755/5/299 761/5/299 760/5/299
f 756/5/300 762/5/300 761/5/300
f 751/5/301 757/5/301 762/5/301
f 1403/5/16 1401/5/16 1373/5/16
f 1373/5/16 1372/5/16 1403/5/16
f 752/5/47 751/5/47 754/5/47
f 751/5/47 756/5/47 754/5/47
f 756/5/47 755/5/47 754/5/47
f 190/2/72 191/2/72 192/2/72
f 192/2/72 187/2/72 189/2/72
f 187/2/96 188/2/96 189/2/96
f 764/5/302 766/5/302 765/5/302
f 768/5/303 770/5/303 769/5/303
f 770/5/47 768/5/47 766/5/47
f 769/5/20 763/5/20 765/5/20
f 772/4/71 774/4/71 773/4/71
f 774/4/72 776/4/72 775/4/72
f 775/4/73 776/4/73 778/4/73
f 778/4/74 776/4/74 774/4/74
f 777/4/75 771/4/75 773/4/75
f 780/3/76 782/3/76 781/3/76
f 788/3/77 789/3/77 790/3/77
f 783/3/212 784/3/212 786/3/212
f 786/3/79 780/3/79 779/3/79
f 786/3/899 784/3/899 782/3/899
f 785/3/859 779/3/859 781/3/859
f 781/3/82 782/3/82 788/3/82
f 784/3/900 789/3/900 788/3/900
f 783/3/84 790/3/84 789/3/84
f 783/3/796 781/3/796 787/3/796
f 792/8/309 794/8/309 793/8/309
f 794/7/310 796/7/310 795/7/310
f 795/8/311 796/8/311 798/8/311
f 798/8/312 792/8/312 791/8/312
f 792/8/901 798/8/901 796/8/901
f 791/8/902 793/8/902 795/8/902
f 799/5/315 800/5/315 802/5/315
f 802/5/316 804/5/316 803/5/316
f 804/5/317 806/5/317 805/5/317
f 800/5/903 806/5/903 804/5/903
f 799/5/904 801/5/904 803/5/904
f 808/5/315 810/5/315 809/5/315
f 810/5/316 812/5/316 811/5/316
f 812/5/317 814/5/317 813/5/317
f 808/5/903 814/5/903 812/5/903
f 807/5/904 809/5/904 811/5/904
f 816/5/315 818/5/315 817/5/315
f 818/5/316 820/5/316 819/5/316
f 820/5/317 822/5/317 821/5/317
f 816/5/903 822/5/903 820/5/903
f 815/5/904 817/5/904 819/5/904
f 824/5/315 826/5/315 825/5/315
f 826/5/316 828/5/316 827/5/316
f 827/5/317 828/5/317 830/5/317
f 824/5/903 830/5/903 828/5/903
f 823/5/905 825/5/905 827/5/905
f 831/8/906 833/8/906 832/8/906
f 833/8/907 840/8/907 838/8/907
f 834/8/908 835/8/908 837/8/908
f 839/8/909 832/8/909 838/8/909
f 840/8/910 835/8/910 834/8/910
f 836/8/911 839/8/911 838/8/911
f 840/8/912 831/8/912 837/8/912
f 841/8/329 842/8/329 844/8/329
f 844/8/330 850/8/330 851/8/330
f 846/8/331 852/8/331 847/8/331
f 842/8/339 852/8/339 850/8/339
f 841/8/913 843/8/913 851/8/913
f 848/8/334 846/8/334 845/8/334
f 850/8/337 848/8/337 849/8/337
f 854/8/340 856/8/340 855/8/340
f 856/8/907 861/8/907 860/8/907
f 857/8/341 858/8/341 862/8/341
f 854/8/914 862/8/914 861/8/914
f 853/8/909 855/8/909 860/8/909
f 861/8/910 858/8/910 857/8/910
f 864/8/329 866/8/329 865/8/329
f 866/8/330 872/8/330 873/8/330
f 867/8/331 868/8/331 874/8/331
f 864/8/915 874/8/915 872/8/915
f 863/8/916 865/8/916 873/8/916
f 870/8/334 868/8/334 867/8/334
f 872/8/337 870/8/337 871/8/337
f 875/8/352 876/8/352 878/8/352
f 878/7/353 880/7/353 879/7/353
f 880/8/354 882/8/354 881/8/354
f 882/8/355 876/8/355 875/8/355
f 882/8/917 880/8/917 878/8/917
f 881/8/918 875/8/918 877/8/918
f 884/5/919 890/5/919 889/5/919
f 884/5/920 885/5/920 891/5/920
f 886/5/921 892/5/921 891/5/921
f 887/5/922 893/5/922 892/5/922
f 887/5/923 888/5/923 894/5/923
f 888/5/924 883/5/924 889/5/924
f 904/2/353 905/2/353 906/2/353
f 906/2/373 901/2/373 902/2/373
f 902/2/373 903/2/373 906/2/373
f 893/5/373 894/5/373 899/5/373
f 894/5/353 900/5/353 899/5/353
f 895/5/353 889/5/353 896/5/353
f 889/5/373 890/5/373 896/5/373
f 892/5/373 893/5/373 899/5/373
f 892/5/353 899/5/353 898/5/353
f 896/5/373 890/5/373 891/5/373
f 892/5/373 898/5/373 897/5/373
f 897/5/353 896/5/353 891/5/353
f 889/5/925 895/5/925 900/5/925
f 895/2/926 896/2/926 902/2/926
f 897/2/927 903/2/927 902/2/927
f 898/2/366 904/2/366 903/2/366
f 899/2/928 905/2/928 904/2/928
f 900/2/929 906/2/929 905/2/929
f 895/2/369 901/2/369 906/2/369
f 908/5/919 914/5/919 913/5/919
f 908/5/930 909/5/930 915/5/930
f 910/5/931 916/5/931 915/5/931
f 911/5/922 917/5/922 916/5/922
f 911/5/923 912/5/923 918/5/923
f 912/5/924 907/5/924 913/5/924
f 43/3/20 12/3/20 16/3/20
f 70/3/20 7/3/20 42/3/20
f 7/3/20 44/3/20 42/3/20
f 41/3/20 43/3/20 16/3/20
f 70/3/20 42/3/20 41/3/20
f 926/2/373 927/2/373 930/2/373
f 927/2/353 928/2/353 930/2/353
f 928/2/353 929/2/353 930/2/353
f 917/5/373 918/5/373 923/5/373
f 918/5/353 924/5/353 923/5/353
f 919/5/353 913/5/353 920/5/353
f 913/5/373 914/5/373 920/5/373
f 916/5/373 917/5/373 923/5/373
f 916/5/353 923/5/353 922/5/353
f 920/5/373 914/5/373 915/5/373
f 916/5/353 922/5/353 921/5/353
f 921/5/353 920/5/353 915/5/353
f 918/5/353 913/5/353 919/5/353
f 919/2/926 920/2/926 926/2/926
f 921/2/932 927/2/932 926/2/932
f 922/2/366 928/2/366 927/2/366
f 923/2/933 929/2/933 928/2/933
f 924/2/934 930/2/934 929/2/934
f 919/2/935 925/2/935 930/2/935
f 932/5/936 938/5/936 937/5/936
f 932/5/937 933/5/937 939/5/937
f 934/5/931 940/5/931 939/5/931
f 935/5/922 941/5/922 940/5/922
f 935/5/938 936/5/938 942/5/938
f 936/5/939 931/5/939 937/5/939
f 211/2/96 212/2/96 213/2/96
f 213/2/72 214/2/72 215/2/72
f 215/2/72 216/2/72 211/2/72
f 950/2/373 951/2/373 954/2/373
f 951/2/353 952/2/353 954/2/353
f 952/2/353 953/2/353 954/2/353
f 940/5/373 941/5/373 947/5/373
f 940/5/353 947/5/353 946/5/353
f 948/5/374 942/5/374 943/5/374
f 942/5/353 937/5/353 943/5/353
f 939/5/353 940/5/353 945/5/353
f 940/5/373 946/5/373 945/5/373
f 943/5/353 937/5/353 944/5/353
f 937/5/373 938/5/373 944/5/373
f 939/5/353 945/5/353 944/5/353
f 1780/3/221 1760/3/221 1743/3/221
f 942/5/353 948/5/353 947/5/353
f 943/2/940 944/2/940 950/2/940
f 945/2/941 951/2/941 950/2/941
f 946/2/942 952/2/942 951/2/942
f 947/2/943 953/2/943 952/2/943
f 948/2/944 954/2/944 953/2/944
f 943/2/385 949/2/385 954/2/385
f 956/8/309 958/8/309 957/8/309
f 958/7/310 960/7/310 959/7/310
f 959/8/311 960/8/311 962/8/311
f 962/8/312 956/8/312 955/8/312
f 956/8/945 962/8/945 960/8/945
f 955/8/946 957/8/946 959/8/946
f 964/5/315 966/5/315 965/5/315
f 966/5/316 968/5/316 967/5/316
f 967/5/317 968/5/317 970/5/317
f 964/5/947 970/5/947 968/5/947
f 963/5/905 965/5/905 967/5/905
f 972/5/315 974/5/315 973/5/315
f 974/5/316 976/5/316 975/5/316
f 975/5/317 976/5/317 978/5/317
f 972/5/903 978/5/903 976/5/903
f 971/5/904 973/5/904 975/5/904
f 980/5/315 982/5/315 981/5/315
f 982/5/316 984/5/316 983/5/316
f 983/5/317 984/5/317 986/5/317
f 980/5/903 986/5/903 984/5/903
f 979/5/904 981/5/904 983/5/904
f 988/5/315 990/5/315 989/5/315
f 990/5/316 992/5/316 991/5/316
f 991/5/317 992/5/317 994/5/317
f 988/5/903 994/5/903 992/5/903
f 987/5/948 989/5/948 991/5/948
f 995/8/906 997/8/906 996/8/906
f 997/8/907 1004/8/907 1002/8/907
f 998/8/324 999/8/324 1001/8/324
f 1003/8/949 996/8/949 1002/8/949
f 1004/8/910 999/8/910 998/8/910
f 1000/8/950 1003/8/950 1002/8/950
f 1004/8/951 995/8/951 1001/8/951
f 1006/8/329 1008/8/329 1007/8/329
f 1008/8/330 1014/8/330 1015/8/330
f 1009/8/331 1010/8/331 1016/8/331
f 1006/8/339 1016/8/339 1014/8/339
f 1005/8/916 1007/8/916 1015/8/916
f 1012/8/334 1010/8/334 1009/8/334
f 1014/8/337 1012/8/337 1013/8/337
f 1018/8/340 1020/8/340 1019/8/340
f 1020/8/907 1025/8/907 1024/8/907
f 1021/8/341 1022/8/341 1026/8/341
f 1018/8/952 1026/8/952 1025/8/952
f 1017/8/953 1019/8/953 1024/8/953
f 1025/8/910 1022/8/910 1021/8/910
f 1028/8/329 1030/8/329 1029/8/329
f 1030/8/330 1036/8/330 1037/8/330
f 1032/8/331 1038/8/331 1033/8/331
f 1028/8/954 1038/8/954 1036/8/954
f 1027/8/955 1029/8/955 1037/8/955
f 1034/8/334 1032/8/334 1031/8/334
f 1036/8/337 1034/8/337 1035/8/337
f 1039/8/956 1065/8/956 1066/8/956
f 54/1/957 14/1/957 11/1/957
f 11/1/958 1/1/958 54/1/958
f 1063/8/959 1064/8/959 1045/8/959
f 1045/8/405 1064/8/405 1065/8/405
f 1064/8/405 1056/8/405 1065/8/405
f 1056/8/405 1046/8/405 1040/8/405
f 1040/8/405 1057/8/405 1056/8/405
f 1057/8/405 1065/8/405 1056/8/405
f 1040/8/406 1046/8/406 1044/8/406
f 1039/8/407 1041/8/407 1043/8/407
f 1051/8/408 1068/8/408 1069/8/408
f 1068/8/408 1060/8/408 1069/8/408
f 1060/8/408 1052/8/408 1053/8/408
f 1053/8/408 1061/8/408 1060/8/408
f 1061/8/408 1069/8/408 1060/8/408
f 1067/7/960 1068/7/960 1051/7/960
f 1048/7/410 1049/7/410 1053/7/410
f 1070/7/961 1050/7/961 1054/7/961
f 1047/7/412 1051/7/412 1054/7/412
f 1055/8/962 1044/8/962 1046/8/962
f 1058/8/963 1057/8/963 1040/8/963
f 1059/7/964 1048/7/964 1052/7/964
f 1098/3/447 1073/3/447 1083/3/447
f 1073/3/447 1075/3/447 1083/3/447
f 1062/7/965 1061/7/965 1053/7/965
f 1063/8/418 1055/8/418 1056/8/418
f 1066/8/419 1065/8/419 1057/8/419
f 1067/7/966 1059/7/966 1060/7/966
f 1070/7/421 1069/7/421 1061/7/421
f 1062/7/224 1055/7/224 1063/7/224
f 507/5/803 501/5/803 496/5/803
f 496/5/97 497/5/97 502/5/97
f 497/5/128 503/5/128 502/5/128
f 1114/3/416 1075/3/416 1077/3/416
f 1114/3/416 1077/3/416 1115/3/416
f 1077/3/447 1071/3/447 1078/3/447
f 1115/3/416 1077/3/416 1078/3/416
f 1072/3/447 1076/3/447 1079/3/447
f 1076/3/416 1074/3/416 1080/3/416
f 1079/3/416 1076/3/416 1080/3/416
f 1074/3/447 1112/3/447 1082/3/447
f 1112/3/447 1098/3/447 1082/3/447
f 1078/3/447 1071/3/447 1079/3/447
f 1071/3/447 1072/3/447 1079/3/447
f 1083/3/447 1082/3/447 1098/3/447
f 1082/3/416 1081/3/416 1074/3/416
f 1097/2/967 1095/2/967 1092/2/967
f 1091/2/968 1086/2/968 1087/2/968
f 1096/2/969 1097/2/969 1092/2/969
f 1091/2/970 1087/2/970 1090/2/970
f 1087/2/971 1088/2/971 1090/2/971
f 1096/2/972 1092/2/972 1093/2/972
f 1092/2/423 1091/2/423 1093/2/423
f 1093/2/973 1094/2/973 1096/2/973
f 1088/2/974 1089/2/974 1090/2/974
f 1085/5/416 1114/5/416 1115/5/416
f 1082/5/975 1087/5/975 1086/5/975
f 1079/5/976 1097/5/976 1096/5/976
f 1083/5/434 1114/5/434 1089/5/434
f 1085/5/977 1090/5/977 1089/5/977
f 1084/5/978 1081/5/978 1086/5/978
f 1084/5/979 1091/5/979 1092/5/979
f 1085/5/980 1113/5/980 1093/5/980
f 1113/5/981 1115/5/981 1094/5/981
f 1116/5/982 1092/5/982 1095/5/982
f 1079/5/983 1080/5/983 1095/5/983
f 1078/5/984 1096/5/984 1094/5/984
f 1088/5/435 1087/5/435 1083/5/435
f 1112/5/416 1100/5/416 1099/5/416
f 1073/3/436 1098/3/436 1103/3/436
f 1077/3/985 1104/3/985 1101/3/985
f 1076/3/986 1072/3/986 1105/3/986
f 1074/3/987 1107/3/987 1108/3/987
f 1075/3/988 1073/3/988 1102/3/988
f 1107/3/441 1074/3/441 1076/3/441
f 1109/3/442 1104/3/442 1077/3/442
f 1098/3/989 1099/3/989 1110/3/989
f 1100/3/444 1112/3/444 1108/3/444
f 1100/3/445 1111/3/445 1110/3/445
f 1116/5/416 1080/5/416 1081/5/416
f 1117/2/446 1118/2/446 1120/2/446
f 1120/2/990 1122/2/990 1121/2/990
f 1122/2/425 1124/2/425 1123/2/425
f 1118/2/448 1124/2/448 1122/2/448
f 1117/2/449 1119/2/449 1121/2/449
f 1126/2/991 1128/2/991 1127/2/991
f 1128/2/447 1130/2/447 1129/2/447
f 1129/2/451 1130/2/451 1132/2/451
f 1126/2/452 1132/2/452 1130/2/452
f 1125/2/453 1127/2/453 1129/2/453
f 1133/2/446 1134/2/446 1136/2/446
f 1136/2/447 1138/2/447 1137/2/447
f 1138/2/425 1140/2/425 1139/2/425
f 1134/2/448 1140/2/448 1138/2/448
f 1133/2/449 1135/2/449 1137/2/449
f 1142/2/991 1144/2/991 1143/2/991
f 1144/2/447 1146/2/447 1145/2/447
f 1146/2/992 1148/2/992 1147/2/992
f 1142/2/454 1148/2/454 1146/2/454
f 1141/2/453 1143/2/453 1145/2/453
f 1163/2/60 1164/2/60 1165/2/60
f 1150/5/455 1151/5/455 1155/5/455
f 1152/5/993 1156/5/993 1155/5/993
f 1153/5/457 1157/5/457 1156/5/457
f 1153/5/458 1150/5/458 1154/5/458
f 1154/5/994 1155/5/994 1159/5/994
f 1156/5/995 1160/5/995 1159/5/995
f 1157/5/461 1161/5/461 1160/5/461
f 1157/5/996 1154/5/996 1158/5/996
f 1159/2/463 1163/2/463 1162/2/463
f 1160/2/464 1164/2/464 1163/2/464
f 1160/2/465 1161/2/465 1165/2/465
f 1161/2/466 1158/2/466 1162/2/466
f 1177/7/60 1179/7/60 1180/7/60
f 113/3/47 115/3/47 77/3/47
f 86/3/47 82/3/47 114/3/47
f 86/3/47 114/3/47 112/3/47
f 113/3/47 77/3/47 140/3/47
f 86/3/47 112/3/47 140/3/47
f 1167/7/60 1176/7/60 1175/7/60
f 1173/3/467 1177/3/467 1178/3/467
f 1175/3/47 1179/3/47 1177/3/47
f 1176/3/468 1180/3/468 1179/3/468
f 1176/3/20 1174/3/20 1178/3/20
f 1167/5/469 1188/5/469 1187/5/469
f 1169/3/467 1181/3/467 1182/3/467
f 1172/3/468 1184/3/468 1183/3/468
f 1149/5/997 1168/5/997 1187/5/997
f 1187/5/997 1185/5/997 1149/5/997
f 1186/5/470 1166/5/470 1149/5/470
f 1167/5/471 1166/5/471 1186/5/471
f 1209/2/472 1210/2/472 1212/2/472
f 1207/4/472 1194/4/472 1197/4/472
f 1196/4/472 1195/4/472 1190/4/472
f 1195/4/472 1202/4/472 1190/4/472
f 1207/4/472 1197/4/472 1190/4/472
f 1197/4/472 1196/4/472 1190/4/472
f 1202/4/472 1206/4/472 1190/4/472
f 1206/4/472 1205/4/472 1190/4/472
f 1205/4/472 1199/4/472 1208/4/472
f 1190/4/472 1205/4/472 1208/4/472
f 1189/4/472 1208/4/472 1198/4/472
f 1198/4/472 1208/4/472 1192/4/472
f 1191/4/472 1192/4/472 1208/4/472
f 1198/4/472 1193/4/472 1189/4/472
f 1193/4/472 1200/4/472 1189/4/472
f 1200/4/472 1203/4/472 1189/4/472
f 1203/4/472 1204/4/472 1189/4/472
f 1204/4/472 1201/4/472 1207/4/472
f 1189/4/472 1204/4/472 1207/4/472
f 1168/7/60 1170/7/60 1172/7/60
f 1190/5/473 1212/5/473 1210/5/473
f 1208/5/474 1189/5/474 1209/5/474
f 1259/4/20 1249/4/20 1246/4/20
f 1207/5/475 1210/5/475 1209/5/475
f 1190/5/476 1208/5/476 1211/5/476
f 1196/4/477 1197/4/477 1214/4/477
f 1192/4/478 1215/4/478 1216/4/478
f 1191/4/998 1217/4/998 1215/4/998
f 1199/4/485 1218/4/485 1217/4/485
f 1195/4/999 1196/4/999 1213/4/999
f 1202/4/482 1195/4/482 1219/4/482
f 1194/4/1000 1221/4/1000 1214/4/1000
f 1201/4/482 1222/4/482 1221/4/482
f 1193/4/1001 1198/4/1001 1216/4/1001
f 1200/4/480 1193/4/480 1223/4/480
f 1203/4/1002 1200/4/1002 1224/4/1002
f 1204/4/1003 1226/4/1003 1222/4/1003
f 1203/4/488 1225/4/488 1226/4/488
f 1205/4/1004 1227/4/1004 1218/4/1004
f 1206/4/1005 1202/4/1005 1220/4/1005
f 1206/4/491 1228/4/491 1227/4/491
f 1229/2/1006 1230/2/1006 1232/2/1006
f 1232/2/493 1234/2/493 1233/2/493
f 1234/2/494 1236/2/494 1235/2/494
f 1230/2/1007 1236/2/1007 1234/2/1007
f 1229/2/1008 1231/2/1008 1233/2/1008
f 1237/2/497 1238/2/497 1240/2/497
f 1240/2/493 1242/2/493 1241/2/493
f 1242/2/498 1244/2/498 1243/2/498
f 1244/2/1009 1242/2/1009 1240/2/1009
f 1243/2/1010 1237/2/1010 1239/2/1010
f 1248/4/501 1256/4/501 1257/4/501
f 1245/4/47 1257/4/47 1258/4/47
f 1250/4/47 1260/4/47 1256/4/47
f 1251/4/502 1261/4/502 1262/4/502
f 1270/4/503 1260/4/503 1250/4/503
f 1247/4/504 1258/4/504 1263/4/504
f 1263/4/505 1264/4/505 1253/4/505
f 1264/4/506 1255/4/506 1246/4/506
f 1251/4/1011 1249/4/1011 1259/4/1011
f 1252/4/1012 1262/4/1012 1266/4/1012
f 1266/4/509 1268/4/509 1267/4/509
f 1245/4/472 1247/4/472 1246/4/472
f 1247/4/472 1254/4/472 1246/4/472
f 1254/4/472 1253/4/472 1246/4/472
f 1249/4/510 1251/4/510 1269/4/510
f 1251/4/1013 1252/4/1013 1265/4/1013
f 1269/4/472 1251/4/472 1267/4/472
f 1246/4/531 1249/4/531 1248/4/531
f 1248/4/472 1245/4/472 1246/4/472
f 1265/4/472 1267/4/472 1251/4/472
f 1250/4/531 1248/4/531 1249/4/531
f 1268/4/1014 1270/4/1014 1269/4/1014
f 1271/8/512 1272/8/512 1274/8/512
f 1276/8/513 1278/8/513 1277/8/513
f 1278/8/514 1272/8/514 1271/8/514
f 1278/8/1015 1276/8/1015 1274/8/1015
f 1277/8/1016 1271/8/1016 1273/8/1016
f 133/3/10 132/3/10 87/3/10
f 132/3/10 73/3/10 87/3/10
f 140/3/10 77/3/10 135/3/10
f 77/3/10 134/3/10 135/3/10
f 140/3/10 135/3/10 87/3/10
f 1280/5/517 1286/5/517 1285/5/517
f 1281/5/518 1287/5/518 1286/5/518
f 1282/5/519 1288/5/519 1287/5/519
f 1283/5/523 1289/5/523 1288/5/523
f 1284/5/1017 1290/5/1017 1289/5/1017
f 1279/5/522 1285/5/522 1290/5/522
f 1282/5/47 1281/5/47 1284/5/47
f 1281/5/47 1280/5/47 1284/5/47
f 1280/5/47 1279/5/47 1284/5/47
f 1288/5/20 1289/5/20 1290/5/20
f 1290/5/20 1285/5/20 1286/5/20
f 1286/5/20 1287/5/20 1290/5/20
f 1274/7/472 1276/7/472 1275/7/472
f 1274/7/472 1275/7/472 1273/7/472
f 1292/5/523 1294/5/523 1293/5/523
f 1296/5/524 1298/5/524 1297/5/524
f 1292/5/47 1298/5/47 1296/5/47
f 1291/5/20 1293/5/20 1295/5/20
f 1300/5/1018 1302/5/1018 1301/5/1018
f 1301/5/510 1302/5/510 1304/5/510
f 1303/5/1019 1304/5/1019 1306/5/1019
f 1300/5/528 1306/5/528 1304/5/528
f 1299/5/1020 1301/5/1020 1303/5/1020
f 1307/5/1021 1308/5/1021 1310/5/1021
f 1310/5/543 1312/5/543 1311/5/543
f 1311/5/1022 1312/5/1022 1314/5/1022
f 1314/5/1023 1312/5/1023 1310/5/1023
f 1307/5/1024 1309/5/1024 1311/5/1024
f 1315/5/1025 1316/5/1025 1318/5/1025
f 1317/5/510 1318/5/510 1320/5/510
f 1319/5/536 1320/5/536 1322/5/536
f 1316/5/1026 1322/5/1026 1320/5/1026
f 1315/5/534 1317/5/534 1319/5/534
f 1324/5/1027 1326/5/1027 1325/5/1027
f 1326/5/543 1328/5/543 1327/5/543
f 1327/5/1028 1328/5/1028 1330/5/1028
f 1330/5/1029 1328/5/1029 1326/5/1029
f 1323/5/1030 1325/5/1030 1327/5/1030
f 1331/5/1025 1332/5/1025 1334/5/1025
f 1334/5/531 1336/5/531 1335/5/531
f 1335/5/1031 1336/5/1031 1338/5/1031
f 1338/5/1032 1336/5/1032 1334/5/1032
f 1331/5/1033 1333/5/1033 1335/5/1033
f 1340/9/546 1342/9/546 1341/9/546
f 1341/9/547 1342/9/547 1347/9/547
f 1344/9/1034 1346/9/1034 1345/9/1034
f 1347/9/1035 1342/9/1035 1340/9/1035
f 1339/9/1036 1341/9/1036 1348/9/1036
f 1347/9/551 1344/9/551 1343/9/551
f 1345/9/1037 1348/9/1037 1343/9/1037
f 1346/9/553 1340/9/553 1345/9/553
f 12/1/554 19/1/554 18/1/554
f 1353/1/553 1350/1/553 1349/1/553
f 1353/1/1038 1356/1/1038 1355/1/1038
f 1352/1/1039 1349/1/1039 1354/1/1039
f 1352/1/557 1351/1/557 1356/1/557
f 1364/9/553 1358/9/553 1363/9/553
f 1351/5/1040 1354/5/1040 1356/5/1040
f 1355/5/1040 1356/5/1040 1354/5/1040
f 749/7/72 745/7/72 746/7/72
f 750/7/72 749/7/72 746/7/72
f 1358/9/546 1360/9/546 1359/9/546
f 1359/9/547 1360/9/547 1365/9/547
f 1362/9/1034 1364/9/1034 1363/9/1034
f 1403/5/16 1372/5/16 1375/5/16
f 1374/5/16 1373/5/16 1368/5/16
f 1373/5/16 1401/5/16 1368/5/16
f 1404/5/16 1403/5/16 1375/5/16
f 1404/5/16 1375/5/16 1374/5/16
f 1367/5/16 1404/5/16 1374/5/16
f 1402/5/16 1400/5/16 1370/5/16
f 1402/5/16 1370/5/16 1369/5/16
f 1367/5/16 1374/5/16 1371/5/16
f 1368/5/16 1371/5/16 1374/5/16
f 1402/5/16 1369/5/16 1405/5/16
f 1402/5/16 1405/5/16 1401/5/16
f 1365/9/1035 1360/9/1035 1358/9/1035
f 1357/9/1036 1359/9/1036 1366/9/1036
f 1366/9/551 1365/9/551 1362/9/551
f 1363/9/1041 1366/9/1041 1361/9/1041
f 1392/2/16 1415/2/16 1416/2/16
f 1415/2/16 1408/2/16 1416/2/16
f 1408/2/16 1393/2/16 1394/2/16
f 1394/2/16 1409/2/16 1408/2/16
f 1409/2/16 1416/2/16 1408/2/16
f 1397/2/16 1398/2/16 1399/2/16
f 1383/5/16 1380/5/16 1388/5/16
f 1383/5/16 1388/5/16 1391/5/16
f 1389/5/16 1381/5/16 1382/5/16
f 1383/5/16 1391/5/16 1390/5/16
f 1390/5/16 1389/5/16 1382/5/16
f 1368/5/1042 1401/5/1042 1413/5/1042
f 1370/5/559 1378/5/559 1377/5/559
f 1371/5/1043 1379/5/1043 1418/5/1043
f 1368/5/561 1376/5/561 1379/5/561
f 1372/5/562 1373/5/562 1381/5/562
f 1373/5/563 1374/5/563 1382/5/563
f 1375/5/564 1383/5/564 1382/5/564
f 1372/5/565 1380/5/565 1383/5/565
f 1385/5/16 1407/5/16 1377/5/16
f 1407/5/16 1406/5/16 1377/5/16
f 1378/5/16 1411/5/16 1410/5/16
f 1378/5/16 1410/5/16 1386/5/16
f 1378/5/16 1386/5/16 1385/5/16
f 1380/5/16 1381/5/16 1389/5/16
f 1414/5/1044 1415/5/1044 1392/5/1044
f 1385/5/567 1386/5/567 1394/5/567
f 1417/5/1045 1387/5/1045 1395/5/1045
f 1384/5/569 1392/5/569 1395/5/569
f 1389/5/570 1397/5/570 1396/5/570
f 1390/5/571 1398/5/571 1397/5/571
f 1390/5/572 1391/5/572 1399/5/572
f 1391/5/573 1388/5/573 1396/5/573
f 1637/6/574 1635/6/574 1640/6/574
f 1642/6/574 1641/6/574 1632/6/574
f 1637/6/574 1640/6/574 1642/6/574
f 1632/6/574 1633/6/574 1642/6/574
f 1400/5/16 1404/5/16 1412/5/16
f 1404/5/16 1367/5/16 1412/5/16
f 1412/5/16 1370/5/16 1400/5/16
f 1402/5/16 1401/5/16 1403/5/16
f 1406/5/1046 1405/5/1046 1369/5/1046
f 1407/5/1047 1385/5/1047 1393/5/1047
f 758/5/20 759/5/20 760/5/20
f 760/5/20 761/5/20 762/5/20
f 762/5/20 757/5/20 760/5/20
f 1410/5/1048 1409/5/1048 1394/5/1048
f 1400/5/1049 1419/5/1049 1404/5/1049
f 1419/5/1049 1422/5/1049 1404/5/1049
f 1370/5/1050 1412/5/1050 1411/5/1050
f 1401/5/579 1405/5/579 1406/5/579
f 1415/5/580 1414/5/580 1407/5/580
f 1410/5/581 1417/5/581 1416/5/581
f 1367/5/582 1418/5/582 1411/5/582
f 1402/5/583 1420/5/583 1419/5/583
f 1421/5/584 1420/5/584 1403/5/584
f 1403/5/585 1404/5/585 1422/5/585
f 1425/4/1051 1426/4/1051 1467/4/1051
f 1470/4/1052 1424/4/1052 1423/4/1052
f 1424/4/1053 1470/4/1053 1467/4/1053
f 1423/4/1054 1425/4/1054 1468/4/1054
f 1423/4/1055 1424/4/1055 1432/4/1055
f 1424/4/1056 1426/4/1056 1433/4/1056
f 1425/4/1057 1434/4/1057 1433/4/1057
f 1423/4/1058 1431/4/1058 1434/4/1058
f 1428/4/1059 1436/4/1059 1435/4/1059
f 1428/4/1060 1430/4/1060 1437/4/1060
f 1430/4/1061 1429/4/1061 1438/4/1061
f 1427/4/1062 1435/4/1062 1438/4/1062
f 1431/4/1063 1432/4/1063 1440/4/1063
f 1432/4/1064 1433/4/1064 1441/4/1064
f 1434/4/1065 1442/4/1065 1441/4/1065
f 1431/4/1066 1439/4/1066 1442/4/1066
f 1435/4/1067 1436/4/1067 1444/4/1067
f 1437/4/1068 1445/4/1068 1444/4/1068
f 1438/4/1069 1446/4/1069 1445/4/1069
f 1438/4/1070 1435/4/1070 1443/4/1070
f 1448/5/606 1449/5/606 1450/5/606
f 1448/5/1071 1451/5/1071 1452/5/1071
f 1453/5/1072 1454/5/1072 1452/5/1072
f 1453/5/609 1447/5/609 1450/5/609
f 1455/5/610 1456/5/610 1457/5/610
f 1459/5/1073 1460/5/1073 1457/5/1073
f 1459/5/612 1461/5/612 1462/5/612
f 1455/5/613 1458/5/613 1462/5/613
f 1440/5/1074 1448/5/1074 1447/5/1074
f 1454/5/1075 1450/5/1075 1449/5/1075
f 1440/5/1076 1441/5/1076 1451/5/1076
f 1442/5/1077 1453/5/1077 1451/5/1077
f 1442/5/1078 1439/5/1078 1447/5/1078
f 1443/5/1079 1444/5/1079 1456/5/1079
f 1458/5/652 1457/5/652 1460/5/652
f 1445/5/1080 1459/5/1080 1456/5/1080
f 1445/5/1081 1446/5/1081 1461/5/1081
f 1443/5/1082 1455/5/1082 1461/5/1082
f 1463/4/1083 1428/4/1083 1427/4/1083
f 1429/4/1084 1465/4/1084 1464/4/1084
f 1429/4/626 1430/4/626 1466/4/626
f 1463/4/1085 1466/4/1085 1430/4/1085
f 1472/5/1086 1471/5/1086 1473/5/1086
f 1476/5/629 1472/5/629 1474/5/629
f 1477/5/630 1478/5/630 1476/5/630
f 1478/5/1087 1477/5/1087 1473/5/1087
f 1468/5/1088 1467/5/1088 1471/5/1088
f 1464/5/1089 1474/5/1089 1473/5/1089
f 1469/5/1090 1468/5/1090 1472/5/1090
f 1465/5/1091 1475/5/1091 1474/5/1091
f 1465/5/1092 1466/5/1092 1477/5/1092
f 1469/5/1093 1476/5/1093 1478/5/1093
f 1470/5/1094 1478/5/1094 1471/5/1094
f 1466/5/1095 1463/5/1095 1473/5/1095
f 1481/4/1096 1482/4/1096 1523/4/1096
f 1526/4/1052 1480/4/1052 1479/4/1052
f 1480/4/1053 1526/4/1053 1523/4/1053
f 1479/4/1054 1481/4/1054 1524/4/1054
f 1479/4/1097 1480/4/1097 1488/4/1097
f 1480/4/1056 1482/4/1056 1489/4/1056
f 1481/4/1057 1490/4/1057 1489/4/1057
f 1479/4/1058 1487/4/1058 1490/4/1058
f 1484/4/1059 1492/4/1059 1491/4/1059
f 1484/4/1098 1486/4/1098 1493/4/1098
f 1486/4/1061 1485/4/1061 1494/4/1061
f 1483/4/1099 1491/4/1099 1494/4/1099
f 1487/4/1100 1488/4/1100 1496/4/1100
f 1488/4/1101 1489/4/1101 1497/4/1101
f 1490/4/1102 1498/4/1102 1497/4/1102
f 1487/4/1103 1495/4/1103 1498/4/1103
f 1491/4/1104 1492/4/1104 1500/4/1104
f 1493/4/1105 1501/4/1105 1500/4/1105
f 1494/4/1106 1502/4/1106 1501/4/1106
f 1494/4/1070 1491/4/1070 1499/4/1070
f 1504/5/606 1505/5/606 1506/5/606
f 1504/5/1107 1507/5/1107 1508/5/1107
f 1509/5/1072 1510/5/1072 1508/5/1072
f 1509/5/609 1503/5/609 1506/5/609
f 1511/5/1108 1512/5/1108 1513/5/1108
f 1515/5/611 1516/5/611 1513/5/611
f 1515/5/612 1517/5/612 1518/5/612
f 1511/5/613 1514/5/613 1518/5/613
f 1496/5/1074 1504/5/1074 1503/5/1074
f 1510/5/1075 1506/5/1075 1505/5/1075
f 1496/5/1109 1497/5/1109 1507/5/1109
f 1498/5/1110 1509/5/1110 1507/5/1110
f 1498/5/1078 1495/5/1078 1503/5/1078
f 1499/5/1079 1500/5/1079 1512/5/1079
f 1501/5/1111 1515/5/1111 1512/5/1111
f 1516/5/620 1518/5/620 1514/5/620
f 1501/5/1112 1502/5/1112 1517/5/1112
f 1499/5/1082 1511/5/1082 1517/5/1082
f 1519/4/1113 1484/4/1113 1483/4/1113
f 1485/4/1084 1521/4/1084 1520/4/1084
f 1485/4/626 1486/4/626 1522/4/626
f 1519/4/1085 1522/4/1085 1486/4/1085
f 1528/5/1086 1527/5/1086 1529/5/1086
f 1532/5/629 1528/5/629 1530/5/629
f 1533/5/630 1534/5/630 1532/5/630
f 1534/5/1087 1533/5/1087 1529/5/1087
f 1524/5/1114 1523/5/1114 1527/5/1114
f 1520/5/1089 1530/5/1089 1529/5/1089
f 1525/5/1090 1524/5/1090 1528/5/1090
f 1521/5/1091 1531/5/1091 1530/5/1091
f 1521/5/1092 1522/5/1092 1533/5/1092
f 1525/5/1093 1532/5/1093 1534/5/1093
f 1526/5/1115 1534/5/1115 1527/5/1115
f 1522/5/1116 1519/5/1116 1529/5/1116
f 1536/1/656 1538/1/656 1537/1/656
f 1548/7/72 1549/7/72 1550/7/72
f 1539/1/657 1540/1/657 1542/1/657
f 1542/1/79 1536/1/79 1535/1/79
f 1542/1/658 1540/1/658 1538/1/658
f 1541/1/659 1535/1/659 1537/1/659
f 1537/1/72 1538/1/72 1544/1/72
f 1537/1/72 1544/1/72 1543/1/72
f 1545/1/72 1540/1/72 1539/1/72
f 1537/1/72 1543/1/72 1546/1/72
f 1546/1/72 1545/1/72 1539/1/72
f 1538/1/72 1540/1/72 1545/1/72
f 1543/1/660 1544/1/660 1548/1/660
f 1544/1/1117 1545/1/1117 1549/1/1117
f 1546/1/1118 1550/1/1118 1549/1/1118
f 1543/1/1119 1547/1/1119 1550/1/1119
f 1552/1/1120 1554/1/1120 1553/1/1120
f 1564/7/665 1565/7/665 1566/7/665
f 1556/1/666 1558/1/666 1557/1/666
f 1558/1/667 1552/1/667 1551/1/667
f 1558/1/668 1556/1/668 1554/1/668
f 1557/1/669 1551/1/669 1553/1/669
f 1554/1/665 1556/1/665 1561/1/665
f 1560/1/670 1564/1/670 1563/1/670
f 1561/1/671 1565/1/671 1564/1/671
f 1561/1/672 1562/1/672 1566/1/672
f 1562/1/673 1559/1/673 1563/1/673
f 1568/1/674 1570/1/674 1569/1/674
f 1580/7/72 1581/7/72 1582/7/72
f 1571/1/675 1572/1/675 1574/1/675
f 1574/1/79 1568/1/79 1567/1/79
f 1574/1/1121 1572/1/1121 1570/1/1121
f 1573/1/677 1567/1/677 1569/1/677
f 1569/1/96 1570/1/96 1576/1/96
f 1571/1/804 1569/1/804 1575/1/804
f 1571/1/72 1575/1/72 1578/1/72
f 1576/1/803 1570/1/803 1572/1/803
f 1571/1/72 1578/1/72 1577/1/72
f 1577/1/72 1576/1/72 1572/1/72
f 1575/1/678 1576/1/678 1580/1/678
f 1577/1/679 1581/1/679 1580/1/679
f 1578/1/680 1582/1/680 1581/1/680
f 1578/1/681 1575/1/681 1579/1/681
f 1584/1/682 1586/1/682 1585/1/682
f 1596/7/665 1597/7/665 1598/7/665
f 1587/1/683 1588/1/683 1590/1/683
f 1590/1/667 1584/1/667 1583/1/667
f 1590/1/684 1588/1/684 1586/1/684
f 1589/1/685 1583/1/685 1585/1/685
f 73/3/20 74/3/20 84/3/20
f 84/3/20 81/3/20 73/3/20
f 81/3/20 85/3/20 87/3/20
f 1587/1/665 1585/1/665 1591/1/665
f 1592/1/686 1596/1/686 1595/1/686
f 1592/1/1122 1593/1/1122 1597/1/1122
f 1593/1/688 1594/1/688 1598/1/688
f 1591/1/689 1595/1/689 1598/1/689
f 1599/1/690 1600/1/690 1602/1/690
f 1612/7/49 1613/7/49 1614/7/49
f 1604/1/691 1606/1/691 1605/1/691
f 1606/1/692 1600/1/692 1599/1/692
f 1606/1/693 1604/1/693 1602/1/693
f 1605/1/694 1599/1/694 1601/1/694
f 1602/1/695 1608/1/695 1607/1/695
f 1588/1/1123 1587/1/1123 1593/1/1123
f 1587/1/1123 1594/1/1123 1593/1/1123
f 1591/1/1123 1585/1/1123 1592/1/1123
f 1585/1/1123 1586/1/1123 1592/1/1123
f 1588/1/665 1593/1/665 1592/1/665
f 1608/1/696 1612/1/696 1611/1/696
f 1608/1/1124 1609/1/1124 1613/1/1124
f 1610/1/698 1614/1/698 1613/1/698
f 1607/1/1125 1611/1/1125 1614/1/1125
f 1629/2/574 1630/2/574 1631/2/574
f 1615/6/1126 1616/6/1126 1619/6/1126
f 1616/5/700 1617/5/700 1621/5/700
f 1617/5/1127 1618/5/1127 1622/5/1127
f 1619/5/1128 1623/5/1128 1622/5/1128
f 1616/5/703 1620/5/703 1623/5/703
f 1620/5/704 1621/5/704 1625/5/704
f 1622/5/705 1626/5/705 1625/5/705
f 1623/5/706 1627/5/706 1626/5/706
f 1623/5/707 1620/5/707 1624/5/707
f 1625/2/708 1629/2/708 1628/2/708
f 1625/2/1129 1626/2/1129 1630/2/1129
f 1626/2/710 1627/2/710 1631/2/710
f 1624/2/1130 1628/2/1130 1631/2/1130
f 1643/7/574 1645/7/574 1646/7/574
f 1647/7/574 1649/7/574 1650/7/574
f 1634/6/574 1615/6/574 1635/6/574
f 1615/6/574 1619/6/574 1618/6/574
f 1635/6/1131 1615/6/1131 1618/6/1131
f 1637/6/574 1633/6/574 1638/6/574
f 1617/6/574 1616/6/574 1640/6/574
f 1616/6/1132 1615/6/1132 1639/6/1132
f 1615/6/574 1632/6/574 1641/6/574
f 1615/6/1133 1641/6/1133 1639/6/1133
f 1616/6/574 1639/6/574 1640/6/574
f 1636/6/574 1638/6/574 1634/6/574
f 1638/6/574 1633/6/574 1634/6/574
f 1617/6/1134 1640/6/1134 1635/6/1134
f 1618/6/1135 1617/6/1135 1635/6/1135
f 1553/1/1123 1554/1/1123 1560/1/1123
f 1553/1/1123 1560/1/1123 1559/1/1123
f 1561/1/665 1556/1/665 1555/1/665
f 1553/1/665 1559/1/665 1562/1/665
f 1562/1/665 1561/1/665 1555/1/665
f 52/1/98 49/1/98 46/1/98
f 53/1/98 45/1/98 48/1/98
f 52/1/98 46/1/98 53/1/98
f 1761/3/117 1760/3/117 1780/3/117
f 1639/8/712 1643/8/712 1644/8/712
f 1639/8/47 1641/8/47 1645/8/47
f 1642/8/713 1646/8/713 1645/8/713
f 1640/8/20 1644/8/20 1646/8/20
f 1635/8/47 1637/8/47 1649/8/47
f 1635/8/712 1647/8/712 1648/8/712
f 1638/8/713 1650/8/713 1649/8/713
f 1650/8/20 1638/8/20 1636/8/20
f 1654/3/714 1653/3/714 1634/3/714
f 1661/1/715 1655/1/715 1656/1/715
f 1662/1/716 1658/1/716 1660/1/716
f 1659/1/33 1660/1/33 1656/1/33
f 1656/1/717 1660/1/717 1658/1/717
f 1655/1/718 1661/1/718 1662/1/718
f 1633/3/719 1632/3/719 1652/3/719
f 1652/3/720 1632/3/720 1615/3/720
f 1661/5/16 1657/5/16 1658/5/16
f 1664/5/1136 1670/5/1136 1669/5/1136
f 1665/5/1137 1671/5/1137 1670/5/1137
f 1666/5/723 1672/5/723 1671/5/723
f 1666/5/1138 1667/5/1138 1673/5/1138
f 1667/5/1139 1668/5/1139 1674/5/1139
f 1668/5/726 1663/5/726 1669/5/726
f 1683/2/16 1684/2/16 1685/2/16
f 1685/2/16 1686/2/16 1683/2/16
f 1686/2/16 1681/2/16 1683/2/16
f 200/5/96 201/5/96 206/5/96
f 201/5/96 207/5/96 206/5/96
f 206/5/128 205/5/128 200/5/128
f 1674/5/16 1669/5/16 1675/5/16
f 1674/5/16 1675/5/16 1680/5/16
f 1677/5/16 1671/5/16 1672/5/16
f 1678/5/16 1677/5/16 1672/5/16
f 1673/5/16 1674/5/16 1680/5/16
f 1679/5/16 1678/5/16 1673/5/16
f 1678/5/16 1672/5/16 1673/5/16
f 1675/2/1140 1676/2/1140 1682/2/1140
f 1676/2/1141 1677/2/1141 1683/2/1141
f 1678/2/729 1684/2/729 1683/2/729
f 1679/2/1142 1685/2/1142 1684/2/1142
f 1679/2/1143 1680/2/1143 1686/2/1143
f 1680/2/732 1675/2/732 1681/2/732
f 1687/2/133 1688/2/133 1690/2/133
f 1690/2/96 1692/2/96 1691/2/96
f 1692/2/134 1694/2/134 1693/2/134
f 1688/2/827 1694/2/827 1692/2/827
f 1687/2/828 1689/2/828 1691/2/828
f 1696/2/137 1698/2/137 1697/2/137
f 1698/2/96 1700/2/96 1699/2/96
f 1700/2/138 1702/2/138 1701/2/138
f 1696/2/139 1702/2/139 1700/2/139
f 1695/2/140 1697/2/140 1699/2/140
f 1704/2/141 1706/2/141 1705/2/141
f 1706/2/72 1708/2/72 1707/2/72
f 1707/2/142 1708/2/142 1710/2/142
f 1710/2/830 1708/2/830 1706/2/830
f 1709/2/144 1703/2/144 1705/2/144
f 1712/2/733 1714/2/733 1713/2/733
f 1714/2/72 1716/2/72 1715/2/72
f 1715/2/734 1716/2/734 1718/2/734
f 1718/2/1144 1716/2/1144 1714/2/1144
f 1717/2/1145 1711/2/1145 1713/2/1145
f 1720/2/737 1722/2/737 1721/2/737
f 1722/2/96 1724/2/96 1723/2/96
f 1723/2/738 1724/2/738 1726/2/738
f 1726/2/1146 1724/2/1146 1722/2/1146
f 1725/2/740 1719/2/740 1721/2/740
f 1727/2/741 1728/2/741 1730/2/741
f 1730/2/72 1732/2/72 1731/2/72
f 1732/2/742 1734/2/742 1733/2/742
f 1734/2/1147 1732/2/1147 1730/2/1147
f 1733/2/155 1727/2/155 1729/2/155
f 1736/8/86 1738/8/86 1737/8/86
f 1738/7/96 1740/7/96 1739/7/96
f 1740/8/87 1742/8/87 1741/8/87
f 1742/8/79 1736/8/79 1735/8/79
f 1736/8/797 1742/8/797 1740/8/797
f 1735/8/240 1737/8/240 1739/8/240
f 1757/2/5 1758/2/5 1759/2/5
f 1744/5/744 1745/5/744 1749/5/744
f 1746/5/745 1750/5/745 1749/5/745
f 1747/5/746 1751/5/746 1750/5/746
f 1747/5/747 1744/5/747 1748/5/747
f 1749/5/748 1753/5/748 1752/5/748
f 1750/5/749 1754/5/749 1753/5/749
f 1751/5/750 1755/5/750 1754/5/750
f 1748/5/751 1752/5/751 1755/5/751
f 1753/2/752 1757/2/752 1756/2/752
f 1753/2/753 1754/2/753 1758/2/753
f 1754/2/754 1755/2/754 1759/2/754
f 1752/2/755 1756/2/755 1759/2/755
f 1771/7/5 1773/7/5 1774/7/5
f 1775/7/5 1777/7/5 1778/7/5
f 1744/6/5 1743/6/5 1767/6/5
f 1767/6/5 1768/6/5 1744/6/5
f 1784/3/756 1802/3/756 1822/3/756
f 1822/3/756 1820/3/756 1784/3/756
f 1762/3/756 1781/3/756 1779/3/756
f 1767/8/33 1771/8/33 1772/8/33
f 1769/8/47 1773/8/47 1771/8/47
f 1770/8/16 1774/8/16 1773/8/16
f 1768/8/20 1772/8/20 1774/8/20
f 1763/8/47 1765/8/47 1777/8/47
f 1763/8/33 1775/8/33 1776/8/33
f 1766/8/16 1778/8/16 1777/8/16
f 1776/8/20 1778/8/20 1766/8/20
f 1768/6/5 1770/6/5 1765/6/5
f 1769/6/5 1767/6/5 1743/6/5
f 1769/6/5 1743/6/5 1760/6/5
f 1760/6/5 1761/6/5 1770/6/5
f 1761/6/5 1765/6/5 1770/6/5
f 1765/6/5 1763/6/5 1768/6/5
f 1781/3/757 1762/3/757 1761/3/757
f 1798/2/5 1799/2/5 1800/2/5
f 1783/6/5 1808/6/5 1785/6/5
f 1788/6/5 1783/6/5 1785/6/5
f 1809/6/5 1784/6/5 1786/6/5
f 1784/6/5 1787/6/5 1786/6/5
f 1809/6/5 1786/6/5 1785/6/5
f 1784/6/5 1783/6/5 1788/6/5
f 1785/5/744 1786/5/744 1790/5/744
f 1787/5/745 1791/5/745 1790/5/745
f 1788/5/746 1792/5/746 1791/5/746
f 1788/5/747 1785/5/747 1789/5/747
f 1789/5/748 1790/5/748 1794/5/748
f 1791/5/749 1795/5/749 1794/5/749
f 1791/5/750 1792/5/750 1796/5/750
f 1789/5/751 1793/5/751 1796/5/751
f 1794/2/752 1798/2/752 1797/2/752
f 1794/2/753 1795/2/753 1799/2/753
f 1795/2/754 1796/2/754 1800/2/754
f 1793/2/755 1797/2/755 1800/2/755
f 1812/7/5 1814/7/5 1815/7/5
f 1816/7/5 1818/7/5 1819/7/5
f 1806/6/5 1804/6/5 1809/6/5
f 1804/6/5 1784/6/5 1809/6/5
f 1809/6/5 1811/6/5 1806/6/5
f 1810/6/5 1808/6/5 1783/6/5
f 1810/6/5 1783/6/5 1801/6/5
f 1811/6/5 1810/6/5 1801/6/5
f 1803/6/5 1802/6/5 1807/6/5
f 1802/6/5 1805/6/5 1807/6/5
f 1811/6/5 1801/6/5 1803/6/5
f 1803/6/5 1807/6/5 1806/6/5
f 1784/6/5 1804/6/5 1805/6/5
f 500/5/96 501/5/96 506/5/96
f 501/5/96 507/5/96 506/5/96
f 503/5/96 497/5/96 498/5/96
f 504/5/96 503/5/96 498/5/96
f 499/5/96 500/5/96 506/5/96
f 505/5/804 504/5/804 499/5/804
f 504/5/803 498/5/803 499/5/803
f 1808/8/33 1812/8/33 1813/8/33
f 1810/8/47 1814/8/47 1812/8/47
f 1811/8/16 1815/8/16 1814/8/16
f 1809/8/20 1813/8/20 1815/8/20
f 1804/8/47 1806/8/47 1818/8/47
f 1804/8/33 1816/8/33 1817/8/33
f 1807/8/16 1819/8/16 1818/8/16
f 1817/8/20 1819/8/20 1807/8/20
f 19/1/5 89/1/5 88/1/5
f 1822/3/757 1802/3/757 1803/3/757
