# Blender 5.2.2 LTS
# www.blender.org
mtllib ruins_beacon_cipher.mtl
o piece
v 1.025543 -1.034360 0.256083
v -1.144223 -2.350000 -2.762400
v -1.144223 -1.850000 -2.762400
v 1.144224 -2.350000 -2.762400
v 1.144224 -1.850000 -2.762400
v 2.762400 -2.350000 -1.144223
v 2.762400 -1.850000 -1.144223
v 2.762400 -2.350000 1.144224
v 2.762400 -1.850000 1.144224
v 1.144223 -2.350000 2.762400
v 1.144223 -1.850000 2.762400
v -1.144224 -2.350000 2.762400
v -1.144224 -1.850000 2.762400
v -2.762400 -2.350000 1.144223
v -2.762400 -1.850000 1.144223
v -2.762400 -2.350000 -1.144224
v -2.762400 -1.850000 -1.144224
v -0.945228 -1.850000 -2.281983
v -0.945228 -1.550000 -2.281983
v 0.945228 -1.850000 -2.281982
v 0.945228 -1.550000 -2.281982
v 2.281983 -1.850000 -0.945228
v 2.281983 -1.550000 -0.945228
v 2.281982 -1.850000 0.945228
v 2.281982 -1.550000 0.945228
v 0.945228 -1.850000 2.281983
v 0.945228 -1.550000 2.281983
v -0.945228 -1.850000 2.281982
v -0.945228 -1.550000 2.281982
v -2.281983 -1.850000 0.945228
v -2.281983 -1.550000 0.945228
v -2.281982 -1.850000 -0.945228
v -2.281982 -1.550000 -0.945228
v -0.417890 -1.850000 -1.008876
v -0.417890 2.350000 -1.008876
v 0.417890 -1.850000 -1.008876
v 0.417890 2.350000 -1.008876
v 1.008876 -1.850000 -0.417890
v 1.008876 2.350000 -0.417890
v 1.008876 -1.850000 0.417890
v 1.008876 2.350000 0.417890
v 0.417890 -1.850000 1.008876
v 0.417890 2.350000 1.008876
v -0.417890 -1.850000 1.008876
v -0.417890 2.350000 1.008876
v -1.008876 -1.850000 0.417890
v -1.008876 2.350000 0.417890
v -1.008876 -1.850000 -0.417890
v -1.008876 2.350000 -0.417890
v 1.008876 -0.565640 0.256083
v 1.058876 -0.565640 0.256083
v 1.008876 -1.034360 0.202593
v 1.058876 -1.034360 0.202593
v 1.008876 -0.565640 0.202593
v 1.058876 -0.565640 0.202593
v 1.025543 -0.967361 0.270793
v 1.008876 -0.913871 0.270793
v 1.058876 -0.913871 0.270793
v 1.008876 -0.967361 0.063519
v 1.058876 -0.967361 0.063519
v 1.025543 -0.913871 0.063519
v 1.033876 -0.935789 0.287375
v 1.008876 -0.894813 0.321758
v 1.058876 -0.894813 0.321758
v 1.008876 -0.705187 0.012554
v 1.058876 -0.705187 0.012554
v 1.033876 -0.664211 0.046937
v 1.008876 -0.826745 -0.063519
v 1.058876 -0.826745 -0.063519
v 1.008876 -0.773255 -0.063519
v 1.058876 -0.773255 -0.063519
v 1.008876 -0.826745 -0.270793
v 1.058876 -0.826745 -0.270793
v 1.008876 -0.773255 -0.270793
v 1.058876 -0.773255 -0.270793
v 1.025543 -0.686129 -0.094610
v 1.042210 -0.632639 -0.094610
v 1.042210 -0.686129 -0.239702
v 1.025543 -0.632639 -0.239702
v 1.025543 -0.940616 -0.202593
v 1.008876 -0.659384 -0.202593
v 1.058876 -0.659384 -0.202593
v 1.042210 -0.940616 -0.256083
v 1.025543 -0.659384 -0.256083
v 1.008876 -0.705187 -0.012554
v 1.058876 -0.705187 -0.012554
v 1.033876 -0.664211 -0.046937
v 1.033876 -0.935789 -0.287375
v 1.008876 -0.894813 -0.321758
v 1.058876 -0.894813 -0.321758
v 1.025543 0.120136 0.229338
v 1.008876 0.173627 0.229338
v 1.058876 0.173627 0.229338
v 1.008876 0.120136 0.104974
v 1.058876 0.120136 0.104974
v 1.008876 0.173627 0.104974
v 1.058876 0.173627 0.104974
v 1.008876 0.326373 0.229338
v 1.058876 0.326373 0.229338
v 1.008876 0.379864 0.229338
v 1.058876 0.379864 0.229338
v 1.008876 0.326373 0.104974
v 1.058876 0.326373 0.104974
v 1.008876 0.379864 0.104974
v 1.058876 0.379864 0.104974
v 1.008876 0.015640 0.131719
v 1.058876 0.015640 0.131719
v 1.008876 0.484360 0.131719
v 1.058876 0.484360 0.131719
v 1.008876 0.015640 0.078229
v 1.058876 0.015640 0.078229
v 1.008876 0.484360 0.078229
v 1.058876 0.484360 0.078229
v 1.008876 0.015640 -0.202593
v 1.058876 0.015640 -0.202593
v 1.008876 0.484360 -0.202593
v 1.058876 0.484360 -0.202593
v 1.008876 0.015640 -0.256083
v 1.058876 0.015640 -0.256083
v 1.008876 0.484360 -0.256083
v 1.058876 0.484360 -0.256083
v 1.025543 0.352153 -0.110156
v 1.042210 0.405643 -0.110156
v 1.042210 0.352153 -0.224156
v 1.025543 0.405643 -0.224156
v 1.025543 0.094357 -0.110156
v 1.042210 0.147847 -0.110156
v 1.042210 0.094357 -0.224156
v 1.025543 0.147847 -0.224156
v 1.008876 0.121102 -0.197411
v 1.058876 0.121102 -0.197411
v 1.008876 0.378898 -0.197411
v 1.058876 0.378898 -0.197411
v 1.008876 0.121102 -0.250901
v 1.058876 0.121102 -0.250901
v 1.008876 0.378898 -0.250901
v 1.058876 0.378898 -0.250901
v 1.008876 0.121102 -0.083411
v 1.058876 0.121102 -0.083411
v 1.008876 0.378898 -0.083411
v 1.058876 0.378898 -0.083411
v 1.008876 0.121102 -0.136901
v 1.058876 0.121102 -0.136901
v 1.008876 0.378898 -0.136901
v 1.058876 0.378898 -0.136901
v 1.025543 1.402153 0.224156
v 1.042210 1.455643 0.224156
v 1.042210 1.402153 0.110156
v 1.025543 1.455643 0.110156
v 1.025543 1.144357 0.224156
v 1.042210 1.197847 0.224156
v 1.042210 1.144357 0.110156
v 1.025543 1.197847 0.110156
v 1.025543 1.171102 0.136901
v 1.042210 1.428898 0.136901
v 1.042210 1.171102 0.083411
v 1.025543 1.428898 0.083411
v 1.025543 1.171102 0.250901
v 1.042210 1.428898 0.250901
v 1.042210 1.171102 0.197411
v 1.025543 1.428898 0.197411
v 1.025543 1.413871 0.239702
v 1.008876 1.467361 0.239702
v 1.058876 1.467361 0.239702
v 1.042210 1.413871 0.094610
v 1.025543 1.467361 0.094610
v 1.025543 1.159384 0.131719
v 1.042210 1.440616 0.131719
v 1.042210 1.159384 0.078229
v 1.025543 1.440616 0.078229
v 1.025543 1.170137 0.229338
v 1.008876 1.223627 0.229338
v 1.058876 1.223627 0.229338
v 1.008876 1.170137 0.104974
v 1.058876 1.170137 0.104974
v 1.008876 1.223627 0.104974
v 1.058876 1.223627 0.104974
v 1.008876 1.376374 0.229338
v 1.058876 1.376374 0.229338
v 1.008876 1.429864 0.229338
v 1.058876 1.429864 0.229338
v 1.008876 1.376374 0.104974
v 1.058876 1.376374 0.104974
v 1.008876 1.429864 0.104974
v 1.058876 1.429864 0.104974
v 1.025543 1.402153 -0.110156
v 1.042210 1.455643 -0.110156
v 1.042210 1.402153 -0.224156
v 1.025543 1.455643 -0.224156
v 1.025543 1.144357 -0.110156
v 1.042210 1.197847 -0.110156
v 1.042210 1.144357 -0.224156
v 1.025543 1.197847 -0.224156
v 1.008876 1.171102 -0.197411
v 1.058876 1.171102 -0.197411
v 1.008876 1.428898 -0.197411
v 1.058876 1.428898 -0.197411
v 1.008876 1.171102 -0.250901
v 1.058876 1.171102 -0.250901
v 1.008876 1.428898 -0.250901
v 1.058876 1.428898 -0.250901
v 1.008876 1.171102 -0.083411
v 1.058876 1.171102 -0.083411
v 1.008876 1.428898 -0.083411
v 1.058876 1.428898 -0.083411
v 1.008876 1.171102 -0.136901
v 1.058876 1.171102 -0.136901
v 1.008876 1.428898 -0.136901
v 1.058876 1.428898 -0.136901
v 1.033876 1.164211 -0.046937
v 1.008876 1.205187 -0.012554
v 1.058876 1.205187 -0.012554
v 1.008876 1.394813 -0.321758
v 1.058876 1.394813 -0.321758
v 1.033876 1.435789 -0.287375
v 1.025543 1.413871 -0.063519
v 1.042210 1.467361 -0.063519
v 1.042210 1.413871 -0.270793
v 1.025543 1.467361 -0.270793
v 0.940901 -0.705187 -0.485866
v 0.976256 -0.705187 -0.521222
v 0.934266 -0.664211 -0.527856
v 0.764251 -0.935789 -0.697872
v 0.722261 -0.894813 -0.704506
v 0.757616 -0.894813 -0.739861
v 0.882878 -0.686129 -0.543889
v 0.918234 -0.686129 -0.579244
v 0.882878 -0.632639 -0.543889
v 0.918234 -0.632639 -0.579244
v 0.780283 -0.686129 -0.646484
v 0.815638 -0.686129 -0.681839
v 0.780283 -0.632639 -0.646484
v 0.815638 -0.632639 -0.681839
v 0.806523 -0.940616 -0.620244
v 0.841878 -0.940616 -0.655599
v 0.806523 -0.659384 -0.620244
v 0.841878 -0.659384 -0.655599
v 0.768700 -0.940616 -0.658067
v 0.804055 -0.940616 -0.693422
v 0.768700 -0.659384 -0.658067
v 0.804055 -0.659384 -0.693422
v 0.934266 0.114211 -0.527856
v 0.940901 0.155187 -0.485866
v 0.976256 0.155187 -0.521222
v 0.722261 0.344813 -0.704506
v 0.757616 0.344813 -0.739861
v 0.764251 0.385789 -0.697872
v 0.858881 0.070443 -0.567886
v 0.894237 0.070443 -0.603241
v 0.858881 0.166725 -0.567886
v 0.894237 0.166725 -0.603241
v 0.790800 0.070443 -0.635967
v 0.826155 0.070443 -0.671323
v 0.790800 0.166725 -0.635967
v 0.826155 0.166725 -0.671323
v 0.668468 0.082639 -0.758298
v 0.703824 0.082639 -0.793654
v 0.668468 0.136129 -0.758298
v 0.703824 0.136129 -0.793654
v 0.521904 0.082639 -0.904863
v 0.557259 0.082639 -0.940218
v 0.521904 0.136129 -0.904863
v 0.557259 0.136129 -0.940218
v 0.704506 0.344813 -0.722261
v 0.739861 0.344813 -0.757616
v 0.697872 0.385789 -0.764251
v 0.527856 0.114211 -0.934266
v 0.485866 0.155187 -0.940901
v 0.521222 0.155187 -0.976256
v 0.639156 0.120136 -0.787611
v 0.674511 0.120136 -0.822967
v 0.639156 0.173627 -0.787611
v 0.674511 0.173627 -0.822967
v 0.551217 0.120136 -0.875550
v 0.586572 0.120136 -0.910905
v 0.551217 0.173627 -0.875550
v 0.586572 0.173627 -0.910905
v 0.639156 0.326373 -0.787611
v 0.674511 0.326373 -0.822967
v 0.639156 0.379864 -0.787611
v 0.674511 0.379864 -0.822967
v 0.551217 0.326373 -0.875550
v 0.586572 0.326373 -0.910905
v 0.551217 0.379864 -0.875550
v 0.586572 0.379864 -0.910905
v 0.871886 1.402153 -0.554881
v 0.907241 1.402153 -0.590236
v 0.871886 1.455643 -0.554881
v 0.907241 1.455643 -0.590236
v 0.791275 1.402153 -0.635491
v 0.826631 1.402153 -0.670847
v 0.791275 1.455643 -0.635491
v 0.826631 1.455643 -0.670847
v 0.871886 1.144357 -0.554881
v 0.907241 1.144357 -0.590236
v 0.871886 1.197847 -0.554881
v 0.907241 1.197847 -0.590236
v 0.791275 1.144357 -0.635491
v 0.826631 1.144357 -0.670847
v 0.791275 1.197847 -0.635491
v 0.826631 1.197847 -0.670847
v 0.810187 1.171102 -0.616580
v 0.845542 1.171102 -0.651935
v 0.810187 1.428898 -0.616580
v 0.845542 1.428898 -0.651935
v 0.772364 1.171102 -0.654403
v 0.807719 1.171102 -0.689758
v 0.772364 1.428898 -0.654403
v 0.807719 1.428898 -0.689758
v 0.890797 1.171102 -0.535969
v 0.926153 1.171102 -0.571325
v 0.890797 1.428898 -0.535969
v 0.926153 1.428898 -0.571325
v 0.852974 1.171102 -0.573792
v 0.888330 1.171102 -0.609148
v 0.852974 1.428898 -0.573792
v 0.888330 1.428898 -0.609148
v 0.895862 1.282888 -0.530905
v 0.931217 1.282888 -0.566260
v 0.895862 1.379170 -0.530905
v 0.931217 1.379170 -0.566260
v 0.827780 1.282888 -0.598986
v 0.863136 1.282888 -0.634342
v 0.827780 1.379170 -0.598986
v 0.863136 1.379170 -0.634342
v 0.940901 1.394813 -0.485866
v 0.976256 1.394813 -0.521222
v 0.934266 1.435789 -0.527856
v 0.764251 1.164211 -0.697872
v 0.722261 1.205187 -0.704506
v 0.757616 1.205187 -0.739861
v 0.704506 1.394813 -0.722261
v 0.739861 1.394813 -0.757616
v 0.697872 1.435789 -0.764251
v 0.527856 1.164211 -0.934266
v 0.485866 1.205187 -0.940901
v 0.521222 1.205187 -0.976256
v 0.595686 1.232615 -0.831081
v 0.631041 1.232615 -0.866436
v 0.595686 1.328897 -0.831081
v 0.631041 1.328897 -0.866436
v 0.527604 1.232615 -0.899162
v 0.562960 1.232615 -0.934518
v 0.527604 1.328897 -0.899162
v 0.562960 1.328897 -0.934518
v 0.270793 -0.967361 -1.025543
v 0.270793 -0.913871 -1.042210
v 0.063519 -0.967361 -1.042210
v 0.063519 -0.913871 -1.025543
v 0.287375 -0.935789 -1.033876
v 0.321758 -0.894813 -1.008876
v 0.321758 -0.894813 -1.058876
v 0.012554 -0.705187 -1.008876
v 0.012554 -0.705187 -1.058876
v 0.046937 -0.664211 -1.033876
v 0.224156 -0.697847 -1.025543
v 0.224156 -0.644357 -1.042210
v 0.110156 -0.697847 -1.042210
v 0.110156 -0.644357 -1.008876
v 0.110156 -0.644357 -1.058876
v 0.224156 -0.955643 -1.025543
v 0.224156 -0.902153 -1.042210
v 0.110156 -0.955643 -1.008876
v 0.110156 -0.955643 -1.058876
v 0.110156 -0.902153 -1.025543
v 0.136901 -0.928898 -1.025543
v 0.136901 -0.671102 -1.042210
v 0.083411 -0.928898 -1.042210
v 0.083411 -0.671102 -1.025543
v 0.250901 -0.928898 -1.025543
v 0.250901 -0.671102 -1.042210
v 0.197411 -0.928898 -1.042210
v 0.197411 -0.671102 -1.025543
v -0.046937 -0.935789 -1.008876
v -0.046937 -0.935789 -1.058876
v -0.012554 -0.894813 -1.008876
v -0.012554 -0.894813 -1.058876
v -0.321758 -0.705187 -1.008876
v -0.321758 -0.705187 -1.058876
v -0.287375 -0.664211 -1.008876
v -0.287375 -0.664211 -1.058876
v -0.094610 -0.686129 -1.025543
v -0.094610 -0.632639 -1.042210
v -0.239702 -0.686129 -1.042210
v -0.239702 -0.632639 -1.025543
v -0.202593 -0.940616 -1.008876
v -0.202593 -0.940616 -1.058876
v -0.202593 -0.659384 -1.008876
v -0.202593 -0.659384 -1.058876
v -0.256083 -0.940616 -1.008876
v -0.256083 -0.940616 -1.058876
v -0.256083 -0.659384 -1.008876
v -0.256083 -0.659384 -1.058876
v 0.229338 0.120136 -1.008876
v 0.229338 0.120136 -1.058876
v 0.229338 0.173627 -1.008876
v 0.229338 0.173627 -1.058876
v 0.104974 0.120136 -1.008876
v 0.104974 0.120136 -1.058876
v 0.104974 0.173627 -1.008876
v 0.104974 0.173627 -1.058876
v 0.229338 0.326373 -1.008876
v 0.229338 0.326373 -1.058876
v 0.229338 0.379864 -1.008876
v 0.229338 0.379864 -1.058876
v 0.104974 0.326373 -1.008876
v 0.104974 0.326373 -1.058876
v 0.104974 0.379864 -1.008876
v 0.104974 0.379864 -1.058876
v 0.224156 0.352153 -1.025543
v 0.224156 0.405643 -1.042210
v 0.110156 0.352153 -1.042210
v 0.110156 0.405643 -1.025543
v 0.224156 0.094357 -1.025543
v 0.224156 0.147847 -1.042210
v 0.110156 0.094357 -1.042210
v 0.110156 0.147847 -1.025543
v 0.136901 0.121102 -1.008876
v 0.136901 0.121102 -1.058876
v 0.136901 0.378898 -1.008876
v 0.136901 0.378898 -1.058876
v 0.083411 0.121102 -1.008876
v 0.083411 0.121102 -1.058876
v 0.083411 0.378898 -1.008876
v 0.083411 0.378898 -1.058876
v 0.250901 0.121102 -1.008876
v 0.250901 0.121102 -1.058876
v 0.250901 0.378898 -1.008876
v 0.250901 0.378898 -1.058876
v 0.197411 0.121102 -1.008876
v 0.197411 0.121102 -1.058876
v 0.197411 0.378898 -1.008876
v 0.197411 0.378898 -1.058876
v -0.110156 0.352153 -1.025543
v -0.110156 0.405643 -1.042210
v -0.224156 0.352153 -1.042210
v -0.224156 0.405643 -1.025543
v -0.110156 0.094357 -1.025543
v -0.110156 0.147847 -1.042210
v -0.224156 0.094357 -1.042210
v -0.224156 0.147847 -1.025543
v -0.197411 0.121102 -1.008876
v -0.197411 0.121102 -1.058876
v -0.197411 0.378898 -1.008876
v -0.197411 0.378898 -1.058876
v -0.250901 0.121102 -1.008876
v -0.250901 0.121102 -1.058876
v -0.250901 0.378898 -1.008876
v -0.250901 0.378898 -1.058876
v -0.083411 0.121102 -1.008876
v -0.083411 0.121102 -1.058876
v -0.083411 0.378898 -1.008876
v -0.083411 0.378898 -1.058876
v -0.136901 0.121102 -1.008876
v -0.136901 0.121102 -1.058876
v -0.136901 0.378898 -1.008876
v -0.136901 0.378898 -1.058876
v -0.104974 0.120136 -1.008876
v -0.104974 0.120136 -1.058876
v -0.104974 0.173627 -1.008876
v -0.104974 0.173627 -1.058876
v -0.229338 0.120136 -1.008876
v -0.229338 0.120136 -1.058876
v -0.229338 0.173627 -1.008876
v -0.229338 0.173627 -1.058876
v -0.104974 0.326373 -1.008876
v -0.104974 0.326373 -1.058876
v -0.104974 0.379864 -1.008876
v -0.104974 0.379864 -1.058876
v -0.229338 0.326373 -1.008876
v -0.229338 0.326373 -1.058876
v -0.229338 0.379864 -1.008876
v -0.229338 0.379864 -1.058876
v 0.229338 1.170137 -1.008876
v 0.229338 1.170137 -1.058876
v 0.229338 1.223627 -1.008876
v 0.229338 1.223627 -1.058876
v 0.104974 1.170137 -1.008876
v 0.104974 1.170137 -1.058876
v 0.104974 1.223627 -1.008876
v 0.104974 1.223627 -1.058876
v 0.229338 1.376374 -1.008876
v 0.229338 1.376374 -1.058876
v 0.229338 1.429864 -1.008876
v 0.229338 1.429864 -1.058876
v 0.104974 1.376374 -1.008876
v 0.104974 1.376374 -1.058876
v 0.104974 1.429864 -1.008876
v 0.104974 1.429864 -1.058876
v 0.270793 1.413871 -1.025543
v 0.270793 1.467361 -1.042210
v 0.063519 1.413871 -1.042210
v 0.063519 1.467361 -1.025543
v 0.321758 1.394813 -1.008876
v 0.321758 1.394813 -1.058876
v 0.287375 1.435789 -1.033876
v 0.046937 1.164211 -1.033877
v 0.012554 1.205187 -1.008876
v 0.012554 1.205187 -1.058876
v -0.110156 1.402153 -1.025543
v -0.110156 1.455643 -1.042210
v -0.224156 1.402153 -1.042210
v -0.224156 1.455643 -1.025543
v -0.110156 1.144357 -1.025543
v -0.110156 1.197847 -1.042210
v -0.224156 1.144357 -1.042210
v -0.224156 1.197847 -1.025543
v -0.197411 1.171102 -1.008876
v -0.197411 1.171102 -1.058876
v -0.197411 1.428898 -1.008876
v -0.197411 1.428898 -1.058876
v -0.250901 1.171102 -1.008876
v -0.250901 1.171102 -1.058876
v -0.250901 1.428898 -1.008876
v -0.250901 1.428898 -1.058876
v -0.083411 1.171102 -1.008876
v -0.083411 1.171102 -1.058876
v -0.083411 1.428898 -1.008876
v -0.083411 1.428898 -1.058876
v -0.136901 1.171102 -1.008876
v -0.136901 1.171102 -1.058876
v -0.136901 1.428898 -1.008876
v -0.136901 1.428898 -1.058876
v -0.104974 1.170137 -1.008876
v -0.104974 1.170137 -1.058876
v -0.104974 1.223627 -1.008876
v -0.104974 1.223627 -1.058876
v -0.229338 1.170137 -1.008876
v -0.229338 1.170137 -1.058876
v -0.229338 1.223627 -1.008876
v -0.229338 1.223627 -1.058876
v -0.104974 1.376374 -1.008876
v -0.104974 1.376374 -1.058876
v -0.104974 1.429864 -1.008876
v -0.104974 1.429864 -1.058876
v -0.229338 1.376374 -1.008876
v -0.229338 1.376374 -1.058876
v -0.229338 1.429864 -1.008876
v -0.229338 1.429864 -1.058876
v -0.046937 1.164211 -1.033876
v -0.012554 1.205187 -1.008876
v -0.012554 1.205187 -1.058876
v -0.321758 1.394813 -1.008876
v -0.321758 1.394813 -1.058876
v -0.287375 1.435789 -1.033876
v -0.551217 -0.929863 -0.875550
v -0.586572 -0.929863 -0.910905
v -0.551217 -0.876373 -0.875550
v -0.586572 -0.876373 -0.910905
v -0.639156 -0.929863 -0.787611
v -0.674511 -0.929863 -0.822967
v -0.639156 -0.876373 -0.787611
v -0.674511 -0.876373 -0.822967
v -0.551217 -0.723626 -0.875550
v -0.586572 -0.723626 -0.910905
v -0.551217 -0.670137 -0.875550
v -0.586572 -0.670137 -0.910905
v -0.639156 -0.723626 -0.787611
v -0.674511 -0.723626 -0.822967
v -0.639156 -0.670137 -0.787611
v -0.674511 -0.670137 -0.822967
v -0.620244 -1.034360 -0.806523
v -0.655599 -1.034360 -0.841878
v -0.620244 -0.565640 -0.806523
v -0.655599 -0.565640 -0.841878
v -0.658067 -1.034360 -0.768700
v -0.693422 -1.034360 -0.804055
v -0.658067 -0.565640 -0.768700
v -0.693422 -0.565640 -0.804055
v -0.856638 -1.034360 -0.570128
v -0.891994 -1.034360 -0.605484
v -0.856638 -0.565640 -0.570128
v -0.891994 -0.565640 -0.605484
v -0.894462 -1.034360 -0.532305
v -0.929817 -1.034360 -0.567661
v -0.894462 -0.565640 -0.532305
v -0.929817 -0.565640 -0.567661
v -0.791275 -0.697847 -0.635491
v -0.826631 -0.697847 -0.670847
v -0.791275 -0.644357 -0.635491
v -0.826631 -0.644357 -0.670847
v -0.871886 -0.697847 -0.554881
v -0.907241 -0.697847 -0.590236
v -0.871886 -0.644357 -0.554881
v -0.907241 -0.644357 -0.590236
v -0.791275 -0.955643 -0.635491
v -0.826631 -0.955643 -0.670847
v -0.791275 -0.902153 -0.635491
v -0.826631 -0.902153 -0.670847
v -0.871886 -0.955643 -0.554881
v -0.907241 -0.955643 -0.590236
v -0.871886 -0.902153 -0.554881
v -0.907241 -0.902153 -0.590236
v -0.852974 -0.928898 -0.573792
v -0.888330 -0.928898 -0.609148
v -0.852974 -0.671102 -0.573792
v -0.888330 -0.671102 -0.609148
v -0.890797 -0.928898 -0.535969
v -0.926153 -0.928898 -0.571325
v -0.890797 -0.671102 -0.535969
v -0.926153 -0.671102 -0.571325
v -0.772364 -0.928898 -0.654403
v -0.807719 -0.928898 -0.689758
v -0.772364 -0.671102 -0.654403
v -0.807719 -0.671102 -0.689758
v -0.810187 -0.928898 -0.616580
v -0.845542 -0.928898 -0.651935
v -0.810187 -0.671102 -0.616580
v -0.845542 -0.671102 -0.651935
v -0.527856 0.114211 -0.934266
v -0.485866 0.155187 -0.940901
v -0.521222 0.155187 -0.976256
v -0.704506 0.344813 -0.722261
v -0.739861 0.344813 -0.757616
v -0.697872 0.385789 -0.764251
v -0.532305 0.015640 -0.894462
v -0.567661 0.015640 -0.929817
v -0.532305 0.484360 -0.894462
v -0.567661 0.484360 -0.929817
v -0.570128 0.015640 -0.856638
v -0.605484 0.015640 -0.891994
v -0.570128 0.484360 -0.856638
v -0.605484 0.484360 -0.891994
v -0.554881 0.352153 -0.871886
v -0.590236 0.352153 -0.907241
v -0.554881 0.405643 -0.871886
v -0.590236 0.405643 -0.907241
v -0.635491 0.352153 -0.791275
v -0.670847 0.352153 -0.826631
v -0.635491 0.405643 -0.791275
v -0.670847 0.405643 -0.826631
v -0.554881 0.094357 -0.871886
v -0.590236 0.094357 -0.907241
v -0.554881 0.147847 -0.871886
v -0.590236 0.147847 -0.907241
v -0.635491 0.094357 -0.791275
v -0.670847 0.094357 -0.826631
v -0.635491 0.147847 -0.791275
v -0.670847 0.147847 -0.826631
v -0.616580 0.121102 -0.810187
v -0.651935 0.121102 -0.845542
v -0.616580 0.378898 -0.810187
v -0.651935 0.378898 -0.845542
v -0.654403 0.121102 -0.772364
v -0.689758 0.121102 -0.807719
v -0.654403 0.378898 -0.772364
v -0.689758 0.378898 -0.807719
v -0.535969 0.121102 -0.890797
v -0.571325 0.121102 -0.926153
v -0.535969 0.378898 -0.890797
v -0.571325 0.378898 -0.926153
v -0.573792 0.121102 -0.852974
v -0.609148 0.121102 -0.888330
v -0.573792 0.378898 -0.852974
v -0.609148 0.378898 -0.888330
v -0.722261 0.344813 -0.704506
v -0.757616 0.344813 -0.739861
v -0.764251 0.385789 -0.697872
v -0.934266 0.114211 -0.527856
v -0.940901 0.155187 -0.485866
v -0.976256 0.155187 -0.521222
v -0.856638 0.015640 -0.570128
v -0.891994 0.015640 -0.605484
v -0.856638 0.484360 -0.570128
v -0.891994 0.484360 -0.605484
v -0.894462 0.015640 -0.532305
v -0.929817 0.015640 -0.567661
v -0.894462 0.484360 -0.532305
v -0.929817 0.484360 -0.567661
v -0.560387 1.173601 -0.866380
v -0.595742 1.173601 -0.901735
v -0.560387 1.269883 -0.866380
v -0.595742 1.269883 -0.901735
v -0.628469 1.173601 -0.798298
v -0.663824 1.173601 -0.833653
v -0.628469 1.269883 -0.798298
v -0.663824 1.269883 -0.833653
v -0.554881 1.402153 -0.871886
v -0.590236 1.402153 -0.907241
v -0.554881 1.455643 -0.871886
v -0.590236 1.455643 -0.907241
v -0.635491 1.402153 -0.791275
v -0.670847 1.402153 -0.826631
v -0.635491 1.455643 -0.791275
v -0.670847 1.455643 -0.826631
v -0.554881 1.144357 -0.871886
v -0.590236 1.144357 -0.907241
v -0.554881 1.197847 -0.871886
v -0.590236 1.197847 -0.907241
v -0.635491 1.144357 -0.791275
v -0.670847 1.144357 -0.826631
v -0.635491 1.197847 -0.791275
v -0.670847 1.197847 -0.826631
v -0.616580 1.171102 -0.810187
v -0.651935 1.171102 -0.845542
v -0.616580 1.428898 -0.810187
v -0.651935 1.428898 -0.845542
v -0.654403 1.171102 -0.772364
v -0.689758 1.171102 -0.807719
v -0.654403 1.428898 -0.772364
v -0.689758 1.428898 -0.807719
v -0.535969 1.171102 -0.890797
v -0.571325 1.171102 -0.926153
v -0.535969 1.428898 -0.890797
v -0.571325 1.428898 -0.926153
v -0.573792 1.171102 -0.852974
v -0.609148 1.171102 -0.888330
v -0.573792 1.428898 -0.852974
v -0.609148 1.428898 -0.888330
v -0.791275 1.402153 -0.635491
v -0.826631 1.402153 -0.670847
v -0.791275 1.455643 -0.635491
v -0.826631 1.455643 -0.670847
v -0.871886 1.402153 -0.554881
v -0.907241 1.402153 -0.590236
v -0.871886 1.455643 -0.554881
v -0.907241 1.455643 -0.590236
v -0.791275 1.144357 -0.635491
v -0.826631 1.144357 -0.670847
v -0.791275 1.197847 -0.635491
v -0.826631 1.197847 -0.670847
v -0.871886 1.144357 -0.554881
v -0.907241 1.144357 -0.590236
v -0.871886 1.197847 -0.554881
v -0.907241 1.197847 -0.590236
v -0.852974 1.171102 -0.573792
v -0.888330 1.171102 -0.609148
v -0.852974 1.428898 -0.573792
v -0.888330 1.428898 -0.609148
v -0.890797 1.171102 -0.535969
v -0.926153 1.171102 -0.571325
v -0.890797 1.428898 -0.535969
v -0.926153 1.428898 -0.571325
v -0.772364 1.171102 -0.654403
v -0.807719 1.171102 -0.689758
v -0.772364 1.428898 -0.654403
v -0.807719 1.428898 -0.689758
v -0.810187 1.171102 -0.616580
v -0.845542 1.171102 -0.651935
v -0.810187 1.428898 -0.616580
v -0.845542 1.428898 -0.651935
v -0.780283 1.413871 -0.646484
v -0.815638 1.413871 -0.681839
v -0.780283 1.467361 -0.646484
v -0.815638 1.467361 -0.681839
v -0.882878 1.413871 -0.543889
v -0.918234 1.413871 -0.579244
v -0.882878 1.467361 -0.543889
v -0.918234 1.467361 -0.579244
v -0.856638 1.159384 -0.570128
v -0.891994 1.159384 -0.605484
v -0.856638 1.440616 -0.570128
v -0.891994 1.440616 -0.605484
v -0.894462 1.159384 -0.532305
v -0.929817 1.159384 -0.567661
v -0.894462 1.440616 -0.532305
v -0.929817 1.440616 -0.567661
v -0.812669 1.065640 -0.614098
v -0.848024 1.065640 -0.649453
v -0.812669 1.534360 -0.614098
v -0.848024 1.534360 -0.649453
v -0.850492 1.065640 -0.576275
v -0.885848 1.065640 -0.611630
v -0.850492 1.534360 -0.576275
v -0.885848 1.534360 -0.611630
v -1.008876 -0.929863 -0.229338
v -1.058876 -0.929863 -0.229338
v -1.008876 -0.876373 -0.229338
v -1.058876 -0.876373 -0.229338
v -1.008876 -0.929863 -0.104974
v -1.058876 -0.929863 -0.104974
v -1.008876 -0.876373 -0.104974
v -1.058876 -0.876373 -0.104974
v -1.008876 -0.723626 -0.229338
v -1.058876 -0.723626 -0.229338
v -1.008876 -0.670137 -0.229338
v -1.058876 -0.670137 -0.229338
v -1.042210 -0.723626 -0.104974
v -1.025543 -0.670137 -0.104974
v -1.008876 -0.925456 -0.165502
v -1.058876 -0.925456 -0.165502
v -1.008876 -0.829174 -0.165502
v -1.058876 -0.829174 -0.165502
v -1.008876 -0.925456 -0.069221
v -1.058876 -0.925456 -0.069221
v -1.008876 -0.829174 -0.069221
v -1.058876 -0.829174 -0.069221
v -1.025543 -0.686129 0.094610
v -1.042210 -0.632639 0.094610
v -1.042210 -0.686129 0.239702
v -1.025543 -0.632639 0.239702
v -1.008876 -0.940616 0.202593
v -1.058876 -0.940616 0.202593
v -1.008876 -0.659384 0.202593
v -1.058876 -0.659384 0.202593
v -1.008876 -0.940616 0.256083
v -1.058876 -0.940616 0.256083
v -1.008876 -0.659384 0.256083
v -1.058876 -0.659384 0.256083
v -1.008876 -0.763548 0.070314
v -1.058876 -0.763548 0.070314
v -1.008876 -0.667266 0.070314
v -1.058876 -0.667266 0.070314
v -1.008876 -0.763548 0.166596
v -1.058876 -0.763548 0.166596
v -1.008876 -0.667266 0.166596
v -1.058876 -0.667266 0.166596
v -1.025543 0.015640 -0.193901
v -1.042210 0.484360 -0.193901
v -1.042210 0.015640 -0.140411
v -1.025543 0.484360 -0.140411
v -1.025543 0.223255 -0.270793
v -1.042210 0.276745 -0.270793
v -1.042210 0.223255 -0.063519
v -1.025543 0.276745 -0.063519
v -1.033876 0.114211 -0.287375
v -1.008876 0.155187 -0.321758
v -1.058876 0.155187 -0.321758
v -1.008876 0.344813 -0.012554
v -1.058876 0.344813 -0.012554
v -1.033877 0.385789 -0.046937
v -1.025543 0.352153 0.110156
v -1.042210 0.405643 0.110156
v -1.042210 0.352153 0.224156
v -1.025543 0.405643 0.224156
v -1.025543 0.094357 0.110156
v -1.042210 0.147847 0.110156
v -1.042210 0.094357 0.224156
v -1.025543 0.147847 0.224156
v -1.008876 0.121102 0.197411
v -1.058876 0.121102 0.197411
v -1.008876 0.378898 0.197411
v -1.058876 0.378898 0.197411
v -1.008876 0.121102 0.250901
v -1.058876 0.121102 0.250901
v -1.008876 0.378898 0.250901
v -1.058876 0.378898 0.250901
v -1.008876 0.121102 0.083411
v -1.058876 0.121102 0.083411
v -1.008876 0.378898 0.083411
v -1.058876 0.378898 0.083411
v -1.008876 0.121102 0.136901
v -1.058876 0.121102 0.136901
v -1.008876 0.378898 0.136901
v -1.058876 0.378898 0.136901
v -1.033876 0.114211 0.046937
v -1.008876 0.155187 0.012554
v -1.058876 0.155187 0.012554
v -1.008876 0.344813 0.321758
v -1.058876 0.344813 0.321758
v -1.033876 0.385789 0.287375
v -1.008876 1.170137 -0.229338
v -1.058876 1.170137 -0.229338
v -1.008876 1.223627 -0.229338
v -1.058876 1.223627 -0.229338
v -1.008876 1.170137 -0.104974
v -1.058876 1.170137 -0.104974
v -1.008876 1.223627 -0.104974
v -1.058876 1.223627 -0.104974
v -1.008876 1.376374 -0.229338
v -1.058876 1.376374 -0.229338
v -1.008876 1.429864 -0.229338
v -1.058876 1.429864 -0.229338
v -1.008876 1.376374 -0.104974
v -1.058876 1.376374 -0.104974
v -1.008876 1.429864 -0.104974
v -1.058876 1.429864 -0.104974
v -1.033876 1.164211 -0.287375
v -1.008876 1.205187 -0.321758
v -1.058876 1.205187 -0.321758
v -1.008876 1.394813 -0.012554
v -1.058876 1.394813 -0.012554
v -1.033877 1.435789 -0.046937
v -1.008876 1.170137 0.104974
v -1.058876 1.170137 0.104974
v -1.008876 1.223627 0.104974
v -1.058876 1.223627 0.104974
v -1.008876 1.170137 0.229338
v -1.058876 1.170137 0.229338
v -1.008876 1.223627 0.229338
v -1.058876 1.223627 0.229338
v -1.008876 1.376374 0.104974
v -1.058876 1.376374 0.104974
v -1.008876 1.429864 0.104974
v -1.058876 1.429864 0.104974
v -1.008876 1.376374 0.229338
v -1.058876 1.376374 0.229338
v -1.008876 1.429864 0.229338
v -1.058876 1.429864 0.229338
v -1.008876 1.065640 0.202593
v -1.058876 1.065640 0.202593
v -1.008876 1.534360 0.202593
v -1.058876 1.534360 0.202593
v -1.008876 1.065640 0.256083
v -1.058876 1.065640 0.256083
v -1.008876 1.534360 0.256083
v -1.058876 1.534360 0.256083
v -0.904863 -0.826745 0.521904
v -0.940218 -0.826745 0.557259
v -0.904863 -0.773255 0.521904
v -0.940218 -0.773255 0.557259
v -0.758298 -0.826745 0.668468
v -0.793654 -0.826745 0.703824
v -0.758298 -0.773255 0.668468
v -0.793654 -0.773255 0.703824
v -0.871886 -0.697847 0.554881
v -0.907241 -0.697847 0.590236
v -0.871886 -0.644357 0.554881
v -0.907241 -0.644357 0.590236
v -0.791275 -0.697847 0.635491
v -0.826631 -0.697847 0.670847
v -0.791275 -0.644357 0.635491
v -0.826631 -0.644357 0.670847
v -0.871886 -0.955643 0.554881
v -0.907241 -0.955643 0.590236
v -0.871886 -0.902153 0.554881
v -0.907241 -0.902153 0.590236
v -0.791275 -0.955643 0.635491
v -0.826631 -0.955643 0.670847
v -0.791275 -0.902153 0.635491
v -0.826631 -0.902153 0.670847
v -0.810187 -0.928898 0.616580
v -0.845542 -0.928898 0.651935
v -0.810187 -0.671102 0.616580
v -0.845542 -0.671102 0.651935
v -0.772364 -0.928898 0.654403
v -0.807719 -0.928898 0.689758
v -0.772364 -0.671102 0.654403
v -0.807719 -0.671102 0.689758
v -0.890797 -0.928898 0.535969
v -0.926153 -0.928898 0.571325
v -0.890797 -0.671102 0.535969
v -0.926153 -0.671102 0.571325
v -0.852974 -0.928898 0.573792
v -0.888330 -0.928898 0.609148
v -0.852974 -0.671102 0.573792
v -0.888330 -0.671102 0.609148
v -0.858604 -0.723636 0.568163
v -0.893959 -0.723636 0.603518
v -0.858604 -0.627354 0.568163
v -0.893959 -0.627354 0.603518
v -0.790523 -0.723636 0.636244
v -0.825878 -0.723636 0.671600
v -0.790523 -0.627354 0.636244
v -0.825878 -0.627354 0.671600
v -0.635491 -0.697847 0.791275
v -0.670847 -0.697847 0.826631
v -0.635491 -0.644357 0.791275
v -0.670847 -0.644357 0.826631
v -0.554881 -0.697847 0.871886
v -0.590236 -0.697847 0.907241
v -0.554881 -0.644357 0.871886
v -0.590236 -0.644357 0.907241
v -0.635491 -0.955643 0.791275
v -0.670847 -0.955643 0.826631
v -0.635491 -0.902153 0.791275
v -0.670847 -0.902153 0.826631
v -0.554881 -0.955643 0.871886
v -0.590236 -0.955643 0.907241
v -0.554881 -0.902153 0.871886
v -0.590236 -0.902153 0.907241
v -0.573792 -0.928898 0.852974
v -0.609148 -0.928898 0.888330
v -0.573792 -0.671102 0.852974
v -0.609148 -0.671102 0.888330
v -0.535969 -0.928898 0.890797
v -0.571325 -0.928898 0.926153
v -0.535969 -0.671102 0.890797
v -0.571325 -0.671102 0.926153
v -0.654403 -0.928898 0.772364
v -0.689758 -0.928898 0.807719
v -0.654403 -0.671102 0.772364
v -0.689758 -0.671102 0.807719
v -0.616580 -0.928898 0.810187
v -0.651935 -0.928898 0.845542
v -0.616580 -0.671102 0.810187
v -0.651935 -0.671102 0.845542
v -0.697872 -0.935789 0.764251
v -0.704506 -0.894813 0.722261
v -0.739861 -0.894813 0.757616
v -0.485866 -0.705187 0.940901
v -0.521222 -0.705187 0.976256
v -0.527856 -0.664211 0.934266
v -0.668468 -0.686129 0.758298
v -0.703824 -0.686129 0.793654
v -0.668468 -0.632639 0.758298
v -0.703824 -0.632639 0.793654
v -0.521904 -0.686129 0.904863
v -0.557259 -0.686129 0.940218
v -0.521904 -0.632639 0.904863
v -0.557259 -0.632639 0.940218
v -0.894462 0.015640 0.532305
v -0.929817 0.015640 0.567661
v -0.894462 0.484360 0.532305
v -0.929817 0.484360 0.567661
v -0.856638 0.015640 0.570128
v -0.891994 0.015640 0.605484
v -0.856638 0.484360 0.570128
v -0.891994 0.484360 0.605484
v -0.882878 0.363871 0.543889
v -0.918234 0.363871 0.579244
v -0.882878 0.417361 0.543889
v -0.918234 0.417361 0.579244
v -0.780283 0.363871 0.646484
v -0.815638 0.363871 0.681839
v -0.780283 0.417361 0.646484
v -0.815638 0.417361 0.681839
v -0.806523 0.109384 0.620244
v -0.841878 0.109384 0.655599
v -0.806523 0.390616 0.620244
v -0.841878 0.390616 0.655599
v -0.768700 0.109384 0.658067
v -0.804055 0.109384 0.693422
v -0.768700 0.390616 0.658067
v -0.804055 0.390616 0.693422
v -0.697872 0.114211 0.764251
v -0.704506 0.155187 0.722261
v -0.739861 0.155187 0.757616
v -0.485866 0.344813 0.940901
v -0.521222 0.344813 0.976256
v -0.527856 0.385789 0.934266
v -0.639156 0.120136 0.787611
v -0.674511 0.120136 0.822967
v -0.639156 0.173627 0.787611
v -0.674511 0.173627 0.822967
v -0.551217 0.120136 0.875550
v -0.586572 0.120136 0.910905
v -0.551217 0.173627 0.875550
v -0.586572 0.173627 0.910905
v -0.639156 0.326373 0.787611
v -0.674511 0.326373 0.822967
v -0.639156 0.379864 0.787611
v -0.674511 0.379864 0.822967
v -0.551217 0.326373 0.875550
v -0.586572 0.326373 0.910905
v -0.551217 0.379864 0.875550
v -0.586572 0.379864 0.910905
v -0.614098 0.015640 0.812669
v -0.649453 0.015640 0.848024
v -0.614098 0.484360 0.812669
v -0.649453 0.484360 0.848024
v -0.576275 0.015640 0.850492
v -0.611630 0.015640 0.885848
v -0.576275 0.484360 0.850492
v -0.611630 0.484360 0.885848
v -0.882878 1.413871 0.543889
v -0.918234 1.413871 0.579244
v -0.882878 1.467361 0.543889
v -0.918234 1.467361 0.579244
v -0.780283 1.413871 0.646484
v -0.815638 1.413871 0.681839
v -0.780283 1.467361 0.646484
v -0.815638 1.467361 0.681839
v -0.806523 1.159384 0.620244
v -0.841878 1.159384 0.655599
v -0.806523 1.440616 0.620244
v -0.841878 1.440616 0.655599
v -0.768700 1.159384 0.658067
v -0.804055 1.159384 0.693422
v -0.768700 1.440616 0.658067
v -0.804055 1.440616 0.693422
v -0.875550 1.170137 0.551217
v -0.910905 1.170137 0.586572
v -0.875550 1.223627 0.551217
v -0.910905 1.223627 0.586572
v -0.787611 1.170137 0.639156
v -0.822967 1.170137 0.674511
v -0.787611 1.223627 0.639156
v -0.822967 1.223627 0.674511
v -0.875550 1.376374 0.551217
v -0.910905 1.376374 0.586572
v -0.875550 1.429864 0.551217
v -0.910905 1.429864 0.586572
v -0.787611 1.376374 0.639156
v -0.822967 1.376374 0.674511
v -0.787611 1.429864 0.639156
v -0.822967 1.429864 0.674511
v -0.658067 1.065640 0.768700
v -0.693422 1.065640 0.804055
v -0.658067 1.534360 0.768700
v -0.693422 1.534360 0.804055
v -0.620244 1.065640 0.806523
v -0.655599 1.065640 0.841878
v -0.620244 1.534360 0.806523
v -0.655599 1.534360 0.841878
v -0.639156 1.170137 0.787611
v -0.674511 1.170137 0.822967
v -0.639156 1.223627 0.787611
v -0.674511 1.223627 0.822967
v -0.551217 1.170137 0.875550
v -0.586572 1.170137 0.910905
v -0.551217 1.223627 0.875550
v -0.586572 1.223627 0.910905
v -0.639156 1.376374 0.787611
v -0.674511 1.376374 0.822967
v -0.639156 1.429864 0.787611
v -0.674511 1.429864 0.822967
v -0.551217 1.376374 0.875550
v -0.586572 1.376374 0.910905
v -0.551217 1.429864 0.875550
v -0.586572 1.429864 0.910905
v -0.668468 1.273255 0.758298
v -0.703824 1.273255 0.793654
v -0.668468 1.326745 0.758298
v -0.703824 1.326745 0.793654
v -0.521904 1.273255 0.904863
v -0.557259 1.273255 0.940218
v -0.521904 1.326745 0.904863
v -0.557259 1.326745 0.940218
v -0.239702 -0.686129 1.025543
v -0.239702 -0.632639 1.042210
v -0.094610 -0.686129 1.042210
v -0.094610 -0.632639 1.025543
v -0.131719 -0.940616 1.008876
v -0.131719 -0.940616 1.058876
v -0.131719 -0.659384 1.008876
v -0.131719 -0.659384 1.058876
v -0.078229 -0.940616 1.008876
v -0.078229 -0.940616 1.058876
v -0.078229 -0.659384 1.008876
v -0.078229 -0.659384 1.058876
v -0.256083 -1.034360 1.008876
v -0.256083 -1.034360 1.058876
v -0.256083 -0.565640 1.008876
v -0.256083 -0.565640 1.058876
v -0.202593 -1.034360 1.008876
v -0.202593 -1.034360 1.058876
v -0.202593 -0.565640 1.008876
v -0.202593 -0.565640 1.058876
v -0.287375 -0.935789 1.033876
v -0.321758 -0.894813 1.008876
v -0.321758 -0.894813 1.058876
v -0.012554 -0.705187 1.008876
v -0.012554 -0.705187 1.058876
v -0.046937 -0.664211 1.033876
v 0.094610 -0.686129 1.025543
v 0.094610 -0.632639 1.042210
v 0.239702 -0.686129 1.042210
v 0.239702 -0.632639 1.025543
v 0.202593 -0.940616 1.008876
v 0.202593 -0.940616 1.058876
v 0.202593 -0.659384 1.008876
v 0.202593 -0.659384 1.058876
v 0.256083 -0.940616 1.008876
v 0.256083 -0.940616 1.058876
v 0.256083 -0.659384 1.008876
v 0.256083 -0.659384 1.058876
v 0.063519 -0.686129 1.008876
v 0.063519 -0.686129 1.058876
v 0.063519 -0.632639 1.008876
v 0.063519 -0.632639 1.058876
v 0.270793 -0.686129 1.008876
v 0.270793 -0.686129 1.058876
v 0.270793 -0.632639 1.008876
v 0.270793 -0.632639 1.058876
v -0.270793 0.363871 1.025543
v -0.270793 0.417361 1.042210
v -0.063519 0.363871 1.042210
v -0.063519 0.417361 1.025543
v -0.224156 0.352153 1.025543
v -0.224156 0.405643 1.042210
v -0.110156 0.352153 1.042210
v -0.110156 0.405643 1.025543
v -0.224156 0.094357 1.025543
v -0.224156 0.147847 1.042210
v -0.110156 0.094357 1.042210
v -0.110156 0.147847 1.025543
v -0.136901 0.121102 1.008876
v -0.136901 0.121102 1.058876
v -0.136901 0.378898 1.008876
v -0.136901 0.378898 1.058876
v -0.083411 0.121102 1.008876
v -0.083411 0.121102 1.058876
v -0.083411 0.378898 1.008876
v -0.083411 0.378898 1.058876
v -0.250901 0.121102 1.008876
v -0.250901 0.121102 1.058876
v -0.250901 0.378898 1.008876
v -0.250901 0.378898 1.058876
v -0.197411 0.121102 1.042210
v -0.197411 0.378898 1.008876
v -0.197411 0.378898 1.058876
v -0.183857 0.318615 1.008876
v -0.183857 0.318615 1.058876
v -0.183857 0.414897 1.042210
v -0.087575 0.318615 1.008876
v -0.087575 0.318615 1.058876
v -0.087575 0.414897 1.025543
v -0.193901 1.065640 1.025543
v -0.193901 1.534360 1.042210
v -0.140411 1.065640 1.042210
v -0.140411 1.534360 1.025543
v -0.224156 1.402153 1.025543
v -0.224156 1.455643 1.042210
v -0.110156 1.402153 1.042210
v -0.110156 1.455643 1.025543
v -0.224156 1.144357 1.025543
v -0.224156 1.197847 1.042210
v -0.110156 1.144357 1.042210
v -0.110156 1.197847 1.025543
v -0.136901 1.171102 1.008876
v -0.136901 1.171102 1.058876
v -0.136901 1.428898 1.042210
v -0.083411 1.171102 1.042210
v -0.083411 1.428898 1.025543
v -0.250901 1.171102 1.025543
v -0.250901 1.428898 1.042210
v -0.197411 1.171102 1.042210
v -0.197411 1.428898 1.025543
v -0.229338 1.170137 1.025543
v -0.229338 1.223627 1.042210
v -0.104974 1.170137 1.042210
v -0.104974 1.223627 1.025543
v -0.229338 1.376374 1.025543
v -0.229338 1.429864 1.042210
v -0.104974 1.376374 1.042210
v -0.104974 1.429864 1.025543
v 0.110156 1.402153 1.025543
v 0.110156 1.455643 1.042210
v 0.224156 1.402153 1.042210
v 0.224156 1.455643 1.025543
v 0.110156 1.144357 1.025543
v 0.110156 1.197847 1.042210
v 0.224156 1.144357 1.042210
v 0.224156 1.197847 1.025543
v 0.197411 1.171102 1.008876
v 0.197411 1.171102 1.058876
v 0.197411 1.428898 1.042210
v 0.250901 1.171102 1.008876
v 0.250901 1.171102 1.058876
v 0.250901 1.428898 1.008876
v 0.250901 1.428898 1.058876
v 0.083411 1.171102 1.008876
v 0.083411 1.171102 1.058876
v 0.083411 1.428898 1.008876
v 0.083411 1.428898 1.058876
v 0.136901 1.171102 1.042210
v 0.136901 1.428898 1.008876
v 0.136901 1.428898 1.058876
v 0.063519 1.273255 1.025543
v 0.063519 1.326745 1.042210
v 0.270793 1.273255 1.042210
v 0.270793 1.326745 1.025543
v 0.521904 -0.826745 0.904863
v 0.557259 -0.826745 0.940218
v 0.521904 -0.773255 0.904863
v 0.557259 -0.773255 0.940218
v 0.668468 -0.826745 0.758298
v 0.703824 -0.826745 0.793654
v 0.668468 -0.773255 0.758298
v 0.703824 -0.773255 0.793654
v 0.543889 -0.686129 0.882878
v 0.579244 -0.686129 0.918234
v 0.543889 -0.632639 0.882878
v 0.579244 -0.632639 0.918234
v 0.646484 -0.686129 0.780283
v 0.681839 -0.686129 0.815638
v 0.646484 -0.632639 0.780283
v 0.681839 -0.632639 0.815638
v 0.620244 -0.940616 0.806523
v 0.655599 -0.940616 0.841878
v 0.620244 -0.659384 0.806523
v 0.655599 -0.659384 0.841878
v 0.658067 -0.940616 0.768700
v 0.693422 -0.940616 0.804055
v 0.658067 -0.659384 0.768700
v 0.693422 -0.659384 0.804055
v 0.551217 -0.929863 0.875550
v 0.586572 -0.929863 0.910905
v 0.551217 -0.876373 0.875550
v 0.586572 -0.876373 0.910905
v 0.639156 -0.929863 0.787611
v 0.674511 -0.929863 0.822967
v 0.639156 -0.876373 0.787611
v 0.674511 -0.876373 0.822967
v 0.551217 -0.723626 0.875550
v 0.586572 -0.723626 0.910905
v 0.551217 -0.670137 0.875550
v 0.586572 -0.670137 0.910905
v 0.639156 -0.723626 0.787611
v 0.674511 -0.723626 0.822967
v 0.639156 -0.670137 0.787611
v 0.674511 -0.670137 0.822967
v 0.722261 -0.705187 0.704506
v 0.757616 -0.705187 0.739861
v 0.764251 -0.664211 0.697872
v 0.934266 -0.935789 0.527856
v 0.940901 -0.894813 0.485866
v 0.976256 -0.894813 0.521222
v 0.812669 -1.034360 0.614098
v 0.848024 -1.034360 0.649453
v 0.812669 -0.565640 0.614098
v 0.848024 -0.565640 0.649453
v 0.850492 -1.034360 0.576275
v 0.885848 -1.034360 0.611630
v 0.850492 -0.565640 0.576275
v 0.885848 -0.565640 0.611630
v 0.780283 -0.686129 0.646484
v 0.815638 -0.686129 0.681839
v 0.780283 -0.632639 0.646484
v 0.815638 -0.632639 0.681839
v 0.882878 -0.686129 0.543889
v 0.918234 -0.686129 0.579244
v 0.882878 -0.632639 0.543889
v 0.918234 -0.632639 0.579244
v 0.856638 -0.940616 0.570128
v 0.891994 -0.940616 0.605484
v 0.856638 -0.659384 0.570128
v 0.891994 -0.659384 0.605484
v 0.894462 -0.940616 0.532305
v 0.929817 -0.940616 0.567661
v 0.894462 -0.659384 0.532305
v 0.929817 -0.659384 0.567661
v 0.791275 0.352153 0.635491
v 0.826631 0.352153 0.670847
v 0.791275 0.405643 0.635491
v 0.826631 0.405643 0.670847
v 0.871886 0.352153 0.554881
v 0.907241 0.352153 0.590236
v 0.871886 0.405643 0.554881
v 0.907241 0.405643 0.590236
v 0.791275 0.094357 0.635491
v 0.826631 0.094357 0.670847
v 0.791275 0.147847 0.635491
v 0.826631 0.147847 0.670847
v 0.871886 0.094357 0.554881
v 0.907241 0.094357 0.590236
v 0.871886 0.147847 0.554881
v 0.907241 0.147847 0.590236
v 0.852974 0.121102 0.573792
v 0.888330 0.121102 0.609148
v 0.852974 0.378898 0.573792
v 0.888330 0.378898 0.609148
v 0.890797 0.121102 0.535969
v 0.926153 0.121102 0.571325
v 0.890797 0.378898 0.535969
v 0.926153 0.378898 0.571325
v 0.772364 0.121102 0.654403
v 0.807719 0.121102 0.689758
v 0.772364 0.378898 0.654403
v 0.807719 0.378898 0.689758
v 0.810187 0.121102 0.616580
v 0.845542 0.121102 0.651935
v 0.810187 0.378898 0.616580
v 0.845542 0.378898 0.651935
v 0.768700 0.015640 0.658067
v 0.804055 0.015640 0.693422
v 0.768700 0.484360 0.658067
v 0.804055 0.484360 0.693422
v 0.806523 0.015640 0.620244
v 0.841878 0.015640 0.655599
v 0.806523 0.484360 0.620244
v 0.841878 0.484360 0.655599
v 0.758298 0.223255 0.668468
v 0.793654 0.223255 0.703824
v 0.758298 0.276745 0.668468
v 0.793654 0.276745 0.703824
v 0.904863 0.223255 0.521904
v 0.940218 0.223255 0.557259
v 0.904863 0.276745 0.521904
v 0.940218 0.276745 0.557259
v 0.485866 1.394813 0.940901
v 0.521222 1.394813 0.976256
v 0.527856 1.435789 0.934266
v 0.697872 1.164211 0.764251
v 0.704506 1.205187 0.722261
v 0.739861 1.205187 0.757616
v 0.579097 1.238507 0.847669
v 0.614453 1.238507 0.883025
v 0.579097 1.334789 0.847669
v 0.614453 1.334789 0.883025
v 0.647179 1.238507 0.779588
v 0.682534 1.238507 0.814943
v 0.647179 1.334789 0.779588
v 0.682534 1.334789 0.814943
v 0.780283 1.413871 0.646484
v 0.815638 1.413871 0.681839
v 0.780283 1.467361 0.646484
v 0.815638 1.467361 0.681839
v 0.882878 1.413871 0.543889
v 0.918234 1.413871 0.579244
v 0.882878 1.467361 0.543889
v 0.918234 1.467361 0.579244
v 0.856638 1.159384 0.570128
v 0.891994 1.159384 0.605484
v 0.856638 1.440616 0.570128
v 0.891994 1.440616 0.605484
v 0.894462 1.159384 0.532305
v 0.929817 1.159384 0.567661
v 0.894462 1.440616 0.532305
v 0.929817 1.440616 0.567661
v 0.758298 1.273255 0.668468
v 0.793654 1.273255 0.703824
v 0.758298 1.326745 0.668468
v 0.793654 1.326745 0.703824
v 0.904863 1.273255 0.521904
v 0.940218 1.273255 0.557259
v 0.904863 1.326745 0.521904
v 0.940218 1.326745 0.557259
v 1.701299 2.030000 -0.918737
v 1.811299 2.030000 -1.109263
v 1.756299 -1.550000 -1.174000
v 1.756299 -1.153333 -1.174000
v 1.869437 -1.550000 -1.127137
v 1.869437 -1.153333 -1.127137
v 1.916299 -1.550000 -1.014000
v 1.916299 -1.153333 -1.014000
v 1.869437 -1.550000 -0.900863
v 1.869437 -1.153333 -0.900863
v 1.756299 -1.550000 -0.854000
v 1.756299 -1.153333 -0.854000
v 1.643162 -1.550000 -0.900863
v 1.643162 -1.153333 -0.900863
v 1.596300 -1.550000 -1.014000
v 1.596300 -1.153333 -1.014000
v 1.643162 -1.550000 -1.127137
v 1.643162 -1.153333 -1.127137
v 1.852868 -1.153333 -1.063941
v 1.806241 -0.756667 -1.110569
v 1.806241 -1.153333 -0.917432
v 1.852868 -0.756667 -0.964059
v 1.659731 -1.153333 -0.964059
v 1.706358 -0.756667 -0.917432
v 1.706358 -1.153333 -1.110569
v 1.659731 -0.756667 -1.063941
v 1.756299 -0.756667 -1.174000
v 1.756299 -0.360000 -1.174000
v 1.869437 -0.756667 -1.127137
v 1.869437 -0.360000 -1.127137
v 1.916299 -0.756667 -1.014000
v 1.916299 -0.360000 -1.014000
v 1.869437 -0.756667 -0.900863
v 1.869437 -0.360000 -0.900863
v 1.756299 -0.756667 -0.854000
v 1.756299 -0.360000 -0.854000
v 1.643162 -0.756667 -0.900863
v 1.643162 -0.360000 -0.900863
v 1.596300 -0.756667 -1.014000
v 1.596300 -0.360000 -1.014000
v 1.643162 -0.756667 -1.127137
v 1.643162 -0.360000 -1.127137
v 1.852868 -0.360000 -1.063941
v 1.806241 0.036667 -1.110569
v 1.806241 -0.360000 -0.917432
v 1.852868 0.036667 -0.964059
v 1.659731 -0.360000 -0.964059
v 1.706358 0.036667 -0.917432
v 1.706358 -0.360000 -1.110569
v 1.659731 0.036667 -1.063941
v 1.756299 0.036667 -1.174000
v 1.756299 0.433333 -1.174000
v 1.869437 0.036667 -1.127137
v 1.869437 0.433333 -1.127137
v 1.916299 0.036667 -1.014000
v 1.916299 0.433333 -1.014000
v 1.869437 0.036667 -0.900863
v 1.869437 0.433333 -0.900863
v 1.756299 0.036667 -0.854000
v 1.756299 0.433333 -0.854000
v 1.643162 0.036667 -0.900863
v 1.643162 0.433333 -0.900863
v 1.596300 0.036667 -1.014000
v 1.596300 0.433333 -1.014000
v 1.643162 0.036667 -1.127137
v 1.643162 0.433333 -1.127137
v 1.852868 0.433333 -1.063941
v 1.806241 0.830000 -1.110569
v 1.806241 0.433333 -0.917432
v 1.852868 0.830000 -0.964059
v 1.659731 0.433333 -0.964059
v 1.706358 0.830000 -0.917432
v 1.706358 0.433333 -1.110569
v 1.659731 0.830000 -1.063941
v 1.756299 0.830000 -1.174000
v 1.756299 1.226667 -1.174000
v 1.869437 0.830000 -1.127137
v 1.869437 1.226667 -1.127137
v 1.916299 0.830000 -1.014000
v 1.916299 1.226667 -1.014000
v 1.869437 0.830000 -0.900863
v 1.869437 1.226667 -0.900863
v 1.756299 0.830000 -0.854000
v 1.756299 1.226667 -0.854000
v 1.643162 0.830000 -0.900863
v 1.643162 1.226667 -0.900863
v 1.596300 0.830000 -1.014000
v 1.596300 1.226667 -1.014000
v 1.643162 0.830000 -1.127137
v 1.643162 1.226667 -1.127137
v 1.852868 1.226667 -1.063941
v 1.806241 1.623333 -1.110569
v 1.806241 1.226667 -0.917432
v 1.852868 1.623333 -0.964059
v 1.659731 1.226667 -0.964059
v 1.706358 1.623333 -0.917432
v 1.706358 1.226667 -1.110569
v 1.659731 1.623333 -1.063941
v 1.756299 1.623333 -1.174000
v 1.756299 2.020000 -1.174000
v 1.869437 1.623333 -1.127137
v 1.869437 2.020000 -1.127137
v 1.916299 1.623333 -1.014000
v 1.916299 2.020000 -1.014000
v 1.869437 1.623333 -0.900863
v 1.869437 2.020000 -0.900863
v 1.756299 1.623333 -0.854000
v 1.756299 2.020000 -0.854000
v 1.643162 1.623333 -0.900863
v 1.643162 2.020000 -0.900863
v 1.596300 1.623333 -1.014000
v 1.596300 2.020000 -1.014000
v 1.643162 1.623333 -1.127137
v 1.643162 2.020000 -1.127137
v 1.756299 2.020000 -1.254000
v 1.756299 2.260000 -1.254000
v 1.926005 2.020000 -1.183706
v 1.926005 2.260000 -1.183706
v 1.996300 2.020000 -1.014000
v 1.996300 2.260000 -1.014000
v 1.926005 2.020000 -0.844294
v 1.926005 2.260000 -0.844294
v 1.756299 2.020000 -0.774000
v 1.756299 2.260000 -0.774000
v 1.586594 2.020000 -0.844294
v 1.586594 2.260000 -0.844294
v 1.516299 2.020000 -1.014000
v 1.516299 2.260000 -1.014000
v 1.586594 2.020000 -1.183706
v 1.586594 2.260000 -1.183706
v 0.000000 -1.550000 -2.188000
v 0.000000 -1.153333 -2.188000
v 0.113137 -1.550000 -2.141137
v 0.113137 -1.153333 -2.141137
v 0.160000 -1.550000 -2.028000
v 0.160000 -1.153333 -2.028000
v 0.113137 -1.550000 -1.914863
v 0.113137 -1.153333 -1.914863
v 0.000000 -1.550000 -1.868000
v 0.000000 -1.153333 -1.868000
v -0.113137 -1.550000 -1.914863
v -0.113137 -1.153333 -1.914863
v -0.160000 -1.550000 -2.028000
v -0.160000 -1.153333 -2.028000
v -0.113137 -1.550000 -2.141137
v -0.113137 -1.153333 -2.141137
v 0.000000 -1.153333 -2.132000
v 0.000000 -0.756667 -2.132000
v 0.096569 -1.153333 -2.077941
v 0.103598 -0.756667 -2.060971
v 0.049941 -1.153333 -1.931432
v 0.073539 -0.756667 -1.954461
v -0.073539 -1.153333 -1.954461
v -0.049941 -0.756667 -1.931432
v -0.103598 -1.153333 -2.060971
v -0.096569 -0.756667 -2.077941
v 0.000000 -0.756667 -2.188000
v 0.000000 -0.360000 -2.188000
v 0.113137 -0.756667 -2.141137
v 0.113137 -0.360000 -2.141137
v 0.160000 -0.756667 -2.028000
v 0.160000 -0.360000 -2.028000
v 0.113137 -0.756667 -1.914863
v 0.113137 -0.360000 -1.914863
v 0.000000 -0.756667 -1.868000
v 0.000000 -0.360000 -1.868000
v -0.113137 -0.756667 -1.914863
v -0.113137 -0.360000 -1.914863
v -0.160000 -0.756667 -2.028000
v -0.160000 -0.360000 -2.028000
v -0.113137 -0.756667 -2.141137
v -0.113137 -0.360000 -2.141137
v 0.000000 -0.360000 -2.132000
v 0.000000 0.036667 -2.132000
v 0.096569 -0.360000 -2.077941
v 0.103598 0.036667 -2.060971
v 0.049941 -0.360000 -1.931432
v 0.073539 0.036667 -1.954461
v -0.073539 -0.360000 -1.954461
v -0.049941 0.036667 -1.931432
v -0.103598 -0.360000 -2.060971
v -0.096569 0.036667 -2.077941
v 0.000000 0.036667 -2.188000
v 0.000000 0.433333 -2.188000
v 0.113137 0.036667 -2.141137
v 0.113137 0.433333 -2.141137
v 0.160000 0.036667 -2.028000
v 0.160000 0.433333 -2.028000
v 0.113137 0.036667 -1.914863
v 0.113137 0.433333 -1.914863
v 0.000000 0.036667 -1.868000
v 0.000000 0.433333 -1.868000
v -0.113137 0.036667 -1.914863
v -0.113137 0.433333 -1.914863
v -0.160000 0.036667 -2.028000
v -0.160000 0.433333 -2.028000
v -0.113137 0.036667 -2.141137
v -0.113137 0.433333 -2.141137
v 0.000000 0.433333 -2.132000
v 0.000000 0.830000 -2.132000
v 0.096569 0.433333 -2.077941
v 0.103598 0.830000 -2.060971
v 0.049941 0.433333 -1.931432
v 0.073539 0.830000 -1.954461
v -0.073539 0.433333 -1.954461
v -0.049941 0.830000 -1.931432
v -0.103598 0.433333 -2.060971
v -0.096569 0.830000 -2.077941
v 0.000000 0.830000 -2.188000
v 0.000000 1.226667 -2.188000
v 0.113137 0.830000 -2.141137
v 0.113137 1.226667 -2.141137
v 0.160000 0.830000 -2.028000
v 0.160000 1.226667 -2.028000
v 0.113137 0.830000 -1.914863
v 0.113137 1.226667 -1.914863
v 0.000000 0.830000 -1.868000
v 0.000000 1.226667 -1.868000
v -0.113137 0.830000 -1.914863
v -0.113137 1.226667 -1.914863
v -0.160000 0.830000 -2.028000
v -0.160000 1.226667 -2.028000
v -0.113137 0.830000 -2.141137
v -0.113137 1.226667 -2.141137
v 0.000000 1.226667 -2.132000
v 0.000000 1.623333 -2.132000
v 0.096569 1.226667 -2.077941
v 0.103598 1.623333 -2.060971
v 0.049941 1.226667 -1.931432
v 0.073539 1.623333 -1.954461
v -0.073539 1.226667 -1.954461
v -0.049941 1.623333 -1.931432
v -0.103598 1.226667 -2.060971
v -0.096569 1.623333 -2.077941
v 0.000000 1.623333 -2.188000
v 0.000000 2.020000 -2.188000
v 0.113137 1.623333 -2.141137
v 0.113137 2.020000 -2.141137
v 0.160000 1.623333 -2.028000
v 0.160000 2.020000 -2.028000
v 0.113137 1.623333 -1.914863
v 0.113137 2.020000 -1.914863
v 0.000000 1.623333 -1.868000
v 0.000000 2.020000 -1.868000
v -0.113137 1.623333 -1.914863
v -0.113137 2.020000 -1.914863
v -0.160000 1.623333 -2.028000
v -0.160000 2.020000 -2.028000
v -0.113137 1.623333 -2.141137
v -0.113137 2.020000 -2.141137
v 0.000000 2.020000 -2.268000
v 0.000000 2.260000 -2.268000
v 0.169706 2.020000 -2.197706
v 0.169706 2.260000 -2.197706
v 0.240000 2.020000 -2.028000
v 0.240000 2.260000 -2.028000
v 0.169706 2.020000 -1.858294
v 0.169706 2.260000 -1.858294
v 0.000000 2.020000 -1.788000
v 0.000000 2.260000 -1.788000
v -0.169706 2.020000 -1.858294
v -0.169706 2.260000 -1.858294
v -0.240000 2.020000 -2.028000
v -0.240000 2.260000 -2.028000
v -0.169706 2.020000 -2.197706
v -0.169706 2.260000 -2.197706
v -1.756299 -1.550000 -1.174000
v -1.756299 -1.153333 -1.174000
v -1.643162 -1.550000 -1.127137
v -1.643162 -1.153333 -1.127137
v -1.596300 -1.550000 -1.014000
v -1.596300 -1.153333 -1.014000
v -1.643162 -1.550000 -0.900863
v -1.643162 -1.153333 -0.900863
v -1.756299 -1.550000 -0.854000
v -1.756299 -1.153333 -0.854000
v -1.869437 -1.550000 -0.900863
v -1.869437 -1.153333 -0.900863
v -1.916299 -1.550000 -1.014000
v -1.916299 -1.153333 -1.014000
v -1.869437 -1.550000 -1.127137
v -1.869437 -1.153333 -1.127137
v -1.659731 -1.153333 -1.063941
v -1.706358 -0.756667 -1.110569
v -1.706358 -1.153333 -0.917432
v -1.659731 -0.756667 -0.964059
v -1.852868 -1.153333 -0.964059
v -1.806241 -0.756667 -0.917432
v -1.806241 -1.153333 -1.110569
v -1.852868 -0.756667 -1.063941
v -1.756299 -0.756667 -1.174000
v -1.756299 -0.360000 -1.174000
v -1.643162 -0.756667 -1.127137
v -1.643162 -0.360000 -1.127137
v -1.596300 -0.756667 -1.014000
v -1.596300 -0.360000 -1.014000
v -1.643162 -0.756667 -0.900863
v -1.643162 -0.360000 -0.900863
v -1.756299 -0.756667 -0.854000
v -1.756299 -0.360000 -0.854000
v -1.869437 -0.756667 -0.900863
v -1.869437 -0.360000 -0.900863
v -1.916299 -0.756667 -1.014000
v -1.916299 -0.360000 -1.014000
v -1.869437 -0.756667 -1.127137
v -1.869437 -0.360000 -1.127137
v -1.659731 -0.360000 -1.063941
v -1.706358 0.036667 -1.110569
v -1.706358 -0.360000 -0.917432
v -1.659731 0.036667 -0.964059
v -1.852868 -0.360000 -0.964059
v -1.806241 0.036667 -0.917432
v -1.806241 -0.360000 -1.110569
v -1.852868 0.036667 -1.063941
v -1.756299 0.036667 -1.174000
v -1.756299 0.433333 -1.174000
v -1.643162 0.036667 -1.127137
v -1.643162 0.433333 -1.127137
v -1.596300 0.036667 -1.014000
v -1.596300 0.433333 -1.014000
v -1.643162 0.036667 -0.900863
v -1.643162 0.433333 -0.900863
v -1.756299 0.036667 -0.854000
v -1.756299 0.433333 -0.854000
v -1.869437 0.036667 -0.900863
v -1.869437 0.433333 -0.900863
v -1.916299 0.036667 -1.014000
v -1.916299 0.433333 -1.014000
v -1.869437 0.036667 -1.127137
v -1.869437 0.433333 -1.127137
v -1.659731 0.433333 -1.063941
v -1.706358 0.830000 -1.110569
v -1.706358 0.433333 -0.917432
v -1.659731 0.830000 -0.964059
v -1.852868 0.433333 -0.964059
v -1.806241 0.830000 -0.917432
v -1.806241 0.433333 -1.110569
v -1.852868 0.830000 -1.063941
v -1.756299 0.830000 -1.174000
v -1.756299 1.226667 -1.174000
v -1.643162 0.830000 -1.127137
v -1.643162 1.226667 -1.127137
v -1.596300 0.830000 -1.014000
v -1.596300 1.226667 -1.014000
v -1.643162 0.830000 -0.900863
v -1.643162 1.226667 -0.900863
v -1.756299 0.830000 -0.854000
v -1.756299 1.226667 -0.854000
v -1.869437 0.830000 -0.900863
v -1.869437 1.226667 -0.900863
v -1.916299 0.830000 -1.014000
v -1.916299 1.226667 -1.014000
v -1.869437 0.830000 -1.127137
v -1.869437 1.226667 -1.127137
v -1.659731 1.226667 -1.063941
v -1.706358 1.623333 -1.110569
v -1.706358 1.226667 -0.917432
v -1.659731 1.623333 -0.964059
v -1.852868 1.226667 -0.964059
v -1.806241 1.623333 -0.917432
v -1.806241 1.226667 -1.110569
v -1.852868 1.623333 -1.063941
v -1.756299 1.623333 -1.174000
v -1.756299 2.020000 -1.174000
v -1.643162 1.623333 -1.127137
v -1.643162 2.020000 -1.127137
v -1.596300 1.623333 -1.014000
v -1.596300 2.020000 -1.014000
v -1.643162 1.623333 -0.900863
v -1.643162 2.020000 -0.900863
v -1.756299 1.623333 -0.854000
v -1.756299 2.020000 -0.854000
v -1.869437 1.623333 -0.900863
v -1.869437 2.020000 -0.900863
v -1.916299 1.623333 -1.014000
v -1.916299 2.020000 -1.014000
v -1.869437 1.623333 -1.127137
v -1.869437 2.020000 -1.127137
v -1.756299 2.020000 -1.254000
v -1.756299 2.260000 -1.254000
v -1.586594 2.020000 -1.183706
v -1.586594 2.260000 -1.183706
v -1.516299 2.020000 -1.014000
v -1.516299 2.260000 -1.014000
v -1.586594 2.020000 -0.844294
v -1.586594 2.260000 -0.844294
v -1.756299 2.020000 -0.774000
v -1.756299 2.260000 -0.774000
v -1.926005 2.020000 -0.844294
v -1.926005 2.260000 -0.844294
v -1.996300 2.020000 -1.014000
v -1.996300 2.260000 -1.014000
v -1.926005 2.020000 -1.183706
v -1.926005 2.260000 -1.183706
v -1.756299 -1.550000 0.854000
v -1.756299 -1.153333 0.854000
v -1.643162 -1.550000 0.900863
v -1.643162 -1.153333 0.900863
v -1.596300 -1.550000 1.014000
v -1.596300 -1.153333 1.014000
v -1.643162 -1.550000 1.127137
v -1.643162 -1.153333 1.127137
v -1.756299 -1.550000 1.174000
v -1.756299 -1.153333 1.174000
v -1.869437 -1.550000 1.127137
v -1.869437 -1.153333 1.127137
v -1.916299 -1.550000 1.014000
v -1.916299 -1.153333 1.014000
v -1.869437 -1.550000 0.900863
v -1.869437 -1.153333 0.900863
v -1.659731 -1.153333 0.964059
v -1.706358 -0.756667 0.917432
v -1.706358 -1.153333 1.110569
v -1.659731 -0.756667 1.063941
v -1.852868 -1.153333 1.063941
v -1.806241 -0.756667 1.110569
v -1.806241 -1.153333 0.917432
v -1.852868 -0.756667 0.964059
v -1.756299 -0.756667 0.854000
v -1.756299 -0.360000 0.854000
v -1.643162 -0.756667 0.900863
v -1.643162 -0.360000 0.900863
v -1.596300 -0.756667 1.014000
v -1.596300 -0.360000 1.014000
v -1.643162 -0.756667 1.127137
v -1.643162 -0.360000 1.127137
v -1.756299 -0.756667 1.174000
v -1.756299 -0.360000 1.174000
v -1.869437 -0.756667 1.127137
v -1.869437 -0.360000 1.127137
v -1.916299 -0.756667 1.014000
v -1.916299 -0.360000 1.014000
v -1.869437 -0.756667 0.900863
v -1.869437 -0.360000 0.900863
v -1.659731 -0.360000 0.964059
v -1.706358 0.036667 0.917432
v -1.706358 -0.360000 1.110569
v -1.659731 0.036667 1.063941
v -1.852868 -0.360000 1.063941
v -1.806241 0.036667 1.110569
v -1.806241 -0.360000 0.917432
v -1.852868 0.036667 0.964059
v -1.756299 0.036667 0.854000
v -1.756299 0.433333 0.854000
v -1.643162 0.036667 0.900863
v -1.643162 0.433333 0.900863
v -1.596300 0.036667 1.014000
v -1.596300 0.433333 1.014000
v -1.643162 0.036667 1.127137
v -1.643162 0.433333 1.127137
v -1.756299 0.036667 1.174000
v -1.756299 0.433333 1.174000
v -1.869437 0.036667 1.127137
v -1.869437 0.433333 1.127137
v -1.916299 0.036667 1.014000
v -1.916299 0.433333 1.014000
v -1.869437 0.036667 0.900863
v -1.869437 0.433333 0.900863
v -1.659731 0.433333 0.964059
v -1.706358 0.830000 0.917432
v -1.706358 0.433333 1.110569
v -1.659731 0.830000 1.063941
v -1.852868 0.433333 1.063941
v -1.806241 0.830000 1.110569
v -1.806241 0.433333 0.917432
v -1.852868 0.830000 0.964059
v -1.756299 0.830000 0.854000
v -1.756299 1.226667 0.854000
v -1.643162 0.830000 0.900863
v -1.643162 1.226667 0.900863
v -1.596300 0.830000 1.014000
v -1.596300 1.226667 1.014000
v -1.643162 0.830000 1.127137
v -1.643162 1.226667 1.127137
v -1.756299 0.830000 1.174000
v -1.756299 1.226667 1.174000
v -1.869437 0.830000 1.127137
v -1.869437 1.226667 1.127137
v -1.916299 0.830000 1.014000
v -1.916299 1.226667 1.014000
v -1.869437 0.830000 0.900863
v -1.869437 1.226667 0.900863
v -1.659731 1.226667 0.964059
v -1.706358 1.623333 0.917432
v -1.706358 1.226667 1.110569
v -1.659731 1.623333 1.063941
v -1.852868 1.226667 1.063941
v -1.806241 1.623333 1.110569
v -1.806241 1.226667 0.917432
v -1.852868 1.623333 0.964059
v -1.756299 1.623333 0.854000
v -1.756299 2.020000 0.854000
v -1.643162 1.623333 0.900863
v -1.643162 2.020000 0.900863
v -1.596300 1.623333 1.014000
v -1.596300 2.020000 1.014000
v -1.643162 1.623333 1.127137
v -1.643162 2.020000 1.127137
v -1.756299 1.623333 1.174000
v -1.756299 2.020000 1.174000
v -1.869437 1.623333 1.127137
v -1.869437 2.020000 1.127137
v -1.916299 1.623333 1.014000
v -1.916299 2.020000 1.014000
v -1.869437 1.623333 0.900863
v -1.869437 2.020000 0.900863
v -1.756299 2.020000 0.774000
v -1.756299 2.260000 0.774000
v -1.586594 2.020000 0.844294
v -1.586594 2.260000 0.844294
v -1.516299 2.020000 1.014000
v -1.516299 2.260000 1.014000
v -1.586594 2.020000 1.183706
v -1.586594 2.260000 1.183706
v -1.756299 2.020000 1.254000
v -1.756299 2.260000 1.254000
v -1.926005 2.020000 1.183706
v -1.926005 2.260000 1.183706
v -1.996300 2.020000 1.014000
v -1.996300 2.260000 1.014000
v -1.926005 2.020000 0.844294
v -1.926005 2.260000 0.844294
v -0.000000 -1.550000 1.868000
v -0.000000 -1.153333 1.868000
v 0.113137 -1.550000 1.914863
v 0.113137 -1.153333 1.914863
v 0.160000 -1.550000 2.028000
v 0.160000 -1.153333 2.028000
v 0.113137 -1.550000 2.141137
v 0.113137 -1.153333 2.141137
v -0.000000 -1.550000 2.188000
v -0.000000 -1.153333 2.188000
v -0.113137 -1.550000 2.141137
v -0.113137 -1.153333 2.141137
v -0.160000 -1.550000 2.028000
v -0.160000 -1.153333 2.028000
v -0.113137 -1.550000 1.914863
v -0.113137 -1.153333 1.914863
v 0.073539 -1.153333 1.954461
v 0.049941 -0.756667 1.931432
v 0.103598 -1.153333 2.060971
v 0.096569 -0.756667 2.077941
v -0.000000 -1.153333 2.132000
v -0.000000 -0.756667 2.132000
v -0.096569 -1.153333 2.077941
v -0.103598 -0.756667 2.060971
v -0.049941 -1.153333 1.931432
v -0.073539 -0.756667 1.954461
v -0.000000 -0.756667 1.868000
v -0.000000 -0.360000 1.868000
v 0.113137 -0.756667 1.914863
v 0.113137 -0.360000 1.914863
v 0.160000 -0.756667 2.028000
v 0.160000 -0.360000 2.028000
v 0.113137 -0.756667 2.141137
v 0.113137 -0.360000 2.141137
v -0.000000 -0.756667 2.188000
v -0.000000 -0.360000 2.188000
v -0.113137 -0.756667 2.141137
v -0.113137 -0.360000 2.141137
v -0.160000 -0.756667 2.028000
v -0.160000 -0.360000 2.028000
v -0.113137 -0.756667 1.914863
v -0.113137 -0.360000 1.914863
v 0.073539 -0.360000 1.954461
v 0.049941 0.036667 1.931432
v 0.103598 -0.360000 2.060971
v 0.096569 0.036667 2.077941
v -0.000000 -0.360000 2.132000
v -0.000000 0.036667 2.132000
v -0.096569 -0.360000 2.077941
v -0.103598 0.036667 2.060971
v -0.049941 -0.360000 1.931432
v -0.073539 0.036667 1.954461
v -0.000000 0.036667 1.868000
v -0.000000 0.433333 1.868000
v 0.113137 0.036667 1.914863
v 0.113137 0.433333 1.914863
v 0.160000 0.036667 2.028000
v 0.160000 0.433333 2.028000
v 0.113137 0.036667 2.141137
v 0.113137 0.433333 2.141137
v -0.000000 0.036667 2.188000
v -0.000000 0.433333 2.188000
v -0.113137 0.036667 2.141137
v -0.113137 0.433333 2.141137
v -0.160000 0.036667 2.028000
v -0.160000 0.433333 2.028000
v -0.113137 0.036667 1.914863
v -0.113137 0.433333 1.914863
v 0.073539 0.433333 1.954461
v 0.049941 0.830000 1.931432
v 0.103598 0.433333 2.060971
v 0.096569 0.830000 2.077941
v -0.000000 0.433333 2.132000
v -0.000000 0.830000 2.132000
v -0.096569 0.433333 2.077941
v -0.103598 0.830000 2.060971
v -0.049941 0.433333 1.931432
v -0.073539 0.830000 1.954461
v -0.000000 0.830000 1.868000
v -0.000000 1.226667 1.868000
v 0.113137 0.830000 1.914863
v 0.113137 1.226667 1.914863
v 0.160000 0.830000 2.028000
v 0.160000 1.226667 2.028000
v 0.113137 0.830000 2.141137
v 0.113137 1.226667 2.141137
v -0.000000 0.830000 2.188000
v -0.000000 1.226667 2.188000
v -0.113137 0.830000 2.141137
v -0.113137 1.226667 2.141137
v -0.160000 0.830000 2.028000
v -0.160000 1.226667 2.028000
v -0.113137 0.830000 1.914863
v -0.113137 1.226667 1.914863
v 0.073539 1.226667 1.954461
v 0.049941 1.623333 1.931432
v 0.103598 1.226667 2.060971
v 0.096569 1.623333 2.077941
v -0.000000 1.226667 2.132000
v -0.000000 1.623333 2.132000
v -0.096569 1.226667 2.077941
v -0.103598 1.623333 2.060971
v -0.049941 1.226667 1.931432
v -0.073539 1.623333 1.954461
v -0.000000 1.623333 1.868000
v -0.000000 2.020000 1.868000
v 0.113137 1.623333 1.914863
v 0.113137 2.020000 1.914863
v 0.160000 1.623333 2.028000
v 0.160000 2.020000 2.028000
v 0.113137 1.623333 2.141137
v 0.113137 2.020000 2.141137
v -0.000000 1.623333 2.188000
v -0.000000 2.020000 2.188000
v -0.113137 1.623333 2.141137
v -0.113137 2.020000 2.141137
v -0.160000 1.623333 2.028000
v -0.160000 2.020000 2.028000
v -0.113137 1.623333 1.914863
v -0.113137 2.020000 1.914863
v -0.000000 2.020000 1.788000
v -0.000000 2.260000 1.788000
v 0.169706 2.020000 1.858294
v 0.169706 2.260000 1.858294
v 0.240000 2.020000 2.028000
v 0.240000 2.260000 2.028000
v 0.169706 2.020000 2.197706
v 0.169706 2.260000 2.197706
v -0.000000 2.020000 2.268000
v -0.000000 2.260000 2.268000
v -0.169706 2.020000 2.197706
v -0.169706 2.260000 2.197706
v -0.240000 2.020000 2.028000
v -0.240000 2.260000 2.028000
v -0.169706 2.020000 1.858294
v -0.169706 2.260000 1.858294
v 1.756299 -1.550000 0.854000
v 1.756299 -1.153333 0.854000
v 1.869437 -1.550000 0.900863
v 1.869437 -1.153333 0.900863
v 1.916299 -1.550000 1.014000
v 1.916299 -1.153333 1.014000
v 1.869437 -1.550000 1.127137
v 1.869437 -1.153333 1.127137
v 1.756299 -1.550000 1.174000
v 1.756299 -1.153333 1.174000
v 1.643162 -1.550000 1.127137
v 1.643162 -1.153333 1.127137
v 1.596300 -1.550000 1.014000
v 1.596300 -1.153333 1.014000
v 1.643162 -1.550000 0.900863
v 1.643162 -1.153333 0.900863
v 1.852868 -1.153333 0.964059
v 1.806241 -0.756667 0.917432
v 1.806241 -1.153333 1.110569
v 1.852868 -0.756667 1.063941
v 1.659731 -1.153333 1.063941
v 1.706358 -0.756667 1.110569
v 1.706358 -1.153333 0.917432
v 1.659731 -0.756667 0.964059
v 1.756299 -0.756667 0.854000
v 1.756299 -0.360000 0.854000
v 1.869437 -0.756667 0.900863
v 1.869437 -0.360000 0.900863
v 1.916299 -0.756667 1.014000
v 1.916299 -0.360000 1.014000
v 1.869437 -0.756667 1.127137
v 1.869437 -0.360000 1.127137
v 1.756299 -0.756667 1.174000
v 1.756299 -0.360000 1.174000
v 1.643162 -0.756667 1.127137
v 1.643162 -0.360000 1.127137
v 1.596300 -0.756667 1.014000
v 1.596300 -0.360000 1.014000
v 1.643162 -0.756667 0.900863
v 1.643162 -0.360000 0.900863
v 1.852868 -0.360000 0.964059
v 1.806241 0.036667 0.917432
v 1.806241 -0.360000 1.110569
v 1.852868 0.036667 1.063941
v 1.659731 -0.360000 1.063941
v 1.706358 0.036667 1.110569
v 1.706358 -0.360000 0.917432
v 1.659731 0.036667 0.964059
v 1.756299 0.036667 0.854000
v 1.756299 0.433333 0.854000
v 1.869437 0.036667 0.900863
v 1.869437 0.433333 0.900863
v 1.916299 0.036667 1.014000
v 1.916299 0.433333 1.014000
v 1.869437 0.036667 1.127137
v 1.869437 0.433333 1.127137
v 1.756299 0.036667 1.174000
v 1.756299 0.433333 1.174000
v 1.643162 0.036667 1.127137
v 1.643162 0.433333 1.127137
v 1.596300 0.036667 1.014000
v 1.596300 0.433333 1.014000
v 1.643162 0.036667 0.900863
v 1.643162 0.433333 0.900863
v 1.852868 0.433333 0.964059
v 1.806241 0.830000 0.917432
v 1.806241 0.433333 1.110569
v 1.852868 0.830000 1.063941
v 1.659731 0.433333 1.063941
v 1.706358 0.830000 1.110569
v 1.706358 0.433333 0.917432
v 1.659731 0.830000 0.964059
v 1.756299 0.830000 0.854000
v 1.756299 1.226667 0.854000
v 1.869437 0.830000 0.900863
v 1.869437 1.226667 0.900863
v 1.916299 0.830000 1.014000
v 1.916299 1.226667 1.014000
v 1.869437 0.830000 1.127137
v 1.869437 1.226667 1.127137
v 1.756299 0.830000 1.174000
v 1.756299 1.226667 1.174000
v 1.643162 0.830000 1.127137
v 1.643162 1.226667 1.127137
v 1.596300 0.830000 1.014000
v 1.596300 1.226667 1.014000
v 1.643162 0.830000 0.900863
v 1.643162 1.226667 0.900863
v 1.852868 1.226667 0.964059
v 1.806241 1.623333 0.917432
v 1.806241 1.226667 1.110569
v 1.852868 1.623333 1.063941
v 1.659731 1.226667 1.063941
v 1.706358 1.623333 1.110569
v 1.706358 1.226667 0.917432
v 1.659731 1.623333 0.964059
v 1.756299 1.623333 0.854000
v 1.756299 2.020000 0.854000
v 1.869437 1.623333 0.900863
v 1.869437 2.020000 0.900863
v 1.916299 1.623333 1.014000
v 1.916299 2.020000 1.014000
v 1.869437 1.623333 1.127137
v 1.869437 2.020000 1.127137
v 1.756299 1.623333 1.174000
v 1.756299 2.020000 1.174000
v 1.643162 1.623333 1.127137
v 1.643162 2.020000 1.127137
v 1.596300 1.623333 1.014000
v 1.596300 2.020000 1.014000
v 1.643162 1.623333 0.900863
v 1.643162 2.020000 0.900863
v 1.756299 2.020000 0.774000
v 1.756299 2.260000 0.774000
v 1.926005 2.020000 0.844294
v 1.926005 2.260000 0.844294
v 1.996300 2.020000 1.014000
v 1.996300 2.260000 1.014000
v 1.926005 2.020000 1.183706
v 1.926005 2.260000 1.183706
v 1.756299 2.020000 1.254000
v 1.756299 2.260000 1.254000
v 1.586594 2.020000 1.183706
v 1.586594 2.260000 1.183706
v 1.516299 2.020000 1.014000
v 1.516299 2.260000 1.014000
v 1.586594 2.020000 0.844294
v 1.586594 2.260000 0.844294
v 1.701299 2.250000 -0.918737
v 1.811299 2.250000 -1.109263
v -0.055000 2.030000 -1.932737
v 0.055000 2.030000 -2.123263
v -0.055000 2.250000 -1.932737
v 0.055000 2.250000 -2.123263
v 0.055000 2.030000 -1.932737
v -0.055000 2.030000 -2.123263
v 0.055000 2.250000 -1.932737
v -0.055000 2.250000 -2.123263
v -1.701299 2.030000 -0.918737
v -1.811299 2.030000 -1.109263
v -1.701299 2.250000 -0.918737
v -1.811299 2.250000 -1.109263
v -1.646299 2.030000 -1.014000
v -1.866300 2.030000 -1.014000
v -1.646299 2.250000 -1.014000
v -1.866300 2.250000 -1.014000
v -1.646299 2.030000 1.014000
v -1.866300 2.030000 1.014000
v -1.646299 2.250000 1.014000
v -1.866300 2.250000 1.014000
v -1.701299 2.030000 0.918737
v -1.811299 2.030000 1.109263
v -1.701299 2.250000 0.918737
v -1.811299 2.250000 1.109263
v 0.055000 2.030000 1.932737
v -0.055000 2.030000 2.123263
v 0.055000 2.250000 1.932737
v -0.055000 2.250000 2.123263
v -0.055000 2.030000 1.932737
v 0.055000 2.030000 2.123263
v -0.055000 2.250000 1.932737
v 0.055000 2.250000 2.123263
v 1.701299 2.030000 0.918737
v 1.811299 2.030000 1.109263
v 1.701299 2.250000 0.918737
v 1.811299 2.250000 1.109263
v 1.646299 2.030000 1.014000
v 1.866300 2.030000 1.014000
v 1.646299 2.250000 1.014000
v 1.866300 2.250000 1.014000
v 1.646299 2.030000 -1.014000
v 1.866300 2.030000 -1.014000
v 1.646299 2.250000 -1.014000
v 1.866300 2.250000 -1.014000
vn -0.9519 -0.2966 -0.0765
vn 1.0000 -0.0000 -0.0000
vn -0.0000 -0.0000 -1.0000
vn -0.0000 -0.0000 1.0000
vn 0.7071 -0.0000 -0.7071
vn 0.7071 -0.0000 0.7071
vn -0.0000 -1.0000 -0.0000
vn -0.9994 -0.0355 -0.0000
vn -0.7071 -0.0000 0.7071
vn -0.0000 1.0000 -0.0000
vn 0.8409 0.5240 -0.1352
vn -1.0000 -0.0000 -0.0000
vn -0.7071 -0.0000 -0.7071
vn -0.0000 0.7660 0.6428
vn -0.0000 -0.7660 -0.6428
vn -0.9041 -0.3642 -0.2234
vn 0.9041 0.3642 0.2234
vn -0.9490 0.2957 0.1090
vn 0.9490 0.2957 -0.1090
vn -0.9532 -0.0565 -0.2970
vn 0.8476 0.0502 -0.5282
vn -0.0000 0.6428 0.7660
vn -0.0000 -0.6428 -0.7660
vn -0.9041 0.3642 -0.2234
vn 0.9041 -0.3642 0.2234
vn -0.9547 -0.2975 -0.0000
vn -0.9456 0.2946 0.1382
vn 0.9456 0.2946 -0.1382
vn -0.9529 0.0616 0.2969
vn 0.9529 0.0616 -0.2969
vn -0.9490 -0.2957 -0.1090
vn 0.9326 0.2906 -0.2142
vn -0.9532 0.0565 0.2970
vn 0.9532 0.0565 -0.2970
vn -0.9519 0.2966 0.0765
vn 0.9519 0.2966 -0.0765
vn -0.7973 0.3642 0.4814
vn 0.7973 -0.3642 -0.4814
vn 0.4545 0.7660 0.4545
vn -0.4545 -0.7660 -0.4545
vn -0.7973 -0.3642 0.4814
vn 0.7973 0.3642 -0.4814
vn -0.5417 -0.6428 -0.5417
vn 0.5417 0.6428 0.5417
vn -0.4545 0.7660 -0.4545
vn 0.0765 0.2966 0.9519
vn -0.0765 0.2966 -0.9519
vn 0.6428 0.7660 -0.0000
vn -0.6428 -0.7660 -0.0000
vn -0.2234 -0.3642 0.9041
vn 0.2234 0.3642 -0.9041
vn 0.2689 0.2865 0.9196
vn 0.1382 -0.2946 -0.9456
vn 0.1382 0.2946 0.9456
vn -0.1231 0.5249 -0.8422
vn 0.2969 0.0616 0.9529
vn -0.2969 0.0616 -0.9529
vn 0.7660 -0.6428 -0.0000
vn -0.7660 0.6428 -0.0000
vn 0.1090 0.2957 0.9490
vn -0.1090 0.2957 -0.9490
vn -0.1382 0.2946 -0.9456
vn 0.7660 0.6428 -0.0000
vn -0.7660 -0.6428 -0.0000
vn -0.2234 0.3642 0.9041
vn 0.2234 -0.3642 -0.9041
vn 0.4545 0.7660 -0.4545
vn -0.4545 -0.7660 0.4545
vn 0.4814 -0.3642 0.7973
vn -0.4814 0.3642 -0.7973
vn -0.5417 -0.6428 0.5417
vn 0.4814 0.3642 0.7973
vn -0.4814 -0.3642 -0.7973
vn 0.9911 -0.0000 0.1328
vn -0.9249 0.2882 0.2479
vn 0.9542 0.0339 -0.2973
vn -0.9542 0.0339 0.2973
vn -0.0000 0.7660 -0.6428
vn -0.0000 -0.7660 0.6428
vn 0.4545 -0.7660 0.4545
vn -0.6428 0.7660 -0.0000
vn 0.6428 -0.7660 -0.0000
vn -0.0000 -0.0645 0.9979
vn -0.1614 0.3229 -0.9326
vn 0.1614 0.3229 0.9326
vn -0.2973 0.0339 -0.9542
vn 0.2973 0.0339 0.9542
vn -0.2952 0.1225 -0.9475
vn -0.1269 0.2951 -0.9470
vn 0.1269 0.2951 0.9470
vn -0.5257 0.1091 -0.8436
vn -0.2975 -0.0000 0.9547
vn -0.5417 0.6428 0.5417
vn 0.5000 -0.0000 0.8660
vn 0.3827 -0.0000 -0.9239
vn -0.3024 -0.0761 0.9501
vn 0.9239 -0.0000 -0.3827
vn 0.3827 -0.0000 0.9239
vn 0.9239 -0.0000 0.3827
vn 0.3024 -0.0761 -0.9501
vn -0.3827 -0.0000 0.9239
vn 0.9501 -0.0761 0.3024
vn -0.9239 -0.0000 0.3827
vn -0.9239 -0.0000 -0.3827
vn -0.3827 -0.0000 -0.9239
vn -0.9501 -0.0761 -0.3024
vn 0.4885 -0.0000 -0.8726
vn 0.9525 -0.0298 0.3031
vn -0.1831 -0.0461 0.9820
vn -0.9616 0.0414 0.2714
vn -0.5653 -0.0253 -0.8245
vn 0.5653 -0.0253 0.8245
vn 0.1831 -0.0461 -0.9820
vn 0.9616 0.0414 -0.2714
vn -0.4885 -0.0000 0.8726
vn -0.9525 -0.0298 -0.3031
vn -0.5000 -0.0000 -0.8660
vn -0.8660 -0.0000 -0.5000
vn -0.5000 -0.0000 0.8660
vn 0.8660 -0.0000 -0.5000
vn -0.8660 -0.0000 0.5000
vn 0.8660 -0.0000 0.5000
vn 0.5000 -0.0000 -0.8660
vn 0.8472 -0.0602 0.5279
vn -0.9547 -0.0000 0.2975
vn -0.0000 0.6428 -0.7660
vn 0.8409 -0.5240 0.1352
vn -0.0000 -0.6428 0.7660
vn -0.9041 0.3642 0.2234
vn 0.9041 -0.3642 -0.2234
vn 0.9490 -0.2957 0.1090
vn 0.9487 -0.1124 0.2956
vn -0.9041 -0.3642 0.2234
vn 0.9041 0.3642 -0.2234
vn -0.9911 -0.0000 0.1328
vn 0.8276 -0.5157 0.2218
vn -0.9456 -0.2946 -0.1382
vn 0.9456 -0.2946 0.1382
vn -0.9529 -0.0616 -0.2969
vn 0.9529 -0.0616 0.2969
vn 0.8447 -0.5264 0.0970
vn 0.9532 -0.0565 0.2970
vn 0.9519 -0.2966 0.0765
vn -0.4814 -0.3642 0.7973
vn 0.4814 0.3642 -0.7973
vn 0.5417 -0.6428 0.5417
vn -0.5417 0.6428 -0.5417
vn -0.4814 0.3642 0.7973
vn 0.4814 -0.3642 -0.7973
vn -0.0765 -0.2966 0.9519
vn 0.0765 -0.2966 -0.9519
vn 0.2234 0.3642 0.9041
vn -0.2234 -0.3642 -0.9041
vn -0.1231 -0.5249 0.8422
vn 0.2689 -0.2865 -0.9196
vn -0.2969 -0.0616 0.9529
vn 0.2969 -0.0616 -0.9529
vn -0.1090 -0.2957 0.9490
vn 0.1090 -0.2957 -0.9490
vn -0.1382 -0.2946 0.9456
vn 0.2234 -0.3642 0.9041
vn -0.2234 0.3642 -0.9041
vn 0.5417 -0.6428 -0.5417
vn 0.7973 0.3642 0.4814
vn -0.7973 -0.3642 -0.4814
vn 0.5417 0.6428 -0.5417
vn -0.4545 0.7660 0.4545
vn 0.4545 -0.7660 -0.4545
vn 0.7973 -0.3642 0.4814
vn -0.7973 0.3642 -0.4814
vn 0.9249 -0.2882 0.2479
vn 0.9542 -0.0339 0.2973
vn -0.9542 -0.0339 -0.2973
vn 0.5257 -0.1091 -0.8436
vn 0.2975 -0.0000 0.9547
vn -0.0000 0.1706 -0.9853
vn -0.0000 0.1706 0.9853
vn 0.2973 -0.0339 -0.9542
vn -0.2973 -0.0339 0.9542
vn 0.5281 -0.0548 -0.8474
vn 0.1269 -0.2951 -0.9470
vn -0.1269 -0.2951 0.9470
vn -0.0000 0.0645 0.9979
vn 0.9501 0.0761 -0.3024
vn 0.3024 0.0761 0.9501
vn -0.9501 0.0761 0.3024
vn -0.3024 0.0761 -0.9501
vn 0.1831 0.0461 0.9820
vn 0.5653 0.0253 -0.8245
vn 0.9616 -0.0414 0.2714
vn -0.9525 0.0298 0.3031
vn -0.4885 -0.0000 -0.8726
vn 0.4885 -0.0000 0.8726
vn 0.9525 0.0298 -0.3031
vn -0.5653 0.0253 0.8245
vn -0.9616 -0.0414 -0.2714
vn -0.1831 0.0461 -0.9820
vt 0.125000 0.125000
vt 0.125000 0.625000
vt 0.375000 0.625000
vt 0.875000 0.625000
vt 0.375000 0.875000
vt 0.375000 0.375000
s 0
usemtl ruins_beacon_cipher
f 61/1/1 56/1/1 57/1/1
f 51/1/2 53/1/2 55/1/2
f 3/2/3 4/2/3 2/2/3
f 27/3/4 28/3/4 26/3/4
f 21/3/5 22/3/5 20/3/5
f 5/2/5 6/2/5 4/2/5
f 25/3/6 26/3/6 24/3/6
f 60/1/7 56/1/7 59/1/7
f 7/2/2 8/2/2 6/2/2
f 53/1/7 1/1/7 52/1/7
f 54/1/8 1/1/8 50/1/8
f 9/2/6 10/2/6 8/2/6
f 19/3/3 20/3/3 18/3/3
f 11/2/4 12/2/4 10/2/4
f 23/3/2 24/3/2 22/3/2
f 55/1/3 52/1/3 54/1/3
f 13/2/9 14/2/9 12/2/9
f 15/4/10 11/4/10 7/4/10
f 58/1/11 60/1/11 61/1/11
f 15/2/12 16/2/12 14/2/12
f 35/3/3 36/3/3 34/3/3
f 41/3/6 42/3/6 40/3/6
f 17/2/13 2/2/13 16/2/13
f 8/5/7 12/5/7 16/5/7
f 39/3/2 40/3/2 38/3/2
f 29/3/9 30/3/9 28/3/9
f 64/1/14 67/1/14 63/1/14
f 28/3/7 32/3/7 20/3/7
f 31/3/12 32/3/12 30/3/12
f 37/3/5 38/3/5 36/3/5
f 43/3/4 44/3/4 42/3/4
f 33/3/13 18/3/13 32/3/13
f 23/3/10 19/3/10 31/3/10
f 51/1/10 54/1/10 50/1/10
f 45/3/9 46/3/9 44/3/9
f 49/6/10 45/6/10 41/6/10
f 47/3/12 48/3/12 46/3/12
f 58/1/10 61/1/10 57/1/10
f 49/3/13 34/3/13 48/3/13
f 34/5/7 36/5/7 38/5/7
f 66/1/15 62/1/15 65/1/15
f 63/1/16 65/1/16 62/1/16
f 64/1/17 66/1/17 67/1/17
f 69/1/4 70/1/4 68/1/4
f 71/1/10 74/1/10 70/1/10
f 75/1/3 72/1/3 74/1/3
f 73/1/7 68/1/7 72/1/7
f 74/1/12 68/1/12 70/1/12
f 71/1/2 73/1/2 75/1/2
f 79/1/18 76/1/18 77/1/18
f 77/1/19 78/1/19 79/1/19
f 82/1/10 84/1/10 81/1/10
f 84/1/20 80/1/20 81/1/20
f 82/1/21 83/1/21 84/1/21
f 86/1/22 87/1/22 85/1/22
f 90/1/23 88/1/23 89/1/23
f 89/1/24 85/1/24 87/1/24
f 90/1/25 86/1/25 88/1/25
f 93/1/10 96/1/10 92/1/10
f 97/1/3 94/1/3 96/1/3
f 95/1/7 91/1/7 94/1/7
f 96/1/26 91/1/26 92/1/26
f 93/1/2 95/1/2 97/1/2
f 99/1/4 100/1/4 98/1/4
f 101/1/10 104/1/10 100/1/10
f 105/1/3 102/1/3 104/1/3
f 103/1/7 98/1/7 102/1/7
f 104/1/12 98/1/12 100/1/12
f 101/1/2 103/1/2 105/1/2
f 107/1/4 108/1/4 106/1/4
f 109/1/10 112/1/10 108/1/10
f 113/1/3 110/1/3 112/1/3
f 111/1/7 106/1/7 110/1/7
f 112/1/12 106/1/12 108/1/12
f 109/1/2 111/1/2 113/1/2
f 115/1/4 116/1/4 114/1/4
f 117/1/10 120/1/10 116/1/10
f 121/1/3 118/1/3 120/1/3
f 119/1/7 114/1/7 118/1/7
f 120/1/12 114/1/12 116/1/12
f 117/1/2 119/1/2 121/1/2
f 125/1/27 122/1/27 123/1/27
f 123/1/28 124/1/28 125/1/28
f 129/1/27 126/1/27 127/1/27
f 127/1/28 128/1/28 129/1/28
f 131/1/4 132/1/4 130/1/4
f 133/1/10 136/1/10 132/1/10
f 137/1/3 134/1/3 136/1/3
f 135/1/7 130/1/7 134/1/7
f 136/1/12 130/1/12 132/1/12
f 133/1/2 135/1/2 137/1/2
f 139/1/4 140/1/4 138/1/4
f 141/1/10 144/1/10 140/1/10
f 145/1/3 142/1/3 144/1/3
f 143/1/7 138/1/7 142/1/7
f 144/1/12 138/1/12 140/1/12
f 141/1/2 143/1/2 145/1/2
f 149/1/27 146/1/27 147/1/27
f 147/1/28 148/1/28 149/1/28
f 153/1/27 150/1/27 151/1/27
f 151/1/28 152/1/28 153/1/28
f 157/1/29 154/1/29 155/1/29
f 155/1/30 156/1/30 157/1/30
f 161/1/29 158/1/29 159/1/29
f 159/1/30 160/1/30 161/1/30
f 164/1/10 166/1/10 163/1/10
f 166/1/31 162/1/31 163/1/31
f 164/1/32 165/1/32 166/1/32
f 170/1/33 167/1/33 168/1/33
f 168/1/34 169/1/34 170/1/34
f 173/1/10 176/1/10 172/1/10
f 177/1/3 174/1/3 176/1/3
f 175/1/7 171/1/7 174/1/7
f 176/1/26 171/1/26 172/1/26
f 173/1/2 175/1/2 177/1/2
f 179/1/4 180/1/4 178/1/4
f 181/1/10 184/1/10 180/1/10
f 185/1/3 182/1/3 184/1/3
f 183/1/7 178/1/7 182/1/7
f 184/1/12 178/1/12 180/1/12
f 181/1/2 183/1/2 185/1/2
f 189/1/27 186/1/27 187/1/27
f 187/1/28 188/1/28 189/1/28
f 193/1/27 190/1/27 191/1/27
f 191/1/28 192/1/28 193/1/28
f 195/1/4 196/1/4 194/1/4
f 197/1/10 200/1/10 196/1/10
f 201/1/3 198/1/3 200/1/3
f 199/1/7 194/1/7 198/1/7
f 200/1/12 194/1/12 196/1/12
f 197/1/2 199/1/2 201/1/2
f 203/1/4 204/1/4 202/1/4
f 205/1/10 208/1/10 204/1/10
f 209/1/3 206/1/3 208/1/3
f 207/1/7 202/1/7 206/1/7
f 208/1/12 202/1/12 204/1/12
f 205/1/2 207/1/2 209/1/2
f 212/1/14 215/1/14 211/1/14
f 214/1/15 210/1/15 213/1/15
f 211/1/16 213/1/16 210/1/16
f 212/1/17 214/1/17 215/1/17
f 219/1/35 216/1/35 217/1/35
f 217/1/36 218/1/36 219/1/36
f 224/1/37 220/1/37 222/1/37
f 225/1/38 221/1/38 223/1/38
f 227/1/6 228/1/6 226/1/6
f 229/1/10 232/1/10 228/1/10
f 233/1/13 230/1/13 232/1/13
f 231/1/7 226/1/7 230/1/7
f 232/1/9 226/1/9 228/1/9
f 229/1/5 231/1/5 233/1/5
f 235/1/6 236/1/6 234/1/6
f 237/1/10 240/1/10 236/1/10
f 241/1/13 238/1/13 240/1/13
f 239/1/7 234/1/7 238/1/7
f 240/1/9 234/1/9 236/1/9
f 237/1/5 239/1/5 241/1/5
f 244/1/39 247/1/39 243/1/39
f 246/1/40 242/1/40 245/1/40
f 243/1/41 245/1/41 242/1/41
f 244/1/42 246/1/42 247/1/42
f 249/1/6 250/1/6 248/1/6
f 251/1/10 254/1/10 250/1/10
f 255/1/13 252/1/13 254/1/13
f 253/1/7 248/1/7 252/1/7
f 254/1/9 248/1/9 250/1/9
f 251/1/5 253/1/5 255/1/5
f 257/1/6 258/1/6 256/1/6
f 259/1/10 262/1/10 258/1/10
f 263/1/13 260/1/13 262/1/13
f 261/1/7 256/1/7 260/1/7
f 262/1/9 256/1/9 258/1/9
f 259/1/5 261/1/5 263/1/5
f 269/1/43 267/1/43 268/1/43
f 268/1/37 264/1/37 266/1/37
f 269/1/38 265/1/38 267/1/38
f 271/1/6 272/1/6 270/1/6
f 272/1/10 277/1/10 276/1/10
f 277/1/13 274/1/13 276/1/13
f 274/1/7 271/1/7 270/1/7
f 276/1/9 270/1/9 272/1/9
f 273/1/5 275/1/5 277/1/5
f 279/1/6 280/1/6 278/1/6
f 280/1/10 285/1/10 284/1/10
f 285/1/13 282/1/13 284/1/13
f 282/1/7 279/1/7 278/1/7
f 284/1/9 278/1/9 280/1/9
f 281/1/5 283/1/5 285/1/5
f 287/1/6 288/1/6 286/1/6
f 289/1/10 292/1/10 288/1/10
f 293/1/13 290/1/13 292/1/13
f 291/1/7 286/1/7 290/1/7
f 292/1/9 286/1/9 288/1/9
f 289/1/5 291/1/5 293/1/5
f 295/1/6 296/1/6 294/1/6
f 297/1/10 300/1/10 296/1/10
f 301/1/13 298/1/13 300/1/13
f 299/1/7 294/1/7 298/1/7
f 300/1/9 294/1/9 296/1/9
f 297/1/5 299/1/5 301/1/5
f 303/1/6 304/1/6 302/1/6
f 305/1/10 308/1/10 304/1/10
f 309/1/13 306/1/13 308/1/13
f 307/1/7 302/1/7 306/1/7
f 308/1/9 302/1/9 304/1/9
f 305/1/5 307/1/5 309/1/5
f 311/1/6 312/1/6 310/1/6
f 313/1/10 316/1/10 312/1/10
f 317/1/13 314/1/13 316/1/13
f 315/1/7 310/1/7 314/1/7
f 316/1/9 310/1/9 312/1/9
f 313/1/5 315/1/5 317/1/5
f 319/1/6 320/1/6 318/1/6
f 321/1/10 324/1/10 320/1/10
f 325/1/13 322/1/13 324/1/13
f 323/1/7 318/1/7 322/1/7
f 324/1/9 318/1/9 320/1/9
f 321/1/5 323/1/5 325/1/5
f 327/1/44 328/1/44 326/1/44
f 330/1/37 326/1/37 328/1/37
f 331/1/38 327/1/38 329/1/38
f 333/1/44 334/1/44 332/1/44
f 334/1/45 337/1/45 336/1/45
f 337/1/43 335/1/43 336/1/43
f 336/1/37 332/1/37 334/1/37
f 337/1/38 333/1/38 335/1/38
f 339/1/6 340/1/6 338/1/6
f 341/1/10 344/1/10 340/1/10
f 345/1/13 342/1/13 344/1/13
f 343/1/7 338/1/7 342/1/7
f 344/1/9 338/1/9 340/1/9
f 341/1/5 343/1/5 345/1/5
f 349/1/46 346/1/46 347/1/46
f 347/1/47 348/1/47 349/1/47
f 352/1/48 355/1/48 351/1/48
f 354/1/49 350/1/49 353/1/49
f 351/1/50 353/1/50 350/1/50
f 352/1/51 354/1/51 355/1/51
f 360/1/12 358/1/12 359/1/12
f 359/1/52 356/1/52 357/1/52
f 357/1/53 358/1/53 360/1/53
f 364/1/7 361/1/7 363/1/7
f 365/1/54 361/1/54 362/1/54
f 362/1/55 364/1/55 365/1/55
f 369/1/56 366/1/56 367/1/56
f 367/1/57 368/1/57 369/1/57
f 373/1/56 370/1/56 371/1/56
f 371/1/57 372/1/57 373/1/57
f 375/1/58 376/1/58 374/1/58
f 377/1/48 380/1/48 376/1/48
f 381/1/59 378/1/59 380/1/59
f 379/1/49 374/1/49 378/1/49
f 376/1/4 378/1/4 374/1/4
f 381/1/3 375/1/3 379/1/3
f 385/1/60 382/1/60 383/1/60
f 383/1/61 384/1/61 385/1/61
f 387/1/2 388/1/2 386/1/2
f 389/1/10 392/1/10 388/1/10
f 393/1/12 390/1/12 392/1/12
f 391/1/7 386/1/7 390/1/7
f 392/1/4 386/1/4 388/1/4
f 389/1/3 391/1/3 393/1/3
f 395/1/2 396/1/2 394/1/2
f 397/1/10 400/1/10 396/1/10
f 401/1/12 398/1/12 400/1/12
f 399/1/7 394/1/7 398/1/7
f 400/1/4 394/1/4 396/1/4
f 397/1/3 399/1/3 401/1/3
f 403/1/2 404/1/2 402/1/2
f 405/1/10 408/1/10 404/1/10
f 409/1/12 406/1/12 408/1/12
f 407/1/7 402/1/7 406/1/7
f 408/1/4 402/1/4 404/1/4
f 405/1/3 407/1/3 409/1/3
f 413/1/54 410/1/54 411/1/54
f 411/1/62 412/1/62 413/1/62
f 417/1/54 414/1/54 415/1/54
f 415/1/62 416/1/62 417/1/62
f 419/1/2 420/1/2 418/1/2
f 421/1/10 424/1/10 420/1/10
f 425/1/12 422/1/12 424/1/12
f 423/1/7 418/1/7 422/1/7
f 424/1/4 418/1/4 420/1/4
f 421/1/3 423/1/3 425/1/3
f 427/1/2 428/1/2 426/1/2
f 429/1/10 432/1/10 428/1/10
f 433/1/12 430/1/12 432/1/12
f 431/1/7 426/1/7 430/1/7
f 432/1/4 426/1/4 428/1/4
f 429/1/3 431/1/3 433/1/3
f 437/1/54 434/1/54 435/1/54
f 435/1/62 436/1/62 437/1/62
f 441/1/54 438/1/54 439/1/54
f 439/1/62 440/1/62 441/1/62
f 443/1/2 444/1/2 442/1/2
f 445/1/10 448/1/10 444/1/10
f 449/1/12 446/1/12 448/1/12
f 447/1/7 442/1/7 446/1/7
f 448/1/4 442/1/4 444/1/4
f 445/1/3 447/1/3 449/1/3
f 451/1/2 452/1/2 450/1/2
f 453/1/10 456/1/10 452/1/10
f 457/1/12 454/1/12 456/1/12
f 455/1/7 450/1/7 454/1/7
f 456/1/4 450/1/4 452/1/4
f 453/1/3 455/1/3 457/1/3
f 459/1/2 460/1/2 458/1/2
f 461/1/10 464/1/10 460/1/10
f 465/1/12 462/1/12 464/1/12
f 463/1/7 458/1/7 462/1/7
f 464/1/4 458/1/4 460/1/4
f 461/1/3 463/1/3 465/1/3
f 467/1/2 468/1/2 466/1/2
f 469/1/10 472/1/10 468/1/10
f 473/1/12 470/1/12 472/1/12
f 471/1/7 466/1/7 470/1/7
f 472/1/4 466/1/4 468/1/4
f 469/1/3 471/1/3 473/1/3
f 475/1/2 476/1/2 474/1/2
f 477/1/10 480/1/10 476/1/10
f 481/1/12 478/1/12 480/1/12
f 479/1/7 474/1/7 478/1/7
f 480/1/4 474/1/4 476/1/4
f 477/1/3 479/1/3 481/1/3
f 483/1/2 484/1/2 482/1/2
f 485/1/10 488/1/10 484/1/10
f 489/1/12 486/1/12 488/1/12
f 487/1/7 482/1/7 486/1/7
f 488/1/4 482/1/4 484/1/4
f 485/1/3 487/1/3 489/1/3
f 493/1/46 490/1/46 491/1/46
f 491/1/47 492/1/47 493/1/47
f 495/1/63 496/1/63 494/1/63
f 499/1/64 497/1/64 498/1/64
f 498/1/65 494/1/65 496/1/65
f 499/1/66 495/1/66 497/1/66
f 503/1/54 500/1/54 501/1/54
f 501/1/62 502/1/62 503/1/62
f 507/1/54 504/1/54 505/1/54
f 505/1/62 506/1/62 507/1/62
f 509/1/2 510/1/2 508/1/2
f 511/1/10 514/1/10 510/1/10
f 515/1/12 512/1/12 514/1/12
f 513/1/7 508/1/7 512/1/7
f 514/1/4 508/1/4 510/1/4
f 511/1/3 513/1/3 515/1/3
f 517/1/2 518/1/2 516/1/2
f 519/1/10 522/1/10 518/1/10
f 523/1/12 520/1/12 522/1/12
f 521/1/7 516/1/7 520/1/7
f 522/1/4 516/1/4 518/1/4
f 519/1/3 521/1/3 523/1/3
f 525/1/2 526/1/2 524/1/2
f 527/1/10 530/1/10 526/1/10
f 531/1/12 528/1/12 530/1/12
f 529/1/7 524/1/7 528/1/7
f 530/1/4 524/1/4 526/1/4
f 527/1/3 529/1/3 531/1/3
f 533/1/2 534/1/2 532/1/2
f 535/1/10 538/1/10 534/1/10
f 539/1/12 536/1/12 538/1/12
f 537/1/7 532/1/7 536/1/7
f 538/1/4 532/1/4 534/1/4
f 535/1/3 537/1/3 539/1/3
f 542/1/48 545/1/48 541/1/48
f 544/1/49 540/1/49 543/1/49
f 541/1/50 543/1/50 540/1/50
f 542/1/51 544/1/51 545/1/51
f 547/1/5 548/1/5 546/1/5
f 548/1/10 553/1/10 552/1/10
f 553/1/9 550/1/9 552/1/9
f 550/1/7 547/1/7 546/1/7
f 552/1/6 546/1/6 548/1/6
f 549/1/13 551/1/13 553/1/13
f 555/1/5 556/1/5 554/1/5
f 556/1/10 561/1/10 560/1/10
f 561/1/9 558/1/9 560/1/9
f 558/1/7 555/1/7 554/1/7
f 560/1/6 554/1/6 556/1/6
f 557/1/13 559/1/13 561/1/13
f 563/1/5 564/1/5 562/1/5
f 565/1/10 568/1/10 564/1/10
f 569/1/9 566/1/9 568/1/9
f 567/1/7 562/1/7 566/1/7
f 568/1/6 562/1/6 564/1/6
f 565/1/13 567/1/13 569/1/13
f 571/1/5 572/1/5 570/1/5
f 573/1/10 576/1/10 572/1/10
f 577/1/9 574/1/9 576/1/9
f 575/1/7 570/1/7 574/1/7
f 576/1/6 570/1/6 572/1/6
f 573/1/13 575/1/13 577/1/13
f 579/1/5 580/1/5 578/1/5
f 581/1/10 584/1/10 580/1/10
f 585/1/9 582/1/9 584/1/9
f 583/1/7 578/1/7 582/1/7
f 584/1/6 578/1/6 580/1/6
f 581/1/13 583/1/13 585/1/13
f 587/1/5 588/1/5 586/1/5
f 589/1/10 592/1/10 588/1/10
f 593/1/9 590/1/9 592/1/9
f 591/1/7 586/1/7 590/1/7
f 592/1/6 586/1/6 588/1/6
f 589/1/13 591/1/13 593/1/13
f 595/1/5 596/1/5 594/1/5
f 597/1/10 600/1/10 596/1/10
f 601/1/9 598/1/9 600/1/9
f 599/1/7 594/1/7 598/1/7
f 600/1/6 594/1/6 596/1/6
f 597/1/13 599/1/13 601/1/13
f 603/1/5 604/1/5 602/1/5
f 605/1/10 608/1/10 604/1/10
f 609/1/9 606/1/9 608/1/9
f 607/1/7 602/1/7 606/1/7
f 608/1/6 602/1/6 604/1/6
f 605/1/13 607/1/13 609/1/13
f 612/1/67 615/1/67 611/1/67
f 614/1/68 610/1/68 613/1/68
f 611/1/69 613/1/69 610/1/69
f 612/1/70 614/1/70 615/1/70
f 617/1/5 618/1/5 616/1/5
f 619/1/10 622/1/10 618/1/10
f 623/1/9 620/1/9 622/1/9
f 621/1/7 616/1/7 620/1/7
f 622/1/6 616/1/6 618/1/6
f 619/1/13 621/1/13 623/1/13
f 625/1/5 626/1/5 624/1/5
f 627/1/10 630/1/10 626/1/10
f 631/1/9 628/1/9 630/1/9
f 629/1/7 624/1/7 628/1/7
f 630/1/6 624/1/6 626/1/6
f 627/1/13 629/1/13 631/1/13
f 633/1/5 634/1/5 632/1/5
f 635/1/10 638/1/10 634/1/10
f 639/1/9 636/1/9 638/1/9
f 637/1/7 632/1/7 636/1/7
f 638/1/6 632/1/6 634/1/6
f 635/1/13 637/1/13 639/1/13
f 641/1/5 642/1/5 640/1/5
f 643/1/10 646/1/10 642/1/10
f 647/1/9 644/1/9 646/1/9
f 645/1/7 640/1/7 644/1/7
f 646/1/6 640/1/6 642/1/6
f 643/1/13 645/1/13 647/1/13
f 649/1/5 650/1/5 648/1/5
f 651/1/10 654/1/10 650/1/10
f 655/1/9 652/1/9 654/1/9
f 653/1/7 648/1/7 652/1/7
f 654/1/6 648/1/6 650/1/6
f 651/1/13 653/1/13 655/1/13
f 661/1/71 659/1/71 660/1/71
f 660/1/72 656/1/72 658/1/72
f 661/1/73 657/1/73 659/1/73
f 663/1/5 664/1/5 662/1/5
f 665/1/10 668/1/10 664/1/10
f 669/1/9 666/1/9 668/1/9
f 667/1/7 662/1/7 666/1/7
f 668/1/6 662/1/6 664/1/6
f 665/1/13 667/1/13 669/1/13
f 671/1/5 672/1/5 670/1/5
f 673/1/10 676/1/10 672/1/10
f 677/1/9 674/1/9 676/1/9
f 675/1/7 670/1/7 674/1/7
f 676/1/6 670/1/6 672/1/6
f 673/1/13 675/1/13 677/1/13
f 679/1/5 680/1/5 678/1/5
f 681/1/10 684/1/10 680/1/10
f 685/1/9 682/1/9 684/1/9
f 683/1/7 678/1/7 682/1/7
f 684/1/6 678/1/6 680/1/6
f 681/1/13 683/1/13 685/1/13
f 687/1/5 688/1/5 686/1/5
f 689/1/10 692/1/10 688/1/10
f 693/1/9 690/1/9 692/1/9
f 691/1/7 686/1/7 690/1/7
f 692/1/6 686/1/6 688/1/6
f 689/1/13 691/1/13 693/1/13
f 695/1/5 696/1/5 694/1/5
f 697/1/10 700/1/10 696/1/10
f 701/1/9 698/1/9 700/1/9
f 699/1/7 694/1/7 698/1/7
f 700/1/6 694/1/6 696/1/6
f 697/1/13 699/1/13 701/1/13
f 703/1/5 704/1/5 702/1/5
f 705/1/10 708/1/10 704/1/10
f 709/1/9 706/1/9 708/1/9
f 707/1/7 702/1/7 706/1/7
f 708/1/6 702/1/6 704/1/6
f 705/1/13 707/1/13 709/1/13
f 711/1/5 712/1/5 710/1/5
f 713/1/10 716/1/10 712/1/10
f 717/1/9 714/1/9 716/1/9
f 715/1/7 710/1/7 714/1/7
f 716/1/6 710/1/6 712/1/6
f 713/1/13 715/1/13 717/1/13
f 719/1/5 720/1/5 718/1/5
f 721/1/10 724/1/10 720/1/10
f 725/1/9 722/1/9 724/1/9
f 723/1/7 718/1/7 722/1/7
f 724/1/6 718/1/6 720/1/6
f 721/1/13 723/1/13 725/1/13
f 727/1/5 728/1/5 726/1/5
f 729/1/10 732/1/10 728/1/10
f 733/1/9 730/1/9 732/1/9
f 731/1/7 726/1/7 730/1/7
f 732/1/6 726/1/6 728/1/6
f 729/1/13 731/1/13 733/1/13
f 735/1/5 736/1/5 734/1/5
f 737/1/10 740/1/10 736/1/10
f 741/1/9 738/1/9 740/1/9
f 739/1/7 734/1/7 738/1/7
f 740/1/6 734/1/6 736/1/6
f 737/1/13 739/1/13 741/1/13
f 743/1/5 744/1/5 742/1/5
f 745/1/10 748/1/10 744/1/10
f 749/1/9 746/1/9 748/1/9
f 747/1/7 742/1/7 746/1/7
f 748/1/6 742/1/6 744/1/6
f 745/1/13 747/1/13 749/1/13
f 751/1/5 752/1/5 750/1/5
f 753/1/10 756/1/10 752/1/10
f 757/1/9 754/1/9 756/1/9
f 755/1/7 750/1/7 754/1/7
f 756/1/6 750/1/6 752/1/6
f 753/1/13 755/1/13 757/1/13
f 759/1/5 760/1/5 758/1/5
f 761/1/10 764/1/10 760/1/10
f 765/1/9 762/1/9 764/1/9
f 763/1/7 758/1/7 762/1/7
f 764/1/6 758/1/6 760/1/6
f 761/1/13 763/1/13 765/1/13
f 767/1/3 768/1/3 766/1/3
f 769/1/10 772/1/10 768/1/10
f 773/1/4 770/1/4 772/1/4
f 771/1/7 766/1/7 770/1/7
f 772/1/2 766/1/2 768/1/2
f 769/1/12 771/1/12 773/1/12
f 775/1/3 776/1/3 774/1/3
f 777/1/10 779/1/10 776/1/10
f 779/1/74 774/1/74 776/1/74
f 777/1/75 778/1/75 779/1/75
f 781/1/3 782/1/3 780/1/3
f 783/1/10 786/1/10 782/1/10
f 787/1/4 784/1/4 786/1/4
f 785/1/7 780/1/7 784/1/7
f 786/1/2 780/1/2 782/1/2
f 783/1/12 785/1/12 787/1/12
f 791/1/19 788/1/19 789/1/19
f 789/1/18 790/1/18 791/1/18
f 793/1/3 794/1/3 792/1/3
f 795/1/10 798/1/10 794/1/10
f 799/1/4 796/1/4 798/1/4
f 797/1/7 792/1/7 796/1/7
f 798/1/2 792/1/2 794/1/2
f 795/1/12 797/1/12 799/1/12
f 801/1/3 802/1/3 800/1/3
f 803/1/10 806/1/10 802/1/10
f 807/1/4 804/1/4 806/1/4
f 805/1/7 800/1/7 804/1/7
f 806/1/2 800/1/2 802/1/2
f 803/1/12 805/1/12 807/1/12
f 811/1/76 808/1/76 809/1/76
f 809/1/77 810/1/77 811/1/77
f 815/1/36 812/1/36 813/1/36
f 813/1/35 814/1/35 815/1/35
f 818/1/78 821/1/78 817/1/78
f 820/1/79 816/1/79 819/1/79
f 817/1/25 819/1/25 816/1/25
f 818/1/24 820/1/24 821/1/24
f 825/1/28 822/1/28 823/1/28
f 823/1/27 824/1/27 825/1/27
f 829/1/28 826/1/28 827/1/28
f 827/1/27 828/1/27 829/1/27
f 831/1/3 832/1/3 830/1/3
f 833/1/10 836/1/10 832/1/10
f 837/1/4 834/1/4 836/1/4
f 835/1/7 830/1/7 834/1/7
f 836/1/2 830/1/2 832/1/2
f 833/1/12 835/1/12 837/1/12
f 839/1/3 840/1/3 838/1/3
f 841/1/10 844/1/10 840/1/10
f 845/1/4 842/1/4 844/1/4
f 843/1/7 838/1/7 842/1/7
f 844/1/2 838/1/2 840/1/2
f 841/1/12 843/1/12 845/1/12
f 848/1/78 851/1/78 847/1/78
f 850/1/79 846/1/79 849/1/79
f 847/1/25 849/1/25 846/1/25
f 848/1/24 850/1/24 851/1/24
f 853/1/3 854/1/3 852/1/3
f 855/1/10 858/1/10 854/1/10
f 859/1/4 856/1/4 858/1/4
f 857/1/7 852/1/7 856/1/7
f 858/1/2 852/1/2 854/1/2
f 855/1/12 857/1/12 859/1/12
f 861/1/3 862/1/3 860/1/3
f 863/1/10 866/1/10 862/1/10
f 867/1/4 864/1/4 866/1/4
f 865/1/7 860/1/7 864/1/7
f 866/1/2 860/1/2 862/1/2
f 863/1/12 865/1/12 867/1/12
f 870/1/78 873/1/78 869/1/78
f 872/1/79 868/1/79 871/1/79
f 869/1/25 871/1/25 868/1/25
f 870/1/24 872/1/24 873/1/24
f 875/1/3 876/1/3 874/1/3
f 877/1/10 880/1/10 876/1/10
f 881/1/4 878/1/4 880/1/4
f 879/1/7 874/1/7 878/1/7
f 880/1/2 874/1/2 876/1/2
f 877/1/12 879/1/12 881/1/12
f 883/1/3 884/1/3 882/1/3
f 885/1/10 888/1/10 884/1/10
f 889/1/4 886/1/4 888/1/4
f 887/1/7 882/1/7 886/1/7
f 888/1/2 882/1/2 884/1/2
f 885/1/12 887/1/12 889/1/12
f 891/1/3 892/1/3 890/1/3
f 893/1/10 896/1/10 892/1/10
f 897/1/4 894/1/4 896/1/4
f 895/1/7 890/1/7 894/1/7
f 896/1/2 890/1/2 892/1/2
f 893/1/12 895/1/12 897/1/12
f 899/1/13 900/1/13 898/1/13
f 901/1/10 904/1/10 900/1/10
f 905/1/6 902/1/6 904/1/6
f 903/1/7 898/1/7 902/1/7
f 904/1/5 898/1/5 900/1/5
f 901/1/9 903/1/9 905/1/9
f 907/1/13 908/1/13 906/1/13
f 909/1/10 912/1/10 908/1/10
f 913/1/6 910/1/6 912/1/6
f 911/1/7 906/1/7 910/1/7
f 912/1/5 906/1/5 908/1/5
f 909/1/9 911/1/9 913/1/9
f 915/1/13 916/1/13 914/1/13
f 917/1/10 920/1/10 916/1/10
f 921/1/6 918/1/6 920/1/6
f 919/1/7 914/1/7 918/1/7
f 920/1/5 914/1/5 916/1/5
f 917/1/9 919/1/9 921/1/9
f 923/1/13 924/1/13 922/1/13
f 925/1/10 928/1/10 924/1/10
f 929/1/6 926/1/6 928/1/6
f 927/1/7 922/1/7 926/1/7
f 928/1/5 922/1/5 924/1/5
f 925/1/9 927/1/9 929/1/9
f 931/1/13 932/1/13 930/1/13
f 933/1/10 936/1/10 932/1/10
f 937/1/6 934/1/6 936/1/6
f 935/1/7 930/1/7 934/1/7
f 936/1/5 930/1/5 932/1/5
f 933/1/9 935/1/9 937/1/9
f 939/1/13 940/1/13 938/1/13
f 941/1/10 944/1/10 940/1/10
f 945/1/6 942/1/6 944/1/6
f 943/1/7 938/1/7 942/1/7
f 944/1/5 938/1/5 940/1/5
f 941/1/9 943/1/9 945/1/9
f 947/1/13 948/1/13 946/1/13
f 949/1/10 952/1/10 948/1/10
f 953/1/6 950/1/6 952/1/6
f 951/1/7 946/1/7 950/1/7
f 952/1/5 946/1/5 948/1/5
f 949/1/9 951/1/9 953/1/9
f 955/1/13 956/1/13 954/1/13
f 957/1/10 960/1/10 956/1/10
f 961/1/6 958/1/6 960/1/6
f 959/1/7 954/1/7 958/1/7
f 960/1/5 954/1/5 956/1/5
f 957/1/9 959/1/9 961/1/9
f 963/1/13 964/1/13 962/1/13
f 965/1/10 968/1/10 964/1/10
f 969/1/6 966/1/6 968/1/6
f 967/1/7 962/1/7 966/1/7
f 968/1/5 962/1/5 964/1/5
f 965/1/9 967/1/9 969/1/9
f 971/1/13 972/1/13 970/1/13
f 973/1/10 976/1/10 972/1/10
f 977/1/6 974/1/6 976/1/6
f 975/1/7 970/1/7 974/1/7
f 976/1/5 970/1/5 972/1/5
f 973/1/9 975/1/9 977/1/9
f 982/1/80 978/1/80 981/1/80
f 979/1/38 981/1/38 978/1/38
f 980/1/37 982/1/37 983/1/37
f 985/1/13 986/1/13 984/1/13
f 987/1/10 990/1/10 986/1/10
f 991/1/6 988/1/6 990/1/6
f 989/1/7 984/1/7 988/1/7
f 990/1/5 984/1/5 986/1/5
f 987/1/9 989/1/9 991/1/9
f 993/1/13 994/1/13 992/1/13
f 995/1/10 998/1/10 994/1/10
f 999/1/6 996/1/6 998/1/6
f 997/1/7 992/1/7 996/1/7
f 998/1/5 992/1/5 994/1/5
f 995/1/9 997/1/9 999/1/9
f 1001/1/13 1002/1/13 1000/1/13
f 1003/1/10 1006/1/10 1002/1/10
f 1007/1/6 1004/1/6 1006/1/6
f 1005/1/7 1000/1/7 1004/1/7
f 1006/1/5 1000/1/5 1002/1/5
f 1003/1/9 1005/1/9 1007/1/9
f 1009/1/13 1010/1/13 1008/1/13
f 1011/1/10 1014/1/10 1010/1/10
f 1015/1/6 1012/1/6 1014/1/6
f 1013/1/7 1008/1/7 1012/1/7
f 1014/1/5 1008/1/5 1010/1/5
f 1011/1/9 1013/1/9 1015/1/9
f 1018/1/45 1021/1/45 1017/1/45
f 1020/1/80 1016/1/80 1019/1/80
f 1017/1/38 1019/1/38 1016/1/38
f 1018/1/37 1020/1/37 1021/1/37
f 1023/1/13 1024/1/13 1022/1/13
f 1024/1/10 1029/1/10 1028/1/10
f 1029/1/6 1026/1/6 1028/1/6
f 1026/1/7 1023/1/7 1022/1/7
f 1028/1/5 1022/1/5 1024/1/5
f 1025/1/9 1027/1/9 1029/1/9
f 1031/1/13 1032/1/13 1030/1/13
f 1032/1/10 1037/1/10 1036/1/10
f 1037/1/6 1034/1/6 1036/1/6
f 1034/1/7 1031/1/7 1030/1/7
f 1036/1/5 1030/1/5 1032/1/5
f 1033/1/9 1035/1/9 1037/1/9
f 1039/1/13 1040/1/13 1038/1/13
f 1041/1/10 1044/1/10 1040/1/10
f 1045/1/6 1042/1/6 1044/1/6
f 1043/1/7 1038/1/7 1042/1/7
f 1044/1/5 1038/1/5 1040/1/5
f 1041/1/9 1043/1/9 1045/1/9
f 1047/1/13 1048/1/13 1046/1/13
f 1049/1/10 1052/1/10 1048/1/10
f 1053/1/6 1050/1/6 1052/1/6
f 1051/1/7 1046/1/7 1050/1/7
f 1052/1/5 1046/1/5 1048/1/5
f 1049/1/9 1051/1/9 1053/1/9
f 1055/1/13 1056/1/13 1054/1/13
f 1057/1/10 1060/1/10 1056/1/10
f 1061/1/6 1058/1/6 1060/1/6
f 1059/1/7 1054/1/7 1058/1/7
f 1060/1/5 1054/1/5 1056/1/5
f 1057/1/9 1059/1/9 1061/1/9
f 1063/1/13 1064/1/13 1062/1/13
f 1064/1/10 1069/1/10 1068/1/10
f 1069/1/6 1066/1/6 1068/1/6
f 1066/1/7 1063/1/7 1062/1/7
f 1068/1/5 1062/1/5 1064/1/5
f 1065/1/9 1067/1/9 1069/1/9
f 1071/1/13 1072/1/13 1070/1/13
f 1072/1/10 1077/1/10 1076/1/10
f 1077/1/6 1074/1/6 1076/1/6
f 1074/1/7 1071/1/7 1070/1/7
f 1076/1/5 1070/1/5 1072/1/5
f 1073/1/9 1075/1/9 1077/1/9
f 1079/1/13 1080/1/13 1078/1/13
f 1081/1/10 1084/1/10 1080/1/10
f 1085/1/6 1082/1/6 1084/1/6
f 1083/1/7 1078/1/7 1082/1/7
f 1084/1/5 1078/1/5 1080/1/5
f 1081/1/9 1083/1/9 1085/1/9
f 1087/1/13 1088/1/13 1086/1/13
f 1088/1/10 1093/1/10 1092/1/10
f 1093/1/6 1090/1/6 1092/1/6
f 1090/1/7 1087/1/7 1086/1/7
f 1092/1/5 1086/1/5 1088/1/5
f 1089/1/9 1091/1/9 1093/1/9
f 1095/1/13 1096/1/13 1094/1/13
f 1096/1/10 1101/1/10 1100/1/10
f 1101/1/6 1098/1/6 1100/1/6
f 1098/1/7 1095/1/7 1094/1/7
f 1100/1/5 1094/1/5 1096/1/5
f 1097/1/9 1099/1/9 1101/1/9
f 1103/1/13 1104/1/13 1102/1/13
f 1105/1/10 1108/1/10 1104/1/10
f 1109/1/6 1106/1/6 1108/1/6
f 1107/1/7 1102/1/7 1106/1/7
f 1108/1/5 1102/1/5 1104/1/5
f 1105/1/9 1107/1/9 1109/1/9
f 1113/1/61 1110/1/61 1111/1/61
f 1111/1/60 1112/1/60 1113/1/60
f 1115/1/12 1116/1/12 1114/1/12
f 1117/1/10 1120/1/10 1116/1/10
f 1121/1/2 1118/1/2 1120/1/2
f 1119/1/7 1114/1/7 1118/1/7
f 1120/1/3 1114/1/3 1116/1/3
f 1117/1/4 1119/1/4 1121/1/4
f 1123/1/12 1124/1/12 1122/1/12
f 1125/1/10 1128/1/10 1124/1/10
f 1129/1/2 1126/1/2 1128/1/2
f 1127/1/7 1122/1/7 1126/1/7
f 1128/1/3 1122/1/3 1124/1/3
f 1125/1/4 1127/1/4 1129/1/4
f 1132/1/81 1135/1/81 1131/1/81
f 1134/1/82 1130/1/82 1133/1/82
f 1131/1/66 1133/1/66 1130/1/66
f 1132/1/65 1134/1/65 1135/1/65
f 1139/1/61 1136/1/61 1137/1/61
f 1137/1/60 1138/1/60 1139/1/60
f 1141/1/12 1142/1/12 1140/1/12
f 1143/1/10 1146/1/10 1142/1/10
f 1147/1/2 1144/1/2 1146/1/2
f 1145/1/7 1140/1/7 1144/1/7
f 1146/1/3 1140/1/3 1142/1/3
f 1143/1/4 1145/1/4 1147/1/4
f 1149/1/12 1150/1/12 1148/1/12
f 1151/1/10 1154/1/10 1150/1/10
f 1155/1/2 1152/1/2 1154/1/2
f 1153/1/7 1148/1/7 1152/1/7
f 1154/1/3 1148/1/3 1150/1/3
f 1151/1/4 1153/1/4 1155/1/4
f 1159/1/47 1156/1/47 1157/1/47
f 1157/1/46 1158/1/46 1159/1/46
f 1163/1/62 1160/1/62 1161/1/62
f 1161/1/54 1162/1/54 1163/1/54
f 1167/1/62 1164/1/62 1165/1/62
f 1165/1/54 1166/1/54 1167/1/54
f 1169/1/12 1170/1/12 1168/1/12
f 1171/1/10 1174/1/10 1170/1/10
f 1175/1/2 1172/1/2 1174/1/2
f 1173/1/7 1168/1/7 1172/1/7
f 1174/1/3 1168/1/3 1170/1/3
f 1171/1/4 1173/1/4 1175/1/4
f 1177/1/12 1178/1/12 1176/1/12
f 1179/1/10 1181/1/10 1178/1/10
f 1182/1/2 1180/1/2 1181/1/2
f 1181/1/3 1176/1/3 1178/1/3
f 1179/1/83 1180/1/83 1182/1/83
f 1184/1/12 1185/1/12 1183/1/12
f 1187/1/7 1183/1/7 1186/1/7
f 1188/1/84 1183/1/84 1185/1/84
f 1185/1/85 1187/1/85 1188/1/85
f 1192/1/86 1189/1/86 1190/1/86
f 1190/1/87 1191/1/87 1192/1/87
f 1196/1/62 1193/1/62 1194/1/62
f 1194/1/54 1195/1/54 1196/1/54
f 1200/1/62 1197/1/62 1198/1/62
f 1198/1/54 1199/1/54 1200/1/54
f 1202/1/12 1203/1/12 1201/1/12
f 1205/1/88 1201/1/88 1203/1/88
f 1203/1/56 1204/1/56 1205/1/56
f 1209/1/57 1206/1/57 1207/1/57
f 1207/1/56 1208/1/56 1209/1/56
f 1213/1/89 1210/1/89 1211/1/89
f 1211/1/90 1212/1/90 1213/1/90
f 1217/1/89 1214/1/89 1215/1/89
f 1215/1/90 1216/1/90 1217/1/90
f 1221/1/62 1218/1/62 1219/1/62
f 1219/1/54 1220/1/54 1221/1/54
f 1225/1/62 1222/1/62 1223/1/62
f 1223/1/54 1224/1/54 1225/1/54
f 1227/1/12 1228/1/12 1226/1/12
f 1232/1/2 1229/1/2 1231/1/2
f 1230/1/7 1226/1/7 1229/1/7
f 1231/1/91 1226/1/91 1228/1/91
f 1228/1/92 1230/1/92 1232/1/92
f 1234/1/12 1235/1/12 1233/1/12
f 1236/1/10 1238/1/10 1235/1/10
f 1239/1/2 1237/1/2 1238/1/2
f 1238/1/3 1233/1/3 1235/1/3
f 1236/1/83 1237/1/83 1239/1/83
f 1243/1/47 1240/1/47 1241/1/47
f 1241/1/46 1242/1/46 1243/1/46
f 1245/1/9 1246/1/9 1244/1/9
f 1247/1/10 1250/1/10 1246/1/10
f 1251/1/5 1248/1/5 1250/1/5
f 1249/1/7 1244/1/7 1248/1/7
f 1250/1/13 1244/1/13 1246/1/13
f 1247/1/6 1249/1/6 1251/1/6
f 1253/1/9 1254/1/9 1252/1/9
f 1255/1/10 1258/1/10 1254/1/10
f 1259/1/5 1256/1/5 1258/1/5
f 1257/1/7 1252/1/7 1256/1/7
f 1258/1/13 1252/1/13 1254/1/13
f 1255/1/6 1257/1/6 1259/1/6
f 1261/1/9 1262/1/9 1260/1/9
f 1263/1/10 1266/1/10 1262/1/10
f 1267/1/5 1264/1/5 1266/1/5
f 1265/1/7 1260/1/7 1264/1/7
f 1266/1/13 1260/1/13 1262/1/13
f 1263/1/6 1265/1/6 1267/1/6
f 1269/1/9 1270/1/9 1268/1/9
f 1270/1/10 1275/1/10 1274/1/10
f 1275/1/5 1272/1/5 1274/1/5
f 1272/1/7 1269/1/7 1268/1/7
f 1274/1/13 1268/1/13 1270/1/13
f 1271/1/6 1273/1/6 1275/1/6
f 1277/1/9 1278/1/9 1276/1/9
f 1278/1/10 1283/1/10 1282/1/10
f 1283/1/5 1280/1/5 1282/1/5
f 1280/1/7 1277/1/7 1276/1/7
f 1282/1/13 1276/1/13 1278/1/13
f 1279/1/6 1281/1/6 1283/1/6
f 1286/1/67 1289/1/67 1288/1/67
f 1288/1/70 1284/1/70 1286/1/70
f 1289/1/69 1285/1/69 1287/1/69
f 1291/1/9 1292/1/9 1290/1/9
f 1293/1/10 1296/1/10 1292/1/10
f 1297/1/5 1294/1/5 1296/1/5
f 1295/1/7 1290/1/7 1294/1/7
f 1296/1/13 1290/1/13 1292/1/13
f 1293/1/6 1295/1/6 1297/1/6
f 1299/1/9 1300/1/9 1298/1/9
f 1301/1/10 1304/1/10 1300/1/10
f 1305/1/5 1302/1/5 1304/1/5
f 1303/1/7 1298/1/7 1302/1/7
f 1304/1/13 1298/1/13 1300/1/13
f 1301/1/6 1303/1/6 1305/1/6
f 1307/1/9 1308/1/9 1306/1/9
f 1309/1/10 1312/1/10 1308/1/10
f 1313/1/5 1310/1/5 1312/1/5
f 1311/1/7 1306/1/7 1310/1/7
f 1312/1/13 1306/1/13 1308/1/13
f 1309/1/6 1311/1/6 1313/1/6
f 1315/1/9 1316/1/9 1314/1/9
f 1317/1/10 1320/1/10 1316/1/10
f 1321/1/5 1318/1/5 1320/1/5
f 1319/1/7 1314/1/7 1318/1/7
f 1320/1/13 1314/1/13 1316/1/13
f 1317/1/6 1319/1/6 1321/1/6
f 1323/1/9 1324/1/9 1322/1/9
f 1325/1/10 1328/1/10 1324/1/10
f 1329/1/5 1326/1/5 1328/1/5
f 1327/1/7 1322/1/7 1326/1/7
f 1328/1/13 1322/1/13 1324/1/13
f 1325/1/6 1327/1/6 1329/1/6
f 1331/1/9 1332/1/9 1330/1/9
f 1333/1/10 1336/1/10 1332/1/10
f 1337/1/5 1334/1/5 1336/1/5
f 1335/1/7 1330/1/7 1334/1/7
f 1336/1/13 1330/1/13 1332/1/13
f 1333/1/6 1335/1/6 1337/1/6
f 1339/1/9 1340/1/9 1338/1/9
f 1341/1/10 1344/1/10 1340/1/10
f 1345/1/5 1342/1/5 1344/1/5
f 1343/1/7 1338/1/7 1342/1/7
f 1344/1/13 1338/1/13 1340/1/13
f 1341/1/6 1343/1/6 1345/1/6
f 1347/1/9 1348/1/9 1346/1/9
f 1349/1/10 1352/1/10 1348/1/10
f 1353/1/5 1350/1/5 1352/1/5
f 1351/1/7 1346/1/7 1350/1/7
f 1352/1/13 1346/1/13 1348/1/13
f 1349/1/6 1351/1/6 1353/1/6
f 1355/1/9 1356/1/9 1354/1/9
f 1357/1/10 1360/1/10 1356/1/10
f 1361/1/5 1358/1/5 1360/1/5
f 1359/1/7 1354/1/7 1358/1/7
f 1360/1/13 1354/1/13 1356/1/13
f 1357/1/6 1359/1/6 1361/1/6
f 1363/1/93 1364/1/93 1362/1/93
f 1366/1/70 1362/1/70 1364/1/70
f 1367/1/69 1363/1/69 1365/1/69
f 1369/1/9 1370/1/9 1368/1/9
f 1371/1/10 1374/1/10 1370/1/10
f 1375/1/5 1372/1/5 1374/1/5
f 1373/1/7 1368/1/7 1372/1/7
f 1374/1/13 1368/1/13 1370/1/13
f 1371/1/6 1373/1/6 1375/1/6
f 1377/1/9 1378/1/9 1376/1/9
f 1379/1/10 1382/1/10 1378/1/10
f 1383/1/5 1380/1/5 1382/1/5
f 1381/1/7 1376/1/7 1380/1/7
f 1382/1/13 1376/1/13 1378/1/13
f 1379/1/6 1381/1/6 1383/1/6
f 1385/1/9 1386/1/9 1384/1/9
f 1387/1/10 1390/1/10 1386/1/10
f 1391/1/5 1388/1/5 1390/1/5
f 1389/1/7 1384/1/7 1388/1/7
f 1390/1/13 1384/1/13 1386/1/13
f 1387/1/6 1389/1/6 1391/1/6
f 1393/1/9 1394/1/9 1392/1/9
f 1395/1/10 1398/1/10 1394/1/10
f 1399/1/5 1396/1/5 1398/1/5
f 1397/1/7 1392/1/7 1396/1/7
f 1398/1/13 1392/1/13 1394/1/13
f 1395/1/6 1397/1/6 1399/1/6
f 2198/4/94 2192/4/94 2194/4/94
f 1403/2/95 1404/2/95 1402/2/95
f 1423/1/96 1422/1/96 1420/1/96
f 1405/2/97 1406/2/97 1404/2/97
f 1481/2/98 1482/2/98 1480/2/98
f 1407/2/99 1408/2/99 1406/2/99
f 1467/1/100 1466/1/100 1472/1/100
f 1409/2/98 1410/2/98 1408/2/98
f 1447/1/96 1446/1/96 1444/1/96
f 1419/1/100 1418/1/100 1424/1/100
f 1411/2/101 1412/2/101 1410/2/101
f 1421/1/102 1420/1/102 1418/1/102
f 1443/1/100 1442/1/100 1448/1/100
f 1413/2/103 1414/2/103 1412/2/103
f 1415/2/10 1411/2/10 1407/2/10
f 1415/2/104 1416/2/104 1414/2/104
f 1427/2/95 1428/2/95 1426/2/95
f 1433/2/98 1434/2/98 1432/2/98
f 1417/2/105 1402/2/105 1416/2/105
f 1412/2/7 1414/2/7 1416/2/7
f 1475/2/95 1476/2/95 1474/2/95
f 1431/2/99 1432/2/99 1430/2/99
f 1424/1/7 1418/1/7 1422/1/7
f 1425/1/106 1424/1/106 1422/1/106
f 1429/2/97 1430/2/97 1428/2/97
f 1435/2/101 1436/2/101 1434/2/101
f 1421/1/10 1419/1/10 1425/1/10
f 1445/1/102 1444/1/102 1442/1/102
f 1505/2/98 1506/2/98 1504/2/98
f 1437/2/103 1438/2/103 1436/2/103
f 1437/2/10 1435/2/10 1433/2/10
f 1491/1/100 1490/1/100 1496/1/100
f 1439/2/104 1440/2/104 1438/2/104
f 1451/2/95 1452/2/95 1450/2/95
f 1457/2/98 1458/2/98 1456/2/98
f 1441/2/105 1426/2/105 1440/2/105
f 1438/2/7 1426/2/7 1430/2/7
f 1521/4/98 1522/4/98 1520/4/98
f 1455/2/99 1456/2/99 1454/2/99
f 1499/2/95 1500/2/95 1498/2/95
f 1446/1/7 1448/1/7 1442/1/7
f 1449/1/106 1448/1/106 1446/1/106
f 1453/2/97 1454/2/97 1452/2/97
f 1459/2/101 1460/2/101 1458/2/101
f 1449/1/10 1447/1/10 1443/1/10
f 1537/2/98 1538/2/98 1536/2/98
f 1469/1/102 1468/1/102 1466/1/102
f 1461/2/103 1462/2/103 1460/2/103
f 1515/4/95 1516/4/95 1514/4/95
f 1458/2/7 1462/2/7 1450/2/7
f 1463/2/104 1464/2/104 1462/2/104
f 1471/1/96 1470/1/96 1468/1/96
f 1465/2/105 1450/2/105 1464/2/105
f 1465/2/10 1463/2/10 1461/2/10
f 1479/2/99 1480/2/99 1478/2/99
f 1531/2/95 1532/2/95 1530/2/95
f 1466/1/7 1468/1/7 1472/1/7
f 1473/1/106 1472/1/106 1470/1/106
f 1477/2/97 1478/2/97 1476/2/97
f 1483/2/101 1484/2/101 1482/2/101
f 1473/1/10 1471/1/10 1467/1/10
f 1563/2/98 1564/2/98 1562/2/98
f 1493/1/102 1492/1/102 1490/1/102
f 1485/2/103 1486/2/103 1484/2/103
f 1547/1/107 1548/1/107 1546/1/107
f 1482/2/7 1486/2/7 1474/2/7
f 1487/2/104 1488/2/104 1486/2/104
f 1495/1/96 1494/1/96 1492/1/96
f 1489/2/105 1474/2/105 1488/2/105
f 1489/2/10 1487/2/10 1485/2/10
f 1503/2/99 1504/2/99 1502/2/99
f 1557/2/95 1558/2/95 1556/2/95
f 1492/1/7 1494/1/7 1496/1/7
f 1497/1/106 1496/1/106 1494/1/106
f 1501/2/97 1502/2/97 1500/2/97
f 1507/2/101 1508/2/101 1506/2/101
f 1497/1/10 1495/1/10 1491/1/10
f 1589/2/98 1590/2/98 1588/2/98
f 1519/4/99 1520/4/99 1518/4/99
f 1509/2/103 1510/2/103 1508/2/103
f 1573/1/107 1574/1/107 1572/1/107
f 1506/2/7 1510/2/7 1498/2/7
f 1511/2/104 1512/2/104 1510/2/104
f 1517/4/97 1518/4/97 1516/4/97
f 1523/4/101 1524/4/101 1522/4/101
f 1513/2/105 1498/2/105 1512/2/105
f 1513/2/10 1511/2/10 1509/2/10
f 1535/2/99 1536/2/99 1534/2/99
f 1525/4/103 1526/4/103 1524/4/103
f 1583/2/95 1584/2/95 1582/2/95
f 1528/4/7 1514/4/7 1522/4/7
f 1527/4/104 1528/4/104 1526/4/104
f 1533/2/97 1534/2/97 1532/2/97
f 1539/2/101 1540/2/101 1538/2/101
f 1529/4/105 1514/4/105 1528/4/105
f 1527/4/10 1525/4/10 1517/4/10
f 1615/2/98 1616/2/98 1614/2/98
f 1549/1/108 1550/1/108 1548/1/108
f 1541/2/103 1542/2/103 1540/2/103
f 1599/1/107 1600/1/107 1598/1/107
f 1544/2/7 1530/2/7 1538/2/7
f 1543/2/104 1544/2/104 1542/2/104
f 1553/1/109 1552/1/109 1550/1/109
f 1545/2/105 1530/2/105 1544/2/105
f 1533/2/10 1545/2/10 1541/2/10
f 1561/2/99 1562/2/99 1560/2/99
f 1553/1/110 1554/1/110 1552/1/110
f 1609/2/95 1610/2/95 1608/2/95
f 1554/1/7 1546/1/7 1550/1/7
f 1559/2/97 1560/2/97 1558/2/97
f 1565/2/101 1566/2/101 1564/2/101
f 1555/1/111 1546/1/111 1554/1/111
f 1549/1/10 1555/1/10 1553/1/10
f 1641/2/98 1642/2/98 1640/2/98
f 1575/1/108 1576/1/108 1574/1/108
f 1567/2/103 1568/2/103 1566/2/103
f 1625/1/107 1626/1/107 1624/1/107
f 1570/2/7 1556/2/7 1564/2/7
f 1569/2/104 1570/2/104 1568/2/104
f 1579/1/109 1578/1/109 1576/1/109
f 1571/2/105 1556/2/105 1570/2/105
f 1559/2/10 1571/2/10 1567/2/10
f 1657/4/98 1658/4/98 1656/4/98
f 1587/2/99 1588/2/99 1586/2/99
f 1579/1/110 1580/1/110 1578/1/110
f 1635/2/95 1636/2/95 1634/2/95
f 1580/1/7 1572/1/7 1576/1/7
f 1585/2/97 1586/2/97 1584/2/97
f 1591/2/101 1592/2/101 1590/2/101
f 1581/1/111 1572/1/111 1580/1/111
f 1575/1/10 1581/1/10 1579/1/10
f 1673/2/98 1674/2/98 1672/2/98
f 1601/1/108 1602/1/108 1600/1/108
f 1593/2/103 1594/2/103 1592/2/103
f 1651/4/95 1652/4/95 1650/4/95
f 1596/2/7 1582/2/7 1590/2/7
f 1595/2/104 1596/2/104 1594/2/104
f 1605/1/109 1604/1/109 1602/1/109
f 1597/2/105 1582/2/105 1596/2/105
f 1585/2/10 1597/2/10 1593/2/10
f 1613/2/99 1614/2/99 1612/2/99
f 1605/1/110 1606/1/110 1604/1/110
f 1667/2/95 1668/2/95 1666/2/95
f 1606/1/7 1598/1/7 1602/1/7
f 1611/2/97 1612/2/97 1610/2/97
f 1617/2/101 1618/2/101 1616/2/101
f 1607/1/111 1598/1/111 1606/1/111
f 1601/1/10 1607/1/10 1605/1/10
f 1697/2/98 1698/2/98 1696/2/98
f 1627/1/108 1628/1/108 1626/1/108
f 1619/2/103 1620/2/103 1618/2/103
f 1683/1/100 1682/1/100 1688/1/100
f 1622/2/7 1608/2/7 1616/2/7
f 1621/2/104 1622/2/104 1620/2/104
f 1631/1/109 1630/1/109 1628/1/109
f 1623/2/105 1608/2/105 1622/2/105
f 1611/2/10 1623/2/10 1619/2/10
f 1639/2/99 1640/2/99 1638/2/99
f 1631/1/110 1632/1/110 1630/1/110
f 1691/2/95 1692/2/95 1690/2/95
f 1632/1/7 1624/1/7 1628/1/7
f 1637/2/97 1638/2/97 1636/2/97
f 1643/2/101 1644/2/101 1642/2/101
f 1633/1/111 1624/1/111 1632/1/111
f 1627/1/10 1633/1/10 1631/1/10
f 1721/2/98 1722/2/98 1720/2/98
f 1655/4/99 1656/4/99 1654/4/99
f 1645/2/103 1646/2/103 1644/2/103
f 1707/1/100 1706/1/100 1712/1/100
f 1648/2/7 1634/2/7 1642/2/7
f 1647/2/104 1648/2/104 1646/2/104
f 1653/4/97 1654/4/97 1652/4/97
f 1659/4/101 1660/4/101 1658/4/101
f 1649/2/105 1634/2/105 1648/2/105
f 1637/2/10 1649/2/10 1645/2/10
f 1671/2/99 1672/2/99 1670/2/99
f 1661/4/103 1662/4/103 1660/4/103
f 1715/2/95 1716/2/95 1714/2/95
f 1658/4/7 1662/4/7 1650/4/7
f 1663/4/104 1664/4/104 1662/4/104
f 1669/2/97 1670/2/97 1668/2/97
f 1675/2/101 1676/2/101 1674/2/101
f 1665/4/105 1650/4/105 1664/4/105
f 1663/4/10 1661/4/10 1653/4/10
f 1745/2/98 1746/2/98 1744/2/98
f 1685/1/102 1684/1/102 1682/1/102
f 1677/2/103 1678/2/103 1676/2/103
f 1731/1/100 1730/1/100 1736/1/100
f 1674/2/7 1678/2/7 1666/2/7
f 1679/2/104 1680/2/104 1678/2/104
f 1687/1/96 1686/1/96 1684/1/96
f 1681/2/105 1666/2/105 1680/2/105
f 1681/2/10 1679/2/10 1677/2/10
f 1695/2/99 1696/2/99 1694/2/99
f 1739/2/95 1740/2/95 1738/2/95
f 1684/1/7 1686/1/7 1688/1/7
f 1689/1/106 1688/1/106 1686/1/106
f 1693/2/97 1694/2/97 1692/2/97
f 1699/2/101 1700/2/101 1698/2/101
f 1689/1/10 1687/1/10 1683/1/10
f 1769/2/98 1770/2/98 1768/2/98
f 1709/1/102 1708/1/102 1706/1/102
f 1701/2/103 1702/2/103 1700/2/103
f 1755/1/100 1754/1/100 1760/1/100
f 1698/2/7 1702/2/7 1690/2/7
f 1703/2/104 1704/2/104 1702/2/104
f 1711/1/96 1710/1/96 1708/1/96
f 1705/2/105 1690/2/105 1704/2/105
f 1705/2/10 1703/2/10 1701/2/10
f 1785/4/98 1786/4/98 1784/4/98
f 1719/2/99 1720/2/99 1718/2/99
f 1763/2/95 1764/2/95 1762/2/95
f 1708/1/7 1710/1/7 1712/1/7
f 1713/1/106 1712/1/106 1710/1/106
f 1717/2/97 1718/2/97 1716/2/97
f 1723/2/101 1724/2/101 1722/2/101
f 1713/1/10 1711/1/10 1707/1/10
f 1801/2/98 1802/2/98 1800/2/98
f 1733/1/102 1732/1/102 1730/1/102
f 1725/2/103 1726/2/103 1724/2/103
f 1779/4/95 1780/4/95 1778/4/95
f 1722/2/7 1726/2/7 1714/2/7
f 1727/2/104 1728/2/104 1726/2/104
f 1735/1/96 1734/1/96 1732/1/96
f 1729/2/105 1714/2/105 1728/2/105
f 1729/2/10 1727/2/10 1725/2/10
f 1743/2/99 1744/2/99 1742/2/99
f 1795/2/95 1796/2/95 1794/2/95
f 1732/1/7 1734/1/7 1736/1/7
f 1737/1/106 1736/1/106 1734/1/106
f 1741/2/97 1742/2/97 1740/2/97
f 1747/2/101 1748/2/101 1746/2/101
f 1737/1/10 1735/1/10 1731/1/10
f 1825/2/98 1826/2/98 1824/2/98
f 1757/1/102 1756/1/102 1754/1/102
f 1749/2/103 1750/2/103 1748/2/103
f 1811/1/100 1810/1/100 1816/1/100
f 1746/2/7 1750/2/7 1738/2/7
f 1751/2/104 1752/2/104 1750/2/104
f 1759/1/96 1758/1/96 1756/1/96
f 1753/2/105 1738/2/105 1752/2/105
f 1753/2/10 1751/2/10 1749/2/10
f 1767/2/99 1768/2/99 1766/2/99
f 1819/2/95 1820/2/95 1818/2/95
f 1756/1/7 1758/1/7 1760/1/7
f 1761/1/106 1760/1/106 1758/1/106
f 1765/2/97 1766/2/97 1764/2/97
f 1771/2/101 1772/2/101 1770/2/101
f 1761/1/10 1759/1/10 1755/1/10
f 1849/2/98 1850/2/98 1848/2/98
f 1783/4/99 1784/4/99 1782/4/99
f 1773/2/103 1774/2/103 1772/2/103
f 1835/1/100 1834/1/100 1840/1/100
f 1770/2/7 1774/2/7 1762/2/7
f 1775/2/104 1776/2/104 1774/2/104
f 1781/4/97 1782/4/97 1780/4/97
f 1787/4/101 1788/4/101 1786/4/101
f 1777/2/105 1762/2/105 1776/2/105
f 1777/2/10 1775/2/10 1773/2/10
f 1799/2/99 1800/2/99 1798/2/99
f 1789/4/103 1790/4/103 1788/4/103
f 1843/2/95 1844/2/95 1842/2/95
f 1792/4/7 1778/4/7 1786/4/7
f 1791/4/104 1792/4/104 1790/4/104
f 1797/2/97 1798/2/97 1796/2/97
f 1803/2/101 1804/2/101 1802/2/101
f 1793/4/105 1778/4/105 1792/4/105
f 1791/4/10 1789/4/10 1781/4/10
f 1873/2/98 1874/2/98 1872/2/98
f 1813/1/102 1812/1/102 1810/1/102
f 1805/2/103 1806/2/103 1804/2/103
f 1859/1/100 1858/1/100 1864/1/100
f 1802/2/7 1806/2/7 1794/2/7
f 1807/2/104 1808/2/104 1806/2/104
f 1815/1/96 1814/1/96 1812/1/96
f 1809/2/105 1794/2/105 1808/2/105
f 1809/2/10 1807/2/10 1805/2/10
f 1823/2/99 1824/2/99 1822/2/99
f 1867/2/95 1868/2/95 1866/2/95
f 1812/1/7 1814/1/7 1816/1/7
f 1817/1/106 1816/1/106 1814/1/106
f 1821/2/97 1822/2/97 1820/2/97
f 1827/2/101 1828/2/101 1826/2/101
f 1817/1/10 1815/1/10 1811/1/10
f 1897/2/98 1898/2/98 1896/2/98
f 1837/1/102 1836/1/102 1834/1/102
f 1829/2/103 1830/2/103 1828/2/103
f 1883/1/100 1882/1/100 1888/1/100
f 1826/2/7 1830/2/7 1818/2/7
f 1831/2/104 1832/2/104 1830/2/104
f 1839/1/96 1838/1/96 1836/1/96
f 1833/2/105 1818/2/105 1832/2/105
f 1833/2/10 1831/2/10 1829/2/10
f 1913/4/98 1914/4/98 1912/4/98
f 1847/2/99 1848/2/99 1846/2/99
f 1891/2/95 1892/2/95 1890/2/95
f 1836/1/7 1838/1/7 1840/1/7
f 1841/1/106 1840/1/106 1838/1/106
f 1845/2/97 1846/2/97 1844/2/97
f 1851/2/101 1852/2/101 1850/2/101
f 1841/1/10 1839/1/10 1835/1/10
f 1929/2/98 1930/2/98 1928/2/98
f 1861/1/102 1860/1/102 1858/1/102
f 1853/2/103 1854/2/103 1852/2/103
f 1907/4/95 1908/4/95 1906/4/95
f 1850/2/7 1854/2/7 1842/2/7
f 1855/2/104 1856/2/104 1854/2/104
f 1863/1/96 1862/1/96 1860/1/96
f 1857/2/105 1842/2/105 1856/2/105
f 1857/2/10 1855/2/10 1853/2/10
f 1941/1/112 1942/1/112 1940/1/112
f 1871/2/99 1872/2/99 1870/2/99
f 1923/2/95 1924/2/95 1922/2/95
f 1860/1/7 1862/1/7 1864/1/7
f 1865/1/106 1864/1/106 1862/1/106
f 1869/2/97 1870/2/97 1868/2/97
f 1875/2/101 1876/2/101 1874/2/101
f 1865/1/10 1863/1/10 1859/1/10
f 1955/2/98 1956/2/98 1954/2/98
f 1885/1/102 1884/1/102 1882/1/102
f 1877/2/103 1878/2/103 1876/2/103
f 1939/1/113 1938/1/113 1946/1/113
f 1874/2/7 1878/2/7 1866/2/7
f 1879/2/104 1880/2/104 1878/2/104
f 1887/1/96 1886/1/96 1884/1/96
f 1881/2/105 1866/2/105 1880/2/105
f 1881/2/10 1879/2/10 1877/2/10
f 1967/1/112 1968/1/112 1966/1/112
f 1895/2/99 1896/2/99 1894/2/99
f 1949/2/95 1950/2/95 1948/2/95
f 1884/1/7 1886/1/7 1888/1/7
f 1889/1/106 1888/1/106 1886/1/106
f 1893/2/97 1894/2/97 1892/2/97
f 1899/2/101 1900/2/101 1898/2/101
f 1889/1/10 1887/1/10 1883/1/10
f 1981/2/98 1982/2/98 1980/2/98
f 1911/4/99 1912/4/99 1910/4/99
f 1901/2/103 1902/2/103 1900/2/103
f 1965/1/113 1964/1/113 1972/1/113
f 1898/2/7 1902/2/7 1890/2/7
f 1903/2/104 1904/2/104 1902/2/104
f 1909/4/97 1910/4/97 1908/4/97
f 1915/4/101 1916/4/101 1914/4/101
f 1905/2/105 1890/2/105 1904/2/105
f 1905/2/10 1903/2/10 1901/2/10
f 1993/1/112 1994/1/112 1992/1/112
f 1927/2/99 1928/2/99 1926/2/99
f 1917/4/103 1918/4/103 1916/4/103
f 1975/2/95 1976/2/95 1974/2/95
f 1920/4/7 1906/4/7 1914/4/7
f 1919/4/104 1920/4/104 1918/4/104
f 1925/2/97 1926/2/97 1924/2/97
f 1931/2/101 1932/2/101 1930/2/101
f 1921/4/105 1906/4/105 1920/4/105
f 1919/4/10 1917/4/10 1909/4/10
f 2007/2/98 2008/2/98 2006/2/98
f 1933/2/103 1934/2/103 1932/2/103
f 1991/1/113 1990/1/113 1998/1/113
f 1934/2/7 1936/2/7 1922/2/7
f 1935/2/104 1936/2/104 1934/2/104
f 1939/1/114 1940/1/114 1938/1/114
f 1943/1/115 1944/1/115 1942/1/115
f 1937/2/105 1922/2/105 1936/2/105
f 1933/2/10 1929/2/10 1925/2/10
f 2019/1/112 2020/1/112 2018/1/112
f 1953/2/99 1954/2/99 1952/2/99
f 2001/2/95 2002/2/95 2000/2/95
f 1945/1/116 1946/1/116 1944/1/116
f 1951/2/97 1952/2/97 1950/2/97
f 1957/2/101 1958/2/101 1956/2/101
f 1945/1/10 1941/1/10 1939/1/10
f 2033/2/98 2034/2/98 2032/2/98
f 1959/2/103 1960/2/103 1958/2/103
f 2017/1/113 2016/1/113 2024/1/113
f 1960/2/7 1962/2/7 1948/2/7
f 1961/2/104 1962/2/104 1960/2/104
f 1965/1/114 1966/1/114 1964/1/114
f 1969/1/115 1970/1/115 1968/1/115
f 1963/2/105 1948/2/105 1962/2/105
f 1959/2/10 1955/2/10 1951/2/10
f 2049/4/98 2050/4/98 2048/4/98
f 1979/2/99 1980/2/99 1978/2/99
f 2027/2/95 2028/2/95 2026/2/95
f 1971/1/116 1972/1/116 1970/1/116
f 1977/2/97 1978/2/97 1976/2/97
f 1983/2/101 1984/2/101 1982/2/101
f 1971/1/10 1967/1/10 1965/1/10
f 2065/2/98 2066/2/98 2064/2/98
f 1985/2/103 1986/2/103 1984/2/103
f 2043/4/95 2044/4/95 2042/4/95
f 1986/2/7 1988/2/7 1974/2/7
f 1987/2/104 1988/2/104 1986/2/104
f 1991/1/114 1992/1/114 1990/1/114
f 1995/1/115 1996/1/115 1994/1/115
f 1989/2/105 1974/2/105 1988/2/105
f 1985/2/10 1981/2/10 1977/2/10
f 2005/2/99 2006/2/99 2004/2/99
f 2059/2/95 2060/2/95 2058/2/95
f 1997/1/116 1998/1/116 1996/1/116
f 2003/2/97 2004/2/97 2002/2/97
f 2009/2/101 2010/2/101 2008/2/101
f 1997/1/10 1993/1/10 1991/1/10
f 2089/2/98 2090/2/98 2088/2/98
f 2011/2/103 2012/2/103 2010/2/103
f 2075/1/100 2074/1/100 2080/1/100
f 2012/2/7 2014/2/7 2000/2/7
f 2013/2/104 2014/2/104 2012/2/104
f 2017/1/114 2018/1/114 2016/1/114
f 2021/1/115 2022/1/115 2020/1/115
f 2015/2/105 2000/2/105 2014/2/105
f 2011/2/10 2007/2/10 2003/2/10
f 2031/2/99 2032/2/99 2030/2/99
f 2083/2/95 2084/2/95 2082/2/95
f 2023/1/116 2024/1/116 2022/1/116
f 2029/2/97 2030/2/97 2028/2/97
f 2035/2/101 2036/2/101 2034/2/101
f 2023/1/10 2019/1/10 2017/1/10
f 2113/2/98 2114/2/98 2112/2/98
f 2047/4/99 2048/4/99 2046/4/99
f 2037/2/103 2038/2/103 2036/2/103
f 2099/1/100 2098/1/100 2104/1/100
f 2038/2/7 2040/2/7 2026/2/7
f 2039/2/104 2040/2/104 2038/2/104
f 2045/4/97 2046/4/97 2044/4/97
f 2051/4/101 2052/4/101 2050/4/101
f 2041/2/105 2026/2/105 2040/2/105
f 2037/2/10 2033/2/10 2029/2/10
f 2063/2/99 2064/2/99 2062/2/99
f 2053/4/103 2054/4/103 2052/4/103
f 2107/2/95 2108/2/95 2106/2/95
f 2050/4/7 2054/4/7 2042/4/7
f 2055/4/104 2056/4/104 2054/4/104
f 2061/2/97 2062/2/97 2060/2/97
f 2067/2/101 2068/2/101 2066/2/101
f 2057/4/105 2042/4/105 2056/4/105
f 2055/4/10 2053/4/10 2045/4/10
f 2137/2/98 2138/2/98 2136/2/98
f 2077/1/102 2076/1/102 2074/1/102
f 2069/2/103 2070/2/103 2068/2/103
f 2123/1/100 2122/1/100 2128/1/100
f 2066/2/7 2070/2/7 2058/2/7
f 2071/2/104 2072/2/104 2070/2/104
f 2079/1/96 2078/1/96 2076/1/96
f 2073/2/105 2058/2/105 2072/2/105
f 2073/2/10 2071/2/10 2069/2/10
f 2087/2/99 2088/2/99 2086/2/99
f 2131/2/95 2132/2/95 2130/2/95
f 2076/1/7 2078/1/7 2080/1/7
f 2081/1/106 2080/1/106 2078/1/106
f 2085/2/97 2086/2/97 2084/2/97
f 2091/2/101 2092/2/101 2090/2/101
f 2081/1/10 2079/1/10 2075/1/10
f 2161/2/98 2162/2/98 2160/2/98
f 2101/1/102 2100/1/102 2098/1/102
f 2093/2/103 2094/2/103 2092/2/103
f 2147/1/100 2146/1/100 2152/1/100
f 2090/2/7 2094/2/7 2082/2/7
f 2095/2/104 2096/2/104 2094/2/104
f 2103/1/96 2102/1/96 2100/1/96
f 2097/2/105 2082/2/105 2096/2/105
f 2097/2/10 2095/2/10 2093/2/10
f 2177/4/98 2178/4/98 2176/4/98
f 2111/2/99 2112/2/99 2110/2/99
f 2155/2/95 2156/2/95 2154/2/95
f 2100/1/7 2102/1/7 2104/1/7
f 2105/1/106 2104/1/106 2102/1/106
f 2109/2/97 2110/2/97 2108/2/97
f 2115/2/101 2116/2/101 2114/2/101
f 2105/1/10 2103/1/10 2099/1/10
f 2195/4/117 2197/4/117 2199/4/117
f 2125/1/102 2124/1/102 2122/1/102
f 2117/2/103 2118/2/103 2116/2/103
f 2171/4/95 2172/4/95 2170/4/95
f 2114/2/7 2118/2/7 2106/2/7
f 2119/2/104 2120/2/104 2118/2/104
f 2127/1/96 2126/1/96 2124/1/96
f 2121/2/105 2106/2/105 2120/2/105
f 2121/2/10 2119/2/10 2117/2/10
f 2195/4/10 2198/4/10 2194/4/10
f 2135/2/99 2136/2/99 2134/2/99
f 2191/4/118 2188/4/118 2190/4/118
f 2124/1/7 2126/1/7 2128/1/7
f 2129/1/106 2128/1/106 2126/1/106
f 2133/2/97 2134/2/97 2132/2/97
f 2139/2/101 2140/2/101 2138/2/101
f 2129/1/10 2127/1/10 2123/1/10
f 2189/4/7 1400/4/7 2188/4/7
f 2149/1/102 2148/1/102 2146/1/102
f 2141/2/103 2142/2/103 2140/2/103
f 2201/4/3 2202/4/3 2200/4/3
f 2138/2/7 2142/2/7 2130/2/7
f 2143/2/104 2144/2/104 2142/2/104
f 2151/1/96 2150/1/96 2148/1/96
f 2145/2/105 2130/2/105 2144/2/105
f 2145/2/10 2143/2/10 2141/2/10
f 2197/4/7 2192/4/7 2196/4/7
f 2159/2/99 2160/2/99 2158/2/99
f 2190/4/119 1400/4/119 2186/4/119
f 2148/1/7 2150/1/7 2152/1/7
f 2153/1/106 2152/1/106 2150/1/106
f 2157/2/97 2158/2/97 2156/2/97
f 2163/2/101 2164/2/101 2162/2/101
f 2153/1/10 2151/1/10 2147/1/10
f 2203/4/10 2206/4/10 2202/4/10
f 2175/4/99 2176/4/99 2174/4/99
f 2165/2/103 2166/2/103 2164/2/103
f 2193/4/120 2194/4/120 2192/4/120
f 2162/2/7 2166/2/7 2154/2/7
f 2167/2/104 2168/2/104 2166/2/104
f 2173/4/97 2174/4/97 2172/4/97
f 2179/4/101 2180/4/101 2178/4/101
f 2169/2/105 2154/2/105 2168/2/105
f 2169/2/10 2167/2/10 2165/2/10
f 2187/4/10 2190/4/10 2186/4/10
f 2199/4/121 2196/4/121 2198/4/121
f 2181/4/103 2182/4/103 2180/4/103
f 1401/4/122 2186/4/122 1400/4/122
f 2184/4/7 2170/4/7 2178/4/7
f 2183/4/104 2184/4/104 2182/4/104
f 2187/4/123 2189/4/123 2191/4/123
f 2207/4/4 2204/4/4 2206/4/4
f 2185/4/105 2170/4/105 2184/4/105
f 2183/4/10 2181/4/10 2173/4/10
f 2205/4/7 2200/4/7 2204/4/7
f 2206/4/2 2200/4/2 2202/4/2
f 2203/4/12 2205/4/12 2207/4/12
f 2209/4/118 2210/4/118 2208/4/118
f 2211/4/10 2214/4/10 2210/4/10
f 2215/4/122 2212/4/122 2214/4/122
f 2213/4/7 2208/4/7 2212/4/7
f 2214/4/123 2208/4/123 2210/4/123
f 2211/4/119 2213/4/119 2215/4/119
f 2217/4/121 2218/4/121 2216/4/121
f 2219/4/10 2222/4/10 2218/4/10
f 2223/4/120 2220/4/120 2222/4/120
f 2221/4/7 2216/4/7 2220/4/7
f 2222/4/117 2216/4/117 2218/4/117
f 2219/4/94 2221/4/94 2223/4/94
f 2225/4/4 2226/4/4 2224/4/4
f 2227/4/10 2230/4/10 2226/4/10
f 2231/4/3 2228/4/3 2230/4/3
f 2229/4/7 2224/4/7 2228/4/7
f 2230/4/12 2224/4/12 2226/4/12
f 2227/4/2 2229/4/2 2231/4/2
f 61/1/35 59/1/35 56/1/35
f 51/1/124 1/1/124 53/1/124
f 3/2/3 5/2/3 4/2/3
f 27/3/4 29/3/4 28/3/4
f 21/3/5 23/3/5 22/3/5
f 5/2/5 7/2/5 6/2/5
f 25/3/6 27/3/6 26/3/6
f 7/2/2 9/2/2 8/2/2
f 54/1/125 52/1/125 1/1/125
f 9/2/6 11/2/6 10/2/6
f 67/1/126 66/1/126 65/1/126
f 19/3/3 21/3/3 20/3/3
f 11/2/4 13/2/4 12/2/4
f 23/3/2 25/3/2 24/3/2
f 55/1/3 53/1/3 52/1/3
f 13/2/9 15/2/9 14/2/9
f 7/4/10 5/4/10 3/4/10
f 3/4/10 17/4/10 15/4/10
f 15/4/10 13/4/10 11/4/10
f 11/4/10 9/4/10 7/4/10
f 7/4/10 3/4/10 15/4/10
f 58/1/127 56/1/127 60/1/127
f 15/2/12 17/2/12 16/2/12
f 35/3/3 37/3/3 36/3/3
f 41/3/6 43/3/6 42/3/6
f 17/2/13 3/2/13 2/2/13
f 16/5/7 2/5/7 4/5/7
f 4/5/7 6/5/7 8/5/7
f 8/5/7 10/5/7 12/5/7
f 12/5/7 14/5/7 16/5/7
f 16/5/7 4/5/7 8/5/7
f 56/1/4 58/1/4 57/1/4
f 39/3/2 41/3/2 40/3/2
f 29/3/9 31/3/9 30/3/9
f 20/3/7 22/3/7 24/3/7
f 24/3/7 26/3/7 28/3/7
f 28/3/7 30/3/7 32/3/7
f 32/3/7 18/3/7 20/3/7
f 20/3/7 24/3/7 28/3/7
f 31/3/12 33/3/12 32/3/12
f 37/3/5 39/3/5 38/3/5
f 43/3/4 45/3/4 44/3/4
f 33/3/13 19/3/13 18/3/13
f 31/3/10 29/3/10 27/3/10
f 27/3/10 25/3/10 23/3/10
f 23/3/10 21/3/10 19/3/10
f 19/3/10 33/3/10 31/3/10
f 31/3/10 27/3/10 23/3/10
f 61/1/3 60/1/3 59/1/3
f 51/1/10 55/1/10 54/1/10
f 45/3/9 47/3/9 46/3/9
f 41/6/10 39/6/10 37/6/10
f 37/6/10 35/6/10 49/6/10
f 49/6/10 47/6/10 45/6/10
f 45/6/10 43/6/10 41/6/10
f 41/6/10 37/6/10 49/6/10
f 1/1/4 51/1/4 50/1/4
f 47/3/12 49/3/12 48/3/12
f 62/1/128 64/1/128 63/1/128
f 49/3/13 35/3/13 34/3/13
f 38/5/7 40/5/7 46/5/7
f 40/5/7 42/5/7 46/5/7
f 42/5/7 44/5/7 46/5/7
f 46/5/7 48/5/7 38/5/7
f 48/5/7 34/5/7 38/5/7
f 63/1/129 67/1/129 65/1/129
f 64/1/130 62/1/130 66/1/130
f 69/1/4 71/1/4 70/1/4
f 71/1/10 75/1/10 74/1/10
f 75/1/3 73/1/3 72/1/3
f 73/1/7 69/1/7 68/1/7
f 74/1/12 72/1/12 68/1/12
f 71/1/2 69/1/2 73/1/2
f 79/1/31 78/1/31 76/1/31
f 77/1/131 76/1/131 78/1/131
f 80/1/4 82/1/4 81/1/4
f 84/1/20 83/1/20 80/1/20
f 82/1/132 80/1/132 83/1/132
f 87/1/78 90/1/78 89/1/78
f 88/1/79 86/1/79 85/1/79
f 89/1/133 88/1/133 85/1/133
f 90/1/134 87/1/134 86/1/134
f 91/1/4 93/1/4 92/1/4
f 93/1/10 97/1/10 96/1/10
f 97/1/3 95/1/3 94/1/3
f 96/1/135 94/1/135 91/1/135
f 93/1/136 91/1/136 95/1/136
f 99/1/4 101/1/4 100/1/4
f 101/1/10 105/1/10 104/1/10
f 105/1/3 103/1/3 102/1/3
f 103/1/7 99/1/7 98/1/7
f 104/1/12 102/1/12 98/1/12
f 101/1/2 99/1/2 103/1/2
f 107/1/4 109/1/4 108/1/4
f 109/1/10 113/1/10 112/1/10
f 113/1/3 111/1/3 110/1/3
f 111/1/7 107/1/7 106/1/7
f 112/1/12 110/1/12 106/1/12
f 109/1/2 107/1/2 111/1/2
f 115/1/4 117/1/4 116/1/4
f 117/1/10 121/1/10 120/1/10
f 121/1/3 119/1/3 118/1/3
f 119/1/7 115/1/7 114/1/7
f 120/1/12 118/1/12 114/1/12
f 117/1/2 115/1/2 119/1/2
f 125/1/137 124/1/137 122/1/137
f 123/1/138 122/1/138 124/1/138
f 129/1/137 128/1/137 126/1/137
f 127/1/138 126/1/138 128/1/138
f 131/1/4 133/1/4 132/1/4
f 133/1/10 137/1/10 136/1/10
f 137/1/3 135/1/3 134/1/3
f 135/1/7 131/1/7 130/1/7
f 136/1/12 134/1/12 130/1/12
f 133/1/2 131/1/2 135/1/2
f 139/1/4 141/1/4 140/1/4
f 141/1/10 145/1/10 144/1/10
f 145/1/3 143/1/3 142/1/3
f 143/1/7 139/1/7 138/1/7
f 144/1/12 142/1/12 138/1/12
f 141/1/2 139/1/2 143/1/2
f 149/1/137 148/1/137 146/1/137
f 147/1/138 146/1/138 148/1/138
f 153/1/137 152/1/137 150/1/137
f 151/1/138 150/1/138 152/1/138
f 157/1/139 156/1/139 154/1/139
f 155/1/140 154/1/140 156/1/140
f 161/1/139 160/1/139 158/1/139
f 159/1/140 158/1/140 160/1/140
f 162/1/4 164/1/4 163/1/4
f 166/1/31 165/1/31 162/1/31
f 164/1/141 162/1/141 165/1/141
f 170/1/20 169/1/20 167/1/20
f 168/1/142 167/1/142 169/1/142
f 171/1/4 173/1/4 172/1/4
f 173/1/10 177/1/10 176/1/10
f 177/1/3 175/1/3 174/1/3
f 176/1/135 174/1/135 171/1/135
f 173/1/136 171/1/136 175/1/136
f 179/1/4 181/1/4 180/1/4
f 181/1/10 185/1/10 184/1/10
f 185/1/3 183/1/3 182/1/3
f 183/1/7 179/1/7 178/1/7
f 184/1/12 182/1/12 178/1/12
f 181/1/2 179/1/2 183/1/2
f 189/1/137 188/1/137 186/1/137
f 187/1/138 186/1/138 188/1/138
f 193/1/137 192/1/137 190/1/137
f 191/1/138 190/1/138 192/1/138
f 195/1/4 197/1/4 196/1/4
f 197/1/10 201/1/10 200/1/10
f 201/1/3 199/1/3 198/1/3
f 199/1/7 195/1/7 194/1/7
f 200/1/12 198/1/12 194/1/12
f 197/1/2 195/1/2 199/1/2
f 203/1/4 205/1/4 204/1/4
f 205/1/10 209/1/10 208/1/10
f 209/1/3 207/1/3 206/1/3
f 207/1/7 203/1/7 202/1/7
f 208/1/12 206/1/12 202/1/12
f 205/1/2 203/1/2 207/1/2
f 210/1/128 212/1/128 211/1/128
f 215/1/126 214/1/126 213/1/126
f 211/1/129 215/1/129 213/1/129
f 212/1/130 210/1/130 214/1/130
f 219/1/1 218/1/1 216/1/1
f 217/1/143 216/1/143 218/1/143
f 220/1/44 221/1/44 222/1/44
f 222/1/45 225/1/45 224/1/45
f 224/1/43 225/1/43 223/1/43
f 223/1/80 221/1/80 220/1/80
f 224/1/144 223/1/144 220/1/144
f 225/1/145 222/1/145 221/1/145
f 227/1/6 229/1/6 228/1/6
f 229/1/10 233/1/10 232/1/10
f 233/1/13 231/1/13 230/1/13
f 231/1/7 227/1/7 226/1/7
f 232/1/9 230/1/9 226/1/9
f 229/1/5 227/1/5 231/1/5
f 235/1/6 237/1/6 236/1/6
f 237/1/10 241/1/10 240/1/10
f 241/1/13 239/1/13 238/1/13
f 239/1/7 235/1/7 234/1/7
f 240/1/9 238/1/9 234/1/9
f 237/1/5 235/1/5 239/1/5
f 242/1/146 244/1/146 243/1/146
f 247/1/147 246/1/147 245/1/147
f 243/1/148 247/1/148 245/1/148
f 244/1/149 242/1/149 246/1/149
f 249/1/6 251/1/6 250/1/6
f 251/1/10 255/1/10 254/1/10
f 255/1/13 253/1/13 252/1/13
f 253/1/7 249/1/7 248/1/7
f 254/1/9 252/1/9 248/1/9
f 251/1/5 249/1/5 253/1/5
f 257/1/6 259/1/6 258/1/6
f 259/1/10 263/1/10 262/1/10
f 263/1/13 261/1/13 260/1/13
f 261/1/7 257/1/7 256/1/7
f 262/1/9 260/1/9 256/1/9
f 259/1/5 257/1/5 261/1/5
f 264/1/44 265/1/44 266/1/44
f 266/1/45 269/1/45 268/1/45
f 267/1/80 265/1/80 264/1/80
f 268/1/144 267/1/144 264/1/144
f 269/1/145 266/1/145 265/1/145
f 271/1/6 273/1/6 272/1/6
f 272/1/10 273/1/10 277/1/10
f 277/1/13 275/1/13 274/1/13
f 274/1/7 275/1/7 271/1/7
f 276/1/9 274/1/9 270/1/9
f 273/1/5 271/1/5 275/1/5
f 279/1/6 281/1/6 280/1/6
f 280/1/10 281/1/10 285/1/10
f 285/1/13 283/1/13 282/1/13
f 282/1/7 283/1/7 279/1/7
f 284/1/9 282/1/9 278/1/9
f 281/1/5 279/1/5 283/1/5
f 287/1/6 289/1/6 288/1/6
f 289/1/10 293/1/10 292/1/10
f 293/1/13 291/1/13 290/1/13
f 291/1/7 287/1/7 286/1/7
f 292/1/9 290/1/9 286/1/9
f 289/1/5 287/1/5 291/1/5
f 295/1/6 297/1/6 296/1/6
f 297/1/10 301/1/10 300/1/10
f 301/1/13 299/1/13 298/1/13
f 299/1/7 295/1/7 294/1/7
f 300/1/9 298/1/9 294/1/9
f 297/1/5 295/1/5 299/1/5
f 303/1/6 305/1/6 304/1/6
f 305/1/10 309/1/10 308/1/10
f 309/1/13 307/1/13 306/1/13
f 307/1/7 303/1/7 302/1/7
f 308/1/9 306/1/9 302/1/9
f 305/1/5 303/1/5 307/1/5
f 311/1/6 313/1/6 312/1/6
f 313/1/10 317/1/10 316/1/10
f 317/1/13 315/1/13 314/1/13
f 315/1/7 311/1/7 310/1/7
f 316/1/9 314/1/9 310/1/9
f 313/1/5 311/1/5 315/1/5
f 319/1/6 321/1/6 320/1/6
f 321/1/10 325/1/10 324/1/10
f 325/1/13 323/1/13 322/1/13
f 323/1/7 319/1/7 318/1/7
f 324/1/9 322/1/9 318/1/9
f 321/1/5 319/1/5 323/1/5
f 328/1/45 331/1/45 330/1/45
f 330/1/43 331/1/43 329/1/43
f 329/1/80 327/1/80 326/1/80
f 330/1/144 329/1/144 326/1/144
f 331/1/145 328/1/145 327/1/145
f 335/1/80 333/1/80 332/1/80
f 336/1/144 335/1/144 332/1/144
f 337/1/145 334/1/145 333/1/145
f 339/1/6 341/1/6 340/1/6
f 341/1/10 345/1/10 344/1/10
f 345/1/13 343/1/13 342/1/13
f 343/1/7 339/1/7 338/1/7
f 344/1/9 342/1/9 338/1/9
f 341/1/5 339/1/5 343/1/5
f 349/1/150 348/1/150 346/1/150
f 347/1/151 346/1/151 348/1/151
f 350/1/58 352/1/58 351/1/58
f 355/1/59 354/1/59 353/1/59
f 351/1/152 355/1/152 353/1/152
f 352/1/153 350/1/153 354/1/153
f 357/1/10 360/1/10 359/1/10
f 359/1/154 358/1/154 356/1/154
f 357/1/53 356/1/53 358/1/53
f 365/1/12 364/1/12 363/1/12
f 365/1/54 363/1/54 361/1/54
f 362/1/155 361/1/155 364/1/155
f 369/1/156 368/1/156 366/1/156
f 367/1/157 366/1/157 368/1/157
f 373/1/156 372/1/156 370/1/156
f 371/1/157 370/1/157 372/1/157
f 375/1/58 377/1/58 376/1/58
f 377/1/48 381/1/48 380/1/48
f 381/1/59 379/1/59 378/1/59
f 379/1/49 375/1/49 374/1/49
f 376/1/4 380/1/4 378/1/4
f 381/1/3 377/1/3 375/1/3
f 385/1/158 384/1/158 382/1/158
f 383/1/159 382/1/159 384/1/159
f 387/1/2 389/1/2 388/1/2
f 389/1/10 393/1/10 392/1/10
f 393/1/12 391/1/12 390/1/12
f 391/1/7 387/1/7 386/1/7
f 392/1/4 390/1/4 386/1/4
f 389/1/3 387/1/3 391/1/3
f 395/1/2 397/1/2 396/1/2
f 397/1/10 401/1/10 400/1/10
f 401/1/12 399/1/12 398/1/12
f 399/1/7 395/1/7 394/1/7
f 400/1/4 398/1/4 394/1/4
f 397/1/3 395/1/3 399/1/3
f 403/1/2 405/1/2 404/1/2
f 405/1/10 409/1/10 408/1/10
f 409/1/12 407/1/12 406/1/12
f 407/1/7 403/1/7 402/1/7
f 408/1/4 406/1/4 402/1/4
f 405/1/3 403/1/3 407/1/3
f 413/1/160 412/1/160 410/1/160
f 411/1/53 410/1/53 412/1/53
f 417/1/160 416/1/160 414/1/160
f 415/1/53 414/1/53 416/1/53
f 419/1/2 421/1/2 420/1/2
f 421/1/10 425/1/10 424/1/10
f 425/1/12 423/1/12 422/1/12
f 423/1/7 419/1/7 418/1/7
f 424/1/4 422/1/4 418/1/4
f 421/1/3 419/1/3 423/1/3
f 427/1/2 429/1/2 428/1/2
f 429/1/10 433/1/10 432/1/10
f 433/1/12 431/1/12 430/1/12
f 431/1/7 427/1/7 426/1/7
f 432/1/4 430/1/4 426/1/4
f 429/1/3 427/1/3 431/1/3
f 437/1/160 436/1/160 434/1/160
f 435/1/53 434/1/53 436/1/53
f 441/1/160 440/1/160 438/1/160
f 439/1/53 438/1/53 440/1/53
f 443/1/2 445/1/2 444/1/2
f 445/1/10 449/1/10 448/1/10
f 449/1/12 447/1/12 446/1/12
f 447/1/7 443/1/7 442/1/7
f 448/1/4 446/1/4 442/1/4
f 445/1/3 443/1/3 447/1/3
f 451/1/2 453/1/2 452/1/2
f 453/1/10 457/1/10 456/1/10
f 457/1/12 455/1/12 454/1/12
f 455/1/7 451/1/7 450/1/7
f 456/1/4 454/1/4 450/1/4
f 453/1/3 451/1/3 455/1/3
f 459/1/2 461/1/2 460/1/2
f 461/1/10 465/1/10 464/1/10
f 465/1/12 463/1/12 462/1/12
f 463/1/7 459/1/7 458/1/7
f 464/1/4 462/1/4 458/1/4
f 461/1/3 459/1/3 463/1/3
f 467/1/2 469/1/2 468/1/2
f 469/1/10 473/1/10 472/1/10
f 473/1/12 471/1/12 470/1/12
f 471/1/7 467/1/7 466/1/7
f 472/1/4 470/1/4 466/1/4
f 469/1/3 467/1/3 471/1/3
f 475/1/2 477/1/2 476/1/2
f 477/1/10 481/1/10 480/1/10
f 481/1/12 479/1/12 478/1/12
f 479/1/7 475/1/7 474/1/7
f 480/1/4 478/1/4 474/1/4
f 477/1/3 475/1/3 479/1/3
f 483/1/2 485/1/2 484/1/2
f 485/1/10 489/1/10 488/1/10
f 489/1/12 487/1/12 486/1/12
f 487/1/7 483/1/7 482/1/7
f 488/1/4 486/1/4 482/1/4
f 485/1/3 483/1/3 487/1/3
f 493/1/150 492/1/150 490/1/150
f 491/1/151 490/1/151 492/1/151
f 496/1/81 499/1/81 498/1/81
f 497/1/82 495/1/82 494/1/82
f 498/1/161 497/1/161 494/1/161
f 499/1/162 496/1/162 495/1/162
f 503/1/160 502/1/160 500/1/160
f 501/1/53 500/1/53 502/1/53
f 507/1/160 506/1/160 504/1/160
f 505/1/53 504/1/53 506/1/53
f 509/1/2 511/1/2 510/1/2
f 511/1/10 515/1/10 514/1/10
f 515/1/12 513/1/12 512/1/12
f 513/1/7 509/1/7 508/1/7
f 514/1/4 512/1/4 508/1/4
f 511/1/3 509/1/3 513/1/3
f 517/1/2 519/1/2 518/1/2
f 519/1/10 523/1/10 522/1/10
f 523/1/12 521/1/12 520/1/12
f 521/1/7 517/1/7 516/1/7
f 522/1/4 520/1/4 516/1/4
f 519/1/3 517/1/3 521/1/3
f 525/1/2 527/1/2 526/1/2
f 527/1/10 531/1/10 530/1/10
f 531/1/12 529/1/12 528/1/12
f 529/1/7 525/1/7 524/1/7
f 530/1/4 528/1/4 524/1/4
f 527/1/3 525/1/3 529/1/3
f 533/1/2 535/1/2 534/1/2
f 535/1/10 539/1/10 538/1/10
f 539/1/12 537/1/12 536/1/12
f 537/1/7 533/1/7 532/1/7
f 538/1/4 536/1/4 532/1/4
f 535/1/3 533/1/3 537/1/3
f 540/1/58 542/1/58 541/1/58
f 545/1/59 544/1/59 543/1/59
f 541/1/152 545/1/152 543/1/152
f 542/1/153 540/1/153 544/1/153
f 547/1/5 549/1/5 548/1/5
f 548/1/10 549/1/10 553/1/10
f 553/1/9 551/1/9 550/1/9
f 550/1/7 551/1/7 547/1/7
f 552/1/6 550/1/6 546/1/6
f 549/1/13 547/1/13 551/1/13
f 555/1/5 557/1/5 556/1/5
f 556/1/10 557/1/10 561/1/10
f 561/1/9 559/1/9 558/1/9
f 558/1/7 559/1/7 555/1/7
f 560/1/6 558/1/6 554/1/6
f 557/1/13 555/1/13 559/1/13
f 563/1/5 565/1/5 564/1/5
f 565/1/10 569/1/10 568/1/10
f 569/1/9 567/1/9 566/1/9
f 567/1/7 563/1/7 562/1/7
f 568/1/6 566/1/6 562/1/6
f 565/1/13 563/1/13 567/1/13
f 571/1/5 573/1/5 572/1/5
f 573/1/10 577/1/10 576/1/10
f 577/1/9 575/1/9 574/1/9
f 575/1/7 571/1/7 570/1/7
f 576/1/6 574/1/6 570/1/6
f 573/1/13 571/1/13 575/1/13
f 579/1/5 581/1/5 580/1/5
f 581/1/10 585/1/10 584/1/10
f 585/1/9 583/1/9 582/1/9
f 583/1/7 579/1/7 578/1/7
f 584/1/6 582/1/6 578/1/6
f 581/1/13 579/1/13 583/1/13
f 587/1/5 589/1/5 588/1/5
f 589/1/10 593/1/10 592/1/10
f 593/1/9 591/1/9 590/1/9
f 591/1/7 587/1/7 586/1/7
f 592/1/6 590/1/6 586/1/6
f 589/1/13 587/1/13 591/1/13
f 595/1/5 597/1/5 596/1/5
f 597/1/10 601/1/10 600/1/10
f 601/1/9 599/1/9 598/1/9
f 599/1/7 595/1/7 594/1/7
f 600/1/6 598/1/6 594/1/6
f 597/1/13 595/1/13 599/1/13
f 603/1/5 605/1/5 604/1/5
f 605/1/10 609/1/10 608/1/10
f 609/1/9 607/1/9 606/1/9
f 607/1/7 603/1/7 602/1/7
f 608/1/6 606/1/6 602/1/6
f 605/1/13 603/1/13 607/1/13
f 610/1/163 612/1/163 611/1/163
f 615/1/93 614/1/93 613/1/93
f 611/1/164 615/1/164 613/1/164
f 612/1/165 610/1/165 614/1/165
f 617/1/5 619/1/5 618/1/5
f 619/1/10 623/1/10 622/1/10
f 623/1/9 621/1/9 620/1/9
f 621/1/7 617/1/7 616/1/7
f 622/1/6 620/1/6 616/1/6
f 619/1/13 617/1/13 621/1/13
f 625/1/5 627/1/5 626/1/5
f 627/1/10 631/1/10 630/1/10
f 631/1/9 629/1/9 628/1/9
f 629/1/7 625/1/7 624/1/7
f 630/1/6 628/1/6 624/1/6
f 627/1/13 625/1/13 629/1/13
f 633/1/5 635/1/5 634/1/5
f 635/1/10 639/1/10 638/1/10
f 639/1/9 637/1/9 636/1/9
f 637/1/7 633/1/7 632/1/7
f 638/1/6 636/1/6 632/1/6
f 635/1/13 633/1/13 637/1/13
f 641/1/5 643/1/5 642/1/5
f 643/1/10 647/1/10 646/1/10
f 647/1/9 645/1/9 644/1/9
f 645/1/7 641/1/7 640/1/7
f 646/1/6 644/1/6 640/1/6
f 643/1/13 641/1/13 645/1/13
f 649/1/5 651/1/5 650/1/5
f 651/1/10 655/1/10 654/1/10
f 655/1/9 653/1/9 652/1/9
f 653/1/7 649/1/7 648/1/7
f 654/1/6 652/1/6 648/1/6
f 651/1/13 649/1/13 653/1/13
f 656/1/166 657/1/166 658/1/166
f 658/1/167 661/1/167 660/1/167
f 659/1/168 657/1/168 656/1/168
f 660/1/169 659/1/169 656/1/169
f 661/1/170 658/1/170 657/1/170
f 663/1/5 665/1/5 664/1/5
f 665/1/10 669/1/10 668/1/10
f 669/1/9 667/1/9 666/1/9
f 667/1/7 663/1/7 662/1/7
f 668/1/6 666/1/6 662/1/6
f 665/1/13 663/1/13 667/1/13
f 671/1/5 673/1/5 672/1/5
f 673/1/10 677/1/10 676/1/10
f 677/1/9 675/1/9 674/1/9
f 675/1/7 671/1/7 670/1/7
f 676/1/6 674/1/6 670/1/6
f 673/1/13 671/1/13 675/1/13
f 679/1/5 681/1/5 680/1/5
f 681/1/10 685/1/10 684/1/10
f 685/1/9 683/1/9 682/1/9
f 683/1/7 679/1/7 678/1/7
f 684/1/6 682/1/6 678/1/6
f 681/1/13 679/1/13 683/1/13
f 687/1/5 689/1/5 688/1/5
f 689/1/10 693/1/10 692/1/10
f 693/1/9 691/1/9 690/1/9
f 691/1/7 687/1/7 686/1/7
f 692/1/6 690/1/6 686/1/6
f 689/1/13 687/1/13 691/1/13
f 695/1/5 697/1/5 696/1/5
f 697/1/10 701/1/10 700/1/10
f 701/1/9 699/1/9 698/1/9
f 699/1/7 695/1/7 694/1/7
f 700/1/6 698/1/6 694/1/6
f 697/1/13 695/1/13 699/1/13
f 703/1/5 705/1/5 704/1/5
f 705/1/10 709/1/10 708/1/10
f 709/1/9 707/1/9 706/1/9
f 707/1/7 703/1/7 702/1/7
f 708/1/6 706/1/6 702/1/6
f 705/1/13 703/1/13 707/1/13
f 711/1/5 713/1/5 712/1/5
f 713/1/10 717/1/10 716/1/10
f 717/1/9 715/1/9 714/1/9
f 715/1/7 711/1/7 710/1/7
f 716/1/6 714/1/6 710/1/6
f 713/1/13 711/1/13 715/1/13
f 719/1/5 721/1/5 720/1/5
f 721/1/10 725/1/10 724/1/10
f 725/1/9 723/1/9 722/1/9
f 723/1/7 719/1/7 718/1/7
f 724/1/6 722/1/6 718/1/6
f 721/1/13 719/1/13 723/1/13
f 727/1/5 729/1/5 728/1/5
f 729/1/10 733/1/10 732/1/10
f 733/1/9 731/1/9 730/1/9
f 731/1/7 727/1/7 726/1/7
f 732/1/6 730/1/6 726/1/6
f 729/1/13 727/1/13 731/1/13
f 735/1/5 737/1/5 736/1/5
f 737/1/10 741/1/10 740/1/10
f 741/1/9 739/1/9 738/1/9
f 739/1/7 735/1/7 734/1/7
f 740/1/6 738/1/6 734/1/6
f 737/1/13 735/1/13 739/1/13
f 743/1/5 745/1/5 744/1/5
f 745/1/10 749/1/10 748/1/10
f 749/1/9 747/1/9 746/1/9
f 747/1/7 743/1/7 742/1/7
f 748/1/6 746/1/6 742/1/6
f 745/1/13 743/1/13 747/1/13
f 751/1/5 753/1/5 752/1/5
f 753/1/10 757/1/10 756/1/10
f 757/1/9 755/1/9 754/1/9
f 755/1/7 751/1/7 750/1/7
f 756/1/6 754/1/6 750/1/6
f 753/1/13 751/1/13 755/1/13
f 759/1/5 761/1/5 760/1/5
f 761/1/10 765/1/10 764/1/10
f 765/1/9 763/1/9 762/1/9
f 763/1/7 759/1/7 758/1/7
f 764/1/6 762/1/6 758/1/6
f 761/1/13 759/1/13 763/1/13
f 767/1/3 769/1/3 768/1/3
f 769/1/10 773/1/10 772/1/10
f 773/1/4 771/1/4 770/1/4
f 771/1/7 767/1/7 766/1/7
f 772/1/2 770/1/2 766/1/2
f 769/1/12 767/1/12 771/1/12
f 775/1/3 777/1/3 776/1/3
f 778/1/7 775/1/7 774/1/7
f 779/1/171 778/1/171 774/1/171
f 777/1/135 775/1/135 778/1/135
f 781/1/3 783/1/3 782/1/3
f 783/1/10 787/1/10 786/1/10
f 787/1/4 785/1/4 784/1/4
f 785/1/7 781/1/7 780/1/7
f 786/1/2 784/1/2 780/1/2
f 783/1/12 781/1/12 785/1/12
f 791/1/131 790/1/131 788/1/131
f 789/1/31 788/1/31 790/1/31
f 793/1/3 795/1/3 794/1/3
f 795/1/10 799/1/10 798/1/10
f 799/1/4 797/1/4 796/1/4
f 797/1/7 793/1/7 792/1/7
f 798/1/2 796/1/2 792/1/2
f 795/1/12 793/1/12 797/1/12
f 801/1/3 803/1/3 802/1/3
f 803/1/10 807/1/10 806/1/10
f 807/1/4 805/1/4 804/1/4
f 805/1/7 801/1/7 800/1/7
f 806/1/2 804/1/2 800/1/2
f 803/1/12 801/1/12 805/1/12
f 811/1/172 810/1/172 808/1/172
f 809/1/173 808/1/173 810/1/173
f 815/1/143 814/1/143 812/1/143
f 813/1/1 812/1/1 814/1/1
f 816/1/23 818/1/23 817/1/23
f 821/1/22 820/1/22 819/1/22
f 817/1/134 821/1/134 819/1/134
f 818/1/133 816/1/133 820/1/133
f 825/1/138 824/1/138 822/1/138
f 823/1/137 822/1/137 824/1/137
f 829/1/138 828/1/138 826/1/138
f 827/1/137 826/1/137 828/1/137
f 831/1/3 833/1/3 832/1/3
f 833/1/10 837/1/10 836/1/10
f 837/1/4 835/1/4 834/1/4
f 835/1/7 831/1/7 830/1/7
f 836/1/2 834/1/2 830/1/2
f 833/1/12 831/1/12 835/1/12
f 839/1/3 841/1/3 840/1/3
f 841/1/10 845/1/10 844/1/10
f 845/1/4 843/1/4 842/1/4
f 843/1/7 839/1/7 838/1/7
f 844/1/2 842/1/2 838/1/2
f 841/1/12 839/1/12 843/1/12
f 846/1/23 848/1/23 847/1/23
f 851/1/22 850/1/22 849/1/22
f 847/1/134 851/1/134 849/1/134
f 848/1/133 846/1/133 850/1/133
f 853/1/3 855/1/3 854/1/3
f 855/1/10 859/1/10 858/1/10
f 859/1/4 857/1/4 856/1/4
f 857/1/7 853/1/7 852/1/7
f 858/1/2 856/1/2 852/1/2
f 855/1/12 853/1/12 857/1/12
f 861/1/3 863/1/3 862/1/3
f 863/1/10 867/1/10 866/1/10
f 867/1/4 865/1/4 864/1/4
f 865/1/7 861/1/7 860/1/7
f 866/1/2 864/1/2 860/1/2
f 863/1/12 861/1/12 865/1/12
f 868/1/23 870/1/23 869/1/23
f 873/1/22 872/1/22 871/1/22
f 869/1/134 873/1/134 871/1/134
f 870/1/133 868/1/133 872/1/133
f 875/1/3 877/1/3 876/1/3
f 877/1/10 881/1/10 880/1/10
f 881/1/4 879/1/4 878/1/4
f 879/1/7 875/1/7 874/1/7
f 880/1/2 878/1/2 874/1/2
f 877/1/12 875/1/12 879/1/12
f 883/1/3 885/1/3 884/1/3
f 885/1/10 889/1/10 888/1/10
f 889/1/4 887/1/4 886/1/4
f 887/1/7 883/1/7 882/1/7
f 888/1/2 886/1/2 882/1/2
f 885/1/12 883/1/12 887/1/12
f 891/1/3 893/1/3 892/1/3
f 893/1/10 897/1/10 896/1/10
f 897/1/4 895/1/4 894/1/4
f 895/1/7 891/1/7 890/1/7
f 896/1/2 894/1/2 890/1/2
f 893/1/12 891/1/12 895/1/12
f 899/1/13 901/1/13 900/1/13
f 901/1/10 905/1/10 904/1/10
f 905/1/6 903/1/6 902/1/6
f 903/1/7 899/1/7 898/1/7
f 904/1/5 902/1/5 898/1/5
f 901/1/9 899/1/9 903/1/9
f 907/1/13 909/1/13 908/1/13
f 909/1/10 913/1/10 912/1/10
f 913/1/6 911/1/6 910/1/6
f 911/1/7 907/1/7 906/1/7
f 912/1/5 910/1/5 906/1/5
f 909/1/9 907/1/9 911/1/9
f 915/1/13 917/1/13 916/1/13
f 917/1/10 921/1/10 920/1/10
f 921/1/6 919/1/6 918/1/6
f 919/1/7 915/1/7 914/1/7
f 920/1/5 918/1/5 914/1/5
f 917/1/9 915/1/9 919/1/9
f 923/1/13 925/1/13 924/1/13
f 925/1/10 929/1/10 928/1/10
f 929/1/6 927/1/6 926/1/6
f 927/1/7 923/1/7 922/1/7
f 928/1/5 926/1/5 922/1/5
f 925/1/9 923/1/9 927/1/9
f 931/1/13 933/1/13 932/1/13
f 933/1/10 937/1/10 936/1/10
f 937/1/6 935/1/6 934/1/6
f 935/1/7 931/1/7 930/1/7
f 936/1/5 934/1/5 930/1/5
f 933/1/9 931/1/9 935/1/9
f 939/1/13 941/1/13 940/1/13
f 941/1/10 945/1/10 944/1/10
f 945/1/6 943/1/6 942/1/6
f 943/1/7 939/1/7 938/1/7
f 944/1/5 942/1/5 938/1/5
f 941/1/9 939/1/9 943/1/9
f 947/1/13 949/1/13 948/1/13
f 949/1/10 953/1/10 952/1/10
f 953/1/6 951/1/6 950/1/6
f 951/1/7 947/1/7 946/1/7
f 952/1/5 950/1/5 946/1/5
f 949/1/9 947/1/9 951/1/9
f 955/1/13 957/1/13 956/1/13
f 957/1/10 961/1/10 960/1/10
f 961/1/6 959/1/6 958/1/6
f 959/1/7 955/1/7 954/1/7
f 960/1/5 958/1/5 954/1/5
f 957/1/9 955/1/9 959/1/9
f 963/1/13 965/1/13 964/1/13
f 965/1/10 969/1/10 968/1/10
f 969/1/6 967/1/6 966/1/6
f 967/1/7 963/1/7 962/1/7
f 968/1/5 966/1/5 962/1/5
f 965/1/9 963/1/9 967/1/9
f 971/1/13 973/1/13 972/1/13
f 973/1/10 977/1/10 976/1/10
f 977/1/6 975/1/6 974/1/6
f 975/1/7 971/1/7 970/1/7
f 976/1/5 974/1/5 970/1/5
f 973/1/9 971/1/9 975/1/9
f 978/1/43 980/1/43 979/1/43
f 979/1/45 980/1/45 983/1/45
f 983/1/44 982/1/44 981/1/44
f 979/1/145 983/1/145 981/1/145
f 980/1/144 978/1/144 982/1/144
f 985/1/13 987/1/13 986/1/13
f 987/1/10 991/1/10 990/1/10
f 991/1/6 989/1/6 988/1/6
f 989/1/7 985/1/7 984/1/7
f 990/1/5 988/1/5 984/1/5
f 987/1/9 985/1/9 989/1/9
f 993/1/13 995/1/13 994/1/13
f 995/1/10 999/1/10 998/1/10
f 999/1/6 997/1/6 996/1/6
f 997/1/7 993/1/7 992/1/7
f 998/1/5 996/1/5 992/1/5
f 995/1/9 993/1/9 997/1/9
f 1001/1/13 1003/1/13 1002/1/13
f 1003/1/10 1007/1/10 1006/1/10
f 1007/1/6 1005/1/6 1004/1/6
f 1005/1/7 1001/1/7 1000/1/7
f 1006/1/5 1004/1/5 1000/1/5
f 1003/1/9 1001/1/9 1005/1/9
f 1009/1/13 1011/1/13 1010/1/13
f 1011/1/10 1015/1/10 1014/1/10
f 1015/1/6 1013/1/6 1012/1/6
f 1013/1/7 1009/1/7 1008/1/7
f 1014/1/5 1012/1/5 1008/1/5
f 1011/1/9 1009/1/9 1013/1/9
f 1016/1/43 1018/1/43 1017/1/43
f 1021/1/44 1020/1/44 1019/1/44
f 1017/1/145 1021/1/145 1019/1/145
f 1018/1/144 1016/1/144 1020/1/144
f 1023/1/13 1025/1/13 1024/1/13
f 1024/1/10 1025/1/10 1029/1/10
f 1029/1/6 1027/1/6 1026/1/6
f 1026/1/7 1027/1/7 1023/1/7
f 1028/1/5 1026/1/5 1022/1/5
f 1025/1/9 1023/1/9 1027/1/9
f 1031/1/13 1033/1/13 1032/1/13
f 1032/1/10 1033/1/10 1037/1/10
f 1037/1/6 1035/1/6 1034/1/6
f 1034/1/7 1035/1/7 1031/1/7
f 1036/1/5 1034/1/5 1030/1/5
f 1033/1/9 1031/1/9 1035/1/9
f 1039/1/13 1041/1/13 1040/1/13
f 1041/1/10 1045/1/10 1044/1/10
f 1045/1/6 1043/1/6 1042/1/6
f 1043/1/7 1039/1/7 1038/1/7
f 1044/1/5 1042/1/5 1038/1/5
f 1041/1/9 1039/1/9 1043/1/9
f 1047/1/13 1049/1/13 1048/1/13
f 1049/1/10 1053/1/10 1052/1/10
f 1053/1/6 1051/1/6 1050/1/6
f 1051/1/7 1047/1/7 1046/1/7
f 1052/1/5 1050/1/5 1046/1/5
f 1049/1/9 1047/1/9 1051/1/9
f 1055/1/13 1057/1/13 1056/1/13
f 1057/1/10 1061/1/10 1060/1/10
f 1061/1/6 1059/1/6 1058/1/6
f 1059/1/7 1055/1/7 1054/1/7
f 1060/1/5 1058/1/5 1054/1/5
f 1057/1/9 1055/1/9 1059/1/9
f 1063/1/13 1065/1/13 1064/1/13
f 1064/1/10 1065/1/10 1069/1/10
f 1069/1/6 1067/1/6 1066/1/6
f 1066/1/7 1067/1/7 1063/1/7
f 1068/1/5 1066/1/5 1062/1/5
f 1065/1/9 1063/1/9 1067/1/9
f 1071/1/13 1073/1/13 1072/1/13
f 1072/1/10 1073/1/10 1077/1/10
f 1077/1/6 1075/1/6 1074/1/6
f 1074/1/7 1075/1/7 1071/1/7
f 1076/1/5 1074/1/5 1070/1/5
f 1073/1/9 1071/1/9 1075/1/9
f 1079/1/13 1081/1/13 1080/1/13
f 1081/1/10 1085/1/10 1084/1/10
f 1085/1/6 1083/1/6 1082/1/6
f 1083/1/7 1079/1/7 1078/1/7
f 1084/1/5 1082/1/5 1078/1/5
f 1081/1/9 1079/1/9 1083/1/9
f 1087/1/13 1089/1/13 1088/1/13
f 1088/1/10 1089/1/10 1093/1/10
f 1093/1/6 1091/1/6 1090/1/6
f 1090/1/7 1091/1/7 1087/1/7
f 1092/1/5 1090/1/5 1086/1/5
f 1089/1/9 1087/1/9 1091/1/9
f 1095/1/13 1097/1/13 1096/1/13
f 1096/1/10 1097/1/10 1101/1/10
f 1101/1/6 1099/1/6 1098/1/6
f 1098/1/7 1099/1/7 1095/1/7
f 1100/1/5 1098/1/5 1094/1/5
f 1097/1/9 1095/1/9 1099/1/9
f 1103/1/13 1105/1/13 1104/1/13
f 1105/1/10 1109/1/10 1108/1/10
f 1109/1/6 1107/1/6 1106/1/6
f 1107/1/7 1103/1/7 1102/1/7
f 1108/1/5 1106/1/5 1102/1/5
f 1105/1/9 1103/1/9 1107/1/9
f 1113/1/159 1112/1/159 1110/1/159
f 1111/1/158 1110/1/158 1112/1/158
f 1115/1/12 1117/1/12 1116/1/12
f 1117/1/10 1121/1/10 1120/1/10
f 1121/1/2 1119/1/2 1118/1/2
f 1119/1/7 1115/1/7 1114/1/7
f 1120/1/3 1118/1/3 1114/1/3
f 1117/1/4 1115/1/4 1119/1/4
f 1123/1/12 1125/1/12 1124/1/12
f 1125/1/10 1129/1/10 1128/1/10
f 1129/1/2 1127/1/2 1126/1/2
f 1127/1/7 1123/1/7 1122/1/7
f 1128/1/3 1126/1/3 1122/1/3
f 1125/1/4 1123/1/4 1127/1/4
f 1130/1/64 1132/1/64 1131/1/64
f 1135/1/63 1134/1/63 1133/1/63
f 1131/1/162 1135/1/162 1133/1/162
f 1132/1/161 1130/1/161 1134/1/161
f 1139/1/159 1138/1/159 1136/1/159
f 1137/1/158 1136/1/158 1138/1/158
f 1141/1/12 1143/1/12 1142/1/12
f 1143/1/10 1147/1/10 1146/1/10
f 1147/1/2 1145/1/2 1144/1/2
f 1145/1/7 1141/1/7 1140/1/7
f 1146/1/3 1144/1/3 1140/1/3
f 1143/1/4 1141/1/4 1145/1/4
f 1149/1/12 1151/1/12 1150/1/12
f 1151/1/10 1155/1/10 1154/1/10
f 1155/1/2 1153/1/2 1152/1/2
f 1153/1/7 1149/1/7 1148/1/7
f 1154/1/3 1152/1/3 1148/1/3
f 1151/1/4 1149/1/4 1153/1/4
f 1159/1/151 1158/1/151 1156/1/151
f 1157/1/150 1156/1/150 1158/1/150
f 1163/1/53 1162/1/53 1160/1/53
f 1161/1/160 1160/1/160 1162/1/160
f 1167/1/53 1166/1/53 1164/1/53
f 1165/1/160 1164/1/160 1166/1/160
f 1169/1/12 1171/1/12 1170/1/12
f 1171/1/10 1175/1/10 1174/1/10
f 1175/1/2 1173/1/2 1172/1/2
f 1173/1/7 1169/1/7 1168/1/7
f 1174/1/3 1172/1/3 1168/1/3
f 1171/1/4 1169/1/4 1173/1/4
f 1177/1/12 1179/1/12 1178/1/12
f 1179/1/10 1182/1/10 1181/1/10
f 1180/1/7 1177/1/7 1176/1/7
f 1181/1/174 1180/1/174 1176/1/174
f 1179/1/175 1177/1/175 1180/1/175
f 1188/1/2 1187/1/2 1186/1/2
f 1187/1/7 1184/1/7 1183/1/7
f 1188/1/176 1186/1/176 1183/1/176
f 1185/1/177 1184/1/177 1187/1/177
f 1192/1/178 1191/1/178 1189/1/178
f 1190/1/179 1189/1/179 1191/1/179
f 1196/1/53 1195/1/53 1193/1/53
f 1194/1/160 1193/1/160 1195/1/160
f 1200/1/53 1199/1/53 1197/1/53
f 1198/1/160 1197/1/160 1199/1/160
f 1204/1/7 1202/1/7 1201/1/7
f 1205/1/180 1204/1/180 1201/1/180
f 1203/1/56 1202/1/56 1204/1/56
f 1209/1/157 1208/1/157 1206/1/157
f 1207/1/156 1206/1/156 1208/1/156
f 1213/1/181 1212/1/181 1210/1/181
f 1211/1/182 1210/1/182 1212/1/182
f 1217/1/181 1216/1/181 1214/1/181
f 1215/1/182 1214/1/182 1216/1/182
f 1221/1/53 1220/1/53 1218/1/53
f 1219/1/160 1218/1/160 1220/1/160
f 1225/1/53 1224/1/53 1222/1/53
f 1223/1/160 1222/1/160 1224/1/160
f 1228/1/10 1232/1/10 1231/1/10
f 1232/1/2 1230/1/2 1229/1/2
f 1230/1/7 1227/1/7 1226/1/7
f 1231/1/3 1229/1/3 1226/1/3
f 1228/1/183 1227/1/183 1230/1/183
f 1234/1/12 1236/1/12 1235/1/12
f 1236/1/10 1239/1/10 1238/1/10
f 1237/1/7 1234/1/7 1233/1/7
f 1238/1/174 1237/1/174 1233/1/174
f 1236/1/175 1234/1/175 1237/1/175
f 1243/1/151 1242/1/151 1240/1/151
f 1241/1/150 1240/1/150 1242/1/150
f 1245/1/9 1247/1/9 1246/1/9
f 1247/1/10 1251/1/10 1250/1/10
f 1251/1/5 1249/1/5 1248/1/5
f 1249/1/7 1245/1/7 1244/1/7
f 1250/1/13 1248/1/13 1244/1/13
f 1247/1/6 1245/1/6 1249/1/6
f 1253/1/9 1255/1/9 1254/1/9
f 1255/1/10 1259/1/10 1258/1/10
f 1259/1/5 1257/1/5 1256/1/5
f 1257/1/7 1253/1/7 1252/1/7
f 1258/1/13 1256/1/13 1252/1/13
f 1255/1/6 1253/1/6 1257/1/6
f 1261/1/9 1263/1/9 1262/1/9
f 1263/1/10 1267/1/10 1266/1/10
f 1267/1/5 1265/1/5 1264/1/5
f 1265/1/7 1261/1/7 1260/1/7
f 1266/1/13 1264/1/13 1260/1/13
f 1263/1/6 1261/1/6 1265/1/6
f 1269/1/9 1271/1/9 1270/1/9
f 1270/1/10 1271/1/10 1275/1/10
f 1275/1/5 1273/1/5 1272/1/5
f 1272/1/7 1273/1/7 1269/1/7
f 1274/1/13 1272/1/13 1268/1/13
f 1271/1/6 1269/1/6 1273/1/6
f 1277/1/9 1279/1/9 1278/1/9
f 1278/1/10 1279/1/10 1283/1/10
f 1283/1/5 1281/1/5 1280/1/5
f 1280/1/7 1281/1/7 1277/1/7
f 1282/1/13 1280/1/13 1276/1/13
f 1279/1/6 1277/1/6 1281/1/6
f 1284/1/93 1285/1/93 1286/1/93
f 1288/1/163 1289/1/163 1287/1/163
f 1287/1/68 1285/1/68 1284/1/68
f 1288/1/165 1287/1/165 1284/1/165
f 1289/1/164 1286/1/164 1285/1/164
f 1291/1/9 1293/1/9 1292/1/9
f 1293/1/10 1297/1/10 1296/1/10
f 1297/1/5 1295/1/5 1294/1/5
f 1295/1/7 1291/1/7 1290/1/7
f 1296/1/13 1294/1/13 1290/1/13
f 1293/1/6 1291/1/6 1295/1/6
f 1299/1/9 1301/1/9 1300/1/9
f 1301/1/10 1305/1/10 1304/1/10
f 1305/1/5 1303/1/5 1302/1/5
f 1303/1/7 1299/1/7 1298/1/7
f 1304/1/13 1302/1/13 1298/1/13
f 1301/1/6 1299/1/6 1303/1/6
f 1307/1/9 1309/1/9 1308/1/9
f 1309/1/10 1313/1/10 1312/1/10
f 1313/1/5 1311/1/5 1310/1/5
f 1311/1/7 1307/1/7 1306/1/7
f 1312/1/13 1310/1/13 1306/1/13
f 1309/1/6 1307/1/6 1311/1/6
f 1315/1/9 1317/1/9 1316/1/9
f 1317/1/10 1321/1/10 1320/1/10
f 1321/1/5 1319/1/5 1318/1/5
f 1319/1/7 1315/1/7 1314/1/7
f 1320/1/13 1318/1/13 1314/1/13
f 1317/1/6 1315/1/6 1319/1/6
f 1323/1/9 1325/1/9 1324/1/9
f 1325/1/10 1329/1/10 1328/1/10
f 1329/1/5 1327/1/5 1326/1/5
f 1327/1/7 1323/1/7 1322/1/7
f 1328/1/13 1326/1/13 1322/1/13
f 1325/1/6 1323/1/6 1327/1/6
f 1331/1/9 1333/1/9 1332/1/9
f 1333/1/10 1337/1/10 1336/1/10
f 1337/1/5 1335/1/5 1334/1/5
f 1335/1/7 1331/1/7 1330/1/7
f 1336/1/13 1334/1/13 1330/1/13
f 1333/1/6 1331/1/6 1335/1/6
f 1339/1/9 1341/1/9 1340/1/9
f 1341/1/10 1345/1/10 1344/1/10
f 1345/1/5 1343/1/5 1342/1/5
f 1343/1/7 1339/1/7 1338/1/7
f 1344/1/13 1342/1/13 1338/1/13
f 1341/1/6 1339/1/6 1343/1/6
f 1347/1/9 1349/1/9 1348/1/9
f 1349/1/10 1353/1/10 1352/1/10
f 1353/1/5 1351/1/5 1350/1/5
f 1351/1/7 1347/1/7 1346/1/7
f 1352/1/13 1350/1/13 1346/1/13
f 1349/1/6 1347/1/6 1351/1/6
f 1355/1/9 1357/1/9 1356/1/9
f 1357/1/10 1361/1/10 1360/1/10
f 1361/1/5 1359/1/5 1358/1/5
f 1359/1/7 1355/1/7 1354/1/7
f 1360/1/13 1358/1/13 1354/1/13
f 1357/1/6 1355/1/6 1359/1/6
f 1364/1/67 1367/1/67 1366/1/67
f 1366/1/163 1367/1/163 1365/1/163
f 1365/1/68 1363/1/68 1362/1/68
f 1366/1/165 1365/1/165 1362/1/165
f 1367/1/164 1364/1/164 1363/1/164
f 1369/1/9 1371/1/9 1370/1/9
f 1371/1/10 1375/1/10 1374/1/10
f 1375/1/5 1373/1/5 1372/1/5
f 1373/1/7 1369/1/7 1368/1/7
f 1374/1/13 1372/1/13 1368/1/13
f 1371/1/6 1369/1/6 1373/1/6
f 1377/1/9 1379/1/9 1378/1/9
f 1379/1/10 1383/1/10 1382/1/10
f 1383/1/5 1381/1/5 1380/1/5
f 1381/1/7 1377/1/7 1376/1/7
f 1382/1/13 1380/1/13 1376/1/13
f 1379/1/6 1377/1/6 1381/1/6
f 1385/1/9 1387/1/9 1386/1/9
f 1387/1/10 1391/1/10 1390/1/10
f 1391/1/5 1389/1/5 1388/1/5
f 1389/1/7 1385/1/7 1384/1/7
f 1390/1/13 1388/1/13 1384/1/13
f 1387/1/6 1385/1/6 1389/1/6
f 1393/1/9 1395/1/9 1394/1/9
f 1395/1/10 1399/1/10 1398/1/10
f 1399/1/5 1397/1/5 1396/1/5
f 1397/1/7 1393/1/7 1392/1/7
f 1398/1/13 1396/1/13 1392/1/13
f 1395/1/6 1393/1/6 1397/1/6
f 2198/4/94 2196/4/94 2192/4/94
f 1443/1/184 1445/1/184 1442/1/184
f 1403/2/95 1405/2/95 1404/2/95
f 1419/1/184 1421/1/184 1418/1/184
f 1405/2/97 1407/2/97 1406/2/97
f 1421/1/185 1423/1/185 1420/1/185
f 1481/2/98 1483/2/98 1482/2/98
f 1407/2/99 1409/2/99 1408/2/99
f 1469/1/185 1471/1/185 1468/1/185
f 1409/2/98 1411/2/98 1410/2/98
f 1411/2/101 1413/2/101 1412/2/101
f 1413/2/103 1415/2/103 1414/2/103
f 1407/2/10 1405/2/10 1403/2/10
f 1403/2/10 1417/2/10 1415/2/10
f 1415/2/10 1413/2/10 1411/2/10
f 1411/2/10 1409/2/10 1407/2/10
f 1407/2/10 1403/2/10 1415/2/10
f 1445/1/185 1447/1/185 1444/1/185
f 1415/2/104 1417/2/104 1416/2/104
f 1427/2/95 1429/2/95 1428/2/95
f 1433/2/98 1435/2/98 1434/2/98
f 1417/2/105 1403/2/105 1402/2/105
f 1416/2/7 1402/2/7 1408/2/7
f 1402/2/7 1404/2/7 1408/2/7
f 1404/2/7 1406/2/7 1408/2/7
f 1408/2/7 1410/2/7 1416/2/7
f 1410/2/7 1412/2/7 1416/2/7
f 1475/2/95 1477/2/95 1476/2/95
f 1431/2/99 1433/2/99 1432/2/99
f 1423/1/186 1425/1/186 1422/1/186
f 1493/1/185 1495/1/185 1492/1/185
f 1420/1/7 1422/1/7 1418/1/7
f 1429/2/97 1431/2/97 1430/2/97
f 1435/2/101 1437/2/101 1436/2/101
f 1425/1/187 1419/1/187 1424/1/187
f 1425/1/10 1423/1/10 1421/1/10
f 1505/2/98 1507/2/98 1506/2/98
f 1437/2/103 1439/2/103 1438/2/103
f 1433/2/10 1431/2/10 1429/2/10
f 1429/2/10 1427/2/10 1433/2/10
f 1427/2/10 1441/2/10 1433/2/10
f 1441/2/10 1439/2/10 1433/2/10
f 1439/2/10 1437/2/10 1433/2/10
f 1439/2/104 1441/2/104 1440/2/104
f 1451/2/95 1453/2/95 1452/2/95
f 1457/2/98 1459/2/98 1458/2/98
f 1441/2/105 1427/2/105 1426/2/105
f 1430/2/7 1432/2/7 1434/2/7
f 1434/2/7 1436/2/7 1438/2/7
f 1438/2/7 1440/2/7 1426/2/7
f 1426/2/7 1428/2/7 1430/2/7
f 1430/2/7 1434/2/7 1438/2/7
f 1521/4/98 1523/4/98 1522/4/98
f 1455/2/99 1457/2/99 1456/2/99
f 1447/1/186 1449/1/186 1446/1/186
f 1499/2/95 1501/2/95 1500/2/95
f 1442/1/7 1444/1/7 1446/1/7
f 1453/2/97 1455/2/97 1454/2/97
f 1459/2/101 1461/2/101 1460/2/101
f 1449/1/187 1443/1/187 1448/1/187
f 1445/1/10 1443/1/10 1447/1/10
f 1537/2/98 1539/2/98 1538/2/98
f 1461/2/103 1463/2/103 1462/2/103
f 1515/4/95 1517/4/95 1516/4/95
f 1450/2/7 1452/2/7 1454/2/7
f 1454/2/7 1456/2/7 1458/2/7
f 1458/2/7 1460/2/7 1462/2/7
f 1462/2/7 1464/2/7 1450/2/7
f 1450/2/7 1454/2/7 1458/2/7
f 1463/2/104 1465/2/104 1464/2/104
f 1467/1/184 1469/1/184 1466/1/184
f 1465/2/105 1451/2/105 1450/2/105
f 1461/2/10 1459/2/10 1457/2/10
f 1457/2/10 1455/2/10 1461/2/10
f 1455/2/10 1453/2/10 1461/2/10
f 1453/2/10 1451/2/10 1461/2/10
f 1451/2/10 1465/2/10 1461/2/10
f 1551/1/188 1553/1/188 1550/1/188
f 1479/2/99 1481/2/99 1480/2/99
f 1471/1/186 1473/1/186 1470/1/186
f 1531/2/95 1533/2/95 1532/2/95
f 1470/1/7 1472/1/7 1468/1/7
f 1477/2/97 1479/2/97 1478/2/97
f 1483/2/101 1485/2/101 1484/2/101
f 1473/1/187 1467/1/187 1472/1/187
f 1469/1/10 1467/1/10 1471/1/10
f 1563/2/98 1565/2/98 1564/2/98
f 1485/2/103 1487/2/103 1486/2/103
f 1547/1/189 1549/1/189 1548/1/189
f 1474/2/7 1476/2/7 1478/2/7
f 1478/2/7 1480/2/7 1482/2/7
f 1482/2/7 1484/2/7 1486/2/7
f 1486/2/7 1488/2/7 1474/2/7
f 1474/2/7 1478/2/7 1482/2/7
f 1487/2/104 1489/2/104 1488/2/104
f 1491/1/184 1493/1/184 1490/1/184
f 1489/2/105 1475/2/105 1474/2/105
f 1485/2/10 1483/2/10 1481/2/10
f 1481/2/10 1479/2/10 1485/2/10
f 1479/2/10 1477/2/10 1485/2/10
f 1477/2/10 1475/2/10 1485/2/10
f 1475/2/10 1489/2/10 1485/2/10
f 1577/1/188 1579/1/188 1576/1/188
f 1503/2/99 1505/2/99 1504/2/99
f 1495/1/186 1497/1/186 1494/1/186
f 1557/2/95 1559/2/95 1558/2/95
f 1496/1/7 1490/1/7 1492/1/7
f 1501/2/97 1503/2/97 1502/2/97
f 1507/2/101 1509/2/101 1508/2/101
f 1497/1/187 1491/1/187 1496/1/187
f 1493/1/10 1491/1/10 1495/1/10
f 1589/2/98 1591/2/98 1590/2/98
f 1519/4/99 1521/4/99 1520/4/99
f 1509/2/103 1511/2/103 1510/2/103
f 1573/1/189 1575/1/189 1574/1/189
f 1498/2/7 1500/2/7 1502/2/7
f 1502/2/7 1504/2/7 1506/2/7
f 1506/2/7 1508/2/7 1510/2/7
f 1510/2/7 1512/2/7 1498/2/7
f 1498/2/7 1502/2/7 1506/2/7
f 1511/2/104 1513/2/104 1512/2/104
f 1517/4/97 1519/4/97 1518/4/97
f 1523/4/101 1525/4/101 1524/4/101
f 1513/2/105 1499/2/105 1498/2/105
f 1509/2/10 1507/2/10 1505/2/10
f 1505/2/10 1503/2/10 1509/2/10
f 1503/2/10 1501/2/10 1509/2/10
f 1501/2/10 1499/2/10 1509/2/10
f 1499/2/10 1513/2/10 1509/2/10
f 1603/1/188 1605/1/188 1602/1/188
f 1535/2/99 1537/2/99 1536/2/99
f 1525/4/103 1527/4/103 1526/4/103
f 1583/2/95 1585/2/95 1584/2/95
f 1514/4/7 1516/4/7 1518/4/7
f 1518/4/7 1520/4/7 1514/4/7
f 1520/4/7 1522/4/7 1514/4/7
f 1522/4/7 1524/4/7 1526/4/7
f 1526/4/7 1528/4/7 1522/4/7
f 1527/4/104 1529/4/104 1528/4/104
f 1533/2/97 1535/2/97 1534/2/97
f 1539/2/101 1541/2/101 1540/2/101
f 1529/4/105 1515/4/105 1514/4/105
f 1525/4/10 1523/4/10 1521/4/10
f 1521/4/10 1519/4/10 1525/4/10
f 1519/4/10 1517/4/10 1525/4/10
f 1517/4/10 1515/4/10 1529/4/10
f 1529/4/10 1527/4/10 1517/4/10
f 1615/2/98 1617/2/98 1616/2/98
f 1549/1/190 1551/1/190 1550/1/190
f 1541/2/103 1543/2/103 1542/2/103
f 1599/1/189 1601/1/189 1600/1/189
f 1530/2/7 1532/2/7 1538/2/7
f 1532/2/7 1534/2/7 1538/2/7
f 1534/2/7 1536/2/7 1538/2/7
f 1538/2/7 1540/2/7 1542/2/7
f 1542/2/7 1544/2/7 1538/2/7
f 1543/2/104 1545/2/104 1544/2/104
f 1545/2/105 1531/2/105 1530/2/105
f 1541/2/10 1539/2/10 1533/2/10
f 1539/2/10 1537/2/10 1533/2/10
f 1537/2/10 1535/2/10 1533/2/10
f 1533/2/10 1531/2/10 1545/2/10
f 1545/2/10 1543/2/10 1541/2/10
f 1629/1/188 1631/1/188 1628/1/188
f 1561/2/99 1563/2/99 1562/2/99
f 1553/1/191 1555/1/191 1554/1/191
f 1609/2/95 1611/2/95 1610/2/95
f 1546/1/7 1548/1/7 1550/1/7
f 1550/1/7 1552/1/7 1554/1/7
f 1559/2/97 1561/2/97 1560/2/97
f 1565/2/101 1567/2/101 1566/2/101
f 1555/1/192 1547/1/192 1546/1/192
f 1553/1/10 1551/1/10 1549/1/10
f 1549/1/10 1547/1/10 1555/1/10
f 1641/2/98 1643/2/98 1642/2/98
f 1575/1/190 1577/1/190 1576/1/190
f 1567/2/103 1569/2/103 1568/2/103
f 1625/1/189 1627/1/189 1626/1/189
f 1556/2/7 1558/2/7 1564/2/7
f 1558/2/7 1560/2/7 1564/2/7
f 1560/2/7 1562/2/7 1564/2/7
f 1564/2/7 1566/2/7 1568/2/7
f 1568/2/7 1570/2/7 1564/2/7
f 1569/2/104 1571/2/104 1570/2/104
f 1571/2/105 1557/2/105 1556/2/105
f 1567/2/10 1565/2/10 1559/2/10
f 1565/2/10 1563/2/10 1559/2/10
f 1563/2/10 1561/2/10 1559/2/10
f 1559/2/10 1557/2/10 1571/2/10
f 1571/2/10 1569/2/10 1567/2/10
f 1657/4/98 1659/4/98 1658/4/98
f 1587/2/99 1589/2/99 1588/2/99
f 1579/1/191 1581/1/191 1580/1/191
f 1635/2/95 1637/2/95 1636/2/95
f 1572/1/7 1574/1/7 1576/1/7
f 1576/1/7 1578/1/7 1580/1/7
f 1585/2/97 1587/2/97 1586/2/97
f 1591/2/101 1593/2/101 1592/2/101
f 1581/1/192 1573/1/192 1572/1/192
f 1579/1/10 1577/1/10 1575/1/10
f 1575/1/10 1573/1/10 1581/1/10
f 1673/2/98 1675/2/98 1674/2/98
f 1601/1/190 1603/1/190 1602/1/190
f 1593/2/103 1595/2/103 1594/2/103
f 1651/4/95 1653/4/95 1652/4/95
f 1582/2/7 1584/2/7 1590/2/7
f 1584/2/7 1586/2/7 1590/2/7
f 1586/2/7 1588/2/7 1590/2/7
f 1590/2/7 1592/2/7 1594/2/7
f 1594/2/7 1596/2/7 1590/2/7
f 1595/2/104 1597/2/104 1596/2/104
f 1597/2/105 1583/2/105 1582/2/105
f 1593/2/10 1591/2/10 1585/2/10
f 1591/2/10 1589/2/10 1585/2/10
f 1589/2/10 1587/2/10 1585/2/10
f 1585/2/10 1583/2/10 1597/2/10
f 1597/2/10 1595/2/10 1593/2/10
f 1685/1/185 1687/1/185 1684/1/185
f 1613/2/99 1615/2/99 1614/2/99
f 1605/1/191 1607/1/191 1606/1/191
f 1667/2/95 1669/2/95 1668/2/95
f 1598/1/7 1600/1/7 1602/1/7
f 1602/1/7 1604/1/7 1606/1/7
f 1611/2/97 1613/2/97 1612/2/97
f 1617/2/101 1619/2/101 1618/2/101
f 1607/1/192 1599/1/192 1598/1/192
f 1605/1/10 1603/1/10 1601/1/10
f 1601/1/10 1599/1/10 1607/1/10
f 1697/2/98 1699/2/98 1698/2/98
f 1627/1/190 1629/1/190 1628/1/190
f 1619/2/103 1621/2/103 1620/2/103
f 1608/2/7 1610/2/7 1616/2/7
f 1610/2/7 1612/2/7 1616/2/7
f 1612/2/7 1614/2/7 1616/2/7
f 1616/2/7 1618/2/7 1620/2/7
f 1620/2/7 1622/2/7 1616/2/7
f 1621/2/104 1623/2/104 1622/2/104
f 1623/2/105 1609/2/105 1608/2/105
f 1619/2/10 1617/2/10 1611/2/10
f 1617/2/10 1615/2/10 1611/2/10
f 1615/2/10 1613/2/10 1611/2/10
f 1611/2/10 1609/2/10 1623/2/10
f 1623/2/10 1621/2/10 1619/2/10
f 1709/1/185 1711/1/185 1708/1/185
f 1639/2/99 1641/2/99 1640/2/99
f 1631/1/191 1633/1/191 1632/1/191
f 1691/2/95 1693/2/95 1692/2/95
f 1624/1/7 1626/1/7 1628/1/7
f 1628/1/7 1630/1/7 1632/1/7
f 1637/2/97 1639/2/97 1638/2/97
f 1643/2/101 1645/2/101 1644/2/101
f 1633/1/192 1625/1/192 1624/1/192
f 1631/1/10 1629/1/10 1627/1/10
f 1627/1/10 1625/1/10 1633/1/10
f 1721/2/98 1723/2/98 1722/2/98
f 1655/4/99 1657/4/99 1656/4/99
f 1645/2/103 1647/2/103 1646/2/103
f 1634/2/7 1636/2/7 1642/2/7
f 1636/2/7 1638/2/7 1642/2/7
f 1638/2/7 1640/2/7 1642/2/7
f 1642/2/7 1644/2/7 1646/2/7
f 1646/2/7 1648/2/7 1642/2/7
f 1647/2/104 1649/2/104 1648/2/104
f 1653/4/97 1655/4/97 1654/4/97
f 1659/4/101 1661/4/101 1660/4/101
f 1649/2/105 1635/2/105 1634/2/105
f 1645/2/10 1643/2/10 1637/2/10
f 1643/2/10 1641/2/10 1637/2/10
f 1641/2/10 1639/2/10 1637/2/10
f 1637/2/10 1635/2/10 1649/2/10
f 1649/2/10 1647/2/10 1645/2/10
f 1733/1/185 1735/1/185 1732/1/185
f 1671/2/99 1673/2/99 1672/2/99
f 1661/4/103 1663/4/103 1662/4/103
f 1715/2/95 1717/2/95 1716/2/95
f 1650/4/7 1652/4/7 1654/4/7
f 1654/4/7 1656/4/7 1658/4/7
f 1658/4/7 1660/4/7 1662/4/7
f 1662/4/7 1664/4/7 1650/4/7
f 1650/4/7 1654/4/7 1658/4/7
f 1663/4/104 1665/4/104 1664/4/104
f 1669/2/97 1671/2/97 1670/2/97
f 1675/2/101 1677/2/101 1676/2/101
f 1665/4/105 1651/4/105 1650/4/105
f 1661/4/10 1659/4/10 1657/4/10
f 1657/4/10 1655/4/10 1661/4/10
f 1655/4/10 1653/4/10 1661/4/10
f 1653/4/10 1651/4/10 1665/4/10
f 1665/4/10 1663/4/10 1653/4/10
f 1745/2/98 1747/2/98 1746/2/98
f 1677/2/103 1679/2/103 1678/2/103
f 1666/2/7 1668/2/7 1670/2/7
f 1670/2/7 1672/2/7 1674/2/7
f 1674/2/7 1676/2/7 1678/2/7
f 1678/2/7 1680/2/7 1666/2/7
f 1666/2/7 1670/2/7 1674/2/7
f 1679/2/104 1681/2/104 1680/2/104
f 1683/1/184 1685/1/184 1682/1/184
f 1681/2/105 1667/2/105 1666/2/105
f 1677/2/10 1675/2/10 1673/2/10
f 1673/2/10 1671/2/10 1677/2/10
f 1671/2/10 1669/2/10 1677/2/10
f 1669/2/10 1667/2/10 1677/2/10
f 1667/2/10 1681/2/10 1677/2/10
f 1757/1/185 1759/1/185 1756/1/185
f 1695/2/99 1697/2/99 1696/2/99
f 1687/1/186 1689/1/186 1686/1/186
f 1739/2/95 1741/2/95 1740/2/95
f 1688/1/7 1682/1/7 1684/1/7
f 1693/2/97 1695/2/97 1694/2/97
f 1699/2/101 1701/2/101 1700/2/101
f 1689/1/187 1683/1/187 1688/1/187
f 1685/1/10 1683/1/10 1687/1/10
f 1769/2/98 1771/2/98 1770/2/98
f 1701/2/103 1703/2/103 1702/2/103
f 1690/2/7 1692/2/7 1694/2/7
f 1694/2/7 1696/2/7 1698/2/7
f 1698/2/7 1700/2/7 1702/2/7
f 1702/2/7 1704/2/7 1690/2/7
f 1690/2/7 1694/2/7 1698/2/7
f 1703/2/104 1705/2/104 1704/2/104
f 1707/1/184 1709/1/184 1706/1/184
f 1705/2/105 1691/2/105 1690/2/105
f 1701/2/10 1699/2/10 1697/2/10
f 1697/2/10 1695/2/10 1701/2/10
f 1695/2/10 1693/2/10 1701/2/10
f 1693/2/10 1691/2/10 1701/2/10
f 1691/2/10 1705/2/10 1701/2/10
f 1785/4/98 1787/4/98 1786/4/98
f 1719/2/99 1721/2/99 1720/2/99
f 1711/1/186 1713/1/186 1710/1/186
f 1763/2/95 1765/2/95 1764/2/95
f 1712/1/7 1706/1/7 1708/1/7
f 1717/2/97 1719/2/97 1718/2/97
f 1723/2/101 1725/2/101 1724/2/101
f 1713/1/187 1707/1/187 1712/1/187
f 1709/1/10 1707/1/10 1711/1/10
f 1801/2/98 1803/2/98 1802/2/98
f 1725/2/103 1727/2/103 1726/2/103
f 1779/4/95 1781/4/95 1780/4/95
f 1714/2/7 1716/2/7 1718/2/7
f 1718/2/7 1720/2/7 1722/2/7
f 1722/2/7 1724/2/7 1726/2/7
f 1726/2/7 1728/2/7 1714/2/7
f 1714/2/7 1718/2/7 1722/2/7
f 1727/2/104 1729/2/104 1728/2/104
f 1731/1/184 1733/1/184 1730/1/184
f 1729/2/105 1715/2/105 1714/2/105
f 1725/2/10 1723/2/10 1721/2/10
f 1721/2/10 1719/2/10 1725/2/10
f 1719/2/10 1717/2/10 1725/2/10
f 1717/2/10 1715/2/10 1725/2/10
f 1715/2/10 1729/2/10 1725/2/10
f 1813/1/185 1815/1/185 1812/1/185
f 1743/2/99 1745/2/99 1744/2/99
f 1735/1/186 1737/1/186 1734/1/186
f 1795/2/95 1797/2/95 1796/2/95
f 1736/1/7 1730/1/7 1732/1/7
f 1741/2/97 1743/2/97 1742/2/97
f 1747/2/101 1749/2/101 1748/2/101
f 1737/1/187 1731/1/187 1736/1/187
f 1733/1/10 1731/1/10 1735/1/10
f 1825/2/98 1827/2/98 1826/2/98
f 1749/2/103 1751/2/103 1750/2/103
f 1738/2/7 1740/2/7 1742/2/7
f 1742/2/7 1744/2/7 1746/2/7
f 1746/2/7 1748/2/7 1750/2/7
f 1750/2/7 1752/2/7 1738/2/7
f 1738/2/7 1742/2/7 1746/2/7
f 1751/2/104 1753/2/104 1752/2/104
f 1755/1/184 1757/1/184 1754/1/184
f 1753/2/105 1739/2/105 1738/2/105
f 1749/2/10 1747/2/10 1745/2/10
f 1745/2/10 1743/2/10 1749/2/10
f 1743/2/10 1741/2/10 1749/2/10
f 1741/2/10 1739/2/10 1749/2/10
f 1739/2/10 1753/2/10 1749/2/10
f 1837/1/185 1839/1/185 1836/1/185
f 1767/2/99 1769/2/99 1768/2/99
f 1759/1/186 1761/1/186 1758/1/186
f 1819/2/95 1821/2/95 1820/2/95
f 1760/1/7 1754/1/7 1756/1/7
f 1765/2/97 1767/2/97 1766/2/97
f 1771/2/101 1773/2/101 1772/2/101
f 1761/1/187 1755/1/187 1760/1/187
f 1757/1/10 1755/1/10 1759/1/10
f 1849/2/98 1851/2/98 1850/2/98
f 1783/4/99 1785/4/99 1784/4/99
f 1773/2/103 1775/2/103 1774/2/103
f 1762/2/7 1764/2/7 1766/2/7
f 1766/2/7 1768/2/7 1770/2/7
f 1770/2/7 1772/2/7 1774/2/7
f 1774/2/7 1776/2/7 1762/2/7
f 1762/2/7 1766/2/7 1770/2/7
f 1775/2/104 1777/2/104 1776/2/104
f 1781/4/97 1783/4/97 1782/4/97
f 1787/4/101 1789/4/101 1788/4/101
f 1777/2/105 1763/2/105 1762/2/105
f 1773/2/10 1771/2/10 1769/2/10
f 1769/2/10 1767/2/10 1773/2/10
f 1767/2/10 1765/2/10 1773/2/10
f 1765/2/10 1763/2/10 1773/2/10
f 1763/2/10 1777/2/10 1773/2/10
f 1861/1/185 1863/1/185 1860/1/185
f 1799/2/99 1801/2/99 1800/2/99
f 1789/4/103 1791/4/103 1790/4/103
f 1843/2/95 1845/2/95 1844/2/95
f 1778/4/7 1780/4/7 1782/4/7
f 1782/4/7 1784/4/7 1778/4/7
f 1784/4/7 1786/4/7 1778/4/7
f 1786/4/7 1788/4/7 1790/4/7
f 1790/4/7 1792/4/7 1786/4/7
f 1791/4/104 1793/4/104 1792/4/104
f 1797/2/97 1799/2/97 1798/2/97
f 1803/2/101 1805/2/101 1804/2/101
f 1793/4/105 1779/4/105 1778/4/105
f 1789/4/10 1787/4/10 1785/4/10
f 1785/4/10 1783/4/10 1789/4/10
f 1783/4/10 1781/4/10 1789/4/10
f 1781/4/10 1779/4/10 1793/4/10
f 1793/4/10 1791/4/10 1781/4/10
f 1873/2/98 1875/2/98 1874/2/98
f 1805/2/103 1807/2/103 1806/2/103
f 1794/2/7 1796/2/7 1798/2/7
f 1798/2/7 1800/2/7 1802/2/7
f 1802/2/7 1804/2/7 1806/2/7
f 1806/2/7 1808/2/7 1794/2/7
f 1794/2/7 1798/2/7 1802/2/7
f 1807/2/104 1809/2/104 1808/2/104
f 1811/1/184 1813/1/184 1810/1/184
f 1809/2/105 1795/2/105 1794/2/105
f 1805/2/10 1803/2/10 1797/2/10
f 1803/2/10 1801/2/10 1797/2/10
f 1801/2/10 1799/2/10 1797/2/10
f 1797/2/10 1795/2/10 1805/2/10
f 1795/2/10 1809/2/10 1805/2/10
f 1885/1/185 1887/1/185 1884/1/185
f 1823/2/99 1825/2/99 1824/2/99
f 1815/1/186 1817/1/186 1814/1/186
f 1867/2/95 1869/2/95 1868/2/95
f 1816/1/7 1810/1/7 1812/1/7
f 1821/2/97 1823/2/97 1822/2/97
f 1827/2/101 1829/2/101 1828/2/101
f 1817/1/187 1811/1/187 1816/1/187
f 1813/1/10 1811/1/10 1815/1/10
f 1897/2/98 1899/2/98 1898/2/98
f 1829/2/103 1831/2/103 1830/2/103
f 1818/2/7 1820/2/7 1822/2/7
f 1822/2/7 1824/2/7 1826/2/7
f 1826/2/7 1828/2/7 1830/2/7
f 1830/2/7 1832/2/7 1818/2/7
f 1818/2/7 1822/2/7 1826/2/7
f 1831/2/104 1833/2/104 1832/2/104
f 1835/1/184 1837/1/184 1834/1/184
f 1833/2/105 1819/2/105 1818/2/105
f 1829/2/10 1827/2/10 1821/2/10
f 1827/2/10 1825/2/10 1821/2/10
f 1825/2/10 1823/2/10 1821/2/10
f 1821/2/10 1819/2/10 1829/2/10
f 1819/2/10 1833/2/10 1829/2/10
f 1913/4/98 1915/4/98 1914/4/98
f 1847/2/99 1849/2/99 1848/2/99
f 1839/1/186 1841/1/186 1838/1/186
f 1891/2/95 1893/2/95 1892/2/95
f 1840/1/7 1834/1/7 1836/1/7
f 1845/2/97 1847/2/97 1846/2/97
f 1851/2/101 1853/2/101 1852/2/101
f 1841/1/187 1835/1/187 1840/1/187
f 1837/1/10 1835/1/10 1839/1/10
f 1929/2/98 1931/2/98 1930/2/98
f 1853/2/103 1855/2/103 1854/2/103
f 1907/4/95 1909/4/95 1908/4/95
f 1842/2/7 1844/2/7 1846/2/7
f 1846/2/7 1848/2/7 1850/2/7
f 1850/2/7 1852/2/7 1854/2/7
f 1854/2/7 1856/2/7 1842/2/7
f 1842/2/7 1846/2/7 1850/2/7
f 1855/2/104 1857/2/104 1856/2/104
f 1859/1/184 1861/1/184 1858/1/184
f 1857/2/105 1843/2/105 1842/2/105
f 1853/2/10 1851/2/10 1845/2/10
f 1851/2/10 1849/2/10 1845/2/10
f 1849/2/10 1847/2/10 1845/2/10
f 1845/2/10 1843/2/10 1853/2/10
f 1843/2/10 1857/2/10 1853/2/10
f 1941/1/193 1943/1/193 1942/1/193
f 1871/2/99 1873/2/99 1872/2/99
f 1863/1/186 1865/1/186 1862/1/186
f 1923/2/95 1925/2/95 1924/2/95
f 1864/1/7 1858/1/7 1860/1/7
f 1869/2/97 1871/2/97 1870/2/97
f 1875/2/101 1877/2/101 1876/2/101
f 1865/1/187 1859/1/187 1864/1/187
f 1861/1/10 1859/1/10 1863/1/10
f 1955/2/98 1957/2/98 1956/2/98
f 1877/2/103 1879/2/103 1878/2/103
f 1866/2/7 1868/2/7 1870/2/7
f 1870/2/7 1872/2/7 1874/2/7
f 1874/2/7 1876/2/7 1878/2/7
f 1878/2/7 1880/2/7 1866/2/7
f 1866/2/7 1870/2/7 1874/2/7
f 1879/2/104 1881/2/104 1880/2/104
f 1883/1/184 1885/1/184 1882/1/184
f 1881/2/105 1867/2/105 1866/2/105
f 1877/2/10 1875/2/10 1869/2/10
f 1875/2/10 1873/2/10 1869/2/10
f 1873/2/10 1871/2/10 1869/2/10
f 1869/2/10 1867/2/10 1877/2/10
f 1867/2/10 1881/2/10 1877/2/10
f 1967/1/193 1969/1/193 1968/1/193
f 1895/2/99 1897/2/99 1896/2/99
f 1887/1/186 1889/1/186 1886/1/186
f 1949/2/95 1951/2/95 1950/2/95
f 1888/1/7 1882/1/7 1884/1/7
f 1893/2/97 1895/2/97 1894/2/97
f 1899/2/101 1901/2/101 1900/2/101
f 1889/1/187 1883/1/187 1888/1/187
f 1885/1/10 1883/1/10 1887/1/10
f 1981/2/98 1983/2/98 1982/2/98
f 1911/4/99 1913/4/99 1912/4/99
f 1901/2/103 1903/2/103 1902/2/103
f 1890/2/7 1892/2/7 1894/2/7
f 1894/2/7 1896/2/7 1898/2/7
f 1898/2/7 1900/2/7 1902/2/7
f 1902/2/7 1904/2/7 1890/2/7
f 1890/2/7 1894/2/7 1898/2/7
f 1903/2/104 1905/2/104 1904/2/104
f 1909/4/97 1911/4/97 1910/4/97
f 1915/4/101 1917/4/101 1916/4/101
f 1905/2/105 1891/2/105 1890/2/105
f 1901/2/10 1899/2/10 1893/2/10
f 1899/2/10 1897/2/10 1893/2/10
f 1897/2/10 1895/2/10 1893/2/10
f 1893/2/10 1891/2/10 1901/2/10
f 1891/2/10 1905/2/10 1901/2/10
f 1993/1/193 1995/1/193 1994/1/193
f 1927/2/99 1929/2/99 1928/2/99
f 1917/4/103 1919/4/103 1918/4/103
f 1975/2/95 1977/2/95 1976/2/95
f 1906/4/7 1908/4/7 1910/4/7
f 1910/4/7 1912/4/7 1906/4/7
f 1912/4/7 1914/4/7 1906/4/7
f 1914/4/7 1916/4/7 1918/4/7
f 1918/4/7 1920/4/7 1914/4/7
f 1919/4/104 1921/4/104 1920/4/104
f 1925/2/97 1927/2/97 1926/2/97
f 1931/2/101 1933/2/101 1932/2/101
f 1921/4/105 1907/4/105 1906/4/105
f 1917/4/10 1915/4/10 1913/4/10
f 1913/4/10 1911/4/10 1917/4/10
f 1911/4/10 1909/4/10 1917/4/10
f 1909/4/10 1907/4/10 1921/4/10
f 1921/4/10 1919/4/10 1909/4/10
f 2007/2/98 2009/2/98 2008/2/98
f 1933/2/103 1935/2/103 1934/2/103
f 1922/2/7 1924/2/7 1926/2/7
f 1926/2/7 1928/2/7 1922/2/7
f 1928/2/7 1930/2/7 1922/2/7
f 1930/2/7 1932/2/7 1922/2/7
f 1932/2/7 1934/2/7 1922/2/7
f 1935/2/104 1937/2/104 1936/2/104
f 1939/1/194 1941/1/194 1940/1/194
f 1943/1/195 1945/1/195 1944/1/195
f 1937/2/105 1923/2/105 1922/2/105
f 1933/2/10 1931/2/10 1929/2/10
f 1929/2/10 1927/2/10 1925/2/10
f 1925/2/10 1923/2/10 1933/2/10
f 1923/2/10 1937/2/10 1933/2/10
f 1937/2/10 1935/2/10 1933/2/10
f 2019/1/193 2021/1/193 2020/1/193
f 1953/2/99 1955/2/99 1954/2/99
f 2001/2/95 2003/2/95 2002/2/95
f 1946/1/7 1938/1/7 1940/1/7
f 1940/1/7 1942/1/7 1946/1/7
f 1942/1/7 1944/1/7 1946/1/7
f 1945/1/196 1947/1/196 1946/1/196
f 1951/2/97 1953/2/97 1952/2/97
f 1957/2/101 1959/2/101 1958/2/101
f 1947/1/197 1939/1/197 1946/1/197
f 1945/1/10 1943/1/10 1941/1/10
f 1939/1/10 1947/1/10 1945/1/10
f 2033/2/98 2035/2/98 2034/2/98
f 1959/2/103 1961/2/103 1960/2/103
f 1948/2/7 1950/2/7 1952/2/7
f 1952/2/7 1954/2/7 1948/2/7
f 1954/2/7 1956/2/7 1948/2/7
f 1956/2/7 1958/2/7 1948/2/7
f 1958/2/7 1960/2/7 1948/2/7
f 1961/2/104 1963/2/104 1962/2/104
f 1965/1/194 1967/1/194 1966/1/194
f 1969/1/195 1971/1/195 1970/1/195
f 1963/2/105 1949/2/105 1948/2/105
f 1959/2/10 1957/2/10 1955/2/10
f 1955/2/10 1953/2/10 1951/2/10
f 1951/2/10 1949/2/10 1959/2/10
f 1949/2/10 1963/2/10 1959/2/10
f 1963/2/10 1961/2/10 1959/2/10
f 2049/4/98 2051/4/98 2050/4/98
f 1979/2/99 1981/2/99 1980/2/99
f 2027/2/95 2029/2/95 2028/2/95
f 1972/1/7 1964/1/7 1966/1/7
f 1966/1/7 1968/1/7 1972/1/7
f 1968/1/7 1970/1/7 1972/1/7
f 1971/1/196 1973/1/196 1972/1/196
f 1977/2/97 1979/2/97 1978/2/97
f 1983/2/101 1985/2/101 1984/2/101
f 1973/1/197 1965/1/197 1972/1/197
f 1971/1/10 1969/1/10 1967/1/10
f 1965/1/10 1973/1/10 1971/1/10
f 2065/2/98 2067/2/98 2066/2/98
f 1985/2/103 1987/2/103 1986/2/103
f 2043/4/95 2045/4/95 2044/4/95
f 1974/2/7 1976/2/7 1978/2/7
f 1978/2/7 1980/2/7 1974/2/7
f 1980/2/7 1982/2/7 1974/2/7
f 1982/2/7 1984/2/7 1974/2/7
f 1984/2/7 1986/2/7 1974/2/7
f 1987/2/104 1989/2/104 1988/2/104
f 1991/1/194 1993/1/194 1992/1/194
f 1995/1/195 1997/1/195 1996/1/195
f 1989/2/105 1975/2/105 1974/2/105
f 1985/2/10 1983/2/10 1981/2/10
f 1981/2/10 1979/2/10 1977/2/10
f 1977/2/10 1975/2/10 1985/2/10
f 1975/2/10 1989/2/10 1985/2/10
f 1989/2/10 1987/2/10 1985/2/10
f 2077/1/185 2079/1/185 2076/1/185
f 2005/2/99 2007/2/99 2006/2/99
f 2059/2/95 2061/2/95 2060/2/95
f 1998/1/7 1990/1/7 1992/1/7
f 1992/1/7 1994/1/7 1998/1/7
f 1994/1/7 1996/1/7 1998/1/7
f 1997/1/196 1999/1/196 1998/1/196
f 2003/2/97 2005/2/97 2004/2/97
f 2009/2/101 2011/2/101 2010/2/101
f 1999/1/197 1991/1/197 1998/1/197
f 1997/1/10 1995/1/10 1993/1/10
f 1991/1/10 1999/1/10 1997/1/10
f 2089/2/98 2091/2/98 2090/2/98
f 2011/2/103 2013/2/103 2012/2/103
f 2000/2/7 2002/2/7 2004/2/7
f 2004/2/7 2006/2/7 2000/2/7
f 2006/2/7 2008/2/7 2000/2/7
f 2008/2/7 2010/2/7 2000/2/7
f 2010/2/7 2012/2/7 2000/2/7
f 2013/2/104 2015/2/104 2014/2/104
f 2017/1/194 2019/1/194 2018/1/194
f 2021/1/195 2023/1/195 2022/1/195
f 2015/2/105 2001/2/105 2000/2/105
f 2011/2/10 2009/2/10 2007/2/10
f 2007/2/10 2005/2/10 2003/2/10
f 2003/2/10 2001/2/10 2011/2/10
f 2001/2/10 2015/2/10 2011/2/10
f 2015/2/10 2013/2/10 2011/2/10
f 2101/1/185 2103/1/185 2100/1/185
f 2031/2/99 2033/2/99 2032/2/99
f 2083/2/95 2085/2/95 2084/2/95
f 2024/1/7 2016/1/7 2018/1/7
f 2018/1/7 2020/1/7 2024/1/7
f 2020/1/7 2022/1/7 2024/1/7
f 2023/1/196 2025/1/196 2024/1/196
f 2029/2/97 2031/2/97 2030/2/97
f 2035/2/101 2037/2/101 2036/2/101
f 2025/1/197 2017/1/197 2024/1/197
f 2023/1/10 2021/1/10 2019/1/10
f 2017/1/10 2025/1/10 2023/1/10
f 2113/2/98 2115/2/98 2114/2/98
f 2047/4/99 2049/4/99 2048/4/99
f 2037/2/103 2039/2/103 2038/2/103
f 2026/2/7 2028/2/7 2030/2/7
f 2030/2/7 2032/2/7 2026/2/7
f 2032/2/7 2034/2/7 2026/2/7
f 2034/2/7 2036/2/7 2026/2/7
f 2036/2/7 2038/2/7 2026/2/7
f 2039/2/104 2041/2/104 2040/2/104
f 2045/4/97 2047/4/97 2046/4/97
f 2051/4/101 2053/4/101 2052/4/101
f 2041/2/105 2027/2/105 2026/2/105
f 2037/2/10 2035/2/10 2033/2/10
f 2033/2/10 2031/2/10 2029/2/10
f 2029/2/10 2027/2/10 2037/2/10
f 2027/2/10 2041/2/10 2037/2/10
f 2041/2/10 2039/2/10 2037/2/10
f 2125/1/185 2127/1/185 2124/1/185
f 2063/2/99 2065/2/99 2064/2/99
f 2053/4/103 2055/4/103 2054/4/103
f 2107/2/95 2109/2/95 2108/2/95
f 2042/4/7 2044/4/7 2046/4/7
f 2046/4/7 2048/4/7 2050/4/7
f 2050/4/7 2052/4/7 2054/4/7
f 2054/4/7 2056/4/7 2042/4/7
f 2042/4/7 2046/4/7 2050/4/7
f 2055/4/104 2057/4/104 2056/4/104
f 2061/2/97 2063/2/97 2062/2/97
f 2067/2/101 2069/2/101 2068/2/101
f 2057/4/105 2043/4/105 2042/4/105
f 2053/4/10 2051/4/10 2049/4/10
f 2049/4/10 2047/4/10 2053/4/10
f 2047/4/10 2045/4/10 2053/4/10
f 2045/4/10 2043/4/10 2057/4/10
f 2057/4/10 2055/4/10 2045/4/10
f 2137/2/98 2139/2/98 2138/2/98
f 2069/2/103 2071/2/103 2070/2/103
f 2058/2/7 2060/2/7 2062/2/7
f 2062/2/7 2064/2/7 2066/2/7
f 2066/2/7 2068/2/7 2070/2/7
f 2070/2/7 2072/2/7 2058/2/7
f 2058/2/7 2062/2/7 2066/2/7
f 2071/2/104 2073/2/104 2072/2/104
f 2075/1/184 2077/1/184 2074/1/184
f 2073/2/105 2059/2/105 2058/2/105
f 2069/2/10 2067/2/10 2061/2/10
f 2067/2/10 2065/2/10 2061/2/10
f 2065/2/10 2063/2/10 2061/2/10
f 2061/2/10 2059/2/10 2069/2/10
f 2059/2/10 2073/2/10 2069/2/10
f 2149/1/185 2151/1/185 2148/1/185
f 2087/2/99 2089/2/99 2088/2/99
f 2079/1/186 2081/1/186 2078/1/186
f 2131/2/95 2133/2/95 2132/2/95
f 2080/1/7 2074/1/7 2076/1/7
f 2085/2/97 2087/2/97 2086/2/97
f 2091/2/101 2093/2/101 2092/2/101
f 2081/1/187 2075/1/187 2080/1/187
f 2077/1/10 2075/1/10 2079/1/10
f 2161/2/98 2163/2/98 2162/2/98
f 2093/2/103 2095/2/103 2094/2/103
f 2082/2/7 2084/2/7 2086/2/7
f 2086/2/7 2088/2/7 2090/2/7
f 2090/2/7 2092/2/7 2094/2/7
f 2094/2/7 2096/2/7 2082/2/7
f 2082/2/7 2086/2/7 2090/2/7
f 2095/2/104 2097/2/104 2096/2/104
f 2099/1/184 2101/1/184 2098/1/184
f 2097/2/105 2083/2/105 2082/2/105
f 2093/2/10 2091/2/10 2085/2/10
f 2091/2/10 2089/2/10 2085/2/10
f 2089/2/10 2087/2/10 2085/2/10
f 2085/2/10 2083/2/10 2093/2/10
f 2083/2/10 2097/2/10 2093/2/10
f 2177/4/98 2179/4/98 2178/4/98
f 2111/2/99 2113/2/99 2112/2/99
f 2103/1/186 2105/1/186 2102/1/186
f 2155/2/95 2157/2/95 2156/2/95
f 2104/1/7 2098/1/7 2100/1/7
f 2109/2/97 2111/2/97 2110/2/97
f 2115/2/101 2117/2/101 2116/2/101
f 2105/1/187 2099/1/187 2104/1/187
f 2101/1/10 2099/1/10 2103/1/10
f 2195/4/117 2193/4/117 2197/4/117
f 2117/2/103 2119/2/103 2118/2/103
f 2171/4/95 2173/4/95 2172/4/95
f 2106/2/7 2108/2/7 2110/2/7
f 2110/2/7 2112/2/7 2114/2/7
f 2114/2/7 2116/2/7 2118/2/7
f 2118/2/7 2120/2/7 2106/2/7
f 2106/2/7 2110/2/7 2114/2/7
f 2119/2/104 2121/2/104 2120/2/104
f 2123/1/184 2125/1/184 2122/1/184
f 2121/2/105 2107/2/105 2106/2/105
f 2117/2/10 2115/2/10 2109/2/10
f 2115/2/10 2113/2/10 2109/2/10
f 2113/2/10 2111/2/10 2109/2/10
f 2109/2/10 2107/2/10 2117/2/10
f 2107/2/10 2121/2/10 2117/2/10
f 2195/4/10 2199/4/10 2198/4/10
f 2135/2/99 2137/2/99 2136/2/99
f 2127/1/186 2129/1/186 2126/1/186
f 2191/4/118 2189/4/118 2188/4/118
f 2128/1/7 2122/1/7 2124/1/7
f 2133/2/97 2135/2/97 2134/2/97
f 2139/2/101 2141/2/101 2140/2/101
f 2129/1/187 2123/1/187 2128/1/187
f 2125/1/10 2123/1/10 2127/1/10
f 2189/4/7 1401/4/7 1400/4/7
f 2141/2/103 2143/2/103 2142/2/103
f 2201/4/3 2203/4/3 2202/4/3
f 2130/2/7 2132/2/7 2134/2/7
f 2134/2/7 2136/2/7 2138/2/7
f 2138/2/7 2140/2/7 2142/2/7
f 2142/2/7 2144/2/7 2130/2/7
f 2130/2/7 2134/2/7 2138/2/7
f 2143/2/104 2145/2/104 2144/2/104
f 2147/1/184 2149/1/184 2146/1/184
f 2145/2/105 2131/2/105 2130/2/105
f 2141/2/10 2139/2/10 2133/2/10
f 2139/2/10 2137/2/10 2133/2/10
f 2137/2/10 2135/2/10 2133/2/10
f 2133/2/10 2131/2/10 2141/2/10
f 2131/2/10 2145/2/10 2141/2/10
f 2197/4/7 2193/4/7 2192/4/7
f 2159/2/99 2161/2/99 2160/2/99
f 2151/1/186 2153/1/186 2150/1/186
f 2190/4/119 2188/4/119 1400/4/119
f 2152/1/7 2146/1/7 2148/1/7
f 2157/2/97 2159/2/97 2158/2/97
f 2163/2/101 2165/2/101 2164/2/101
f 2153/1/187 2147/1/187 2152/1/187
f 2149/1/10 2147/1/10 2151/1/10
f 2203/4/10 2207/4/10 2206/4/10
f 2175/4/99 2177/4/99 2176/4/99
f 2165/2/103 2167/2/103 2166/2/103
f 2193/4/120 2195/4/120 2194/4/120
f 2154/2/7 2156/2/7 2158/2/7
f 2158/2/7 2160/2/7 2162/2/7
f 2162/2/7 2164/2/7 2166/2/7
f 2166/2/7 2168/2/7 2154/2/7
f 2154/2/7 2158/2/7 2162/2/7
f 2167/2/104 2169/2/104 2168/2/104
f 2173/4/97 2175/4/97 2174/4/97
f 2179/4/101 2181/4/101 2180/4/101
f 2169/2/105 2155/2/105 2154/2/105
f 2165/2/10 2163/2/10 2157/2/10
f 2163/2/10 2161/2/10 2157/2/10
f 2161/2/10 2159/2/10 2157/2/10
f 2157/2/10 2155/2/10 2165/2/10
f 2155/2/10 2169/2/10 2165/2/10
f 2187/4/10 2191/4/10 2190/4/10
f 2199/4/121 2197/4/121 2196/4/121
f 2181/4/103 2183/4/103 2182/4/103
f 1401/4/122 2187/4/122 2186/4/122
f 2170/4/7 2172/4/7 2174/4/7
f 2174/4/7 2176/4/7 2170/4/7
f 2176/4/7 2178/4/7 2170/4/7
f 2178/4/7 2180/4/7 2182/4/7
f 2182/4/7 2184/4/7 2178/4/7
f 2183/4/104 2185/4/104 2184/4/104
f 2187/4/123 1401/4/123 2189/4/123
f 2207/4/4 2205/4/4 2204/4/4
f 2185/4/105 2171/4/105 2170/4/105
f 2181/4/10 2179/4/10 2177/4/10
f 2177/4/10 2175/4/10 2181/4/10
f 2175/4/10 2173/4/10 2181/4/10
f 2173/4/10 2171/4/10 2185/4/10
f 2185/4/10 2183/4/10 2173/4/10
f 2205/4/7 2201/4/7 2200/4/7
f 2206/4/2 2204/4/2 2200/4/2
f 2203/4/12 2201/4/12 2205/4/12
f 2209/4/118 2211/4/118 2210/4/118
f 2211/4/10 2215/4/10 2214/4/10
f 2215/4/122 2213/4/122 2212/4/122
f 2213/4/7 2209/4/7 2208/4/7
f 2214/4/123 2212/4/123 2208/4/123
f 2211/4/119 2209/4/119 2213/4/119
f 2217/4/121 2219/4/121 2218/4/121
f 2219/4/10 2223/4/10 2222/4/10
f 2223/4/120 2221/4/120 2220/4/120
f 2221/4/7 2217/4/7 2216/4/7
f 2222/4/117 2220/4/117 2216/4/117
f 2219/4/94 2217/4/94 2221/4/94
f 2225/4/4 2227/4/4 2226/4/4
f 2227/4/10 2231/4/10 2230/4/10
f 2231/4/3 2229/4/3 2228/4/3
f 2229/4/7 2225/4/7 2224/4/7
f 2230/4/12 2228/4/12 2224/4/12
f 2227/4/2 2225/4/2 2229/4/2
