# Blender 5.2.2 LTS
# www.blender.org
mtllib ruins_beacon_lens.mtl
o piece
v 2.390581 0.446342 0.298816
v 1.801746 1.610473 0.312046
v 0.000000 2.424107 0.308918
v -0.755117 2.295585 0.312046
v -1.343858 2.011222 0.311413
v -1.815934 1.592529 0.311413
v -2.166735 1.074353 0.312054
v -2.410060 -0.166791 0.310659
v 1.201266 -2.104656 0.310134
v 2.293250 -0.023861 0.239728
v 2.169454 0.718725 0.239963
v 1.833891 1.377106 0.239728
v 1.283612 1.890883 0.239963
v 0.616597 2.208933 0.239728
v -0.267293 2.277677 0.241683
v -0.986887 2.061215 0.240360
v -1.508001 1.719547 0.240358
v -1.987989 1.137712 0.238634
v -2.236840 0.468279 0.241149
v -2.282462 -0.145928 0.241159
v -2.164617 -0.728003 0.239375
v -1.821847 -1.397952 0.240278
v -1.137712 -1.987988 0.238634
v -0.468276 -2.236840 0.241150
v 0.129385 -2.281695 0.239364
v 0.712878 -2.171298 0.241149
v 1.252895 -1.911315 0.239365
v 1.804826 -1.414979 0.239728
v 2.158674 -0.750475 0.239963
v 2.290508 0.777521 -0.372315
v 1.996540 1.361522 -0.372947
v 1.484746 1.915243 -0.371035
v 0.919828 2.239031 -0.369253
v 0.497274 2.376538 -0.368705
v -0.134764 2.424263 -0.368705
v -1.343341 2.010448 -0.373742
v -1.915244 1.484745 -0.371035
v -2.297877 0.778869 -0.369114
v -2.373596 -0.457497 -0.372065
v -0.304409 -2.404153 -0.371035
v 0.447128 -2.386659 -0.368311
v 1.068269 -2.166231 -0.372315
v 1.479142 -1.916108 -0.369253
v 1.915241 -1.484744 -0.371035
v 2.279499 -0.803424 -0.372315
v 2.119471 0.883915 -0.302664
v 1.700557 1.526650 -0.301261
v 1.113786 2.004633 -0.301194
v 0.419778 2.246406 -0.301261
v -0.175936 2.278508 -0.301261
v -0.912351 2.103970 -0.301194
v -1.526649 1.700558 -0.301261
v -1.914764 1.247490 -0.301261
v -2.164618 0.728005 -0.300277
v -2.296402 -0.000002 -0.304373
v -2.158675 -0.750478 -0.300865
v -1.801527 -1.419087 -0.299432
v -1.247488 -1.914764 -0.301261
v -0.709405 -2.172393 -0.301261
v 0.037748 -2.292954 -0.301194
v 0.756236 -2.156580 -0.302051
v 1.387462 -1.822478 -0.299535
v 1.901667 -1.270652 -0.301260
v 2.172392 -0.709402 -0.301261
v 2.290502 0.008714 -0.299535
v 2.220768 0.577305 0.045559
v 2.268987 0.316008 -0.115483
v 2.058800 1.015286 0.055085
v 1.728424 1.515788 0.046807
v 1.275278 1.908708 0.055066
v 0.753841 2.170377 0.050262
v 0.152604 2.294131 0.046139
v -0.447902 2.251418 0.055066
v -0.862234 2.126416 0.045559
v -1.275331 1.908664 0.055085
v -1.730104 1.514288 0.046139
v -2.058815 1.015293 0.055047
v -2.250204 0.464102 0.050262
v -2.294514 0.017144 0.045560
v -2.250324 -0.461931 0.051007
v -2.118150 -0.877365 0.050071
v -1.902252 -1.287934 0.051007
v -1.513547 -1.725872 0.055085
v -1.016788 -2.061843 0.046808
v -0.434392 -2.255801 0.051007
v 0.164255 -2.291365 0.051007
v 0.751704 -2.170777 0.051007
v 1.146333 -1.985507 0.050070
v 1.513601 -1.725834 0.055066
v 1.910472 -1.279224 0.046139
v 2.173735 -0.737812 0.055066
v 2.276951 -0.299766 0.040460
v 2.290630 0.150152 0.055046
v 2.173708 0.737874 -0.115986
v 1.978537 1.162104 -0.106461
v 1.725920 1.513507 -0.115967
v 1.383211 1.830797 -0.106461
v 1.015348 2.058779 -0.115967
v 0.577304 2.220768 -0.106462
v 0.150201 2.290620 -0.115968
v -0.316491 2.272647 -0.106461
v -0.737883 2.173722 -0.115948
v -1.275509 1.912957 -0.107041
v -1.725871 1.513550 -0.115987
v -2.063079 1.014904 -0.107040
v -2.256521 0.432346 -0.111164
v -2.290628 -0.150072 -0.115968
v -2.214548 -0.593385 -0.110972
v -2.066509 -1.003435 -0.111909
v -1.727158 -1.517646 -0.107040
v -1.275387 -1.908634 -0.115967
v -0.751707 -2.170777 -0.111908
v -0.164255 -2.291365 -0.111909
v 0.299252 -2.273053 -0.110972
v 0.725117 -2.179802 -0.111909
v 1.264583 -1.917854 -0.111908
v 1.730103 -1.514285 -0.107040
v 2.058774 -1.015350 -0.115968
v 2.220765 -0.577305 -0.106461
v 2.293645 -0.134117 -0.111164
v 2.392057 0.490160 -0.334718
v 2.260671 0.877369 0.307136
v 2.095721 1.209963 0.309736
v 2.199843 1.063636 -0.329389
v 1.844691 1.605251 0.268457
v 1.855608 1.589584 -0.331969
v 1.326431 2.033877 0.307410
v 1.358549 2.033211 -0.331973
v 0.754827 2.307880 0.307410
v 0.145545 2.439209 0.273849
v -0.504473 2.390725 0.271067
v -0.679358 2.326343 -0.369094
v -1.106049 2.178696 0.271067
v -1.076280 2.193939 -0.332314
v -1.625351 1.824518 0.268487
v -1.596753 1.849598 -0.329389
v -2.039644 1.345650 0.273849
v -2.033211 1.358550 -0.331973
v -2.312144 0.784869 0.271069
v -2.388938 0.402282 0.308641
v -2.409239 0.262608 -0.369094
v -2.440087 -0.159931 0.271072
v -2.438809 -0.154768 -0.332314
v -2.291298 -0.803221 0.307803
v -2.319855 -0.767398 -0.329389
v -2.017497 -1.348047 0.307915
v -2.103954 -1.209572 -0.371986
v -1.672463 -1.755943 0.309603
v -1.849596 -1.596753 -0.329389
v -1.330742 -2.032742 0.305872
v -1.488001 -1.914591 -0.369047
v -0.757617 -2.306778 0.307803
v -1.097752 -2.183017 -0.329389
v -0.699245 -2.325414 -0.367242
v -0.134760 -2.424262 0.307803
v -0.145643 -2.437411 -0.334717
v 0.499246 -2.376425 0.307125
v 1.085367 -2.189455 0.271412
v 1.081537 -2.193142 -0.331973
v 1.556885 -1.860104 0.307557
v 1.845066 -1.599348 0.273816
v 1.827694 -1.621865 -0.334751
v 2.072311 -1.260081 0.308708
v 2.307878 -0.754825 0.307410
v 2.183016 -1.097751 -0.329389
v 2.420980 -0.158690 0.308452
v 2.390722 -0.504472 -0.331969
v 2.426758 -0.030843 -0.369827
v 2.324887 0.788706 -0.160824
v 2.135471 1.209473 -0.152953
v 1.945312 1.492689 -0.156758
v 1.608040 1.857569 -0.157524
v 1.097247 2.183279 0.117130
v 1.086244 2.201643 -0.160825
v 0.498243 2.406225 -0.156903
v 0.020301 2.454108 -0.152953
v -0.478496 2.407944 -0.160825
v -1.069532 2.212299 -0.156903
v -1.477861 1.959334 -0.152953
v -1.845484 1.619057 -0.160825
v -2.195281 1.104042 -0.156903
v -2.406224 0.498246 -0.156902
v -2.452011 0.038398 -0.156757
v -2.413731 -0.460505 -0.156903
v -2.280057 -0.902870 -0.156757
v -2.053769 -1.349145 -0.156902
v -1.749671 -1.720961 -0.152953
v -1.364324 -2.041022 -0.160825
v -0.807886 -2.320685 -0.156863
v -0.339905 -2.426304 -0.160562
v 0.141510 -2.453188 -0.156902
v 0.771806 -2.332932 -0.156863
v 1.351611 -2.051674 -0.157574
v 1.834729 -1.634602 -0.156902
v 2.115168 -1.244634 -0.152953
v 2.324587 -0.789581 -0.160824
v 2.450704 -0.179730 -0.156863
v 2.368462 0.634627 0.095856
v 2.431034 0.320052 -0.156758
v 2.202052 1.085415 0.099923
v 1.859994 1.605830 0.095961
v 1.492690 1.945312 0.095856
v 1.093373 2.217148 0.071782
v 0.597538 2.378400 0.095856
v 0.160109 2.449800 0.099923
v -0.340453 2.430464 0.092051
v -0.789582 2.324589 0.099923
v -1.244635 2.115170 0.092051
v -1.634601 1.834733 0.096001
v -1.968686 1.462229 0.095856
v -2.212300 1.069530 0.096001
v -2.371690 0.614476 0.099660
v -2.453199 0.141701 0.095961
v -2.406224 -0.498244 0.096001
v -2.195280 -1.104043 0.096001
v -1.845482 -1.619057 0.099923
v -1.477861 -1.959332 0.092051
v -1.192753 -2.142702 0.095856
v -0.771622 -2.332972 0.096001
v -0.281984 -2.436045 0.095856
v 0.179904 -2.450672 0.096001
v 0.808057 -2.320603 0.096001
v 1.259256 -2.104305 0.095856
v 1.634603 -1.834728 0.096001
v 2.041535 -1.363554 0.099923
v 2.265361 -0.938343 0.095856
v 2.412720 -0.463817 0.096623
v 2.449819 0.160593 0.099829
v -1.901306 -2.320150 -0.206991
v -1.902110 -2.318139 -0.031199
v -1.686545 -2.445862 -0.031043
v -1.685143 -2.448473 -0.207775
v -0.240889 2.420039 0.036788
v -0.198259 2.420039 -0.032386
v -0.253557 2.420039 -0.097531
v -0.229361 2.474222 0.036788
v -0.216692 2.474222 -0.097531
v -0.271989 2.474221 -0.032386
v -1.990541 -1.392359 -0.094728
v -1.965963 -1.434927 0.029957
v -2.025177 -1.440734 0.038620
v -2.039840 -1.415338 -0.085680
v -2.010891 -1.465478 -0.091012
v -2.204160 -1.022358 0.032761
v -2.210494 -1.011387 -0.101558
v -2.231810 -0.974469 -0.032386
v -2.260302 -1.033487 0.038620
v -2.246016 -1.058230 -0.091013
v -2.274965 -1.008090 -0.085680
v 2.241434 -1.505794 0.588823
v 2.187478 -1.321162 0.589557
v 2.326522 -1.188241 0.588823
v 2.513393 -1.233830 0.589558
v 2.558985 -1.420703 0.588823
v 2.426064 -1.559746 0.589558
v 2.217943 -1.329324 0.760141
v 2.332352 -1.210019 0.760188
v 2.491088 -1.256133 0.760160
v 2.537210 -1.414870 0.760168
v 2.417899 -1.529279 0.760160
v 2.257372 -1.489852 0.760168
v 2.305439 -1.301374 0.750304
v 2.392093 -1.277928 0.747332
v 2.294133 -1.453092 0.758097
v 2.449848 -1.445782 0.751066
v 2.461878 -1.321792 0.750062
v 2.294752 -1.418283 0.738547
v 2.375645 1.183061 0.589605
v 2.241432 1.237366 0.588822
v 2.187126 1.371580 0.589605
v 2.237897 1.509327 0.589557
v 2.424774 1.554917 0.588822
v 2.563812 1.421996 0.589557
v 2.509858 1.237366 0.588822
v 2.214243 1.336946 0.760143
v 2.260202 1.487025 0.760160
v 2.418937 1.533141 0.760188
v 2.547890 1.359154 0.760422
v 2.363222 1.199352 0.760516
v 2.305938 1.437324 0.746870
v 2.382285 1.472459 0.749944
v 2.470993 1.414189 0.752946
v 2.376240 1.270532 0.751193
v 2.280324 1.329299 0.752945
v 2.443905 1.307199 0.744841
v 0.137748 2.605411 0.589557
v -0.049125 2.559819 0.588822
v -0.184780 2.689592 0.589196
v -0.163262 2.837417 0.589605
v -0.049128 2.926497 0.588823
v 0.133236 2.881942 0.589196
v 0.188519 2.743158 0.589605
v 0.050707 2.586070 0.760182
v -0.080376 2.603943 0.760045
v -0.161397 2.708530 0.760182
v -0.075360 2.898540 0.760422
v 0.122456 2.853849 0.760182
v 0.157705 2.700903 0.760127
v -0.048597 2.827333 0.746913
v 0.053472 2.828180 0.747641
v -0.108025 2.750732 0.757388
v -0.025873 2.646600 0.746234
v 0.095855 2.700642 0.753525
v -2.237898 1.509327 0.589557
v -2.190865 1.318013 0.589196
v -2.326520 1.188241 0.588822
v -2.508884 1.232798 0.589196
v -2.562453 1.417576 0.589196
v -2.429215 1.556358 0.589196
v -2.214246 1.336948 0.760160
v -2.332355 1.210018 0.760188
v -2.498104 1.260885 0.760160
v -2.532738 1.422286 0.760160
v -2.410278 1.532979 0.760160
v -2.260199 1.487024 0.760141
v -2.469193 1.329773 0.750987
v -2.446027 1.441962 0.750558
v -2.355859 1.269778 0.748463
v -2.276012 1.371579 0.750122
v -2.334948 1.463333 0.749057
v -2.426065 -1.183413 0.589557
v -2.236864 -1.238341 0.589196
v -2.190865 -1.425146 0.589196
v -2.281387 -1.534841 0.589605
v -2.424773 -1.554918 0.588823
v -2.538907 -1.465839 0.589605
v -2.558985 -1.322456 0.588823
v -2.290841 -1.224696 0.760409
v -2.214243 -1.406212 0.760143
v -2.324937 -1.528667 0.760182
v -2.456022 -1.510795 0.760046
v -2.537045 -1.406211 0.760160
v -2.486339 -1.249117 0.760143
v -2.371865 -1.271701 0.747161
v -2.280555 -1.346100 0.749447
v -2.322798 -1.463114 0.752099
v -2.458166 -1.431359 0.750424
v -2.467548 -1.326289 0.751300
v -2.876276 -0.727034 0.047445
v -2.874782 -0.727250 0.223588
v -2.790942 -0.963385 0.222890
v -2.788148 -0.962254 0.046601
v -2.067769 2.127412 0.047445
v -2.067209 2.126009 0.223587
v -2.229787 1.935334 0.222890
v -2.227411 1.933480 0.046601
v 0.808507 2.854447 0.047445
v 0.807574 2.853260 0.223587
v 0.561156 2.898720 0.222890
v 0.560738 2.895735 0.046601
v 2.876276 0.727034 0.047445
v 2.874782 0.727250 0.223588
v 2.790942 0.963384 0.222890
v 2.788148 0.962254 0.046601
v 2.067769 -2.127412 0.047444
v 2.067209 -2.126008 0.223587
v 2.229787 -1.935334 0.222890
v 2.227411 -1.933480 0.046601
v -0.808507 -2.854446 0.047445
v -0.807574 -2.853259 0.223587
v -0.561156 -2.898719 0.222890
v -0.560738 -2.895734 0.046601
v 1.901306 2.320150 -0.206991
v 1.902110 2.318139 -0.031199
v 1.686546 2.445862 -0.031043
v 1.685144 2.448473 -0.207776
v 2.959961 -0.486504 -0.206991
v 2.958621 -0.488206 -0.031199
v 2.961451 -0.237660 -0.031043
v 2.963011 -0.235140 -0.207775
v 1.058656 -2.806654 -0.206991
v 1.056512 -2.806345 -0.031198
v 1.274905 -2.683522 -0.031043
v 1.277868 -2.683613 -0.207775
v -2.959962 0.486504 -0.206991
v -2.958622 0.488207 -0.031198
v -2.961450 0.237660 -0.031043
v -2.963011 0.235140 -0.207776
v -1.058656 2.806654 -0.206991
v -1.056512 2.806345 -0.031199
v -1.274905 2.683522 -0.031043
v -1.277868 2.683613 -0.207776
v -0.138781 -2.609919 0.589196
v 0.000000 -2.554639 0.589605
v 0.134212 -2.608945 0.588823
v 0.188168 -2.793577 0.589557
v 0.049127 -2.926497 0.588823
v -0.094260 -2.906421 0.589605
v -0.184780 -2.796724 0.589196
v -0.050707 -2.586070 0.760183
v 0.080376 -2.603943 0.760046
v 0.169614 -2.743160 0.760368
v 0.043290 -2.904716 0.760217
v -0.115447 -2.858604 0.760141
v -0.161402 -2.708526 0.760143
v 0.026341 -2.644850 0.752843
v 0.096002 -2.717435 0.750408
v 0.070277 -2.813436 0.750408
v -0.063255 -2.836497 0.759248
v -0.061133 -2.815196 0.736558
v -0.080728 -2.684333 0.748572
v 0.222836 -2.420038 0.035564
v 0.229361 -2.420038 -0.101558
v 0.271989 -2.447130 -0.032386
v 0.229361 -2.474222 0.036788
v 0.222837 -2.474222 -0.100334
v 0.175407 -2.910028 0.565346
v 0.184093 -2.865950 0.679811
v 0.158457 -2.561554 0.565346
v 0.182558 -2.623298 0.686791
v -0.201286 -2.870903 0.679652
v -0.173070 -2.926977 0.565346
v -0.183528 -2.605881 0.690646
v -0.130667 -2.550109 0.679052
v -0.190019 -2.578504 0.565346
v 0.112082 -2.556668 0.684551
v -0.143253 -2.920003 0.690501
v 0.129152 -2.926413 0.689776
v 0.097303 -2.859399 0.701689
v 0.104679 -2.632280 0.701560
v -0.115846 -2.635725 0.701771
v -0.122439 -2.848876 0.701689
v 0.092407 -2.834866 0.658952
v 0.086740 -2.650218 0.659151
v -0.104274 -2.647297 0.658784
v -0.097943 -2.844020 0.659066
v -1.282516 -2.675261 -0.161607
v -1.303452 -2.663205 -0.160943
v -1.292078 -2.666112 -0.192211
v -1.300990 -2.682870 -0.181421
v -1.305985 -2.661747 -0.160863
v -1.326920 -2.649692 -0.160203
v -1.315543 -2.652600 -0.191472
v -1.324459 -2.669356 -0.180680
v -0.312786 -2.590058 -0.424526
v -1.771981 -2.152857 0.370158
v -0.329838 -2.734123 0.381849
v -2.088544 -1.567208 -0.426428
v -1.021923 -2.760466 -0.429424
v -2.351724 -1.715836 -0.425721
v -0.309876 -2.928555 0.269038
v -1.002999 -2.824908 0.241908
v -1.938081 -2.275328 0.237130
v -0.318434 -2.879117 0.361109
v -0.982716 -2.765403 0.366553
v -1.873857 -2.268909 0.340320
v -1.903559 -2.302394 0.227057
v -1.937487 -2.275030 -0.237610
v -1.902411 -2.234210 0.345981
v -1.040313 -2.810630 0.230132
v -1.039323 -2.808267 -0.225939
v -1.019690 -2.755394 0.356779
v -1.560769 -2.523479 -0.220199
v -1.522217 -2.467228 0.380732
v -1.553903 -2.523620 0.244061
v -1.446249 -2.353993 0.374215
v -0.828538 -2.652092 0.377606
v -0.763643 -2.449971 -0.381101
v -0.883089 -2.453878 -0.320653
v -0.890470 -2.422813 -0.334563
v -1.638320 -1.995304 -0.334401
v -1.688320 -1.988224 -0.308423
v -0.772802 -2.469310 0.378873
v -0.881225 -2.471077 0.354495
v -0.904165 -2.455311 0.358735
v -0.311082 -2.559251 0.358381
v -1.699893 -2.001046 0.350213
v -1.668313 -2.031030 0.359732
v -1.430832 -2.149708 -0.432759
v -0.915157 -2.480480 -0.410862
v -0.892760 -2.504553 -0.420020
v -1.907801 -2.307956 -0.211349
v -1.715717 -2.018395 -0.415414
v -1.683040 -2.046755 -0.416799
v -1.905483 -2.237155 -0.437748
v -1.872926 -2.282314 -0.424407
v -0.988795 -2.780278 -0.414902
v -0.311496 -2.887858 -0.427825
v -1.422050 -2.150534 0.372584
v -2.041207 -2.091455 -0.442238
v -1.932990 -1.987583 -0.441699
v -2.075842 -2.128689 -0.233607
v -1.003782 -2.825925 -0.222185
v -2.383081 -1.746619 -0.230787
v -2.050429 -1.544881 -0.339888
v -2.058394 -1.550324 0.351500
v -2.327997 -1.711608 0.365676
v -0.311069 -2.937537 -0.214544
v -0.313232 -2.545350 -0.320400
v -0.233062 -3.057514 0.443892
v -0.304472 -2.985077 -0.507248
v -0.304472 -2.985077 0.443892
v -0.292716 -2.466225 0.459453
v -0.243563 -2.443711 -0.531802
v -0.233062 -2.985077 0.589605
v -0.233062 -2.501240 0.589605
v -0.245639 -3.028366 -0.543620
v -0.304472 -2.501240 -0.507248
v 0.247615 -3.039687 -0.534474
v 0.290920 -3.020180 0.464154
v 0.304472 -2.985077 -0.507248
v 0.304472 -2.501240 0.443891
v 0.233062 -2.428803 0.443891
v 0.233062 -2.985077 0.589605
v 0.233062 -2.501240 0.589605
v 0.246492 -2.454561 -0.541055
v 0.312970 -2.592336 -0.426428
v 0.311496 -2.887858 -0.427826
v 0.304472 -2.501240 -0.507248
v 0.309989 -2.933507 0.264690
v -2.395595 -1.025274 -0.422283
v -2.642953 1.164163 0.364398
v -2.750420 0.458152 0.370158
v -2.532742 -1.081416 0.381849
v -2.901595 -0.495222 -0.429424
v -2.691141 -1.195917 0.269035
v -2.947943 -0.543833 0.241914
v -2.939532 0.540763 0.237129
v -2.652604 -1.163786 0.361109
v -2.886270 -0.531645 0.366553
v -2.901861 0.488354 0.340320
v -2.945712 0.497333 0.227055
v -2.938977 0.540398 -0.237609
v -2.886088 0.530432 0.345980
v -2.954232 -0.504377 0.230132
v -2.951691 -0.504054 -0.225938
v -2.896086 -0.494619 0.356779
v -2.965782 0.089926 -0.220200
v -2.897791 0.084665 0.380732
v -2.962470 0.083909 0.244062
v -2.761743 0.075493 0.374215
v -2.711046 -0.608510 0.377606
v -2.503559 -0.563651 -0.381101
v -2.566666 -0.462162 -0.320654
v -2.543453 -0.440237 -0.334563
v -2.547143 0.421175 -0.334401
v -2.566012 0.468015 -0.308423
v -2.524886 -0.565389 0.378873
v -2.580628 -0.472375 0.354495
v -2.578444 -0.444625 0.358736
v -2.371917 -1.010220 0.358381
v -2.582903 0.471628 0.350212
v -2.593080 0.429286 0.359732
v -2.577118 0.164283 -0.432759
v -2.605737 -0.447691 -0.410862
v -2.615386 -0.479123 -0.420020
v -2.952649 0.498227 -0.211348
v -2.395119 1.026039 -0.425132
v -2.605839 0.476657 -0.415414
v -2.614061 0.434178 -0.416799
v -2.890175 0.531619 -0.437748
v -2.913006 0.480845 -0.424407
v -2.902189 -0.533817 -0.414901
v -2.657892 -1.171809 -0.427812
v -2.573442 0.156265 0.372584
v -2.831856 0.722009 -0.442238
v -2.687793 0.680226 -0.441699
v -2.881419 0.733387 -0.233608
v -2.949212 -0.543661 -0.222172
v -2.696324 1.197635 -0.228894
v -2.364456 0.997887 -0.344467
v -2.371817 1.007459 0.351501
v -2.699516 -1.199375 -0.214543
v -2.361707 -0.996957 -0.326925
v 2.087043 -1.565485 -0.424559
v 0.978440 -2.611009 0.370158
v 2.202900 -1.652708 0.381849
v 1.879673 -2.265244 -0.429424
v 2.385081 -1.736685 0.240308
v 1.944946 -2.281079 0.241911
v 1.001450 -2.816091 0.237131
v 2.336694 -1.710939 0.359206
v 1.903553 -2.233762 0.366553
v 1.028003 -2.757263 0.340320
v 1.042152 -2.799728 0.227056
v 1.001490 -2.815428 -0.237612
v 0.983676 -2.764641 0.345980
v 1.913920 -2.306253 0.230130
v 1.912369 -2.304213 -0.225939
v 1.876396 -2.260774 0.356779
v 1.405013 -2.613405 -0.220200
v 1.375573 -2.551892 0.380732
v 1.408567 -2.607529 0.244062
v 1.315493 -2.429485 0.374215
v 1.882511 -2.043582 0.377605
v 1.739916 -1.886320 -0.381102
v 1.683576 -1.991717 -0.320653
v 1.675542 -2.013021 -0.406908
v 0.908823 -2.416478 -0.334401
v 0.877693 -2.456240 -0.308422
v 1.752084 -1.903921 0.378873
v 1.699402 -1.998702 0.354495
v 1.662621 -1.994472 0.368116
v 1.678922 -2.020664 0.334815
v 2.059252 -1.551337 0.358484
v 0.883010 -2.472674 0.350213
v 0.924768 -2.460316 0.359732
v 1.145445 -2.310908 -0.432162
v 1.722626 -2.025430 -0.420020
v 1.044848 -2.806182 -0.211349
v 0.890122 -2.495051 -0.415413
v 0.931022 -2.480932 -0.416799
v 0.984691 -2.768774 -0.437748
v 1.040077 -2.763159 -0.424407
v 1.913393 -2.246461 -0.414902
v 2.351725 -1.715836 -0.425721
v 1.151814 -2.310527 0.372801
v 0.790650 -2.813464 -0.442238
v 0.754803 -2.667809 -0.441699
v 0.805576 -2.862077 -0.233607
v 1.945432 -2.282265 -0.222174
v 0.310979 -2.933903 -0.228894
v 0.312692 -2.548164 -0.339889
v 0.310689 -2.557930 0.351510
v 0.318298 -2.871909 0.365676
v 2.385198 -1.748504 -0.220704
v 2.048120 -1.543385 -0.320403
v 2.395196 1.025864 -0.422311
v 2.642953 -1.164163 0.364398
v 2.750420 -0.458152 0.370158
v 2.532742 1.081416 0.381849
v 2.395119 -1.026039 -0.425132
v 2.901595 0.495222 -0.429424
v 2.691141 1.195916 0.269037
v 2.947943 0.543833 0.241914
v 2.939532 -0.540764 0.237129
v 2.652604 1.163786 0.361109
v 2.886270 0.531645 0.366553
v 2.901861 -0.488354 0.340320
v 2.945712 -0.497333 0.227056
v 2.938977 -0.540398 -0.237610
v 2.886088 -0.530432 0.345980
v 2.954233 0.504377 0.230132
v 2.951691 0.504054 -0.225938
v 2.896086 0.494619 0.356779
v 2.965782 -0.089926 -0.220200
v 2.897791 -0.084665 0.380731
v 2.962470 -0.083909 0.244062
v 2.761743 -0.075493 0.374215
v 2.711046 0.608510 0.377606
v 2.503559 0.563651 -0.381101
v 2.566666 0.462162 -0.320654
v 2.543453 0.440238 -0.334563
v 2.547143 -0.421176 -0.334401
v 2.566012 -0.468016 -0.308422
v 2.524886 0.565389 0.378873
v 2.580628 0.472375 0.354495
v 2.578444 0.444626 0.358735
v 2.371917 1.010220 0.358381
v 2.582903 -0.471628 0.350212
v 2.593080 -0.429286 0.359732
v 2.577118 -0.164283 -0.432759
v 2.605737 0.447691 -0.410862
v 2.615386 0.479123 -0.420020
v 2.952649 -0.498227 -0.211348
v 2.605839 -0.476657 -0.415414
v 2.614062 -0.434178 -0.416799
v 2.890175 -0.531620 -0.437748
v 2.913006 -0.480845 -0.424407
v 2.902189 0.533817 -0.414902
v 2.657589 1.172412 -0.427815
v 2.573442 -0.156265 0.372584
v 2.831856 -0.722009 -0.442238
v 2.687793 -0.680226 -0.441699
v 2.881419 -0.733387 -0.233608
v 2.949212 0.543661 -0.222172
v 2.696323 -1.197635 -0.228893
v 2.364456 -0.997887 -0.344467
v 2.371661 -1.007766 0.351502
v 2.361707 0.996957 -0.326925
v 0.312815 2.589317 -0.420620
v 1.771981 2.152857 0.370158
v 0.329838 2.734123 0.381848
v 2.088543 1.567208 -0.426428
v 1.021924 2.760466 -0.429424
v 0.309876 2.928554 0.269037
v 1.002998 2.824907 0.241920
v 1.938081 2.275328 0.237129
v 0.318434 2.879115 0.361109
v 0.982719 2.765411 0.366553
v 1.873857 2.268909 0.340320
v 1.903559 2.302395 0.227056
v 1.937487 2.275030 -0.237610
v 1.902411 2.234210 0.345980
v 1.040313 2.810630 0.230131
v 1.039323 2.808266 -0.225938
v 1.019691 2.755394 0.356779
v 1.560769 2.523479 -0.220201
v 1.522217 2.467228 0.380731
v 1.553903 2.523620 0.244061
v 1.446249 2.353993 0.374215
v 0.828538 2.652092 0.377605
v 0.763643 2.449971 -0.381102
v 0.883089 2.453878 -0.320653
v 0.890470 2.422813 -0.334563
v 1.638320 1.995304 -0.334401
v 1.688320 1.988224 -0.308423
v 0.772802 2.469310 0.378873
v 0.881225 2.471077 0.354495
v 0.904165 2.455310 0.358735
v 0.311082 2.559251 0.358381
v 1.699893 2.001046 0.350213
v 1.668312 2.031030 0.359732
v 1.430832 2.149708 -0.432759
v 0.915157 2.480480 -0.410862
v 0.892760 2.504552 -0.420020
v 1.907802 2.307956 -0.211349
v 1.715717 2.018395 -0.415414
v 1.683040 2.046755 -0.416799
v 1.905483 2.237155 -0.437748
v 1.872926 2.282314 -0.424407
v 0.988261 2.779091 -0.420054
v 1.422050 2.150534 0.372584
v 2.041207 2.091455 -0.442238
v 1.932990 1.987583 -0.441699
v 2.075842 2.128689 -0.233607
v 1.003781 2.825921 -0.222182
v 2.383081 1.746619 -0.230787
v 2.050428 1.544882 -0.339888
v 2.058393 1.550324 0.351500
v 2.327998 1.711608 0.365676
v 0.310203 2.892484 -0.430970
v 0.321650 2.939895 -0.220704
v 0.313232 2.545350 -0.320401
v -2.087043 1.565485 -0.424559
v -0.978440 2.611009 0.370158
v -2.202900 1.652708 0.381848
v -1.879673 2.265244 -0.429424
v -0.310383 2.892366 -0.431016
v -2.385081 1.736685 0.240308
v -1.944944 2.281078 0.241914
v -1.001450 2.816091 0.237129
v -2.336694 1.710939 0.359206
v -1.903553 2.233762 0.366553
v -1.028003 2.757263 0.340320
v -0.309989 2.933506 0.264690
v -1.042152 2.799728 0.227056
v -1.001490 2.815428 -0.237614
v -0.983676 2.764641 0.345980
v -1.913920 2.306253 0.230130
v -1.912369 2.304213 -0.225940
v -1.876396 2.260774 0.356779
v -1.405012 2.613405 -0.220200
v -1.375573 2.551892 0.380731
v -1.408567 2.607529 0.244062
v -1.315493 2.429485 0.374215
v -1.882511 2.043582 0.377605
v -1.739916 1.886320 -0.381099
v -1.683577 1.991717 -0.320655
v -1.675542 2.013021 -0.406908
v -0.908823 2.416480 -0.334401
v -0.877693 2.456240 -0.308422
v -1.752084 1.903921 0.378873
v -1.699403 1.998703 0.354495
v -1.662621 1.994472 0.368116
v -1.678922 2.020664 0.334815
v -2.059252 1.551337 0.358484
v -0.883009 2.472674 0.350212
v -0.924768 2.460316 0.359732
v -1.145445 2.310908 -0.432162
v -1.722626 2.025430 -0.420020
v -1.044848 2.806182 -0.211350
v -0.313759 2.592810 -0.423813
v -0.890123 2.495051 -0.415414
v -0.931022 2.480932 -0.416799
v -0.984691 2.768774 -0.437748
v -1.040078 2.763159 -0.424407
v -1.913392 2.246461 -0.414901
v -2.345411 1.713387 -0.427827
v -1.151814 2.310527 0.372801
v -0.789629 2.813893 -0.440596
v -0.754803 2.667809 -0.441699
v -0.805578 2.862077 -0.233608
v -1.945428 2.282262 -0.222170
v -0.321075 2.937119 -0.230786
v -0.313390 2.548137 -0.339923
v -0.310689 2.557930 0.351510
v -0.318298 2.871908 0.365676
v -2.386682 1.740903 -0.214784
v -2.048120 1.543385 -0.320404
v 2.531354 -1.730595 0.443891
v 2.432917 -1.756220 -0.507248
v 2.432917 -1.756220 0.443892
v 1.986874 -1.416239 0.443891
v 1.997646 -1.436308 -0.540323
v 2.468623 -1.694377 0.589605
v 2.049606 -1.452458 0.589605
v 2.513705 -1.730516 -0.532472
v 2.013901 -1.514300 -0.507248
v 2.013901 -1.514300 0.443892
v 2.745288 -1.305521 -0.542626
v 2.764416 -1.326920 0.443891
v 2.318373 -0.986940 -0.507248
v 2.737388 -1.228858 -0.507248
v 2.318373 -0.986940 0.443891
v 2.219936 -1.012564 0.443891
v 2.701683 -1.290702 0.589605
v 2.282668 -1.048783 0.589605
v 2.251194 -1.008780 -0.536145
v 2.656706 -1.174166 -0.427826
v 2.737388 -1.228858 0.443891
v 2.699788 -1.198890 0.244221
v 2.764416 1.326919 0.443891
v 2.318373 0.986939 -0.507248
v 2.737390 1.228858 0.443891
v 2.282782 0.979727 0.461778
v 2.238097 1.010923 -0.531803
v 2.701683 1.290701 0.589605
v 2.282668 1.048782 0.589605
v 2.745462 1.301453 -0.543620
v 2.699516 1.199374 -0.214544
v 2.737390 1.228858 -0.507248
v 2.508639 1.734285 -0.534474
v 2.470928 1.762152 0.461165
v 2.432918 1.756220 -0.507248
v 2.013901 1.514300 0.443892
v 1.986874 1.416239 0.443891
v 2.468623 1.694375 0.589605
v 2.049606 1.452458 0.589605
v 2.002466 1.440750 -0.541055
v 2.351724 1.715836 -0.425721
v 2.013901 1.514300 -0.507248
v 2.385497 1.735213 0.264688
v 0.233062 3.057514 0.443891
v 0.304472 2.985077 -0.507248
v 0.304472 2.985077 0.443891
v 0.292716 2.466225 0.459453
v 0.243563 2.443711 -0.531803
v 0.233062 2.985077 0.589605
v 0.233062 2.501240 0.589605
v 0.245639 3.028366 -0.543620
v 0.304472 2.501240 -0.507248
v -0.247615 3.039687 -0.534474
v -0.290920 3.020180 0.464154
v -0.304472 2.985077 -0.507248
v -0.304472 2.501240 0.443891
v -0.233062 2.428803 0.443891
v -0.233062 2.985077 0.589605
v -0.233062 2.501240 0.589605
v -0.246492 2.454561 -0.541055
v -0.304472 2.501240 -0.507248
v -2.531354 1.730593 0.443891
v -2.432917 1.756220 -0.507248
v -2.432917 1.756220 0.443892
v -1.986874 1.416239 0.443891
v -1.997646 1.436308 -0.540323
v -2.468623 1.694377 0.589605
v -2.049606 1.452458 0.589605
v -2.505013 1.729406 -0.535465
v -2.013901 1.514300 -0.507248
v -2.013901 1.514300 0.443892
v -2.751791 1.308604 -0.541255
v -2.764416 1.326920 0.443891
v -2.318373 0.986940 -0.507248
v -2.737388 1.228858 -0.507248
v -2.318373 0.986940 0.443891
v -2.219936 1.012564 0.443891
v -2.701683 1.290702 0.589605
v -2.282668 1.048783 0.589605
v -2.246742 1.010798 -0.534196
v -2.656706 1.174166 -0.427827
v -2.737388 1.228858 0.443891
v -2.699788 1.198890 0.244220
v -2.764415 -1.326919 0.443891
v -2.318372 -0.986939 -0.507248
v -2.737390 -1.228858 0.443891
v -2.282782 -0.979727 0.461779
v -2.238097 -1.010923 -0.531803
v -2.701683 -1.290701 0.589605
v -2.282668 -1.048782 0.589605
v -2.745461 -1.301453 -0.543620
v -2.737390 -1.228858 -0.507248
v -2.508639 -1.734285 -0.534474
v -2.470928 -1.762152 0.461166
v -2.432918 -1.756220 -0.507248
v -2.013901 -1.514300 0.443892
v -1.986874 -1.416239 0.443891
v -2.468623 -1.694375 0.589605
v -2.049606 -1.452458 0.589605
v -2.002466 -1.440750 -0.541055
v -2.013901 -1.514300 -0.507248
v -2.385497 -1.735213 0.264688
v -0.222836 -2.420038 0.035564
v -0.247413 -2.420038 -0.100335
v -0.210548 -2.474222 0.029957
v -0.259701 -2.474222 -0.094728
v -2.204161 1.022358 0.032761
v -2.210495 1.011387 -0.101558
v -2.231810 0.974469 -0.032386
v -2.260301 1.033487 0.038620
v -2.245638 1.058883 -0.085680
v -2.274587 1.008744 -0.091012
v 2.204160 -1.022358 0.032761
v 2.210494 -1.011387 -0.101558
v 2.231809 -0.974469 -0.032386
v 2.260302 -1.033487 0.038620
v 2.246016 -1.058230 -0.091013
v 2.274965 -1.008090 -0.085680
v 1.990541 1.392359 -0.094728
v 1.965964 1.434927 0.029957
v 2.025177 1.440734 0.038620
v 2.039840 1.415338 -0.085680
v 2.010891 1.465477 -0.091013
v 0.163015 -0.016227 -1.559410
v 0.163175 0.488732 -1.475229
v 0.163175 0.853897 -1.298469
v 0.163175 1.160868 -1.033221
v 0.163175 1.388730 -0.697559
v 0.163175 1.521952 -0.314362
v 0.163175 1.551455 0.090260
v 0.164345 1.449003 0.576430
v 0.162768 1.177372 1.014326
v 0.163982 0.876271 1.283412
v 0.162768 0.512472 1.467117
v 0.163981 0.117167 1.549602
v 0.163444 -0.285450 1.527556
v 0.163444 -0.671083 1.401626
v 0.163399 -1.084377 1.120678
v 0.163444 -1.385662 0.703454
v 0.163444 -1.520513 0.320849
v 0.162768 -1.551553 -0.087981
v 0.163175 -1.475228 -0.488731
v 0.164345 -1.250437 -0.931817
v 0.162768 -0.874725 -1.284489
v 0.163175 -0.510323 -1.467898
v -0.248707 0.589301 -1.545068
v -0.251502 1.128935 -1.202347
v -0.250997 1.372235 -0.916003
v -0.252055 1.535924 -0.597966
v -0.251622 1.646433 -0.072232
v -0.250848 1.622488 0.305453
v -0.250452 1.488936 0.713733
v -0.250023 1.311622 0.999358
v -0.250258 1.075368 1.253074
v -0.250284 -0.045858 1.653395
v -0.252374 -0.458998 1.588399
v -0.251873 -0.964844 1.343762
v -0.251289 -1.396138 0.874388
v -0.250258 -1.557832 0.547510
v -0.251438 -1.640300 0.171205
v -0.251081 -1.643589 -0.183715
v -0.250852 -1.422351 -0.836699
v -0.250959 -0.963641 -1.343495
v -0.251490 -0.603462 -1.540858
v -0.250523 -0.187054 -1.644613
v -0.203614 0.422719 -1.501071
v -0.204857 0.878301 -1.281989
v -0.205394 1.178583 -1.012886
v -0.204181 1.399781 -0.675037
v -0.204857 1.527556 -0.285449
v -0.205758 1.543089 0.225297
v -0.204428 1.342374 0.793763
v -0.204181 1.014327 1.177370
v -0.204858 0.671084 1.401626
v -0.205395 0.287892 1.527126
v -0.204588 -0.113017 1.549963
v -0.203614 -0.615034 1.433051
v -0.205758 -1.118112 1.087063
v -0.204588 -1.398815 0.677108
v -0.203622 -1.523109 0.302966
v -0.205401 -1.551747 -0.104204
v -0.204188 -1.469130 -0.503316
v -0.205812 -1.236563 -0.953600
v -0.204857 -0.848290 -1.302040
v -0.204857 -0.482393 -1.477227
v -0.205395 -0.086104 -1.551636
v 0.031375 0.501118 -1.480972
v 0.037445 0.867264 -1.297872
v 0.030981 1.095035 -1.111520
v 0.037445 1.297921 -0.867189
v 0.034179 1.475856 -0.512612
v 0.031375 1.560009 -0.103771
v 0.037445 1.530964 0.304574
v 0.030980 1.445963 0.586319
v 0.034685 1.293534 0.875794
v 0.037445 1.029184 1.173626
v 0.034048 0.798534 1.339161
v 0.034178 0.512612 1.475856
v 0.030980 0.215214 1.545400
v 0.034685 -0.111691 1.558130
v 0.034048 -0.403502 1.505892
v 0.034685 -0.699458 1.396782
v -0.020706 -0.955363 1.245054
v 0.037445 -1.173626 1.029183
v 0.031374 -1.401548 0.692862
v 0.034685 -1.533945 0.295387
v 0.034685 -1.558128 -0.111693
v 0.034685 -1.476128 -0.511159
v 0.034685 -1.293533 -0.875792
v 0.037445 -1.029182 -1.173625
v 0.034179 -0.700864 -1.396319
v 0.031374 -0.306508 -1.533116
v 0.037445 0.102147 -1.557620
v -0.078858 0.501714 -1.478141
v -0.072394 0.790231 -1.345405
v -0.078858 1.029184 -1.173626
v -0.072394 1.244942 -0.940584
v -0.078858 1.399969 -0.690437
v -0.072394 1.510122 -0.392567
v -0.078858 1.557622 -0.102138
v -0.072393 1.545400 0.215215
v -0.078858 1.478140 0.501716
v -0.076098 1.304141 0.859918
v -0.072394 1.095035 1.111520
v -0.075592 0.858817 1.305126
v -0.075592 0.491763 1.482933
v -0.078858 0.102137 1.557621
v -0.076098 -0.295387 1.533946
v -0.076098 -0.682335 1.405226
v -0.072788 -1.176470 1.029715
v -0.078858 -1.399968 0.690439
v -0.076061 -1.530259 0.313994
v -0.075632 -1.559672 -0.091055
v -0.076061 -1.482240 -0.493203
v -0.075591 -1.305125 -0.858816
v -0.072338 -1.030978 -1.175606
v -0.075591 -0.681118 -1.406057
v -0.078858 -0.304574 -1.530962
v -0.072787 0.103782 -1.560008
v 0.210858 0.405009 -1.603518
v -0.251804 0.213088 -1.638119
v 0.184561 0.738051 -1.488830
v 0.208953 0.976604 -1.327814
v -0.225738 0.906970 -1.392107
v 0.209039 1.253475 -1.074778
v 0.209790 1.506179 -0.679971
v 0.209371 1.609629 -0.359831
v 0.184326 1.659084 -0.089410
v -0.225739 1.625693 -0.343040
v 0.210215 1.634174 0.229142
v 0.182572 1.569187 0.546326
v 0.209571 1.445239 0.791924
v 0.208845 1.229729 1.101988
v 0.209435 0.903104 1.382090
v 0.208845 0.513980 1.569215
v -0.247369 0.728949 1.482346
v 0.209435 0.091064 1.648477
v -0.247980 0.379427 1.609793
v 0.209306 -0.338147 1.616045
v 0.209306 -0.744889 1.473461
v 0.209306 -1.100868 1.230462
v 0.210462 -1.341092 0.957512
v -0.225739 -1.236368 1.109931
v 0.207993 -1.488553 0.716742
v 0.209584 -1.618028 0.322604
v 0.206351 -1.649815 0.000000
v 0.210358 -1.605796 -0.393053
v 0.210858 -1.444050 -0.806234
v -0.225739 -1.579411 -0.515763
v 0.186218 -1.242832 -1.102869
v -0.223984 -1.257725 -1.085791
v 0.210045 -1.035444 -1.282768
v 0.208845 -0.714406 -1.488700
v 0.209039 -0.304047 -1.622928
v 0.210805 0.071073 -1.646188
v -0.107150 0.526691 -1.585481
v -0.106694 0.917419 -1.396564
v -0.101105 1.181147 -1.181147
v -0.109426 1.388040 -0.927460
v -0.106595 1.530455 -0.662197
v -0.106694 1.636233 -0.338804
v -0.109980 1.667429 0.072377
v -0.110768 1.559701 0.588850
v -0.109297 1.388099 0.927500
v -0.104391 1.100986 1.258556
v -0.109426 0.738348 1.497223
v -0.104008 0.445250 1.608358
v -0.109361 0.109497 1.665823
v -0.104008 -0.204135 1.656318
v -0.109361 -0.536319 1.580923
v -0.106694 -0.917418 1.396564
v -0.104008 -1.170254 1.189776
v -0.109361 -1.387895 0.927740
v -0.106694 -1.578011 0.549480
v -0.104391 -1.668447 0.111417
v -0.109361 -1.637401 -0.325378
v -0.106694 -1.504362 -0.727281
v -0.101106 -1.325211 -1.016870
v -0.109426 -1.100698 -1.255107
v -0.106595 -0.856295 -1.430927
v -0.106694 -0.549479 -1.578009
v -0.104008 -0.231507 -1.652713
v -0.109297 0.109201 -1.665877
v 0.065281 0.549480 -1.578012
v 0.065182 0.856296 -1.430928
v 0.067948 1.100959 -1.254929
v 0.062978 1.391494 -0.927296
v 0.065182 1.550439 -0.613952
v 0.065281 1.641338 -0.313141
v 0.067948 1.665823 0.109502
v -0.088105 1.644965 0.340136
v 0.065703 1.585447 0.526848
v 0.062977 1.389209 0.930716
v 0.067948 1.100486 1.255344
v 0.062595 0.822441 1.452120
v 0.067948 0.536320 1.580923
v 0.062595 0.204135 1.656319
v 0.067948 -0.109498 1.665823
v 0.062595 -0.445250 1.608358
v 0.065280 -0.750749 1.492790
v 0.067948 -1.100960 1.254927
v 0.062977 -1.391495 0.927293
v 0.065280 -1.586421 0.524703
v 0.067948 -1.665863 0.108871
v 0.062595 -1.652714 -0.231507
v 0.065281 -1.578011 -0.549478
v 0.067948 -1.387894 -0.927740
v 0.062978 -1.100986 -1.258554
v 0.065281 -0.727281 -1.504362
v 0.067948 -0.325376 -1.637401
v 0.062977 0.111431 -1.668447
v -0.140754 -1.577702 1.292888
v -0.021215 -1.576334 1.293435
v -0.021109 -1.663186 1.146851
v -0.141287 -1.664962 1.145897
v 0.022277 1.645627 0.147351
v -0.066321 1.645626 0.172419
v 0.022278 1.682471 0.172419
v -0.066321 1.682471 0.147351
v 0.022277 -0.950422 1.351479
v -0.066321 -0.972132 1.338944
v 0.026262 -0.979699 1.377120
v -0.066321 -0.979699 1.377120
v 0.024469 -0.697228 1.513615
v -0.066321 -0.673494 1.511364
v -0.066322 -0.702771 1.537005
v 0.400653 -1.023278 -1.521069
v 0.400653 -0.896249 -1.489789
v 0.400399 -0.808004 -1.582035
v 0.400654 -0.838302 -1.706041
v 0.400931 -0.932674 -1.743632
v 0.400653 -1.023277 -1.709810
v 0.400931 -1.060866 -1.615439
v 0.517260 -0.828954 -1.555555
v 0.516909 -0.857401 -1.698710
v 0.516909 -0.967154 -1.722262
v 0.516886 -1.039913 -1.644173
v 0.517115 -0.998551 -1.518233
v 0.507713 -0.877910 -1.658891
v 0.510811 -0.967379 -1.674743
v 0.511121 -0.905653 -1.547086
v 0.508577 -1.001513 -1.602060
v 0.400654 0.805645 -1.584160
v 0.400931 0.868577 -1.504421
v 0.400654 0.969099 -1.489789
v 0.400931 1.043692 -1.551343
v 0.400400 1.057344 -1.648846
v 0.400654 0.969099 -1.741089
v 0.400654 0.842071 -1.709810
v 0.516924 0.825854 -1.580958
v 0.516898 0.909123 -1.505686
v 0.516909 1.011177 -1.536938
v 0.516914 1.042538 -1.644878
v 0.516924 0.956224 -1.725188
v 0.516898 0.849400 -1.690711
v 0.509337 0.880719 -1.563485
v 0.508545 0.987370 -1.575818
v 0.510804 0.982542 -1.670330
v 0.508053 0.886428 -1.661684
v 0.400653 1.828924 -0.125650
v 0.400931 1.754330 -0.064096
v 0.400399 1.740677 0.033405
v 0.400653 1.828923 0.125650
v 0.400931 1.929444 0.111018
v 0.400399 1.990018 0.033407
v 0.400899 1.959018 -0.093667
v 0.517050 1.765463 -0.057669
v 0.517212 1.805461 0.103729
v 0.517115 1.971002 0.051243
v 0.517115 1.916591 -0.105654
v 0.513074 1.836161 -0.065803
v 0.510380 1.847830 0.065378
v 0.510445 1.921591 0.040741
v 0.509266 1.923912 -0.036833
v 0.507673 1.799162 0.007051
v 0.400899 1.026343 1.521771
v 0.400931 0.932674 1.487246
v 0.400653 0.838302 1.524836
v 0.400399 0.808004 1.648844
v 0.400931 0.868577 1.726457
v 0.400653 0.963952 1.742468
v 0.400653 1.058323 1.651866
v 0.516914 0.822810 1.644877
v 0.517151 0.941122 1.732554
v 0.516897 1.042428 1.638989
v 0.517078 0.990339 1.515558
v 0.507717 0.950047 1.549561
v 0.520804 0.859957 1.546222
v 0.507870 0.862790 1.628679
v 0.509880 1.002848 1.629077
v 0.508529 0.932675 1.681657
v 0.400899 -0.804721 1.649724
v 0.400399 -0.841409 1.524174
v 0.400931 -0.932674 1.487246
v 0.400899 -1.026343 1.521771
v 0.400399 -1.057344 1.648846
v 0.400931 -0.996770 1.726457
v 0.400399 -0.899270 1.740109
v 0.517115 -0.835469 1.549561
v 0.516908 -0.961407 1.508203
v 0.517212 -1.052449 1.615439
v 0.516897 -0.956225 1.725192
v 0.516908 -0.849401 1.690710
v 0.510443 -0.869286 1.587323
v 0.507838 -0.896614 1.672772
v 0.508052 -0.995160 1.650290
v 0.511295 -0.951295 1.545944
v 0.032262 -0.494383 1.955868
v 0.152039 -0.494530 1.954851
v 0.151565 -0.655102 1.897841
v 0.031688 -0.654333 1.895940
v 0.032262 1.446640 1.406083
v 0.152039 1.445686 1.405702
v 0.151565 1.316027 1.516255
v 0.031688 1.314766 1.514640
v 0.032263 1.941024 -0.549785
v 0.152040 1.940217 -0.549150
v 0.151565 1.971130 -0.381586
v 0.031689 1.969100 -0.381302
v 0.032262 0.494383 -1.955868
v 0.152040 0.494530 -1.954851
v 0.151565 0.655102 -1.897841
v 0.031688 0.654333 -1.895940
v 0.032262 -1.446640 -1.406083
v 0.152039 -1.445686 -1.405702
v 0.151565 -1.316027 -1.516255
v 0.031688 -1.314766 -1.514640
v 0.032262 -1.941023 0.549785
v 0.152039 -1.940217 0.549150
v 0.151565 -1.971129 0.381586
v 0.031688 -1.969099 0.381302
v -0.140754 1.577702 -1.292888
v -0.021215 1.576334 -1.293435
v -0.021109 1.663186 -1.146851
v -0.141287 1.664962 -1.145897
v -0.140754 -0.330822 -2.012774
v -0.021215 -0.331980 -2.011863
v -0.021109 -0.161608 -2.013786
v -0.141287 -0.159895 -2.014848
v -0.140754 -1.908525 -0.719886
v -0.021215 -1.908314 -0.718428
v -0.021109 -1.824795 -0.866935
v -0.141287 -1.824857 -0.868950
v -0.140754 0.330822 2.012774
v -0.021215 0.331980 2.011863
v -0.021109 0.161609 2.013786
v -0.141288 0.159895 2.014848
v -0.140754 1.908525 0.719886
v -0.021215 1.908314 0.718428
v -0.021109 1.824795 0.866935
v -0.141287 1.824857 0.868950
v 0.400653 -1.828924 0.125650
v 0.400399 -1.740677 0.033405
v 0.400899 -1.771679 -0.093668
v 0.400931 -1.865348 -0.128193
v 0.400399 -1.956614 -0.091264
v 0.400653 -1.992377 0.031282
v 0.400931 -1.929444 0.111018
v 0.517259 -1.745581 0.000000
v 0.517087 -1.873798 -0.117126
v 0.516908 -1.975100 -0.023551
v 0.516908 -1.943850 0.078502
v 0.516897 -1.841798 0.109753
v 0.509359 -1.797478 0.007229
v 0.516289 -1.908361 -0.063469
v 0.509179 -1.933160 0.007032
v 0.506761 -1.852460 -0.067904
v 0.508894 -1.865346 0.069273
v 0.025334 -1.664049 -0.159885
v -0.022022 -1.664049 -0.134816
v -0.068228 -1.645626 -0.168241
v -0.064415 -1.682471 -0.176597
v 0.384435 -1.978819 -0.119277
v 0.384435 -1.749060 -0.112073
v 0.466399 -1.751819 -0.109314
v 0.466295 -1.975799 0.121366
v 0.384435 -1.990345 0.117687
v 0.467703 -1.754639 0.116431
v 0.384435 -1.745315 0.125755
v 0.466846 -1.982326 -0.104499
v 0.463947 -1.795549 -0.065583
v 0.465070 -1.937041 0.075908
v 0.465491 -1.937187 -0.066118
v 0.464166 -1.795474 0.075595
v -0.109893 -1.819178 0.872111
v -0.109442 -1.810979 0.886347
v -0.130704 -1.812957 0.878613
v -0.123367 -1.824351 0.884673
v -0.109387 -1.809988 0.888070
v -0.108938 -1.801791 0.902306
v -0.130201 -1.803768 0.894569
v -0.122863 -1.815162 0.900632
v 0.251707 -1.463943 1.204947
v 0.259657 -1.859205 0.224290
v -0.284544 -1.059355 1.409575
v -0.287873 -1.883075 0.686636
v 0.228393 -1.977211 0.211600
v 0.160175 -1.916212 0.699270
v 0.161248 -1.547223 1.317895
v 0.249256 -1.880475 0.668247
v 0.222959 -1.555688 1.285615
v 0.235267 -1.519263 1.293639
v 0.242609 -1.873668 0.693389
v -0.149735 -1.715966 1.061323
v 0.258897 -1.677715 1.035107
v 0.165962 -1.716062 1.056654
v 0.254466 -1.600715 0.983449
v 0.256772 -1.803422 0.563405
v -0.259149 -1.665980 0.519277
v -0.275163 -1.666147 0.613522
v -0.227393 -1.356807 1.114058
v 0.257634 -1.679131 0.525506
v 0.241056 -1.680333 0.599233
v 0.243940 -1.669611 0.614833
v 0.243699 -1.740291 0.211536
v 0.238144 -1.360711 1.155927
v 0.244618 -1.381101 1.134452
v -0.294276 -1.461802 0.972966
v -0.275285 -1.684503 0.603950
v -0.143717 -1.569410 1.297305
v -0.274353 -1.363345 1.158056
v -0.283424 -1.391793 1.144467
v -0.297669 -1.521266 1.295729
v -0.288597 -1.551974 1.273590
v -0.283788 -1.978180 0.211681
v 0.253357 -1.462363 0.966994
v -0.300722 -1.422189 1.388021
v -0.300355 -1.351556 1.314433
v -0.183276 -1.548493 1.323750
v -0.153500 -1.917126 0.694919
v -0.285410 -1.170447 1.604351
v 0.239026 -1.052660 1.400723
v 0.234502 -1.172978 1.608299
v -0.276780 -1.746993 0.212792
v -0.362682 -2.049780 0.194889
v 0.316733 -2.061207 0.195429
v 0.312428 -1.677033 0.199047
v 0.400931 -2.029853 0.158482
v 0.400931 -1.700843 0.158482
v -0.353796 -1.674632 0.202553
v -0.356151 -2.058474 -0.194399
v 0.315625 -2.053722 -0.197826
v 0.312831 -1.669204 -0.196732
v 0.400931 -2.029853 -0.158482
v 0.400931 -1.700843 -0.158482
v -0.284545 -1.750406 -0.212641
v -0.285408 -1.974629 -0.211583
v -0.361037 -1.684129 -0.202755
v 0.251707 0.311543 1.870285
v 0.259657 -0.735363 1.722265
v -0.287873 -0.346893 1.974109
v 0.228392 -0.805354 1.818115
v 0.160176 -0.352521 2.009123
v 0.161248 0.367719 1.998881
v 0.249256 -0.361519 1.962664
v 0.222959 0.335531 1.990073
v 0.235267 0.360693 1.962540
v 0.242609 -0.336341 1.969338
v -0.149736 0.061150 2.016732
v 0.258897 0.057572 1.970498
v 0.165962 0.057058 2.014480
v 0.254466 0.051335 1.877985
v 0.256772 -0.413787 1.843511
v -0.259149 -0.383283 1.702420
v -0.276697 -0.302295 1.755147
v -0.227393 0.286399 1.732058
v 0.257633 -0.384465 1.716922
v 0.241056 -0.321215 1.754827
v 0.242829 -0.302312 1.750677
v 0.243699 -0.686950 1.612903
v 0.238144 0.320707 1.756374
v 0.244618 0.291915 1.763295
v -0.293870 0.111160 1.750339
v -0.275285 -0.319216 1.760798
v -0.143717 0.338794 2.007801
v -0.284545 0.691050 1.622216
v -0.274353 0.321233 1.759719
v -0.283424 0.295241 1.777561
v -0.297669 0.361501 1.965319
v -0.288597 0.326974 1.980844
v 0.253505 0.107279 1.752280
v -0.300722 0.490966 1.925662
v -0.300355 0.462554 1.827699
v -0.183278 0.372155 2.002908
v -0.153490 -0.356745 2.007738
v -0.285410 0.804186 1.815813
v 0.239020 0.685072 1.612836
v 0.234501 0.806338 1.819978
v -0.283785 -0.805113 1.819333
v -0.276836 -0.690784 1.618708
v 0.251707 -1.775486 -0.665339
v 0.259657 -1.123842 -1.497973
v -0.287873 -1.536182 -1.287473
v 0.228393 -1.171857 -1.606515
v 0.160175 -1.563693 -1.309855
v 0.161249 -1.914942 -0.680986
v 0.249256 -1.518959 -1.294417
v 0.222959 -1.891220 -0.704457
v 0.235267 -1.879956 -0.668900
v 0.242609 -1.537327 -1.275949
v -0.149736 -1.777116 -0.955409
v 0.258897 -1.735287 -0.935390
v 0.165962 -1.773120 -0.957826
v 0.254466 -1.652050 -0.894535
v 0.256772 -1.389635 -1.280107
v -0.259149 -1.282698 -1.183143
v -0.275163 -1.364399 -1.136165
v -0.227393 -1.643205 -0.618000
v 0.257634 -1.294666 -1.191417
v 0.241056 -1.359118 -1.155594
v 0.243940 -1.367266 -1.138510
v 0.243699 -1.053340 -1.401367
v 0.238145 -1.681418 -0.600447
v 0.244618 -1.673015 -0.628842
v -0.294276 -1.573514 -0.779475
v -0.275285 -1.365287 -1.156848
v -0.143718 -1.908204 -0.710497
v -0.274353 -1.684578 -0.601664
v -0.283423 -1.687034 -0.633095
v -0.297668 -1.882767 -0.669590
v -0.288597 -1.878948 -0.707253
v -0.283788 -1.172307 -1.607380
v 0.253357 -1.568623 -0.782946
v -0.300722 -1.913156 -0.537642
v -0.300355 -1.814111 -0.513266
v -0.183281 -1.920652 -0.679157
v -0.153495 -1.560382 -1.312821
v 0.239026 -1.739392 -0.211268
v 0.234502 -1.979316 -0.211679
v -0.276786 -1.057616 -1.406674
v 0.251708 -0.311543 -1.870285
v 0.259657 0.735363 -1.722265
v -0.284552 -0.690861 -1.622324
v -0.287873 0.346893 -1.974109
v 0.228393 0.805354 -1.818115
v 0.160176 0.352521 -2.009123
v 0.161248 -0.367719 -1.998882
v 0.249256 0.361519 -1.962664
v 0.222959 -0.335531 -1.990073
v 0.235267 -0.360694 -1.962540
v 0.242610 0.336341 -1.969338
v -0.149735 -0.061150 -2.016732
v 0.258898 -0.057572 -1.970498
v 0.165962 -0.057059 -2.014480
v 0.254466 -0.051335 -1.877985
v 0.256772 0.413787 -1.843511
v -0.259149 0.383283 -1.702420
v -0.275163 0.301749 -1.749687
v -0.227393 -0.286400 -1.732058
v 0.257633 0.384465 -1.716922
v 0.241056 0.321215 -1.754827
v 0.243940 0.302345 -1.753342
v 0.243699 0.686950 -1.612903
v 0.238145 -0.320707 -1.756374
v 0.244618 -0.291915 -1.763294
v -0.294276 -0.111713 -1.752441
v -0.275285 0.319216 -1.760797
v -0.143717 -0.338794 -2.007801
v -0.274353 -0.321233 -1.759719
v -0.283423 -0.295241 -1.777562
v -0.297668 -0.361501 -1.965319
v -0.288597 -0.326975 -1.980844
v -0.283789 0.805878 -1.818937
v 0.253357 -0.106260 -1.749941
v -0.300722 -0.490966 -1.925662
v -0.300355 -0.462554 -1.827699
v -0.183277 -0.372156 -2.002908
v -0.153490 0.356745 -2.007738
v -0.285410 -0.804186 -1.815813
v 0.239021 -0.685281 -1.612729
v 0.234502 -0.806338 -1.819978
v -0.276835 0.690784 -1.618708
v 0.251708 1.463943 -1.204947
v 0.259657 1.859205 -0.224290
v -0.284536 1.059181 -1.409678
v -0.288791 1.882858 -0.686561
v 0.228392 1.977211 -0.211600
v 0.160183 1.916210 -0.699269
v 0.161248 1.547223 -1.317895
v 0.249256 1.880480 -0.668249
v 0.222959 1.555688 -1.285615
v 0.235267 1.519263 -1.293639
v 0.242610 1.873668 -0.693390
v -0.149736 1.715966 -1.061323
v 0.258898 1.677715 -1.035107
v 0.165962 1.716062 -1.056654
v 0.254466 1.600715 -0.983450
v 0.256772 1.803422 -0.563405
v -0.259149 1.665980 -0.519277
v -0.276697 1.671149 -0.615778
v -0.227393 1.356807 -1.114058
v 0.257634 1.679131 -0.525506
v 0.241057 1.680332 -0.599233
v 0.242829 1.667287 -0.613528
v 0.243699 1.740291 -0.211536
v 0.238145 1.360711 -1.155927
v 0.244618 1.381101 -1.134452
v -0.293870 1.460258 -0.971436
v -0.275285 1.684503 -0.603950
v -0.143717 1.569410 -1.297305
v -0.274353 1.363345 -1.158056
v -0.283423 1.391793 -1.144467
v -0.297668 1.521266 -1.295729
v -0.288597 1.551973 -1.273590
v 0.253505 1.463879 -0.969046
v -0.300722 1.422189 -1.388021
v -0.300355 1.351556 -1.314433
v -0.183276 1.548493 -1.323750
v -0.153496 1.917124 -0.694919
v -0.285409 1.170447 -1.604351
v 0.239027 1.052660 -1.400723
v -0.290432 1.976815 -0.211427
v -0.275105 1.746705 -0.212874
v 0.251707 1.775486 0.665339
v 0.259657 1.123842 1.497973
v -0.287873 1.536182 1.287473
v 0.228392 1.171857 1.606515
v 0.160178 1.563692 1.309854
v 0.161248 1.914942 0.680986
v 0.249256 1.518959 1.294417
v 0.222959 1.891220 0.704457
v 0.235267 1.879956 0.668900
v 0.242609 1.537327 1.275949
v -0.149736 1.777116 0.955409
v 0.258897 1.735287 0.935390
v 0.165962 1.773120 0.957826
v 0.254466 1.652050 0.894535
v 0.256772 1.389635 1.280107
v -0.259147 1.282698 1.183143
v -0.275163 1.364399 1.136165
v -0.227393 1.643206 0.618000
v 0.257633 1.294666 1.191417
v 0.241056 1.359118 1.155594
v 0.243940 1.367266 1.138510
v 0.243699 1.053340 1.401367
v 0.238145 1.681418 0.600446
v 0.244618 1.673015 0.628842
v -0.294276 1.573514 0.779475
v -0.275285 1.365288 1.156848
v -0.143718 1.908204 0.710497
v -0.282975 1.750238 0.213081
v -0.274353 1.684578 0.601664
v -0.283423 1.687034 0.633095
v -0.297668 1.882766 0.669590
v -0.288597 1.878948 0.707253
v -0.283788 1.172307 1.607380
v 0.253357 1.568623 0.782946
v -0.299605 1.913448 0.536948
v -0.300355 1.814110 0.513266
v -0.183281 1.920646 0.679156
v -0.153490 1.560380 1.312819
v -0.291204 1.973269 0.211404
v 0.239027 1.739392 0.211268
v -0.276779 1.057780 1.406544
v -0.358878 -1.193882 -1.680979
v 0.301846 -1.029724 -1.369453
v 0.316733 -1.199851 -1.687342
v -0.367420 -0.976689 -1.358400
v 0.400931 -1.152176 -1.678663
v 0.390170 -0.982527 -1.376141
v -0.344929 -1.029724 -1.369453
v -0.361422 -0.863660 -1.877299
v 0.315625 -0.855539 -1.877489
v 0.301846 -0.671119 -1.576494
v 0.378452 -0.695502 -1.531979
v 0.400931 -0.877678 -1.837145
v -0.356382 -0.664822 -1.558095
v -0.356151 0.667756 -1.545387
v -0.363190 0.858714 -1.872251
v 0.313889 0.862076 -1.883221
v 0.314010 0.666214 -1.552292
v 0.400931 0.877677 -1.837145
v 0.400931 0.713172 -1.552214
v -0.356873 1.195796 -1.687382
v 0.313593 1.198264 -1.680231
v 0.301846 1.029724 -1.369453
v 0.377624 0.976595 -1.368780
v 0.400931 1.152175 -1.678663
v -0.361093 1.017369 -1.357161
v 0.234502 1.172978 -1.608298
v -0.362681 2.049780 -0.194889
v 0.316733 2.061207 -0.195429
v 0.312428 1.677033 -0.199047
v 0.400931 2.029853 -0.158482
v 0.400931 1.700843 -0.158482
v -0.353796 1.674632 -0.202553
v -0.356151 2.058474 0.194399
v 0.315625 2.053722 0.197826
v 0.301846 1.700843 0.207041
v 0.378452 1.674484 0.163667
v 0.400931 2.029853 0.158482
v -0.360987 1.684226 0.202993
v 0.234502 1.979315 0.211679
v -0.356874 1.195795 1.687380
v 0.301846 1.029724 1.369453
v 0.322490 1.197780 1.682316
v -0.367420 0.976689 1.358400
v 0.400931 1.152176 1.678663
v 0.390170 0.982527 1.376141
v -0.344929 1.029724 1.369453
v -0.363190 0.858715 1.872250
v 0.310884 0.859612 1.882305
v 0.301846 0.671119 1.576494
v 0.378452 0.695502 1.531979
v 0.400931 0.877678 1.837145
v -0.356438 0.664971 1.557911
v -0.356151 -0.667756 1.545387
v 0.313889 -0.862075 1.883221
v 0.314009 -0.666214 1.552292
v 0.400931 -0.877677 1.837145
v 0.400931 -0.713172 1.552214
v -0.361526 -0.850196 1.873414
v -0.356874 -1.195795 1.687382
v 0.313593 -1.198264 1.680231
v 0.301846 -1.029724 1.369453
v 0.377623 -0.976595 1.368780
v 0.400931 -1.152175 1.678663
v -0.361037 -1.017655 1.357121
v 0.024184 -1.645626 0.151529
v -0.068228 -1.645626 0.168241
v 0.020371 -1.682471 0.143172
v -0.064415 -1.682471 0.176597
v -0.066321 0.695203 1.498829
v 0.022277 0.673494 1.511363
v 0.022278 0.713626 1.530738
v -0.066321 0.691916 1.543272
v -0.066321 -0.673494 -1.511363
v 0.024469 -0.697228 -1.513615
v -0.066321 -0.702771 -1.537005
v 0.024469 0.962215 -1.360625
v -0.066321 0.972132 -1.338945
v -0.066321 0.979699 -1.377120
v 1.706637 0.224683 -0.028215
v 1.662709 0.445522 -0.028215
v 1.590332 0.658737 -0.028215
v 1.490744 0.860682 -0.028215
v 1.365649 1.047899 -0.028215
v 1.217188 1.217188 -0.028215
v 1.047899 1.365649 -0.028215
v 0.860682 1.490744 -0.028215
v 0.658737 1.590332 -0.028215
v 0.445522 1.662709 -0.028215
v 0.224683 1.706637 -0.028215
v 0.000000 1.721363 -0.028215
v -0.224683 1.706637 -0.028215
v -0.445522 1.662709 -0.028215
v -0.658737 1.590332 -0.028215
v -0.860681 1.490744 -0.028215
v -1.047899 1.365649 -0.028215
v -1.217188 1.217188 -0.028215
v -1.365649 1.047900 -0.028215
v -1.490744 0.860682 -0.028215
v -1.590332 0.658737 -0.028215
v -1.662709 0.445522 -0.028215
v -1.706636 0.224683 -0.028215
v -1.721362 0.000000 -0.028215
v -1.706637 -0.224683 -0.028215
v -1.662709 -0.445521 -0.028215
v -1.590332 -0.658736 -0.028215
v -1.490744 -0.860681 -0.028215
v -1.365649 -1.047899 -0.028215
v -1.217188 -1.217187 -0.028215
v -1.047899 -1.365648 -0.028215
v -0.860681 -1.490743 -0.028215
v -0.658737 -1.590331 -0.028215
v -0.445522 -1.662708 -0.028215
v -0.224683 -1.706635 -0.028215
v -0.000000 -1.721361 -0.028215
v 0.224682 -1.706635 -0.028215
v 0.445521 -1.662708 -0.028215
v 0.658736 -1.590330 -0.028215
v 0.860681 -1.490743 -0.028215
v 1.047898 -1.365648 -0.028215
v 1.217186 -1.217186 -0.028215
v 1.365648 -1.047899 -0.028215
v 1.490743 -0.860681 -0.028215
v 1.590330 -0.658736 -0.028215
v 1.662707 -0.445521 -0.028215
v 1.706634 -0.224683 -0.028215
v 1.721361 0.000000 -0.028215
v 2.282140 0.300449 -0.028215
v 2.223401 0.595758 -0.028215
v 2.126617 0.880873 -0.028215
v 1.993447 1.150916 -0.028215
v 1.826168 1.401267 -0.028215
v 1.627642 1.627642 -0.028215
v 1.401268 1.826167 -0.028215
v 1.150917 1.993446 -0.028215
v 0.880873 2.126616 -0.028215
v 0.595759 2.223400 -0.028215
v 0.300450 2.282140 -0.028215
v 0.000000 2.301833 -0.028215
v -0.300449 2.282140 -0.028215
v -0.595758 2.223400 -0.028215
v -0.880873 2.126616 -0.028215
v -1.150916 1.993446 -0.028215
v -1.401266 1.826167 -0.028215
v -1.627641 1.627642 -0.028215
v -1.826166 1.401267 -0.028215
v -1.993445 1.150917 -0.028215
v -2.126615 0.880873 -0.028215
v -2.223399 0.595758 -0.028215
v -2.282139 0.300450 -0.028215
v -2.301833 0.000000 -0.028215
v -2.282140 -0.300449 -0.028215
v -2.223399 -0.595758 -0.028215
v -2.126615 -0.880873 -0.028215
v -1.993445 -1.150916 -0.028215
v -1.826166 -1.401266 -0.028215
v -1.627641 -1.627641 -0.028215
v -1.401266 -1.826165 -0.028215
v -1.150916 -1.993445 -0.028215
v -0.880873 -2.126615 -0.028215
v -0.595758 -2.223398 -0.028215
v -0.300449 -2.282139 -0.028215
v -0.000000 -2.301831 -0.028215
v 0.300449 -2.282139 -0.028215
v 0.595758 -2.223398 -0.028215
v 0.880872 -2.126615 -0.028215
v 1.150915 -1.993444 -0.028215
v 1.401266 -1.826165 -0.028215
v 1.627640 -1.627640 -0.028215
v 1.826165 -1.401266 -0.028215
v 1.993444 -1.150915 -0.028215
v 2.126615 -0.880872 -0.028215
v 2.223397 -0.595758 -0.028215
v 2.282138 -0.300449 -0.028215
v 2.301831 -0.000000 -0.028215
v 0.164237 0.038962 1.021335
v 0.009914 0.183089 1.018083
v 0.305536 0.221986 0.962828
v 0.144536 0.444838 0.923089
v 0.545005 0.199526 0.857848
v 0.358176 0.456674 0.857848
v 0.750960 0.300684 0.651657
v 0.540511 0.454265 0.758147
v 0.138607 0.801043 0.645988
v 0.895064 0.151734 0.499964
v 0.338240 0.648466 0.737181
v -0.161823 0.065408 1.020048
v -0.116704 0.359179 0.962828
v -0.378401 0.274926 0.923090
v -0.021346 0.579987 0.857848
v -0.323639 0.481766 0.857848
v -0.223909 0.689120 0.741764
v -0.719007 0.379358 0.645987
v -0.512206 0.522073 0.737181
v -0.112212 -0.133692 1.020048
v -0.377663 -0.000000 0.962828
v -0.378402 -0.274924 0.923090
v -0.558197 0.158926 0.857848
v -0.558196 -0.158926 0.857848
v -0.724584 -0.000001 0.741763
v -0.654802 -0.325807 0.737181
v -0.697060 -0.449345 0.617962
v -0.116706 -0.359178 0.962828
v 0.144537 -0.444837 0.923090
v -0.323640 -0.481766 0.857848
v -0.021345 -0.579988 0.857848
v -0.430801 -0.684661 0.651658
v -0.170272 -0.685212 0.758147
v 0.358708 -0.729528 0.645988
v -0.634935 -0.648861 0.499964
v 0.107516 -0.723432 0.737182
v 0.099596 -0.153950 1.018083
v 0.305536 -0.221985 0.962828
v 0.467730 -0.000000 0.923089
v 0.358176 -0.456673 0.857848
v 0.545004 -0.199526 0.857848
v 0.721250 -0.121299 0.737181
v 0.586200 -0.425899 0.741764
v 0.828051 -0.046194 0.617963
v 0.967764 0.359755 -0.071778
v 1.036399 -0.045243 0.030666
v 1.016916 0.158924 -0.115625
v 0.933600 -0.198144 -0.410048
v 0.993076 0.049805 -0.290885
v 0.841454 0.520684 -0.301312
v 0.843271 -0.494169 -0.344735
v 0.937637 0.275756 -0.333500
v 0.043093 1.031569 0.071775
v 0.363292 0.971693 0.030665
v 0.639885 0.734085 -0.361241
v 0.261378 0.997689 -0.112284
v 0.031965 1.020749 -0.184068
v 0.297363 0.915188 -0.379251
v -0.080927 0.971902 -0.356009
v -0.843630 0.495421 0.341510
v -0.967764 0.359755 0.071778
v -0.833348 0.605464 0.092799
v -0.729289 0.726301 -0.115625
v -0.596479 0.774221 -0.333499
v -0.868088 0.556888 -0.112285
v -0.960913 0.345829 -0.184067
v -0.778506 0.565618 -0.379249
v -0.949341 0.223367 -0.356010
v -0.641204 -0.809228 0.071777
v -0.811872 -0.645781 0.030665
v -0.625841 -0.807015 -0.184067
v -0.372577 -0.913933 -0.311188
v -0.832689 -0.543423 -0.290885
v -0.638831 -0.709058 -0.410048
v 0.318312 -0.979660 0.092799
v 0.641203 -0.809228 -0.071777
v 0.163097 -1.016255 -0.115624
v 0.465392 -0.918033 -0.115625
v -0.074109 -0.974361 -0.349238
v 0.305155 -0.939165 -0.316360
v 0.632670 -0.744714 -0.349239
v 0.574122 0.844592 -0.184067
v 0.571479 0.859886 0.071777
v 0.833348 0.605464 -0.092798
v 0.729288 0.726301 0.115625
v 0.916116 0.469154 0.115625
v 0.596480 0.774221 0.333500
v 0.798902 0.580437 0.316360
v 0.391310 0.896677 0.341509
v 0.411235 0.780818 0.539896
v 0.660347 0.583108 0.542000
v 0.967461 0.260674 0.274727
v -0.391754 0.895454 -0.344735
v -0.571479 0.859885 -0.071777
v -0.318311 0.979660 -0.092797
v -0.574122 0.844592 0.184066
v -0.374966 0.960782 0.112284
v -0.163096 1.016256 0.115624
v -0.632722 0.745540 0.347014
v -0.615523 0.632394 0.539896
v -0.350511 0.808217 0.542001
v -0.297363 0.915189 0.379250
v -0.027512 0.889183 0.527903
v 0.073666 0.975059 0.347014
v -0.972686 -0.095871 -0.344735
v -0.953345 -0.337913 -0.237198
v -0.943587 -0.434451 0.010079
v -1.030076 -0.000000 -0.092797
v -1.016916 -0.158925 0.115625
v -1.016916 0.158925 0.115625
v -0.836055 -0.510918 0.334957
v -0.900156 -0.312695 0.408340
v -0.987497 -0.000000 0.316360
v -0.876974 -0.083602 0.542000
v -0.906587 0.261622 0.435437
v -0.043096 -1.031569 -0.071775
v -0.318312 -0.979660 -0.092798
v -0.261377 -0.997689 0.112284
v -0.465392 -0.918034 0.115624
v -0.026775 -1.011106 0.237199
v 0.210477 -0.955434 0.341509
v 0.126257 -0.873413 0.539896
v -0.191489 -0.859886 0.542001
v -0.297363 -0.915188 0.379251
v -0.624312 -0.760763 0.328469
v 0.980668 -0.285029 -0.184067
v 0.994397 -0.277789 0.071777
v 0.833349 -0.605463 -0.092799
v 0.916117 -0.469154 0.115625
v 0.976693 -0.078079 0.334957
v 0.912039 -0.276122 0.408340
v 0.797886 -0.653513 0.112284
v 0.625842 -0.807015 0.184066
v 0.758627 -0.447836 0.542001
v 0.778506 -0.565617 0.379249
v 0.544906 -0.703193 0.527903
v 0.513529 -0.832138 0.347015
v -0.013696 0.168239 -1.021335
v 0.171065 0.066006 -1.018083
v 0.116706 0.359178 -0.962828
v 0.378402 0.274923 -0.923090
v 0.021345 0.579988 -0.857848
v 0.323640 0.481765 -0.857848
v -0.200825 0.820486 -0.595781
v 0.223909 0.689120 -0.741764
v 0.027512 0.889183 -0.527903
v 0.350510 0.808217 -0.542000
v 0.558207 0.619467 -0.617977
v -0.177192 0.047149 -1.018083
v -0.305536 0.221984 -0.962828
v -0.144535 0.444838 -0.923090
v -0.545004 0.199526 -0.857849
v -0.358176 0.456673 -0.857848
v -0.107516 0.723432 -0.737182
v -0.842388 0.062548 -0.595781
v -0.586200 0.425900 -0.741763
v -0.837161 0.300938 -0.527903
v -0.660347 0.583108 -0.541999
v -0.405543 0.724558 -0.623518
v -0.092474 -0.148032 -1.020048
v -0.305536 -0.221985 -0.962828
v -0.467730 -0.000001 -0.923089
v -0.358176 -0.456672 -0.857849
v -0.545005 -0.199526 -0.857848
v -0.721250 0.121299 -0.737181
v -0.586200 -0.425900 -0.741763
v -0.387204 -0.820110 -0.505485
v -0.758627 -0.447838 -0.542000
v -0.814415 -0.161792 -0.623518
v 0.112212 -0.133691 -1.020048
v 0.116703 -0.359179 -0.962828
v -0.144537 -0.444838 -0.923089
v 0.323638 -0.481765 -0.857849
v 0.021345 -0.579987 -0.857848
v 0.650284 -0.545065 -0.591113
v 0.223909 -0.689120 -0.741763
v -0.324949 -0.679299 -0.715956
v 0.500391 -0.735535 -0.527902
v 0.191489 -0.859886 -0.542000
v -0.060130 -0.826842 -0.622508
v 0.377663 -0.000000 -0.962828
v 0.378401 -0.274925 -0.923090
v 0.558197 0.158925 -0.857848
v 0.558196 -0.158926 -0.857848
v 0.512206 -0.522073 -0.737181
v 0.662171 0.358564 -0.715956
v 0.724583 -0.000000 -0.741764
v 0.813309 0.403351 -0.499964
v 0.876975 0.083602 -0.541998
v 0.753975 -0.347808 -0.623518
vn -0.2041 -0.0804 0.9756
vn -0.3556 -0.1835 0.9164
vn -0.2935 -0.3196 0.9009
vn -0.1798 -0.3751 0.9094
vn -0.0738 -0.4907 0.8682
vn 0.1170 -0.3945 0.9114
vn 0.2357 -0.4898 0.8394
vn 0.2298 -0.3505 0.9079
vn 0.4524 -0.3052 0.8380
vn 0.4190 -0.1431 0.8966
vn 0.4166 -0.0309 0.9086
vn 0.4648 0.0914 0.8807
vn 0.3751 0.1931 0.9067
vn 0.3822 0.3269 0.8644
vn 0.2516 0.2982 0.9208
vn 0.0316 0.3844 0.9226
vn -0.1861 0.4711 0.8622
vn -0.1800 0.3802 0.9072
vn -0.2638 0.3929 0.8809
vn -0.3307 0.1566 0.9307
vn -0.4089 0.0760 0.9094
vn 0.9748 0.2205 -0.0331
vn 0.9372 0.3455 0.0483
vn 0.8296 0.5575 0.0305
vn 0.7333 0.6777 -0.0558
vn 0.5494 0.8324 -0.0723
vn 0.3085 0.9511 -0.0165
vn 0.1613 0.9859 0.0452
vn -0.0915 0.9951 -0.0387
vn -0.2286 0.9728 0.0382
vn -0.5831 0.8114 0.0390
vn -0.6774 0.7332 -0.0595
vn -0.7435 0.6668 0.0505
vn -0.8497 0.5271 0.0148
vn -0.9436 0.3303 -0.0226
vn -0.9840 0.1692 0.0558
vn -0.9971 -0.0732 0.0187
vn -0.9430 -0.3283 0.0549
vn -0.8248 -0.5596 0.0808
vn -0.6389 -0.7683 -0.0387
vn -0.5410 -0.8405 0.0286
vn -0.4117 -0.9112 0.0148
vn -0.2060 -0.9785 0.0094
vn -0.0317 -0.9994 0.0147
vn 0.2027 -0.9791 0.0187
vn 0.4321 -0.9013 -0.0297
vn 0.5828 -0.8115 0.0439
vn 0.7540 -0.6519 0.0808
vn 0.9077 -0.4183 -0.0330
vn 0.9539 -0.2963 0.0484
vn 0.9948 -0.0595 0.0824
vn -0.4758 -0.0829 -0.8756
vn -0.4944 -0.2498 -0.8326
vn -0.4115 -0.3775 -0.8296
vn -0.2712 -0.4685 -0.8408
vn -0.1209 -0.3677 -0.9220
vn -0.0335 -0.4441 -0.8954
vn 0.0792 -0.4370 -0.8960
vn 0.2495 -0.5123 -0.8217
vn 0.3802 -0.4179 -0.8251
vn 0.4571 -0.2501 -0.8535
vn 0.4289 -0.0925 -0.8986
vn 0.5501 0.0307 -0.8346
vn 0.5336 0.1912 -0.8238
vn 0.4701 0.4075 -0.7829
vn 0.2413 0.4594 -0.8548
vn 0.0708 0.3989 -0.9143
vn -0.0099 0.5534 -0.8328
vn -0.1778 0.4854 -0.8561
vn -0.2450 0.4132 -0.8771
vn -0.3321 0.3321 -0.8828
vn -0.4657 0.2474 -0.8497
vn -0.4902 0.0962 -0.8663
vn -0.9863 -0.1620 -0.0324
vn -0.9361 -0.3447 -0.0699
vn -0.8308 -0.5498 -0.0869
vn -0.6541 -0.7528 -0.0740
vn -0.4453 -0.8894 -0.1035
vn -0.2002 -0.9758 -0.0882
vn 0.0697 -0.9948 -0.0741
vn 0.2896 -0.9555 -0.0569
vn 0.4657 -0.8846 -0.0239
vn 0.6552 -0.7551 -0.0207
vn 0.8347 -0.5503 -0.0206
vn 0.9445 -0.3277 -0.0241
vn 0.9950 -0.0984 -0.0196
vn 0.9934 0.0908 -0.0701
vn 0.9508 0.3023 0.0678
vn 0.8823 0.4638 -0.0797
vn 0.7418 0.6572 -0.1333
vn 0.5558 0.8244 -0.1070
vn 0.3144 0.9415 -0.1211
vn 0.0589 0.9912 -0.1187
vn -0.2010 0.9793 -0.0214
vn -0.4239 0.9032 0.0678
vn -0.5748 0.8145 -0.0794
vn -0.7421 0.6568 -0.1340
vn -0.8934 0.4362 -0.1073
vn -0.9722 0.2272 -0.0573
vn -0.9967 0.0327 -0.0740
vn -0.9695 -0.2188 0.1105
vn -0.9767 -0.1628 -0.1395
vn -0.8744 -0.4457 -0.1916
vn -0.8353 -0.5446 0.0757
vn -0.8335 -0.5492 0.0609
vn -0.6214 -0.7628 0.1788
vn -0.6747 -0.7226 -0.1506
vn -0.4294 -0.9006 -0.0675
vn -0.3257 -0.9350 0.1404
vn -0.0531 -0.9860 0.1580
vn -0.0757 -0.9668 -0.2440
vn 0.2281 -0.9624 0.1475
vn 0.2853 -0.9477 -0.1428
vn 0.4344 -0.8979 -0.0710
vn 0.5378 -0.8190 0.2002
vn 0.5410 -0.8251 -0.1628
vn 0.6634 -0.7471 -0.0408
vn 0.6538 -0.7550 0.0503
vn 0.7499 -0.6424 0.1580
vn 0.8346 -0.5490 0.0441
vn 0.8886 -0.4271 0.1672
vn 0.9295 -0.3460 -0.1279
vn 0.9949 -0.0739 -0.0680
vn 0.9740 0.1794 0.1382
vn 0.8646 0.4622 0.1971
vn 0.8816 0.4509 -0.1393
vn 0.6650 0.7430 0.0755
vn 0.5603 0.8276 0.0346
vn 0.4302 0.8984 0.0884
vn 0.3455 0.9280 -0.1395
vn 0.1572 0.9746 0.1596
vn 0.0743 0.9935 -0.0858
vn -0.1856 0.9786 0.0891
vn -0.1850 0.9791 -0.0845
vn -0.4636 0.8748 0.1411
vn -0.4324 0.8976 -0.0858
vn -0.6559 0.7296 -0.1936
vn -0.8887 0.4287 0.1629
vn -0.8726 0.4647 -0.1503
vn -0.9774 0.1604 0.1379
vn -0.9810 0.1817 -0.0675
vn -0.9987 0.0290 0.0415
vn 0.5661 0.0929 -0.8191
vn 0.6541 0.4767 0.5873
vn 0.8258 0.5397 -0.1635
vn 0.6624 0.7422 -0.1014
vn 0.3454 0.6066 -0.7160
vn 0.1056 0.6761 0.7292
vn -0.0744 0.9903 0.1178
vn -0.3284 0.9318 0.1546
vn -0.2583 0.5545 -0.7911
vn -0.5607 0.8214 0.1045
vn -0.4470 0.5039 0.7391
vn -0.7427 0.6607 -0.1085
vn -0.8945 0.4341 0.1072
vn -0.5843 0.3147 -0.7480
vn -0.6101 0.1978 0.7673
vn -0.7937 0.0316 0.6075
vn -0.6081 -0.0268 -0.7934
vn -0.5834 -0.2092 -0.7848
vn -0.2555 -0.4943 -0.8309
vn 0.0188 -0.6951 -0.7187
vn 0.2558 -0.6685 0.6983
vn 0.4211 -0.6845 -0.5951
vn 0.4361 -0.3762 0.8175
vn 0.5461 -0.2935 -0.7846
vn 0.9334 -0.3274 -0.1470
vn 0.5841 -0.1087 -0.8044
vn 0.9353 0.3445 0.0813
vn 0.9323 0.3141 -0.1792
vn 0.8805 0.4352 0.1879
vn 0.8330 0.5481 0.0757
vn 0.8282 0.5413 -0.1453
vn 0.6346 0.7505 0.1845
vn 0.6528 0.7314 -0.1972
vn 0.4249 0.8863 0.1842
vn 0.3085 0.9482 -0.0762
vn 0.2060 0.9755 0.0767
vn 0.0746 0.9875 -0.1388
vn -0.0742 0.9858 0.1509
vn -0.1729 0.9622 -0.2103
vn -0.3266 0.9267 0.1860
vn -0.3209 0.9452 -0.0608
vn -0.5620 0.8234 0.0789
vn -0.5508 0.8320 -0.0659
vn -0.7494 0.6498 0.1268
vn -0.7334 0.6529 -0.1893
vn -0.8830 0.4281 0.1925
vn -0.9816 0.1685 0.0901
vn -0.9546 0.2059 -0.2151
vn -0.9961 0.0654 -0.0585
vn -0.9536 -0.2081 0.2177
vn -0.9636 -0.1880 -0.1899
vn -0.8703 -0.4373 0.2266
vn -0.8961 -0.4253 -0.1272
vn -0.8150 -0.5541 -0.1694
vn -0.6199 -0.7675 0.1630
vn -0.6622 -0.7356 -0.1428
vn -0.5461 -0.8196 -0.1733
vn -0.4276 -0.8933 0.1387
vn -0.3455 -0.9251 -0.1576
vn -0.1823 -0.9666 0.1804
vn -0.2199 -0.9712 -0.0917
vn 0.0735 -0.9704 0.2301
vn 0.0721 -0.9765 -0.2031
vn 0.3088 -0.9285 0.2061
vn 0.2961 -0.9298 -0.2185
vn 0.4359 -0.8984 0.0538
vn 0.5636 -0.8188 0.1088
vn 0.6725 -0.7225 0.1604
vn 0.6476 -0.7561 -0.0941
vn 0.8259 -0.5592 -0.0727
vn 0.8915 -0.4152 0.1810
vn 0.9529 -0.2960 0.0653
vn 0.9275 -0.3255 -0.1839
vn 0.9572 -0.1820 0.2248
vn 0.9971 -0.0595 0.0468
vn 0.9811 -0.0884 -0.1721
vn 0.9956 0.0392 -0.0845
vn 0.4651 0.7279 0.5039
vn -0.5104 -0.8599 0.0075
vn 0.8377 -0.1782 0.5162
vn -0.6768 0.4605 -0.5744
vn -0.9074 -0.4116 0.0856
vn -0.2199 0.0603 0.9737
vn 0.0116 -0.0282 0.9995
vn -0.0441 0.9428 0.3306
vn -0.1806 0.0003 -0.9835
vn 0.9227 -0.2707 -0.2743
vn 0.1245 -0.9720 0.1993
vn 0.9499 0.3119 -0.0190
vn -0.9864 -0.0025 0.1642
vn 0.7842 -0.6143 -0.0872
vn -0.0756 0.8698 -0.4875
vn -0.0912 0.7835 0.6146
vn -0.2440 0.8304 0.5010
vn -0.9534 -0.2791 0.1146
vn -0.6861 0.7184 0.1146
vn 0.2350 0.9652 0.1147
vn 0.9652 0.2350 0.1147
vn 0.7184 -0.6861 0.1147
vn -0.2791 -0.9534 0.1147
vn 0.9949 0.0051 -0.1010
vn -0.0390 -0.1349 0.9901
vn 0.8659 -0.4999 -0.0197
vn -0.8977 -0.1266 0.4219
vn -0.9864 -0.1434 0.0800
vn 0.4516 0.8922 -0.0040
vn -0.3747 -0.9251 0.0609
vn -0.9245 -0.3745 0.0710
vn -0.9165 0.3379 0.2143
vn -0.2350 0.9652 0.1146
vn 0.6862 0.7184 0.1147
vn 0.9598 -0.2804 -0.0137
vn 0.3732 -0.9206 0.1149
vn 0.0669 -0.8639 -0.4993
vn 0.0552 0.0430 0.9975
vn 0.2370 -0.9715 0.0108
vn -0.6899 -0.7214 0.0600
vn -0.9826 0.1427 0.1186
vn -0.6148 0.7880 0.0344
vn 0.2326 0.9536 0.1909
vn 0.9223 0.3677 0.1186
vn 0.9350 -0.3447 0.0836
vn -0.9998 -0.0196 0.0101
vn -0.1062 0.0106 0.9943
vn -0.0071 -0.0046 1.0000
vn 0.9657 0.2372 0.1058
vn 0.6865 -0.7180 0.1146
vn -0.2356 -0.9651 0.1146
vn -0.9551 -0.2769 0.1057
vn -0.7173 0.6887 0.1057
vn 0.2372 0.9657 0.1058
vn 0.1524 0.2477 0.9568
vn 0.5585 -0.7142 0.4219
vn 0.0017 0.0127 0.9999
vn 0.2788 0.9603 0.0114
vn 0.9656 0.2378 0.1057
vn 0.7537 -0.6211 0.2149
vn 0.1379 -0.9879 0.0710
vn -0.6123 -0.7854 0.0906
vn -0.9887 -0.1381 0.0591
vn -0.7228 0.6909 0.0107
vn 0.2438 0.2802 -0.9285
vn 0.1601 0.1230 0.9794
vn 1.0000 -0.0000 -0.0000
vn -0.9363 -0.3507 -0.0171
vn -0.7719 0.6355 -0.0171
vn 0.1644 0.9862 -0.0171
vn 0.9363 0.3507 -0.0171
vn 0.7719 -0.6355 -0.0171
vn -0.1644 -0.9862 -0.0171
vn 0.5104 0.8599 0.0075
vn 0.9999 -0.0121 0.0075
vn 0.4895 -0.8720 0.0075
vn -0.9999 0.0121 0.0075
vn -0.4895 0.8720 0.0075
vn -0.3695 0.9272 0.0610
vn 0.3740 0.9230 0.0906
vn 0.9596 0.2805 0.0214
vn 0.6861 -0.7184 0.1147
vn -0.1370 -0.9832 0.1203
vn -0.7688 -0.6341 0.0823
vn -0.9710 0.2391 0.0094
vn 0.0370 0.1196 0.9921
vn 0.1171 0.0829 0.9897
vn -0.0813 0.7305 0.6781
vn 0.9698 0.1260 0.2090
vn -0.9918 0.1184 -0.0472
vn 0.8258 -0.1119 -0.5527
vn -0.0099 0.0026 0.9999
vn 0.9977 0.0106 0.0666
vn 0.9968 0.0086 -0.0789
vn -0.9749 -0.0474 -0.2174
vn 0.0277 0.9992 -0.0302
vn -0.0233 -0.9979 0.0612
vn -0.9985 -0.0550 -0.0040
vn -0.0000 -0.0000 -1.0000
vn -0.6545 -0.7301 0.1966
vn -0.6931 0.6960 0.1880
vn 0.9882 -0.0607 -0.1410
vn 0.2069 -0.0268 0.9780
vn 0.9305 0.3657 0.0187
vn -0.9907 0.0322 0.1320
vn -0.0148 -0.9186 0.3948
vn 0.9631 -0.0299 0.2673
vn 0.0474 0.9890 0.1399
vn -0.4112 -0.8789 -0.2416
vn -0.5218 -0.8326 -0.1856
vn -0.7661 -0.6111 -0.1990
vn -0.5105 -0.7789 0.3642
vn -0.6885 -0.6262 0.3657
vn -0.1704 -0.1024 0.9800
vn 0.3617 -0.0763 -0.9292
vn -0.4452 -0.8954 0.0027
vn 0.1648 0.9863 0.0024
vn 0.1519 -0.8493 0.5056
vn -0.1197 0.0025 -0.9928
vn 0.9998 0.0050 0.0189
vn 0.2404 0.8923 -0.3821
vn 0.1260 0.8787 -0.4604
vn -0.2874 -0.7341 -0.6152
vn 0.5828 0.6995 -0.4135
vn 0.7573 -0.6528 -0.0187
vn 0.2660 0.7462 -0.6103
vn 0.6039 0.7132 -0.3558
vn 0.2046 0.9786 0.0194
vn -0.0220 0.9994 0.0255
vn 0.5953 0.8035 -0.0057
vn -0.7556 0.6550 0.0011
vn 0.6841 0.7289 0.0262
vn 0.0132 0.1316 0.9912
vn -0.7577 0.6499 0.0595
vn -0.0075 0.0916 0.9958
vn 0.9341 0.0647 -0.3511
vn 0.0485 -0.0311 -0.9983
vn 0.9882 0.1524 0.0179
vn -0.0086 -0.8599 0.5103
vn -0.0192 0.0292 -0.9994
vn -0.0070 0.0088 0.9999
vn -0.7089 -0.6636 -0.2389
vn 0.0485 0.0311 0.9983
vn -0.1486 -0.9887 0.0187
vn -0.2440 0.0187 -0.9696
vn 0.7739 0.6331 0.0139
vn 0.7371 0.5771 -0.3515
vn -0.7422 -0.6702 -0.0013
vn 0.4501 0.8247 -0.3425
vn 0.4374 0.7696 0.4651
vn -0.6724 -0.6628 0.3295
vn -0.9082 0.0080 0.4184
vn -0.7121 -0.7020 -0.0000
vn -0.5259 -0.0000 -0.8506
vn -0.6903 0.7233 -0.0178
vn -0.0184 0.0203 -0.9996
vn -0.0704 0.9973 0.0192
vn -0.0224 -0.9993 -0.0292
vn -0.0000 0.8955 0.4451
vn 0.9882 -0.0917 0.1230
vn -0.9905 -0.1375 -0.0000
vn 0.6724 0.6628 0.3295
vn 0.8979 -0.0063 0.4401
vn 0.4319 -0.0000 -0.9019
vn 0.6271 0.7789 -0.0000
vn 0.9777 -0.2102 0.0021
vn -0.9668 -0.0835 -0.2416
vn -0.9079 -0.0226 0.4186
vn -0.9820 0.0356 -0.1856
vn -0.9123 0.3579 -0.1990
vn -0.9298 0.0527 0.3642
vn -0.8866 0.2832 0.3657
vn -0.2221 0.0253 0.9747
vn -0.0166 0.4810 -0.8765
vn -0.1739 0.0964 0.9800
vn 0.8892 0.2426 -0.3880
vn 0.8229 0.3331 -0.4603
vn -0.7871 -0.1303 -0.6030
vn 0.8972 -0.1550 -0.4135
vn 0.7792 0.1427 -0.6103
vn 0.9196 -0.1664 -0.3558
vn 0.9494 0.3133 0.0202
vn 0.8545 0.5188 0.0255
vn 0.9935 -0.1138 -0.0057
vn 0.1895 0.9819 0.0011
vn 0.9733 -0.2281 0.0262
vn -0.0168 0.9996 -0.0220
vn 0.1206 0.0544 0.9912
vn 0.1839 0.9811 0.0595
vn 0.0756 0.0523 0.9958
vn 0.5231 -0.7766 -0.3511
vn -0.4895 -0.8663 -0.0993
vn 0.0577 -0.1050 -0.9928
vn -0.9583 0.2858 -0.0013
vn 0.8766 0.4803 -0.0292
vn -0.0182 -0.0221 0.9996
vn 0.0042 0.0105 0.9999
vn -0.9292 0.2821 -0.2389
vn -0.0707 -0.0177 0.9973
vn 0.0079 0.1600 0.9871
vn 0.6925 -0.5675 0.4454
vn 0.0253 0.0265 -0.9993
vn 0.7761 -0.0588 -0.6278
vn 0.9349 -0.3546 0.0148
vn 0.8669 -0.3537 -0.3513
vn -0.9983 -0.0445 -0.0379
vn 0.4173 0.8927 -0.1700
vn 0.6804 0.7328 -0.0029
vn -0.9515 0.3076 -0.0013
vn 0.5528 -0.8333 0.0027
vn -0.4666 -0.3079 0.8292
vn 0.6495 -0.7603 -0.0050
vn 0.5556 -0.7956 -0.2416
vn 0.4601 -0.8682 -0.1856
vn -0.0381 0.0122 -0.9992
vn 0.1462 -0.9690 -0.1990
vn 0.4173 0.5936 0.6881
vn 0.4193 -0.8316 0.3642
vn 0.1981 -0.9094 0.3657
vn 0.0035 -0.1988 0.9800
vn 0.1221 0.0277 0.9921
vn 0.9047 -0.3630 -0.2230
vn -0.6525 0.6541 -0.3826
vn -0.0069 -0.0044 -1.0000
vn -0.6980 0.5485 -0.4604
vn 0.4923 -0.6159 -0.6151
vn 0.1805 0.9508 -0.2517
vn -0.5192 0.5997 -0.6090
vn -0.3157 0.8796 -0.3558
vn -0.7454 0.6663 0.0200
vn -0.8765 0.4806 0.0255
vn 0.8499 0.5270 0.0016
vn -0.4065 0.9137 0.0028
vn -0.9451 -0.3269 0.0011
vn -0.2892 0.9569 0.0262
vn -0.1070 0.0769 0.9913
vn -0.9417 -0.3313 0.0595
vn -0.0832 0.0393 0.9958
vn 0.5032 -0.8302 -0.2398
vn 0.0485 0.8491 -0.5261
vn 0.8249 -0.3026 0.4775
vn -0.0106 -0.0027 0.9999
vn 0.2203 -0.9457 -0.2389
vn 0.9950 -0.0853 -0.0515
vn 0.5122 -0.8588 0.0069
vn -0.0337 0.0049 -0.9994
vn 0.0621 0.1024 -0.9928
vn -0.1613 0.9868 0.0135
vn -0.1312 0.9269 -0.3515
vn 0.9995 -0.0260 -0.0192
vn 0.2093 -0.9778 -0.0013
vn 0.4735 -0.7749 0.4186
vn 0.0077 -0.5101 0.8601
vn 0.9668 0.0835 -0.2416
vn -0.0045 0.8692 -0.4944
vn -0.9305 -0.3657 0.0187
vn 0.9820 -0.0356 -0.1856
vn 0.9123 -0.3580 -0.1989
vn 0.4173 -0.2991 0.8581
vn -0.1147 0.3514 -0.9292
vn 0.9298 -0.0527 0.3642
vn 0.8866 -0.2832 0.3657
vn 0.9079 0.0226 0.4186
vn -0.0621 -0.0929 0.9937
vn -0.0179 0.1524 0.9882
vn 0.1739 -0.0964 0.9800
vn -1.0000 -0.0000 -0.0000
vn -0.8899 -0.2430 -0.3861
vn -0.8228 -0.3333 -0.4603
vn 0.7875 0.1309 -0.6023
vn -0.8972 0.1550 -0.4135
vn 0.0007 -0.0011 1.0000
vn -0.7792 -0.1427 -0.6103
vn -0.9196 0.1664 -0.3558
vn -0.9494 -0.3133 0.0202
vn -0.8545 -0.5188 0.0255
vn -0.9935 0.1138 -0.0057
vn -0.1895 -0.9819 0.0011
vn -0.9733 0.2281 0.0262
vn -0.1206 -0.0544 0.9912
vn -0.1839 -0.9811 0.0595
vn -0.0756 -0.0523 0.9958
vn -0.5231 0.7766 -0.3511
vn 0.0485 -0.8801 -0.4723
vn 0.9706 0.0207 -0.2398
vn 0.4501 -0.8248 0.3423
vn -0.0042 -0.0105 0.9999
vn 0.9292 -0.2821 -0.2389
vn 0.9996 0.0045 -0.0294
vn -0.9349 0.3546 0.0147
vn -0.8669 0.3537 -0.3513
vn -0.0253 -0.0265 -0.9993
vn -0.6810 -0.7322 -0.0033
vn 0.9515 -0.3076 -0.0013
vn 0.9999 0.0142 0.0069
vn -0.6610 0.7504 -0.0047
vn 0.2776 -0.9605 -0.0191
vn 0.4111 0.8790 -0.2416
vn -0.0085 0.0391 -0.9992
vn 0.5218 0.8326 -0.1856
vn 0.7661 0.6111 -0.1990
vn -0.6925 0.5675 0.4454
vn 0.3393 0.8407 0.4219
vn 0.5105 0.7789 0.3642
vn 0.6885 0.6262 0.3657
vn 0.4374 -0.0179 0.8991
vn 0.0850 -0.0919 0.9921
vn 0.1704 0.1024 0.9800
vn -0.0850 0.0919 0.9921
vn -0.2407 -0.8892 -0.3891
vn -0.1279 -0.8784 -0.4604
vn 0.2828 0.7428 -0.6068
vn -0.5828 -0.6995 -0.4135
vn 0.9973 -0.0177 0.0707
vn -0.2660 -0.7462 -0.6103
vn -0.6039 -0.7132 -0.3558
vn -0.2046 -0.9786 0.0194
vn 0.0220 -0.9994 0.0255
vn -0.5953 -0.8035 -0.0057
vn 0.7556 -0.6550 0.0011
vn -0.6841 -0.7289 0.0262
vn -0.1409 0.0607 0.9882
vn -0.0132 -0.1316 0.9912
vn 0.7577 -0.6499 0.0595
vn 0.0075 -0.0916 0.9958
vn -0.9341 -0.0647 -0.3511
vn 0.4674 0.8509 -0.2398
vn -0.9994 0.0318 0.0159
vn -0.0168 -0.9996 0.0220
vn -0.6596 -0.5562 0.5056
vn -0.0367 -0.0264 0.9990
vn 0.4390 0.6428 -0.6278
vn -0.2440 -0.0187 0.9696
vn 0.0070 -0.0088 0.9999
vn 0.7089 0.6636 -0.2389
vn -0.4344 -0.7976 0.4186
vn -0.0209 -0.0113 -0.9997
vn -0.7739 -0.6331 0.0139
vn -0.7371 -0.5771 -0.3515
vn -0.9864 0.1434 -0.0800
vn -0.9557 -0.0833 0.2823
vn 0.7422 0.6702 -0.0013
vn 0.9996 -0.0045 0.0292
vn 0.4877 0.8730 0.0069
vn -0.7566 0.6136 -0.2258
vn 0.1197 -0.0025 -0.9928
vn -0.0045 0.8628 0.5056
vn -0.5557 0.7955 -0.2416
vn 0.0381 -0.0122 -0.9992
vn -0.4602 0.8682 -0.1856
vn -0.0041 0.0215 -0.9998
vn -0.1462 0.9690 -0.1990
vn -0.4193 0.8316 0.3642
vn -0.1981 0.9094 0.3657
vn -0.4735 0.7749 0.4186
vn -0.2438 -0.2802 -0.9285
vn -0.0035 0.1988 0.9800
vn -0.9983 -0.0106 0.0575
vn 0.6525 -0.6541 -0.3826
vn 0.0126 -0.0001 -0.9999
vn 0.6980 -0.5485 -0.4604
vn -0.4922 0.6159 -0.6151
vn -0.1805 -0.9508 -0.2517
vn 0.5192 -0.5997 -0.6090
vn 0.3157 -0.8796 -0.3558
vn 0.7454 -0.6663 0.0200
vn 0.8765 -0.4806 0.0255
vn -0.8499 -0.5270 0.0016
vn 0.4065 -0.9137 0.0028
vn 0.9451 0.3269 0.0011
vn 0.2892 -0.9569 0.0262
vn 0.1070 -0.0769 0.9913
vn 0.9417 0.3313 0.0596
vn 0.0832 -0.0393 0.9958
vn 0.0485 0.8801 0.4723
vn -0.9047 0.3630 -0.2230
vn -0.2316 0.9728 -0.0013
vn 0.0106 0.0027 0.9999
vn -0.2203 0.9457 -0.2390
vn 0.1425 0.0731 0.9871
vn -0.1475 -0.8830 0.4456
vn -0.7751 0.6318 0.0024
vn 0.0044 -0.0450 0.9990
vn 0.1614 -0.9868 0.0133
vn 0.1313 -0.9269 -0.3515
vn -0.2093 0.9778 -0.0013
vn 0.2379 -0.9137 0.3295
vn -0.9102 -0.2509 0.3295
vn -0.4490 -0.7777 0.4401
vn 0.2519 -0.9677 -0.0000
vn -0.1799 -0.3402 -0.9230
vn -0.9790 -0.2040 -0.0000
vn -0.4918 -0.8649 -0.1004
vn -0.7755 0.4477 0.4451
vn 0.2776 -0.4638 -0.8414
vn 0.8659 -0.4999 -0.0157
vn -0.4988 -0.8640 -0.0688
vn 0.7755 -0.4477 0.4451
vn -0.4453 -0.8954 -0.0000
vn 0.9102 0.2509 0.3295
vn -0.2378 0.9137 0.3295
vn 0.4490 0.7777 0.4401
vn 0.9641 0.2657 -0.0000
vn 0.2411 0.4176 -0.8761
vn -0.3092 0.9510 -0.0000
vn 0.4501 0.7089 0.5431
vn -0.2440 0.8490 -0.4686
vn 0.4539 0.8910 -0.0000
vn -0.9991 0.0215 0.0378
vn 0.6316 0.7753 -0.0026
vn 0.9102 -0.2509 0.3295
vn 0.4528 -0.7843 0.4241
vn 0.9641 -0.2657 -0.0000
vn 0.2629 -0.4554 -0.8506
vn -0.2813 -0.9595 -0.0175
vn -0.0045 -0.8628 -0.5056
vn -0.7755 -0.4477 0.4451
vn -0.8280 -0.5605 0.0196
vn -0.0083 -0.0261 -0.9996
vn 0.7982 0.5267 0.2922
vn 0.4435 -0.8962 0.0096
vn 0.4814 -0.8757 0.0377
vn 0.6143 -0.7891 -0.0000
vn -0.9102 0.2509 0.3295
vn -0.4465 0.7946 0.4113
vn -0.2159 0.3740 -0.9019
vn -0.9881 0.1536 -0.0000
vn 0.0224 0.9993 -0.0292
vn -0.2719 0.9622 -0.0137
vn 0.9082 -0.0080 0.4184
vn 0.7121 0.7020 -0.0000
vn 0.5259 -0.0000 -0.8506
vn 0.6903 -0.7233 -0.0178
vn 0.9998 0.0188 0.0051
vn -0.9981 -0.0622 0.0027
vn 0.0184 -0.0203 -0.9996
vn 0.0704 -0.9973 0.0192
vn -0.0000 -0.8955 0.4451
vn -0.0000 -0.0000 1.0000
vn 0.9981 0.0618 -0.0000
vn -0.8979 0.0063 0.4401
vn -0.4319 -0.0000 -0.9019
vn -0.6271 -0.7789 -0.0000
vn 0.9973 0.0524 0.0507
vn 0.9991 -0.0215 0.0378
vn 0.9995 0.0155 0.0269
vn -0.9693 0.2454 -0.0140
vn -0.2379 0.9137 0.3295
vn -0.2519 0.9677 -0.0000
vn 0.2110 0.3802 -0.9005
vn 0.9790 0.2040 -0.0000
vn -0.9997 -0.0167 -0.0152
vn -0.0012 0.0145 -0.9999
vn 0.1147 -0.3514 -0.9292
vn -0.2066 -0.8618 0.4634
vn 0.2686 0.9632 0.0080
vn -0.9983 0.0551 -0.0196
vn 0.0406 0.0928 0.9949
vn 0.2378 -0.9137 0.3295
vn -0.9641 -0.2657 -0.0000
vn -0.2409 -0.4172 -0.8763
vn 0.3160 -0.9488 -0.0000
vn 0.0077 0.5101 -0.8601
vn -0.4539 -0.8910 -0.0000
vn -0.6316 -0.7753 -0.0026
vn -0.4528 0.7843 0.4241
vn -0.9641 0.2657 -0.0000
vn -0.2629 0.4554 -0.8506
vn 0.2813 0.9595 -0.0175
vn 0.0242 -0.4778 -0.8781
vn 0.2776 0.9605 0.0191
vn 0.8280 0.5605 0.0196
vn -0.7982 -0.5267 0.2922
vn 0.0179 -0.1524 0.9882
vn -0.4364 0.8997 0.0093
vn -0.4814 0.8757 0.0377
vn -0.6143 0.7891 -0.0000
vn 0.4465 -0.7946 0.4113
vn 0.2159 -0.3740 -0.9019
vn 0.9881 -0.1536 -0.0000
vn 0.0049 0.5089 0.8608
vn -0.1025 -0.1051 0.9892
vn 0.4988 -0.8640 -0.0688
vn 0.2719 -0.9622 -0.0137
vn 0.9565 0.2348 -0.1730
vn -0.9565 0.2348 0.1730
vn -0.0211 -0.4741 0.8802
vn 0.2769 -0.4968 0.8225
vn 0.7867 0.6112 -0.0870
vn -0.1671 0.1992 -0.9656
vn -0.0430 -0.8758 -0.4807
vn -0.7654 -0.6114 0.2010
vn 0.2769 0.4968 -0.8225
vn -0.7842 -0.6143 -0.0872
vn 0.0756 0.8698 -0.4875
vn 0.7519 0.6229 0.2160
vn 0.0441 -0.9428 0.3306
vn 0.1806 -0.0003 -0.9835
vn -0.9227 0.2707 -0.2743
vn -0.1245 0.9720 0.1992
vn -0.0202 0.0125 -0.9997
vn 0.8973 -0.0561 0.4378
vn 0.8585 -0.2204 0.4630
vn 0.9159 -0.2709 0.2961
vn 0.9097 -0.3506 0.2227
vn 0.9036 -0.4072 0.1328
vn 0.8884 -0.4588 0.0178
vn 0.8196 -0.5434 -0.1815
vn 0.9237 -0.3271 -0.1996
vn 0.9093 -0.2700 -0.3167
vn 0.9104 -0.1889 -0.3680
vn 0.9093 -0.0754 -0.4093
vn 0.9105 0.0214 -0.4129
vn 0.9097 0.1289 -0.3947
vn 0.9104 0.2326 -0.3423
vn 0.9227 0.3125 -0.2256
vn 0.9035 0.3614 -0.2306
vn 0.9156 0.3792 -0.1336
vn 0.9036 0.4270 -0.0339
vn 0.8917 0.4486 0.0593
vn 0.8777 0.4459 0.1756
vn 0.8159 0.4396 0.3756
vn 0.9182 0.2732 0.2869
vn 0.8763 0.1494 0.4580
vn 0.8638 0.0271 0.5030
vn 0.0157 0.2021 -0.9792
vn -0.0266 0.4321 -0.9014
vn 0.0451 0.5830 -0.8112
vn -0.0149 0.7746 -0.6322
vn 0.0233 0.8915 -0.4524
vn 0.0148 0.9571 -0.2892
vn 0.0211 0.9981 -0.0580
vn -0.0086 0.9964 0.0843
vn -0.0249 0.9464 0.3222
vn -0.0142 0.8919 0.4520
vn 0.0146 0.7473 0.6644
vn -0.0500 0.5496 0.8340
vn 0.0380 0.4108 0.9109
vn -0.0387 0.1692 0.9848
vn 0.0382 0.0309 0.9988
vn -0.0387 -0.2206 0.9746
vn 0.0380 -0.3533 0.9347
vn 0.0808 -0.5596 0.8248
vn -0.0144 -0.7690 0.6390
vn 0.0188 -0.8998 0.4358
vn 0.0175 -0.9821 0.1877
vn -0.0504 -0.9963 -0.0702
vn 0.0380 -0.9729 -0.2282
vn 0.0808 -0.8908 -0.4472
vn -0.0149 -0.7279 -0.6855
vn 0.0557 -0.5489 -0.8340
vn 0.0808 -0.3137 -0.9461
vn -0.0144 -0.0388 -0.9991
vn -0.8725 -0.1105 0.4759
vn -0.8276 -0.3040 0.4719
vn -0.8797 -0.3617 0.3088
vn -0.8749 -0.4318 0.2193
vn -0.8393 -0.5319 0.1125
vn -0.8811 -0.4720 -0.0281
vn -0.9281 -0.3542 -0.1150
vn -0.8737 -0.4140 -0.2557
vn -0.9020 -0.3155 -0.2946
vn -0.9032 -0.2421 -0.3545
vn -0.9137 -0.1378 -0.3824
vn -0.9050 -0.0385 -0.4236
vn -0.8935 0.0742 -0.4429
vn -0.8287 0.2430 -0.5042
vn -0.7986 0.4427 -0.4078
vn -0.8788 0.4266 -0.2138
vn -0.8767 0.4705 -0.1004
vn -0.8936 0.4488 -0.0051
vn -0.8014 0.5665 0.1917
vn -0.7961 0.4486 0.4062
vn -0.8932 0.2151 0.3949
vn -0.8909 0.1118 0.4402
vn -0.8952 -0.0101 0.4455
vn -0.0241 -0.1890 0.9817
vn -0.0741 -0.4451 0.8924
vn -0.0569 -0.6332 0.7719
vn -0.0567 -0.7674 0.6387
vn -0.1035 -0.8894 0.4453
vn -0.0882 -0.9758 0.2002
vn -0.0741 -0.9948 -0.0697
vn -0.0569 -0.9555 -0.2896
vn -0.0180 -0.8848 -0.4657
vn -0.0733 -0.7462 -0.6617
vn -0.0677 -0.5811 -0.8110
vn 0.0429 -0.4309 -0.9014
vn -0.0196 -0.2275 -0.9736
vn -0.0701 -0.0396 -0.9968
vn -0.0773 0.1758 -0.9814
vn -0.0181 0.3458 -0.9381
vn -0.0215 0.7001 -0.7137
vn -0.0241 0.8278 -0.5605
vn -0.0215 0.9485 -0.3161
vn -0.0251 0.9979 -0.0593
vn -0.0214 0.9793 0.2010
vn -0.0251 0.8939 0.4476
vn -0.0242 0.7478 0.6635
vn -0.0241 0.5610 0.8275
vn -0.0249 0.3275 0.9445
vn -0.0207 0.0601 0.9980
vn -0.1395 -0.1628 0.9767
vn 0.1421 -0.4287 0.8922
vn -0.0799 -0.4343 0.8972
vn 0.1565 -0.6590 0.7357
vn -0.0658 -0.6524 0.7550
vn 0.0684 -0.8348 0.5463
vn -0.1582 -0.8170 0.5546
vn 0.1261 -0.9425 0.3094
vn -0.1649 -0.9316 0.3239
vn 0.1902 -0.9813 0.0302
vn -0.1693 -0.9830 0.0717
vn -0.1878 -0.9612 -0.2021
vn 0.2369 -0.9159 -0.3240
vn -0.1958 -0.8330 -0.5174
vn 0.1393 -0.7525 -0.6436
vn -0.1571 -0.6584 -0.7361
vn 0.1674 -0.5395 -0.8252
vn -0.1128 -0.4476 -0.8871
vn 0.1634 -0.3073 -0.9375
vn -0.0666 -0.2040 -0.9767
vn 0.1557 -0.0559 -0.9862
vn -0.1609 0.0542 -0.9855
vn 0.1971 0.2227 -0.9547
vn -0.1231 0.3081 -0.9434
vn 0.2017 0.5544 -0.8074
vn -0.0924 0.5598 -0.8235
vn 0.0673 0.8233 -0.5636
vn -0.1475 0.8018 -0.5790
vn 0.0802 0.9460 -0.3141
vn -0.0865 0.9396 -0.3312
vn 0.0681 0.9951 -0.0722
vn -0.0887 0.9932 -0.0753
vn 0.0839 0.9757 0.2022
vn -0.0847 0.9788 0.1863
vn 0.1545 0.8891 0.4309
vn -0.0849 0.8887 0.4506
vn -0.0774 0.7543 0.6520
vn 0.2056 0.6534 0.7286
vn -0.1939 0.6710 0.7157
vn 0.1650 0.4259 0.8896
vn -0.1663 0.4435 0.8807
vn 0.1565 0.1825 0.9707
vn -0.2009 0.1783 0.9633
vn 0.2012 -0.0976 0.9747
vn 0.8537 0.2285 -0.4679
vn -0.8594 0.2709 -0.4336
vn -0.8050 0.5808 -0.1214
vn 0.8320 0.5542 -0.0243
vn 0.8216 0.5401 0.1823
vn 0.8577 -0.3896 -0.3355
vn -0.0531 0.1891 -0.9805
vn 0.1677 0.3328 -0.9280
vn -0.0631 0.4367 -0.8974
vn 0.0597 0.5543 -0.8302
vn 0.2087 0.6597 -0.7219
vn -0.0849 0.6418 -0.7622
vn -0.1757 0.7601 -0.6256
vn 0.2434 0.8167 -0.5232
vn -0.1351 0.8808 -0.4538
vn 0.1092 0.9459 -0.3055
vn -0.1061 0.9413 -0.3205
vn 0.1614 0.9733 -0.1631
vn -0.0849 0.9928 -0.0841
vn 0.1655 0.9842 0.0635
vn -0.2083 0.9761 0.0623
vn 0.1007 0.9729 0.2081
vn -0.1993 0.9313 0.3048
vn 0.0774 0.8935 0.4424
vn 0.2213 0.8005 0.5569
vn -0.1888 0.8342 0.5181
vn -0.0752 0.7528 0.6540
vn 0.2229 0.6348 0.7398
vn -0.1271 0.5465 0.8277
vn 0.1421 0.4288 0.8921
vn -0.1237 0.3401 0.9322
vn 0.1910 0.1811 0.9648
vn -0.1974 0.1010 0.9751
vn 0.2234 -0.0735 0.9720
vn -0.1837 -0.1519 0.9712
vn 0.1388 -0.3276 0.9346
vn -0.1852 -0.4280 0.8846
vn 0.1419 -0.5581 0.8176
vn -0.0602 -0.6547 0.7535
vn 0.1202 -0.7450 0.6562
vn 0.1819 -0.8394 0.5122
vn -0.1658 -0.8077 0.5658
vn -0.1138 -0.8907 0.4402
vn 0.2244 -0.9256 0.3050
vn -0.1389 -0.9673 0.2124
vn 0.1924 -0.9754 -0.1073
vn -0.1566 -0.9674 -0.1989
vn 0.2097 -0.9106 -0.3562
vn -0.1864 -0.8881 -0.4201
vn 0.1603 -0.8106 -0.5632
vn -0.0516 -0.8306 -0.5545
vn -0.0153 -0.7279 -0.6855
vn 0.1718 -0.6567 -0.7343
vn -0.1799 -0.6576 -0.7316
vn 0.1389 -0.5343 -0.8338
vn -0.1710 -0.4737 -0.8639
vn 0.1430 -0.3078 -0.9407
vn -0.1570 -0.2384 -0.9584
vn 0.1320 -0.0620 -0.9893
vn 0.1809 0.1246 -0.9756
vn -0.1803 0.0154 -0.9835
vn 0.0075 -0.8599 0.5104
vn -0.2278 0.5477 0.8051
vn 0.2278 -0.5477 0.8050
vn 0.7776 -0.6286 0.0163
vn -0.4886 0.8720 -0.0290
vn -0.2587 0.9475 0.1878
vn -0.0000 -0.9809 -0.1944
vn 0.7755 0.4477 0.4451
vn 0.0507 -0.0524 0.9973
vn -0.1518 -0.6512 -0.7436
vn 0.0271 -0.2390 0.9706
vn -0.0271 0.7223 0.6910
vn 0.2222 0.9473 -0.2310
vn 0.1186 0.3677 -0.9223
vn 0.0684 -0.3491 -0.9346
vn 0.0759 -0.9263 -0.3692
vn 0.1849 -0.9128 0.3641
vn 0.9942 0.0324 -0.1024
vn 0.1186 -0.7796 0.6149
vn 0.0610 -0.1436 0.9878
vn 0.0823 0.6341 0.7688
vn 0.1203 0.9832 0.1370
vn 0.1146 0.7180 -0.6866
vn 0.1057 -0.2378 -0.9656
vn 0.1057 -0.9551 -0.2769
vn 0.9931 -0.1137 0.0295
vn 0.9999 0.0060 -0.0127
vn 0.1031 -0.6328 -0.7674
vn 0.1021 -0.9852 -0.1374
vn -0.0154 -0.7225 0.6912
vn 0.2102 0.1403 0.9675
vn 0.0344 0.7880 0.6148
vn 0.1908 0.9538 -0.2319
vn -0.0130 0.2387 -0.9710
vn 0.0569 0.3453 -0.9368
vn 0.2261 -0.3610 -0.9047
vn 0.1146 -0.9651 -0.2356
vn 0.1203 -0.7830 0.6103
vn 0.0514 -0.1652 0.9849
vn 0.1934 0.6795 0.7077
vn 0.1058 0.9657 -0.2372
vn 0.4983 0.8630 -0.0836
vn 0.9127 0.1181 0.3912
vn 0.9981 0.0622 0.0027
vn 0.9734 0.1325 -0.1869
vn -0.0296 -0.0269 -0.9992
vn 0.9996 -0.0265 -0.0096
vn 0.0122 0.9598 -0.2805
vn 0.1795 0.3699 -0.9116
vn 0.0836 -0.3447 -0.9350
vn -0.0271 -0.9711 -0.2370
vn 0.2044 -0.7724 0.6014
vn 0.0591 -0.1381 0.9887
vn 0.0107 0.6909 0.7228
vn 0.9999 -0.0082 0.0115
vn 0.8977 0.1266 0.4219
vn -0.2440 -0.8490 0.4686
vn -0.0171 -0.3507 0.9363
vn -0.0171 0.6355 0.7719
vn -0.0171 0.9862 -0.1644
vn -0.0171 0.3507 -0.9363
vn -0.0171 -0.6355 -0.7719
vn -0.0171 -0.9862 0.1644
vn 0.0075 0.8599 -0.5104
vn 0.0075 -0.0121 -0.9999
vn 0.0075 -0.8720 -0.4895
vn 0.0075 0.0121 0.9999
vn 0.0075 0.8720 0.4895
vn 0.2222 0.7048 0.6737
vn -0.0270 0.9711 -0.2370
vn 0.1138 0.3436 -0.9322
vn 0.0609 -0.3747 -0.9251
vn 0.0105 -0.9599 -0.2802
vn 0.0759 -0.7828 0.6176
vn 0.1186 -0.1427 0.9826
vn 0.9706 0.2303 -0.0705
vn 0.9708 0.1782 0.1606
vn 0.9996 -0.0230 -0.0177
vn 0.1318 0.2322 -0.9637
vn 0.1585 0.9409 0.2994
vn 0.1756 -0.0202 -0.9842
vn -0.0390 -0.0329 0.9987
vn 0.1126 0.9936 0.0118
vn 0.1736 -0.9844 0.0289
vn -0.7761 0.0588 -0.6278
vn 1.0000 0.0064 -0.0016
vn -0.0152 -0.0103 -0.9998
vn 0.9957 0.0062 -0.0924
vn -0.0186 0.0232 0.9996
vn -0.1856 -0.8326 0.5218
vn -0.1990 -0.6111 0.7661
vn -0.0376 0.0172 0.9991
vn 0.9712 -0.1273 0.2013
vn 0.9281 -0.2536 -0.2725
vn -0.8874 0.4557 -0.0694
vn -0.6103 0.7462 -0.2660
vn -0.0131 0.9669 -0.2548
vn -0.0079 0.9999 0.0145
vn 0.0707 0.0177 0.9973
vn -0.0057 0.8035 -0.5953
vn 0.0011 0.6550 0.7556
vn -0.0066 0.7242 -0.6896
vn 0.9912 0.1316 -0.0132
vn 0.0538 0.6498 0.7582
vn 0.9958 0.0916 0.0075
vn 0.9994 -0.0318 0.0159
vn -0.0577 0.1050 -0.9928
vn -0.9557 0.2028 0.2133
vn 0.9999 0.0088 0.0070
vn 0.9871 0.0869 0.1346
vn 0.4374 -0.7876 0.4340
vn 0.8385 0.3138 0.4456
vn 0.0012 -0.9922 0.1250
vn -0.0079 -0.1600 0.9871
vn 0.9973 -0.0701 0.0200
vn -0.0212 0.6369 -0.7706
vn -0.9864 0.0025 -0.1642
vn -0.9987 0.0468 0.0222
vn 0.0136 -0.7742 0.6328
vn 0.0070 -0.8725 0.4885
vn 0.4158 -0.0039 0.9095
vn -0.9996 0.0233 0.0173
vn 0.0037 0.9998 0.0198
vn 0.3380 0.9411 -0.0000
vn 0.1733 -0.0073 0.9848
vn -0.0045 -0.2236 0.9747
vn 0.3999 0.0055 -0.9165
vn 0.0085 -0.0391 -0.9992
vn -0.2516 0.0318 -0.9673
vn 0.4344 0.7976 0.4186
vn -0.9557 0.2862 -0.0690
vn 0.1951 -0.0020 -0.9808
vn -0.2084 -0.0245 -0.9777
vn -0.0018 -0.1850 -0.9827
vn 0.7612 0.6105 -0.2188
vn 0.0012 -0.3877 0.9218
vn -0.0294 -0.0045 0.9996
vn 0.9281 -0.3628 0.0833
vn -0.1856 0.0356 0.9820
vn -0.1990 0.3579 0.9123
vn 0.4173 -0.5936 -0.6881
vn 0.9952 -0.0964 -0.0140
vn 0.4501 -0.1159 0.8854
vn 0.9712 0.1107 0.2109
vn -0.3392 -0.8408 0.4219
vn -0.9983 0.0105 -0.0575
vn -0.8873 0.1680 -0.4296
vn -0.6090 0.1498 -0.7789
vn -0.0127 0.2633 -0.9646
vn -0.0079 0.5125 -0.8587
vn 0.0028 -0.1048 -0.9945
vn 0.0011 0.9819 -0.1895
vn -0.0066 -0.2351 -0.9719
vn 0.9912 0.0544 -0.1206
vn 0.0538 0.9815 -0.1836
vn 0.9958 0.0524 -0.0756
vn 0.9996 0.0232 0.0186
vn 0.4501 -0.7089 -0.5431
vn 0.0485 -0.8491 0.5261
vn -0.4516 -0.8922 -0.0040
vn -0.0086 -0.0120 -0.9999
vn 0.6596 0.5562 0.5056
vn 0.1409 -0.0607 0.9882
vn 0.9999 0.0105 -0.0030
vn -0.9864 -0.1410 -0.0843
vn 0.0294 0.0045 0.9996
vn -0.9987 0.0427 -0.0294
vn -0.0208 -0.3489 -0.9369
vn 0.4451 0.8955 0.0027
vn 0.0136 0.1609 0.9869
vn -0.4390 -0.6428 -0.6278
vn 0.4374 -0.7696 -0.4651
vn -0.1479 0.9635 -0.2232
vn 0.0019 -0.6038 -0.7971
vn -0.1856 -0.8682 -0.4601
vn -0.1990 -0.9690 -0.1462
vn 0.9281 0.1092 -0.3559
vn 0.9712 -0.2380 -0.0096
vn 0.5079 -0.8568 0.0889
vn 0.9281 0.3628 -0.0833
vn -0.9995 0.0160 0.0257
vn -0.8874 0.2880 0.3600
vn 0.0192 -0.0292 -0.9994
vn -0.6103 0.6034 0.5132
vn -0.0130 0.7041 0.7100
vn -0.0079 0.4874 0.8732
vn -0.0057 0.9173 0.3982
vn 0.0011 -0.3269 0.9451
vn -0.0066 0.9593 0.2824
vn 0.9912 0.0772 0.1074
vn 0.0539 -0.3317 0.9418
vn 0.9958 0.0393 0.0831
vn 0.0200 0.0701 0.9973
vn -0.2440 -0.8304 -0.5010
vn -0.5272 -0.8496 0.0159
vn -0.9535 0.3010 -0.0160
vn 0.9999 -0.0140 -0.0014
vn 0.9999 -0.0016 0.0112
vn 0.0070 -0.8593 -0.5114
vn 0.4173 0.2991 -0.8581
vn 0.9973 -0.0524 -0.0507
vn -0.9987 0.0041 0.0517
vn -0.5529 0.8332 0.0027
vn -0.0212 0.9859 0.1663
vn 0.9871 -0.0731 0.1425
vn 0.0012 0.6043 0.7967
vn -0.0090 -0.9931 -0.1166
vn 0.0136 -0.9351 -0.3542
vn 0.9882 0.0917 -0.1230
vn -0.1856 -0.0356 -0.9820
vn -0.5585 0.7142 0.4219
vn -0.1990 -0.3580 -0.9123
vn -0.4674 -0.8509 -0.2399
vn -0.1221 -0.0277 0.9921
vn 0.4501 0.1159 -0.8854
vn 0.4666 0.3079 0.8292
vn 0.9712 -0.1107 -0.2109
vn -0.9557 -0.2861 0.0690
vn -0.8873 -0.1680 0.4296
vn -0.0045 -0.0065 1.0000
vn -0.6103 -0.1427 0.7792
vn -0.0127 -0.2633 0.9646
vn -0.0079 -0.5125 0.8586
vn -0.0057 0.1138 0.9935
vn 0.0011 -0.9819 0.1895
vn -0.0066 0.2351 0.9719
vn 0.9912 -0.0544 0.1206
vn 0.0538 -0.9815 0.1836
vn 0.9958 -0.0523 0.0756
vn 0.0186 -0.0232 0.9996
vn -0.5079 0.8568 0.0889
vn 0.4374 0.0179 -0.8991
vn -0.4721 0.8814 0.0159
vn -0.1519 0.8493 0.5056
vn 0.4886 -0.8720 -0.0290
vn 0.9999 -0.0058 -0.0128
vn 0.9999 -0.0105 0.0042
vn -0.8385 -0.3138 0.4456
vn 0.9871 -0.1600 0.0079
vn 0.9973 0.0177 -0.0707
vn -0.9987 -0.0427 0.0294
vn -0.0209 0.3489 0.9369
vn -0.0010 -0.0132 0.9999
vn 0.0136 -0.1609 -0.9869
vn 0.0019 0.3884 -0.9215
vn 0.9999 0.0082 -0.0115
vn 0.0969 0.8585 -0.5036
vn -0.0200 -0.0701 0.9973
vn -0.5032 0.8302 -0.2398
vn -0.1856 0.8326 -0.5218
vn -0.9557 -0.2028 -0.2133
vn -0.1990 0.6111 -0.7661
vn 0.9995 -0.0036 0.0321
vn 0.9281 0.2536 0.2725
vn 0.4374 0.7876 -0.4340
vn 0.9712 0.1273 -0.2013
vn 0.9952 0.0361 0.0905
vn -0.0507 0.0524 0.9973
vn -0.9102 -0.3492 -0.2228
vn -0.7573 0.6528 -0.0187
vn 0.0012 -0.0245 -0.9997
vn -0.8910 -0.4483 0.0717
vn -0.6090 -0.7495 0.2598
vn -0.0126 -0.9671 0.2541
vn -0.0079 -0.9999 -0.0145
vn 0.0028 -0.8089 0.5880
vn 0.0011 -0.6550 -0.7556
vn -0.0066 -0.7242 0.6896
vn 0.9912 -0.1316 0.0132
vn 0.0538 -0.6498 -0.7582
vn 0.9958 -0.0917 -0.0076
vn 0.5272 0.8496 0.0159
vn -0.8249 0.3026 0.4775
vn -0.9864 0.1410 0.0843
vn 0.9999 -0.0078 -0.0076
vn 0.9871 -0.0868 -0.1346
vn 0.9973 0.0701 -0.0200
vn 0.4173 -0.8927 0.1700
vn 0.1380 -0.9650 -0.2230
vn -0.0211 -0.6369 0.7707
vn -0.8659 0.4999 -0.0197
vn 0.0136 0.7742 -0.6327
vn -0.0008 0.9923 -0.1240
vn -0.9987 -0.0468 -0.0223
vn -0.4973 -0.8613 0.1045
vn 0.0567 -0.9544 0.2932
vn -0.1856 0.8682 0.4602
vn -0.4988 0.8640 -0.0688
vn 0.4895 0.8663 -0.0993
vn -0.1990 0.9690 0.1462
vn 0.1475 0.8830 0.4455
vn 0.9281 -0.1092 0.3559
vn 0.9712 0.2380 0.0096
vn -0.0621 -0.1024 -0.9928
vn -0.8874 -0.2880 -0.3600
vn 0.9961 -0.0000 -0.0881
vn -0.6103 -0.6034 -0.5132
vn -0.0131 -0.7041 -0.7099
vn -0.0079 -0.4874 -0.8732
vn -0.0057 -0.9173 -0.3982
vn 0.0011 0.3269 -0.9451
vn -0.0066 -0.9593 -0.2824
vn 0.9966 -0.0202 0.0795
vn 0.9912 -0.0772 -0.1074
vn 0.0539 0.3317 -0.9418
vn 0.9958 -0.0393 -0.0831
vn 0.0242 0.4778 0.8781
vn 0.4721 -0.8814 0.0159
vn 0.9999 0.0016 -0.0112
vn 0.9972 -0.0000 -0.0749
vn -0.0126 -0.5111 -0.8595
vn -0.7612 -0.6105 -0.2188
vn -0.0211 -0.9859 -0.1661
vn -0.9970 -0.0000 -0.0773
vn 0.0136 0.9351 0.3541
vn -0.9557 0.0833 -0.2823
vn 0.9871 0.0731 -0.1425
vn 0.0070 0.8593 0.5114
vn 0.4493 -0.7788 0.4378
vn -0.0000 -0.2040 0.9790
vn -0.0567 0.9544 0.2932
vn 0.5510 0.8340 -0.0289
vn -0.9966 0.0202 0.0795
vn 0.1800 -0.8465 -0.5011
vn -0.8622 0.5060 -0.0238
vn 0.1566 -0.8677 0.4717
vn -0.0058 -0.9580 0.2867
vn 0.4936 0.7515 -0.4378
vn 0.0296 0.0269 -0.9992
vn -0.2333 0.8270 -0.5115
vn -0.7755 0.4477 0.4452
vn -0.0021 0.7584 -0.6518
vn 0.4241 -0.7843 -0.4528
vn 0.7491 0.6622 -0.0168
vn 0.0302 -0.0041 0.9995
vn -0.0058 0.0236 0.9997
vn -0.2307 0.8573 0.4603
vn -0.0053 -0.9524 -0.3049
vn -0.2333 -0.8418 -0.4868
vn -0.0078 -0.7160 -0.6981
vn 0.4113 0.7946 0.4465
vn -0.0370 -0.1196 0.9921
vn -0.0021 0.9441 0.3296
vn 0.4158 0.0039 -0.9095
vn 0.0669 0.8639 0.4993
vn 0.0036 -1.0000 -0.0077
vn -0.9996 -0.0233 -0.0172
vn -0.8766 -0.4803 -0.0292
vn 0.0083 0.0261 -0.9996
vn 0.1733 0.0073 -0.9848
vn -0.0044 0.2169 -0.9762
vn 0.4936 0.0034 0.8697
vn 0.0669 -0.0004 0.9978
vn -0.0027 0.1858 0.9826
vn 0.4479 0.7750 -0.4458
vn -0.0000 0.2040 -0.9790
vn -0.9995 0.0266 0.0143
vn -0.2246 0.8602 -0.4578
vn 0.1441 0.8678 -0.4756
vn 0.9995 -0.0155 -0.0269
vn -0.0049 0.9583 -0.2859
vn 0.4959 -0.7457 0.4450
vn 0.1012 -0.8576 0.5043
vn -0.2149 -0.8335 0.5091
vn -0.9998 0.0175 -0.0066
vn -0.0021 -0.7589 0.6512
vn 0.4241 0.7843 0.4528
vn -0.0053 0.9524 0.3049
vn 0.1800 0.8465 0.5011
vn 0.0041 0.7652 0.6438
vn 0.4113 -0.7946 -0.4465
vn -0.8660 0.5000 -0.0000
vn -0.2299 -0.8578 -0.4598
vn -0.0021 -0.9441 -0.3296
vn -0.1730 0.2348 -0.9565
vn 0.1730 0.2348 0.9565
vn -0.2278 -0.9711 -0.0718
vn 0.2278 -0.4233 0.8769
vn -0.1518 -0.6512 0.7435
vn 0.1518 0.6512 -0.7435
vn -0.9706 -0.0207 -0.2398
vn -0.1518 -0.9695 -0.1922
vn 0.1518 0.9695 0.1922
vn 0.9985 0.0550 -0.0040
vn 0.3166 0.4748 0.8212
vn -0.0040 -0.0010 1.0000
vn 0.4042 0.3395 0.8493
vn 0.6791 0.0996 0.7272
vn 0.7727 0.1110 0.6250
vn -0.2165 0.4939 0.8421
vn 0.1353 0.6328 0.7624
vn 0.1201 0.8691 0.4798
vn -0.5366 -0.0533 0.8421
vn -0.5600 0.3243 0.7624
vn -0.7838 0.4014 0.4738
vn -0.1274 -0.5123 0.8493
vn -0.4909 -0.4797 0.7272
vn -0.5599 -0.5440 0.6250
vn 0.4655 -0.2723 0.8421
vn 0.2624 -0.5915 0.7624
vn 0.4137 -0.7737 0.4798
vn 0.8841 -0.0211 0.4667
vn 0.6873 0.5563 -0.4670
vn -0.7032 0.5841 0.4053
vn -0.7736 0.6334 -0.0190
vn -0.6012 0.7746 -0.1961
vn -0.3166 0.8156 -0.4843
vn -0.7277 -0.5026 0.4667
vn -0.8379 -0.5335 -0.1156
vn -0.8735 -0.0490 -0.4843
vn 0.3576 -0.9281 -0.1034
vn 0.0291 -0.9783 -0.2050
vn -0.1873 -0.8604 -0.4740
vn 0.6963 -0.5776 -0.4261
vn 0.8349 0.5407 0.1034
vn 0.6012 0.7746 0.1961
vn -0.9932 0.0533 0.1034
vn -0.9252 -0.3227 0.1996
vn 0.8415 -0.5400 0.0190
vn 0.9186 -0.3239 0.2264
vn -0.0207 0.0011 -0.9998
vn 0.2165 0.4939 -0.8421
vn 0.6690 0.4798 -0.5676
vn -0.4028 0.3585 -0.8421
vn -0.4655 -0.2723 -0.8421
vn 0.1151 -0.5268 -0.8421
vn 0.5366 -0.0533 -0.8421
vn -0.4938 -0.0826 0.8656
vn -0.3619 -0.1841 0.9139
vn -0.4304 -0.3207 0.8438
vn -0.3070 -0.3292 0.8929
vn -0.1784 -0.3735 0.9103
vn -0.0272 -0.3757 0.9263
vn 0.0984 -0.5579 0.8240
vn 0.3617 -0.4078 0.8384
vn 0.3197 -0.2665 0.9093
vn 0.4597 -0.1676 0.8721
vn 0.4801 -0.0147 0.8771
vn 0.4377 0.0777 0.8957
vn 0.3625 0.1824 0.9140
vn 0.2455 0.2820 0.9275
vn 0.2048 0.4345 0.8771
vn 0.1280 0.3536 0.9266
vn 0.0887 0.4701 0.8782
vn -0.0357 0.4855 0.8735
vn -0.0736 0.3740 0.9245
vn -0.2551 0.2830 0.9246
vn -0.4240 0.3626 0.8299
vn -0.3975 0.2113 0.8929
vn -0.4090 0.0760 0.9094
vn -0.4822 -0.0103 0.8760
vn 0.9850 0.1693 0.0331
vn 0.9109 0.4108 -0.0383
vn 0.8345 0.5488 0.0496
vn 0.6777 0.7333 0.0546
vn 0.5637 0.8255 -0.0292
vn 0.3273 0.9421 -0.0728
vn 0.0993 0.9943 -0.0380
vn -0.0392 0.9985 0.0387
vn -0.3139 0.9467 -0.0718
vn -0.4182 0.9064 0.0595
vn -0.5265 0.8493 -0.0390
vn -0.8262 0.5608 -0.0540
vn -0.9442 0.3288 -0.0187
vn -0.9941 0.0990 -0.0451
vn -0.9967 -0.0765 0.0266
vn -0.9571 -0.2892 -0.0148
vn -0.8903 -0.4514 -0.0607
vn -0.7733 -0.6329 -0.0380
vn -0.6783 -0.7337 0.0387
vn -0.4481 -0.8924 -0.0540
vn -0.2202 -0.9753 -0.0158
vn -0.0555 -0.9981 -0.0254
vn 0.1874 -0.9821 -0.0187
vn 0.4364 -0.8996 -0.0187
vn 0.6514 -0.7544 -0.0815
vn 0.8115 -0.5832 -0.0380
vn 0.8844 -0.4652 0.0388
vn 0.9763 -0.2014 -0.0794
vn 0.9980 0.0393 -0.0487
vn -0.4209 -0.0855 -0.9031
vn -0.3452 -0.2230 -0.9116
vn -0.2462 -0.3021 -0.9209
vn -0.1361 -0.3908 -0.9104
vn -0.0223 -0.4146 -0.9097
vn 0.0887 -0.3748 -0.9229
vn 0.2285 -0.3479 -0.9093
vn 0.3122 -0.2675 -0.9116
vn 0.3922 -0.1904 -0.9000
vn 0.3808 -0.0637 -0.9225
vn 0.3967 0.0685 -0.9154
vn 0.3479 0.1839 -0.9193
vn 0.2595 0.2935 -0.9201
vn 0.1912 0.3993 -0.8967
vn 0.0624 0.3861 -0.9203
vn -0.0697 0.3614 -0.9298
vn -0.1930 0.3715 -0.9082
vn -0.3015 0.2781 -0.9120
vn -0.4139 0.1997 -0.8881
vn -0.4400 0.0745 -0.8949
vn -0.9734 -0.2198 0.0651
vn -0.9057 -0.4182 0.0699
vn -0.8121 -0.5832 0.0207
vn -0.6789 -0.7339 0.0207
vn -0.5270 -0.8480 0.0569
vn -0.3439 -0.9350 0.0867
vn -0.1619 -0.9865 0.0238
vn 0.0389 -0.9990 0.0211
vn 0.2270 -0.9722 0.0569
vn 0.4362 -0.8969 0.0732
vn 0.6631 -0.7482 0.0207
vn 0.8283 -0.5597 0.0242
vn 0.9487 -0.3152 0.0249
vn 0.9946 -0.0589 0.0850
vn 0.9823 0.1695 0.0794
vn 0.9384 0.3389 -0.0678
vn 0.8279 0.5475 0.1214
vn 0.6520 0.7509 0.1054
vn 0.4430 0.8869 0.1311
vn 0.1997 0.9726 0.1187
vn -0.0395 0.9960 0.0797
vn -0.2135 0.9746 -0.0678
vn -0.4367 0.8994 0.0214
vn -0.6518 0.7505 0.1089
vn -0.8265 0.5468 0.1340
vn -0.9361 0.3447 0.0699
vn -0.9843 0.1626 0.0693
vn -0.9958 -0.0538 0.0740
vn -0.9617 -0.1872 0.2002
vn -0.9768 -0.1628 -0.1394
vn -0.9379 -0.3469 0.0048
vn -0.9073 -0.4160 -0.0619
vn -0.7932 -0.5640 0.2299
vn -0.6782 -0.7337 0.0408
vn -0.6550 -0.7544 -0.0432
vn -0.5259 -0.8499 -0.0311
vn -0.4430 -0.8854 -0.1407
vn -0.3437 -0.9347 0.0906
vn -0.1614 -0.9869 0.0006
vn -0.2017 -0.9780 0.0529
vn 0.0384 -0.9993 -0.0023
vn 0.0718 -0.9949 0.0705
vn 0.2237 -0.9656 0.1324
vn 0.2891 -0.9481 -0.1324
vn 0.4663 -0.8846 0.0023
vn 0.7552 -0.6224 -0.2058
vn 0.8274 -0.5602 -0.0391
vn 0.9487 -0.3148 -0.0311
vn 0.9432 -0.3270 -0.0589
vn 0.9651 -0.1758 0.1942
vn 0.9954 -0.0577 -0.0764
vn 0.9853 -0.0962 -0.1409
vn 0.9956 0.0920 0.0154
vn 0.9800 0.1694 0.1049
vn 0.9670 0.1963 -0.1627
vn 0.9406 0.3396 -0.0042
vn 0.9529 0.3032 -0.0053
vn 0.8803 0.4627 -0.1050
vn 0.8341 0.5501 -0.0406
vn 0.7458 0.6626 0.0683
vn 0.6502 0.7482 0.1320
vn 0.6326 0.7341 -0.2469
vn 0.4471 0.8937 0.0377
vn 0.3160 0.9480 -0.0382
vn 0.2009 0.9789 0.0365
vn 0.0593 0.9974 -0.0402
vn -0.0393 0.9980 -0.0503
vn -0.2097 0.9595 0.1879
vn -0.2009 0.9789 -0.0383
vn -0.4365 0.8989 0.0383
vn -0.4224 0.8991 -0.1146
vn -0.5774 0.8165 0.0050
vn -0.6541 0.7551 -0.0446
vn -0.7157 0.6676 0.2052
vn -0.7456 0.6638 0.0586
vn -0.8345 0.5489 -0.0487
vn -0.8982 0.4375 -0.0432
vn -0.9379 0.3469 -0.0023
vn -0.9778 0.1622 0.1328
vn -0.9507 0.2166 -0.2221
vn -0.9982 -0.0549 -0.0250
vn 0.9407 0.3164 -0.1222
vn 0.6003 0.3014 -0.7408
vn 0.4524 0.4208 -0.7863
vn 0.5771 0.6532 0.4903
vn -0.0993 0.6026 0.7918
vn -0.2838 0.5858 0.7591
vn -0.5475 0.8265 -0.1310
vn -0.4299 0.4637 -0.7747
vn -0.7420 0.6440 0.1862
vn -0.5204 0.3533 0.7774
vn -0.8000 -0.1519 0.5805
vn -0.9702 -0.1891 -0.1515
vn -0.4093 -0.3611 -0.8379
vn -0.1958 -0.9798 -0.0413
vn 0.2657 -0.7594 -0.5939
vn 0.5640 -0.8190 0.1056
vn 0.4951 -0.5035 -0.7081
vn 0.8225 -0.5564 -0.1181
vn 0.9843 0.1693 0.0498
vn 0.9753 0.2209 -0.0025
vn 0.9462 0.2821 0.1586
vn 0.9118 0.4106 -0.0067
vn 0.8349 0.5409 0.1021
vn 0.8253 0.5525 -0.1170
vn 0.7343 0.6788 -0.0006
vn 0.6774 0.7329 0.0626
vn 0.5169 0.8547 0.0484
vn 0.5495 0.8338 0.0537
vn 0.4302 0.8836 -0.1850
vn 0.3619 0.9313 0.0414
vn 0.3249 0.9364 -0.1327
vn 0.1596 0.9660 0.2034
vn 0.0959 0.9743 -0.2037
vn -0.0394 0.9976 0.0574
vn -0.0908 0.9933 -0.0721
vn -0.2293 0.9733 0.0059
vn -0.3136 0.9456 -0.0869
vn -0.4181 0.9084 0.0013
vn -0.5752 0.8021 0.1607
vn -0.5202 0.8370 -0.1701
vn -0.6793 0.7339 0.0013
vn -0.7421 0.6656 0.0792
vn -0.8497 0.5272 0.0065
vn -0.8260 0.5614 0.0515
vn -0.8838 0.4171 -0.2118
vn -0.9438 0.3306 -0.0007
vn -0.9433 0.3285 -0.0473
vn -0.9695 0.2074 0.1306
vn -0.9763 0.0753 0.2028
vn -0.9787 0.0974 -0.1808
vn -0.9960 -0.0731 -0.0514
vn -0.9970 -0.0765 0.0092
vn -0.9437 -0.3286 0.0389
vn -0.9572 -0.2893 -0.0063
vn -0.8887 -0.4506 -0.0850
vn -0.8265 -0.5610 0.0474
vn -0.7477 -0.6317 0.2046
vn -0.7740 -0.6331 -0.0073
vn -0.6762 -0.7324 0.0798
vn -0.6376 -0.7655 -0.0861
vn -0.5398 -0.8376 0.0839
vn -0.4033 -0.8924 0.2023
vn -0.4489 -0.8926 0.0420
vn -0.2041 -0.9698 0.1334
vn -0.1878 -0.9711 -0.1475
vn -0.0316 -0.9965 0.0773
vn -0.0558 -0.9984 0.0015
vn 0.2026 -0.9785 0.0376
vn 0.1873 -0.9816 -0.0382
vn 0.4323 -0.9017 -0.0092
vn 0.5737 -0.7989 0.1808
vn 0.5492 -0.8138 -0.1903
vn 0.6515 -0.7545 -0.0798
vn 0.7566 -0.6532 -0.0309
vn 0.8128 -0.5607 0.1581
vn 0.8009 -0.5742 -0.1701
vn 0.8809 -0.4627 0.0995
vn 0.9084 -0.4180 0.0013
vn 0.9784 -0.2026 0.0406
vn 0.9752 0.0524 0.2150
vn 0.9867 0.0754 -0.1440
vn 0.2809 0.7803 0.5588
vn -0.5097 -0.8603 0.0087
vn 0.9074 0.4116 0.0856
vn 0.6768 -0.4604 -0.5745
vn -0.8377 0.1782 0.5162
vn -0.1346 0.0869 0.9871
vn 0.0367 0.0264 0.9990
vn -0.3767 0.8979 0.2279
vn -0.9793 -0.1087 0.1710
vn 0.2109 -0.9556 0.2056
vn -0.2407 -0.0358 -0.9699
vn -0.7520 0.6228 0.2160
vn 0.8660 0.5000 -0.0000
vn -0.2680 0.8294 0.4903
vn -0.8660 -0.5000 -0.0000
vn -0.9586 -0.2354 0.1599
vn -0.7125 0.6832 0.1599
vn 0.2754 0.9479 0.1599
vn 0.9479 0.2754 0.1599
vn 0.6832 -0.7125 0.1599
vn -0.2354 -0.9586 0.1599
vn 0.9975 -0.0632 -0.0319
vn -0.3016 -0.4267 0.8526
vn -0.1373 0.8550 -0.5001
vn 0.8626 -0.5053 -0.0227
vn -0.8958 -0.0101 0.4443
vn -0.9786 -0.2053 -0.0130
vn 0.9907 -0.0795 -0.1102
vn 0.0164 0.4894 0.8719
vn 0.5075 0.8602 0.0503
vn -0.6468 -0.6995 0.3039
vn -0.9437 0.2890 0.1612
vn -0.2754 0.9479 0.1599
vn 0.7706 0.5715 0.2820
vn 0.6094 -0.7040 0.3646
vn 0.1556 -0.8659 -0.4755
vn 0.0582 0.0652 0.9962
vn -0.0714 -0.0574 0.9958
vn -0.0222 -0.0391 0.9990
vn 0.7016 -0.6536 0.2838
vn -0.1319 -0.9655 0.2247
vn -0.7785 -0.6033 0.1733
vn -0.8674 0.3924 0.3060
vn 0.2173 0.9609 0.1716
vn 0.9493 0.2187 0.2257
vn 0.2719 -0.0798 0.9590
vn 0.0827 -0.0387 0.9958
vn 0.0331 0.0243 0.9992
vn 0.2038 0.0561 0.9774
vn -0.9998 0.0199 -0.0020
vn 0.0354 0.2667 0.9631
vn -0.1060 0.0993 0.9894
vn -0.1649 -0.0384 0.9856
vn -0.0648 -0.2920 0.9542
vn -0.0054 -0.1884 0.9821
vn -0.1028 0.0980 0.9899
vn -0.0699 0.0228 0.9973
vn 0.1540 0.0157 0.9880
vn 0.9437 0.2890 0.1611
vn 0.7211 -0.6709 0.1729
vn -0.2890 -0.9416 0.1729
vn -0.9630 -0.2066 0.1731
vn -0.6604 0.7307 0.1731
vn 0.2890 0.9437 0.1612
vn -0.1180 0.0764 0.9901
vn -0.1921 -0.0587 0.9796
vn -0.0706 -0.2311 0.9704
vn 0.1444 -0.1597 0.9765
vn 0.0363 -0.1189 0.9922
vn -0.1250 -0.0688 0.9898
vn 0.1145 -0.0198 0.9932
vn 0.2053 0.0440 0.9777
vn 0.0358 0.1171 0.9925
vn -0.1451 0.1352 0.9801
vn 0.4567 -0.7708 0.4443
vn 0.0133 0.0011 0.9999
vn 0.0096 -0.0239 0.9997
vn 0.8919 0.3760 0.2512
vn 0.7307 -0.6604 0.1731
vn -0.7715 -0.5979 0.2175
vn -0.9183 0.2964 0.2625
vn -0.1178 0.9399 0.3204
vn -0.3292 -0.3048 -0.8937
vn 0.0160 0.1207 0.9926
vn 0.0156 0.1219 0.9924
vn -0.1387 0.1257 0.9823
vn -0.2532 -0.1083 0.9613
vn 0.0406 -0.3353 0.9412
vn 0.1112 -0.0358 0.9932
vn 0.5669 0.0438 0.8226
vn 0.0946 -0.0906 0.9914
vn -0.1053 0.0605 0.9926
vn -0.1048 -0.0982 0.9896
vn 0.9957 0.0258 0.0895
vn -0.9423 -0.3346 0.0076
vn -0.7609 0.6488 0.0076
vn 0.1814 0.9834 0.0076
vn 0.9423 0.3346 0.0076
vn 0.7609 -0.6488 0.0076
vn -0.1814 -0.9834 0.0076
vn 0.5097 0.8603 0.0087
vn 0.9999 -0.0113 0.0087
vn 0.4902 -0.8716 0.0087
vn -0.9999 0.0113 0.0087
vn -0.4902 0.8716 0.0087
vn -0.7128 0.6442 0.2773
vn 0.1321 0.9671 0.2175
vn 0.8167 0.5241 0.2415
vn 0.7609 -0.5952 0.2583
vn -0.2717 -0.9349 0.2284
vn -0.9203 -0.2818 0.2713
vn 0.0185 -0.2235 0.9745
vn -0.0192 -0.1487 0.9887
vn 0.1903 -0.1723 0.9665
vn 0.0151 0.0046 0.9999
vn 0.0067 0.0246 0.9997
vn -0.2145 0.1668 0.9624
vn -0.1227 0.0329 0.9919
vn 0.0041 -0.1186 0.9929
vn 0.0499 0.0921 0.9945
vn -0.9918 -0.1184 0.0472
vn 0.8258 0.1119 0.5527
vn -0.0203 -0.0530 0.9984
vn -0.1028 -0.1062 0.9890
vn 0.5080 0.8610 0.0242
vn 0.9994 0.0333 0.0015
vn 0.9995 0.0026 0.0322
vn 0.9980 -0.0625 -0.0065
vn 0.9964 -0.0848 -0.0015
vn 0.9996 0.0275 0.0029
vn 0.5080 -0.8610 -0.0242
vn 0.9841 0.0479 -0.1710
vn -0.9958 0.0640 0.0656
vn -0.0474 0.9747 -0.2186
vn 0.0483 -0.9925 -0.1127
vn -0.9987 0.0095 0.0503
vn 0.7419 -0.6427 0.1912
vn 0.6648 0.7109 0.2295
vn 0.9675 0.1169 0.2241
vn -0.0162 0.2182 0.9758
vn -0.2056 -0.0268 0.9783
vn -0.0010 -0.1551 0.9879
vn 0.2766 -0.0393 0.9602
vn 0.1600 0.2017 0.9663
vn -0.0167 0.2210 0.9751
vn -0.0044 0.3405 0.9402
vn 0.1869 -0.0055 0.9824
vn -0.0086 -0.1790 0.9838
vn 0.9345 0.3558 0.0024
vn -0.9162 -0.0285 0.3996
vn 0.0153 -0.9645 0.2638
vn 0.8653 0.0286 0.5005
vn -0.0413 0.8645 0.5010
vn 0.6797 -0.6169 -0.3968
vn -0.9014 0.2531 -0.3514
vn -0.3778 -0.6901 0.6173
vn 0.6796 -0.6171 -0.3966
vn -0.9013 0.2532 -0.3515
vn -0.3779 -0.6901 0.6172
vn -0.4186 -0.8759 -0.2400
vn -0.6177 -0.7487 -0.2405
vn -0.4809 -0.7656 0.4274
vn -0.4698 -0.7639 0.4425
vn 0.0163 0.0465 0.9988
vn -0.2968 0.0857 -0.9511
vn -0.3558 -0.9345 -0.0056
vn 0.1489 0.9885 0.0265
vn -0.9997 -0.0219 -0.0142
vn -0.9973 -0.0013 0.0729
vn -0.9968 0.0797 -0.0067
vn 0.1672 -0.8805 0.4435
vn -0.1315 -0.0845 -0.9877
vn 0.9999 0.0058 0.0128
vn -0.9997 0.0013 -0.0261
vn -0.9973 -0.0638 0.0353
vn -0.9968 0.0456 0.0656
vn 0.1923 0.9810 0.0273
vn -0.0199 0.9995 0.0252
vn 0.5688 0.8223 0.0194
vn 0.9693 0.2440 0.0306
vn 0.4329 0.8991 0.0650
vn 0.9914 0.1291 -0.0214
vn -0.0000 1.0000 -0.0000
vn 0.0406 -0.0193 0.9990
vn 0.0082 -0.0856 -0.9963
vn 0.9675 -0.2525 -0.0108
vn 0.4970 0.8608 0.1102
vn 0.4942 0.8647 0.0901
vn 0.4447 0.8754 0.1895
vn -0.7267 -0.6870 -0.0013
vn -0.7692 -0.6385 0.0262
vn -0.7792 -0.6267 0.0106
vn 0.0036 -0.8679 0.4967
vn -0.9979 -0.0641 0.0092
vn -0.9977 -0.0665 0.0110
vn -0.0207 0.0268 -0.9994
vn 0.0182 -0.0138 -0.9997
vn -0.7073 -0.6662 -0.2363
vn 0.0082 0.0856 0.9963
vn -0.1591 -0.9873 0.0024
vn -0.2617 -0.6198 0.7398
vn -0.2680 0.0099 -0.9634
vn 0.7824 0.6222 0.0259
vn 0.6936 0.5621 -0.4505
vn -0.2521 -0.9493 0.1879
vn -0.6140 -0.7891 0.0160
vn 0.4736 0.7777 0.4134
vn 0.4278 0.7724 0.4694
vn 0.9943 -0.0220 0.1042
vn -0.8980 -0.0000 0.4401
vn -0.5990 -0.8006 -0.0160
vn -0.3900 0.0200 -0.9206
vn 0.0183 -0.0112 -0.9998
vn 0.0216 0.9994 -0.0258
vn 0.0704 -0.9974 0.0164
vn -0.0597 0.9567 0.2847
vn -0.9821 0.1883 0.0051
vn 0.3465 0.9380 -0.0116
vn 0.5530 0.8329 0.0209
vn 0.9675 0.1356 -0.2133
vn -0.9965 -0.0829 0.0040
vn 0.9081 -0.0000 0.4188
vn 0.6967 -0.7172 -0.0162
vn 0.4984 -0.0088 -0.8669
vn 0.7121 0.7020 -0.0086
vn 0.9814 0.1917 0.0056
vn 0.9974 0.0660 -0.0305
vn 0.9940 -0.0044 -0.1095
vn 0.9940 0.1090 -0.0000
vn 0.9859 -0.1673 0.0077
vn -0.9678 -0.0754 -0.2400
vn 0.7461 -0.6212 -0.2395
vn 0.7529 -0.6197 -0.2217
vn -0.9037 -0.0203 0.4278
vn 0.0122 0.0814 0.9966
vn -0.0777 0.0156 0.9969
vn -0.0114 -0.0990 0.9950
vn -0.9573 0.1606 -0.2405
vn -0.9034 0.0337 0.4274
vn -0.8964 0.0249 0.4425
vn 0.0072 0.5169 -0.8560
vn 0.0485 0.0092 0.9988
vn 0.6419 -0.7668 -0.0000
vn 0.6279 -0.7783 0.0011
vn 0.4646 -0.8776 0.1184
vn 0.4882 -0.8651 -0.1154
vn 0.5558 -0.8307 -0.0305
vn 0.0049 -0.0183 -0.9998
vn -0.0710 -0.0006 -0.9975
vn -0.0017 0.0875 -0.9962
vn 0.9457 0.3239 0.0273
vn 0.8556 0.5170 0.0252
vn 0.9965 -0.0814 0.0194
vn 0.6959 -0.7174 0.0306
vn 0.9951 0.0746 0.0650
vn 0.6075 -0.7940 -0.0214
vn 0.0070 0.9998 0.0190
vn 0.0036 -0.0448 0.9990
vn -0.2521 0.6373 0.7282
vn -0.5530 -0.8331 -0.0119
vn -0.4992 -0.8647 -0.0549
vn 0.1400 -0.0712 -0.9876
vn -0.9394 0.3420 0.0240
vn -0.9288 0.3704 -0.0078
vn 0.8293 0.5586 0.0158
vn 0.0376 -0.0172 0.9991
vn -0.0028 -0.0227 -0.9997
vn -0.9306 0.2795 -0.2363
vn -0.1319 -0.0573 0.9896
vn -0.0577 0.2206 0.9737
vn 0.7090 -0.5720 0.4124
vn 0.0117 0.0273 -0.9996
vn 0.9301 -0.3665 0.0259
vn 0.8387 -0.3294 -0.4338
vn -0.9995 -0.0160 -0.0257
vn 0.0353 -0.0142 0.9993
vn 0.0010 0.0132 0.9999
vn 0.0131 0.0596 0.9981
vn -0.9904 0.1372 0.0160
vn 0.6313 -0.7755 -0.0056
vn -0.2133 -0.1356 0.9675
vn 0.5492 -0.8005 -0.2400
vn 0.9999 -0.0060 -0.0154
vn 0.9965 0.0161 0.0821
vn 0.9994 -0.0225 -0.0276
vn 0.2167 0.1535 -0.9641
vn 0.3396 -0.9093 -0.2405
vn 0.4226 -0.7992 0.4274
vn 0.4266 -0.7888 0.4425
vn -0.0322 0.0374 0.9988
vn -0.9954 -0.0199 0.0940
vn 0.9083 0.3431 -0.2392
vn 0.9101 0.3492 -0.2231
vn -0.1843 -0.1278 0.9745
vn -0.2617 -0.3308 -0.9067
vn 0.9040 -0.3576 -0.2343
vn 0.0016 -0.0217 -0.9998
vn 0.0144 0.0151 -0.9998
vn 0.0376 -0.0625 -0.9973
vn -0.0681 -0.0401 -0.9969
vn -0.7529 0.6575 0.0273
vn -0.8755 0.4825 0.0252
vn -0.7419 0.6701 0.0243
vn -0.9455 0.3255 0.0077
vn -0.5521 0.8312 0.0652
vn 0.3839 0.9231 -0.0214
vn 0.7724 0.6249 -0.1134
vn 0.0370 0.0255 0.9990
vn 0.4903 -0.8294 -0.2679
vn 0.0082 0.8200 -0.5723
vn 0.8439 -0.3026 0.4430
vn 0.2316 -0.9728 -0.0013
vn 0.1684 -0.9854 0.0262
vn 0.1437 -0.9896 0.0011
vn 0.0211 0.0089 -0.9997
vn 0.2233 -0.9457 -0.2363
vn -0.1622 -0.1603 0.9737
vn -0.1425 -0.0731 0.9871
vn 0.9488 -0.3102 0.0593
vn 0.5203 -0.8539 -0.0056
vn -0.0295 -0.0036 -0.9996
vn -0.0075 0.1561 -0.9877
vn -0.1472 0.9888 0.0259
vn -0.1400 0.8817 -0.4505
vn 0.9981 -0.0411 -0.0450
vn 0.9995 -0.0315 -0.0039
vn 0.3763 -0.9263 0.0160
vn 0.4694 -0.7724 0.4278
vn -0.0123 -0.4741 0.8804
vn 0.9678 0.0754 -0.2400
vn 0.0070 0.8617 -0.5073
vn -0.9345 -0.3558 0.0024
vn 0.9573 -0.1606 -0.2405
vn 0.0742 -0.2999 -0.9511
vn 0.9034 -0.0337 0.4274
vn 0.8964 -0.0249 0.4425
vn 0.9037 0.0203 0.4278
vn -0.1698 -0.1066 0.9797
vn 0.0108 -0.2525 0.9675
vn -0.0485 -0.0092 0.9988
vn 0.0157 0.9903 0.1383
vn -0.0115 0.9934 0.1144
vn -0.0049 0.0183 -0.9998
vn 0.0710 0.0006 -0.9975
vn 0.0017 -0.0875 -0.9962
vn -0.0019 0.0014 1.0000
vn -0.9457 -0.3239 0.0273
vn -0.8556 -0.5170 0.0252
vn -0.9965 0.0814 0.0194
vn -0.6959 0.7175 0.0306
vn -0.9951 -0.0746 0.0650
vn -0.6075 0.7940 -0.0214
vn -0.0036 0.0448 0.9990
vn 0.9905 -0.0537 0.1269
vn 0.9765 -0.2147 -0.0198
vn 0.9835 -0.1786 -0.0271
vn 0.9612 -0.0849 -0.2626
vn 0.9904 0.0327 -0.1340
vn 0.9123 0.3092 -0.2684
vn 0.9908 0.1112 0.0775
vn 0.0082 -0.9056 -0.4240
vn 0.9634 0.0099 -0.2679
vn 0.4447 -0.6018 0.6634
vn 0.0028 0.0227 -0.9997
vn 0.9306 -0.2795 -0.2363
vn 0.9981 0.0184 -0.0581
vn 0.9995 -0.0163 -0.0255
vn -0.9301 0.3665 0.0259
vn -0.8387 0.3294 -0.4338
vn -0.0117 -0.0273 -0.9996
vn 0.9904 -0.1372 0.0160
vn 0.9997 0.0237 -0.0056
vn -0.2617 0.3308 0.9067
vn -0.4794 -0.8776 -0.0056
vn -0.4877 -0.8730 0.0069
vn 0.0006 0.1407 0.9901
vn -0.1325 -0.0007 0.9912
vn 0.3490 -0.9371 -0.0000
vn 0.4179 0.8762 -0.2401
vn 0.2413 -0.1109 -0.9641
vn -0.1317 -0.0042 -0.9913
vn 0.6177 0.7487 -0.2405
vn -0.7090 0.5720 0.4124
vn 0.4391 0.7809 0.4442
vn 0.4809 0.7656 0.4274
vn 0.4698 0.7639 0.4425
vn 0.4278 -0.0203 0.9037
vn -0.2028 0.0957 0.9745
vn -0.0163 -0.0465 0.9988
vn 0.2028 -0.0957 0.9745
vn 0.9663 -0.1196 0.2278
vn -0.0144 -0.0151 -0.9998
vn -0.0376 0.0625 -0.9973
vn 0.0681 0.0401 -0.9969
vn -0.1923 -0.9810 0.0273
vn 0.0199 -0.9995 0.0252
vn -0.5687 -0.8223 0.0194
vn -0.9693 -0.2440 0.0306
vn -0.4329 -0.8991 0.0650
vn -0.9914 -0.1291 -0.0214
vn 0.2241 -0.1169 0.9675
vn -0.0406 0.0193 0.9990
vn 0.4731 0.8393 -0.2679
vn -0.9991 0.0408 0.0077
vn 0.0070 -0.9998 -0.0190
vn -0.6790 -0.5851 0.4435
vn -0.0116 0.0282 0.9995
vn 0.2199 -0.0603 0.9737
vn 0.1346 -0.0868 0.9871
vn -0.9974 0.0713 0.0028
vn -0.2680 -0.0099 0.9634
vn -0.0182 0.0138 -0.9997
vn 0.7073 0.6662 -0.2363
vn 0.9995 0.0139 -0.0269
vn 0.9996 0.0277 -0.0108
vn 0.9981 0.0596 -0.0131
vn -0.4342 -0.7928 0.4278
vn -0.0061 0.0111 -0.9999
vn -0.7824 -0.6222 0.0259
vn -0.6936 -0.5621 -0.4505
vn -0.9793 0.2024 0.0086
vn -0.2618 -0.9506 -0.1669
vn 0.7267 0.6870 -0.0013
vn 0.7692 0.6385 0.0262
vn 0.7792 0.6267 0.0106
vn -0.9594 0.1856 -0.2123
vn 0.6140 0.7891 0.0160
vn 0.9996 -0.0043 0.0291
vn 0.4794 0.8776 -0.0056
vn -0.7515 0.6148 -0.2391
vn 0.1315 0.0845 -0.9877
vn 0.0070 0.8702 0.4926
vn -0.5493 0.8004 -0.2400
vn 0.4736 0.7468 -0.4668
vn -0.2167 -0.1535 -0.9641
vn 0.0070 0.0132 -0.9999
vn -0.3396 0.9093 -0.2405
vn -0.4226 0.7992 0.4274
vn -0.4266 0.7888 0.4425
vn -0.4694 0.7724 0.4278
vn 0.3292 0.3048 -0.8937
vn 0.0322 -0.0374 0.9988
vn -0.2520 0.9492 -0.1886
vn -0.2521 -0.6373 -0.7282
vn -0.9995 -0.0143 0.0265
vn 0.0007 0.0237 -0.9997
vn -0.9997 0.0219 0.0142
vn -0.9973 0.0013 -0.0729
vn -0.9968 -0.0797 0.0067
vn 0.7529 -0.6575 0.0273
vn 0.8756 -0.4825 0.0252
vn 0.7419 -0.6701 0.0243
vn 0.9455 -0.3256 0.0077
vn 0.5521 -0.8312 0.0652
vn -0.3839 -0.9231 -0.0214
vn -0.7724 -0.6249 -0.1134
vn -0.0370 -0.0255 0.9990
vn 0.0082 0.9056 0.4240
vn 0.4447 0.2736 0.8529
vn -0.9911 -0.0124 0.1323
vn -0.9040 0.3576 -0.2343
vn -0.1531 0.9882 0.0106
vn -0.1684 0.9854 0.0262
vn -0.0155 0.0039 -0.9999
vn -0.2222 0.9457 -0.2373
vn 0.1622 0.1603 0.9737
vn -0.1490 -0.8769 0.4570
vn -0.7776 0.6287 0.0086
vn -0.0302 0.0041 0.9995
vn 0.1472 -0.9888 0.0259
vn 0.1414 -0.8735 -0.4658
vn 0.4992 -0.8647 -0.0553
vn 0.0364 -0.0244 -0.9990
vn 0.0180 0.0118 -0.9998
vn -0.3764 0.9263 0.0160
vn 0.3016 -0.9534 -0.0055
vn -0.2432 -0.4212 -0.8737
vn -0.9640 -0.2657 -0.0051
vn 0.4736 0.0308 0.8802
vn 0.3490 -0.4686 -0.8116
vn 0.8775 -0.4788 -0.0274
vn -0.2521 0.3119 -0.9160
vn -0.3301 -0.9439 -0.0130
vn 0.9938 0.1102 -0.0169
vn 0.2450 0.4269 -0.8705
vn -0.2519 0.9677 -0.0043
vn -0.6419 0.7667 -0.0000
vn -0.6279 0.7783 0.0011
vn -0.5558 0.8307 -0.0305
vn -0.4882 0.8651 -0.1154
vn -0.2679 0.8393 -0.4731
vn -0.9974 -0.0713 -0.0028
vn -0.9712 -0.0590 0.2308
vn 0.6053 0.7960 -0.0000
vn 0.4448 -0.7801 0.4401
vn 0.9928 -0.1184 -0.0160
vn 0.1777 -0.3478 -0.9206
vn -0.9980 -0.0619 -0.0124
vn -0.9961 -0.0000 -0.0881
vn 0.0070 -0.8702 -0.4926
vn -0.7987 -0.5297 0.2855
vn -0.8764 -0.4810 -0.0258
vn -0.4774 0.8743 0.0877
vn 0.0006 0.0214 -0.9998
vn 0.3136 -0.9495 -0.0097
vn 0.5359 -0.8146 0.2218
vn 0.5701 -0.8216 0.0040
vn -0.4490 0.7777 0.4401
vn 0.2727 0.9620 -0.0166
vn -0.2416 0.4360 -0.8669
vn -0.9640 0.2657 -0.0086
vn -0.0704 0.9974 0.0164
vn -0.4359 0.8999 0.0116
vn 0.8980 -0.0000 0.4401
vn 0.5990 0.8006 -0.0160
vn 0.3900 -0.0200 -0.9206
vn 0.9999 0.0140 0.0014
vn -0.9873 -0.1591 -0.0056
vn -0.0183 0.0112 -0.9998
vn -0.0216 -0.9994 -0.0258
vn 0.0597 -0.9567 0.2847
vn 0.9741 -0.2261 0.0077
vn -0.9997 -0.0237 -0.0056
vn -0.9999 -0.0142 0.0069
vn 0.9821 -0.1883 0.0051
vn 0.9938 0.1113 -0.0053
vn -0.9081 -0.0000 0.4188
vn -0.6967 0.7172 -0.0162
vn -0.4984 0.0088 -0.8669
vn -0.7121 -0.7020 -0.0086
vn -0.9969 -0.0708 -0.0333
vn -0.9928 0.0083 -0.1196
vn 0.9663 0.1375 0.2175
vn 0.4736 -0.7468 0.4668
vn 0.9712 0.0590 0.2308
vn -0.9940 -0.1090 -0.0000
vn 0.9975 0.0609 0.0371
vn -0.9973 0.0729 0.0113
vn -0.3450 0.9385 -0.0104
vn 0.2432 0.4212 -0.8737
vn 0.9640 0.2657 -0.0051
vn -0.9995 0.0325 -0.0045
vn 0.0041 -0.0168 -0.9999
vn -0.0742 0.2999 -0.9511
vn 0.1505 0.8460 -0.5115
vn -0.9995 0.0303 -0.0010
vn 0.0683 -0.1272 0.9895
vn 0.1583 -0.1522 0.9756
vn 0.0450 0.0112 0.9989
vn 0.0978 0.0438 0.9942
vn 0.0111 0.0451 0.9989
vn -0.1606 0.1674 0.9727
vn -0.2044 -0.0593 0.9771
vn -0.1102 0.0187 0.9937
vn 0.3781 0.9258 -0.0000
vn -0.9833 -0.1815 -0.0092
vn -0.2119 -0.3806 -0.9001
vn 0.2519 -0.9677 -0.0052
vn -0.0124 0.4739 -0.8805
vn -0.4948 -0.8639 0.0944
vn -0.4970 -0.8608 0.1102
vn -0.5530 -0.8329 0.0209
vn -0.3398 -0.9404 -0.0123
vn -0.6053 -0.7960 -0.0000
vn -0.4448 0.7801 0.4401
vn -0.9928 0.1184 -0.0160
vn -0.1777 0.3478 -0.9206
vn -0.0073 -0.5392 -0.8421
vn 0.2842 -0.9570 -0.0585
vn 0.3490 0.9371 -0.0000
vn 0.8764 0.4810 -0.0258
vn -0.1305 0.0026 0.9915
vn -0.5781 0.8159 -0.0074
vn -0.4806 0.8656 -0.1407
vn -0.4990 0.8643 -0.0636
vn -0.0108 0.2525 0.9675
vn -0.3146 0.9492 -0.0088
vn -0.5359 0.8146 0.2218
vn -0.5701 0.8216 0.0040
vn 0.4490 -0.7777 0.4401
vn -0.2727 -0.9620 -0.0166
vn 0.2416 -0.4360 -0.8669
vn 0.9640 -0.2657 -0.0086
vn -0.0137 0.4810 0.8766
vn -0.1987 -0.1459 0.9691
vn 0.2858 0.5304 -0.7981
vn 0.1677 -0.8414 0.5137
vn 0.4774 -0.8743 0.0877
vn 0.4359 -0.8999 0.0116
vn 0.9028 -0.2416 -0.3559
vn -0.9028 -0.2416 0.3559
vn 0.0072 -0.5169 0.8560
vn -0.1616 0.8598 0.4844
vn 0.3460 -0.4691 0.8125
vn 0.2117 0.9524 0.2196
vn -0.0912 -0.7835 0.6147
vn 0.8660 -0.5000 -0.0000
vn 0.3460 0.4691 -0.8125
vn -0.1895 0.8594 0.4749
vn -0.2109 -0.9556 0.2056
vn 0.2407 -0.0358 -0.9699
vn 0.0912 0.7835 0.6146
vn 0.3767 -0.8979 0.2279
vn 0.0153 0.0103 -0.9998
vn 0.9210 -0.0644 0.3843
vn 0.8676 -0.2166 0.4476
vn 0.8949 -0.2917 0.3376
vn 0.8821 -0.3897 0.2646
vn 0.9142 -0.3828 0.1331
vn 0.8386 -0.5434 0.0396
vn 0.9198 -0.3836 -0.0830
vn 0.8958 -0.3660 -0.2523
vn 0.8960 -0.2938 -0.3328
vn 0.8952 -0.1943 -0.4011
vn 0.8960 -0.0880 -0.4352
vn 0.8953 0.0333 -0.4442
vn 0.8954 0.1473 -0.4203
vn 0.9088 0.2353 -0.3447
vn 0.8787 0.3602 -0.3133
vn 0.8966 0.4218 -0.1349
vn 0.9277 0.3705 -0.0458
vn 0.9191 0.3868 0.0746
vn 0.9267 0.3342 0.1720
vn 0.8766 0.2622 0.4036
vn 0.9235 0.1717 0.3431
vn 0.9285 0.0679 0.3650
vn -0.0171 0.1892 -0.9818
vn -0.0185 0.4352 -0.9001
vn -0.0375 0.6326 -0.7735
vn 0.0657 0.7471 -0.6615
vn -0.0172 0.8810 -0.4728
vn -0.0232 0.9502 -0.3108
vn -0.0183 0.9970 -0.0758
vn 0.1478 0.9710 0.1878
vn 0.0224 0.8992 0.4370
vn -0.0171 0.7552 0.6552
vn 0.0169 0.5774 0.8163
vn -0.0382 0.3537 0.9346
vn 0.0387 0.2206 0.9746
vn -0.0382 -0.0309 0.9988
vn 0.0387 -0.1692 0.9848
vn -0.0808 -0.4345 0.8970
vn -0.0380 -0.6329 0.7733
vn 0.0504 -0.7476 0.6622
vn -0.0175 -0.8934 0.4489
vn -0.0188 -0.9792 0.2021
vn 0.0144 -0.9991 -0.0388
vn -0.0808 -0.9461 -0.3137
vn -0.0375 -0.8495 -0.5263
vn 0.0657 -0.7533 -0.6543
vn -0.0172 -0.5838 -0.8117
vn -0.0607 -0.4315 -0.9001
vn -0.0380 -0.2282 -0.9729
vn 0.0504 -0.0702 -0.9963
vn -0.9284 -0.1631 0.3339
vn -0.9190 -0.2641 0.2928
vn -0.9207 -0.3249 0.2160
vn -0.9110 -0.3923 0.1271
vn -0.9243 -0.3815 0.0100
vn -0.9136 -0.3841 -0.1335
vn -0.9238 -0.2912 -0.2484
vn -0.9192 -0.2142 -0.3306
vn -0.9289 -0.1141 -0.3522
vn -0.9201 -0.0241 -0.3909
vn -0.9228 0.0857 -0.3757
vn -0.9355 0.2029 -0.2892
vn -0.9207 0.3208 -0.2223
vn -0.9224 0.3659 -0.1239
vn -0.9158 0.4009 -0.0242
vn -0.9179 0.3892 0.0778
vn -0.9254 0.3354 0.1766
vn -0.9199 0.2632 0.2907
vn -0.9203 0.1690 0.3529
vn -0.9249 0.0690 0.3740
vn -0.9252 -0.0343 0.3778
vn 0.0241 -0.2011 0.9793
vn 0.0211 -0.4182 0.9081
vn 0.0569 -0.5817 0.8114
vn 0.0567 -0.7334 0.6774
vn 0.0569 -0.8480 0.5270
vn 0.0867 -0.9350 0.3439
vn 0.0238 -0.9865 0.1619
vn 0.0211 -0.9990 -0.0389
vn 0.0569 -0.9722 -0.2270
vn 0.0733 -0.8969 -0.4362
vn 0.0180 -0.7688 -0.6392
vn 0.0567 -0.6333 -0.7718
vn 0.0248 -0.4358 -0.8997
vn 0.0850 -0.1883 -0.9784
vn 0.1172 0.0599 -0.9913
vn 0.0680 0.3149 -0.9467
vn 0.0129 0.5079 -0.8613
vn 0.0241 0.8347 -0.5503
vn 0.0207 0.9448 -0.3269
vn 0.0210 0.9972 -0.0724
vn 0.0216 0.9817 0.1890
vn 0.0210 0.8998 0.4359
vn 0.0213 0.7559 0.6544
vn 0.0249 0.5501 0.8347
vn 0.0241 0.3149 0.9488
vn 0.0207 0.0706 0.9973
vn -0.0519 -0.2020 0.9780
vn -0.0605 -0.1892 0.9801
vn 0.0985 -0.4177 0.9032
vn -0.0432 -0.4463 0.8939
vn 0.0006 -0.5837 0.8120
vn -0.1394 -0.6294 0.7645
vn -0.0033 -0.7337 0.6794
vn 0.0048 -0.7694 0.6388
vn 0.1343 -0.8407 0.5245
vn 0.0399 -0.8929 0.4485
vn 0.0439 -0.9373 0.3457
vn 0.0006 -0.9869 0.1614
vn 0.0397 -0.9786 0.2017
vn 0.0406 -0.9966 -0.0715
vn -0.0004 -0.9735 -0.2286
vn 0.0004 -0.9574 -0.2888
vn -0.0429 -0.8988 -0.4363
vn -0.0144 -0.8848 -0.4657
vn 0.1005 -0.7644 -0.6368
vn 0.0400 -0.7471 -0.6635
vn 0.0018 -0.6339 -0.7734
vn 0.0003 -0.5831 -0.8124
vn -0.0387 -0.4356 -0.8993
vn -0.0617 -0.4305 -0.9005
vn -0.0392 -0.1878 -0.9814
vn -0.1348 -0.2242 -0.9652
vn 0.0029 -0.0389 -0.9992
vn -0.0404 0.0591 -0.9974
vn 0.0040 0.1762 -0.9843
vn -0.0404 0.3154 -0.9481
vn -0.0409 0.3455 -0.9375
vn 0.0872 0.5172 -0.8514
vn -0.1867 0.5306 -0.8268
vn -0.0025 0.6980 -0.7161
vn 0.0153 0.7052 -0.7089
vn 0.1271 0.8273 -0.5472
vn -0.0546 0.8270 -0.5595
vn 0.0433 0.9442 -0.3265
vn -0.0364 0.9480 -0.3161
vn 0.0619 0.9956 -0.0703
vn -0.0402 0.9974 -0.0593
vn 0.0408 0.9812 0.1889
vn -0.0419 0.9787 0.2009
vn 0.0546 0.8872 0.4581
vn -0.1032 0.8894 0.4454
vn 0.0384 0.7472 0.6635
vn -0.0389 0.5494 0.8346
vn 0.0397 0.5612 0.8267
vn -0.0390 0.3143 0.9485
vn 0.0397 0.3277 0.9439
vn -0.0394 0.0715 0.9967
vn 0.0695 0.0587 0.9959
vn -0.8505 -0.3879 0.3554
vn -0.8757 -0.4572 -0.1552
vn -0.8587 -0.3800 -0.3438
vn 0.0289 0.2020 -0.9790
vn -0.1679 0.2380 -0.9567
vn -0.0092 0.4323 -0.9017
vn -0.0717 0.4342 -0.8979
vn 0.1799 0.5731 -0.7995
vn -0.1104 0.6301 -0.7686
vn 0.0376 0.7479 -0.6627
vn -0.1362 0.7551 -0.6413
vn 0.0661 0.8897 -0.4518
vn -0.1725 0.8686 -0.4645
vn 0.1589 0.9451 -0.2856
vn -0.0729 0.9479 -0.3101
vn -0.0406 0.9975 -0.0575
vn -0.0698 0.9947 -0.0760
vn 0.0590 0.9802 0.1891
vn 0.0256 0.9786 0.2042
vn 0.0522 0.8981 0.4367
vn -0.0475 0.8909 0.4517
vn 0.0373 0.7470 0.6638
vn -0.1524 0.7234 0.6734
vn 0.0726 0.5752 0.8148
vn -0.1265 0.5467 0.8277
vn 0.2026 0.4051 0.8915
vn -0.1499 0.3481 0.9254
vn 0.1151 0.2181 0.9691
vn -0.0676 0.1694 0.9832
vn 0.0775 0.0315 0.9965
vn -0.0537 -0.0312 0.9981
vn 0.0721 -0.1694 0.9829
vn -0.0680 -0.2198 0.9732
vn 0.2037 -0.3448 0.9163
vn -0.1815 -0.4293 0.8847
vn 0.1327 -0.5562 0.8204
vn -0.1606 -0.6259 0.7632
vn 0.1144 -0.7441 0.6581
vn -0.0013 -0.7692 0.6389
vn 0.0306 -0.8996 0.4357
vn -0.1307 -0.8862 0.4445
vn 0.0480 -0.9810 0.1877
vn -0.1049 -0.9741 0.2005
vn 0.1877 -0.9777 0.0945
vn -0.1845 -0.9828 0.0089
vn 0.0841 -0.9957 -0.0398
vn -0.0270 -0.9971 -0.0706
vn 0.0595 -0.9719 -0.2278
vn 0.0406 -0.9486 -0.3138
vn 0.0305 -0.8932 -0.4487
vn -0.1674 -0.8370 -0.5210
vn -0.0426 -0.7551 -0.6542
vn 0.1070 -0.5468 -0.8304
vn -0.0578 -0.5826 -0.8107
vn -0.0700 -0.4312 -0.8995
vn 0.1307 -0.3123 -0.9409
vn -0.1220 -0.2260 -0.9665
vn 0.1121 -0.0692 -0.9913
vn -0.0671 -0.0396 -0.9970
vn -0.8263 0.5515 0.1138
vn 0.0087 -0.8603 0.5097
vn 0.2278 0.5477 -0.8050
vn -0.2278 -0.5477 -0.8051
vn 0.7718 -0.6359 0.0024
vn -0.5261 0.8504 0.0038
vn -0.0000 0.6588 0.7523
vn 0.2564 -0.6168 -0.7442
vn 0.7987 0.5297 0.2855
vn 0.1273 -0.0916 0.9876
vn 0.1518 0.6512 0.7436
vn 0.3927 0.1973 0.8982
vn 0.1709 0.9663 -0.1924
vn 0.2357 0.2039 -0.9502
vn 0.2698 -0.7045 -0.6564
vn 0.2416 -0.9221 0.3024
vn 0.8040 -0.1285 -0.5807
vn 0.9409 0.3212 -0.1072
vn 0.9826 0.1357 0.1267
vn 0.9781 -0.0436 0.2034
vn 0.9918 0.0118 0.1273
vn 0.9891 0.1193 0.0864
vn 0.9987 0.0269 0.0433
vn 0.9994 -0.0079 -0.0324
vn 0.4060 0.7084 0.5773
vn 0.2357 -0.6517 0.7210
vn 0.2713 0.2818 0.9203
vn 0.2284 0.9349 0.2716
vn 0.1729 0.6709 -0.7211
vn 0.1731 -0.3025 -0.9373
vn 0.1731 -0.9630 -0.2066
vn 0.9562 -0.0010 0.2927
vn 0.9949 0.0308 0.0962
vn 0.9642 -0.1806 0.1942
vn 0.9706 -0.2313 -0.0672
vn 0.9825 -0.0546 -0.1779
vn 0.9920 -0.0072 -0.1262
vn 0.9530 0.2033 -0.2246
vn 0.9913 0.1284 0.0273
vn 0.9728 0.2318 0.0008
vn 0.9993 -0.0263 0.0252
vn 0.3664 -0.9032 0.2235
vn 0.3570 0.2825 0.8904
vn 0.2971 0.9021 -0.3129
vn 0.3646 -0.2819 -0.8875
vn 0.9918 0.0682 0.1082
vn 0.9595 0.0849 0.2686
vn 0.8937 -0.4240 0.1470
vn 0.9658 -0.0778 -0.2473
vn 0.9579 -0.0917 -0.2719
vn 0.9914 -0.1298 -0.0189
vn 0.9936 0.0059 0.1127
vn 0.9925 0.0674 -0.1023
vn 0.8758 0.4683 -0.1169
vn 0.3277 -0.2074 -0.9217
vn 0.2246 -0.9148 -0.3356
vn 0.3132 -0.5658 0.7627
vn 0.1716 0.6687 0.7235
vn 0.2560 0.8908 -0.3755
vn 0.9873 0.1591 -0.0056
vn 0.9774 -0.1942 0.0834
vn 0.9808 -0.1309 -0.1444
vn 0.9709 0.1413 -0.1933
vn 0.9837 -0.1609 0.0801
vn 0.9520 0.2721 0.1400
vn 0.9787 -0.1348 -0.1547
vn -0.0246 0.2644 -0.9641
vn 0.9793 0.1367 0.1489
vn 1.0000 -0.0043 -0.0067
vn 0.2415 0.3024 -0.9221
vn 0.3309 -0.7189 -0.6113
vn 0.2606 -0.7256 0.6369
vn 0.2625 0.2964 0.9183
vn 0.3290 0.9397 0.0932
vn 0.9998 -0.0138 0.0138
vn 0.9848 0.1336 0.1107
vn 0.9854 -0.0545 0.1612
vn 0.8958 0.0102 0.4443
vn -0.2680 -0.8393 0.4731
vn 0.0076 -0.3346 0.9423
vn 0.0076 0.6488 0.7609
vn 0.0076 0.9834 -0.1814
vn 0.0076 0.3346 -0.9423
vn 0.0076 -0.6488 -0.7609
vn 0.0076 -0.9834 0.1814
vn 0.0087 0.8603 -0.5097
vn 0.0087 -0.0113 -0.9999
vn 0.0087 -0.8716 -0.4902
vn 0.0087 0.0113 0.9999
vn 0.0087 0.8716 0.4902
vn 0.1709 0.7406 0.6498
vn 0.4053 0.6163 -0.6752
vn 0.3040 -0.6467 -0.6995
vn 0.2698 -0.9207 0.2819
vn 0.2257 -0.2852 0.9315
vn 0.9877 0.0871 0.1302
vn 0.9990 0.0296 0.0339
vn 0.9041 -0.2889 0.3149
vn 0.9750 -0.1686 -0.1446
vn 0.9697 0.0716 -0.2334
vn 0.9915 0.0902 -0.0937
vn 0.9849 -0.1206 -0.1246
vn 0.9759 0.1765 0.1282
vn 0.9876 -0.1408 0.0689
vn 0.9998 0.0170 -0.0139
vn 0.1444 -0.9512 0.2728
vn -0.6293 -0.2332 0.7413
vn 0.0347 0.0313 -0.9989
vn 0.1136 0.0214 0.9933
vn 0.0342 0.9993 -0.0157
vn -0.0338 -0.9982 -0.0486
vn 0.9999 0.0109 0.0030
vn 0.0202 -0.0125 -0.9997
vn 0.9994 -0.0071 -0.0330
vn -0.3968 -0.6169 -0.6797
vn -0.3514 0.2531 0.9014
vn 0.6173 -0.6901 0.3778
vn -0.3966 -0.6171 -0.6796
vn -0.3515 0.2532 0.9013
vn 0.6172 -0.6901 0.3779
vn -0.1948 -0.0154 0.9807
vn -0.0450 0.0411 0.9981
vn 0.0014 0.0302 0.9995
vn -0.2883 -0.9124 0.2904
vn -0.9974 0.0381 -0.0604
vn 0.4278 -0.7869 0.4447
vn 0.4030 -0.3247 0.8557
vn 0.0182 0.0221 0.9996
vn 0.9988 0.0465 -0.0163
vn 0.1639 0.9570 -0.2393
vn 0.1601 0.9610 -0.2254
vn 0.9583 -0.2858 -0.0013
vn 0.9394 -0.3420 0.0240
vn 0.9288 -0.3704 -0.0078
vn 0.9719 0.0730 0.2236
vn -0.9997 -0.0013 0.0241
vn -0.9975 0.0618 -0.0350
vn -0.9973 -0.0421 -0.0595
vn -0.1718 -0.0225 0.9849
vn -0.5142 0.0156 0.8575
vn 0.0273 0.9810 -0.1923
vn 0.0222 0.9758 0.2177
vn -0.0118 0.8251 -0.5649
vn 0.0053 0.4623 -0.8867
vn 0.1319 0.0573 0.9896
vn 0.0650 0.8991 -0.4329
vn -0.0259 0.4376 -0.8988
vn 0.9990 -0.0193 -0.0406
vn 0.9991 -0.0408 0.0077
vn -0.1400 0.0712 -0.9876
vn 0.0157 -0.6149 0.7885
vn -0.0090 -0.5975 0.8018
vn 0.4447 -0.2736 -0.8529
vn -0.9594 -0.0910 -0.2669
vn -0.9997 -0.0138 -0.0182
vn -0.3232 -0.6503 0.6875
vn -0.1568 -0.9582 -0.2392
vn -0.1526 -0.9626 -0.2239
vn 0.9737 0.0603 0.2199
vn 0.4278 -0.7928 0.4342
vn 0.8339 0.3094 0.4570
vn 0.0019 -0.9922 0.1244
vn 0.0577 -0.2206 0.9737
vn 0.9663 -0.2571 0.0103
vn -0.4028 0.7264 0.5569
vn -0.0064 0.6221 -0.7829
vn -0.9793 0.1087 -0.1710
vn -0.9989 0.0356 0.0292
vn 0.4736 -0.0308 -0.8802
vn 0.0459 -0.9413 0.3346
vn -0.0041 -0.8766 0.4813
vn 0.4018 -0.0000 0.9157
vn -0.4781 0.8721 0.1042
vn -0.9998 -0.0134 -0.0165
vn -0.0219 0.9995 -0.0230
vn 0.2680 0.9632 0.0193
vn -0.2521 -0.3117 0.9161
vn 0.0058 0.1876 0.9822
vn 0.1894 -0.0120 0.9818
vn 0.0005 -0.1885 0.9821
vn 0.4188 -0.0000 -0.9081
vn -0.2413 0.1109 -0.9641
vn 0.2838 -0.0988 -0.9538
vn -0.0005 0.1470 -0.9891
vn 0.4342 0.7928 0.4278
vn -0.9594 -0.2766 -0.0546
vn 0.0044 0.1984 -0.9801
vn 0.1719 0.0041 -0.9851
vn -0.0036 -0.1979 -0.9802
vn 0.7543 0.6132 -0.2347
vn 0.0020 -0.3884 0.9215
vn -0.0581 -0.0184 0.9981
vn -0.0255 0.0163 0.9995
vn 0.9719 0.2302 0.0486
vn -0.2883 -0.2047 0.9354
vn 0.9675 0.2525 0.0108
vn 0.4278 -0.0083 0.9038
vn 0.4030 0.5787 0.7090
vn 0.9988 0.0092 -0.0485
vn -0.4390 -0.7809 0.4443
vn -0.9995 0.0143 -0.0265
vn -0.9975 -0.0612 -0.0360
vn -0.9997 0.0197 -0.0115
vn -0.9971 -0.0341 0.0684
vn 0.0273 0.3239 -0.9457
vn 0.0222 0.6764 -0.7362
vn -0.0121 -0.2133 -0.9769
vn -0.0082 -0.3174 -0.9483
vn 0.0652 0.0626 -0.9959
vn -0.0259 -0.5596 -0.8284
vn 0.9990 -0.0448 -0.0036
vn 0.9981 0.0411 0.0450
vn 0.9995 0.0302 -0.0014
vn 0.0082 -0.8200 0.5723
vn -0.5075 -0.8602 0.0503
vn 0.0036 0.0038 -1.0000
vn 0.6790 0.5851 0.4435
vn -0.2241 0.1169 0.9675
vn 0.0157 0.3754 0.9267
vn -0.0090 0.3956 0.9184
vn -0.9916 -0.1069 -0.0724
vn 0.0152 -0.0054 -0.9999
vn -0.0040 -0.0342 -0.9994
vn -0.9997 -0.0227 0.0028
vn -0.3232 0.2702 0.9069
vn 0.9737 0.2206 0.0577
vn 0.9871 0.1600 -0.0079
vn -0.9793 -0.0938 -0.1796
vn 0.0581 0.0184 0.9981
vn 0.0255 -0.0163 0.9995
vn -0.9989 0.0431 -0.0162
vn -0.0064 -0.3665 -0.9304
vn 0.3558 0.9345 -0.0056
vn -0.0041 -0.0215 0.9998
vn 0.0070 -0.0132 0.9999
vn 0.0459 -0.1809 0.9824
vn 0.4278 -0.7724 -0.4694
vn 0.4736 -0.7777 -0.4134
vn -0.1525 0.9599 -0.2352
vn 0.0012 -0.6043 -0.7967
vn -0.2638 0.9499 0.1677
vn -0.2883 -0.7076 -0.6451
vn 0.9719 -0.1571 0.1751
vn 0.4278 -0.7786 -0.4591
vn 0.4030 -0.9034 0.1467
vn 0.9988 0.0374 0.0322
vn 0.9719 -0.2302 -0.0486
vn -0.9983 0.0445 0.0379
vn 0.0202 -0.0049 -0.9998
vn -0.0353 -0.0638 -0.9973
vn -0.0688 0.0389 -0.9969
vn 0.0207 -0.0268 -0.9994
vn 0.0273 0.6570 0.7534
vn 0.0222 0.2994 0.9539
vn -0.0118 0.9017 0.4321
vn 0.0053 0.9991 -0.0429
vn 0.0650 0.8245 0.5622
vn -0.0259 0.9972 -0.0704
vn 0.9990 0.0255 -0.0370
vn 0.0163 0.1428 0.9896
vn -0.2680 -0.8294 -0.4903
vn -0.5349 -0.8449 0.0077
vn 0.4447 0.6018 -0.6634
vn 0.9998 -0.0188 -0.0051
vn -0.9943 0.0220 0.1042
vn -0.9997 0.0089 -0.0211
vn -0.3232 -0.9205 -0.2195
vn -0.0041 -0.8551 -0.5185
vn 0.9663 -0.1375 -0.2175
vn -0.9989 -0.0075 0.0455
vn -0.6314 0.7754 -0.0056
vn -0.0064 0.9891 0.1474
vn 0.9737 -0.1603 0.1622
vn 0.0019 0.6038 0.7971
vn 0.0157 -0.9903 -0.1383
vn -0.8305 0.0143 0.5569
vn 0.0459 -0.7604 -0.6479
vn 0.9675 -0.1356 0.2133
vn -0.5203 0.8539 -0.0056
vn -0.5122 0.8588 0.0069
vn -0.4567 0.7708 0.4443
vn -0.2883 0.2047 -0.9354
vn -0.4731 -0.8393 -0.2679
vn 0.1843 0.1278 0.9745
vn 0.4278 0.0083 -0.9038
vn 0.4030 -0.5787 -0.7090
vn 0.2133 0.1356 0.9675
vn -0.9974 0.0332 0.0632
vn 0.9988 -0.0092 0.0485
vn -0.9594 0.2766 0.0546
vn -0.9973 0.0625 0.0376
vn -0.9997 -0.0233 0.0119
vn -0.9968 0.0340 -0.0723
vn 0.0070 0.0085 0.9999
vn 0.0273 -0.3239 0.9457
vn 0.0222 -0.6764 0.7362
vn -0.0118 0.0767 0.9970
vn 0.0053 0.5367 0.8437
vn 0.0650 -0.0746 0.9951
vn -0.0259 0.5596 0.8284
vn 0.9990 0.0448 0.0036
vn 0.0450 -0.0411 0.9981
vn -0.0014 -0.0302 0.9995
vn 0.4278 0.0203 -0.9037
vn -0.4642 0.8857 0.0077
vn -0.1672 0.8805 0.4435
vn 0.5261 -0.8504 0.0038
vn 0.9998 -0.0050 -0.0189
vn -0.9997 0.0227 -0.0028
vn -0.3232 -0.2702 -0.9069
vn -0.8339 -0.3094 0.4570
vn 0.9737 -0.2206 -0.0577
vn 0.9663 0.1196 -0.2278
vn -0.9989 -0.0431 0.0162
vn -0.0064 0.3666 0.9304
vn -0.0131 -0.0596 0.9981
vn -0.0353 0.0142 0.9993
vn 0.0459 0.1809 -0.9824
vn 0.0012 0.3878 -0.9217
vn 0.9998 0.0138 -0.0138
vn -0.0012 0.9321 -0.3622
vn -0.0029 0.9256 -0.3785
vn -0.0163 -0.1428 0.9896
vn -0.4903 0.8294 -0.2679
vn -0.9594 0.0910 0.2669
vn -0.2883 0.9124 -0.2904
vn 0.9981 -0.0184 0.0581
vn 0.9995 0.0124 0.0292
vn 0.9954 0.0199 0.0940
vn 0.4278 0.7869 -0.4447
vn 0.4030 0.3247 -0.8557
vn 0.9719 -0.0730 -0.2236
vn 0.4278 0.7928 -0.4342
vn 0.9988 -0.0465 0.0163
vn 0.9675 -0.1169 -0.2241
vn -0.1273 0.0916 0.9876
vn -0.9084 -0.3430 -0.2391
vn 0.0157 -0.3754 -0.9267
vn -0.0090 -0.3956 -0.9184
vn -0.0053 0.0129 -0.9999
vn -0.2617 0.6198 -0.7398
vn 0.0273 -0.9810 0.1923
vn 0.0222 -0.9758 -0.2177
vn -0.0121 -0.7394 0.6732
vn -0.0082 -0.6625 0.7490
vn 0.0652 -0.8938 0.4438
vn -0.0259 -0.4376 0.8988
vn -0.0000 -1.0000 -0.0000
vn 0.9990 0.0193 0.0406
vn 0.9995 -0.0139 0.0269
vn 0.9996 -0.0277 0.0108
vn 0.9981 -0.0596 0.0131
vn -0.4060 -0.7084 0.5773
vn 0.5349 0.8449 0.0077
vn -0.8439 0.3026 0.4430
vn -0.9793 0.0938 0.1796
vn -0.9997 0.0138 0.0182
vn -0.3232 0.6503 -0.6875
vn 0.9737 -0.0603 -0.2199
vn 0.9663 0.2571 -0.0103
vn 0.1423 -0.9617 -0.2343
vn -0.0064 -0.6221 0.7829
vn 0.5717 -0.8204 -0.0087
vn 0.4812 -0.8666 -0.1324
vn -0.8597 0.5101 -0.0255
vn 0.0157 0.6149 -0.7885
vn -0.0090 0.5975 -0.8018
vn 0.0459 0.9413 -0.3346
vn 0.0012 0.9925 -0.1222
vn -0.0041 0.8766 -0.4813
vn 0.0070 0.8725 -0.4885
vn -0.9989 -0.0356 -0.0292
vn -0.6476 -0.7620 -0.0000
vn -0.5510 -0.8340 -0.0289
vn -0.6311 -0.7757 0.0013
vn -0.4376 -0.8990 0.0166
vn -0.4958 -0.8614 0.1103
vn -0.9741 0.2261 0.0077
vn -0.9975 0.0638 -0.0317
vn -0.9946 -0.0032 -0.1034
vn 0.5530 0.8331 -0.0119
vn 0.4992 0.8647 -0.0549
vn -0.2883 0.7078 0.6449
vn 0.1490 0.8769 0.4570
vn 0.9719 0.1571 -0.1751
vn 0.4278 0.7786 0.4591
vn 0.4030 0.9034 -0.1467
vn 0.9988 -0.0374 -0.0322
vn 0.0128 -0.1602 -0.9870
vn 0.4781 -0.8721 0.1042
vn -0.4646 0.8776 0.1184
vn 0.9980 -0.0624 -0.0119
vn -0.0202 0.0049 -0.9998
vn 0.0353 0.0638 -0.9973
vn 0.0688 -0.0389 -0.9969
vn 0.0273 -0.6570 -0.7534
vn 0.0222 -0.2994 -0.9539
vn -0.0118 -0.9017 -0.4321
vn 0.0053 -0.9991 0.0429
vn 0.0650 -0.8245 -0.5622
vn -0.0259 -0.9972 0.0704
vn 0.9961 -0.0227 0.0854
vn 0.9990 -0.0255 0.0370
vn -0.0074 0.5394 0.8420
vn 0.4642 -0.8857 0.0077
vn 0.4447 -0.8754 -0.1895
vn -0.9999 0.0039 0.0155
vn -0.3232 0.9209 0.2177
vn 0.0056 -0.4834 -0.8754
vn -0.7543 -0.6132 -0.2347
vn -0.0064 -0.9891 -0.1474
vn -0.9981 -0.0372 -0.0499
vn -0.9996 0.0131 -0.0234
vn 0.0459 0.7604 0.6479
vn -0.9594 -0.1856 0.2123
vn 0.9737 0.1603 -0.1622
vn 0.8305 -0.0143 0.5569
vn -0.0041 0.8551 0.5185
vn -0.9776 -0.2102 0.0068
vn 0.4015 -0.7926 0.4588
vn -0.8678 -0.4225 0.2615
vn 0.0240 0.0960 0.9951
vn 0.0005 -0.7999 0.6002
vn -0.0824 -0.8640 0.4966
vn 0.6476 0.7620 -0.0000
vn 0.4584 0.8884 -0.0259
vn 0.4376 0.8990 0.0166
vn 0.4958 0.8614 0.1103
vn 0.4973 0.8613 0.1045
vn 0.4954 0.8633 -0.0962
vn 0.6311 0.7757 0.0013
vn -0.9961 0.0227 0.0854
vn 0.1830 -0.8456 -0.5015
vn -0.0000 -0.8038 0.5948
vn -0.8658 0.4999 -0.0204
vn 0.0804 -0.8657 0.4941
vn 0.0003 -0.9448 0.3275
vn 0.4158 0.7941 -0.4434
vn 0.0212 0.8917 0.4520
vn 0.0246 -0.2644 -0.9641
vn -0.0089 0.7242 -0.6895
vn 0.3903 -0.7923 -0.4690
vn 0.2858 -0.5304 0.7981
vn 0.4028 -0.7264 0.5569
vn -0.0044 0.0450 0.9990
vn -0.0065 0.0250 0.9997
vn 0.0456 -0.0043 0.9989
vn -0.0034 -0.9474 -0.3201
vn -0.1991 -0.8526 -0.4832
vn 0.0003 -0.7542 -0.6567
vn 0.5091 0.7319 0.4530
vn 0.0178 0.0381 0.9991
vn -0.0009 0.7830 0.6221
vn -0.1322 0.8603 0.4923
vn -0.0185 0.2235 0.9745
vn -0.0039 0.8026 0.5965
vn -0.0067 0.9548 0.2972
vn 0.4018 -0.0000 -0.9157
vn -0.2087 0.0150 -0.9779
vn 0.1556 0.8659 0.4755
vn -0.0119 -0.9997 0.0234
vn 0.9960 -0.0621 0.0644
vn -0.9998 0.0133 0.0165
vn 0.0008 -0.1426 -0.9898
vn -0.1280 -0.0023 -0.9918
vn -0.8293 -0.5586 0.0158
vn 0.0058 -0.1876 -0.9822
vn -0.0006 -0.0214 -0.9998
vn 0.1894 0.0120 -0.9818
vn -0.0005 0.1895 -0.9819
vn 0.4158 -0.0130 0.9094
vn 0.0178 -0.8402 0.5420
vn -0.0859 0.8642 -0.4958
vn 0.1505 0.0199 0.9884
vn 0.0003 -0.1514 0.9885
vn -0.0032 -0.1142 0.9935
vn -0.0036 0.1930 0.9812
vn 0.4323 0.7799 -0.4527
vn -0.8706 0.4219 -0.2531
vn 0.0240 -0.0960 -0.9951
vn 0.0008 0.7968 -0.6042
vn -0.9994 -0.0351 0.0002
vn -0.0000 0.8038 -0.5948
vn 0.0804 0.8657 -0.4941
vn 0.9975 -0.0609 -0.0371
vn 0.0003 0.9461 -0.3239
vn 0.3876 -0.8038 0.4513
vn 0.0211 -0.8917 -0.4521
vn -0.0020 -0.9259 0.3778
vn -0.0044 -0.9361 0.3518
vn -0.1363 -0.8556 0.4994
vn -0.9999 -0.0157 0.0041
vn -0.0093 -0.7255 0.6882
vn 0.3903 0.7923 0.4690
vn 0.9957 -0.0258 -0.0895
vn 0.0580 -0.2001 0.9781
vn 0.2125 -0.0652 0.9750
vn 0.1116 0.0294 0.9933
vn 0.1228 0.1356 0.9831
vn -0.1313 0.1523 0.9796
vn -0.1270 -0.0429 0.9910
vn 0.0568 -0.2088 0.9763
vn -0.4599 0.8749 0.1517
vn 0.0877 0.1136 0.9897
vn -0.0034 0.9474 0.3201
vn 0.1830 0.8456 0.5015
vn 0.0019 0.7552 0.6555
vn 0.5091 -0.7319 -0.4530
vn 0.0179 -0.0382 -0.9991
vn -0.0035 -0.8030 -0.5960
vn -0.0067 -0.9548 -0.2972
vn -0.3559 -0.2416 -0.9028
vn 0.3559 -0.2416 0.9028
vn 0.2278 0.4233 -0.8769
vn -0.2278 0.9711 0.0718
vn -0.0005 -0.7831 -0.6219
vn -0.1322 -0.8608 -0.4915
vn -0.9634 -0.0099 -0.2679
vn 0.9987 -0.0095 0.0503
vn 0.3142 0.4747 0.8222
vn 0.0074 -0.0193 0.9998
vn -0.0023 0.0201 0.9998
vn 0.1563 0.1892 0.9694
vn 0.0377 0.3237 0.9454
vn 0.1420 0.2723 0.9517
vn 0.3018 -0.0501 0.9521
vn 0.3144 0.0601 0.9474
vn 0.4085 0.1369 0.9025
vn 0.2564 0.3462 0.9025
vn 0.4643 0.2728 0.8426
vn 0.1579 0.5797 0.7994
vn 0.2193 0.5358 0.8154
vn 0.5773 -0.0430 0.8154
vn 0.6001 0.0290 0.7994
vn 0.5965 0.3016 0.7438
vn 0.7126 0.0908 0.6956
vn 0.6418 0.4477 0.6227
vn 0.5023 0.5913 0.6309
vn 0.4165 0.5148 0.7493
vn 0.2904 0.7415 0.6049
vn 0.8266 0.3545 0.4371
vn 0.7718 0.4296 0.4688
vn 0.5468 0.6939 0.4686
vn 0.4927 0.6273 0.6031
vn -0.1321 0.2090 0.9689
vn -0.2922 0.1360 0.9466
vn -0.2149 0.2184 0.9519
vn -0.0040 0.4308 0.9025
vn -0.2500 0.3508 0.9025
vn -0.1151 0.5268 0.8421
vn -0.5025 0.3293 0.7994
vn -0.4418 0.3741 0.8154
vn -0.0615 0.7564 0.6512
vn -0.0290 0.7025 0.7111
vn -0.3922 0.6592 0.6416
vn -0.3476 0.5798 0.7369
vn -0.6155 0.5053 0.6049
vn -0.1909 0.8477 0.4949
vn -0.1735 0.7936 0.5831
vn -0.4896 0.7323 0.4732
vn -0.4443 0.6625 0.6031
vn -0.2389 -0.0595 0.9692
vn -0.2197 -0.2358 0.9466
vn -0.2741 -0.1369 0.9519
vn -0.4109 0.1293 0.9025
vn -0.4109 -0.1293 0.9025
vn -0.5366 0.0533 0.8421
vn -0.4684 -0.3762 0.7994
vn -0.4924 -0.3046 0.8154
vn -0.5232 -0.4923 0.6956
vn -0.7803 0.1638 0.6036
vn -0.6771 0.1895 0.7111
vn -0.7482 -0.1693 0.6416
vn -0.6588 -0.1515 0.7369
vn -0.7744 -0.2818 0.5665
vn -0.8863 0.0655 0.4584
vn -0.8117 0.1076 0.5741
vn -0.7799 -0.2547 0.5717
vn -0.7727 -0.4246 0.4719
vn -0.0145 -0.2457 0.9692
vn 0.1598 -0.2840 0.9454
vn 0.0451 -0.3038 0.9517
vn -0.2500 -0.3508 0.9025
vn -0.0040 -0.4308 0.9025
vn -0.2153 -0.4936 0.8426
vn 0.2130 -0.5618 0.7994
vn 0.1375 -0.5624 0.8154
vn -0.3053 -0.5946 0.7438
vn -0.2561 -0.7394 0.6227
vn -0.0588 -0.7736 0.6309
vn -0.0344 -0.6613 0.7493
vn 0.2009 -0.7706 0.6049
vn -0.4738 -0.7507 0.4605
vn -0.3519 -0.7924 0.4982
vn -0.0356 -0.9028 0.4287
vn -0.0299 -0.7971 0.6031
vn 0.2292 -0.0931 0.9689
vn 0.2564 -0.3462 0.9025
vn 0.4085 -0.1369 0.9025
vn 0.4028 -0.3585 0.8421
vn 0.4944 -0.5758 0.6512
vn 0.4364 -0.5513 0.7111
vn 0.7048 -0.3028 0.6416
vn 0.6220 -0.2647 0.7369
vn 0.7921 -0.2271 0.5665
vn 0.6527 -0.5736 0.4949
vn 0.6069 -0.5401 0.5831
vn 0.7806 -0.2524 0.5717
vn 0.8747 -0.1107 0.4719
vn 0.9355 0.0864 0.3425
vn 0.9781 0.0620 0.1986
vn 0.9467 -0.2228 0.2328
vn 0.9738 -0.1449 0.1754
vn 0.9844 0.1544 0.0845
vn 0.9500 0.3001 0.0866
vn 0.9725 0.2238 0.0649
vn 0.9815 -0.1857 -0.0474
vn 0.9910 -0.0014 -0.1339
vn 0.9217 -0.3859 -0.0385
vn 0.9630 -0.1136 -0.2443
vn 0.9836 -0.0869 -0.1582
vn 0.9417 0.2733 -0.1961
vn 0.8723 0.4639 -0.1547
vn 0.8963 0.3817 -0.2257
vn 0.8776 -0.4503 -0.1644
vn 0.8860 -0.3399 -0.3152
vn 0.8231 -0.3499 -0.4473
vn 0.9068 -0.0151 -0.4213
vn 0.9052 0.1469 -0.3988
vn 0.9511 0.1870 -0.2458
vn 0.8566 0.3820 -0.3470
vn 0.8115 -0.1060 -0.5747
vn 0.7739 0.2316 -0.5895
vn 0.8561 0.2312 -0.4622
vn 0.2208 0.8630 0.4543
vn 0.2459 0.8476 0.4703
vn 0.2377 0.9489 0.2076
vn 0.2027 0.9634 0.1753
vn 0.5059 0.8329 0.2243
vn 0.4392 0.8815 0.1731
vn 0.1890 0.9810 0.0436
vn 0.4799 0.8761 -0.0474
vn 0.1144 0.9923 -0.0469
vn -0.0822 0.9959 -0.0385
vn 0.6518 0.7574 -0.0385
vn 0.3864 0.8946 -0.2244
vn 0.4118 0.9020 -0.1296
vn 0.1791 0.9465 -0.2684
vn -0.1588 0.9722 -0.1719
vn 0.7000 0.6930 -0.1724
vn 0.4472 0.8075 -0.3847
vn 0.4529 0.8222 -0.3447
vn 0.1154 0.9216 -0.3707
vn 0.1187 0.9319 -0.3427
vn 0.7139 0.5540 -0.4284
vn 0.4870 0.7293 -0.4805
vn 0.1735 0.7936 -0.5831
vn 0.1909 0.8477 -0.4949
vn -0.1149 0.8649 -0.4887
vn -0.7198 0.4974 0.4842
vn -0.7439 0.6219 0.2444
vn -0.9069 0.3427 0.2450
vn -0.8708 0.4620 0.1684
vn -0.6998 0.6938 0.1700
vn -0.6900 0.7201 0.0730
vn -0.8780 0.4773 0.0357
vn -0.6518 0.7574 0.0385
vn -0.9084 0.4155 -0.0469
vn -0.9725 0.2296 -0.0385
vn -0.7545 0.6135 -0.2331
vn -0.8448 0.4628 -0.2684
vn -0.9737 0.1494 -0.1719
vn -0.4329 0.8853 -0.1697
vn -0.5056 0.8331 -0.2244
vn -0.4747 0.7606 -0.4428
vn -0.6458 0.6510 -0.3989
vn -0.6933 0.6656 -0.2762
vn -0.8408 0.3945 -0.3707
vn -0.8497 0.4008 -0.3427
vn -0.2299 0.8707 -0.4349
vn -0.5384 0.6969 -0.4738
vn -0.7012 0.4103 -0.5831
vn -0.7473 0.4435 -0.4949
vn -0.8580 0.1580 -0.4887
vn -0.7089 -0.6100 0.3541
vn -0.7410 -0.6338 0.2220
vn -0.7026 -0.6893 0.1764
vn -0.9042 -0.3709 0.2120
vn -0.8447 -0.5110 0.1593
vn -0.6849 -0.7271 -0.0474
vn -0.5189 -0.8540 -0.0385
vn -0.9699 -0.2373 -0.0544
vn -0.8692 -0.4712 -0.1497
vn -0.7123 -0.6580 -0.2443
vn -0.7446 -0.6484 -0.1582
vn -0.4487 -0.8804 -0.1535
vn -0.5003 -0.8046 -0.3200
vn -0.9747 -0.1510 -0.1646
vn -0.8648 -0.2599 -0.4295
vn -0.8340 -0.3869 -0.3933
vn -0.7248 -0.5452 -0.4213
vn -0.4861 -0.8007 -0.3500
vn -0.8991 0.0504 -0.4349
vn -0.8504 -0.2908 -0.4384
vn -0.5942 -0.5628 -0.5747
vn -0.5029 -0.6423 -0.5784
vn 0.3286 -0.8280 0.4543
vn 0.2993 -0.8302 0.4703
vn 0.3616 -0.8997 0.2444
vn 0.4435 -0.8800 0.1700
vn 0.1569 -0.9741 0.1629
vn 0.1241 -0.9889 0.0812
vn 0.4717 -0.8788 0.0730
vn 0.5189 -0.8540 0.0385
vn 0.0869 -0.9943 0.0613
vn 0.2562 -0.9611 -0.1034
vn 0.5515 -0.8086 -0.2050
vn 0.7062 -0.6846 -0.1809
vn -0.1689 -0.9689 -0.1809
vn 0.1182 -0.9167 -0.3816
vn 0.1131 -0.9517 -0.2855
vn 0.4460 -0.8141 -0.3720
vn 0.4679 -0.8364 -0.2855
vn -0.2309 -0.8829 -0.4089
vn 0.0358 -0.8802 -0.4733
vn 0.3261 -0.7440 -0.5831
vn 0.3492 -0.8151 -0.4623
vn 0.6047 -0.6353 -0.4804
vn 0.7400 -0.4683 -0.4829
vn 0.7389 0.6337 -0.2289
vn 0.6900 0.7201 -0.0730
vn 0.8780 0.4772 -0.0366
vn 0.7722 0.6269 0.1034
vn 0.4800 0.7777 0.4060
vn 0.6530 0.6473 0.3933
vn 0.6787 0.6857 0.2629
vn 0.8201 0.3762 0.4311
vn 0.8654 0.4208 0.2721
vn -0.2399 0.9396 -0.2441
vn -0.4298 0.9022 -0.0357
vn -0.1349 0.9882 -0.0730
vn -0.4907 0.8701 0.0469
vn -0.2535 0.9671 0.0190
vn -0.4114 0.8710 0.2684
vn -0.2498 0.9398 0.2331
vn -0.0293 0.9785 0.2041
vn -0.4458 0.8079 0.3855
vn -0.4503 0.8256 0.3399
vn -0.1163 0.9209 0.3721
vn -0.1268 0.9461 0.2981
vn -0.9678 0.0621 -0.2441
vn -0.9789 -0.1876 -0.0812
vn -0.9815 0.1770 -0.0730
vn -0.9932 -0.0533 0.1034
vn -0.9319 0.2787 0.2320
vn -0.9087 -0.1379 0.3940
vn -0.9425 -0.1806 0.2811
vn -0.9472 0.1689 0.2725
vn -0.2212 -0.9477 -0.2302
vn -0.1826 -0.9825 -0.0357
vn -0.4717 -0.8788 -0.0730
vn -0.0945 -0.9930 0.0708
vn -0.3634 -0.9315 0.0190
vn -0.1953 -0.9441 0.2654
vn -0.3504 -0.9071 0.2331
vn -0.5505 -0.8130 0.1897
vn 0.0409 -0.9171 0.3965
vn -0.1199 -0.9136 0.3885
vn -0.4380 -0.7806 0.4460
vn -0.4452 -0.8462 0.2929
vn 0.7443 -0.6212 -0.2451
vn 0.8981 -0.4337 -0.0730
vn 0.7252 -0.6876 -0.0357
vn 0.6759 -0.7355 0.0469
vn 0.8167 -0.5280 0.2331
vn 0.7013 -0.6605 0.2684
vn 0.8158 -0.4166 0.4011
vn 0.8570 -0.4246 0.2920
vn 0.6353 -0.6767 0.3721
vn 0.6461 -0.6834 0.3399
vn 0.0198 0.0040 -0.9998
vn 0.0003 -0.0041 -1.0000
vn 0.1317 0.2071 -0.9694
vn 0.2963 0.1359 -0.9454
vn 0.2151 0.2192 -0.9517
vn -0.1409 0.2715 -0.9521
vn -0.0400 0.3176 -0.9474
vn 0.0040 0.4308 -0.9025
vn 0.2500 0.3508 -0.9025
vn 0.1151 0.5268 -0.8421
vn 0.4970 0.3157 -0.8083
vn 0.4713 0.3764 -0.7976
vn -0.2130 0.5618 -0.7994
vn -0.1375 0.5624 -0.8154
vn 0.4812 0.4697 -0.7402
vn -0.2466 0.7154 -0.6538
vn -0.0649 0.8022 -0.5935
vn 0.0697 0.7596 -0.6466
vn 0.0595 0.6734 -0.7369
vn 0.3763 0.6712 -0.6387
vn 0.3860 0.5850 -0.7133
vn -0.1594 0.1892 -0.9689
vn -0.3029 -0.0509 -0.9517
vn -0.3195 0.0642 -0.9454
vn -0.4085 0.1369 -0.9025
vn -0.2564 0.3462 -0.9025
vn -0.4655 0.2723 -0.8421
vn -0.6001 -0.0290 -0.7994
vn -0.5773 0.0430 -0.8154
vn -0.2823 0.6028 -0.7462
vn -0.7566 -0.0135 -0.6538
vn -0.7830 0.1862 -0.5935
vn -0.7009 0.3010 -0.6466
vn -0.6220 0.2647 -0.7369
vn -0.5194 0.5672 -0.6392
vn -0.4372 0.5471 -0.7138
vn -0.2292 -0.0897 -0.9692
vn -0.0455 -0.3030 -0.9519
vn -0.1564 -0.2818 -0.9466
vn -0.2564 -0.3462 -0.9025
vn -0.4085 -0.1369 -0.9025
vn -0.4028 -0.3585 -0.8421
vn -0.1601 -0.5815 -0.7976
vn -0.2165 -0.5475 -0.8083
vn -0.6606 -0.0822 -0.7462
vn -0.5264 -0.6036 -0.5988
vn -0.4407 -0.5283 -0.7257
vn -0.6999 -0.3187 -0.6392
vn -0.6554 -0.2468 -0.7138
vn -0.2260 -0.7774 -0.5870
vn 0.0172 -0.2456 -0.9692
vn 0.2741 -0.1369 -0.9519
vn 0.2197 -0.2358 -0.9466
vn 0.2500 -0.3508 -0.9025
vn 0.0040 -0.4308 -0.9025
vn 0.2165 -0.4939 -0.8421
vn 0.5025 -0.3293 -0.7994
vn 0.4418 -0.3742 -0.8154
vn -0.1110 -0.6663 -0.7374
vn 0.6199 -0.4333 -0.6542
vn 0.5255 -0.6103 -0.5928
vn 0.3901 -0.6555 -0.6466
vn 0.3476 -0.5798 -0.7369
vn 0.1033 -0.7643 -0.6366
vn 0.0362 -0.6958 -0.7173
vn 0.2396 -0.0611 -0.9689
vn 0.4109 0.1293 -0.9025
vn 0.4109 -0.1293 -0.9025
vn 0.5366 0.0533 -0.8421
vn 0.5828 -0.3218 -0.7462
vn 0.7457 0.1761 -0.6426
vn 0.6671 0.1683 -0.7257
vn 0.8018 -0.1305 -0.5832
vn 0.6753 -0.1856 -0.7138
vt 0.125000 0.125000
vt 0.625000 0.875000
vt 0.375000 0.875000
vt 0.125000 0.875000
vt 0.875000 0.375000
vt 0.125000 0.625000
vt 0.625000 0.375000
vt 0.875000 0.875000
vt 0.375000 0.625000
s 0
usemtl ruins_beacon_lens
f 122/1/1 10/1/1 1/1/1
f 123/1/2 11/1/2 122/1/2
f 127/1/3 12/1/3 2/1/3
f 129/1/4 13/1/4 127/1/4
f 3/1/5 14/1/5 129/1/5
f 4/1/6 16/1/6 15/1/6
f 5/1/7 16/1/7 4/1/7
f 5/1/8 17/1/8 16/1/8
f 7/1/9 18/1/9 6/1/9
f 140/1/10 18/1/10 7/1/10
f 140/1/11 20/1/11 19/1/11
f 8/1/12 21/1/12 20/1/12
f 144/1/13 22/1/13 21/1/13
f 148/1/14 22/1/14 146/1/14
f 150/1/15 23/1/15 148/1/15
f 155/1/16 25/1/16 24/1/16
f 9/1/17 26/1/17 157/1/17
f 9/1/18 27/1/18 26/1/18
f 160/1/19 27/1/19 9/1/19
f 164/1/20 28/1/20 163/1/20
f 166/1/21 29/1/21 164/1/21
f 198/2/22 199/2/22 169/2/22
f 198/2/23 169/2/23 200/2/23
f 201/2/24 170/2/24 171/2/24
f 201/2/25 171/2/25 172/2/25
f 203/2/26 172/2/26 174/2/26
f 203/2/27 175/2/27 204/2/27
f 204/2/28 175/2/28 205/2/28
f 206/2/29 176/2/29 177/2/29
f 206/2/30 177/2/30 207/2/30
f 208/2/31 179/2/31 209/2/31
f 209/2/32 179/2/32 180/2/32
f 209/2/33 180/2/33 210/2/33
f 210/2/34 181/2/34 211/2/34
f 211/2/35 182/2/35 212/2/35
f 212/2/36 182/2/36 213/2/36
f 213/2/37 184/2/37 214/2/37
f 214/2/38 185/2/38 215/2/38
f 215/2/39 186/2/39 216/2/39
f 217/2/40 187/2/40 188/2/40
f 217/2/41 188/2/41 218/2/41
f 218/2/42 189/2/42 219/2/42
f 219/2/43 190/2/43 220/2/43
f 220/2/44 191/2/44 221/2/44
f 221/2/45 192/2/45 222/2/45
f 222/2/46 193/2/46 223/2/46
f 223/2/47 193/2/47 224/2/47
f 224/2/48 194/2/48 225/2/48
f 226/2/49 195/2/49 196/2/49
f 226/2/50 196/2/50 227/2/50
f 227/2/51 197/2/51 228/2/51
f 65/1/52 30/1/52 168/1/52
f 30/1/53 46/1/53 31/1/53
f 47/1/54 32/1/54 31/1/54
f 48/1/55 33/1/55 32/1/55
f 48/1/56 34/1/56 33/1/56
f 49/1/57 35/1/57 34/1/57
f 50/1/58 132/1/58 35/1/58
f 132/1/59 51/1/59 36/1/59
f 52/1/60 37/1/60 36/1/60
f 53/1/61 38/1/61 37/1/61
f 54/1/62 141/1/62 38/1/62
f 141/1/63 55/1/63 39/1/63
f 39/1/64 56/1/64 147/1/64
f 57/1/65 151/1/65 147/1/65
f 58/1/66 154/1/66 151/1/66
f 154/1/67 59/1/67 40/1/67
f 40/1/68 60/1/68 41/1/68
f 41/1/69 61/1/69 42/1/69
f 62/1/70 43/1/70 42/1/70
f 62/1/71 44/1/71 43/1/71
f 63/1/72 45/1/72 44/1/72
f 64/1/73 168/1/73 45/1/73
f 66/1/74 67/1/74 93/1/74
f 94/1/75 66/1/75 68/1/75
f 69/1/76 95/1/76 68/1/76
f 97/1/77 69/1/77 70/1/77
f 71/1/78 98/1/78 70/1/78
f 72/1/79 99/1/79 71/1/79
f 101/1/80 72/1/80 73/1/80
f 74/1/81 102/1/81 73/1/81
f 103/1/82 74/1/82 75/1/82
f 76/1/83 103/1/83 75/1/83
f 105/1/84 76/1/84 77/1/84
f 78/1/85 105/1/85 77/1/85
f 79/1/86 106/1/86 78/1/86
f 107/1/87 79/1/87 80/1/87
f 109/1/88 80/1/88 81/1/88
f 109/1/89 81/1/89 82/1/89
f 110/1/90 82/1/90 83/1/90
f 84/1/91 111/1/91 83/1/91
f 112/1/92 84/1/92 85/1/92
f 113/1/93 85/1/93 86/1/93
f 115/1/94 86/1/94 87/1/94
f 116/1/95 87/1/95 88/1/95
f 116/1/96 88/1/96 89/1/96
f 90/1/97 117/1/97 89/1/97
f 118/1/98 90/1/98 91/1/98
f 92/1/99 119/1/99 91/1/99
f 120/1/100 92/1/100 93/1/100
f 46/3/101 67/3/101 94/3/101
f 11/3/102 93/3/102 10/3/102
f 12/3/103 68/3/103 11/3/103
f 46/3/104 96/3/104 47/3/104
f 12/3/105 69/3/105 68/3/105
f 47/3/106 97/3/106 48/3/106
f 13/3/107 69/3/107 12/3/107
f 14/3/108 70/3/108 13/3/108
f 48/3/109 99/3/109 49/3/109
f 49/3/110 100/3/110 50/3/110
f 15/3/111 72/3/111 14/3/111
f 50/3/112 102/3/112 51/3/112
f 16/3/113 73/3/113 15/3/113
f 51/3/114 102/3/114 103/3/114
f 51/3/115 103/3/115 52/3/115
f 17/3/116 75/3/116 16/3/116
f 52/3/117 103/3/117 104/3/117
f 17/3/118 76/3/118 75/3/118
f 52/3/119 104/3/119 53/3/119
f 18/3/120 77/3/120 76/3/120
f 53/3/121 105/3/121 54/3/121
f 19/3/122 77/3/122 18/3/122
f 20/3/123 78/3/123 19/3/123
f 55/3/124 108/3/124 56/3/124
f 56/3/125 109/3/125 57/3/125
f 22/3/126 81/3/126 21/3/126
f 57/3/127 111/3/127 58/3/127
f 23/3/128 84/3/128 83/3/128
f 58/3/129 112/3/129 59/3/129
f 24/3/130 84/3/130 23/3/130
f 59/3/131 113/3/131 60/3/131
f 25/3/132 85/3/132 24/3/132
f 60/3/133 115/3/133 61/3/133
f 26/3/134 86/3/134 25/3/134
f 61/3/135 116/3/135 62/3/135
f 27/3/136 87/3/136 26/3/136
f 28/3/137 89/3/137 27/3/137
f 63/3/138 118/3/138 64/3/138
f 29/3/139 90/3/139 28/3/139
f 64/3/140 120/3/140 65/3/140
f 10/3/141 91/3/141 29/3/141
f 10/3/142 93/3/142 92/3/142
f 30/3/143 121/3/143 168/3/143
f 123/3/144 125/3/144 2/3/144
f 31/3/145 126/3/145 124/3/145
f 32/3/146 128/3/146 126/3/146
f 33/3/147 128/3/147 32/3/147
f 129/3/148 130/3/148 3/3/148
f 3/3/149 130/3/149 131/3/149
f 4/3/150 131/3/150 133/3/150
f 36/3/151 134/3/151 132/3/151
f 5/3/152 133/3/152 135/3/152
f 5/3/153 135/3/153 6/3/153
f 37/3/154 138/3/154 136/3/154
f 7/3/155 137/3/155 139/3/155
f 38/3/156 138/3/156 37/3/156
f 7/3/157 139/3/157 140/3/157
f 140/3/158 142/3/158 8/3/158
f 39/3/159 143/3/159 141/3/159
f 147/3/160 145/3/160 39/3/160
f 154/3/161 153/3/161 151/3/161
f 41/3/162 156/3/162 40/3/162
f 157/3/163 158/3/163 9/3/163
f 43/3/164 159/3/164 42/3/164
f 160/3/165 161/3/165 163/3/165
f 45/3/166 165/3/166 44/3/166
f 45/3/167 167/3/167 165/3/167
f 168/3/168 167/3/168 45/3/168
f 122/3/169 198/3/169 200/3/169
f 124/3/170 169/3/170 121/3/170
f 122/3/171 200/3/171 123/3/171
f 125/3/172 200/3/172 201/3/172
f 126/3/173 170/3/173 124/3/173
f 125/3/174 202/3/174 127/3/174
f 128/3/175 172/3/175 126/3/175
f 127/3/176 173/3/176 129/3/176
f 34/3/177 174/3/177 33/3/177
f 129/3/178 205/3/178 130/3/178
f 35/3/179 175/3/179 34/3/179
f 130/3/180 206/3/180 131/3/180
f 132/3/181 177/3/181 35/3/181
f 131/3/182 207/3/182 133/3/182
f 134/3/183 177/3/183 132/3/183
f 133/3/184 209/3/184 135/3/184
f 136/3/185 178/3/185 134/3/185
f 135/3/186 210/3/186 137/3/186
f 138/3/187 180/3/187 136/3/187
f 137/3/188 211/3/188 139/3/188
f 140/3/189 212/3/189 213/3/189
f 141/3/190 182/3/190 38/3/190
f 143/3/191 182/3/191 141/3/191
f 142/3/192 214/3/192 144/3/192
f 145/3/193 184/3/193 143/3/193
f 144/3/194 215/3/194 146/3/194
f 147/3/195 185/3/195 145/3/195
f 149/3/196 186/3/196 147/3/196
f 148/3/197 217/3/197 150/3/197
f 151/3/198 187/3/198 149/3/198
f 153/3/199 188/3/199 151/3/199
f 150/3/200 219/3/200 152/3/200
f 154/3/201 189/3/201 153/3/201
f 152/3/202 220/3/202 155/3/202
f 154/3/203 190/3/203 189/3/203
f 155/3/204 221/3/204 157/3/204
f 41/3/205 191/3/205 156/3/205
f 157/3/206 222/3/206 158/3/206
f 159/3/207 192/3/207 41/3/207
f 159/3/208 193/3/208 192/3/208
f 158/3/209 224/3/209 160/3/209
f 160/3/210 224/3/210 161/3/210
f 162/3/211 193/3/211 43/3/211
f 165/3/212 194/3/212 162/3/212
f 163/3/213 226/3/213 164/3/213
f 164/3/214 226/3/214 227/3/214
f 167/3/215 196/3/215 165/3/215
f 164/3/216 227/3/216 166/3/216
f 166/3/217 227/3/217 228/3/217
f 168/3/218 197/3/218 167/3/218
f 168/3/219 199/3/219 197/3/219
f 202/2/220 203/2/220 173/2/220
f 232/4/221 230/4/221 229/4/221
f 234/5/222 236/5/222 233/5/222
f 235/5/223 238/5/223 237/5/223
f 233/5/224 238/5/224 235/5/224
f 457/6/225 463/6/225 464/6/225
f 467/6/226 487/6/226 449/6/226
f 239/2/227 241/2/227 240/2/227
f 239/2/228 243/2/228 242/2/228
f 240/2/229 243/2/229 239/2/229
f 240/2/230 241/2/230 243/2/230
f 736/4/231 729/4/231 775/4/231
f 1507/7/232 1501/7/232 1503/7/232
f 248/2/233 245/2/233 244/2/233
f 249/2/234 246/2/234 245/2/234
f 246/2/235 247/2/235 244/2/235
f 1524/5/236 1516/5/236 1551/5/236
f 261/7/237 251/7/237 250/7/237
f 251/7/238 257/7/238 252/7/238
f 257/7/239 253/7/239 252/7/239
f 253/7/240 259/7/240 254/7/240
f 259/7/241 255/7/241 254/7/241
f 255/7/242 261/7/242 250/7/242
f 671/3/243 832/3/243 722/3/243
f 257/7/244 266/7/244 258/7/244
f 857/5/245 846/5/245 845/5/245
f 520/3/246 527/3/246 525/3/246
f 1549/7/247 1542/7/247 1544/7/247
f 479/5/248 460/5/248 469/5/248
f 268/7/249 279/7/249 269/7/249
f 275/7/250 270/7/250 269/7/250
f 275/7/251 271/7/251 270/7/251
f 271/7/252 277/7/252 272/7/252
f 277/7/253 273/7/253 272/7/253
f 273/7/254 278/7/254 274/7/254
f 279/7/255 268/7/255 274/7/255
f 1333/7/256 1332/7/256 1615/7/256
f 280/2/257 284/2/257 285/2/257
f 286/7/258 293/7/258 287/7/258
f 294/7/259 288/7/259 287/7/259
f 295/7/260 289/7/260 288/7/260
f 289/7/261 296/7/261 290/7/261
f 296/7/262 291/7/262 290/7/262
f 297/7/263 292/7/263 291/7/263
f 298/7/264 286/7/264 292/7/264
f 1579/7/265 1569/7/265 1568/7/265
f 298/7/266 300/7/266 303/7/266
f 300/2/267 299/2/267 302/2/267
f 304/7/268 310/7/268 305/7/268
f 305/7/269 311/7/269 306/7/269
f 311/7/270 307/7/270 306/7/270
f 312/7/271 308/7/271 307/7/271
f 313/7/272 309/7/272 308/7/272
f 314/7/273 304/7/273 309/7/273
f 311/7/274 318/7/274 316/7/274
f 573/3/275 580/3/275 578/3/275
f 319/2/276 320/2/276 316/2/276
f 321/7/277 328/7/277 322/7/277
f 322/7/278 329/7/278 323/7/278
f 323/7/279 330/7/279 324/7/279
f 324/7/280 330/7/280 325/7/280
f 331/7/281 326/7/281 325/7/281
f 326/7/282 332/7/282 327/7/282
f 333/7/283 321/7/283 327/7/283
f 605/3/284 568/3/284 588/3/284
f 337/7/285 332/7/285 331/7/285
f 1578/7/286 1573/7/286 1572/7/286
f 341/4/287 339/4/287 342/4/287
f 345/4/288 343/4/288 346/4/288
f 349/4/289 347/4/289 350/4/289
f 353/4/290 351/4/290 354/4/290
f 357/4/291 355/4/291 358/4/291
f 361/4/292 359/4/292 362/4/292
f 366/4/293 364/4/293 363/4/293
f 370/4/294 368/4/294 367/4/294
f 374/4/295 372/4/295 371/4/295
f 378/4/296 376/4/296 375/4/296
f 382/4/297 380/4/297 379/4/297
f 390/7/298 384/7/298 383/7/298
f 384/7/299 391/7/299 385/7/299
f 392/7/300 386/7/300 385/7/300
f 386/7/301 393/7/301 387/7/301
f 393/7/302 388/7/302 387/7/302
f 394/7/303 389/7/303 388/7/303
f 395/7/304 383/7/304 389/7/304
f 632/3/305 629/3/305 650/3/305
f 399/7/306 401/7/306 395/7/306
f 398/7/307 400/7/307 399/7/307
f 399/7/308 400/7/308 401/7/308
f 403/5/309 406/5/309 402/5/309
f 404/5/310 406/5/310 403/5/310
f 398/2/311 397/2/311 401/2/311
f 1275/8/312 1281/8/312 1283/8/312
f 407/3/313 410/3/313 408/3/313
f 411/3/314 415/3/314 412/3/314
f 409/3/315 414/3/315 416/3/315
f 412/3/316 418/3/316 417/3/316
f 662/5/317 643/5/317 652/5/317
f 415/3/318 409/3/318 412/3/318
f 411/3/319 412/3/319 417/3/319
f 414/3/320 415/3/320 413/3/320
f 1313/3/321 1314/3/321 1303/3/321
f 408/8/322 410/8/322 418/8/322
f 625/5/323 811/5/323 624/5/323
f 420/8/324 423/8/324 419/8/324
f 420/8/325 425/8/325 424/8/325
f 422/8/326 425/8/326 421/8/326
f 419/8/327 426/8/327 422/8/327
f 439/3/328 483/3/328 451/3/328
f 476/5/329 453/5/329 472/5/329
f 472/3/330 475/3/330 476/3/330
f 455/5/331 446/5/331 447/5/331
f 449/3/332 447/3/332 446/3/332
f 454/7/333 436/7/333 446/7/333
f 477/3/334 439/3/334 470/3/334
f 442/3/335 451/3/335 483/3/335
f 723/5/336 677/5/336 717/5/336
f 510/5/337 577/5/337 615/5/337
f 715/7/338 708/7/338 710/7/338
f 1388/6/339 1371/6/339 1387/6/339
f 458/5/340 489/5/340 435/5/340
f 471/6/341 459/6/341 435/6/341
f 459/5/342 458/5/342 435/5/342
f 459/3/343 471/3/343 470/3/343
f 823/4/344 821/4/344 718/4/344
f 474/6/345 461/6/345 469/6/345
f 462/5/346 474/5/346 473/5/346
f 458/5/347 466/5/347 489/5/347
f 463/5/348 459/5/348 464/5/348
f 461/5/349 479/5/349 469/5/349
f 468/5/350 461/5/350 474/5/350
f 468/5/351 462/5/351 467/5/351
f 466/7/352 457/7/352 437/7/352
f 436/5/353 468/5/353 446/5/353
f 468/9/354 436/9/354 479/9/354
f 470/5/355 460/5/355 459/5/355
f 1439/5/356 1458/5/356 1442/5/356
f 1451/3/357 1452/3/357 1441/3/357
f 1498/5/358 1494/5/358 1490/5/358
f 481/7/359 440/7/359 438/7/359
f 456/9/360 479/9/360 436/9/360
f 482/5/361 475/5/361 448/5/361
f 1356/5/362 1375/5/362 1359/5/362
f 442/5/363 488/5/363 441/5/363
f 1442/5/364 1434/5/364 1468/5/364
f 486/5/365 462/5/365 485/5/365
f 473/5/366 485/5/366 462/5/366
f 472/3/367 443/3/367 448/3/367
f 1480/3/368 1483/3/368 1478/3/368
f 1526/5/369 1518/5/369 1523/5/369
f 490/7/370 495/7/370 492/7/370
f 492/7/371 496/7/371 493/7/371
f 491/5/372 490/5/372 492/5/372
f 498/7/373 497/7/373 491/7/373
f 493/5/374 494/5/374 498/5/374
f 506/7/375 497/7/375 494/7/375
f 503/5/376 494/5/376 493/5/376
f 499/5/377 490/5/377 497/5/377
f 503/7/378 496/7/378 505/7/378
f 1533/3/379 1534/3/379 1523/3/379
f 492/5/380 488/5/380 491/5/380
f 503/7/381 505/7/381 502/7/381
f 505/7/382 500/7/382 502/7/382
f 499/7/383 509/7/383 501/7/383
f 506/5/384 502/5/384 509/5/384
f 500/5/385 612/5/385 510/5/385
f 515/3/386 559/3/386 526/3/386
f 530/5/387 525/5/387 527/5/387
f 552/5/388 528/5/388 547/5/388
f 547/3/389 551/3/389 552/3/389
f 530/5/390 521/5/390 522/5/390
f 524/3/391 522/3/391 521/3/391
f 1592/7/392 1552/7/392 1587/7/392
f 1574/5/393 1570/5/393 1569/5/393
f 529/7/394 513/7/394 521/7/394
f 533/5/395 564/5/395 511/5/395
f 546/6/396 534/6/396 511/6/396
f 534/5/397 533/5/397 511/5/397
f 534/3/398 546/3/398 545/3/398
f 550/6/399 536/6/399 544/6/399
f 537/5/400 550/5/400 549/5/400
f 533/5/401 541/5/401 564/5/401
f 538/5/402 534/5/402 539/5/402
f 536/5/403 555/5/403 544/5/403
f 543/5/404 536/5/404 550/5/404
f 543/5/405 537/5/405 542/5/405
f 1587/5/406 1582/5/406 1581/5/406
f 541/7/407 532/7/407 514/7/407
f 513/5/408 543/5/408 521/5/408
f 543/9/409 513/9/409 555/9/409
f 545/5/410 535/5/410 534/5/410
f 548/7/411 861/7/411 855/7/411
f 557/7/412 549/7/412 551/7/412
f 558/5/413 523/5/413 518/5/413
f 813/5/414 803/5/414 810/5/414
f 542/6/415 512/6/415 524/6/415
f 531/9/416 555/9/416 513/9/416
f 558/5/417 551/5/417 523/5/417
f 520/6/418 514/6/418 532/6/418
f 532/6/419 539/6/419 520/6/419
f 570/5/420 572/5/420 573/5/420
f 557/7/421 861/7/421 548/7/421
f 544/5/422 535/5/422 545/5/422
f 562/5/423 537/5/423 561/5/423
f 549/5/424 561/5/424 537/5/424
f 1539/7/425 1546/7/425 1516/7/425
f 1478/5/426 1477/5/426 1480/5/426
f 562/4/427 561/4/427 548/4/427
f 547/3/428 518/3/428 523/3/428
f 570/3/429 579/3/429 611/3/429
f 592/3/430 594/3/430 580/3/430
f 564/4/431 541/4/431 511/4/431
f 568/3/432 611/3/432 579/3/432
f 604/5/433 581/5/433 600/5/433
f 604/3/434 601/3/434 602/3/434
f 600/3/435 603/3/435 604/3/435
f 1518/5/436 1517/5/436 1520/5/436
f 583/5/437 574/5/437 575/5/437
f 577/3/438 575/3/438 574/3/438
f 582/7/439 566/7/439 574/7/439
f 577/3/440 574/3/440 596/3/440
f 800/5/441 665/5/441 667/5/441
f 586/5/442 617/5/442 565/5/442
f 606/7/443 599/7/443 565/7/443
f 599/6/444 587/6/444 565/6/444
f 587/5/445 586/5/445 565/5/445
f 587/3/446 599/3/446 588/3/446
f 602/6/447 589/6/447 598/6/447
f 590/5/448 602/5/448 601/5/448
f 586/5/449 595/5/449 617/5/449
f 591/5/450 587/5/450 592/5/450
f 594/5/451 588/5/451 593/5/451
f 589/5/452 607/5/452 598/5/452
f 597/5/453 589/5/453 602/5/453
f 597/5/454 590/5/454 596/5/454
f 595/7/455 585/7/455 567/7/455
f 566/5/456 597/5/456 574/5/456
f 597/9/457 566/9/457 607/9/457
f 581/5/458 568/5/458 579/5/458
f 1481/5/459 1500/5/459 1484/5/459
f 802/5/460 632/5/460 619/5/460
f 584/9/461 607/9/461 566/9/461
f 610/5/462 603/5/462 576/5/462
f 1134/7/463 1141/7/463 1139/7/463
f 578/5/464 583/5/464 581/5/464
f 609/7/465 508/7/465 507/7/465
f 609/7/466 601/7/466 603/7/466
f 614/5/467 590/5/467 613/5/467
f 601/5/468 613/5/468 590/5/468
f 1369/6/469 1381/6/469 1362/6/469
f 600/3/470 571/3/470 576/3/470
f 583/5/471 578/5/471 580/5/471
f 1577/5/472 1568/5/472 1571/5/472
f 623/3/473 666/3/473 634/3/473
f 1326/5/474 1310/5/474 1318/5/474
f 517/5/475 563/5/475 516/5/475
f 659/5/476 636/5/476 655/5/476
f 655/3/477 658/3/477 659/3/477
f 1353/5/478 1352/5/478 1355/5/478
f 660/3/479 623/3/479 653/3/479
f 638/5/480 629/5/480 630/5/480
f 632/3/481 630/3/481 629/3/481
f 638/5/482 633/5/482 635/5/482
f 391/7/483 396/7/483 397/7/483
f 647/3/484 648/3/484 635/3/484
f 637/7/485 620/7/485 629/7/485
f 1279/3/486 1274/3/486 1277/3/486
f 641/5/487 670/5/487 618/5/487
f 654/6/488 642/6/488 618/6/488
f 642/5/489 641/5/489 618/5/489
f 642/3/490 654/3/490 653/3/490
f 423/8/491 424/8/491 426/8/491
f 657/6/492 644/6/492 652/6/492
f 645/5/493 657/5/493 656/5/493
f 641/5/494 649/5/494 670/5/494
f 646/5/495 642/5/495 647/5/495
f 644/5/496 662/5/496 652/5/496
f 651/5/497 644/5/497 657/5/497
f 651/5/498 645/5/498 650/5/498
f 649/7/499 640/7/499 621/7/499
f 620/5/500 651/5/500 629/5/500
f 651/9/501 620/9/501 662/9/501
f 653/5/502 643/5/502 642/5/502
f 1401/5/503 1398/5/503 1417/5/503
f 636/5/504 623/5/504 634/5/504
f 1300/3/505 1303/3/505 1298/3/505
f 639/9/506 662/9/506 620/9/506
f 665/5/507 658/5/507 631/5/507
f 1314/6/508 1326/6/508 1307/6/508
f 669/5/509 645/5/509 668/5/509
f 656/5/510 668/5/510 645/5/510
f 664/7/511 800/7/511 622/7/511
f 669/4/512 668/4/512 622/4/512
f 655/3/513 626/3/513 631/3/513
f 633/5/514 638/5/514 636/5/514
f 670/4/515 649/4/515 618/4/515
f 1344/7/516 1336/7/516 1342/7/516
f 675/3/517 717/3/517 686/3/517
f 1344/7/286 1339/7/286 1338/7/286
f 476/3/518 473/3/518 474/3/518
f 711/5/519 688/5/519 707/5/519
f 707/3/520 710/3/520 711/3/520
f 731/5/521 733/5/521 734/5/521
f 680/3/522 687/3/522 685/3/522
f 690/5/523 681/5/523 682/5/523
f 684/3/524 682/3/524 681/3/524
f 1361/5/525 1353/5/525 1358/5/525
f 449/3/526 446/3/526 467/3/526
f 689/7/527 672/7/527 681/7/527
f 684/3/528 681/3/528 702/3/528
f 693/5/529 724/5/529 671/5/529
f 706/6/530 694/6/530 671/6/530
f 694/5/531 693/5/531 671/5/531
f 694/3/532 706/3/532 705/3/532
f 1355/6/533 1350/6/533 1363/6/533
f 709/6/534 696/6/534 704/6/534
f 697/5/535 709/5/535 708/5/535
f 693/5/536 701/5/536 724/5/536
f 698/5/537 694/5/537 699/5/537
f 696/5/538 713/5/538 704/5/538
f 703/5/539 696/5/539 709/5/539
f 703/5/540 697/5/540 702/5/540
f 699/3/541 700/3/541 687/3/541
f 701/7/542 692/7/542 673/7/542
f 672/5/543 703/5/543 681/5/543
f 703/9/544 672/9/544 713/9/544
f 705/5/545 695/5/545 694/5/545
f 688/5/546 675/5/546 686/5/546
f 528/5/547 522/5/547 547/5/547
f 1341/5/548 1336/5/548 1335/5/548
f 882/5/549 449/5/549 487/5/549
f 721/6/550 702/6/550 720/6/550
f 469/5/551 460/5/551 470/5/551
f 1359/5/552 1351/5/552 1385/5/552
f 691/9/553 713/9/553 672/9/553
f 716/5/554 710/5/554 683/5/554
f 455/5/555 450/5/555 452/5/555
f 471/7/556 478/7/556 477/7/556
f 720/5/557 697/5/557 719/5/557
f 708/5/558 719/5/558 697/5/558
f 1425/7/559 1418/7/559 1420/7/559
f 1421/3/560 1418/3/560 1419/3/560
f 707/3/561 678/3/561 683/3/561
f 1207/2/562 1205/2/562 1206/2/562
f 685/5/563 690/5/563 688/5/563
f 769/5/564 779/5/564 774/5/564
f 481/7/565 473/7/565 475/7/565
f 1423/5/566 1407/5/566 1415/5/566
f 728/3/567 774/3/567 741/3/567
f 767/3/568 764/3/568 765/3/568
f 767/5/569 743/5/569 762/5/569
f 1436/5/570 1442/5/570 1468/5/570
f 762/3/571 766/3/571 767/3/571
f 745/5/572 735/5/572 737/5/572
f 739/3/573 737/3/573 735/3/573
f 745/5/574 740/5/574 742/5/574
f 768/3/575 728/3/575 750/3/575
f 744/7/576 726/7/576 735/7/576
f 1457/7/577 1463/7/577 1434/7/577
f 748/5/578 780/5/578 725/5/578
f 769/7/579 761/7/579 725/7/579
f 761/6/580 749/6/580 725/6/580
f 749/5/581 748/5/581 725/5/581
f 749/3/582 761/3/582 750/3/582
f 765/6/583 751/6/583 760/6/583
f 752/5/584 765/5/584 764/5/584
f 748/5/585 757/5/585 780/5/585
f 753/5/586 749/5/586 754/5/586
f 756/5/587 750/5/587 755/5/587
f 751/5/588 770/5/588 760/5/588
f 759/5/589 751/5/589 765/5/589
f 759/5/590 752/5/590 758/5/590
f 757/7/591 747/7/591 727/7/591
f 726/5/592 759/5/592 735/5/592
f 759/9/593 726/9/593 770/9/593
f 1524/5/594 1521/5/594 1540/5/594
f 861/5/595 558/5/595 560/5/595
f 773/5/596 738/5/596 732/5/596
f 746/9/597 770/9/597 726/9/597
f 773/5/598 766/5/598 738/5/598
f 747/6/599 754/6/599 734/6/599
f 442/5/600 444/5/600 445/5/600
f 779/5/601 731/5/601 774/5/601
f 778/6/602 758/6/602 777/6/602
f 777/5/603 752/5/603 776/5/603
f 764/5/604 776/5/604 752/5/604
f 762/3/605 732/3/605 738/3/605
f 781/7/606 786/7/606 783/7/606
f 784/7/607 790/7/607 787/7/607
f 783/7/608 787/7/608 790/7/608
f 782/5/609 781/5/609 783/5/609
f 782/7/610 785/7/610 788/7/610
f 790/5/611 785/5/611 789/5/611
f 606/3/612 565/3/612 789/3/612
f 798/7/613 784/7/613 787/7/613
f 1566/7/614 1557/7/614 1563/7/614
f 788/5/615 792/5/615 781/5/615
f 789/7/616 782/7/616 606/7/616
f 797/7/617 781/7/617 792/7/617
f 783/5/618 606/5/618 782/5/618
f 792/7/619 801/7/619 797/7/619
f 796/7/620 798/7/620 795/7/620
f 798/7/621 801/7/621 795/7/621
f 792/5/622 794/5/622 801/5/622
f 794/7/623 799/7/623 793/7/623
f 799/5/624 795/5/624 793/5/624
f 1520/3/625 1523/3/625 1518/3/625
f 1484/5/626 1476/5/626 1509/5/626
f 795/5/627 622/5/627 793/5/627
f 441/7/628 492/7/628 493/7/628
f 801/5/629 667/5/629 802/5/629
f 803/7/630 808/7/630 805/7/630
f 806/7/631 808/7/631 809/7/631
f 812/5/632 803/5/632 805/5/632
f 804/7/633 810/7/633 812/7/633
f 806/5/634 807/5/634 804/5/634
f 1547/5/635 1530/5/635 1538/5/635
f 817/7/636 809/7/636 819/7/636
f 817/5/637 807/5/637 806/5/637
f 820/7/638 810/7/638 807/7/638
f 818/7/639 803/7/639 814/7/639
f 618/5/640 806/5/640 804/5/640
f 624/7/641 805/7/641 806/7/641
f 805/5/642 811/5/642 812/5/642
f 817/7/643 819/7/643 816/7/643
f 816/7/644 818/7/644 814/7/644
f 813/7/645 822/7/645 815/7/645
f 820/5/646 816/5/646 822/5/646
f 833/5/647 824/5/647 831/5/647
f 814/5/648 821/5/648 823/5/648
f 824/7/381 829/7/381 826/7/381
f 826/7/649 830/7/649 827/7/649
f 825/5/650 824/5/650 826/5/650
f 832/7/651 831/7/651 825/7/651
f 827/5/652 828/5/652 832/5/652
f 1593/6/653 1536/6/653 1553/6/653
f 517/3/654 526/3/654 559/3/654
f 840/7/655 831/7/655 828/7/655
f 837/5/656 828/5/656 827/5/656
f 837/7/657 830/7/657 839/7/657
f 838/7/658 830/7/658 829/7/658
f 826/5/659 722/5/659 825/5/659
f 837/7/370 839/7/370 836/7/370
f 839/7/660 834/7/660 836/7/660
f 833/7/661 841/7/661 835/7/661
f 840/5/662 836/5/662 841/5/662
f 1520/6/663 1515/6/663 1528/6/663
f 676/7/664 826/7/664 827/7/664
f 1566/7/665 1560/7/665 1559/7/665
f 834/5/666 729/5/666 736/5/666
f 842/7/667 847/7/667 844/7/667
f 845/7/619 851/7/619 848/7/619
f 844/7/621 848/7/621 851/7/621
f 843/5/668 842/5/668 844/5/668
f 843/7/669 846/7/669 849/7/669
f 851/5/670 846/5/670 850/5/670
f 1558/7/671 1562/7/671 1555/7/671
f 846/7/672 852/7/672 849/7/672
f 553/3/673 515/3/673 545/3/673
f 858/7/658 848/7/658 847/7/658
f 1422/7/674 1561/7/674 1555/7/674
f 730/3/675 779/3/675 843/3/675
f 1319/7/676 1325/7/676 1296/7/676
f 260/7/677 265/7/677 264/7/677
f 853/7/607 862/7/607 858/7/607
f 857/7/678 859/7/678 856/7/678
f 859/7/608 862/7/608 856/7/608
f 853/5/679 855/5/679 862/5/679
f 852/7/680 854/7/680 855/7/680
f 860/5/681 856/5/681 854/5/681
f 1616/5/682 1607/5/682 1609/5/682
f 856/5/683 548/5/683 854/5/683
f 862/5/684 560/5/684 863/5/684
f 864/7/643 869/7/643 866/7/643
f 867/7/685 869/7/685 870/7/685
f 872/5/686 864/5/686 866/5/686
f 865/7/687 871/7/687 872/7/687
f 867/5/688 868/5/688 865/5/688
f 1604/5/689 1597/5/689 1599/5/689
f 1591/7/690 1582/7/690 1588/7/690
f 877/5/691 868/5/691 867/5/691
f 878/7/692 864/7/692 874/7/692
f 539/3/693 540/3/693 527/3/693
f 511/5/694 867/5/694 865/5/694
f 516/7/695 866/7/695 867/7/695
f 866/5/696 563/5/696 872/5/696
f 877/7/630 879/7/630 876/7/630
f 876/7/697 878/7/697 874/7/697
f 873/7/698 881/7/698 875/7/698
f 880/5/699 876/5/699 881/5/699
f 1594/5/700 1602/5/700 1596/5/700
f 277/7/701 281/7/701 282/7/701
f 875/7/702 881/7/702 440/7/702
f 874/5/703 440/5/703 882/5/703
f 885/5/704 884/5/704 883/5/704
f 886/5/705 883/5/705 884/5/705
f 1613/5/706 1608/5/706 1612/5/706
f 1617/7/707 1608/7/707 1614/7/707
f 888/5/708 891/5/708 887/5/708
f 888/5/709 892/5/709 891/5/709
f 889/5/710 892/5/710 888/5/710
f 889/5/711 890/5/711 892/5/711
f 1578/7/712 1570/7/712 1575/7/712
f 894/5/713 897/5/713 893/5/713
f 895/5/714 898/5/714 894/5/714
f 895/5/715 896/5/715 898/5/715
f 899/5/716 901/5/716 900/5/716
f 899/5/717 903/5/717 902/5/717
f 900/5/718 903/5/718 899/5/718
f 900/5/719 901/5/719 903/5/719
f 546/7/720 554/7/720 553/7/720
f 1020/1/721 904/1/721 1055/1/721
f 1023/1/722 905/1/722 1020/1/722
f 1025/1/723 906/1/723 1023/1/723
f 1026/1/724 907/1/724 1025/1/724
f 1027/1/725 909/1/725 1026/1/725
f 1030/1/726 909/1/726 1027/1/726
f 1032/1/727 911/1/727 1030/1/727
f 1032/1/728 912/1/728 911/1/728
f 1034/1/729 912/1/729 1033/1/729
f 1034/1/730 914/1/730 913/1/730
f 1037/1/731 914/1/731 1035/1/731
f 1037/1/732 916/1/732 915/1/732
f 1039/1/733 917/1/733 916/1/733
f 1040/1/734 918/1/734 917/1/734
f 1042/1/735 919/1/735 918/1/735
f 1044/1/736 919/1/736 1042/1/736
f 1044/1/737 920/1/737 919/1/737
f 1045/1/738 921/1/738 920/1/738
f 1047/1/739 921/1/739 1046/1/739
f 1048/1/740 922/1/740 1047/1/740
f 1052/1/741 923/1/741 1048/1/741
f 1052/1/742 924/1/742 923/1/742
f 1054/1/743 925/1/743 1053/1/743
f 1055/1/744 904/1/744 1054/1/744
f 1111/2/745 1056/2/745 1084/2/745
f 1084/2/746 1057/2/746 1085/2/746
f 1085/2/747 1057/2/747 1086/2/747
f 1087/2/748 1058/2/748 1059/2/748
f 1087/2/749 1060/2/749 1088/2/749
f 1088/2/750 1061/2/750 1089/2/750
f 1089/2/751 1062/2/751 1090/2/751
f 1090/2/752 1062/2/752 1091/2/752
f 1092/2/753 1091/2/753 1063/2/753
f 1093/2/754 1063/2/754 1064/2/754
f 1093/2/755 1065/2/755 1094/2/755
f 1095/2/756 1065/2/756 1066/2/756
f 1095/2/757 1066/2/757 1096/2/757
f 1097/2/758 1067/2/758 1068/2/758
f 1097/2/759 1068/2/759 1098/2/759
f 1099/2/760 1069/2/760 1070/2/760
f 1099/2/761 1070/2/761 1100/2/761
f 1100/2/762 1071/2/762 1101/2/762
f 1102/2/763 1072/2/763 1073/2/763
f 1102/2/764 1074/2/764 1103/2/764
f 1103/2/765 1075/2/765 1104/2/765
f 1105/2/766 1075/2/766 1076/2/766
f 1105/2/767 1076/2/767 1106/2/767
f 1106/2/768 1077/2/768 1107/2/768
f 1108/2/769 1078/2/769 1079/2/769
f 1108/2/770 1080/2/770 1109/2/770
f 1109/2/771 1081/2/771 1110/2/771
f 1111/2/772 1082/2/772 1083/2/772
f 1021/1/773 946/1/773 926/1/773
f 926/1/774 947/1/774 927/1/774
f 948/1/775 928/1/775 927/1/775
f 949/1/776 929/1/776 928/1/776
f 950/1/777 930/1/777 929/1/777
f 951/1/778 931/1/778 930/1/778
f 931/1/779 952/1/779 932/1/779
f 932/1/780 952/1/780 933/1/780
f 933/1/781 953/1/781 934/1/781
f 953/1/782 1036/1/782 934/1/782
f 954/1/783 1038/1/783 1036/1/783
f 955/1/784 935/1/784 1038/1/784
f 935/1/785 956/1/785 936/1/785
f 957/1/786 937/1/786 936/1/786
f 958/1/787 938/1/787 937/1/787
f 938/1/788 959/1/788 939/1/788
f 960/1/789 940/1/789 939/1/789
f 940/1/790 961/1/790 941/1/790
f 962/1/791 942/1/791 941/1/791
f 942/1/792 963/1/792 943/1/792
f 943/1/793 964/1/793 944/1/793
f 965/1/794 945/1/794 944/1/794
f 966/1/795 1021/1/795 945/1/795
f 967/1/796 1019/1/796 993/1/796
f 995/1/797 967/1/797 968/1/797
f 969/1/798 996/1/798 968/1/798
f 997/1/799 969/1/799 970/1/799
f 971/1/800 998/1/800 970/1/800
f 972/1/801 999/1/801 971/1/801
f 1001/1/802 972/1/802 973/1/802
f 974/1/803 1002/1/803 973/1/803
f 1003/1/804 974/1/804 975/1/804
f 1004/1/805 975/1/805 976/1/805
f 977/1/806 1005/1/806 976/1/806
f 978/1/807 1005/1/807 977/1/807
f 979/1/808 1006/1/808 978/1/808
f 1007/1/809 979/1/809 980/1/809
f 1008/1/810 980/1/810 981/1/810
f 1009/1/811 981/1/811 982/1/811
f 1010/1/812 983/1/812 984/1/812
f 985/1/813 1010/1/813 984/1/813
f 1012/1/814 985/1/814 986/1/814
f 1013/1/815 986/1/815 987/1/815
f 1014/1/816 987/1/816 988/1/816
f 1015/1/817 988/1/817 989/1/817
f 1016/1/818 989/1/818 990/1/818
f 991/1/819 1016/1/819 990/1/819
f 992/1/820 1017/1/820 991/1/820
f 1019/1/821 992/1/821 993/1/821
f 905/3/822 993/3/822 904/3/822
f 946/3/823 995/3/823 947/3/823
f 906/3/824 967/3/824 905/3/824
f 947/3/825 996/3/825 948/3/825
f 907/3/826 968/3/826 906/3/826
f 948/3/827 998/3/827 949/3/827
f 908/3/828 970/3/828 907/3/828
f 949/3/829 999/3/829 950/3/829
f 909/3/830 971/3/830 908/3/830
f 950/3/831 1000/3/831 951/3/831
f 910/3/832 972/3/832 909/3/832
f 911/3/833 973/3/833 910/3/833
f 951/3/834 1002/3/834 952/3/834
f 912/3/835 975/3/835 911/3/835
f 952/3/836 1004/3/836 953/3/836
f 913/3/837 976/3/837 912/3/837
f 953/3/838 1005/3/838 954/3/838
f 914/3/839 977/3/839 913/3/839
f 954/3/840 1006/3/840 955/3/840
f 915/3/841 978/3/841 914/3/841
f 955/3/842 1007/3/842 956/3/842
f 916/3/843 980/3/843 915/3/843
f 956/3/844 1008/3/844 957/3/844
f 917/3/845 981/3/845 916/3/845
f 957/3/846 983/3/846 958/3/846
f 918/3/847 982/3/847 917/3/847
f 958/3/848 1011/3/848 959/3/848
f 919/3/849 984/3/849 918/3/849
f 959/3/850 1012/3/850 960/3/850
f 920/3/851 985/3/851 919/3/851
f 961/3/852 1012/3/852 1013/3/852
f 921/3/853 986/3/853 920/3/853
f 961/3/854 1014/3/854 962/3/854
f 922/3/855 987/3/855 921/3/855
f 963/3/856 1014/3/856 1015/3/856
f 923/3/857 988/3/857 922/3/857
f 963/3/858 1015/3/858 1016/3/858
f 963/3/859 1016/3/859 964/3/859
f 924/3/860 990/3/860 923/3/860
f 964/3/861 1017/3/861 965/3/861
f 925/3/862 991/3/862 924/3/862
f 965/3/863 1018/3/863 966/3/863
f 904/3/864 992/3/864 925/3/864
f 966/3/865 1019/3/865 946/3/865
f 1020/3/866 1022/3/866 1023/3/866
f 927/3/867 1024/3/867 926/3/867
f 930/3/868 1029/3/868 929/3/868
f 1027/3/869 1028/3/869 1030/3/869
f 1030/3/870 1031/3/870 1032/3/870
f 1048/3/871 1050/3/871 1052/3/871
f 1021/3/872 1056/3/872 1083/3/872
f 1020/3/873 1084/3/873 1022/3/873
f 1024/3/874 1056/3/874 926/3/874
f 1022/3/875 1086/3/875 1023/3/875
f 1023/3/876 1086/3/876 1025/3/876
f 927/3/877 1057/3/877 1024/3/877
f 927/3/878 1059/3/878 1058/3/878
f 1025/3/879 1087/3/879 1026/3/879
f 929/3/880 1059/3/880 928/3/880
f 1026/3/881 1089/3/881 1027/3/881
f 1029/3/882 1060/3/882 929/3/882
f 1027/3/883 1089/3/883 1028/3/883
f 930/3/884 1061/3/884 1029/3/884
f 1028/3/885 1090/3/885 1030/3/885
f 931/3/886 1062/3/886 930/3/886
f 1030/3/887 1092/3/887 1031/3/887
f 932/3/888 1063/3/888 931/3/888
f 1031/3/889 1093/3/889 1032/3/889
f 1032/3/890 1093/3/890 1033/3/890
f 933/3/891 1064/3/891 932/3/891
f 933/3/892 1065/3/892 1064/3/892
f 1033/3/893 1094/3/893 1034/3/893
f 934/3/894 1066/3/894 1065/3/894
f 1034/3/895 1096/3/895 1035/3/895
f 1038/3/896 1066/3/896 1036/3/896
f 1035/3/897 1097/3/897 1037/3/897
f 935/3/898 1068/3/898 1038/3/898
f 1037/3/899 1098/3/899 1039/3/899
f 936/3/900 1069/3/900 935/3/900
f 1039/3/901 1100/3/901 1040/3/901
f 937/3/902 1070/3/902 936/3/902
f 1040/3/903 1101/3/903 1041/3/903
f 1043/3/904 1071/3/904 937/3/904
f 1041/3/905 1102/3/905 1042/3/905
f 1042/3/906 1102/3/906 1044/3/906
f 938/3/907 1073/3/907 1043/3/907
f 939/3/908 1073/3/908 938/3/908
f 1044/3/909 1103/3/909 1045/3/909
f 940/3/910 1074/3/910 939/3/910
f 1046/3/911 1105/3/911 1047/3/911
f 1049/3/912 1076/3/912 941/3/912
f 1047/3/913 1106/3/913 1048/3/913
f 942/3/914 1077/3/914 1049/3/914
f 1048/3/915 1107/3/915 1050/3/915
f 1051/3/916 1077/3/916 942/3/916
f 1051/3/917 1079/3/917 1078/3/917
f 1050/3/918 1108/3/918 1052/3/918
f 943/3/919 1079/3/919 1051/3/919
f 1052/3/920 1109/3/920 1053/3/920
f 944/3/921 1080/3/921 943/3/921
f 1053/3/922 1110/3/922 1054/3/922
f 945/3/923 1081/3/923 944/3/923
f 1054/3/924 1111/3/924 1055/3/924
f 1055/3/925 1111/3/925 1020/3/925
f 1021/3/926 1083/3/926 945/3/926
f 1115/4/927 1113/4/927 1112/4/927
f 1117/5/928 1118/5/928 1119/5/928
f 1116/5/929 1118/5/929 1117/5/929
f 570/5/930 616/5/930 569/5/930
f 598/5/931 593/5/931 588/5/931
f 1121/2/932 1123/2/932 1120/2/932
f 1121/2/933 1122/2/933 1123/2/933
f 877/7/934 870/7/934 879/7/934
f 573/6/935 567/6/935 585/6/935
f 1126/2/936 1125/2/936 1124/2/936
f 1127/7/937 1138/7/937 1128/7/937
f 1128/7/938 1134/7/938 1129/7/938
f 1134/7/939 1130/7/939 1129/7/939
f 1135/7/940 1131/7/940 1130/7/940
f 1136/7/941 1132/7/941 1131/7/941
f 1137/7/942 1133/7/942 1132/7/942
f 1133/7/943 1138/7/943 1127/7/943
f 1142/7/944 1141/7/944 1138/7/944
f 1150/7/945 1144/7/945 1143/7/945
f 1144/7/946 1151/7/946 1145/7/946
f 1145/7/947 1152/7/947 1146/7/947
f 1146/7/948 1153/7/948 1147/7/948
f 1153/7/949 1148/7/949 1147/7/949
f 1154/7/950 1149/7/950 1148/7/950
f 1155/7/951 1143/7/951 1149/7/951
f 1157/7/952 1158/7/952 1153/7/952
f 1157/2/953 1156/2/953 1159/2/953
f 1160/7/954 1167/7/954 1161/7/954
f 1161/7/955 1167/7/955 1162/7/955
f 1168/7/956 1163/7/956 1162/7/956
f 1168/7/957 1164/7/957 1163/7/957
f 1164/7/958 1169/7/958 1165/7/958
f 1169/7/959 1166/7/959 1165/7/959
f 1166/7/960 1170/7/960 1160/7/960
f 1176/7/961 1186/7/961 1177/7/961
f 1177/7/962 1188/7/962 1178/7/962
f 1178/7/963 1183/7/963 1179/7/963
f 1183/7/964 1180/7/964 1179/7/964
f 1184/7/965 1181/7/965 1180/7/965
f 1184/7/966 1182/7/966 1181/7/966
f 1185/7/967 1176/7/967 1182/7/967
f 769/7/968 850/7/968 843/7/968
f 1187/7/969 1188/7/969 1186/7/969
f 625/3/970 634/3/970 666/3/970
f 1184/7/971 1189/7/971 1191/7/971
f 659/3/972 656/3/972 657/3/972
f 1187/2/973 1190/2/973 1191/2/973
f 1192/7/974 1199/7/974 1193/7/974
f 1199/7/975 1194/7/975 1193/7/975
f 1200/7/976 1195/7/976 1194/7/976
f 1195/7/977 1201/7/977 1196/7/977
f 1201/7/978 1197/7/978 1196/7/978
f 1197/7/979 1202/7/979 1198/7/979
f 1203/7/980 1192/7/980 1198/7/980
f 1316/6/981 1333/6/981 1302/6/981
f 628/3/982 635/3/982 633/3/982
f 1304/5/983 1296/5/983 1330/5/983
f 1210/4/984 1208/4/984 1211/4/984
f 1214/4/985 1212/4/985 1215/4/985
f 1218/4/986 1216/4/986 1219/4/986
f 1222/4/987 1220/4/987 1223/4/987
f 1226/4/988 1224/4/988 1227/4/988
f 1230/4/989 1228/4/989 1231/4/989
f 1235/4/990 1233/4/990 1232/4/990
f 1239/4/991 1237/4/991 1236/4/991
f 1243/4/992 1241/4/992 1240/4/992
f 1247/4/993 1245/4/993 1244/4/993
f 1251/4/994 1249/4/994 1248/4/994
f 1252/7/995 1259/7/995 1253/7/995
f 1259/7/996 1254/7/996 1253/7/996
f 1254/7/997 1260/7/997 1255/7/997
f 1255/7/998 1260/7/998 1256/7/998
f 1261/7/999 1257/7/999 1256/7/999
f 1262/7/1000 1258/7/1000 1257/7/1000
f 1258/7/1001 1263/7/1001 1252/7/1001
f 1261/7/1002 1266/7/1002 1262/7/1002
f 1265/7/1003 1267/7/1003 1266/7/1003
f 1268/2/1004 1267/2/1004 1264/2/1004
f 1269/5/1005 1272/5/1005 1271/5/1005
f 1270/5/1006 1269/5/1006 1271/5/1006
f 1273/3/1007 1275/3/1007 1280/3/1007
f 1276/3/1008 1279/3/1008 1277/3/1008
f 1275/3/1009 1279/3/1009 1278/3/1009
f 1277/3/1010 1280/3/1010 1276/3/1010
f 652/5/1011 643/5/1011 653/5/1011
f 1281/8/1012 1284/8/1012 1282/8/1012
f 661/7/1013 654/7/1013 618/7/1013
f 1278/8/1014 1282/8/1014 1284/8/1014
f 648/6/1015 662/6/1015 639/6/1015
f 1324/5/1016 1304/5/1016 1320/5/1016
f 1320/3/1017 1323/3/1017 1324/3/1017
f 619/6/1018 650/6/1018 669/6/1018
f 1305/7/1019 1293/7/1019 1301/7/1019
f 1302/3/1020 1301/3/1020 1316/3/1020
f 1319/5/1021 1309/5/1021 1334/5/1021
f 1322/6/1022 1311/6/1022 1318/6/1022
f 1309/5/1023 1315/5/1023 1334/5/1023
f 1312/5/1024 1319/5/1024 1313/5/1024
f 628/6/1025 621/6/1025 640/6/1025
f 1311/5/1026 1326/5/1026 1318/5/1026
f 1317/5/1027 1311/5/1027 1322/5/1027
f 1317/5/1028 1321/5/1028 1316/5/1028
f 1315/7/1029 1308/7/1029 1294/7/1029
f 1293/5/1030 1317/5/1030 1301/5/1030
f 1317/9/1031 1293/9/1031 1326/9/1031
f 630/5/1032 655/5/1032 636/5/1032
f 664/7/1033 656/7/1033 658/7/1033
f 1324/3/1034 1321/3/1034 1322/3/1034
f 1307/9/1035 1326/9/1035 1293/9/1035
f 1308/6/1036 1313/6/1036 1300/6/1036
f 1306/5/1037 1298/5/1037 1303/5/1037
f 625/5/1038 627/5/1038 628/5/1038
f 1325/5/1039 1298/5/1039 1330/5/1039
f 640/6/1040 647/6/1040 628/6/1040
f 1300/6/1041 1294/6/1041 1308/6/1041
f 1332/5/1042 1321/5/1042 1295/5/1042
f 1328/7/1043 1321/7/1043 1323/7/1043
f 1328/7/1044 1331/7/1044 1295/7/1044
f 1320/3/1045 1299/3/1045 1329/3/1045
f 1298/5/1046 1306/5/1046 1304/5/1046
f 1336/7/1047 1339/7/1047 1337/7/1047
f 1348/7/1048 1335/7/1048 1340/7/1048
f 1343/5/1049 1340/5/1049 1337/5/1049
f 1343/7/1050 1339/7/1050 1345/7/1050
f 1297/7/1051 1336/7/1051 1337/7/1051
f 1336/5/1052 1325/5/1052 1335/5/1052
f 1345/7/1053 1342/7/1053 1343/7/1053
f 711/3/1054 708/3/1054 709/3/1054
f 712/3/1055 675/3/1055 705/3/1055
f 690/5/1056 685/5/1056 687/5/1056
f 1380/3/1057 1377/3/1057 1378/3/1057
f 1429/7/1058 1428/7/1058 1343/7/1058
f 1348/7/1059 1347/7/1059 1341/7/1059
f 1342/5/1060 1347/5/1060 1429/5/1060
f 821/5/1061 716/5/1061 718/5/1061
f 1389/5/1062 1353/5/1062 1385/5/1062
f 700/6/1063 713/6/1063 691/6/1063
f 1357/3/1064 1356/3/1064 1371/3/1064
f 1380/5/1065 1359/5/1065 1375/5/1065
f 1375/3/1066 1379/3/1066 1380/3/1066
f 1395/5/1067 1394/5/1067 1397/5/1067
f 1368/3/1068 1369/3/1068 1358/3/1068
f 1355/3/1069 1358/3/1069 1353/3/1069
f 1360/7/1070 1349/7/1070 1356/7/1070
f 445/3/1071 452/3/1071 450/3/1071
f 1374/7/1072 1389/7/1072 1351/7/1072
f 1374/5/1073 1364/5/1073 1390/5/1073
f 1378/6/1074 1366/6/1074 1373/6/1074
f 1364/5/1075 1370/5/1075 1390/5/1075
f 1367/5/1076 1374/5/1076 1368/5/1076
f 1366/5/1077 1381/5/1077 1373/5/1077
f 1372/5/1078 1366/5/1078 1378/5/1078
f 1372/5/1079 1377/5/1079 1371/5/1079
f 1370/7/1080 1363/7/1080 1350/7/1080
f 1349/5/1081 1372/5/1081 1356/5/1081
f 1372/9/1082 1349/9/1082 1381/9/1082
f 1452/6/1083 1464/6/1083 1445/6/1083
f 1397/3/1084 1400/3/1084 1395/3/1084
f 1304/5/1085 1301/5/1085 1320/5/1085
f 713/5/1086 695/5/1086 704/5/1086
f 1373/5/1087 1369/5/1087 1365/5/1087
f 823/5/1088 684/5/1088 721/5/1088
f 464/3/1089 465/3/1089 452/3/1089
f 1362/9/1090 1381/9/1090 1349/9/1090
f 1383/7/1091 1377/7/1091 1379/7/1091
f 465/6/1092 479/6/1092 456/6/1092
f 1383/7/1093 1386/7/1093 1376/7/1093
f 1387/5/1094 1377/5/1094 1376/5/1094
f 677/3/1095 686/3/1095 717/3/1095
f 1375/3/1096 1354/3/1096 1384/3/1096
f 704/5/1097 695/5/1097 705/5/1097
f 1403/5/1098 1395/5/1098 1400/5/1098
f 729/5/1099 773/5/1099 775/5/1099
f 1395/5/1100 1422/5/1100 1394/5/1100
f 1421/5/1101 1401/5/1101 1417/5/1101
f 1417/3/1102 1420/3/1102 1421/3/1102
f 1399/3/1103 1398/3/1103 1413/3/1103
f 1402/7/1104 1391/7/1104 1398/7/1104
f 721/4/1105 720/4/1105 823/4/1105
f 1440/3/1106 1439/3/1106 1454/3/1106
f 1422/7/1107 1416/7/1107 1430/7/1107
f 1416/5/1108 1406/5/1108 1430/5/1108
f 715/7/1109 821/7/1109 674/7/1109
f 1419/6/1110 1408/6/1110 1415/6/1110
f 1406/5/1111 1412/5/1111 1430/5/1111
f 1409/5/1112 1416/5/1112 1410/5/1112
f 1408/5/1113 1423/5/1113 1415/5/1113
f 1414/5/1114 1408/5/1114 1419/5/1114
f 1414/5/1115 1418/5/1115 1413/5/1115
f 1412/7/1116 1405/7/1116 1392/7/1116
f 1391/5/1117 1414/5/1117 1398/5/1117
f 1414/9/1118 1391/9/1118 1423/9/1118
f 680/6/1119 673/6/1119 692/6/1119
f 1401/5/1120 1393/5/1120 1427/5/1120
f 447/5/1121 472/5/1121 453/5/1121
f 722/4/1122 676/4/1122 723/4/1122
f 1413/6/1123 1429/6/1123 1399/6/1123
f 1404/9/1124 1423/9/1124 1391/9/1124
f 1395/5/1125 1403/5/1125 1401/5/1125
f 1436/5/1126 1435/5/1126 1438/5/1126
f 1397/6/1127 1392/6/1127 1405/6/1127
f 1425/7/1128 1347/7/1128 1346/7/1128
f 731/3/1129 741/3/1129 774/3/1129
f 1428/5/1130 1418/5/1130 1346/5/1130
f 1405/6/1131 1410/6/1131 1397/6/1131
f 1546/5/1132 1518/5/1132 1551/5/1132
f 1429/5/1133 1347/5/1133 1426/5/1133
f 1417/3/1134 1396/3/1134 1426/3/1134
f 1410/3/1135 1411/3/1135 1400/3/1135
f 1462/5/1136 1442/5/1136 1458/5/1136
f 734/3/1137 742/3/1137 740/3/1137
f 1458/3/1138 1461/3/1138 1462/3/1138
f 453/5/1139 439/5/1139 451/5/1139
f 739/3/1140 735/3/1140 758/3/1140
f 1438/3/1141 1441/3/1141 1436/3/1141
f 754/3/1142 756/3/1142 742/3/1142
f 1443/7/1143 1431/7/1143 1439/7/1143
f 1462/3/1144 1459/3/1144 1460/3/1144
f 1457/5/1145 1447/5/1145 1472/5/1145
f 1464/5/1146 1448/5/1146 1456/5/1146
f 1460/6/1147 1449/6/1147 1456/6/1147
f 1447/5/1148 1453/5/1148 1472/5/1148
f 1450/5/1149 1457/5/1149 1451/5/1149
f 1449/5/1150 1464/5/1150 1456/5/1150
f 1455/5/1151 1449/5/1151 1460/5/1151
f 1455/5/1152 1459/5/1152 1454/5/1152
f 1453/7/1153 1446/7/1153 1432/7/1153
f 1431/5/1154 1455/5/1154 1439/5/1154
f 1455/9/1155 1431/9/1155 1464/9/1155
f 540/6/1156 555/6/1156 531/6/1156
f 487/4/1157 486/4/1157 882/4/1157
f 1444/5/1158 1436/5/1158 1441/5/1158
f 743/5/1159 737/5/1159 762/5/1159
f 736/5/1160 739/5/1160 778/5/1160
f 760/5/1161 755/5/1161 750/5/1161
f 1454/6/1162 1471/6/1162 1440/6/1162
f 1445/9/1163 1464/9/1163 1431/9/1163
f 517/5/1164 519/5/1164 520/5/1164
f 1446/6/1165 1451/6/1165 1438/6/1165
f 1438/6/1166 1432/6/1166 1446/6/1166
f 1466/7/1167 1469/7/1167 1433/7/1167
f 1470/5/1168 1459/5/1168 1433/5/1168
f 755/6/1169 770/6/1169 746/6/1169
f 1458/3/1170 1437/3/1170 1467/3/1170
f 1436/5/1171 1463/5/1171 1435/5/1171
f 1496/6/1172 1580/6/1172 1482/6/1172
f 1471/3/1173 1470/3/1173 1564/3/1173
f 445/6/1174 437/6/1174 457/6/1174
f 743/5/1175 728/5/1175 741/5/1175
f 1504/5/1176 1484/5/1176 1500/5/1176
f 1504/3/1177 1501/3/1177 1502/3/1177
f 1500/3/1178 1503/3/1178 1504/3/1178
f 1494/6/1179 1505/6/1179 1487/6/1179
f 1482/3/1180 1481/3/1180 1496/3/1180
f 1486/5/1181 1478/5/1181 1483/5/1181
f 1485/7/1182 1473/7/1182 1481/7/1182
f 1493/3/1183 1494/3/1183 1483/3/1183
f 734/6/1184 727/6/1184 747/6/1184
f 554/5/1185 563/5/1185 559/5/1185
f 882/4/1186 440/4/1186 484/4/1186
f 785/7/1187 791/7/1187 788/7/1187
f 1499/5/1188 1489/5/1188 1513/5/1188
f 1502/6/1189 1491/6/1189 1498/6/1189
f 1489/5/1190 1495/5/1190 1513/5/1190
f 1492/5/1191 1499/5/1191 1493/5/1191
f 1491/5/1192 1505/5/1192 1498/5/1192
f 1497/5/1193 1491/5/1193 1502/5/1193
f 1497/5/1194 1501/5/1194 1496/5/1194
f 1495/7/1195 1488/7/1195 1474/7/1195
f 1473/5/1196 1497/5/1196 1481/5/1196
f 1497/9/1197 1473/9/1197 1505/9/1197
f 682/5/1198 707/5/1198 688/5/1198
f 863/5/1199 524/5/1199 512/5/1199
f 1466/7/1200 1459/7/1200 1461/7/1200
f 1487/9/1201 1505/9/1201 1473/9/1201
f 1488/6/1202 1493/6/1202 1480/6/1202
f 1480/6/1203 1474/6/1203 1488/6/1203
f 1298/5/1204 1297/5/1204 1300/5/1204
f 508/5/1205 610/5/1205 612/5/1205
f 1511/5/1206 1501/5/1206 1475/5/1206
f 796/5/1207 785/5/1207 784/5/1207
f 797/7/658 787/7/658 786/7/658
f 1500/3/1208 1479/3/1208 1508/3/1208
f 1478/5/1209 1512/5/1209 1477/5/1209
f 1507/7/1210 1510/7/1210 1475/7/1210
f 572/3/1211 783/3/1211 790/3/1211
f 504/7/1212 490/7/1212 500/7/1212
f 1545/5/1213 1524/5/1213 1540/5/1213
f 815/7/1214 822/7/1214 821/7/1214
f 622/7/1215 800/7/1215 794/7/1215
f 1540/3/1216 1544/3/1216 1545/3/1216
f 677/5/1217 679/5/1217 680/5/1217
f 1522/3/1218 1521/3/1218 1536/3/1218
f 1525/7/1219 1514/7/1219 1521/7/1219
f 772/7/1220 764/7/1220 766/7/1220
f 1539/5/1221 1529/5/1221 1554/5/1221
f 509/7/1222 508/7/1222 501/7/1222
f 1543/6/1223 1531/6/1223 1538/6/1223
f 1529/5/1224 1535/5/1224 1554/5/1224
f 1532/5/1225 1539/5/1225 1533/5/1225
f 1531/5/1226 1547/5/1226 1538/5/1226
f 1537/5/1227 1531/5/1227 1543/5/1227
f 1537/5/1228 1542/5/1228 1536/5/1228
f 510/7/1229 614/7/1229 502/7/1229
f 1535/7/1230 1528/7/1230 1515/7/1230
f 1514/5/1231 1537/5/1231 1521/5/1231
f 1537/9/1232 1514/9/1232 1547/9/1232
f 1565/5/1233 1558/5/1233 1560/5/1233
f 575/5/1234 600/5/1234 581/5/1234
f 1527/9/1235 1547/9/1235 1514/9/1235
f 832/7/1236 825/7/1236 722/7/1236
f 1562/5/1237 1557/5/1237 1555/5/1237
f 440/5/1238 482/5/1238 484/5/1238
f 1553/5/1239 1542/5/1239 1541/5/1239
f 841/7/1240 729/7/1240 835/7/1240
f 818/7/658 809/7/658 808/7/658
f 504/7/658 496/7/658 495/7/658
f 1540/3/1241 1519/3/1241 1550/3/1241
f 1545/3/1242 1542/3/1242 1543/3/1242
f 1528/6/1243 1533/6/1243 1520/6/1243
f 1518/5/1244 1526/5/1244 1524/5/1244
f 1557/7/1245 1560/7/1245 1556/7/1245
f 1556/5/1246 1558/5/1246 1561/5/1246
f 838/7/1247 824/7/1247 834/7/1247
f 850/3/1248 725/3/1248 780/3/1248
f 736/7/1249 777/7/1249 836/7/1249
f 859/7/617 845/7/617 848/7/617
f 1435/7/1250 1570/7/1250 1571/7/1250
f 852/5/1251 842/5/1251 849/5/1251
f 1394/7/1252 1557/7/1252 1556/7/1252
f 1557/5/1253 1422/5/1253 1555/5/1253
f 1565/7/1254 1563/7/1254 1564/7/1254
f 552/3/1255 549/3/1255 550/3/1255
f 1567/7/1256 1469/7/1256 1562/7/1256
f 858/7/1257 842/7/1257 853/7/1257
f 1563/5/1258 1469/5/1258 1471/5/1258
f 1571/7/1259 1572/7/1259 1573/7/1259
f 606/4/1260 569/4/1260 616/4/1260
f 596/6/1261 615/6/1261 577/6/1261
f 335/2/1262 334/2/1262 337/2/1262
f 1574/7/1263 1579/7/1263 1510/7/1263
f 1472/5/1264 1571/5/1264 1568/5/1264
f 1463/7/1265 1568/7/1265 1569/7/1265
f 1570/5/1266 1463/5/1266 1569/5/1266
f 1576/7/1267 1578/7/1267 1575/7/1267
f 524/3/1268 521/3/1268 542/3/1268
f 1575/5/1269 1510/5/1269 1580/5/1269
f 1582/7/1270 1585/7/1270 1583/7/1270
f 1580/7/1271 1511/7/1271 1576/7/1271
f 1590/5/1272 1586/5/1272 1583/5/1272
f 1591/7/286 1585/7/286 1584/7/286
f 1592/7/1273 1581/7/1273 1586/7/1273
f 873/5/1274 864/5/1274 871/5/1274
f 880/7/1275 871/7/1275 868/7/1275
f 1477/7/1276 1582/7/1276 1583/7/1276
f 1582/5/1277 1512/5/1277 1581/5/1277
f 1590/7/1278 1588/7/1278 1589/7/1278
f 878/7/658 870/7/658 869/7/658
f 1593/7/1279 1553/7/1279 1589/7/1279
f 1588/5/1280 1552/5/1280 1593/5/1280
f 1596/7/1281 1599/7/1281 1595/7/1281
f 1595/5/1282 1597/5/1282 1600/5/1282
f 1597/7/1283 1601/7/1283 1594/7/1283
f 1546/7/1284 1600/7/1284 1594/7/1284
f 1517/7/1285 1596/7/1285 1595/7/1285
f 1605/7/1286 1599/7/1286 1598/7/1286
f 1596/5/1287 1546/5/1287 1594/5/1287
f 1604/7/1288 1602/7/1288 1603/7/1288
f 1388/3/1289 1387/3/1289 1603/3/1289
f 1606/7/1290 1386/7/1290 1601/7/1290
f 1618/7/1291 1612/7/1291 1607/7/1291
f 1602/5/1292 1386/5/1292 1388/5/1292
f 1609/7/1293 1610/7/1293 1611/7/1293
f 1617/7/286 1611/7/286 1610/7/286
f 1390/5/1294 1609/5/1294 1607/5/1294
f 1352/7/1295 1608/7/1295 1609/7/1295
f 1608/5/1296 1389/5/1296 1612/5/1296
f 1615/7/1297 1617/7/1297 1614/7/1297
f 892/5/1298 890/5/1298 891/5/1298
f 1613/7/1299 1618/7/1299 1331/7/1299
f 1614/5/1300 1331/5/1300 1333/5/1300
f 1621/5/1301 1620/5/1301 1619/5/1301
f 1622/5/1302 1619/5/1302 1620/5/1302
f 1624/5/1303 1626/5/1303 1623/5/1303
f 1624/5/1304 1625/5/1304 1626/5/1304
f 1627/5/1305 1629/5/1305 1628/5/1305
f 1627/5/1306 1628/5/1306 1629/5/1306
f 528/5/1307 515/5/1307 526/5/1307
f 1631/5/1308 1632/5/1308 1630/5/1308
f 1631/5/1309 1630/5/1309 1632/5/1309
f 1653/1/658 1702/1/658 1654/1/658
f 555/5/1310 535/5/1310 544/5/1310
f 1677/1/658 1726/1/658 1678/1/658
f 1605/7/1311 1596/7/1311 1602/7/1311
f 1729/1/1312 1740/1/1312 1748/1/1312
f 1736/1/1313 1731/1/1313 1733/1/1313
f 1733/1/1314 1770/1/1314 1735/1/1314
f 1735/1/1315 1772/1/1315 1738/1/1315
f 1745/1/1316 1741/1/1316 1743/1/1316
f 1743/1/1317 1739/1/1317 1737/1/1317
f 1737/1/1318 1832/1/1318 1831/1/1318
f 1753/1/1319 1749/1/1319 1751/1/1319
f 1751/1/1320 1747/1/1320 1746/1/1320
f 1746/1/1321 1788/1/1321 1843/1/1321
f 1761/1/1322 1756/1/1322 1758/1/1322
f 1758/1/1323 1754/1/1323 1760/1/1323
f 1760/1/1324 1755/1/1324 1763/1/1324
f 1771/1/1325 1766/1/1325 1768/1/1325
f 1768/1/1326 1764/1/1326 1762/1/1326
f 1762/1/1327 1865/1/1327 1864/1/1327
f 1738/1/1328 1772/1/1328 1858/1/1328
f 1916/1/1329 1876/1/1329 1783/1/1329
f 1828/1/1330 1827/1/1330 1788/1/1330
f 1793/1/1331 1790/1/1331 1791/1/1331
f 1791/1/1332 1822/1/1332 1792/1/1332
f 1872/1/1333 1887/1/1333 1821/1/1333
f 1763/1/1334 1755/1/1334 1839/1/1334
f 1801/1/1335 1798/1/1335 1835/1/1335
f 1883/1/1336 1897/1/1336 1833/1/1336
f 1808/1/1337 1803/1/1337 1805/1/1337
f 1805/1/1338 1844/1/1338 1807/1/1338
f 1807/1/1339 1895/1/1339 1908/1/1339
f 1779/1/1340 1809/1/1340 1903/1/1340
f 1816/1/1341 1812/1/1341 1813/1/1341
f 1813/1/1342 1811/1/1342 1815/1/1342
f 1841/1/1343 1836/1/1343 1837/1/1343
f 1837/1/1344 1835/1/1344 1840/1/1344
f 1860/1/1345 1856/1/1345 1857/1/1345
f 1857/1/1346 1855/1/1346 1859/1/1346
f 1888/1/1347 1877/1/1347 1866/1/1347
f 1873/1/1348 1868/1/1348 1870/1/1348
f 1876/1/1349 1916/1/1349 1914/1/1349
f 1884/1/1350 1878/1/1350 1880/1/1350
f 1894/1/1351 1889/1/1351 1891/1/1351
f 1904/1/1352 1899/1/1352 1901/1/1352
f 1915/1/1353 1909/1/1353 1911/1/1353
f 122/1/1354 11/1/1354 10/1/1354
f 123/1/1355 12/1/1355 11/1/1355
f 123/1/1356 2/1/1356 12/1/1356
f 127/1/1357 13/1/1357 12/1/1357
f 129/1/1358 14/1/1358 13/1/1358
f 3/1/1359 15/1/1359 14/1/1359
f 3/1/1360 4/1/1360 15/1/1360
f 5/1/1361 6/1/1361 17/1/1361
f 6/1/1362 18/1/1362 17/1/1362
f 140/1/1363 19/1/1363 18/1/1363
f 140/1/1364 8/1/1364 20/1/1364
f 8/1/1365 144/1/1365 21/1/1365
f 144/1/1366 146/1/1366 22/1/1366
f 148/1/1367 23/1/1367 22/1/1367
f 150/1/1368 152/1/1368 23/1/1368
f 152/1/1369 24/1/1369 23/1/1369
f 152/1/1370 155/1/1370 24/1/1370
f 155/1/1371 157/1/1371 25/1/1371
f 157/1/1372 26/1/1372 25/1/1372
f 160/1/1373 28/1/1373 27/1/1373
f 160/1/1374 163/1/1374 28/1/1374
f 164/1/1375 29/1/1375 28/1/1375
f 166/1/1376 10/1/1376 29/1/1376
f 166/1/1377 1/1/1377 10/1/1377
f 198/2/1378 228/2/1378 199/2/1378
f 200/2/1379 169/2/1379 170/2/1379
f 201/2/1380 200/2/1380 170/2/1380
f 202/2/1381 201/2/1381 172/2/1381
f 203/2/1382 202/2/1382 172/2/1382
f 203/2/1383 174/2/1383 175/2/1383
f 205/2/1384 175/2/1384 176/2/1384
f 206/2/1385 205/2/1385 176/2/1385
f 207/2/1386 177/2/1386 178/2/1386
f 208/2/1387 207/2/1387 178/2/1387
f 208/2/1388 178/2/1388 179/2/1388
f 210/2/1389 180/2/1389 181/2/1389
f 211/2/1390 181/2/1390 182/2/1390
f 213/2/1391 182/2/1391 183/2/1391
f 213/2/1392 183/2/1392 184/2/1392
f 214/2/1393 184/2/1393 185/2/1393
f 215/2/1394 185/2/1394 186/2/1394
f 216/2/1395 186/2/1395 187/2/1395
f 217/2/1396 216/2/1396 187/2/1396
f 218/2/1397 188/2/1397 189/2/1397
f 219/2/1398 189/2/1398 190/2/1398
f 220/2/1399 190/2/1399 191/2/1399
f 221/2/1400 191/2/1400 192/2/1400
f 222/2/1401 192/2/1401 193/2/1401
f 224/2/1402 193/2/1402 194/2/1402
f 225/2/1403 194/2/1403 195/2/1403
f 226/2/1404 225/2/1404 195/2/1404
f 227/2/1405 196/2/1405 197/2/1405
f 228/2/1406 197/2/1406 199/2/1406
f 65/1/1407 46/1/1407 30/1/1407
f 46/1/1408 47/1/1408 31/1/1408
f 47/1/1409 48/1/1409 32/1/1409
f 48/1/1410 49/1/1410 34/1/1410
f 49/1/1411 50/1/1411 35/1/1411
f 50/1/1412 51/1/1412 132/1/1412
f 51/1/1413 52/1/1413 36/1/1413
f 52/1/1414 53/1/1414 37/1/1414
f 53/1/1415 54/1/1415 38/1/1415
f 54/1/1416 55/1/1416 141/1/1416
f 39/1/1417 55/1/1417 56/1/1417
f 147/1/1418 56/1/1418 57/1/1418
f 57/1/1419 58/1/1419 151/1/1419
f 58/1/1420 59/1/1420 154/1/1420
f 59/1/1421 60/1/1421 40/1/1421
f 60/1/1422 61/1/1422 41/1/1422
f 42/1/1423 61/1/1423 62/1/1423
f 44/1/1424 62/1/1424 63/1/1424
f 63/1/1425 64/1/1425 45/1/1425
f 64/1/1426 65/1/1426 168/1/1426
f 66/1/1427 94/1/1427 67/1/1427
f 95/1/1428 94/1/1428 68/1/1428
f 69/1/1429 96/1/1429 95/1/1429
f 97/1/1430 96/1/1430 69/1/1430
f 70/1/1431 98/1/1431 97/1/1431
f 99/1/1432 98/1/1432 71/1/1432
f 72/1/1433 100/1/1433 99/1/1433
f 101/1/1434 100/1/1434 72/1/1434
f 73/1/1435 102/1/1435 101/1/1435
f 103/1/1436 102/1/1436 74/1/1436
f 76/1/1437 104/1/1437 103/1/1437
f 105/1/1438 104/1/1438 76/1/1438
f 78/1/1439 106/1/1439 105/1/1439
f 79/1/1440 107/1/1440 106/1/1440
f 108/1/1441 107/1/1441 80/1/1441
f 109/1/1442 108/1/1442 80/1/1442
f 110/1/1443 109/1/1443 82/1/1443
f 83/1/1444 111/1/1444 110/1/1444
f 112/1/1445 111/1/1445 84/1/1445
f 113/1/1446 112/1/1446 85/1/1446
f 114/1/1447 113/1/1447 86/1/1447
f 115/1/1448 114/1/1448 86/1/1448
f 116/1/1449 115/1/1449 87/1/1449
f 117/1/1450 116/1/1450 89/1/1450
f 90/1/1451 118/1/1451 117/1/1451
f 119/1/1452 118/1/1452 91/1/1452
f 92/1/1453 120/1/1453 119/1/1453
f 93/1/1454 67/1/1454 120/1/1454
f 46/3/1455 65/3/1455 67/3/1455
f 11/3/1456 66/3/1456 93/3/1456
f 11/3/1457 68/3/1457 66/3/1457
f 46/3/1458 94/3/1458 95/3/1458
f 46/3/1459 95/3/1459 96/3/1459
f 47/3/1460 96/3/1460 97/3/1460
f 13/3/1461 70/3/1461 69/3/1461
f 48/3/1462 97/3/1462 98/3/1462
f 14/3/1463 71/3/1463 70/3/1463
f 48/3/1464 98/3/1464 99/3/1464
f 49/3/1465 99/3/1465 100/3/1465
f 14/3/1466 72/3/1466 71/3/1466
f 50/3/1467 100/3/1467 101/3/1467
f 15/3/1468 73/3/1468 72/3/1468
f 50/3/1469 101/3/1469 102/3/1469
f 16/3/1470 74/3/1470 73/3/1470
f 16/3/1471 75/3/1471 74/3/1471
f 17/3/1472 18/3/1472 76/3/1472
f 53/3/1473 104/3/1473 105/3/1473
f 54/3/1474 105/3/1474 106/3/1474
f 19/3/1475 78/3/1475 77/3/1475
f 55/3/1476 54/3/1476 106/3/1476
f 55/3/1477 106/3/1477 107/3/1477
f 20/3/1478 79/3/1478 78/3/1478
f 20/3/1479 80/3/1479 79/3/1479
f 55/3/1480 107/3/1480 108/3/1480
f 20/3/1481 21/3/1481 80/3/1481
f 56/3/1482 108/3/1482 109/3/1482
f 21/3/1483 81/3/1483 80/3/1483
f 22/3/1484 82/3/1484 81/3/1484
f 57/3/1485 109/3/1485 110/3/1485
f 22/3/1486 83/3/1486 82/3/1486
f 57/3/1487 110/3/1487 111/3/1487
f 22/3/1488 23/3/1488 83/3/1488
f 58/3/1489 111/3/1489 112/3/1489
f 24/3/1490 85/3/1490 84/3/1490
f 59/3/1491 112/3/1491 113/3/1491
f 25/3/1492 86/3/1492 85/3/1492
f 60/3/1493 113/3/1493 114/3/1493
f 60/3/1494 114/3/1494 115/3/1494
f 26/3/1495 87/3/1495 86/3/1495
f 61/3/1496 115/3/1496 116/3/1496
f 27/3/1497 88/3/1497 87/3/1497
f 27/3/1498 89/3/1498 88/3/1498
f 62/3/1499 116/3/1499 117/3/1499
f 63/3/1500 62/3/1500 117/3/1500
f 28/3/1501 90/3/1501 89/3/1501
f 63/3/1502 117/3/1502 118/3/1502
f 29/3/1503 91/3/1503 90/3/1503
f 64/3/1504 118/3/1504 119/3/1504
f 64/3/1505 119/3/1505 120/3/1505
f 10/3/1506 92/3/1506 91/3/1506
f 65/3/1507 120/3/1507 67/3/1507
f 30/3/1508 124/3/1508 121/3/1508
f 30/3/1509 31/3/1509 124/3/1509
f 31/3/1510 32/3/1510 126/3/1510
f 2/3/1511 125/3/1511 127/3/1511
f 4/3/1512 3/3/1512 131/3/1512
f 5/3/1513 4/3/1513 133/3/1513
f 36/3/1514 136/3/1514 134/3/1514
f 36/3/1515 37/3/1515 136/3/1515
f 6/3/1516 135/3/1516 137/3/1516
f 7/3/1517 6/3/1517 137/3/1517
f 144/3/1518 8/3/1518 142/3/1518
f 39/3/1519 145/3/1519 143/3/1519
f 147/3/1520 151/3/1520 149/3/1520
f 40/3/1521 156/3/1521 154/3/1521
f 41/3/1522 42/3/1522 159/3/1522
f 9/3/1523 158/3/1523 160/3/1523
f 43/3/1524 44/3/1524 162/3/1524
f 44/3/1525 165/3/1525 162/3/1525
f 1/3/1526 228/3/1526 198/3/1526
f 121/3/1527 169/3/1527 199/3/1527
f 122/3/1528 1/3/1528 198/3/1528
f 124/3/1529 170/3/1529 169/3/1529
f 125/3/1530 123/3/1530 200/3/1530
f 126/3/1531 171/3/1531 170/3/1531
f 126/3/1532 172/3/1532 171/3/1532
f 125/3/1533 201/3/1533 202/3/1533
f 127/3/1534 202/3/1534 173/3/1534
f 128/3/1535 174/3/1535 172/3/1535
f 128/3/1536 33/3/1536 174/3/1536
f 129/3/1537 173/3/1537 204/3/1537
f 34/3/1538 175/3/1538 174/3/1538
f 129/3/1539 204/3/1539 205/3/1539
f 35/3/1540 176/3/1540 175/3/1540
f 130/3/1541 205/3/1541 206/3/1541
f 35/3/1542 177/3/1542 176/3/1542
f 131/3/1543 206/3/1543 207/3/1543
f 134/3/1544 178/3/1544 177/3/1544
f 133/3/1545 207/3/1545 208/3/1545
f 133/3/1546 208/3/1546 209/3/1546
f 136/3/1547 179/3/1547 178/3/1547
f 136/3/1548 180/3/1548 179/3/1548
f 135/3/1549 209/3/1549 210/3/1549
f 137/3/1550 210/3/1550 211/3/1550
f 138/3/1551 181/3/1551 180/3/1551
f 138/3/1552 38/3/1552 181/3/1552
f 139/3/1553 211/3/1553 212/3/1553
f 38/3/1554 182/3/1554 181/3/1554
f 140/3/1555 139/3/1555 212/3/1555
f 142/3/1556 140/3/1556 213/3/1556
f 143/3/1557 183/3/1557 182/3/1557
f 142/3/1558 213/3/1558 214/3/1558
f 143/3/1559 184/3/1559 183/3/1559
f 144/3/1560 214/3/1560 215/3/1560
f 145/3/1561 185/3/1561 184/3/1561
f 147/3/1562 186/3/1562 185/3/1562
f 146/3/1563 215/3/1563 216/3/1563
f 148/3/1564 146/3/1564 216/3/1564
f 149/3/1565 187/3/1565 186/3/1565
f 148/3/1566 216/3/1566 217/3/1566
f 151/3/1567 188/3/1567 187/3/1567
f 150/3/1568 217/3/1568 218/3/1568
f 150/3/1569 218/3/1569 219/3/1569
f 153/3/1570 189/3/1570 188/3/1570
f 152/3/1571 219/3/1571 220/3/1571
f 154/3/1572 156/3/1572 190/3/1572
f 155/3/1573 220/3/1573 221/3/1573
f 156/3/1574 191/3/1574 190/3/1574
f 157/3/1575 221/3/1575 222/3/1575
f 41/3/1576 192/3/1576 191/3/1576
f 158/3/1577 222/3/1577 223/3/1577
f 158/3/1578 223/3/1578 224/3/1578
f 159/3/1579 43/3/1579 193/3/1579
f 162/3/1580 194/3/1580 193/3/1580
f 161/3/1581 224/3/1581 225/3/1581
f 163/3/1582 161/3/1582 225/3/1582
f 165/3/1583 195/3/1583 194/3/1583
f 163/3/1584 225/3/1584 226/3/1584
f 165/3/1585 196/3/1585 195/3/1585
f 167/3/1586 197/3/1586 196/3/1586
f 1/3/1587 166/3/1587 228/3/1587
f 168/3/1588 121/3/1588 199/3/1588
f 204/2/1589 173/2/1589 203/2/1589
f 232/4/1590 231/4/1590 230/4/1590
f 234/5/1591 237/5/1591 236/5/1591
f 234/5/1592 235/5/1592 237/5/1592
f 233/5/1593 236/5/1593 238/5/1593
f 464/6/1594 445/6/1594 457/6/1594
f 467/6/1595 486/6/1595 487/6/1595
f 239/2/1596 242/2/1596 241/2/1596
f 1507/7/1597 1475/7/1597 1501/7/1597
f 247/2/1598 248/2/1598 244/2/1598
f 248/2/1599 249/2/1599 245/2/1599
f 246/2/1600 249/2/1600 247/2/1600
f 245/2/1601 246/2/1601 244/2/1601
f 1524/5/1602 1545/5/1602 1516/5/1602
f 247/2/1603 249/2/1603 248/2/1603
f 261/7/1604 256/7/1604 251/7/1604
f 251/7/1605 256/7/1605 257/7/1605
f 257/7/1606 258/7/1606 253/7/1606
f 253/7/1607 258/7/1607 259/7/1607
f 259/7/1608 260/7/1608 255/7/1608
f 255/7/1609 260/7/1609 261/7/1609
f 671/3/1610 724/3/1610 832/3/1610
f 257/7/1611 263/7/1611 266/7/1611
f 1567/3/1612 1433/3/1612 1469/3/1612
f 857/5/1613 860/5/1613 846/5/1613
f 517/3/1614 520/3/1614 525/3/1614
f 1549/7/1615 1541/7/1615 1542/7/1615
f 262/7/1616 264/7/1616 267/7/1616
f 264/7/1617 265/7/1617 267/7/1617
f 479/5/1618 465/5/1618 460/5/1618
f 279/7/1619 275/7/1619 269/7/1619
f 275/7/1620 276/7/1620 271/7/1620
f 271/7/1621 276/7/1621 277/7/1621
f 277/7/1622 278/7/1622 273/7/1622
f 278/7/1623 279/7/1623 274/7/1623
f 1614/7/1624 1333/7/1624 1615/7/1624
f 284/2/1625 283/2/1625 285/2/1625
f 285/2/1626 282/2/1626 281/2/1626
f 281/2/1627 280/2/1627 285/2/1627
f 286/7/1628 298/7/1628 293/7/1628
f 287/7/1629 293/7/1629 294/7/1629
f 294/7/1630 295/7/1630 288/7/1630
f 295/7/1631 296/7/1631 289/7/1631
f 296/7/1632 297/7/1632 291/7/1632
f 297/7/1633 298/7/1633 292/7/1633
f 301/7/1634 299/7/1634 296/7/1634
f 296/7/1635 295/7/1635 301/7/1635
f 295/7/1636 294/7/1636 301/7/1636
f 294/7/1637 302/7/1637 301/7/1637
f 1579/7/1638 1574/7/1638 1569/7/1638
f 294/7/1639 293/7/1639 302/7/1639
f 293/7/1640 298/7/1640 303/7/1640
f 298/7/1641 297/7/1641 300/7/1641
f 297/7/1642 296/7/1642 300/7/1642
f 300/7/1643 296/7/1643 299/7/1643
f 303/7/1644 302/7/1644 293/7/1644
f 302/2/1645 303/2/1645 300/2/1645
f 299/2/1646 301/2/1646 302/2/1646
f 304/7/1647 315/7/1647 310/7/1647
f 305/7/1648 310/7/1648 311/7/1648
f 311/7/1649 312/7/1649 307/7/1649
f 312/7/1650 313/7/1650 308/7/1650
f 313/7/1651 314/7/1651 309/7/1651
f 314/7/1652 315/7/1652 304/7/1652
f 319/7/1653 318/7/1653 310/7/1653
f 310/7/1654 315/7/1654 319/7/1654
f 315/7/1655 314/7/1655 320/7/1655
f 314/7/1656 313/7/1656 317/7/1656
f 320/7/1657 314/7/1657 317/7/1657
f 320/7/1658 319/7/1658 315/7/1658
f 316/7/1659 317/7/1659 313/7/1659
f 313/7/1660 312/7/1660 316/7/1660
f 312/7/1661 311/7/1661 316/7/1661
f 311/7/1662 310/7/1662 318/7/1662
f 570/3/1663 573/3/1663 578/3/1663
f 317/2/1664 316/2/1664 320/2/1664
f 318/2/1665 319/2/1665 316/2/1665
f 322/7/1666 328/7/1666 329/7/1666
f 323/7/1667 329/7/1667 330/7/1667
f 325/7/1629 330/7/1629 331/7/1629
f 331/7/1668 332/7/1668 326/7/1668
f 332/7/1669 333/7/1669 327/7/1669
f 333/7/1670 328/7/1670 321/7/1670
f 599/3/1671 605/3/1671 588/3/1671
f 336/7/1672 337/7/1672 331/7/1672
f 331/7/1673 330/7/1673 336/7/1673
f 330/7/1674 329/7/1674 336/7/1674
f 329/7/1675 328/7/1675 335/7/1675
f 328/7/1676 333/7/1676 334/7/1676
f 333/7/1677 332/7/1677 337/7/1677
f 333/7/1678 337/7/1678 338/7/1678
f 333/7/1679 338/7/1679 334/7/1679
f 335/7/1680 336/7/1680 329/7/1680
f 334/7/1681 335/7/1681 328/7/1681
f 1578/7/1682 1577/7/1682 1573/7/1682
f 341/4/1683 340/4/1683 339/4/1683
f 345/4/1684 344/4/1684 343/4/1684
f 349/4/1685 348/4/1685 347/4/1685
f 353/4/1686 352/4/1686 351/4/1686
f 357/4/1687 356/4/1687 355/4/1687
f 361/4/1688 360/4/1688 359/4/1688
f 366/4/1689 365/4/1689 364/4/1689
f 370/4/1690 369/4/1690 368/4/1690
f 374/4/1691 373/4/1691 372/4/1691
f 378/4/1692 377/4/1692 376/4/1692
f 382/4/1693 381/4/1693 380/4/1693
f 383/7/1694 395/7/1694 390/7/1694
f 384/7/1695 390/7/1695 391/7/1695
f 391/7/1696 392/7/1696 385/7/1696
f 386/7/1697 392/7/1697 393/7/1697
f 393/7/1698 394/7/1698 388/7/1698
f 389/7/1699 394/7/1699 395/7/1699
f 629/3/1700 651/3/1700 650/3/1700
f 391/7/1701 390/7/1701 396/7/1701
f 390/7/1702 395/7/1702 401/7/1702
f 395/7/1703 394/7/1703 399/7/1703
f 394/7/1704 393/7/1704 399/7/1704
f 393/7/1705 392/7/1705 398/7/1705
f 392/7/1706 397/7/1706 398/7/1706
f 401/7/1707 396/7/1707 390/7/1707
f 393/7/1708 398/7/1708 399/7/1708
f 402/5/1709 406/5/1709 405/5/1709
f 402/5/1710 405/5/1710 404/5/1710
f 397/2/1711 396/2/1711 401/2/1711
f 400/2/1712 398/2/1712 401/2/1712
f 404/5/1713 403/5/1713 402/5/1713
f 1276/8/1714 1280/8/1714 1282/8/1714
f 1280/8/1715 1275/8/1715 1283/8/1715
f 1275/8/1716 1278/8/1716 1281/8/1716
f 1278/8/1717 1284/8/1717 1281/8/1717
f 1283/8/1718 1282/8/1718 1280/8/1718
f 404/5/1719 405/5/1719 406/5/1719
f 407/3/1720 409/3/1720 410/3/1720
f 411/3/1721 413/3/1721 415/3/1721
f 409/3/1722 415/3/1722 414/3/1722
f 412/3/1723 407/3/1723 418/3/1723
f 662/5/1724 648/5/1724 643/5/1724
f 407/3/318 412/3/318 409/3/318
f 407/3/1725 408/3/1725 418/3/1725
f 409/3/1726 416/3/1726 410/3/1726
f 1300/3/1727 1313/3/1727 1303/3/1727
f 414/8/1728 413/8/1728 416/8/1728
f 411/8/1729 417/8/1729 413/8/1729
f 417/8/1730 418/8/1730 422/8/1730
f 418/8/1731 410/8/1731 419/8/1731
f 410/8/1732 416/8/1732 420/8/1732
f 416/8/1733 413/8/1733 420/8/1733
f 413/8/1734 421/8/1734 420/8/1734
f 410/8/1735 420/8/1735 419/8/1735
f 419/8/1736 422/8/1736 418/8/1736
f 625/5/1737 666/5/1737 811/5/1737
f 420/8/1738 424/8/1738 423/8/1738
f 420/8/1739 421/8/1739 425/8/1739
f 422/8/1740 426/8/1740 425/8/1740
f 419/8/1741 423/8/1741 426/8/1741
f 430/4/1742 429/4/1742 427/4/1742
f 430/4/1743 428/4/1743 429/4/1743
f 427/4/1744 428/4/1744 430/4/1744
f 434/4/1745 433/4/1745 431/4/1745
f 434/4/1746 432/4/1746 433/4/1746
f 431/4/1747 432/4/1747 434/4/1747
f 439/3/1748 477/3/1748 483/3/1748
f 472/3/1749 448/3/1749 475/3/1749
f 455/5/1750 454/5/1750 446/5/1750
f 449/3/1751 443/3/1751 447/3/1751
f 454/7/1752 456/7/1752 436/7/1752
f 471/3/1753 477/3/1753 470/3/1753
f 442/3/1754 450/3/1754 451/3/1754
f 723/5/1755 676/5/1755 677/5/1755
f 1393/7/1756 1421/7/1756 1415/7/1756
f 1419/7/1757 1415/7/1757 1421/7/1757
f 1415/7/1758 1407/7/1758 1393/7/1758
f 510/5/1759 571/5/1759 577/5/1759
f 715/7/1760 674/7/1760 708/7/1760
f 1388/6/1761 1357/6/1761 1371/6/1761
f 1434/7/1762 1462/7/1762 1456/7/1762
f 1462/7/1763 1460/7/1763 1456/7/1763
f 1448/7/1764 1434/7/1764 1456/7/1764
f 458/5/1765 463/5/1765 466/5/1765
f 463/5/1766 458/5/1766 459/5/1766
f 465/3/1767 464/3/1767 459/3/1767
f 465/5/1768 459/5/1768 460/5/1768
f 461/5/1769 468/5/1769 479/5/1769
f 468/5/1770 474/5/1770 462/5/1770
f 236/5/1771 237/5/1771 238/5/1771
f 466/7/1772 463/7/1772 457/7/1772
f 1442/5/1773 1444/5/1773 1439/5/1773
f 1438/3/1774 1451/3/1774 1441/3/1774
f 795/3/1775 801/3/1775 619/3/1775
f 795/3/1776 619/3/1776 669/3/1776
f 1593/5/1777 1519/5/1777 1522/5/1777
f 482/5/1778 448/5/1778 443/5/1778
f 443/5/1779 882/5/1779 482/5/1779
f 882/5/1780 484/5/1780 482/5/1780
f 1498/5/1781 1505/5/1781 1494/5/1781
f 1476/7/1782 1499/7/1782 1512/7/1782
f 1499/7/1783 1513/7/1783 1512/7/1783
f 481/7/1784 480/7/1784 440/7/1784
f 480/7/1785 481/7/1785 475/7/1785
f 482/5/1786 480/5/1786 475/5/1786
f 1359/5/1787 1361/5/1787 1356/5/1787
f 442/5/1788 483/5/1788 488/5/1788
f 1331/5/1789 1327/5/1789 1329/5/1789
f 1442/5/1790 1462/5/1790 1434/5/1790
f 486/5/1791 467/5/1791 462/5/1791
f 473/5/1792 438/5/1792 485/5/1792
f 1296/5/1793 1325/5/1793 1330/5/1793
f 472/3/1794 447/3/1794 443/3/1794
f 1435/4/1795 1453/4/1795 1432/4/1795
f 1523/5/1796 1525/5/1796 1526/5/1796
f 444/4/1797 441/4/1797 466/4/1797
f 492/7/1798 495/7/1798 496/7/1798
f 491/5/1799 497/5/1799 490/5/1799
f 498/7/1800 494/7/1800 497/7/1800
f 506/7/1801 499/7/1801 497/7/1801
f 503/5/1802 506/5/1802 494/5/1802
f 499/5/1803 500/5/1803 490/5/1803
f 503/7/1804 493/7/1804 496/7/1804
f 498/5/1805 466/5/1805 493/5/1805
f 622/3/1806 795/3/1806 669/3/1806
f 619/3/1807 801/3/1807 802/3/1807
f 1520/3/1808 1533/3/1808 1523/3/1808
f 492/5/1809 441/5/1809 488/5/1809
f 505/7/1810 504/7/1810 500/7/1810
f 500/5/1811 499/5/1811 501/5/1811
f 499/7/1812 506/7/1812 509/7/1812
f 506/5/1813 503/5/1813 502/5/1813
f 509/3/1814 614/3/1814 613/3/1814
f 509/3/1815 613/3/1815 507/3/1815
f 509/3/1816 507/3/1816 508/3/1816
f 502/5/1817 614/5/1817 509/5/1817
f 500/5/1818 501/5/1818 612/5/1818
f 515/3/1819 553/3/1819 559/3/1819
f 605/5/1820 606/5/1820 611/5/1820
f 606/5/1821 616/5/1821 611/5/1821
f 527/5/1822 529/5/1822 530/5/1822
f 266/2/1823 263/2/1823 262/2/1823
f 265/2/1824 266/2/1824 267/2/1824
f 262/2/1825 267/2/1825 266/2/1825
f 547/3/1826 523/3/1826 551/3/1826
f 530/5/1827 529/5/1827 521/5/1827
f 524/3/1828 518/3/1828 522/3/1828
f 1574/5/1829 1575/5/1829 1570/5/1829
f 529/7/1830 531/7/1830 513/7/1830
f 881/3/1831 876/3/1831 485/3/1831
f 485/3/1832 876/3/1832 486/3/1832
f 876/3/1833 882/3/1833 486/3/1833
f 438/3/1834 440/3/1834 881/3/1834
f 485/3/1835 438/3/1835 881/3/1835
f 568/7/1836 604/7/1836 598/7/1836
f 604/7/1837 602/7/1837 598/7/1837
f 588/7/1838 568/7/1838 598/7/1838
f 533/5/1839 538/5/1839 541/5/1839
f 538/5/1840 533/5/1840 534/5/1840
f 540/3/1841 539/3/1841 534/3/1841
f 540/5/1842 534/5/1842 535/5/1842
f 536/5/1843 543/5/1843 555/5/1843
f 543/5/1844 550/5/1844 537/5/1844
f 1587/5/1845 1588/5/1845 1582/5/1845
f 541/7/1846 538/7/1846 532/7/1846
f 1516/5/1847 1546/5/1847 1551/5/1847
f 861/7/1848 560/7/1848 855/7/1848
f 854/7/1849 548/7/1849 855/7/1849
f 557/7/1850 548/7/1850 549/7/1850
f 518/5/1851 863/5/1851 558/5/1851
f 863/5/1852 560/5/1852 558/5/1852
f 813/5/1853 814/5/1853 803/5/1853
f 542/6/1854 562/6/1854 512/6/1854
f 556/7/1855 557/7/1855 551/7/1855
f 558/5/1856 556/5/1856 551/5/1856
f 520/6/1857 519/6/1857 514/6/1857
f 532/6/1858 538/6/1858 539/6/1858
f 570/5/1859 569/5/1859 572/5/1859
f 557/7/1860 556/7/1860 861/7/1860
f 562/5/1861 542/5/1861 537/5/1861
f 549/5/1862 548/5/1862 561/5/1862
f 1539/7/1863 1554/7/1863 1546/7/1863
f 580/6/1864 593/6/1864 584/6/1864
f 593/6/1865 607/6/1865 584/6/1865
f 584/6/1866 582/6/1866 580/6/1866
f 547/3/1867 522/3/1867 518/3/1867
f 570/3/1868 578/3/1868 579/3/1868
f 573/3/1869 592/3/1869 580/3/1869
f 568/3/1870 605/3/1870 611/3/1870
f 1173/2/1871 1172/2/1871 1174/2/1871
f 1171/2/1872 1174/2/1872 1175/2/1872
f 1172/2/1873 1175/2/1873 1174/2/1873
f 604/3/1874 603/3/1874 601/3/1874
f 600/3/1875 576/3/1875 603/3/1875
f 583/5/1876 582/5/1876 574/5/1876
f 577/3/1877 571/3/1877 575/3/1877
f 582/7/1878 584/7/1878 566/7/1878
f 614/4/1879 510/4/1879 615/4/1879
f 660/5/1880 661/5/1880 666/5/1880
f 661/5/1881 811/5/1881 666/5/1881
f 574/3/1882 597/3/1882 596/3/1882
f 1469/5/1883 1465/5/1883 1467/5/1883
f 800/5/1884 663/5/1884 665/5/1884
f 606/7/1885 605/7/1885 599/7/1885
f 675/7/1886 711/7/1886 704/7/1886
f 711/7/1887 709/7/1887 704/7/1887
f 705/7/1888 675/7/1888 704/7/1888
f 586/5/1889 591/5/1889 595/5/1889
f 591/5/1890 586/5/1890 587/5/1890
f 594/3/1891 592/3/1891 587/3/1891
f 594/5/1892 587/5/1892 588/5/1892
f 589/5/1893 597/5/1893 607/5/1893
f 597/5/1894 602/5/1894 590/5/1894
f 594/5/1895 593/5/1895 580/5/1895
f 595/7/1896 591/7/1896 585/7/1896
f 581/5/1897 604/5/1897 568/5/1897
f 1484/5/1898 1486/5/1898 1481/5/1898
f 802/5/1899 626/5/1899 632/5/1899
f 576/5/1900 571/5/1900 610/5/1900
f 571/5/1901 510/5/1901 610/5/1901
f 510/5/1902 612/5/1902 610/5/1902
f 608/7/1903 609/7/1903 603/7/1903
f 610/5/1904 608/5/1904 603/5/1904
f 585/6/1905 591/6/1905 592/6/1905
f 592/6/1906 573/6/1906 585/6/1906
f 1135/7/1907 1134/7/1907 1139/7/1907
f 579/5/1908 578/5/1908 581/5/1908
f 609/7/1909 608/7/1909 508/7/1909
f 609/7/1910 507/7/1910 601/7/1910
f 614/5/1911 596/5/1911 590/5/1911
f 601/5/1912 507/5/1912 613/5/1912
f 1362/6/1913 1360/6/1913 1358/6/1913
f 1358/6/1914 1369/6/1914 1362/6/1914
f 600/3/1915 575/3/1915 571/3/1915
f 580/5/1916 582/5/1916 583/5/1916
f 1577/5/1917 1579/5/1917 1568/5/1917
f 623/3/1918 660/3/1918 666/3/1918
f 1326/5/1919 1314/5/1919 1310/5/1919
f 517/5/1920 559/5/1920 563/5/1920
f 655/3/1921 631/3/1921 658/3/1921
f 654/3/1922 660/3/1922 653/3/1922
f 638/5/1923 637/5/1923 629/5/1923
f 632/3/1924 626/3/1924 630/3/1924
f 635/5/1925 637/5/1925 638/5/1925
f 392/7/1926 391/7/1926 397/7/1926
f 628/3/1927 647/3/1927 635/3/1927
f 637/7/1928 639/7/1928 620/7/1928
f 1519/5/1929 1593/5/1929 1550/5/1929
f 1593/5/1930 1552/5/1930 1550/5/1930
f 1273/3/486 1277/3/486 1274/3/486
f 728/7/1931 767/7/1931 760/7/1931
f 767/7/1932 765/7/1932 760/7/1932
f 750/7/1933 728/7/1933 760/7/1933
f 425/8/1934 426/8/1934 424/8/1934
f 641/5/1935 646/5/1935 649/5/1935
f 646/5/1936 641/5/1936 642/5/1936
f 648/3/1937 647/3/1937 642/3/1937
f 648/5/1938 642/5/1938 643/5/1938
f 644/5/1939 651/5/1939 662/5/1939
f 651/5/1940 657/5/1940 645/5/1940
f 649/7/1941 646/7/1941 640/7/1941
f 1204/7/1942 1207/7/1942 1199/7/1942
f 1199/7/1943 1203/7/1943 1204/7/1943
f 1204/7/1944 1203/7/1944 1205/7/1944
f 1203/7/1945 1202/7/1945 1205/7/1945
f 1205/7/1946 1202/7/1946 1206/7/1946
f 1202/7/1947 1201/7/1947 1206/7/1947
f 1201/7/1948 1207/7/1948 1206/7/1948
f 1401/5/1949 1403/5/1949 1398/5/1949
f 636/5/1950 659/5/1950 623/5/1950
f 1333/5/1951 1299/5/1951 1302/5/1951
f 663/7/1952 664/7/1952 658/7/1952
f 665/5/1953 663/5/1953 658/5/1953
f 1307/6/1954 1305/6/1954 1303/6/1954
f 1303/6/1955 1314/6/1955 1307/6/1955
f 669/5/1956 650/5/1956 645/5/1956
f 656/5/1957 622/5/1957 668/5/1957
f 664/7/1958 663/7/1958 800/7/1958
f 655/3/1959 630/3/1959 626/3/1959
f 634/5/1960 633/5/1960 636/5/1960
f 1386/5/1961 1382/5/1961 1384/5/1961
f 451/5/1962 450/5/1962 453/5/1962
f 450/5/1963 455/5/1963 453/5/1963
f 1315/3/1964 1340/3/1964 1334/3/1964
f 1340/3/1965 1325/3/1965 1334/3/1965
f 1344/7/1966 1338/7/1966 1336/7/1966
f 675/3/1967 712/3/1967 717/3/1967
f 1344/7/286 1345/7/286 1339/7/286
f 476/3/1968 475/3/1968 473/3/1968
f 1348/3/1969 1346/3/1969 1347/3/1969
f 707/3/1970 683/3/1970 710/3/1970
f 731/5/1971 730/5/1971 733/5/1971
f 677/3/1972 680/3/1972 685/3/1972
f 690/5/1973 689/5/1973 681/5/1973
f 684/3/1974 678/3/1974 682/3/1974
f 1358/5/1975 1360/5/1975 1361/5/1975
f 446/3/1976 468/3/1976 467/3/1976
f 689/7/1977 691/7/1977 672/7/1977
f 681/3/1978 703/3/1978 702/3/1978
f 1355/6/1979 1352/6/1979 1350/6/1979
f 439/7/1980 476/7/1980 469/7/1980
f 476/7/1981 474/7/1981 469/7/1981
f 470/7/1982 439/7/1982 469/7/1982
f 693/5/1983 698/5/1983 701/5/1983
f 698/5/1984 693/5/1984 694/5/1984
f 700/3/1985 699/3/1985 694/3/1985
f 700/5/1986 694/5/1986 695/5/1986
f 696/5/1987 703/5/1987 713/5/1987
f 703/5/1988 709/5/1988 697/5/1988
f 680/3/1989 699/3/1989 687/3/1989
f 701/7/1990 698/7/1990 692/7/1990
f 688/5/1991 711/5/1991 675/5/1991
f 528/5/1992 530/5/1992 522/5/1992
f 1341/5/1993 1342/5/1993 1336/5/1993
f 882/5/1994 443/5/1994 449/5/1994
f 721/6/1995 684/6/1995 702/6/1995
f 692/6/1996 698/6/1996 699/6/1996
f 699/6/1997 680/6/1997 692/6/1997
f 1416/3/1998 1393/3/1998 1407/3/1998
f 1359/5/1999 1380/5/1999 1351/5/1999
f 714/7/2000 715/7/2000 710/7/2000
f 716/5/2001 714/5/2001 710/5/2001
f 1400/6/2002 1411/6/2002 1404/6/2002
f 1411/6/2003 1423/6/2003 1404/6/2003
f 1404/6/2004 1402/6/2004 1400/6/2004
f 452/5/2005 454/5/2005 455/5/2005
f 471/7/2006 435/7/2006 478/7/2006
f 720/5/2007 702/5/2007 697/5/2007
f 708/5/2008 674/5/2008 719/5/2008
f 1425/7/2009 1346/7/2009 1418/7/2009
f 1347/5/2010 1424/5/2010 1426/5/2010
f 716/5/2011 683/5/2011 678/5/2011
f 678/5/2012 823/5/2012 716/5/2012
f 823/5/2013 718/5/2013 716/5/2013
f 1421/3/2014 1420/3/2014 1418/3/2014
f 707/3/2015 682/3/2015 678/3/2015
f 1207/2/2016 1204/2/2016 1205/2/2016
f 686/5/2017 685/5/2017 688/5/2017
f 768/5/2018 769/5/2018 774/5/2018
f 481/7/2019 438/7/2019 473/7/2019
f 1423/5/2020 1411/5/2020 1407/5/2020
f 728/3/2021 768/3/2021 774/3/2021
f 1394/4/2022 1412/4/2022 1392/4/2022
f 767/3/2023 766/3/2023 764/3/2023
f 1444/5/2024 1442/5/2024 1436/5/2024
f 762/3/2025 738/3/2025 766/3/2025
f 745/5/2026 744/5/2026 735/5/2026
f 739/3/2027 732/3/2027 737/3/2027
f 742/5/2028 744/5/2028 745/5/2028
f 761/3/2029 768/3/2029 750/3/2029
f 744/7/2030 746/7/2030 726/7/2030
f 1476/5/2031 1512/5/2031 1509/5/2031
f 1393/5/2032 1422/5/2032 1427/5/2032
f 1457/7/2033 1472/7/2033 1463/7/2033
f 769/7/2034 768/7/2034 761/7/2034
f 1516/7/2035 1545/7/2035 1538/7/2035
f 1543/7/2036 1538/7/2036 1545/7/2036
f 1538/7/2037 1530/7/2037 1516/7/2037
f 748/5/2038 753/5/2038 757/5/2038
f 753/5/2039 748/5/2039 749/5/2039
f 756/3/2040 754/3/2040 749/3/2040
f 756/5/2041 749/5/2041 750/5/2041
f 751/5/2042 759/5/2042 770/5/2042
f 759/5/2043 765/5/2043 752/5/2043
f 756/5/2044 755/5/2044 742/5/2044
f 757/7/2045 753/7/2045 747/7/2045
f 1524/5/2046 1526/5/2046 1521/5/2046
f 1388/5/2047 1354/5/2047 1357/5/2047
f 1499/3/2048 1476/3/2048 1490/3/2048
f 861/5/2049 556/5/2049 558/5/2049
f 775/5/2050 773/5/2050 736/5/2050
f 736/5/2051 773/5/2051 732/5/2051
f 771/7/2052 772/7/2052 766/7/2052
f 773/5/2053 771/5/2053 766/5/2053
f 747/6/2054 753/6/2054 754/6/2054
f 442/5/2055 441/5/2055 444/5/2055
f 779/5/2056 730/5/2056 731/5/2056
f 778/6/2057 739/6/2057 758/6/2057
f 777/5/2058 758/5/2058 752/5/2058
f 764/5/2059 763/5/2059 776/5/2059
f 812/7/2060 618/7/2060 804/7/2060
f 763/7/2061 772/7/2061 729/7/2061
f 772/7/2062 771/7/2062 729/7/2062
f 762/3/2063 737/3/2063 732/3/2063
f 783/7/608 786/7/608 787/7/608
f 782/5/2064 788/5/2064 781/5/2064
f 782/7/2065 789/7/2065 785/7/2065
f 790/5/2066 784/5/2066 785/5/2066
f 798/7/613 796/7/613 784/7/613
f 1477/4/2067 1495/4/2067 1474/4/2067
f 1566/7/2068 1559/7/2068 1557/7/2068
f 788/5/2069 791/5/2069 792/5/2069
f 1434/5/2070 1463/5/2070 1468/5/2070
f 797/7/617 786/7/617 781/7/617
f 783/5/2071 569/5/2071 606/5/2071
f 798/7/621 797/7/621 801/7/621
f 792/5/2072 791/5/2072 794/5/2072
f 794/7/2073 791/7/2073 799/7/2073
f 799/5/2074 796/5/2074 795/5/2074
f 822/3/2075 816/3/2075 719/3/2075
f 719/3/2076 816/3/2076 720/3/2076
f 822/3/2077 719/3/2077 674/3/2077
f 674/3/2078 821/3/2078 822/3/2078
f 1484/5/2079 1504/5/2079 1476/5/2079
f 1539/3/2080 1516/3/2080 1530/3/2080
f 466/7/2081 441/7/2081 493/7/2081
f 801/5/2082 794/5/2082 667/5/2082
f 806/7/2083 805/7/2083 808/7/2083
f 812/5/2084 810/5/2084 803/5/2084
f 804/7/2085 807/7/2085 810/7/2085
f 491/7/2086 488/7/2086 478/7/2086
f 478/7/2087 498/7/2087 491/7/2087
f 1547/5/2088 1534/5/2088 1530/5/2088
f 817/7/2089 806/7/2089 809/7/2089
f 817/5/2090 820/5/2090 807/5/2090
f 814/7/2091 823/7/2091 816/7/2091
f 820/7/2092 813/7/2092 810/7/2092
f 818/7/934 808/7/934 803/7/934
f 618/5/2093 649/5/2093 806/5/2093
f 649/7/2094 624/7/2094 806/7/2094
f 805/5/2095 624/5/2095 811/5/2095
f 816/7/2096 819/7/2096 818/7/2096
f 814/5/2097 813/5/2097 815/5/2097
f 813/7/2098 820/7/2098 822/7/2098
f 820/5/2099 817/5/2099 816/5/2099
f 833/5/2100 834/5/2100 824/5/2100
f 814/5/2101 815/5/2101 821/5/2101
f 826/7/2102 829/7/2102 830/7/2102
f 825/5/2103 831/5/2103 824/5/2103
f 832/7/2104 828/7/2104 831/7/2104
f 1593/6/2105 1522/6/2105 1536/6/2105
f 517/3/2106 525/3/2106 526/3/2106
f 840/7/2107 833/7/2107 831/7/2107
f 837/5/2108 840/5/2108 828/5/2108
f 837/7/2109 827/7/2109 830/7/2109
f 832/3/2110 724/3/2110 701/3/2110
f 838/7/658 839/7/658 830/7/658
f 526/5/2111 525/5/2111 528/5/2111
f 525/5/2112 530/5/2112 528/5/2112
f 832/5/2113 701/5/2113 827/5/2113
f 826/5/2114 676/5/2114 722/5/2114
f 839/7/2115 838/7/2115 834/7/2115
f 834/5/2116 833/5/2116 835/5/2116
f 833/7/2117 840/7/2117 841/7/2117
f 840/5/2118 837/5/2118 836/5/2118
f 841/3/2119 776/3/2119 763/3/2119
f 841/3/2120 763/3/2120 729/3/2120
f 1520/6/2121 1517/6/2121 1515/6/2121
f 1517/4/2122 1535/4/2122 1515/4/2122
f 701/7/2123 676/7/2123 827/7/2123
f 836/5/2124 777/5/2124 841/5/2124
f 1566/7/2125 1565/7/2125 1560/7/2125
f 834/5/2126 835/5/2126 729/5/2126
f 844/7/621 847/7/621 848/7/621
f 843/5/2127 849/5/2127 842/5/2127
f 843/7/2128 850/7/2128 846/7/2128
f 851/5/2129 845/5/2129 846/5/2129
f 1558/7/2130 1567/7/2130 1562/7/2130
f 846/7/2131 860/7/2131 852/7/2131
f 546/3/2132 553/3/2132 545/3/2132
f 1563/7/2133 1471/7/2133 1564/7/2133
f 858/7/658 859/7/658 848/7/658
f 1319/7/2134 1334/7/2134 1325/7/2134
f 262/7/2135 263/7/2135 257/7/2135
f 257/7/2136 256/7/2136 262/7/2136
f 256/7/2137 261/7/2137 264/7/2137
f 262/7/2138 256/7/2138 264/7/2138
f 261/7/2139 260/7/2139 264/7/2139
f 260/7/2140 259/7/2140 265/7/2140
f 259/7/2141 258/7/2141 266/7/2141
f 259/7/2142 266/7/2142 265/7/2142
f 844/5/2143 730/5/2143 843/5/2143
f 859/7/608 858/7/608 862/7/608
f 853/5/2144 852/5/2144 855/5/2144
f 852/7/2145 860/7/2145 854/7/2145
f 860/5/2146 857/5/2146 856/5/2146
f 1616/5/2147 1618/5/2147 1607/5/2147
f 562/3/2148 856/3/2148 512/3/2148
f 856/3/2149 862/3/2149 512/3/2149
f 512/3/2150 862/3/2150 863/3/2150
f 562/3/2151 548/3/2151 856/3/2151
f 862/5/2152 855/5/2152 560/5/2152
f 867/7/2153 866/7/2153 869/7/2153
f 872/5/2154 871/5/2154 864/5/2154
f 865/7/2155 868/7/2155 871/7/2155
f 1604/5/2156 1606/5/2156 1597/5/2156
f 1590/7/2157 1583/7/2157 1585/7/2157
f 1591/7/2158 1584/7/2158 1582/7/2158
f 877/5/2159 880/5/2159 868/5/2159
f 1592/3/2160 1541/3/2160 1552/3/2160
f 878/7/636 869/7/636 864/7/636
f 872/3/2161 563/3/2161 554/3/2161
f 554/3/2162 511/3/2162 872/3/2162
f 511/3/2163 865/3/2163 872/3/2163
f 520/3/2164 539/3/2164 527/3/2164
f 511/5/2165 541/5/2165 867/5/2165
f 541/7/2166 516/7/2166 867/7/2166
f 866/5/2167 516/5/2167 563/5/2167
f 876/7/2168 879/7/2168 878/7/2168
f 874/5/2169 873/5/2169 875/5/2169
f 873/7/2170 880/7/2170 881/7/2170
f 880/5/2171 877/5/2171 876/5/2171
f 1594/5/2172 1601/5/2172 1602/5/2172
f 278/7/2173 277/7/2173 282/7/2173
f 1616/7/2174 1609/7/2174 1611/7/2174
f 1602/7/2175 1388/7/2175 1603/7/2175
f 874/7/2176 882/7/2176 876/7/2176
f 874/5/2177 875/5/2177 440/5/2177
f 885/5/2178 886/5/2178 884/5/2178
f 886/5/2179 885/5/2179 883/5/2179
f 1613/5/2180 1614/5/2180 1608/5/2180
f 1389/3/2181 1390/3/2181 1612/3/2181
f 1617/7/2182 1610/7/2182 1608/7/2182
f 887/5/2183 891/5/2183 890/5/2183
f 889/5/2184 887/5/2184 890/5/2184
f 888/5/2185 887/5/2185 889/5/2185
f 1578/7/2186 1572/7/2186 1570/7/2186
f 1612/7/2187 1390/7/2187 1607/7/2187
f 893/5/2188 897/5/2188 896/5/2188
f 894/5/2189 898/5/2189 897/5/2189
f 895/5/2190 893/5/2190 896/5/2190
f 895/5/1298 894/5/1298 893/5/1298
f 896/5/2185 897/5/2185 898/5/2185
f 899/5/2191 902/5/2191 901/5/2191
f 546/7/2192 511/7/2192 554/7/2192
f 1020/1/2193 905/1/2193 904/1/2193
f 1023/1/2194 906/1/2194 905/1/2194
f 1025/1/2195 907/1/2195 906/1/2195
f 1026/1/2196 908/1/2196 907/1/2196
f 1026/1/2197 909/1/2197 908/1/2197
f 1030/1/2198 910/1/2198 909/1/2198
f 1030/1/2199 911/1/2199 910/1/2199
f 1032/1/2200 1033/1/2200 912/1/2200
f 1034/1/2201 913/1/2201 912/1/2201
f 1034/1/2202 1035/1/2202 914/1/2202
f 1037/1/2203 915/1/2203 914/1/2203
f 1037/1/2204 1039/1/2204 916/1/2204
f 1039/1/2205 1040/1/2205 917/1/2205
f 1040/1/2206 1041/1/2206 918/1/2206
f 1041/1/2207 1042/1/2207 918/1/2207
f 1044/1/2208 1045/1/2208 920/1/2208
f 1045/1/2209 1046/1/2209 921/1/2209
f 1047/1/2210 922/1/2210 921/1/2210
f 1048/1/2211 923/1/2211 922/1/2211
f 1052/1/2212 1053/1/2212 924/1/2212
f 1053/1/2213 925/1/2213 924/1/2213
f 1054/1/2214 904/1/2214 925/1/2214
f 1111/2/2215 1083/2/2215 1056/2/2215
f 1084/2/2216 1056/2/2216 1057/2/2216
f 1086/2/2217 1057/2/2217 1058/2/2217
f 1087/2/2218 1086/2/2218 1058/2/2218
f 1087/2/2219 1059/2/2219 1060/2/2219
f 1088/2/2220 1060/2/2220 1061/2/2220
f 1089/2/2221 1061/2/2221 1062/2/2221
f 1092/2/2222 1090/2/2222 1091/2/2222
f 1093/2/2223 1092/2/2223 1063/2/2223
f 1093/2/2224 1064/2/2224 1065/2/2224
f 1095/2/2225 1094/2/2225 1065/2/2225
f 1096/2/2226 1066/2/2226 1067/2/2226
f 1097/2/2227 1096/2/2227 1067/2/2227
f 1098/2/2228 1068/2/2228 1069/2/2228
f 1099/2/2229 1098/2/2229 1069/2/2229
f 1100/2/2230 1070/2/2230 1071/2/2230
f 1101/2/2231 1071/2/2231 1072/2/2231
f 1102/2/2232 1101/2/2232 1072/2/2232
f 1102/2/2233 1073/2/2233 1074/2/2233
f 1103/2/2234 1074/2/2234 1075/2/2234
f 1105/2/2235 1104/2/2235 1075/2/2235
f 1106/2/2236 1076/2/2236 1077/2/2236
f 1107/2/2237 1077/2/2237 1078/2/2237
f 1108/2/2238 1107/2/2238 1078/2/2238
f 1108/2/2239 1079/2/2239 1080/2/2239
f 1109/2/2240 1080/2/2240 1081/2/2240
f 1110/2/2241 1081/2/2241 1082/2/2241
f 1111/2/2242 1110/2/2242 1082/2/2242
f 946/1/2243 947/1/2243 926/1/2243
f 947/1/2244 948/1/2244 927/1/2244
f 928/1/2245 948/1/2245 949/1/2245
f 949/1/2246 950/1/2246 929/1/2246
f 950/1/2247 951/1/2247 930/1/2247
f 931/1/2248 951/1/2248 952/1/2248
f 933/1/2249 952/1/2249 953/1/2249
f 953/1/2250 954/1/2250 1036/1/2250
f 954/1/2251 955/1/2251 1038/1/2251
f 935/1/2252 955/1/2252 956/1/2252
f 936/1/2253 956/1/2253 957/1/2253
f 957/1/2254 958/1/2254 937/1/2254
f 938/1/2255 958/1/2255 959/1/2255
f 939/1/2256 959/1/2256 960/1/2256
f 960/1/2257 961/1/2257 940/1/2257
f 961/1/2258 962/1/2258 941/1/2258
f 962/1/2259 963/1/2259 942/1/2259
f 963/1/2260 964/1/2260 943/1/2260
f 964/1/2261 965/1/2261 944/1/2261
f 965/1/2262 966/1/2262 945/1/2262
f 1021/1/2263 966/1/2263 946/1/2263
f 967/1/2264 994/1/2264 1019/1/2264
f 995/1/2265 994/1/2265 967/1/2265
f 968/1/2266 996/1/2266 995/1/2266
f 997/1/2267 996/1/2267 969/1/2267
f 970/1/2268 998/1/2268 997/1/2268
f 999/1/2269 998/1/2269 971/1/2269
f 972/1/2270 1000/1/2270 999/1/2270
f 1001/1/2271 1000/1/2271 972/1/2271
f 973/1/2272 1002/1/2272 1001/1/2272
f 1003/1/2273 1002/1/2273 974/1/2273
f 1004/1/2274 1003/1/2274 975/1/2274
f 976/1/2275 1005/1/2275 1004/1/2275
f 978/1/2276 1006/1/2276 1005/1/2276
f 979/1/2277 1007/1/2277 1006/1/2277
f 1008/1/2278 1007/1/2278 980/1/2278
f 1009/1/2279 1008/1/2279 981/1/2279
f 983/1/2280 1009/1/2280 982/1/2280
f 985/1/2281 1011/1/2281 1010/1/2281
f 1012/1/2282 1011/1/2282 985/1/2282
f 1013/1/2283 1012/1/2283 986/1/2283
f 1014/1/2284 1013/1/2284 987/1/2284
f 1015/1/2285 1014/1/2285 988/1/2285
f 1016/1/2286 1015/1/2286 989/1/2286
f 991/1/2287 1017/1/2287 1016/1/2287
f 992/1/2288 1018/1/2288 1017/1/2288
f 1019/1/2289 1018/1/2289 992/1/2289
f 946/3/2290 1019/3/2290 994/3/2290
f 905/3/2291 967/3/2291 993/3/2291
f 946/3/2292 994/3/2292 995/3/2292
f 906/3/2293 968/3/2293 967/3/2293
f 947/3/2294 995/3/2294 996/3/2294
f 907/3/2295 969/3/2295 968/3/2295
f 948/3/2296 996/3/2296 997/3/2296
f 907/3/2297 970/3/2297 969/3/2297
f 948/3/2298 997/3/2298 998/3/2298
f 908/3/2299 971/3/2299 970/3/2299
f 949/3/2300 998/3/2300 999/3/2300
f 950/3/2301 999/3/2301 1000/3/2301
f 909/3/2302 972/3/2302 971/3/2302
f 951/3/2235 1000/3/2235 1001/3/2235
f 910/3/2303 973/3/2303 972/3/2303
f 951/3/2304 1001/3/2304 1002/3/2304
f 911/3/2305 974/3/2305 973/3/2305
f 952/3/2306 1002/3/2306 1003/3/2306
f 911/3/2307 975/3/2307 974/3/2307
f 952/3/2308 1003/3/2308 1004/3/2308
f 912/3/2309 976/3/2309 975/3/2309
f 953/3/2310 1004/3/2310 1005/3/2310
f 913/3/2311 977/3/2311 976/3/2311
f 954/3/2312 1005/3/2312 1006/3/2312
f 914/3/2313 978/3/2313 977/3/2313
f 955/3/2314 1006/3/2314 1007/3/2314
f 915/3/2315 979/3/2315 978/3/2315
f 915/3/2316 980/3/2316 979/3/2316
f 956/3/2317 1007/3/2317 1008/3/2317
f 916/3/2318 981/3/2318 980/3/2318
f 957/3/2319 1008/3/2319 1009/3/2319
f 917/3/2320 982/3/2320 981/3/2320
f 957/3/2321 1009/3/2321 983/3/2321
f 918/3/2322 983/3/2322 982/3/2322
f 958/3/2323 983/3/2323 1010/3/2323
f 918/3/2324 984/3/2324 983/3/2324
f 958/3/2325 1010/3/2325 1011/3/2325
f 919/3/2326 985/3/2326 984/3/2326
f 959/3/2327 1011/3/2327 1012/3/2327
f 920/3/2328 986/3/2328 985/3/2328
f 961/3/2329 960/3/2329 1012/3/2329
f 921/3/2330 987/3/2330 986/3/2330
f 961/3/2331 1013/3/2331 1014/3/2331
f 922/3/2332 988/3/2332 987/3/2332
f 963/3/2333 962/3/2333 1014/3/2333
f 923/3/2334 989/3/2334 988/3/2334
f 923/3/2335 990/3/2335 989/3/2335
f 964/3/2336 1016/3/2336 1017/3/2336
f 924/3/2337 991/3/2337 990/3/2337
f 965/3/2338 1017/3/2338 1018/3/2338
f 925/3/2339 992/3/2339 991/3/2339
f 966/3/2340 1018/3/2340 1019/3/2340
f 904/3/2341 993/3/2341 992/3/2341
f 937/3/2342 938/3/2342 1043/3/2342
f 941/3/2343 942/3/2343 1049/3/2343
f 942/3/2344 943/3/2344 1051/3/2344
f 1020/3/2345 1111/3/2345 1084/3/2345
f 1021/3/2346 926/3/2346 1056/3/2346
f 1022/3/2347 1084/3/2347 1085/3/2347
f 1024/3/2348 1057/3/2348 1056/3/2348
f 1022/3/2349 1085/3/2349 1086/3/2349
f 927/3/2350 1058/3/2350 1057/3/2350
f 1025/3/2351 1086/3/2351 1087/3/2351
f 927/3/2352 928/3/2352 1059/3/2352
f 1026/3/2353 1087/3/2353 1088/3/2353
f 929/3/2354 1060/3/2354 1059/3/2354
f 1026/3/2355 1088/3/2355 1089/3/2355
f 1029/3/2356 1061/3/2356 1060/3/2356
f 1028/3/2357 1089/3/2357 1090/3/2357
f 930/3/2358 1062/3/2358 1061/3/2358
f 1030/3/2359 1090/3/2359 1092/3/2359
f 931/3/2360 1063/3/2360 1062/3/2360
f 1031/3/2361 1092/3/2361 1093/3/2361
f 932/3/2362 1064/3/2362 1063/3/2362
f 1033/3/2363 1093/3/2363 1094/3/2363
f 933/3/2364 934/3/2364 1065/3/2364
f 1034/3/2365 1094/3/2365 1095/3/2365
f 934/3/2366 1036/3/2366 1066/3/2366
f 1034/3/2367 1095/3/2367 1096/3/2367
f 1038/3/2368 1067/3/2368 1066/3/2368
f 1035/3/2369 1096/3/2369 1097/3/2369
f 1038/3/2370 1068/3/2370 1067/3/2370
f 1037/3/2371 1097/3/2371 1098/3/2371
f 935/3/2372 1069/3/2372 1068/3/2372
f 1039/3/2373 1098/3/2373 1099/3/2373
f 936/3/2374 1070/3/2374 1069/3/2374
f 1039/3/2375 1099/3/2375 1100/3/2375
f 937/3/2376 1071/3/2376 1070/3/2376
f 1040/3/2377 1100/3/2377 1101/3/2377
f 1043/3/2378 1072/3/2378 1071/3/2378
f 1041/3/2379 1101/3/2379 1102/3/2379
f 1043/3/2380 1073/3/2380 1072/3/2380
f 1044/3/2381 1102/3/2381 1103/3/2381
f 939/3/2382 1074/3/2382 1073/3/2382
f 1045/3/2383 1103/3/2383 1104/3/2383
f 940/3/2384 1075/3/2384 1074/3/2384
f 1046/3/2385 1045/3/2385 1104/3/2385
f 940/3/2386 941/3/2386 1075/3/2386
f 1046/3/2387 1104/3/2387 1105/3/2387
f 941/3/2388 1076/3/2388 1075/3/2388
f 1047/3/2389 1105/3/2389 1106/3/2389
f 1049/3/2390 1077/3/2390 1076/3/2390
f 1048/3/2391 1106/3/2391 1107/3/2391
f 1051/3/2392 1078/3/2392 1077/3/2392
f 1050/3/2393 1107/3/2393 1108/3/2393
f 1052/3/2394 1108/3/2394 1109/3/2394
f 943/3/2395 1080/3/2395 1079/3/2395
f 944/3/2396 1081/3/2396 1080/3/2396
f 1053/3/2397 1109/3/2397 1110/3/2397
f 945/3/2398 1082/3/2398 1081/3/2398
f 1054/3/2399 1110/3/2399 1111/3/2399
f 945/3/2400 1083/3/2400 1082/3/2400
f 1062/2/2401 1063/2/2401 1091/2/2401
f 1115/4/2402 1114/4/2402 1113/4/2402
f 1116/5/2403 1119/5/2403 1118/5/2403
f 1116/5/2404 1117/5/2404 1119/5/2404
f 570/5/2405 611/5/2405 616/5/2405
f 598/5/2406 607/5/2406 593/5/2406
f 1120/2/2407 1123/2/2407 1122/2/2407
f 1121/2/2408 1120/2/2408 1122/2/2408
f 877/7/2409 867/7/2409 870/7/2409
f 573/6/2410 572/6/2410 567/6/2410
f 1125/2/2411 1126/2/2411 1124/2/2411
f 1128/7/2412 1138/7/2412 1134/7/2412
f 1134/7/2413 1135/7/2413 1130/7/2413
f 1135/7/2414 1136/7/2414 1131/7/2414
f 1136/7/2415 1137/7/2415 1132/7/2415
f 1133/7/2416 1137/7/2416 1138/7/2416
f 1134/7/2417 1138/7/2417 1141/7/2417
f 1138/7/2418 1137/7/2418 1142/7/2418
f 1137/7/2419 1136/7/2419 1140/7/2419
f 1136/7/2420 1135/7/2420 1139/7/2420
f 1136/7/2421 1139/7/2421 1140/7/2421
f 1137/7/2422 1140/7/2422 1142/7/2422
f 1142/2/2423 1140/2/2423 1139/2/2423
f 1141/2/2424 1142/2/2424 1139/2/2424
f 572/4/2425 595/4/2425 567/4/2425
f 1150/7/2426 1151/7/2426 1144/7/2426
f 1151/7/2427 1152/7/2427 1145/7/2427
f 1146/7/2428 1152/7/2428 1153/7/2428
f 1153/7/2429 1154/7/2429 1148/7/2429
f 1154/7/2430 1155/7/2430 1149/7/2430
f 1155/7/2431 1150/7/2431 1143/7/2431
f 1158/7/2432 1159/7/2432 1155/7/2432
f 1155/7/2433 1154/7/2433 1158/7/2433
f 1154/7/2434 1153/7/2434 1158/7/2434
f 1153/7/2435 1152/7/2435 1157/7/2435
f 1152/7/2436 1151/7/2436 1157/7/2436
f 1157/7/2437 1151/7/2437 1156/7/2437
f 1151/7/2438 1150/7/2438 1156/7/2438
f 1150/7/2439 1155/7/2439 1156/7/2439
f 1156/7/2440 1155/7/2440 1159/7/2440
f 1159/2/2441 1158/2/2441 1157/2/2441
f 1162/7/2442 1167/7/2442 1168/7/2442
f 1168/7/2443 1169/7/2443 1164/7/2443
f 1169/7/2444 1170/7/2444 1166/7/2444
f 1170/7/2445 1167/7/2445 1160/7/2445
f 1171/7/2446 1175/7/2446 1167/7/2446
f 1167/7/2447 1170/7/2447 1171/7/2447
f 1170/7/2448 1169/7/2448 1174/7/2448
f 1169/7/2449 1168/7/2449 1173/7/2449
f 1173/7/2450 1168/7/2450 1172/7/2450
f 1169/7/2451 1173/7/2451 1174/7/2451
f 1174/7/2452 1171/7/2452 1170/7/2452
f 1175/7/2453 1172/7/2453 1168/7/2453
f 1168/7/2454 1167/7/2454 1175/7/2454
f 1177/7/2455 1186/7/2455 1188/7/2455
f 1178/7/2456 1188/7/2456 1183/7/2456
f 1183/7/2457 1184/7/2457 1180/7/2457
f 1184/7/2458 1185/7/2458 1182/7/2458
f 1185/7/2459 1186/7/2459 1176/7/2459
f 625/3/2460 633/3/2460 634/3/2460
f 1186/7/2461 1185/7/2461 1190/7/2461
f 1185/7/2462 1184/7/2462 1191/7/2462
f 1184/7/2463 1183/7/2463 1189/7/2463
f 1190/7/2464 1187/7/2464 1186/7/2464
f 1183/7/2465 1188/7/2465 1189/7/2465
f 1191/7/2466 1190/7/2466 1185/7/2466
f 659/3/2467 658/3/2467 656/3/2467
f 1188/7/2468 1187/7/2468 1189/7/2468
f 1189/2/2469 1187/2/2469 1191/2/2469
f 1199/7/2470 1200/7/2470 1194/7/2470
f 1195/7/2471 1200/7/2471 1201/7/2471
f 1201/7/2472 1202/7/2472 1197/7/2472
f 1202/7/2473 1203/7/2473 1198/7/2473
f 1203/7/2474 1199/7/2474 1192/7/2474
f 1316/6/2475 1332/6/2475 1333/6/2475
f 1201/7/2476 1200/7/2476 1207/7/2476
f 1200/7/2477 1199/7/2477 1207/7/2477
f 625/3/2478 628/3/2478 633/3/2478
f 1304/5/2479 1324/5/2479 1296/5/2479
f 1210/4/2480 1209/4/2480 1208/4/2480
f 1214/4/2481 1213/4/2481 1212/4/2481
f 1218/4/2482 1217/4/2482 1216/4/2482
f 1222/4/2483 1221/4/2483 1220/4/2483
f 1226/4/2484 1225/4/2484 1224/4/2484
f 1230/4/2485 1229/4/2485 1228/4/2485
f 1235/4/2486 1234/4/2486 1233/4/2486
f 1239/4/2487 1238/4/2487 1237/4/2487
f 1243/4/2488 1242/4/2488 1241/4/2488
f 1247/4/2489 1246/4/2489 1245/4/2489
f 1251/4/2490 1250/4/2490 1249/4/2490
f 1252/7/2491 1263/7/2491 1259/7/2491
f 1259/7/2492 1260/7/2492 1254/7/2492
f 1260/7/2493 1261/7/2493 1256/7/2493
f 1261/7/2494 1262/7/2494 1257/7/2494
f 1258/7/2495 1262/7/2495 1263/7/2495
f 1265/7/2496 1266/7/2496 1261/7/2496
f 1261/7/2497 1260/7/2497 1265/7/2497
f 1260/7/2498 1259/7/2498 1267/7/2498
f 1259/7/2499 1263/7/2499 1264/7/2499
f 1263/7/2500 1262/7/2500 1268/7/2500
f 1262/7/2501 1266/7/2501 1268/7/2501
f 1263/7/2502 1268/7/2502 1264/7/2502
f 1267/7/2503 1265/7/2503 1260/7/2503
f 1264/7/2504 1267/7/2504 1259/7/2504
f 1266/2/2505 1267/2/2505 1268/2/2505
f 1269/5/2506 1270/5/2506 1272/5/2506
f 1271/5/2507 1272/5/2507 1270/5/2507
f 1273/3/2508 1274/3/2508 1275/3/2508
f 1276/3/2509 1278/3/2509 1279/3/2509
f 1275/3/2510 1274/3/2510 1279/3/2510
f 1277/3/2511 1273/3/2511 1280/3/2511
f 1283/8/2512 1281/8/2512 1282/8/2512
f 661/7/2513 660/7/2513 654/7/2513
f 1278/8/2514 1276/8/2514 1282/8/2514
f 1288/4/2515 1287/4/2515 1285/4/2515
f 1288/4/2516 1286/4/2516 1287/4/2516
f 1285/4/2517 1286/4/2517 1288/4/2517
f 1292/4/2518 1291/4/2518 1289/4/2518
f 1292/4/2519 1290/4/2519 1291/4/2519
f 1289/4/2520 1290/4/2520 1292/4/2520
f 1325/7/2521 1340/7/2521 1335/7/2521
f 639/6/2522 637/6/2522 635/6/2522
f 635/6/2523 648/6/2523 639/6/2523
f 1320/3/2524 1329/3/2524 1323/3/2524
f 1319/3/2525 1296/3/2525 1310/3/2525
f 1306/5/2526 1305/5/2526 1301/5/2526
f 1302/3/2527 1299/3/2527 1301/3/2527
f 619/6/2528 632/6/2528 650/6/2528
f 1305/7/2529 1307/7/2529 1293/7/2529
f 712/5/2530 722/5/2530 717/5/2530
f 722/5/2531 723/5/2531 717/5/2531
f 631/5/2532 626/5/2532 665/5/2532
f 626/5/2533 802/5/2533 665/5/2533
f 802/5/2534 667/5/2534 665/5/2534
f 1301/3/2535 1317/3/2535 1316/3/2535
f 1351/7/2536 1380/7/2536 1373/7/2536
f 1380/7/2537 1378/7/2537 1373/7/2537
f 1365/7/2538 1351/7/2538 1373/7/2538
f 413/8/2539 417/8/2539 421/8/2539
f 417/8/2540 422/8/2540 421/8/2540
f 1309/5/2541 1312/5/2541 1315/5/2541
f 1312/5/2542 1309/5/2542 1319/5/2542
f 1314/3/2543 1313/3/2543 1319/3/2543
f 1314/5/2544 1319/5/2544 1310/5/2544
f 628/6/2545 627/6/2545 621/6/2545
f 1311/5/2546 1317/5/2546 1326/5/2546
f 1317/5/2547 1322/5/2547 1321/5/2547
f 1315/7/2548 1312/7/2548 1308/7/2548
f 636/5/2549 638/5/2549 630/5/2549
f 664/7/2550 622/7/2550 656/7/2550
f 1299/5/2551 1333/5/2551 1329/5/2551
f 1333/5/2552 1331/5/2552 1329/5/2552
f 1471/5/2553 1437/5/2553 1440/5/2553
f 1324/3/2554 1323/3/2554 1321/3/2554
f 1327/7/2555 1328/7/2555 1323/7/2555
f 1329/5/2556 1327/5/2556 1323/5/2556
f 477/5/2557 478/5/2557 483/5/2557
f 478/5/2558 488/5/2558 483/5/2558
f 1308/6/2559 1312/6/2559 1313/6/2559
f 1303/5/2560 1305/5/2560 1306/5/2560
f 625/5/2561 624/5/2561 627/5/2561
f 1325/5/2562 1297/5/2562 1298/5/2562
f 640/6/2563 646/6/2563 647/6/2563
f 1300/6/2564 1297/6/2564 1294/6/2564
f 627/4/2565 649/4/2565 621/4/2565
f 1332/5/2566 1316/5/2566 1321/5/2566
f 1328/7/2567 1295/7/2567 1321/7/2567
f 1328/7/2568 1327/7/2568 1331/7/2568
f 1297/4/2569 1315/4/2569 1294/4/2569
f 1320/3/2570 1301/3/2570 1299/3/2570
f 1330/5/2571 1298/5/2571 1304/5/2571
f 1336/7/2572 1338/7/2572 1339/7/2572
f 627/4/2573 624/4/2573 649/4/2573
f 1348/7/2574 1341/7/2574 1335/7/2574
f 1343/5/2575 1348/5/2575 1340/5/2575
f 1343/7/2576 1337/7/2576 1339/7/2576
f 1351/5/2577 1389/5/2577 1385/5/2577
f 1340/5/2578 1315/5/2578 1337/5/2578
f 1315/7/2579 1297/7/2579 1337/7/2579
f 1336/5/2580 1297/5/2580 1325/5/2580
f 1345/7/2581 1344/7/2581 1342/7/2581
f 711/3/2582 710/3/2582 708/3/2582
f 706/3/2583 712/3/2583 705/3/2583
f 1346/3/2584 1348/3/2584 1428/3/2584
f 687/5/2585 689/5/2585 690/5/2585
f 1380/3/2586 1379/3/2586 1377/3/2586
f 1343/5/2587 1428/5/2587 1348/5/2587
f 1342/7/2588 1429/7/2588 1343/7/2588
f 1342/5/2589 1341/5/2589 1347/5/2589
f 821/5/2590 714/5/2590 716/5/2590
f 1389/5/2591 1352/5/2591 1353/5/2591
f 691/6/2592 689/6/2592 687/6/2592
f 687/6/2593 700/6/2593 691/6/2593
f 1356/3/2594 1372/3/2594 1371/3/2594
f 1375/3/2595 1384/3/2595 1379/3/2595
f 1355/3/2596 1368/3/2596 1358/3/2596
f 1361/5/2597 1360/5/2597 1356/5/2597
f 1357/3/2598 1354/3/2598 1356/3/2598
f 1360/7/2599 1362/7/2599 1349/7/2599
f 442/3/2600 445/3/2600 450/3/2600
f 1374/7/2601 1390/7/2601 1389/7/2601
f 1504/7/2602 1502/7/2602 1498/7/2602
f 1476/7/2603 1504/7/2603 1498/7/2603
f 1498/7/2604 1490/7/2604 1476/7/2604
f 1364/5/2605 1367/5/2605 1370/5/2605
f 1367/5/2606 1364/5/2606 1374/5/2606
f 1369/3/2607 1368/3/2607 1374/3/2607
f 1369/5/2608 1374/5/2608 1365/5/2608
f 1366/5/2609 1372/5/2609 1381/5/2609
f 1372/5/2610 1378/5/2610 1377/5/2610
f 1370/7/2611 1367/7/2611 1363/7/2611
f 1445/6/2612 1443/6/2612 1441/6/2612
f 1441/6/2613 1452/6/2613 1445/6/2613
f 1304/5/2614 1306/5/2614 1301/5/2614
f 713/5/2615 700/5/2615 695/5/2615
f 1373/5/2616 1381/5/2616 1369/5/2616
f 823/5/2617 678/5/2617 684/5/2617
f 445/3/2618 464/3/2618 452/3/2618
f 1354/5/2619 1388/5/2619 1384/5/2619
f 1388/5/2620 1386/5/2620 1384/5/2620
f 1374/3/2621 1351/3/2621 1365/3/2621
f 712/7/2622 706/7/2622 722/7/2622
f 706/7/2623 671/7/2623 722/7/2623
f 1382/7/2624 1383/7/2624 1379/7/2624
f 1384/5/2625 1382/5/2625 1379/5/2625
f 1363/6/2626 1367/6/2626 1368/6/2626
f 1368/6/2627 1355/6/2627 1363/6/2627
f 1383/7/2628 1376/7/2628 1377/7/2628
f 456/6/2629 454/6/2629 452/6/2629
f 452/6/2630 465/6/2630 456/6/2630
f 1383/7/2631 1382/7/2631 1386/7/2631
f 1387/5/2632 1371/5/2632 1377/5/2632
f 677/3/2633 685/3/2633 686/3/2633
f 1385/5/2634 1353/5/2634 1359/5/2634
f 1353/5/2635 1361/5/2635 1359/5/2635
f 1375/3/2636 1356/3/2636 1354/3/2636
f 1400/5/2637 1402/5/2637 1403/5/2637
f 1352/4/2638 1370/4/2638 1350/4/2638
f 729/5/2639 771/5/2639 773/5/2639
f 1395/5/2640 1427/5/2640 1422/5/2640
f 1552/5/2641 1548/5/2641 1550/5/2641
f 1417/3/2642 1426/3/2642 1420/3/2642
f 1398/3/2643 1414/3/2643 1413/3/2643
f 1403/5/2644 1402/5/2644 1398/5/2644
f 1399/3/2645 1396/3/2645 1398/3/2645
f 1402/7/2646 1404/7/2646 1391/7/2646
f 1439/3/2647 1455/3/2647 1454/3/2647
f 1422/7/2648 1393/7/2648 1416/7/2648
f 623/7/2649 659/7/2649 652/7/2649
f 659/7/2650 657/7/2650 652/7/2650
f 653/7/2651 623/7/2651 652/7/2651
f 715/7/2652 714/7/2652 821/7/2652
f 1406/5/2653 1409/5/2653 1412/5/2653
f 1409/5/2654 1406/5/2654 1416/5/2654
f 1411/3/2655 1410/3/2655 1416/3/2655
f 1411/5/2656 1416/5/2656 1407/5/2656
f 1408/5/2657 1414/5/2657 1423/5/2657
f 1414/5/2658 1419/5/2658 1418/5/2658
f 1412/7/2659 1409/7/2659 1405/7/2659
f 680/6/2660 679/6/2660 673/6/2660
f 1401/5/2661 1421/5/2661 1393/5/2661
f 453/5/2662 455/5/2662 447/5/2662
f 1580/5/2663 1479/5/2663 1482/5/2663
f 1413/6/2664 1428/6/2664 1429/6/2664
f 679/4/2665 676/4/2665 701/4/2665
f 1424/7/2666 1425/7/2666 1420/7/2666
f 1426/5/2667 1424/5/2667 1420/5/2667
f 1427/5/2668 1395/5/2668 1401/5/2668
f 1397/6/2669 1394/6/2669 1392/6/2669
f 1425/7/2670 1424/7/2670 1347/7/2670
f 731/3/2671 740/3/2671 741/3/2671
f 1428/5/2672 1413/5/2672 1418/5/2672
f 1405/6/2673 1409/6/2673 1410/6/2673
f 1546/5/2674 1517/5/2674 1518/5/2674
f 1396/5/2675 1429/5/2675 1426/5/2675
f 679/4/2676 701/4/2676 673/4/2676
f 1417/3/2677 1398/3/2677 1396/3/2677
f 1397/3/2678 1410/3/2678 1400/3/2678
f 741/5/2679 740/5/2679 743/5/2679
f 740/5/2680 745/5/2680 743/5/2680
f 731/3/2681 734/3/2681 740/3/2681
f 1458/3/2682 1467/3/2682 1461/3/2682
f 453/5/2683 476/5/2683 439/5/2683
f 735/3/2684 759/3/2684 758/3/2684
f 1444/5/2685 1443/5/2685 1439/5/2685
f 1440/3/2686 1437/3/2686 1439/3/2686
f 734/3/2687 754/3/2687 742/3/2687
f 1457/3/2688 1434/3/2688 1448/3/2688
f 1443/7/2689 1445/7/2689 1431/7/2689
f 1462/3/2690 1461/3/2690 1459/3/2690
f 1324/7/2691 1322/7/2691 1318/7/2691
f 1296/7/2692 1324/7/2692 1318/7/2692
f 1318/7/2693 1310/7/2693 1296/7/2693
f 1464/5/2694 1452/5/2694 1448/5/2694
f 1447/5/2695 1450/5/2695 1453/5/2695
f 1450/5/2696 1447/5/2696 1457/5/2696
f 1452/3/2697 1451/3/2697 1457/3/2697
f 1452/5/2698 1457/5/2698 1448/5/2698
f 1449/5/2699 1455/5/2699 1464/5/2699
f 1455/5/2700 1460/5/2700 1459/5/2700
f 1453/7/2701 1450/7/2701 1446/7/2701
f 531/6/2702 529/6/2702 527/6/2702
f 527/6/2703 540/6/2703 531/6/2703
f 1441/5/2704 1443/5/2704 1444/5/2704
f 743/5/2705 745/5/2705 737/5/2705
f 736/5/2706 732/5/2706 739/5/2706
f 760/5/2707 770/5/2707 755/5/2707
f 1454/6/2708 1470/6/2708 1471/6/2708
f 1465/7/2709 1466/7/2709 1461/7/2709
f 1467/5/2710 1465/5/2710 1461/5/2710
f 517/5/2711 516/5/2711 519/5/2711
f 1446/6/2712 1450/6/2712 1451/6/2712
f 1438/6/2713 1435/6/2713 1432/6/2713
f 1466/7/2714 1465/7/2714 1469/7/2714
f 1470/5/2715 1454/5/2715 1459/5/2715
f 746/6/2716 744/6/2716 742/6/2716
f 742/6/2717 755/6/2717 746/6/2717
f 1458/3/2718 1439/3/2718 1437/3/2718
f 1436/5/2719 1468/5/2719 1463/5/2719
f 1496/6/2720 1511/6/2720 1580/6/2720
f 1567/3/2721 1564/3/2721 1470/3/2721
f 1470/3/2722 1433/3/2722 1567/3/2722
f 445/6/2723 444/6/2723 437/6/2723
f 743/5/2724 767/5/2724 728/5/2724
f 1504/3/2725 1503/3/2725 1501/3/2725
f 1500/3/2726 1508/3/2726 1503/3/2726
f 1487/6/2727 1485/6/2727 1483/6/2727
f 1483/6/2728 1494/6/2728 1487/6/2728
f 777/4/2729 736/4/2729 778/4/2729
f 1486/5/2730 1485/5/2730 1481/5/2730
f 1482/3/2731 1479/3/2731 1481/3/2731
f 1481/3/2732 1497/3/2732 1496/3/2732
f 1483/5/2733 1485/5/2733 1486/5/2733
f 1485/7/2734 1487/7/2734 1473/7/2734
f 1480/3/2735 1493/3/2735 1483/3/2735
f 734/6/2736 733/6/2736 727/6/2736
f 553/5/2737 554/5/2737 559/5/2737
f 1437/5/2738 1471/5/2738 1467/5/2738
f 1471/5/2739 1469/5/2739 1467/5/2739
f 785/7/2740 799/7/2740 791/7/2740
f 1510/5/2741 1506/5/2741 1508/5/2741
f 243/2/1603 241/2/1603 242/2/1603
f 1489/5/2742 1492/5/2742 1495/5/2742
f 1492/5/2743 1489/5/2743 1499/5/2743
f 1494/3/2744 1493/3/2744 1499/3/2744
f 1494/5/2745 1499/5/2745 1490/5/2745
f 1491/5/2746 1497/5/2746 1505/5/2746
f 1497/5/2747 1502/5/2747 1501/5/2747
f 233/5/2748 235/5/2748 234/5/2748
f 1495/7/2749 1492/7/2749 1488/7/2749
f 1523/6/2750 1534/6/2750 1527/6/2750
f 1534/6/2751 1547/6/2751 1527/6/2751
f 1527/6/2752 1525/6/2752 1523/6/2752
f 733/4/2753 757/4/2753 727/4/2753
f 688/5/2754 690/5/2754 682/5/2754
f 863/5/2755 518/5/2755 524/5/2755
f 1466/7/2756 1433/7/2756 1459/7/2756
f 1506/7/2757 1507/7/2757 1503/7/2757
f 1508/5/2758 1506/5/2758 1503/5/2758
f 1488/6/2759 1492/6/2759 1493/6/2759
f 1480/6/2760 1477/6/2760 1474/6/2760
f 508/5/2761 608/5/2761 610/5/2761
f 1511/5/2762 1496/5/2762 1501/5/2762
f 812/3/2763 811/3/2763 661/3/2763
f 618/3/2764 812/3/2764 661/3/2764
f 796/5/2765 799/5/2765 785/5/2765
f 797/7/658 798/7/658 787/7/658
f 1479/5/2766 1580/5/2766 1508/5/2766
f 1580/5/2767 1510/5/2767 1508/5/2767
f 1500/3/2768 1481/3/2768 1479/3/2768
f 1478/5/2769 1509/5/2769 1512/5/2769
f 1509/5/2770 1478/5/2770 1484/5/2770
f 1478/5/2771 1486/5/2771 1484/5/2771
f 1507/7/2772 1506/7/2772 1510/7/2772
f 790/3/2773 789/3/2773 617/3/2773
f 789/3/2774 565/3/2774 617/3/2774
f 790/3/2775 617/3/2775 595/3/2775
f 569/3/2776 783/3/2776 572/3/2776
f 595/3/2777 572/3/2777 790/3/2777
f 489/3/2778 466/3/2778 498/3/2778
f 489/3/2779 498/3/2779 435/3/2779
f 478/3/2780 435/3/2780 498/3/2780
f 504/7/657 495/7/657 490/7/657
f 800/7/2781 667/7/2781 794/7/2781
f 793/7/2782 622/7/2782 794/7/2782
f 1540/3/2783 1550/3/2783 1544/3/2783
f 677/5/2784 676/5/2784 679/5/2784
f 1521/3/2785 1537/3/2785 1536/3/2785
f 1526/5/2786 1525/5/2786 1521/5/2786
f 1522/3/2787 1519/3/2787 1521/3/2787
f 1525/7/2788 1527/7/2788 1514/7/2788
f 772/7/2789 763/7/2789 764/7/2789
f 519/4/2790 516/4/2790 541/4/2790
f 823/3/2791 720/3/2791 816/3/2791
f 508/7/2792 612/7/2792 501/7/2792
f 515/7/2793 552/7/2793 544/7/2793
f 552/7/2794 550/7/2794 544/7/2794
f 545/7/2795 515/7/2795 544/7/2795
f 1529/5/2796 1532/5/2796 1535/5/2796
f 1532/5/2797 1529/5/2797 1539/5/2797
f 1534/3/2798 1533/3/2798 1539/3/2798
f 1534/5/2799 1539/5/2799 1530/5/2799
f 1531/5/2800 1537/5/2800 1547/5/2800
f 1537/5/2801 1543/5/2801 1542/5/2801
f 500/7/2802 510/7/2802 502/7/2802
f 1535/7/2803 1532/7/2803 1528/7/2803
f 1565/5/2804 1567/5/2804 1558/5/2804
f 581/5/2805 583/5/2805 575/5/2805
f 1429/5/2806 1396/5/2806 1399/5/2806
f 1548/7/2807 1549/7/2807 1544/7/2807
f 1550/5/2808 1548/5/2808 1544/5/2808
f 1562/5/2809 1563/5/2809 1557/5/2809
f 440/5/2810 480/5/2810 482/5/2810
f 1553/5/2811 1536/5/2811 1542/5/2811
f 1541/7/2812 1549/7/2812 1552/7/2812
f 1549/7/2813 1548/7/2813 1552/7/2813
f 818/7/658 819/7/658 809/7/658
f 504/7/658 505/7/658 496/7/658
f 1540/3/2814 1521/3/2814 1519/3/2814
f 1545/3/2815 1544/3/2815 1542/3/2815
f 1528/6/2816 1532/6/2816 1533/6/2816
f 444/4/2817 466/4/2817 437/4/2817
f 1551/5/2818 1518/5/2818 1524/5/2818
f 777/3/2819 776/3/2819 841/3/2819
f 1557/7/2820 1559/7/2820 1560/7/2820
f 1555/7/2821 1561/7/2821 1558/7/2821
f 1556/5/2822 1560/5/2822 1558/5/2822
f 838/7/378 829/7/378 824/7/378
f 1412/3/2823 1561/3/2823 1430/3/2823
f 1561/3/2824 1422/3/2824 1430/3/2824
f 851/3/2825 850/3/2825 780/3/2825
f 843/3/2826 779/3/2826 769/3/2826
f 733/3/2827 730/3/2827 844/3/2827
f 757/3/2828 733/3/2828 851/3/2828
f 733/3/2829 844/3/2829 851/3/2829
f 850/3/2830 769/3/2830 725/3/2830
f 780/3/2831 757/3/2831 851/3/2831
f 834/7/2832 736/7/2832 836/7/2832
f 859/7/617 857/7/617 845/7/617
f 1453/7/2833 1435/7/2833 1571/7/2833
f 1561/5/2834 1412/5/2834 1556/5/2834
f 852/5/2835 853/5/2835 842/5/2835
f 1412/7/2836 1394/7/2836 1556/7/2836
f 1557/5/2837 1394/5/2837 1422/5/2837
f 1565/7/2838 1566/7/2838 1563/7/2838
f 1567/5/2839 1565/5/2839 1564/5/2839
f 552/3/2840 551/3/2840 549/3/2840
f 858/7/613 847/7/613 842/7/613
f 1563/5/2841 1562/5/2841 1469/5/2841
f 1571/7/2842 1570/7/2842 1572/7/2842
f 1577/7/2843 1571/7/2843 1573/7/2843
f 519/4/2844 541/4/2844 514/4/2844
f 596/6/2845 614/6/2845 615/6/2845
f 336/2/2846 335/2/2846 337/2/2846
f 338/2/2847 337/2/2847 334/2/2847
f 1472/5/2848 1453/5/2848 1571/5/2848
f 1463/7/2849 1472/7/2849 1568/7/2849
f 1570/5/2850 1435/5/2850 1463/5/2850
f 1576/7/2851 1577/7/2851 1578/7/2851
f 1579/5/2852 1577/5/2852 1576/5/2852
f 1579/3/2853 1511/3/2853 1475/3/2853
f 1510/3/2854 1579/3/2854 1475/3/2854
f 521/3/2855 543/3/2855 542/3/2855
f 1576/5/2856 1511/5/2856 1579/5/2856
f 1575/5/2857 1574/5/2857 1510/5/2857
f 1582/7/2858 1584/7/2858 1585/7/2858
f 1512/7/2859 1586/7/2859 1581/7/2859
f 1575/7/2860 1580/7/2860 1576/7/2860
f 1590/5/2861 1592/5/2861 1586/5/2861
f 1591/7/2862 1590/7/2862 1585/7/2862
f 1592/7/2863 1587/7/2863 1581/7/2863
f 1513/3/2864 1495/3/2864 1586/3/2864
f 1586/3/2865 1512/3/2865 1513/3/2865
f 873/5/2866 874/5/2866 864/5/2866
f 1586/5/2867 1495/5/2867 1583/5/2867
f 880/7/2868 873/7/2868 871/7/2868
f 1495/7/2869 1477/7/2869 1583/7/2869
f 1582/5/2870 1477/5/2870 1512/5/2870
f 1590/7/2871 1591/7/2871 1588/7/2871
f 1592/5/2872 1590/5/2872 1589/5/2872
f 1600/3/2873 1546/3/2873 1554/3/2873
f 878/7/658 879/7/658 870/7/658
f 1588/7/2874 1593/7/2874 1589/7/2874
f 1541/3/2875 1592/3/2875 1553/3/2875
f 1589/5/2876 1553/5/2876 1592/5/2876
f 1588/5/2877 1587/5/2877 1552/5/2877
f 1596/7/2878 1598/7/2878 1599/7/2878
f 1594/7/2879 1600/7/2879 1597/7/2879
f 1595/5/2880 1599/5/2880 1597/5/2880
f 1600/3/2881 1554/3/2881 1535/3/2881
f 1597/7/2882 1606/7/2882 1601/7/2882
f 1600/5/2883 1535/5/2883 1595/5/2883
f 1535/7/2884 1517/7/2884 1595/7/2884
f 1605/7/2885 1604/7/2885 1599/7/2885
f 1596/5/2886 1517/5/2886 1546/5/2886
f 1604/7/2887 1605/7/2887 1602/7/2887
f 1606/5/2888 1604/5/2888 1603/5/2888
f 1606/3/2889 1603/3/2889 1376/3/2889
f 1603/3/2890 1387/3/2890 1376/3/2890
f 1606/3/2891 1376/3/2891 1386/3/2891
f 1618/7/2892 1613/7/2892 1612/7/2892
f 1602/5/2893 1601/5/2893 1386/5/2893
f 1609/7/2894 1608/7/2894 1610/7/2894
f 1617/7/2895 1616/7/2895 1611/7/2895
f 277/7/2896 276/7/2896 281/7/2896
f 276/7/2897 275/7/2897 280/7/2897
f 280/7/2898 275/7/2898 284/7/2898
f 275/7/2899 279/7/2899 284/7/2899
f 279/7/2900 278/7/2900 283/7/2900
f 285/7/2901 278/7/2901 282/7/2901
f 280/7/2902 281/7/2902 276/7/2902
f 278/7/2903 285/7/2903 283/7/2903
f 279/7/2904 283/7/2904 284/7/2904
f 1390/5/2905 1370/5/2905 1609/5/2905
f 1370/7/2906 1352/7/2906 1609/7/2906
f 1608/5/2907 1352/5/2907 1389/5/2907
f 1615/7/2908 1616/7/2908 1617/7/2908
f 1618/5/2909 1616/5/2909 1615/5/2909
f 1615/5/2910 1332/5/2910 1618/5/2910
f 1614/5/2911 1613/5/2911 1331/5/2911
f 1621/5/2912 1622/5/2912 1620/5/2912
f 1622/5/2913 1621/5/2913 1619/5/2913
f 1624/5/2914 1623/5/2914 1625/5/2914
f 1623/5/2915 1626/5/2915 1625/5/2915
f 1618/3/2916 1332/3/2916 1295/3/2916
f 1295/3/2917 1331/3/2917 1618/3/2917
f 903/5/1601 901/5/1601 902/5/1601
f 528/5/2918 552/5/2918 515/5/2918
f 1679/1/658 1678/1/658 1726/1/658
f 1726/1/658 1727/1/658 1679/1/658
f 1727/1/658 1728/1/658 1679/1/658
f 1728/1/658 1681/1/658 1633/1/658
f 1681/1/658 1682/1/658 1634/1/658
f 1682/1/658 1683/1/658 1634/1/658
f 1683/1/658 1684/1/658 1635/1/658
f 1634/1/658 1683/1/658 1635/1/658
f 1684/1/658 1685/1/658 1636/1/658
f 1685/1/658 1686/1/658 1637/1/658
f 1636/1/658 1685/1/658 1637/1/658
f 1686/1/658 1687/1/658 1638/1/658
f 1687/1/658 1688/1/658 1639/1/658
f 1638/1/658 1687/1/658 1639/1/658
f 1688/1/658 1689/1/658 1641/1/658
f 1689/1/658 1690/1/658 1642/1/658
f 1690/1/658 1691/1/658 1643/1/658
f 1691/1/658 1692/1/658 1643/1/658
f 1692/1/658 1693/1/658 1644/1/658
f 1693/1/658 1694/1/658 1645/1/658
f 1644/1/658 1693/1/658 1645/1/658
f 1694/1/658 1695/1/658 1646/1/658
f 1695/1/658 1696/1/658 1647/1/658
f 1646/1/658 1695/1/658 1647/1/658
f 1696/1/658 1697/1/658 1649/1/658
f 1697/1/658 1698/1/658 1650/1/658
f 1698/1/658 1699/1/658 1650/1/658
f 1699/1/658 1700/1/658 1651/1/658
f 1650/1/658 1699/1/658 1651/1/658
f 1700/1/658 1701/1/658 1652/1/658
f 1701/1/658 1702/1/658 1653/1/658
f 1652/1/658 1701/1/658 1653/1/658
f 1702/1/658 1703/1/658 1654/1/658
f 1703/1/658 1704/1/658 1655/1/658
f 1654/1/658 1703/1/658 1655/1/658
f 1704/1/658 1705/1/658 1657/1/658
f 1705/1/658 1706/1/658 1658/1/658
f 1706/1/658 1707/1/658 1659/1/658
f 1707/1/658 1708/1/658 1660/1/658
f 1708/1/658 1709/1/658 1661/1/658
f 1709/1/658 1710/1/658 1662/1/658
f 1710/1/658 1711/1/658 1662/1/658
f 1711/1/658 1712/1/658 1663/1/658
f 1662/1/658 1711/1/658 1663/1/658
f 1712/1/658 1713/1/658 1665/1/658
f 1713/1/658 1714/1/658 1666/1/658
f 1714/1/658 1715/1/658 1667/1/658
f 1715/1/658 1716/1/658 1668/1/658
f 1716/1/658 1717/1/658 1669/1/658
f 1717/1/658 1718/1/658 1669/1/658
f 1718/1/658 1719/1/658 1670/1/658
f 1719/1/658 1720/1/658 1671/1/658
f 1670/1/658 1719/1/658 1671/1/658
f 1720/1/658 1721/1/658 1673/1/658
f 1721/1/658 1722/1/658 1674/1/658
f 1722/1/658 1723/1/658 1675/1/658
f 1723/1/658 1724/1/658 1676/1/658
f 1724/1/658 1725/1/658 1677/1/658
f 1724/1/658 1677/1/658 1676/1/658
f 1721/1/658 1674/1/658 1673/1/658
f 1723/1/658 1676/1/658 1675/1/658
f 1669/1/658 1718/1/658 1670/1/658
f 1713/1/658 1666/1/658 1665/1/658
f 1715/1/658 1668/1/658 1667/1/658
f 1709/1/658 1662/1/658 1661/1/658
f 1705/1/658 1658/1/658 1657/1/658
f 1707/1/658 1660/1/658 1659/1/658
f 1697/1/658 1650/1/658 1649/1/658
f 1689/1/658 1642/1/658 1641/1/658
f 1681/1/658 1634/1/658 1633/1/658
f 1680/1/658 1679/1/658 1728/1/658
f 1690/1/658 1643/1/658 1642/1/658
f 1643/1/658 1692/1/658 1644/1/658
f 1722/1/658 1675/1/658 1674/1/658
f 1633/1/658 1680/1/658 1728/1/658
f 1635/1/658 1684/1/658 1636/1/658
f 1720/1/658 1673/1/658 1672/1/658
f 1720/1/658 1672/1/658 1671/1/658
f 1637/1/658 1686/1/658 1638/1/658
f 1716/1/658 1669/1/658 1668/1/658
f 1640/1/658 1639/1/658 1688/1/658
f 1641/1/658 1640/1/658 1688/1/658
f 1714/1/658 1667/1/658 1666/1/658
f 1712/1/658 1665/1/658 1664/1/658
f 1645/1/658 1694/1/658 1646/1/658
f 1712/1/658 1664/1/658 1663/1/658
f 1708/1/658 1661/1/658 1660/1/658
f 1648/1/658 1647/1/658 1696/1/658
f 1706/1/658 1659/1/658 1658/1/658
f 1649/1/658 1648/1/658 1696/1/658
f 1651/1/658 1700/1/658 1652/1/658
f 1704/1/658 1657/1/658 1656/1/658
f 1704/1/658 1656/1/658 1655/1/658
f 555/5/2919 540/5/2919 535/5/2919
f 1677/1/658 1725/1/658 1726/1/658
f 1605/7/2920 1598/7/2920 1596/7/2920
f 1748/1/2921 1765/1/2921 1729/1/2921
f 1729/1/2922 1730/1/2922 1740/1/2922
f 1731/1/2923 1730/1/2923 1729/1/2923
f 1732/1/2924 1741/1/2924 1730/1/2924
f 1730/1/2925 1731/1/2925 1732/1/2925
f 1766/1/2926 1767/1/2926 1729/1/2926
f 1767/1/2927 1731/1/2927 1729/1/2927
f 1731/1/2928 1767/1/2928 1733/1/2928
f 1734/1/2929 1732/1/2929 1731/1/2929
f 1736/1/2930 1734/1/2930 1731/1/2930
f 1739/1/2931 1743/1/2931 1732/1/2931
f 1732/1/2932 1734/1/2932 1739/1/2932
f 1769/1/2933 1770/1/2933 1767/1/2933
f 1770/1/2934 1733/1/2934 1767/1/2934
f 1735/1/2935 1736/1/2935 1733/1/2935
f 1772/1/2936 1735/1/2936 1770/1/2936
f 1819/1/2937 1736/1/2937 1735/1/2937
f 1819/1/2938 1739/1/2938 1736/1/2938
f 1739/1/2939 1734/1/2939 1736/1/2939
f 1818/1/2940 1737/1/2940 1739/1/2940
f 1738/1/2941 1820/1/2941 1735/1/2941
f 1735/1/2942 1816/1/2942 1819/1/2942
f 1819/1/2943 1815/1/2943 1818/1/2943
f 1818/1/2944 1739/1/2944 1819/1/2944
f 1741/1/2945 1740/1/2945 1730/1/2945
f 1742/1/2946 1749/1/2946 1740/1/2946
f 1740/1/2947 1741/1/2947 1742/1/2947
f 1741/1/2948 1732/1/2948 1743/1/2948
f 1744/1/2949 1742/1/2949 1741/1/2949
f 1745/1/2950 1744/1/2950 1741/1/2950
f 1747/1/2951 1751/1/2951 1742/1/2951
f 1742/1/2952 1744/1/2952 1747/1/2952
f 1831/1/2953 1745/1/2953 1737/1/2953
f 1745/1/2954 1743/1/2954 1737/1/2954
f 1829/1/2955 1747/1/2955 1745/1/2955
f 1747/1/2956 1744/1/2956 1745/1/2956
f 1828/1/2957 1746/1/2957 1747/1/2957
f 1831/1/2958 1830/1/2958 1829/1/2958
f 1829/1/2959 1745/1/2959 1831/1/2959
f 1829/1/2960 1827/1/2960 1828/1/2960
f 1828/1/2961 1747/1/2961 1829/1/2961
f 1749/1/2962 1748/1/2962 1740/1/2962
f 1750/1/2963 1756/1/2963 1748/1/2963
f 1748/1/2964 1749/1/2964 1750/1/2964
f 1749/1/2965 1742/1/2965 1751/1/2965
f 1752/1/2966 1750/1/2966 1749/1/2966
f 1753/1/2967 1752/1/2967 1749/1/2967
f 1754/1/2968 1758/1/2968 1750/1/2968
f 1750/1/2969 1752/1/2969 1754/1/2969
f 1755/1/2970 1760/1/2970 1754/1/2970
f 1843/1/2971 1753/1/2971 1746/1/2971
f 1753/1/2972 1751/1/2972 1746/1/2972
f 1842/1/2973 1754/1/2973 1753/1/2973
f 1754/1/2974 1752/1/2974 1753/1/2974
f 1840/1/2975 1755/1/2975 1754/1/2975
f 1843/1/2976 1841/1/2976 1842/1/2976
f 1842/1/2977 1753/1/2977 1843/1/2977
f 1840/1/2978 1754/1/2978 1842/1/2978
f 1839/1/2979 1755/1/2979 1840/1/2979
f 1756/1/2980 1765/1/2980 1748/1/2980
f 1757/1/2981 1766/1/2981 1765/1/2981
f 1765/1/2982 1756/1/2982 1757/1/2982
f 1756/1/2983 1750/1/2983 1758/1/2983
f 1759/1/2984 1757/1/2984 1756/1/2984
f 1761/1/2985 1759/1/2985 1756/1/2985
f 1764/1/2986 1768/1/2986 1757/1/2986
f 1757/1/2987 1759/1/2987 1764/1/2987
f 1760/1/2988 1761/1/2988 1758/1/2988
f 1851/1/2989 1761/1/2989 1760/1/2989
f 1851/1/2990 1764/1/2990 1761/1/2990
f 1764/1/2991 1759/1/2991 1761/1/2991
f 1850/1/2992 1762/1/2992 1764/1/2992
f 1763/1/2993 1853/1/2993 1760/1/2993
f 1760/1/2994 1852/1/2994 1851/1/2994
f 1851/1/2995 1848/1/2995 1850/1/2995
f 1850/1/2996 1764/1/2996 1851/1/2996
f 1766/1/2997 1729/1/2997 1765/1/2997
f 1766/1/2998 1757/1/2998 1768/1/2998
f 1769/1/2999 1767/1/2999 1766/1/2999
f 1771/1/3000 1769/1/3000 1766/1/3000
f 1864/1/3001 1771/1/3001 1762/1/3001
f 1771/1/3002 1768/1/3002 1762/1/3002
f 1862/1/3003 1770/1/3003 1771/1/3003
f 1770/1/3004 1769/1/3004 1771/1/3004
f 1859/1/3005 1772/1/3005 1770/1/3005
f 1864/1/3006 1863/1/3006 1862/1/3006
f 1862/1/3007 1771/1/3007 1864/1/3007
f 1859/1/3008 1770/1/3008 1862/1/3008
f 1858/1/3009 1772/1/3009 1859/1/3009
f 1738/1/3010 1858/1/3010 1820/1/3010
f 1774/1/3011 1820/1/3011 1858/1/3011
f 1858/1/3012 1859/1/3012 1855/1/3012
f 1855/1/3013 1774/1/3013 1858/1/3013
f 1775/1/3014 1820/1/3014 1774/1/3014
f 1814/1/3015 1820/1/3015 1773/1/3015
f 1820/1/3016 1775/1/3016 1773/1/3016
f 1774/1/3017 1855/1/3017 1854/1/3017
f 1777/1/3018 1775/1/3018 1774/1/3018
f 1855/1/3019 1857/1/3019 1854/1/3019
f 1776/1/3020 1777/1/3020 1854/1/3020
f 1777/1/3021 1774/1/3021 1854/1/3021
f 1780/1/3022 1773/1/3022 1775/1/3022
f 1812/1/3023 1773/1/3023 1778/1/3023
f 1773/1/3024 1780/1/3024 1778/1/3024
f 1854/1/3025 1856/1/3025 1779/1/3025
f 1779/1/3026 1776/1/3026 1854/1/3026
f 1918/1/3027 1776/1/3027 1779/1/3027
f 1917/1/3028 1777/1/3028 1776/1/3028
f 1917/1/3029 1780/1/3029 1777/1/3029
f 1780/1/3030 1775/1/3030 1777/1/3030
f 1916/1/3031 1778/1/3031 1780/1/3031
f 1776/1/3032 1915/1/3032 1917/1/3032
f 1917/1/3033 1914/1/3033 1916/1/3033
f 1916/1/3034 1780/1/3034 1917/1/3034
f 1817/1/3035 1832/1/3035 1737/1/3035
f 1737/1/3036 1818/1/3036 1817/1/3036
f 1782/1/3037 1832/1/3037 1817/1/3037
f 1832/1/3038 1782/1/3038 1781/1/3038
f 1817/1/3039 1815/1/3039 1811/1/3039
f 1811/1/3040 1782/1/3040 1817/1/3040
f 1784/1/3041 1781/1/3041 1782/1/3041
f 1782/1/3042 1811/1/3042 1810/1/3042
f 1785/1/3043 1781/1/3043 1784/1/3043
f 1826/1/3044 1781/1/3044 1785/1/3044
f 1811/1/3045 1813/1/3045 1810/1/3045
f 1786/1/3046 1784/1/3046 1810/1/3046
f 1784/1/3047 1782/1/3047 1810/1/3047
f 1786/1/3048 1785/1/3048 1784/1/3048
f 1823/1/3049 1785/1/3049 1787/1/3049
f 1810/1/3050 1812/1/3050 1783/1/3050
f 1875/1/3051 1786/1/3051 1783/1/3051
f 1786/1/3052 1810/1/3052 1783/1/3052
f 1874/1/3053 1787/1/3053 1786/1/3053
f 1787/1/3054 1785/1/3054 1786/1/3054
f 1783/1/3055 1778/1/3055 1916/1/3055
f 1875/1/3056 1783/1/3056 1876/1/3056
f 1875/1/3057 1873/1/3057 1874/1/3057
f 1874/1/3058 1786/1/3058 1875/1/3058
f 1872/1/3059 1787/1/3059 1874/1/3059
f 1746/1/3060 1828/1/3060 1788/1/3060
f 1788/1/3061 1827/1/3061 1790/1/3061
f 1843/1/3062 1788/1/3062 1789/1/3062
f 1788/1/3063 1790/1/3063 1789/1/3063
f 1824/1/3064 1790/1/3064 1827/1/3064
f 1790/1/3065 1824/1/3065 1791/1/3065
f 1793/1/3066 1789/1/3066 1790/1/3066
f 1822/1/3067 1791/1/3067 1824/1/3067
f 1794/1/3068 1789/1/3068 1793/1/3068
f 1838/1/3069 1789/1/3069 1794/1/3069
f 1795/1/3070 1793/1/3070 1791/1/3070
f 1795/1/3071 1794/1/3071 1793/1/3071
f 1836/1/3072 1794/1/3072 1796/1/3072
f 1822/1/3073 1823/1/3073 1821/1/3073
f 1821/1/3074 1792/1/3074 1822/1/3074
f 1887/1/3075 1792/1/3075 1821/1/3075
f 1886/1/3076 1795/1/3076 1792/1/3076
f 1795/1/3077 1791/1/3077 1792/1/3077
f 1885/1/3078 1796/1/3078 1795/1/3078
f 1796/1/3079 1794/1/3079 1795/1/3079
f 1787/1/3080 1872/1/3080 1821/1/3080
f 1886/1/3081 1792/1/3081 1887/1/3081
f 1886/1/3082 1884/1/3082 1885/1/3082
f 1885/1/3083 1795/1/3083 1886/1/3083
f 1883/1/3084 1796/1/3084 1885/1/3084
f 1763/1/3085 1839/1/3085 1853/1/3085
f 1798/1/3086 1853/1/3086 1839/1/3086
f 1853/1/3087 1798/1/3087 1797/1/3087
f 1839/1/3088 1840/1/3088 1835/1/3088
f 1835/1/3089 1798/1/3089 1839/1/3089
f 1799/1/3090 1797/1/3090 1798/1/3090
f 1847/1/3091 1797/1/3091 1799/1/3091
f 1835/1/3092 1837/1/3092 1834/1/3092
f 1801/1/3093 1835/1/3093 1834/1/3093
f 1802/1/3094 1799/1/3094 1801/1/3094
f 1801/1/3095 1799/1/3095 1798/1/3095
f 1845/1/3096 1799/1/3096 1800/1/3096
f 1799/1/3097 1802/1/3097 1800/1/3097
f 1834/1/3098 1836/1/3098 1833/1/3098
f 1897/1/3099 1834/1/3099 1833/1/3099
f 1896/1/3100 1801/1/3100 1834/1/3100
f 1896/1/3101 1802/1/3101 1801/1/3101
f 1895/1/3102 1800/1/3102 1802/1/3102
f 1796/1/3103 1883/1/3103 1833/1/3103
f 1896/1/3104 1834/1/3104 1897/1/3104
f 1896/1/3105 1894/1/3105 1802/1/3105
f 1802/1/3106 1905/1/3106 1895/1/3106
f 1849/1/3107 1865/1/3107 1762/1/3107
f 1762/1/3108 1850/1/3108 1849/1/3108
f 1803/1/3109 1865/1/3109 1849/1/3109
f 1865/1/3110 1803/1/3110 1861/1/3110
f 1848/1/3111 1803/1/3111 1849/1/3111
f 1803/1/3112 1848/1/3112 1805/1/3112
f 1806/1/3113 1861/1/3113 1803/1/3113
f 1861/1/3114 1806/1/3114 1804/1/3114
f 1844/1/3115 1805/1/3115 1848/1/3115
f 1808/1/3116 1806/1/3116 1803/1/3116
f 1809/1/3117 1804/1/3117 1806/1/3117
f 1856/1/3118 1804/1/3118 1809/1/3118
f 1844/1/3119 1845/1/3119 1807/1/3119
f 1907/1/3120 1808/1/3120 1807/1/3120
f 1808/1/3121 1805/1/3121 1807/1/3121
f 1906/1/3122 1809/1/3122 1808/1/3122
f 1809/1/3123 1806/1/3123 1808/1/3123
f 1807/1/3124 1800/1/3124 1895/1/3124
f 1907/1/3125 1807/1/3125 1908/1/3125
f 1907/1/3126 1904/1/3126 1906/1/3126
f 1906/1/3127 1808/1/3127 1907/1/3127
f 1903/1/3128 1809/1/3128 1906/1/3128
f 1903/1/3129 1918/1/3129 1779/1/3129
f 1778/1/3130 1783/1/3130 1812/1/3130
f 1812/1/3131 1810/1/3131 1813/1/3131
f 1814/1/3132 1773/1/3132 1812/1/3132
f 1816/1/3133 1814/1/3133 1812/1/3133
f 1818/1/3134 1815/1/3134 1817/1/3134
f 1819/1/3135 1816/1/3135 1815/1/3135
f 1816/1/3136 1813/1/3136 1815/1/3136
f 1735/1/3137 1820/1/3137 1816/1/3137
f 1820/1/3138 1814/1/3138 1816/1/3138
f 1823/1/3139 1787/1/3139 1821/1/3139
f 1823/1/3140 1822/1/3140 1825/1/3140
f 1826/1/3141 1785/1/3141 1823/1/3141
f 1825/1/3142 1822/1/3142 1824/1/3142
f 1825/1/3143 1826/1/3143 1823/1/3143
f 1830/1/3144 1825/1/3144 1824/1/3144
f 1830/1/3145 1826/1/3145 1825/1/3145
f 1832/1/3146 1781/1/3146 1826/1/3146
f 1829/1/3147 1830/1/3147 1827/1/3147
f 1830/1/3148 1824/1/3148 1827/1/3148
f 1831/1/3149 1832/1/3149 1830/1/3149
f 1832/1/3150 1826/1/3150 1830/1/3150
f 1836/1/3151 1796/1/3151 1833/1/3151
f 1836/1/3152 1834/1/3152 1837/1/3152
f 1838/1/3153 1794/1/3153 1836/1/3153
f 1841/1/3154 1838/1/3154 1836/1/3154
f 1843/1/3155 1789/1/3155 1838/1/3155
f 1842/1/3156 1841/1/3156 1840/1/3156
f 1841/1/3157 1837/1/3157 1840/1/3157
f 1843/1/3158 1838/1/3158 1841/1/3158
f 1800/1/3159 1807/1/3159 1845/1/3159
f 1845/1/3160 1844/1/3160 1846/1/3160
f 1847/1/3161 1799/1/3161 1845/1/3161
f 1846/1/3162 1844/1/3162 1848/1/3162
f 1846/1/3163 1847/1/3163 1845/1/3163
f 1852/1/3164 1846/1/3164 1848/1/3164
f 1852/1/3165 1847/1/3165 1846/1/3165
f 1853/1/3166 1797/1/3166 1847/1/3166
f 1850/1/3167 1848/1/3167 1849/1/3167
f 1851/1/3168 1852/1/3168 1848/1/3168
f 1760/1/3169 1853/1/3169 1852/1/3169
f 1853/1/3170 1847/1/3170 1852/1/3170
f 1856/1/3171 1809/1/3171 1779/1/3171
f 1856/1/3172 1854/1/3172 1857/1/3172
f 1860/1/3173 1804/1/3173 1856/1/3173
f 1861/1/3174 1804/1/3174 1860/1/3174
f 1863/1/3175 1860/1/3175 1857/1/3175
f 1863/1/3176 1861/1/3176 1860/1/3176
f 1862/1/3177 1863/1/3177 1859/1/3177
f 1863/1/3178 1857/1/3178 1859/1/3178
f 1864/1/3179 1865/1/3179 1863/1/3179
f 1865/1/3180 1861/1/3180 1863/1/3180
f 1867/1/3181 1898/1/3181 1866/1/3181
f 1898/1/3182 1888/1/3182 1866/1/3182
f 1868/1/3183 1867/1/3183 1866/1/3183
f 1869/1/3184 1909/1/3184 1867/1/3184
f 1867/1/3185 1868/1/3185 1869/1/3185
f 1878/1/3186 1879/1/3186 1866/1/3186
f 1879/1/3187 1868/1/3187 1866/1/3187
f 1868/1/3188 1879/1/3188 1870/1/3188
f 1871/1/3189 1869/1/3189 1868/1/3189
f 1873/1/3190 1871/1/3190 1868/1/3190
f 1914/1/3191 1911/1/3191 1869/1/3191
f 1869/1/3192 1871/1/3192 1914/1/3192
f 1881/1/3193 1882/1/3193 1879/1/3193
f 1882/1/3194 1870/1/3194 1879/1/3194
f 1876/1/3195 1914/1/3195 1871/1/3195
f 1887/1/3196 1872/1/3196 1882/1/3196
f 1874/1/3197 1882/1/3197 1872/1/3197
f 1874/1/3198 1873/1/3198 1882/1/3198
f 1873/1/3199 1870/1/3199 1882/1/3199
f 1875/1/3200 1876/1/3200 1873/1/3200
f 1876/1/3201 1871/1/3201 1873/1/3201
f 1878/1/3202 1866/1/3202 1877/1/3202
f 1889/1/3203 1890/1/3203 1877/1/3203
f 1890/1/3204 1878/1/3204 1877/1/3204
f 1878/1/3205 1890/1/3205 1880/1/3205
f 1881/1/3206 1879/1/3206 1878/1/3206
f 1884/1/3207 1881/1/3207 1878/1/3207
f 1892/1/3208 1893/1/3208 1890/1/3208
f 1893/1/3209 1880/1/3209 1890/1/3209
f 1887/1/3210 1882/1/3210 1881/1/3210
f 1897/1/3211 1883/1/3211 1893/1/3211
f 1885/1/3212 1893/1/3212 1883/1/3212
f 1885/1/3213 1884/1/3213 1893/1/3213
f 1884/1/3214 1880/1/3214 1893/1/3214
f 1886/1/3215 1887/1/3215 1884/1/3215
f 1887/1/3216 1881/1/3216 1884/1/3216
f 1889/1/3217 1877/1/3217 1888/1/3217
f 1899/1/3218 1900/1/3218 1888/1/3218
f 1900/1/3219 1889/1/3219 1888/1/3219
f 1889/1/3220 1900/1/3220 1891/1/3220
f 1892/1/3221 1890/1/3221 1889/1/3221
f 1894/1/3222 1892/1/3222 1889/1/3222
f 1902/1/3223 1905/1/3223 1900/1/3223
f 1905/1/3224 1891/1/3224 1900/1/3224
f 1897/1/3225 1893/1/3225 1892/1/3225
f 1802/1/3226 1894/1/3226 1905/1/3226
f 1894/1/3227 1891/1/3227 1905/1/3227
f 1896/1/3228 1897/1/3228 1894/1/3228
f 1897/1/3229 1892/1/3229 1894/1/3229
f 1905/1/3230 1908/1/3230 1895/1/3230
f 1899/1/3231 1888/1/3231 1898/1/3231
f 1909/1/3232 1910/1/3232 1898/1/3232
f 1910/1/3233 1899/1/3233 1898/1/3233
f 1899/1/3234 1910/1/3234 1901/1/3234
f 1902/1/3235 1900/1/3235 1899/1/3235
f 1904/1/3236 1902/1/3236 1899/1/3236
f 1912/1/3237 1913/1/3237 1910/1/3237
f 1913/1/3238 1901/1/3238 1910/1/3238
f 1908/1/3239 1905/1/3239 1902/1/3239
f 1918/1/3240 1903/1/3240 1913/1/3240
f 1906/1/3241 1913/1/3241 1903/1/3241
f 1906/1/3242 1904/1/3242 1913/1/3242
f 1904/1/3243 1901/1/3243 1913/1/3243
f 1907/1/3244 1908/1/3244 1904/1/3244
f 1908/1/3245 1902/1/3245 1904/1/3245
f 1909/1/3246 1898/1/3246 1867/1/3246
f 1909/1/3247 1869/1/3247 1911/1/3247
f 1912/1/3248 1910/1/3248 1909/1/3248
f 1915/1/3249 1912/1/3249 1909/1/3249
f 1918/1/3250 1913/1/3250 1912/1/3250
f 1917/1/3251 1915/1/3251 1914/1/3251
f 1915/1/3252 1911/1/3252 1914/1/3252
f 1776/1/3253 1918/1/3253 1915/1/3253
f 1918/1/3254 1912/1/3254 1915/1/3254
