# Blender 5.2.2 LTS
# www.blender.org
mtllib ruins_tg_statue.mtl
o piece
v 0.045206 -0.300373 -0.112605
v -0.030026 -0.607143 -0.137382
v 0.226988 -0.304435 -0.056914
v 0.249901 -0.394399 -0.048850
v 0.190075 -0.406168 -0.056085
v 0.083369 -0.413004 -0.103401
v 0.049174 -0.576107 -0.103620
v 0.198969 -0.600838 -0.007844
v 0.284961 -0.589098 -0.006373
v 0.206408 0.525498 -0.042748
v 0.190123 0.566792 -0.097197
v 0.158191 0.580817 -0.207316
v 0.140484 0.494528 -0.273098
v 0.146616 0.389910 -0.257056
v 0.204169 0.281126 -0.062766
v 0.156269 0.344874 -0.225813
v 0.192800 0.294789 -0.101537
v 0.157447 0.288070 -0.246970
v 0.156068 0.150733 -0.071217
v 0.212765 0.413281 -0.026308
v 0.283582 0.469160 -0.171952
v 0.291953 0.459909 -0.229796
v 0.291265 0.397773 -0.210025
v 0.278090 0.482048 -0.215598
v 0.270511 0.458795 -0.236357
v 0.272019 0.393117 -0.214319
v 0.283272 0.384878 -0.166416
v 0.274682 0.322990 -0.062763
v 0.252407 0.479401 -0.287863
v 0.254746 0.403080 -0.272945
v 0.264672 0.557179 -0.228887
v 0.225727 0.347545 -0.226534
v 0.242158 0.304678 -0.128127
v 0.239785 0.282090 -0.210755
v 0.232705 0.246597 -0.125192
v 0.288833 0.505430 -0.074750
v 0.287994 0.314496 -0.096797
v 0.214181 0.301125 -0.027015
v 0.294861 0.542866 -0.128060
v 0.193679 0.219763 -0.095667
v 0.073859 0.466131 -0.111524
v 0.036249 0.456216 -0.156119
v 0.049007 0.394275 -0.140223
v 0.054945 0.478825 -0.151303
v 0.050936 0.455624 -0.173090
v 0.063135 0.390100 -0.154133
v 0.079315 0.381933 -0.107649
v 0.120159 0.502994 -0.026150
v 0.038307 0.476309 -0.226173
v 0.046299 0.400070 -0.212885
v 0.057229 0.554183 -0.169115
v 0.085699 0.539845 -0.067793
v 0.114232 0.311986 -0.046729
v 0.097030 0.345686 -0.189452
v 0.136618 0.303153 -0.097718
v 0.103717 0.285332 -0.205612
v 0.115217 0.249975 -0.117655
v 0.134404 0.220785 -0.101650
v 0.143377 0.321093 -0.024930
v 0.147143 0.074612 -0.031667
v 0.188457 0.211885 -0.300082
v 0.195398 -0.081956 -0.305307
v 0.146455 0.002856 -0.031200
v 0.148233 -0.014459 -0.049316
v 0.136991 -0.117566 -0.061050
v 0.106714 0.214563 -0.304634
v 0.091796 0.035916 -0.339828
v 0.117025 -0.085506 -0.317343
v 0.015769 0.010392 -0.060487
v 0.048840 -0.117916 -0.097141
v 0.020007 0.278763 -0.217423
v 0.014901 0.220471 -0.140501
v -0.018480 0.234634 -0.145368
v 0.125019 -0.236935 -0.336519
v -0.009640 -0.281583 -0.178531
v 0.009786 -0.109351 -0.159353
v 0.005433 0.004245 -0.129169
v -0.000738 0.077553 -0.060279
v -0.038139 0.142239 -0.173431
v -0.032089 0.200602 -0.278567
v -0.031117 0.138295 -0.265607
v 0.091408 0.171394 -0.093971
v 0.073609 0.274672 -0.206722
v -0.026326 0.125231 -0.282547
v 0.022868 0.209906 -0.292603
v 0.095042 -0.775903 -0.289580
v 0.061162 -0.763718 -0.242526
v 0.102200 -0.811201 -0.303556
v 0.066692 -1.141079 -0.347054
v -0.001479 -1.185516 -0.233410
v -0.042481 -1.187985 -0.194821
v -0.039699 -1.155050 -0.190670
v 0.011590 -0.762748 -0.338445
v -0.013409 -0.755066 -0.280918
v 0.006896 -0.896358 -0.386670
v -0.028610 -1.089727 -0.360957
v -0.091576 -1.141554 -0.278810
v -0.120019 -1.175864 -0.243378
v -0.117030 -1.151206 -0.239852
v 0.007948 -0.797003 -0.361264
v 0.001204 -0.805216 -0.238135
v -0.004820 -0.773114 -0.219978
v -0.040827 -1.139766 -0.241522
v 0.003920 -0.734436 -0.224507
v 0.043990 -1.125226 -0.401365
v -0.029272 -0.730029 -0.265653
v -0.064066 -1.169006 -0.331050
v 0.012929 -1.181244 -0.281008
v -0.119168 0.237786 -0.266160
v -0.124242 0.246476 -0.177134
v -0.129253 0.205791 -0.127886
v -0.123529 0.144668 -0.176371
v -0.113503 0.165747 -0.288664
v -0.115359 0.122087 -0.245716
v -0.241741 0.233591 -0.214359
v -0.242037 0.204057 -0.166109
v -0.239121 0.212463 -0.267873
v -0.230798 0.167277 -0.274846
v -0.232364 0.135612 -0.238992
v -0.239375 0.160746 -0.185751
v -0.055709 0.226773 -0.170972
v -0.063446 0.247640 -0.249130
v -0.052211 0.186261 -0.270068
v -0.040290 0.155207 -0.144079
v 0.100419 0.153100 -0.332539
v 0.014940 -0.587829 -0.325224
v -0.024583 -0.583024 -0.244326
v 0.012911 -0.601744 -0.193040
v 0.080639 -0.617963 -0.191298
v 0.132999 -0.619947 -0.261121
v 0.091651 -0.608137 -0.317932
v 0.470030 -0.003679 -0.149430
v 0.514759 0.021251 -0.171604
v 0.443735 -0.016917 -0.215891
v 0.427797 -0.028856 -0.176838
v 0.516402 0.029878 -0.216238
v 0.485733 0.011186 -0.245528
v 0.562915 -0.067626 -0.172927
v 0.532843 -0.072919 -0.164128
v 0.501344 -0.075306 -0.178017
v 0.504096 -0.090292 -0.207177
v 0.543666 -0.091591 -0.231994
v 0.591871 -0.090382 -0.132534
v 0.484754 -0.072947 -0.128623
v 0.596064 -0.107771 -0.180485
v 0.512118 -0.160054 0.079647
v 0.498089 -0.129796 0.071694
v 0.473154 -0.151602 0.055820
v 0.509467 -0.185181 0.066569
v 0.491709 -0.184200 0.054401
v 0.576874 -0.084655 -0.212679
v 0.578624 -0.148592 -0.170662
v 0.578311 -0.101417 -0.219799
v 0.445426 -0.147803 0.182934
v 0.448526 -0.224126 0.155386
v 0.426682 -0.220130 0.140619
v 0.418080 -0.116360 0.136816
v 0.395133 -0.072828 0.078184
v 0.347525 -0.102723 0.098429
v 0.367197 -0.122450 0.096400
v 0.353452 -0.094428 0.125125
v 0.366755 -0.112607 0.130315
v 0.397656 -0.146004 0.188380
v 0.413873 -0.234397 0.160591
v 0.468733 -0.205031 0.079144
v 0.451539 -0.138596 0.076243
v 0.463982 -0.096763 0.072692
v 0.485225 -0.109318 0.100986
v 0.506600 -0.166613 0.112321
v 0.496160 -0.210353 0.112382
v 0.457285 -0.117361 0.161066
v 0.400691 -0.119991 0.185480
v 0.413549 -0.090817 0.116746
v 0.404320 -0.064568 0.103605
v 0.401367 -0.118142 0.162190
v 0.424227 -0.157041 0.150707
v 0.400352 -0.151063 0.163337
v 0.357442 -0.154017 0.113137
v 0.356653 -0.123956 0.113613
v 0.386215 -0.241668 0.120559
v 0.373585 -0.120581 0.117343
v 0.377490 -0.156878 0.115185
v 0.386509 -0.161994 0.181595
v 0.340377 -0.156476 0.100844
v 0.358295 -0.151179 0.100892
v 0.386087 -0.157174 0.159620
v 0.382633 -0.119967 0.145783
v 0.361239 -0.122758 0.157930
v 0.359173 -0.149837 0.156745
v 0.380358 -0.153467 0.144056
v 0.403316 -0.234261 0.144170
v 0.360651 -0.155131 0.126773
v 0.342991 -0.160616 0.129026
v 0.388635 -0.242756 0.147316
v 0.417116 -0.102730 0.084391
v 0.449453 -0.183466 0.173878
v 0.368155 -0.217113 0.134353
v 0.357212 -0.204324 0.101837
v 0.368425 -0.186224 0.099652
v 0.382267 -0.206790 0.133114
v 0.402185 -0.207420 0.145731
v 0.398013 -0.234726 0.118970
v -0.342304 0.205194 -0.268237
v -0.335588 0.216431 -0.236529
v -0.321429 0.203013 -0.208523
v -0.330024 0.166818 -0.209212
v -0.358894 0.158154 -0.278201
v -0.390971 0.238203 -0.272790
v -0.352507 0.273340 -0.236631
v -0.356763 0.186281 -0.182954
v -0.395839 0.184546 -0.278203
v -0.493085 0.377568 -0.119764
v -0.471539 0.399545 -0.118224
v -0.458601 0.381872 -0.095075
v -0.492525 0.354375 -0.114275
v -0.482643 0.347001 -0.098855
v -0.347698 0.137356 -0.247635
v -0.375111 0.145923 -0.270693
v -0.557187 0.399511 -0.013476
v -0.492315 0.481970 -0.032548
v -0.522827 0.324584 -0.021414
v -0.467052 0.480762 -0.037784
v -0.466556 0.423374 -0.000659
v -0.495386 0.442634 0.023779
v -0.500647 0.426601 0.007984
v -0.532781 0.412531 0.026324
v -0.509782 0.325358 0.019691
v -0.479908 0.348044 -0.070770
v -0.466011 0.409977 -0.073823
v -0.475549 0.449144 -0.092768
v -0.507355 0.428321 -0.097122
v -0.517710 0.376691 -0.099463
v -0.510924 0.326792 -0.078527
v -0.550589 0.425901 -0.038187
v -0.535704 0.437082 0.017212
v -0.491620 0.478446 -0.010351
v -0.458606 0.473002 -0.010668
v -0.467477 0.453492 -0.044028
v -0.519747 0.438166 0.002053
v -0.514429 0.406482 0.009830
v -0.502336 0.335220 -0.003659
v -0.449871 0.411061 0.005827
v -0.453394 0.440568 0.001199
v -0.464815 0.326224 0.001034
v -0.477799 0.329392 -0.002351
v -0.520874 0.448625 -0.044170
v -0.467212 0.438405 0.022923
v -0.520940 0.404088 0.025785
v -0.446220 0.418496 -0.028760
v -0.464836 0.417768 -0.030180
v -0.498862 0.409067 0.015883
v -0.494212 0.440145 0.005158
v -0.488595 0.442542 0.028815
v -0.483002 0.416569 0.034534
v -0.487412 0.407942 0.011860
v -0.467370 0.416529 -0.003825
v -0.450211 0.417277 0.000416
v -0.468994 0.327701 0.027523
v -0.468127 0.440382 -0.008207
v -0.464912 0.403997 -0.005986
v -0.499150 0.458671 -0.030302
v -0.510700 0.433523 -0.020066
v -0.537274 0.346790 -0.016844
v -0.496701 0.375020 0.029859
v -0.463448 0.381448 -0.026824
v -0.468574 0.380852 0.000980
v -0.447538 0.367122 -0.020657
v -0.457372 0.353761 0.012680
v -0.501854 0.345046 0.023095
v -0.483173 0.331993 0.018692
v -0.493973 0.356325 0.009058
v -0.518946 0.395307 -0.014039
v 0.277565 0.218131 -0.280335
v 0.273159 -0.085881 -0.281242
v 0.280129 0.006957 -0.022842
v 0.256174 -0.008292 -0.042627
v 0.238079 -0.116587 -0.053252
v 0.345152 0.262163 -0.163718
v 0.393304 0.241826 -0.146860
v 0.338734 0.180659 -0.106878
v 0.341061 0.104714 -0.189483
v 0.356915 0.026662 -0.187449
v 0.348421 -0.258764 -0.186210
v 0.340163 -0.093120 -0.182889
v 0.309473 0.002052 -0.084786
v 0.297384 0.069707 -0.019868
v 0.339758 0.113544 -0.124730
v 0.346010 0.114846 -0.184589
v 0.383938 0.149616 -0.255621
v 0.231293 0.166395 -0.079383
v 0.384268 0.139445 -0.272236
v 0.367201 0.225728 -0.247317
v 0.458775 0.140610 -0.155860
v 0.390781 0.098509 -0.127810
v 0.355157 0.064237 -0.149805
v 0.384105 0.076483 -0.222356
v 0.469621 0.145392 -0.231638
v 0.432349 0.114961 -0.267133
v 0.418410 0.189948 -0.153179
v 0.413559 0.196625 -0.220706
v 0.273612 0.145503 -0.310746
v 0.359262 -0.602692 -0.184164
v 0.343217 -0.584968 -0.097286
v 0.281864 -0.597786 -0.076818
v 0.225472 -0.616028 -0.113235
v 0.224660 -0.629887 -0.199043
v 0.292140 -0.624658 -0.221313
v 0.261502 0.451033 -0.055271
v 0.238528 0.450581 -0.043187
v 0.260884 0.476371 -0.055571
v 0.237977 0.475932 -0.043522
v 0.252560 0.476759 -0.079017
v 0.229652 0.476320 -0.066969
v 0.253152 0.451474 -0.078786
v 0.230178 0.451022 -0.066702
v 0.155103 0.449496 -0.024614
v 0.180987 0.449751 -0.026607
v 0.154791 0.474839 -0.025002
v 0.180600 0.475103 -0.026990
v 0.149352 0.475269 -0.049280
v 0.175161 0.475533 -0.051268
v 0.149649 0.449979 -0.048964
v 0.175532 0.450233 -0.050957
v 0.299200 0.469451 -0.061973
v 0.211735 0.463536 -0.027365
v 0.206002 0.491008 -0.045885
v 0.301871 0.458023 -0.087494
v 0.303694 0.498357 -0.087373
v 0.297131 0.496318 -0.062799
v 0.210821 0.486136 -0.029405
v 0.206315 0.454502 -0.046630
v 0.119141 0.466851 -0.010092
v 0.101054 0.495430 -0.028986
v 0.103609 0.455160 -0.030369
v 0.119737 0.493757 -0.011686
v -0.027532 -1.130818 -0.269744
v -0.033614 -1.162072 -0.386506
v 0.033242 -1.125915 -0.293447
v -0.000713 -1.037688 -0.303687
v -0.028947 -0.993007 -0.339793
v -0.016880 -0.976995 -0.367229
v 0.003847 -0.992327 -0.396994
v 0.060877 -0.951420 -0.383346
v 0.047458 -1.044395 -0.293393
v 0.097630 -0.948937 -0.337812
v 0.070075 -1.104819 -0.364408
v 0.053790 -0.852699 -0.250070
v -0.001258 -0.840303 -0.368784
v 0.102427 -0.845754 -0.302710
v 0.000266 -0.957210 -0.282128
v 0.001098 -0.910989 -0.269993
v 0.050052 -0.950177 -0.270192
v -0.013669 -0.863177 -0.344319
v 0.081769 -0.868857 -0.280931
v 0.053438 -1.035686 -0.394136
v 0.064205 -1.052580 -0.381918
v 0.027370 -0.838589 -0.364208
v 0.059231 -0.816821 -0.242796
v -0.002660 -1.201977 -0.243252
v -0.096919 -1.187124 -0.301399
v -0.041187 -1.204078 -0.194150
v -0.124659 -1.190746 -0.246877
v -0.006993 -1.091939 -0.307988
v 0.046252 -1.102044 -0.309107
v 0.053291 -1.000372 -0.283721
v 0.015595 -1.063271 -0.300917
v -0.022858 -0.804419 -0.297661
v -0.074648 -1.168157 -0.332953
v -0.101585 -1.169747 -0.296034
v 0.089927 -0.996968 -0.342636
v 0.079484 -0.974852 -0.310111
v 0.071886 -1.018310 -0.316709
v 0.020341 -1.183001 -0.272922
v -0.011263 -1.146950 -0.228627
v 0.064255 -0.892204 -0.373092
v 0.102308 -0.897438 -0.326607
v 0.084005 -0.927833 -0.356858
v -0.042737 -1.113028 -0.348285
v 0.088513 -0.840775 -0.326466
v 0.075554 -1.192947 -0.384192
v -0.000638 -1.180739 -0.432624
v 0.072279 -1.174845 -0.384426
v 0.051978 -1.176827 -0.330761
v 0.004693 -1.163158 -0.426386
v -0.072257 -1.132308 -0.305711
v -0.032587 -1.123950 -0.263044
v 0.005172 -1.137780 -0.252566
v -0.015826 -1.059438 -0.323815
v 0.038019 -0.926402 -0.387318
v -0.029569 -1.030913 -0.344708
v -0.016446 -1.005819 -0.371219
v 0.075585 -1.075498 -0.358683
v 0.052000 -0.912179 -0.261297
v -0.016923 -1.124400 -0.398870
v 0.070260 -1.130780 -0.367972
v 0.047387 -1.094519 -0.399404
v 0.002166 -1.119433 -0.410924
v 0.006033 -1.091604 -0.406976
v 0.002098 -0.843580 -0.252155
v -0.023281 -0.845032 -0.302445
v 0.006274 -0.951927 -0.394899
v -0.027326 -0.943863 -0.324024
v -0.015814 -0.927667 -0.297032
v 0.025544 -0.934406 -0.268034
v -0.025916 -0.899479 -0.314281
v 0.005853 -1.034948 -0.402813
v 0.031399 -1.049046 -0.401843
v 0.050910 -1.063110 -0.396868
v 0.002874 -1.065614 -0.403472
v 0.083493 -1.037990 -0.353220
v 0.263858 -0.789918 -0.177103
v 0.262083 -0.817994 -0.110660
v 0.292450 -1.107413 -0.075753
v 0.307166 -1.189169 -0.138256
v 0.271879 -0.919826 -0.177552
v 0.387435 -1.185490 -0.135499
v 0.402724 -1.178945 0.032142
v 0.360636 -0.781213 -0.167986
v 0.346777 -0.760403 -0.109606
v 0.385692 -1.154295 0.084551
v 0.361119 -0.810858 -0.106783
v 0.394134 -1.144333 -0.104001
v 0.302675 -0.769126 -0.063596
v 0.335007 -1.092052 -0.046956
v 0.293285 -1.143100 0.035379
v 0.294183 -1.148643 0.081877
v 0.300369 -0.732759 -0.078008
v 0.330458 -0.922884 -0.191454
v 0.351959 -0.732720 -0.091793
v 0.263627 -0.766564 -0.122266
v 0.390175 -1.178599 -0.017243
v 0.297712 -1.182484 -0.019156
v 0.385461 -1.134675 0.004727
v 0.328949 -1.129334 0.006948
v 0.292060 -1.134332 0.003504
v 0.386319 -1.120385 -0.051123
v 0.293949 -1.184556 -0.082242
v 0.386409 -0.977977 -0.153427
v 0.353173 -1.063474 -0.063213
v 0.378620 -1.039797 -0.078261
v 0.385782 -1.023540 -0.112761
v 0.314058 -1.064781 -0.063449
v 0.282322 -1.029959 -0.117381
v 0.285362 -1.014422 -0.148452
v 0.275387 -0.987375 -0.129572
v 0.278132 -1.003669 -0.088963
v 0.344899 -1.115784 -0.146413
v 0.382607 -1.112783 -0.129494
v 0.303021 -0.953574 -0.178672
v 0.310999 -0.839391 -0.074806
v 0.361306 -0.850831 -0.097762
v 0.357972 -0.955092 -0.175005
v 0.370564 -0.950988 -0.086333
v 0.346312 -0.929904 -0.076755
v 0.366674 -0.905979 -0.091160
v 0.295479 -0.933414 -0.077527
v 0.271882 -0.912965 -0.093865
v 0.385687 -1.058199 -0.136484
v 0.343412 -1.086236 -0.152302
v 0.363099 -1.072771 -0.147845
v 0.385834 -1.087787 -0.128858
v 0.299953 -1.090938 -0.132372
v 0.293836 -1.054750 -0.141852
v 0.286612 -0.864137 -0.183391
v 0.261205 -0.863868 -0.173566
v 0.263266 -0.878958 -0.139926
v 0.399148 -1.196852 0.023836
v 0.287778 -1.200309 0.021328
v 0.292149 -1.197720 0.083940
v 0.391701 -1.194688 0.086358
v 0.292345 -1.127043 -0.049319
v 0.330553 -1.039058 -0.062466
v 0.285408 -1.047820 -0.081550
v 0.383853 -0.864650 -0.163227
v 0.375072 -0.821034 -0.174855
v 0.387345 -1.149580 0.039480
v 0.400078 -1.178655 -0.013092
v 0.286943 -1.183064 -0.016647
v 0.283016 -1.182722 0.027762
v 0.335853 -0.979633 -0.177069
v 0.279481 -0.969377 -0.164579
v 0.383564 -1.100688 -0.075972
v 0.264288 -0.830121 -0.183144
v 0.358476 -0.865153 -0.176468
v 0.302124 -1.206410 -0.138912
v 0.393164 -1.203610 -0.136928
v 0.294926 -1.152648 -0.108464
v 0.295291 -1.181912 0.082773
v 0.387505 -1.179304 0.085387
v 0.397089 -1.179680 -0.080286
v 0.328549 -1.133246 0.036696
v 0.329996 -1.121634 0.014382
v 0.384142 -0.924061 -0.166880
v 0.377833 -1.002114 -0.084662
v 0.386936 -1.016299 -0.141553
v 0.385842 -0.994754 -0.117186
v 0.305157 -1.119742 -0.129658
v 0.268058 -0.853387 -0.102478
v 0.304465 -1.144952 -0.128373
v 0.345659 -1.146003 -0.141128
v 0.385636 -1.141134 -0.125707
v 0.306473 -0.801862 -0.075508
v 0.377629 -0.879510 -0.132497
v 0.322490 -0.956316 -0.067349
v 0.317799 -0.908840 -0.070517
v 0.276111 -0.951614 -0.089707
v 0.341819 -1.059632 -0.157931
v 0.323808 -1.072988 -0.150575
v 0.092954 -0.697339 -0.381654
v 0.123014 -0.516181 -0.351172
v 0.005418 -0.487619 -0.349560
v -0.094197 -0.608174 -0.237375
v -0.065848 -0.490792 -0.221448
v 0.015588 -0.350992 -0.327195
v -0.035950 -0.366779 -0.199669
v 0.135879 -0.396620 -0.364224
v 0.217586 -0.316906 -0.346903
v 0.126797 -0.300183 -0.363403
v -0.101241 -0.683425 -0.248173
v 0.422112 -0.688777 -0.199215
v 0.284460 -0.542411 -0.282967
v 0.386758 -0.505575 -0.217131
v 0.392268 -0.599204 -0.047443
v 0.372106 -0.366622 -0.220503
v 0.346308 -0.363885 -0.091980
v 0.302251 -0.306492 -0.312749
v 0.297389 -0.706412 0.007408
v 0.401826 -0.681663 -0.041114
v 0.283400 -0.414222 -0.321797
v 0.197063 -0.707626 0.001846
v 0.160505 -0.700181 -0.325062
v 0.167747 -0.524182 -0.317970
v 0.173619 -0.400522 -0.339287
v 0.208363 -0.195718 -0.307435
v 0.284144 -0.200447 -0.283326
v 0.338377 -0.208699 -0.171682
v 0.295829 -0.235090 -0.085951
v 0.212451 -0.243203 -0.055767
v 0.062230 -0.242008 -0.102111
v 0.008500 -0.232701 -0.168352
v 0.132422 -0.198658 -0.329182
v 0.211739 -0.200630 -0.318535
v 0.211927 -0.237013 -0.321961
v 0.051439 -0.247141 -0.095110
v 0.043418 -0.297426 -0.100750
v -0.006913 -0.235296 -0.170809
v 0.017183 -0.212439 -0.273257
v 0.016835 -0.250544 -0.276654
v 0.289313 -0.242513 -0.287505
v 0.217788 -0.248428 -0.044320
v 0.226003 -0.300903 -0.046249
v 0.347149 -0.216235 -0.174602
v 0.310186 -0.238092 -0.079299
v 0.317634 -0.287521 -0.092114
v 0.303439 -0.108949 -0.096202
v 0.265761 -0.103141 -0.060865
v 0.135761 -0.105991 -0.048944
v 0.045027 -0.107096 -0.083258
v 0.012284 -0.092570 -0.251945
v 0.297729 -0.223573 -0.075255
v 0.212610 -0.231045 -0.043376
v 0.130503 -0.234613 -0.056690
v 0.054563 -0.231083 -0.092841
v 0.000786 -0.222149 -0.161418
v 0.023085 -0.205045 -0.266406
v -0.012856 0.015998 -0.131476
v 0.288781 0.035556 -0.311079
v 0.325500 0.012512 -0.081680
v -0.024179 0.275294 -0.240644
v -0.021791 0.201612 -0.293966
v -0.028279 0.140551 -0.117934
v 0.337346 0.191965 -0.096044
v 0.336635 0.122860 -0.117418
v 0.411247 0.219699 -0.236573
v 0.109438 0.261160 -0.246180
v 0.172347 0.251747 -0.266173
v 0.251682 0.261679 -0.223934
v 0.153704 0.142665 -0.060083
v 0.243753 0.162561 -0.069112
v 0.270304 0.212417 -0.113047
v 0.284964 0.269229 -0.197660
v 0.261799 0.264081 -0.234833
v 0.102094 0.265209 -0.258853
v 0.060362 0.281029 -0.215099
v 0.065040 0.218899 -0.130674
v 0.074107 0.169575 -0.089173
v -0.225453 0.225574 -0.286038
v -0.215724 0.155798 -0.299369
v -0.219494 0.108278 -0.246736
v -0.230100 0.144632 -0.167459
v -0.233138 0.211560 -0.134123
v -0.230672 0.255111 -0.204353
v 0.457782 0.005766 -0.127690
v 0.524876 0.044614 -0.160736
v 0.530315 0.054943 -0.230584
v 0.485448 0.024231 -0.274127
v 0.423664 -0.018049 -0.229695
v 0.397435 -0.033034 -0.166116
v 0.106834 0.263250 -0.106414
v 0.076584 0.236347 -0.123868
v 0.090167 0.186777 -0.079718
v 0.077157 0.297430 -0.205382
v 0.123044 0.220003 -0.081211
v 0.156212 0.172851 -0.067371
v 0.247790 0.260992 -0.123365
v 0.229052 0.181918 -0.064418
v 0.263710 0.233031 -0.116720
v 0.286375 0.282165 -0.182344
v 0.262403 0.300727 -0.203861
v 0.199240 0.216310 -0.072651
v 0.109134 0.286064 -0.256233
v 0.153057 0.297781 -0.269246
v 0.172031 0.270640 -0.267440
v 0.256935 0.283277 -0.236023
v 0.138329 0.162597 -0.067307
v 0.173513 0.161472 -0.062725
v 0.164989 0.182761 -0.078420
v 0.011056 -0.062900 -0.252973
v 0.113267 -0.051256 -0.322864
v 0.346781 -0.063452 -0.189623
v 0.028816 -0.178527 -0.272133
v 0.131711 -0.167161 -0.331157
v 0.206535 -0.165447 -0.308344
v 0.337212 -0.179143 -0.177673
v 0.337218 -0.138560 -0.182770
v 0.349242 -0.023155 -0.192416
v -0.001517 -0.023251 -0.247146
v 0.104259 -0.014630 -0.329065
v 0.281142 -0.016961 -0.300393
v 0.019378 -0.139156 -0.266292
v 0.200376 -0.122874 -0.308757
v 0.276652 -0.127580 -0.288298
v 0.005125 -0.061967 -0.273548
v 0.107221 -0.052179 -0.329985
v -0.004209 -0.027217 -0.269322
v 0.106124 -0.019846 -0.338633
v 0.195526 -0.052357 -0.320460
v 0.282081 -0.052793 -0.289203
v 0.359570 -0.027012 -0.209819
v 0.358206 -0.062433 -0.209378
v 0.119202 -0.128460 -0.327184
v 0.203551 -0.124753 -0.320340
v 0.209419 -0.162417 -0.319870
v 0.287528 -0.168058 -0.280102
v 0.026436 -0.175278 -0.293340
v 0.018710 -0.140713 -0.289473
v 0.350564 -0.140009 -0.199724
v 0.354469 -0.176507 -0.192053
v -0.001566 -0.064723 -0.253841
v 0.361756 -0.024588 -0.189833
v 0.016181 -0.178784 -0.274425
v 0.348991 -0.179336 -0.172826
v 0.349246 -0.138697 -0.178793
v 0.241309 -0.732221 -0.278273
v 0.045210 -0.734904 -0.111227
v -0.023160 -0.667236 -0.386875
v -0.044503 -0.721418 -0.150061
v 0.326205 -0.720443 -0.259604
v 0.504215 -0.117575 0.074686
v 0.526489 -0.155989 0.080835
v 0.473897 -0.135178 -0.054302
v 0.473075 -0.117343 0.061701
v 0.551547 -0.169607 -0.031482
v 0.522115 -0.191730 0.064754
v 0.502031 -0.173721 -0.053462
v 0.491031 -0.194488 0.048933
v 0.544343 -0.059876 -0.109750
v 0.546718 -0.129717 -0.206908
v 0.600651 -0.089396 -0.123063
v -0.465378 0.405699 -0.127139
v -0.371779 0.325611 -0.138309
v -0.449681 0.406876 -0.106226
v -0.405043 0.286491 -0.126533
v -0.476151 0.285346 -0.183596
v -0.449885 0.263941 -0.139859
v -0.503033 0.348706 -0.120939
v -0.331210 0.249601 -0.180914
v -0.388021 0.152511 -0.227428
v -0.428483 0.179977 -0.241133
v 0.467374 -0.126633 -0.041157
v 0.494261 -0.114845 -0.177629
v 0.499425 -0.125110 -0.184450
v 0.470177 -0.162636 0.050030
v -0.366877 0.175772 -0.183942
v -0.416305 0.281757 -0.123693
v -0.459744 0.368935 -0.091755
v 0.560425 -0.118731 -0.015615
v 0.524138 -0.084878 -0.016525
v 0.470404 -0.083712 -0.025911
v 0.513056 -0.118528 0.054057
v 0.545551 -0.069571 -0.097683
v 0.610872 -0.110755 -0.176999
v -0.445906 0.325390 -0.202607
v -0.497203 0.382178 -0.133353
v -0.401875 0.337654 -0.183071
v -0.491389 0.346086 -0.142217
v -0.366512 0.278636 -0.229564
v -0.406436 0.185671 -0.289395
v -0.396823 0.247821 -0.279536
v -0.008007 0.032613 -0.241801
v -0.005623 0.021068 -0.237889
v 0.351531 0.027309 -0.194406
v 0.104680 -0.245491 -0.079532
v 0.096869 -0.306056 -0.073244
v 0.097980 -0.310439 -0.087782
v 0.163905 -0.315766 -0.066549
v 0.164361 -0.248926 -0.048906
v 0.166427 -0.245444 -0.061885
v 0.128087 -0.245285 -0.049187
v 0.098013 -0.248283 -0.069273
v 0.129074 -0.312467 -0.054738
v 0.166644 -0.306474 -0.052343
v 0.080537 0.006684 -0.045768
v 0.056487 0.030307 -0.050300
v 0.045134 -0.005705 -0.073521
v 0.194489 -0.106192 -0.044810
v 0.245858 -0.086403 -0.043734
v 0.356721 0.236575 -0.272602
v 0.402415 0.144590 -0.289651
v 0.328405 0.163319 -0.286297
v 0.326905 0.202849 -0.061435
v 0.329588 0.204166 -0.043147
v 0.384405 0.146376 -0.062940
v 0.349733 0.230118 -0.254497
v 0.451258 0.176445 -0.249434
v 0.376901 0.301728 -0.179688
v 0.490513 0.212050 -0.167830
v 0.367192 0.282235 -0.202522
v 0.367137 0.288393 -0.107369
v 0.474391 0.198574 -0.112030
v 0.438608 0.173487 -0.077813
v 0.358621 0.273483 -0.115405
v 0.475808 0.193863 -0.212497
v 0.371675 0.280466 -0.231943
v 0.295999 0.127171 -0.053321
v 0.344909 0.088939 -0.092613
v 0.337106 0.092683 -0.070099
v 0.298505 0.127605 -0.033439
v 0.395999 0.136791 -0.272589
v 0.321397 0.157508 -0.268103
v 0.271114 0.242087 -0.305264
v 0.364892 0.146652 -0.307655
v 0.265279 0.151772 -0.318711
v 0.309069 0.172472 -0.317184
v 0.300245 0.190756 -0.310743
v 0.331747 0.172849 -0.315478
v 0.339147 0.192190 -0.311113
v 0.319725 0.205424 -0.310406
v 0.303219 0.192239 -0.320657
v 0.233910 0.200239 -0.055043
v 0.235905 0.203200 -0.033276
v 0.373767 0.198412 -0.028507
v 0.263830 0.233000 -0.283852
v 0.411902 0.224015 -0.270656
v 0.266149 0.322924 -0.197887
v 0.433588 0.317580 -0.180533
v 0.260545 0.301345 -0.201598
v 0.257990 0.313177 -0.128880
v 0.424280 0.306714 -0.108621
v 0.252384 0.291598 -0.132591
v 0.249267 0.271009 -0.079040
v 0.394192 0.255425 -0.069306
v 0.245982 0.260208 -0.096338
v 0.263646 0.281307 -0.245722
v 0.429585 0.272924 -0.230288
v 0.270529 0.296406 -0.258851
v 0.238061 0.110479 -0.040570
v 0.355220 0.097870 -0.048850
v 0.340683 0.103797 -0.024780
v 0.239873 0.113225 -0.016790
v 0.381648 0.131518 -0.285848
v 0.258797 0.142736 -0.297197
v 0.274610 0.130319 -0.022291
v 0.266709 0.150446 -0.024637
v 0.286013 0.165608 -0.026623
v 0.306305 0.151789 -0.024586
v 0.297688 0.132462 -0.017323
v 0.275745 0.132649 -0.011707
v 0.304551 0.152162 -0.013792
v 0.286108 0.164722 -0.015644
v 0.268569 0.150936 -0.013863
v 0.484618 0.196155 -0.174862
v 0.480934 0.208230 -0.221098
v 0.468574 0.182769 -0.118969
v 0.442527 0.165611 -0.095357
v 0.401817 0.137026 -0.082420
v 0.395661 0.138025 -0.058795
v 0.453355 0.188632 -0.265820
v 0.438855 0.293616 -0.183503
v 0.423585 0.289370 -0.246578
v 0.429926 0.283084 -0.110522
v 0.411653 0.251325 -0.075956
v 0.385671 0.192958 -0.050608
v 0.404774 0.235919 -0.293278
v 0.379464 0.139129 -0.312440
v 0.019256 0.263033 -0.309644
v -0.075085 0.201187 -0.322253
v 0.045570 0.188848 -0.322291
v -0.007129 0.212472 -0.101401
v -0.108313 0.203309 -0.136739
v -0.014241 0.212733 -0.084292
v -0.090936 0.211347 -0.128341
v 0.021055 0.254794 -0.291012
v -0.019624 0.323020 -0.219228
v -0.136127 0.249157 -0.257186
v -0.028110 0.310278 -0.162140
v -0.144467 0.252052 -0.201148
v -0.019618 0.288099 -0.154228
v -0.024843 0.271869 -0.121488
v -0.132522 0.237114 -0.168444
v -0.006432 0.305093 -0.239534
v -0.111510 0.242837 -0.299102
v -0.002732 0.305072 -0.270243
v 0.016052 0.134160 -0.092569
v -0.052923 0.153393 -0.094476
v 0.008657 0.133418 -0.073954
v 0.047407 0.181244 -0.303512
v 0.110498 0.263840 -0.319645
v -0.021999 0.267704 -0.341478
v 0.014680 0.176710 -0.353335
v 0.113991 0.174497 -0.339068
v 0.080598 0.215540 -0.336574
v 0.062594 0.231679 -0.339759
v 0.043203 0.220142 -0.346372
v 0.050266 0.200614 -0.350452
v 0.072576 0.198521 -0.346556
v 0.080310 0.217941 -0.346747
v 0.080929 0.201902 -0.072592
v -0.067229 0.206655 -0.106262
v 0.073706 0.203502 -0.051811
v 0.111591 0.252733 -0.297976
v 0.093227 0.336385 -0.207716
v -0.079002 0.320237 -0.238853
v 0.098254 0.314732 -0.211802
v 0.087940 0.300781 -0.143909
v -0.089374 0.303994 -0.167130
v 0.078467 0.297936 -0.110269
v -0.082045 0.268384 -0.131988
v 0.083324 0.265365 -0.110194
v 0.105131 0.298112 -0.256908
v -0.048646 0.319143 -0.296359
v 0.102710 0.314591 -0.269958
v 0.067788 0.111988 -0.067469
v 0.060222 0.113219 -0.044718
v 0.114287 0.163498 -0.317493
v 0.029099 0.133410 -0.057080
v 0.038553 0.152945 -0.055647
v 0.021333 0.169721 -0.060988
v 0.000376 0.157483 -0.065216
v 0.005689 0.137067 -0.057771
v 0.025483 0.135087 -0.046938
v -0.000622 0.156966 -0.054332
v 0.018426 0.168089 -0.050490
v 0.034075 0.152837 -0.045661
v -0.138783 0.268410 -0.257746
v -0.114908 0.231126 -0.285709
v -0.145942 0.271237 -0.202332
v -0.132611 0.250625 -0.156284
v -0.106173 0.207373 -0.122450
v -0.083781 0.195145 -0.303940
v -0.066257 0.145382 -0.090770
v -0.062674 0.140824 -0.114393
v -0.036540 0.128653 -0.295234
v -0.032142 0.134304 -0.314288
v -0.072913 0.343045 -0.233678
v -0.059545 0.302149 -0.283543
v -0.083332 0.327453 -0.161405
v -0.076255 0.277694 -0.110684
v -0.060863 0.209122 -0.081382
v -0.035302 0.254879 -0.322430
v -0.035717 0.112563 -0.078043
v -0.044066 0.109513 -0.105371
v -0.007916 0.161510 -0.337724
v 0.001348 0.170740 -0.362194
v 0.342277 0.266436 -0.068740
v 0.407013 0.275568 -0.071174
v 0.395231 0.249416 -0.051138
v 0.008700 0.322916 -0.150639
v 0.085932 0.325431 -0.158642
v -0.111991 0.221477 -0.127592
v -0.079915 0.210228 -0.116003
v 0.458721 -0.290051 0.086146
v 0.451973 -0.290503 0.098453
v 0.450853 -0.304592 0.091445
v 0.460879 -0.312726 0.098251
v 0.468437 -0.308131 0.087481
v 0.472571 -0.294828 0.087040
v 0.469145 -0.286121 0.097369
v 0.461586 -0.290716 0.108138
v 0.457453 -0.304018 0.108579
v 0.470557 -0.271600 0.086215
v 0.447174 -0.284441 0.117873
v 0.442015 -0.066295 0.153779
v 0.419572 -0.079937 0.185754
v 0.469132 -0.310137 0.068772
v 0.447483 -0.324029 0.101198
v 0.430193 -0.026042 0.162656
v 0.407283 -0.039425 0.194414
v 0.401625 -0.073106 0.122524
v 0.376868 -0.090142 0.151427
v 0.425363 -0.256178 0.061074
v 0.403730 -0.268894 0.094014
v 0.456575 -0.078094 0.158964
v 0.434132 -0.091737 0.190939
v 0.390167 -0.097773 0.157505
v 0.411247 -0.086025 0.123765
v 0.411187 -0.259552 0.103233
v 0.435539 -0.248061 0.071680
v 0.458430 -0.274670 0.129942
v 0.480873 -0.261027 0.097967
v 0.460434 -0.307125 0.117501
v 0.482877 -0.293482 0.085526
v 0.424592 -0.054772 0.200015
v 0.447035 -0.041129 0.168040
v 0.437693 -0.019866 0.170555
v 0.415250 -0.033508 0.202530
v 0.457119 -0.331100 0.104945
v 0.479562 -0.317457 0.072969
v 0.415497 -0.049063 0.175865
v 0.423009 -0.048266 0.165354
v 0.425154 -0.061029 0.165560
v 0.417129 -0.061902 0.175679
v 0.423166 -0.044539 0.186208
v 0.430725 -0.039944 0.175438
v 0.437996 -0.048953 0.167680
v 0.437707 -0.062558 0.170691
v 0.430149 -0.067152 0.181460
v 0.422878 -0.058143 0.189218
v 0.530194 -0.289257 -0.051161
v 0.521370 -0.298983 -0.040123
v 0.519311 -0.285178 -0.030122
v 0.528635 -0.275599 -0.040898
v 0.543781 -0.302968 -0.045954
v 0.533777 -0.309049 -0.031701
v 0.529244 -0.297525 -0.018032
v 0.534714 -0.279921 -0.018616
v 0.544717 -0.273839 -0.032868
v 0.549251 -0.285363 -0.046537
v 0.514992 -0.272010 -0.004809
v 0.545927 -0.254636 -0.046553
v 0.478462 -0.001359 0.085028
v 0.508164 0.016697 0.042711
v 0.515425 -0.324026 -0.026699
v 0.544052 -0.306017 -0.069791
v 0.491901 0.070313 0.054172
v 0.462817 0.051914 0.096777
v 0.434260 -0.005080 0.052417
v 0.419904 -0.025031 0.033827
v 0.449606 -0.006976 -0.008490
v 0.463962 0.012976 0.010099
v 0.449939 -0.238624 -0.036224
v 0.470048 -0.261283 -0.031779
v 0.499750 -0.243228 -0.074097
v 0.479642 -0.220568 -0.078542
v 0.497732 -0.016975 0.091891
v 0.527434 0.001081 0.049573
v 0.438118 -0.025725 0.046315
v 0.468606 -0.008579 0.004161
v 0.469892 -0.241917 -0.023625
v 0.497067 -0.221014 -0.066502
v 0.559591 -0.241023 -0.031154
v 0.529889 -0.259078 0.011164
v 0.562243 -0.283974 -0.047619
v 0.532541 -0.302030 -0.005301
v 0.514809 0.050002 0.061585
v 0.485106 0.031947 0.103902
v 0.472742 0.060088 0.107231
v 0.502444 0.078144 0.064913
v 0.557856 -0.315705 -0.064237
v 0.528154 -0.333761 -0.021919
v 0.475892 0.044126 0.066424
v 0.476525 0.021554 0.069996
v 0.487293 0.029748 0.054810
v 0.493870 0.051965 0.070453
v 0.483867 0.045884 0.084706
v 0.483485 0.027879 0.088691
v 0.493107 0.015955 0.078423
v 0.503111 0.022037 0.064170
v 0.503493 0.040041 0.060185
v 0.204952 -0.275586 0.338530
v 0.619190 -0.021926 -0.253052
v 0.325301 -0.235647 0.268354
v 0.596013 -0.071084 -0.117340
v 0.552075 -0.175412 0.014001
v 0.559842 0.154896 -0.161169
v 0.196476 -0.072553 0.358813
v 0.561833 0.037575 -0.054826
v 0.492911 0.094626 0.055498
v 0.324770 -0.106533 0.282927
v 0.482818 -0.058481 0.131545
v 0.313097 0.157002 0.237371
v 0.357915 0.116354 0.217944
v 0.411474 0.127253 0.160717
v 0.441293 0.167039 0.099152
v 0.424590 0.224777 0.078522
v 0.368470 0.018980 0.232794
v 0.270560 0.098083 0.285886
v 0.192485 -0.290246 0.374375
v 0.216160 -0.278899 0.353437
v 0.660651 0.011337 -0.340933
v 0.651610 0.000913 -0.313025
v 0.316758 -0.246124 0.296637
v 0.632319 -0.025920 -0.239480
v 0.619951 -0.061816 -0.135334
v 0.414014 -0.208547 0.223761
v 0.585293 -0.103878 -0.020782
v 0.473711 0.326661 -0.024122
v 0.473000 0.298090 -0.011390
v 0.588322 0.197791 -0.198654
v 0.387385 0.318476 0.113623
v 0.396503 0.296283 0.116776
v 0.194579 -0.072173 0.395417
v 0.218665 -0.078651 0.373233
v 0.290903 0.117269 0.289821
v 0.583878 0.143359 -0.147101
v 0.473629 0.228346 0.029485
v 0.509925 0.153654 0.027990
v 0.581132 0.057461 -0.063229
v 0.318559 -0.102154 0.310869
v 0.331305 0.045073 0.282477
v 0.523922 -0.001452 0.082503
v 0.562844 -0.036851 0.019863
v 0.460332 0.059446 0.164589
v 0.478427 -0.007576 0.150212
v 0.438549 -0.053582 0.204847
v 0.414973 -0.127143 0.231769
v 0.347937 0.072193 0.268434
v 0.381019 0.118164 0.233059
v 0.376602 0.041780 0.229347
v 0.485215 0.107804 0.074602
v 0.495302 0.161774 0.058477
v 0.432845 0.224472 0.098427
v 0.333289 0.163953 0.240268
v 0.421223 0.227684 0.121115
v 0.481585 0.259615 0.009748
v 0.231438 0.151248 0.332772
v 0.308021 0.242483 0.242863
v 0.157814 -0.063911 0.414708
v 0.158411 -0.298898 0.389655
v 0.293693 0.261521 0.247111
v 0.210841 0.166865 0.350400
v 0.138164 -0.058607 0.432624
v 0.135011 -0.308194 0.407967
v 0.346374 0.182184 0.227756
v 0.662119 0.003412 -0.316141
v 0.480121 0.306362 -0.008690
v 0.597592 0.204096 -0.199452
v 0.214304 -0.283898 0.367884
v 0.267059 0.130319 0.314895
v 0.216936 -0.076518 0.388356
v 0.288379 0.124065 0.309220
v 0.333725 0.171543 0.258510
v 0.333531 0.203505 0.232484
v 0.412251 0.251394 0.120280
v 0.588748 0.178462 -0.165112
v 0.595080 0.153352 -0.150402
v 0.648979 -0.012939 -0.278217
v 0.651005 -0.018432 -0.254302
v 0.233675 0.156549 0.342431
v 0.158707 -0.062698 0.425846
v 0.159231 -0.302288 0.400343
v 0.490549 0.216955 0.002672
v 0.279467 0.088641 0.303408
v 0.388895 0.001810 0.242160
v 0.465355 0.022289 0.153750
v 0.515139 0.079884 0.062453
v 0.472272 0.034198 0.163686
v 0.395166 0.042678 0.244487
v 0.395462 0.015947 0.250326
v 0.351123 0.072295 0.281618
v 0.339290 0.054450 0.289572
v 0.507628 0.167433 0.058640
v 0.497649 0.235025 0.008989
v 0.486420 0.244452 0.027064
v 0.281222 0.103461 0.317340
v 0.316279 0.145125 0.260897
v 0.373540 0.089184 0.234321
v 0.433940 0.104303 0.166693
v 0.471170 0.148532 0.095223
v 0.449868 0.226332 0.070568
v 0.432610 0.131657 0.177430
v 0.444462 0.110525 0.176734
v 0.462827 0.167894 0.116505
v 0.480708 0.153608 0.106591
v 0.445601 0.239551 0.099116
v 0.455365 0.241946 0.082778
v 0.385180 0.095537 0.242694
v 0.323193 0.161600 0.271089
v 0.617005 -0.229211 -0.272534
v 0.548957 -0.420740 -0.206758
v 0.594662 -0.199772 -0.130874
v 0.359425 -0.342770 0.204277
v 0.499832 -0.365539 0.012475
v 0.454789 -0.234667 0.152963
v 0.509825 -0.473655 -0.115695
v 0.408945 -0.524611 0.013824
v 0.440462 -0.470661 0.025422
v 0.488262 -0.431800 -0.023917
v 0.523840 -0.419977 -0.093370
v 0.520439 -0.456835 -0.145025
v 0.427124 -0.402577 0.094809
v 0.552162 -0.326568 -0.083337
v 0.357454 -0.536970 0.068162
v 0.657526 -0.238252 -0.365573
v 0.584855 -0.463725 -0.283344
v 0.578083 -0.449194 -0.256476
v 0.649016 -0.233824 -0.340210
v 0.510786 -0.559071 -0.174185
v 0.250420 -0.468324 0.265898
v 0.270154 -0.444802 0.253146
v 0.381910 -0.529908 0.077567
v 0.638573 -0.227414 -0.268707
v 0.564635 -0.418831 -0.182769
v 0.580903 -0.351088 -0.137550
v 0.618150 -0.205786 -0.149566
v 0.372171 -0.372634 0.205421
v 0.402282 -0.459670 0.116937
v 0.560174 -0.259248 -0.002046
v 0.583774 -0.185690 -0.028951
v 0.520286 -0.305254 0.052583
v 0.474800 -0.311378 0.120298
v 0.435903 -0.275982 0.182954
v 0.423947 -0.468343 0.091155
v 0.513038 -0.440300 -0.010153
v 0.440822 -0.414906 0.079568
v 0.549434 -0.348882 -0.075177
v 0.546251 -0.425363 -0.078065
v 0.571312 -0.378761 -0.118801
v 0.529956 -0.466120 -0.128066
v 0.430400 -0.526639 0.013775
v 0.439812 -0.552673 -0.015413
v 0.518675 -0.504733 -0.127772
v 0.577314 -0.431004 -0.215306
v 0.644066 -0.228205 -0.300382
v 0.336522 -0.596037 0.087686
v 0.218508 -0.495525 0.273152
v 0.326459 -0.625167 0.085330
v 0.205295 -0.521259 0.277386
v 0.587239 -0.455391 -0.258521
v 0.659468 -0.235928 -0.343765
v 0.514351 -0.541423 -0.158008
v 0.364209 -0.560548 0.088313
v 0.269025 -0.452812 0.267449
v 0.382757 -0.547086 0.089104
v 0.434207 -0.543020 0.024156
v 0.448074 -0.532520 -0.005434
v 0.525092 -0.493037 -0.114101
v 0.649303 -0.228489 -0.291586
v 0.340793 -0.605203 0.092600
v 0.426888 -0.597998 -0.031544
v 0.220583 -0.502722 0.281532
v 0.575926 -0.390192 -0.196453
v 0.365277 -0.519742 0.104431
v 0.443933 -0.389582 0.113796
v 0.515413 -0.333692 0.036999
v 0.571397 -0.313835 -0.066106
v 0.520724 -0.370014 0.023739
v 0.570258 -0.352875 -0.063993
v 0.525871 -0.346966 0.038677
v 0.460197 -0.419780 0.092815
v 0.454292 -0.402411 0.113117
v 0.428126 -0.475299 0.102025
v 0.412907 -0.469065 0.117876
v 0.584631 -0.380161 -0.120954
v 0.587801 -0.406083 -0.201275
v 0.580798 -0.426699 -0.193053
v 0.371375 -0.537646 0.107076
v 0.410978 -0.528311 0.040031
v 0.450100 -0.455259 0.055760
v 0.506619 -0.412546 -0.002817
v 0.547730 -0.395911 -0.083337
v 0.544567 -0.447104 -0.150298
v 0.464443 -0.475093 0.038489
v 0.463601 -0.462145 0.059791
v 0.519147 -0.420580 0.002548
v 0.546083 -0.475012 -0.135238
v 0.559129 -0.404075 -0.076311
v 0.554765 -0.464924 -0.149053
v 0.422593 -0.545270 0.039258
v 0.560958 -0.156179 0.150152
v 0.559389 0.211230 -0.229087
v 0.442549 0.317049 -0.041826
v 0.357897 0.308412 0.093367
v 0.624997 0.009589 -0.350890
v 0.392340 0.234257 0.098463
v 0.464604 0.224579 -0.001789
v 0.621961 -0.233738 -0.375022
v 0.478165 -0.546852 -0.187133
v 0.490314 -0.480049 -0.132108
v 0.611089 -0.221417 -0.288161
v 0.258521 0.113556 0.279893
v 0.187633 -0.278116 0.338818
v 0.186610 0.161466 0.322820
v 0.112613 -0.301884 0.379124
v 0.254051 -0.448780 0.234877
v 0.388441 -0.601394 -0.059299
v 0.295001 -0.609340 0.070020
v 0.178159 -0.503520 0.257280
v 0.422413 -0.518773 -0.019081
v 0.555032 -0.041072 0.112542
v 0.585053 -0.068395 0.065013
v 0.519638 -0.045315 0.164096
v 0.558104 -0.090209 0.146050
v 0.595577 -0.135293 0.078513
v 0.488277 -0.080288 0.205931
v 0.469464 -0.136862 0.226653
v 0.518862 -0.129870 0.194792
v 0.515618 -0.174740 0.196865
v 0.468421 -0.199810 0.220448
v 0.485637 -0.251888 0.188928
v 0.601029 -0.182001 0.027756
v 0.576224 -0.219017 0.103744
v 0.582766 -0.238296 0.047859
v 0.551773 -0.273838 0.089147
v 0.532435 -0.226434 0.163125
v 0.516210 -0.278931 0.140782
v 0.606970 0.176264 -0.241201
v 0.584496 0.221852 -0.209367
v 0.589271 -0.357357 -0.123718
v 0.567797 -0.331747 -0.042767
v 0.236286 -0.354589 0.323120
v 0.311505 0.188586 0.209564
v 0.268674 0.251723 0.226233
v 0.406118 -0.610421 -0.047823
v 0.505679 0.109659 0.087644
v 0.516562 0.158617 0.040381
v 0.517852 0.088390 0.073964
v 0.114811 -0.122103 0.396923
v 0.126823 -0.058580 0.417851
v 0.134051 -0.001356 0.382315
v 0.136984 -0.063528 0.390478
v 0.527251 -0.484061 -0.259635
v 0.549584 -0.446221 -0.274468
v 0.568716 -0.398687 -0.314749
v 0.568609 -0.458950 -0.288749
v 0.601645 -0.134505 0.032526
v 0.597481 -0.106537 0.042041
v 0.335045 -0.447564 0.184531
v 0.337494 -0.430086 0.190326
v 0.599916 -0.000255 -0.098119
v 0.592766 0.038178 -0.104814
v 0.594239 -0.030666 -0.071991
v 0.587236 0.010846 -0.098070
v 0.649091 -0.170779 -0.269328
v 0.324901 -0.045782 0.293674
v 0.342797 -0.059669 0.286166
v 0.276245 -0.025205 0.328173
v 0.284474 -0.589486 0.151302
v 0.270820 -0.554914 0.194130
v 0.240043 -0.556570 0.176916
v -0.557461 0.833069 0.020989
v -0.576963 0.828658 0.009264
v -0.233850 -0.866562 -0.133828
v -0.254012 -0.872260 -0.119981
v -0.216735 -0.955879 -0.143428
v -0.650924 1.210638 0.073092
v -0.607432 0.888072 0.047771
v -0.607931 0.889471 0.033567
v -0.595869 0.823085 0.045735
v -0.278445 -0.873468 -0.158680
v -0.639414 1.160090 0.074048
v -0.564786 1.032236 0.052121
v -0.662119 1.012462 0.055123
v -0.215281 -0.973940 -0.169229
v -0.235784 -0.976906 -0.180618
v -0.256135 -0.981024 -0.167671
v -0.252906 -0.984261 -0.145697
v -0.235040 -0.981254 -0.134034
v -0.214285 -0.975472 -0.145194
v -0.217736 -0.953844 -0.169123
v -0.239834 -0.955603 -0.178889
v -0.260360 -0.962057 -0.167762
v -0.258944 -0.964533 -0.141295
v -0.236698 -0.960565 -0.130803
v -0.258195 -1.005867 -0.174766
v -0.256595 -1.008914 -0.143017
v -0.231853 -0.999114 -0.191506
v -0.203909 -0.995407 -0.176499
v -0.202309 -0.998454 -0.144750
v -0.228652 -1.005207 -0.128010
v -0.190784 -1.210638 -0.181751
v -0.345185 -0.307422 -0.098055
v -0.544845 0.568425 -0.003286
v -0.558376 0.945569 0.043661
v -0.636741 0.930469 0.046163
v -0.590183 0.901574 0.055968
v -0.638809 1.154527 0.059571
v -0.569694 0.895343 0.046566
v -0.570624 0.896659 0.032377
v -0.632682 1.155434 0.065060
v -0.556188 0.830734 0.044344
v -0.575371 0.824885 0.057077
v -0.581279 0.849145 0.018445
v -0.597227 0.825340 0.022028
v -0.382948 -0.088858 -0.077123
v -0.400707 -0.109225 -0.089624
v -0.422535 0.125867 -0.054180
v -0.443994 0.122650 -0.066149
v -0.424203 0.138579 -0.028202
v -0.380315 -0.091887 -0.052381
v -0.444544 0.133947 -0.015133
v -0.400866 -0.096712 -0.039139
v -0.419989 -0.113244 -0.077361
v -0.463226 0.117245 -0.053377
v -0.464645 0.132279 -0.026452
v -0.422040 -0.099478 -0.050880
v -0.378952 -0.104233 -0.078962
v -0.403368 -0.091947 -0.088844
v -0.378860 -0.109017 -0.054133
v -0.423264 -0.097089 -0.075774
v -0.397814 -0.112875 -0.041098
v -0.418605 -0.115915 -0.053143
v -0.426942 0.141823 -0.052624
v -0.422070 0.122502 -0.029394
v -0.446766 0.139011 -0.063891
v -0.467091 0.132888 -0.051220
v -0.441495 0.117887 -0.016556
v -0.463207 0.115444 -0.028400
v -0.231583 -0.879292 -0.159959
v -0.254053 -0.881045 -0.174280
v -0.274420 -0.889697 -0.135093
v -0.234267 -0.864596 -0.160460
v -0.230448 -0.881630 -0.136094
v -0.273644 -0.887705 -0.159077
v -0.275299 -0.874440 -0.132310
v -0.257097 -0.866726 -0.169999
v -0.251328 -0.886231 -0.120229
v -0.308440 -0.575218 -0.094906
v -0.305714 -0.608638 -0.098370
v 0.150692 -0.725173 -0.031393
v 0.241322 -0.714452 0.004361
v 0.149560 -0.715137 -0.309850
v 0.235448 0.380701 -0.018957
v 0.216354 0.363865 -0.015556
v 0.234330 0.473323 -0.021873
v 0.217760 0.465111 -0.010673
v 0.210508 0.460246 -0.034651
v 0.229733 0.469631 -0.035239
v 0.294784 0.458428 -0.067017
v 0.295140 0.409611 -0.080066
v 0.306366 0.410929 -0.081414
v 0.301206 0.458601 -0.065010
v 0.255737 0.430205 -0.028700
v 0.215338 0.413289 -0.018828
v 0.232898 0.381912 -0.030039
v 0.303567 0.464790 -0.168648
v 0.287051 0.459819 -0.170686
v 0.307861 0.333046 -0.166533
v 0.312689 0.267989 -0.074331
v 0.247793 0.231559 -0.036126
v 0.298023 0.478093 -0.077148
v 0.194370 0.381889 -0.018617
v 0.196926 0.474710 -0.011506
v 0.121292 0.460873 -0.004232
v 0.113965 0.409611 -0.024693
v 0.104637 0.411035 -0.019621
v 0.123828 0.459255 -0.013923
v 0.177288 0.429905 -0.004556
v 0.175170 0.383869 -0.019239
v 0.198501 0.380720 -0.007797
v 0.058268 0.464105 -0.092927
v 0.070828 0.459749 -0.104479
v 0.065528 0.333093 -0.092519
v 0.117471 0.282411 -0.018262
v 0.105615 0.291963 -0.013054
v 0.180811 0.233632 -0.015763
v 0.113436 0.479386 -0.020889
v 0.324019 0.275648 -0.071463
v 0.316786 0.328727 -0.168078
v 0.103059 0.270988 -0.016107
v 0.097644 0.277458 -0.004267
v 0.049173 0.331431 -0.084450
v 0.260740 0.490177 -0.028063
v 0.261408 0.479475 -0.043421
v 0.277277 0.438904 -0.045630
v 0.267317 0.256142 -0.032554
v 0.058002 0.386617 -0.072432
v 0.177090 0.237880 -0.001453
v 0.074013 0.383140 -0.084235
v 0.295313 0.394241 -0.152293
v 0.295545 0.347062 -0.073359
v 0.250398 0.378585 -0.044545
v 0.258596 0.379698 -0.033406
v 0.315140 0.293524 -0.072646
v 0.315293 0.397155 -0.151501
v 0.163907 0.481836 -0.017210
v 0.170807 0.490811 -0.002616
v 0.167155 0.412560 0.000631
v 0.148299 0.437563 0.004487
v 0.149783 0.438364 -0.004819
v 0.281704 0.246798 -0.049559
v 0.261290 0.238709 -0.024965
v 0.130503 0.355211 -0.295434
v 0.210536 0.526497 -0.033894
v 0.133197 0.500753 -0.286631
v 0.127199 0.365470 -0.306231
v 0.209083 0.552711 -0.038643
v 0.286813 0.507698 -0.099898
v 0.296091 0.487892 -0.201371
v 0.280428 0.584956 -0.213847
v 0.257675 0.499315 -0.300734
v 0.256502 0.361016 -0.318955
v 0.303641 0.567961 -0.118618
v 0.287512 0.482389 -0.241546
v 0.282943 0.333775 -0.257366
v 0.207659 0.611297 -0.189793
v 0.196477 0.595192 -0.079838
v 0.234944 0.594275 -0.095855
v 0.175108 0.505847 -0.291111
v 0.183004 0.566126 -0.268373
v 0.261913 0.545338 -0.280584
v 0.272091 0.476262 -0.230011
v 0.169396 0.470109 -0.168335
v 0.149130 0.459970 -0.234562
v 0.211683 0.500179 -0.029568
v 0.248724 0.339156 -0.297277
v 0.266104 0.320532 -0.248778
v 0.255850 0.374765 -0.314028
v 0.280154 0.501519 -0.244586
v 0.294060 0.507098 -0.199532
v 0.297210 0.481731 -0.169180
v 0.313676 0.457495 -0.088818
v 0.306591 0.518170 -0.072599
v 0.214552 0.506943 -0.020850
v 0.128219 0.377627 -0.302900
v 0.278216 0.350071 -0.266618
v 0.277506 0.467542 -0.259790
v 0.031496 0.339156 -0.230805
v 0.110384 0.507698 -0.045910
v 0.049776 0.476264 -0.161981
v 0.044233 0.320532 -0.180884
v 0.051949 0.584956 -0.143932
v 0.022143 0.499315 -0.228660
v 0.012918 0.361016 -0.244417
v 0.086108 0.567961 -0.052052
v 0.108969 0.518301 -0.012320
v 0.045883 0.487921 -0.124821
v 0.025472 0.333775 -0.178579
v 0.155635 0.594277 -0.071587
v 0.095956 0.505847 -0.266890
v 0.125678 0.611297 -0.164707
v 0.102137 0.566126 -0.243628
v 0.029907 0.545338 -0.209589
v 0.030527 0.482419 -0.162903
v 0.094237 0.459004 -0.022618
v 0.016216 0.374765 -0.240700
v 0.024211 0.350071 -0.188892
v 0.028621 0.467544 -0.183630
v 0.034947 0.501517 -0.169555
v 0.048913 0.507151 -0.124508
v 0.063126 0.481340 -0.097173
v 0.181803 0.637906 -0.185751
v 0.206499 0.620812 -0.103311
v 0.126472 0.533204 -0.308609
v 0.175085 0.620959 -0.093712
v 0.109763 0.534239 -0.298120
v 0.145487 0.534216 -0.309457
v 0.192734 0.623394 -0.092070
v 0.148696 0.637629 -0.173920
v 0.150786 0.553204 -0.390459
v 0.208458 0.768184 -0.197697
v 0.099752 0.544868 -0.395928
v 0.158049 0.789148 -0.187815
v 0.256001 0.762693 -0.038174
v 0.222376 0.779364 0.004799
v 0.170461 0.762693 -0.011998
v 0.120592 0.768184 -0.170809
v 0.060517 0.553204 -0.362836
v 0.168196 0.680222 -0.332546
v 0.115279 0.679380 -0.345187
v 0.071651 0.664780 -0.323361
v 0.120581 0.598296 -0.266515
v 0.129065 0.781711 -0.101956
v 0.185437 0.786308 -0.134585
v 0.221004 0.766735 -0.155598
v 0.249573 0.789032 -0.076071
v 0.192057 0.783130 -0.067653
v 0.155620 0.764327 -0.059262
v 0.106010 0.737618 -0.217805
v 0.146488 0.751206 -0.243197
v 0.191107 0.758912 -0.249341
v 0.139975 0.712609 -0.301143
v 0.091137 0.718048 -0.278746
v 0.145568 0.637439 -0.378523
v 0.155714 0.603378 -0.373421
v 0.113709 0.623199 -0.368484
v 0.068037 0.593876 -0.363878
v 0.313054 0.393828 -0.136509
v 0.318078 0.331882 -0.151297
v 0.066540 0.455010 -0.073287
v 0.068889 0.335559 -0.070986
v 0.054934 0.332677 -0.069571
v 0.070342 0.387857 -0.061176
v 0.308024 0.455506 -0.148276
v 0.220017 0.366712 -0.003535
v 0.134206 0.423970 -0.283335
v 0.026561 0.423757 -0.226714
v 0.033153 0.392454 -0.179872
v 0.034839 0.381313 -0.162080
v 0.055739 0.381935 -0.160107
v 0.255103 0.423757 -0.296649
v 0.275853 0.392454 -0.254140
v 0.284412 0.381313 -0.238451
v 0.268195 0.381935 -0.225120
v 0.273454 0.430803 -0.030914
v 0.168384 0.259426 -0.003540
v 0.129383 0.476892 -0.001116
v 0.298077 0.478062 -0.055040
v 0.266781 0.381938 -0.036126
v 0.153871 0.597516 -0.278029
v 0.228708 0.484341 -0.016212
v 0.194710 0.468991 -0.025277
v 0.204034 0.485497 -0.010020
v 0.288220 0.430955 -0.046317
vn -0.5227 0.1085 0.8456
vn -0.0491 0.2381 0.9700
vn -0.4000 0.0241 0.9162
vn -0.4047 -0.0113 0.9144
vn 0.2763 -0.3000 -0.9130
vn 0.2764 -0.9342 -0.2256
vn -0.0253 0.6093 -0.7925
vn -0.1501 -0.1584 -0.9759
vn 0.4716 -0.7944 0.3827
vn 0.2405 0.9684 0.0655
vn 0.3799 0.7882 0.4842
vn 0.5789 -0.6793 -0.4509
vn -0.0374 -0.6292 -0.7763
vn 0.3091 -0.9378 -0.1583
vn 0.9783 0.1908 -0.0802
vn -0.0231 0.3485 -0.9370
vn 0.4792 -0.0337 0.8770
vn 0.9554 0.1231 -0.2686
vn 0.9355 0.1076 -0.3364
vn 0.9378 -0.0387 -0.3451
vn 0.9483 -0.1888 -0.2552
vn 0.9947 -0.0161 0.1012
vn 0.9925 -0.0453 -0.1132
vn 0.6914 -0.3834 0.6124
vn -0.7621 -0.0196 0.6471
vn -0.7248 -0.3075 -0.6165
vn -0.4196 0.6006 -0.6806
vn -0.4117 -0.1982 -0.8895
vn -0.1743 -0.8037 0.5689
vn -0.1946 0.9622 0.1908
vn -0.0054 0.7467 0.6652
vn -0.7117 -0.6980 -0.0790
vn -0.3645 -0.6339 -0.6821
vn -0.3208 -0.9469 0.0232
vn -0.9289 0.2853 0.2361
vn -0.5140 0.1683 -0.8411
vn 0.0604 -0.0492 0.9970
vn -0.9104 -0.0930 0.4032
vn -0.9736 0.0800 0.2137
vn -0.9762 -0.0664 0.2064
vn -0.9333 -0.2160 0.2869
vn -0.5836 -0.0691 0.8091
vn -0.8990 -0.0727 0.4319
vn -0.0988 0.0765 0.9922
vn -0.9421 -0.0458 0.3322
vn -0.0805 0.4717 0.8781
vn 0.2037 0.9606 0.1888
vn 0.1317 0.3986 -0.9076
vn -0.2153 0.0084 0.9765
vn -0.1895 -0.7190 0.6686
vn -0.2402 -0.7137 0.6580
vn 0.4645 0.6883 0.5572
vn 0.1633 0.1551 -0.9743
vn -0.5084 -0.0783 0.8576
vn -0.9682 0.0956 -0.2310
vn -0.6726 -0.6618 0.3311
vn -0.4258 -0.8933 0.1440
vn -0.8264 0.2352 0.5115
vn 0.0707 0.8212 0.5662
vn -0.6882 0.3682 0.6251
vn -0.7268 0.5521 0.4086
vn -0.6020 -0.6966 0.3904
vn -0.8295 -0.0440 0.5568
vn -0.9591 0.0147 -0.2826
vn -0.3864 0.1158 -0.9150
vn -0.4904 0.0818 -0.8676
vn 0.8071 -0.0324 0.5895
vn 0.7787 -0.1148 0.6168
vn 0.6804 0.0823 0.7282
vn 0.8176 -0.0609 0.5726
vn -0.0871 -0.9899 -0.1117
vn 0.7580 -0.3041 0.5771
vn -0.8606 0.3426 -0.3769
vn -0.8600 0.0548 -0.5074
vn -0.8435 0.1749 -0.5078
vn 0.1131 0.5012 0.8579
vn -0.2295 -0.1797 0.9566
vn -0.8580 0.3046 -0.4135
vn -0.8813 0.2563 -0.3970
vn -0.9257 0.0501 0.3749
vn -0.8158 -0.0575 0.5755
vn -0.6912 0.5393 -0.4811
vn 0.1987 0.5537 -0.8087
vn -0.8245 0.0921 -0.5583
vn 0.8601 0.1580 0.4850
vn 0.1134 0.0727 -0.9909
vn 0.5168 0.4359 -0.7368
vn 0.7595 0.2716 -0.5911
vn 0.7783 -0.0621 -0.6248
vn 0.8759 0.4158 -0.2448
vn -0.9234 0.0882 -0.3736
vn 0.7915 -0.2247 0.5684
vn 0.3466 -0.4117 0.8428
vn -0.0789 -0.2250 0.9712
vn -0.9003 -0.1295 0.4155
vn -0.7226 0.6124 0.3205
vn -0.1436 0.9784 0.1486
vn -0.9494 0.2385 0.2044
vn 0.3181 0.0390 0.9472
vn -0.0259 0.5690 -0.8219
vn 0.1838 0.0586 -0.9812
vn 0.5095 0.2952 -0.8083
vn 0.5289 0.0118 -0.8486
vn 0.1482 0.1385 -0.9792
vn 0.7971 -0.0849 -0.5978
vn 0.4845 -0.1362 -0.8641
vn -0.8750 -0.3512 -0.3333
vn -0.6205 -0.6556 0.4304
vn -0.0291 0.0260 0.9992
vn 0.9146 -0.2225 0.3378
vn 0.4059 0.9122 0.0562
vn -0.4316 0.8201 0.3758
vn -0.0399 -0.9151 0.4014
vn -0.4974 0.1972 -0.8448
vn 0.2016 -0.9778 0.0572
vn -0.2563 -0.2007 -0.9455
vn -0.5827 0.1729 0.7941
vn -0.8117 0.5308 -0.2438
vn -0.9333 -0.1943 0.3020
vn -0.7813 -0.0479 -0.6224
vn -0.8921 -0.4439 0.0842
vn -0.8599 -0.3634 -0.3585
vn -0.9240 0.3387 0.1776
vn 0.1591 0.7531 0.6384
vn 0.2503 0.9413 0.2265
vn 0.1811 0.3062 -0.9346
vn 0.2798 0.0338 -0.9595
vn -0.1141 0.2050 0.9721
vn -0.3400 0.3751 0.8624
vn -0.3261 -0.4699 0.8203
vn 0.5604 0.8258 0.0635
vn -0.9327 0.1639 -0.3211
vn -0.4323 -0.6175 -0.6570
vn -0.1488 0.9683 -0.2008
vn 0.6790 0.5723 0.4600
vn 0.9429 -0.2374 0.2338
vn -0.9689 0.2456 0.0301
vn 0.1727 -0.9702 -0.1702
vn 0.8391 0.5308 -0.1191
vn 0.7895 -0.4402 -0.4277
vn -0.5261 -0.4964 -0.6905
vn 0.1408 -0.5363 -0.8322
vn 0.4019 0.3870 -0.8299
vn 0.2582 0.1256 0.9579
vn 0.8777 0.4668 0.1082
vn 0.5936 0.2331 -0.7703
vn -0.3455 -0.3858 -0.8554
vn -0.4868 -0.7598 -0.4309
vn -0.0106 0.9831 0.1826
vn -0.9057 -0.3680 -0.2102
vn -0.1855 -0.9289 -0.3204
vn 0.7643 -0.6428 0.0516
vn 0.9274 -0.2528 0.2758
vn 0.4657 0.7938 0.3911
vn 0.8562 0.4592 0.2368
vn 0.9766 -0.1710 0.1306
vn 0.2695 -0.8453 -0.4614
vn -0.7364 -0.2185 -0.6402
vn -0.6369 0.1249 -0.7607
vn 0.5220 0.7895 -0.3227
vn -0.1867 -0.3294 -0.9255
vn 0.1163 0.0966 0.9885
vn 0.9334 -0.2172 -0.2856
vn -0.1887 -0.3307 -0.9247
vn 0.4845 0.8745 0.0243
vn 0.7667 0.1498 0.6243
vn 0.7417 -0.0852 0.6653
vn 0.0554 -0.9778 -0.2023
vn -0.6637 0.1350 0.7358
vn 0.1091 0.3459 0.9319
vn -0.0123 0.9968 0.0788
vn -0.4707 -0.0162 -0.8821
vn 0.1781 -0.8512 -0.4938
vn -0.6358 0.0148 0.7717
vn -0.1218 0.9897 0.0750
vn 0.6607 -0.0465 -0.7492
vn 0.5354 0.0715 -0.8416
vn 0.4592 -0.8353 -0.3022
vn 0.1993 0.0795 -0.9767
vn 0.1010 -0.3821 -0.9186
vn -0.8305 0.0563 -0.5542
vn -0.8884 -0.2468 -0.3870
vn -0.8039 -0.4936 0.3318
vn 0.4082 -0.8753 0.2594
vn 0.4655 0.8226 0.3266
vn -0.9791 -0.2005 -0.0341
vn -0.4453 0.5030 0.7407
vn -0.6844 -0.7026 0.1950
vn -0.0585 -0.9814 0.1830
vn -0.2296 0.9651 -0.1256
vn -0.2270 0.9504 0.2128
vn -0.0145 -0.9804 0.1965
vn -0.1941 0.9810 -0.0064
vn -0.9987 -0.0269 0.0422
vn -0.1532 -0.9795 0.1309
vn 0.9521 -0.0491 -0.3019
vn -0.2734 0.9477 0.1646
vn 0.4851 -0.8702 -0.0860
vn -0.7301 -0.6645 -0.1593
vn -0.8818 -0.2662 -0.3894
vn 0.6867 -0.1629 0.7085
vn -0.7443 -0.2741 0.6090
vn -0.9429 -0.3309 0.0388
vn -0.1022 -0.0566 -0.9932
vn 0.9593 0.2789 -0.0448
vn 0.7727 0.2518 -0.5827
vn -0.2240 0.1923 -0.9554
vn -0.7919 -0.6088 0.0469
vn 0.8606 0.5074 -0.0442
vn -0.2780 0.8200 0.5002
vn 0.5432 0.7485 -0.3803
vn 0.6280 -0.1636 0.7608
vn 0.8919 0.3540 -0.2813
vn 0.1208 0.6952 -0.7086
vn 0.4069 -0.0718 0.9106
vn -0.1561 -0.4860 0.8599
vn 0.6503 0.7196 -0.2436
vn 0.0673 0.0941 -0.9933
vn -0.6367 -0.4618 -0.6176
vn 0.0028 -0.7974 0.6035
vn -0.6441 -0.5275 0.5540
vn -0.3319 -0.9423 0.0444
vn 0.2791 -0.7433 -0.6080
vn -0.0820 0.9256 -0.3695
vn -0.0072 0.1512 -0.9885
vn 0.0382 -0.7498 -0.6605
vn -0.1647 -0.9001 0.4033
vn -0.4289 -0.3948 0.8125
vn 0.7677 0.6114 -0.1922
vn 0.5006 -0.2289 0.8349
vn -0.4287 -0.6933 0.5793
vn -0.6022 -0.6725 0.4303
vn -0.8976 -0.4372 0.0570
vn -0.7252 0.2159 -0.6539
vn 0.2378 0.7557 -0.6102
vn -0.2699 0.3280 -0.9053
vn -0.6198 -0.1949 -0.7602
vn 0.2090 -0.8233 -0.5277
vn 0.8248 -0.5622 -0.0594
vn 0.8831 -0.1118 0.4557
vn 0.3068 0.4541 -0.8364
vn 0.9490 -0.3068 -0.0729
vn -0.9085 0.3833 0.1667
vn 0.9728 0.1524 -0.1747
vn -0.4161 0.7447 -0.5218
vn -0.7959 0.1858 -0.5762
vn -0.8913 -0.3159 -0.3254
vn 0.5601 -0.8279 0.0290
vn -0.6004 0.2494 0.7598
vn -0.9726 0.1954 0.1256
vn 0.0790 0.9849 0.1539
vn -0.2005 0.9694 -0.1418
vn 0.9162 0.2337 0.3257
vn 0.7519 0.0951 -0.6524
vn -0.2611 0.3084 0.9147
vn 0.2676 -0.2557 0.9290
vn -0.1054 0.9936 -0.0399
vn 0.1343 -0.2149 -0.9674
vn 0.2179 -0.9220 -0.3199
vn 0.5382 -0.0039 -0.8428
vn 0.1024 -0.4995 -0.8602
vn 0.8840 0.3055 0.3538
vn -0.7928 -0.0500 0.6075
vn -0.4050 0.6881 0.6021
vn -0.0810 -0.6859 0.7232
vn -0.3550 -0.7714 -0.5281
vn 0.5441 0.1565 0.8243
vn 0.4153 0.1728 0.8931
vn -0.6172 0.5228 0.5880
vn 0.8377 -0.4162 0.3535
vn 0.0567 -0.8412 0.5377
vn 0.0242 -0.9359 0.3514
vn 0.1038 0.9723 -0.2092
vn -0.0280 0.9167 0.3986
vn -0.0217 -0.9462 0.3229
vn -0.0541 0.9947 -0.0879
vn 0.6002 0.2931 0.7442
vn 0.1364 -0.9171 0.3747
vn -0.4370 -0.2708 -0.8577
vn -0.0521 0.9980 0.0346
vn -0.2937 -0.9559 0.0069
vn 0.5827 -0.4457 0.6796
vn -0.9164 -0.2543 -0.3090
vn -0.5742 -0.3770 0.7267
vn 0.4511 0.1199 0.8844
vn 0.9636 -0.0583 0.2609
vn 0.0792 -0.0887 -0.9929
vn -0.9941 -0.0470 -0.0978
vn -0.5112 -0.0978 -0.8539
vn 0.0261 -0.2694 0.9627
vn 0.9323 -0.3218 0.1650
vn -0.1824 -0.0958 0.9785
vn -0.7842 -0.5636 0.2595
vn -0.8400 -0.5065 -0.1947
vn -0.9672 0.1847 -0.1744
vn 0.0421 -0.3516 -0.9352
vn 0.1759 0.3720 -0.9114
vn -0.0626 0.0071 0.9980
vn -0.0148 -0.7832 0.6216
vn -0.0449 -0.7365 0.6749
vn -0.1615 -0.8076 0.5672
vn -0.5261 0.7454 0.4093
vn 0.4355 0.0866 -0.8960
vn -0.0502 -0.0830 0.9953
vn 0.5394 -0.8407 0.0478
vn 0.9537 -0.0523 0.2961
vn 0.3682 -0.8968 0.2454
vn 0.9771 -0.0720 0.2004
vn -0.1082 0.8158 0.5682
vn 0.4758 0.4504 0.7555
vn 0.2426 0.8517 0.4645
vn 0.3085 -0.6741 0.6711
vn 0.3520 0.0207 0.9358
vn 0.8692 -0.2181 -0.4438
vn 0.3036 0.3193 -0.8977
vn 0.8640 0.1538 -0.4795
vn 0.8388 -0.5063 0.2001
vn 0.9696 0.1971 0.1453
vn 0.6904 -0.1540 0.7068
vn -0.9632 -0.2469 -0.1060
vn 0.8989 0.4376 -0.0213
vn -0.7973 -0.2514 -0.5488
vn 0.3433 0.1896 0.9199
vn -0.8642 -0.3091 -0.3970
vn 0.8199 0.5519 0.1522
vn -0.5091 -0.1472 -0.8480
vn 0.5114 0.3595 -0.7805
vn -0.3329 -0.2393 0.9121
vn -0.0864 -0.4729 0.8769
vn 0.2795 0.1774 0.9436
vn 0.7741 0.6330 0.0070
vn 0.1700 0.5163 -0.8394
vn -0.1105 0.2270 0.9676
vn 0.3607 0.5010 0.7867
vn 0.4651 0.0218 0.8850
vn -0.0088 0.9998 0.0197
vn 0.0083 -0.9997 -0.0217
vn -0.9423 -0.0161 0.3343
vn 0.9423 0.0190 -0.3342
vn 0.0766 0.0162 0.9969
vn -0.0087 0.9998 0.0197
vn 0.0081 -0.9997 -0.0216
vn 0.9758 0.0116 -0.2184
vn -0.9758 -0.0087 0.2184
vn -0.0031 0.9587 0.2844
vn 0.9612 0.0821 0.2635
vn 0.3604 0.0983 0.9276
vn 0.2066 -0.9069 0.3672
vn 0.0491 0.9978 0.0436
vn -0.7718 -0.0707 0.6320
vn 0.1950 0.0537 0.9793
vn 0.0447 -0.9092 0.4139
vn -0.3938 0.0206 -0.9190
vn -0.1582 0.0188 -0.9872
vn -0.8066 -0.0344 -0.5900
vn 0.7335 -0.3868 0.5590
vn -0.5316 -0.0075 0.8470
vn -0.8978 0.3444 -0.2743
vn 0.9194 0.1709 0.3541
vn -0.6482 0.4215 -0.6341
vn 0.5392 0.1317 -0.8318
vn -0.8059 0.3913 -0.4443
vn -0.3095 0.9453 0.1026
vn 0.1892 0.8665 0.4619
vn 0.8210 0.0185 0.5707
vn -0.7846 -0.0973 -0.6123
vn -0.8702 0.1918 -0.4539
vn -0.8439 0.1643 -0.5107
vn -0.5254 0.8506 0.0209
vn 0.2442 0.6114 0.7527
vn 0.8342 -0.1899 0.5177
vn 0.7840 -0.1525 0.6018
vn 0.8504 -0.2643 0.4550
vn -0.9247 -0.0689 0.3745
vn -0.2414 -0.0489 0.9692
vn -0.9034 -0.0643 0.4239
vn -0.8044 0.0958 -0.5863
vn 0.2077 0.2356 -0.9494
vn -0.8242 0.0507 0.5641
vn -0.8211 -0.0601 0.5677
vn -0.9176 0.0659 -0.3919
vn 0.3202 0.1439 -0.9364
vn -0.0219 -0.2232 0.9745
vn -0.0728 -0.2609 0.9626
vn 0.8863 -0.2435 0.3940
vn 0.8315 -0.0486 -0.5534
vn 0.8348 0.0436 -0.5489
vn 0.8902 -0.1726 0.4216
vn 0.6905 -0.1542 0.7067
vn -0.0836 -0.2538 0.9636
vn -0.7170 0.0908 -0.6912
vn 0.8325 -0.0938 0.5460
vn 0.9155 0.1009 0.3893
vn 0.7900 0.0889 -0.6067
vn 0.1828 0.0425 -0.9822
vn -0.5592 0.1921 -0.8064
vn -0.8487 0.2178 -0.4820
vn 0.7147 0.0796 -0.6949
vn 0.7734 0.1478 -0.6165
vn 0.6513 -0.2444 0.7184
vn 0.0068 -0.3431 0.9393
vn -0.8914 -0.0439 0.4511
vn 0.2066 0.0335 -0.9779
vn 0.1187 0.1442 -0.9824
vn -0.9064 0.1179 -0.4057
vn 0.1957 0.3238 -0.9257
vn -0.8960 0.0113 -0.4439
vn 0.8623 -0.0067 -0.5064
vn 0.8155 0.0195 0.5785
vn -0.8512 -0.1261 0.5095
vn -0.1771 -0.2527 0.9512
vn 0.9528 0.1442 0.2673
vn -0.8468 -0.1370 0.5140
vn -0.3011 -0.2371 0.9237
vn 0.7611 -0.1226 0.6369
vn -0.8865 -0.1060 0.4504
vn -0.1697 -0.1779 0.9693
vn -0.7986 -0.1393 0.5855
vn -0.8595 -0.0685 0.5065
vn -0.9586 0.1040 -0.2651
vn -0.9702 0.0383 -0.2393
vn -0.9282 0.1313 -0.3481
vn -0.1889 -0.2669 0.9450
vn -0.0589 -0.2247 0.9727
vn 0.7987 -0.1757 0.5756
vn 0.8191 -0.2423 0.5199
vn -0.7986 0.0789 -0.5967
vn 0.1545 0.1120 -0.9816
vn 0.8152 0.0022 -0.5792
vn 0.8923 -0.1845 0.4119
vn 0.1797 0.1414 -0.9735
vn 0.7483 -0.0029 -0.6634
vn 0.0472 0.0169 -0.9987
vn 0.2923 0.0681 -0.9539
vn 0.2326 -0.0213 -0.9723
vn -0.7991 -0.0161 -0.6009
vn 0.8064 0.0260 -0.5909
vn 0.9869 -0.0151 0.1609
vn -0.7338 0.3733 -0.5676
vn 0.7891 -0.2297 0.5697
vn 0.7735 -0.1817 0.6071
vn 0.8780 -0.2450 0.4112
vn 0.8491 -0.1036 -0.5180
vn 0.8317 -0.0483 -0.5531
vn 0.8660 0.0432 -0.4982
vn 0.4796 0.4544 -0.7507
vn 0.1379 0.2535 -0.9575
vn 0.3810 0.7739 -0.5059
vn 0.6976 0.4753 -0.5361
vn 0.0519 0.9870 0.1519
vn 0.2982 -0.8755 -0.3802
vn -0.9995 0.0265 -0.0155
vn -0.9983 -0.0401 0.0432
vn -0.9555 0.2072 0.2102
vn -0.9995 -0.0063 -0.0293
vn 0.0298 -0.9987 0.0409
vn -0.9675 -0.2482 0.0492
vn 0.9379 0.3150 0.1452
vn 0.9946 0.0169 0.1025
vn 0.8814 0.3980 0.2546
vn 0.9385 0.1069 0.3284
vn -0.5693 0.6611 0.4887
vn -0.4021 0.0868 0.9115
vn 0.9522 0.2778 0.1270
vn 0.9583 0.2359 0.1612
vn 0.5111 0.1922 0.8378
vn 0.2580 0.0269 0.9658
vn 0.8798 0.4729 -0.0484
vn -0.9563 -0.2130 -0.2001
vn 0.9987 0.0171 0.0470
vn -0.9602 0.2656 -0.0870
vn 0.5014 -0.0743 -0.8620
vn 0.0795 0.1489 -0.9856
vn -0.2296 0.0255 -0.9730
vn -0.2634 -0.3555 -0.8968
vn -0.5291 0.4228 -0.7357
vn 0.9663 0.0876 0.2419
vn -0.9979 -0.0380 0.0522
vn -0.8040 -0.2835 0.5227
vn -0.5226 -0.0791 0.8489
vn 0.4583 0.0705 0.8860
vn 0.4434 0.7257 0.5261
vn 0.0578 0.9914 0.1171
vn 0.6550 0.3139 0.6873
vn -0.8175 0.1667 0.5513
vn 0.5301 0.4592 -0.7128
vn 0.4147 -0.1577 -0.8962
vn 0.0702 0.0533 -0.9961
vn 0.0388 -0.1007 -0.9942
vn 0.4602 -0.1410 -0.8766
vn -0.2931 -0.2000 -0.9349
vn 0.1147 -0.2750 -0.9546
vn 0.8606 -0.3796 0.3396
vn 0.2148 -0.5566 0.8025
vn -0.9653 -0.1476 -0.2156
vn -0.9692 -0.2317 -0.0839
vn 0.9838 -0.1693 -0.0586
vn -0.9558 0.2055 0.2103
vn -0.0305 0.0796 0.9964
vn 0.9255 0.2692 0.2664
vn -0.9287 0.2808 -0.2423
vn 0.9306 0.3096 -0.1953
vn 0.0302 0.0881 -0.9957
vn 0.9549 0.2883 0.0719
vn 0.2320 0.8985 0.3728
vn -0.3726 0.8910 0.2594
vn -0.9950 0.0796 0.0601
vn 0.9899 -0.1358 -0.0420
vn 0.9862 0.1270 0.1060
vn 0.9954 0.0879 0.0378
vn 0.1008 0.9635 0.2481
vn -0.5912 0.6929 0.4128
vn -0.9940 -0.1072 -0.0202
vn -0.9961 -0.0630 0.0615
vn -0.9845 -0.1550 -0.0822
vn 0.5263 0.1424 0.8383
vn -0.4044 0.2254 0.8864
vn 0.4626 0.1340 0.8764
vn 0.9979 0.0518 0.0396
vn 0.4117 -0.1103 -0.9046
vn 0.3428 0.2903 0.8934
vn 0.3054 0.2549 0.9175
vn 0.9715 0.0593 0.2296
vn 0.3141 -0.2051 -0.9270
vn -0.5730 0.0544 0.8178
vn -0.5252 0.0207 0.8507
vn -0.9642 -0.1915 -0.1835
vn -0.3637 -0.1996 -0.9099
vn -0.3430 -0.2868 -0.8945
vn -0.9550 -0.2031 -0.2161
vn -0.9872 -0.0410 0.1543
vn -0.5414 -0.0011 0.8407
vn 0.9851 -0.0310 -0.1690
vn -0.9991 -0.0039 -0.0419
vn -0.9575 0.1328 -0.2561
vn -0.2965 -0.0405 -0.9542
vn 0.3676 -0.0844 -0.9262
vn 0.9325 0.0519 -0.3574
vn 0.9869 0.1383 0.0832
vn -0.1571 -0.2567 -0.9536
vn -0.2361 -0.1862 -0.9537
vn -0.9719 -0.1169 0.2042
vn -0.6066 -0.0583 0.7928
vn 0.4440 0.1992 0.8736
vn 0.4122 -0.2992 -0.8606
vn 0.4909 -0.1914 -0.8499
vn 0.9742 0.1056 0.1995
vn 0.4166 0.0578 -0.9073
vn 0.9807 -0.0072 0.1952
vn -0.3534 -0.2254 -0.9079
vn -0.9960 0.0786 -0.0434
vn 0.3646 0.0902 0.9268
vn -0.4461 0.0093 0.8950
vn 0.0675 0.1409 -0.9877
vn 0.3583 0.0813 0.9301
vn -0.3298 0.0304 0.9436
vn 0.4314 0.0976 0.8968
vn -0.4581 0.0983 0.8835
vn 0.2767 0.0912 0.9566
vn 0.3672 0.2301 0.9012
vn 0.9345 0.1306 0.3313
vn 0.9273 0.0865 0.3643
vn 0.9568 0.1333 0.2583
vn -0.4411 -0.1253 0.8887
vn -0.5517 0.0293 0.8335
vn -0.9941 -0.1078 0.0089
vn -0.9823 -0.1857 -0.0231
vn 0.9994 0.0217 0.0257
vn 0.4769 -0.1707 -0.8622
vn -0.3464 -0.2426 -0.9062
vn -0.9554 -0.2019 -0.2155
vn 0.4386 0.0206 -0.8985
vn -0.2287 -0.2146 -0.9496
vn 0.5429 -0.2071 -0.8139
vn 0.3306 -0.1764 -0.9272
vn 0.3649 -0.2352 -0.9008
vn 0.9917 -0.1283 0.0113
vn -0.3241 -0.0819 -0.9425
vn -0.9494 -0.2338 -0.2098
vn -0.9022 0.0028 -0.4312
vn 0.9555 0.2835 -0.0812
vn -0.9930 -0.1146 0.0284
vn -0.9495 -0.2193 -0.2246
vn -0.4286 -0.2961 -0.8536
vn -0.2807 -0.2964 -0.9129
vn -0.3584 -0.1408 -0.9229
vn 0.0967 0.2058 -0.9738
vn 0.4625 0.0057 -0.8866
vn 0.3476 0.4490 -0.8231
vn -0.0423 0.0179 0.9989
vn 0.0370 0.6915 -0.7215
vn -0.2287 0.3924 -0.8909
vn 0.0123 0.9998 -0.0158
vn -0.0605 0.9977 -0.0292
vn -0.1526 -0.8950 -0.4191
vn 0.2009 -0.9547 -0.2194
vn 0.1336 -0.1745 -0.9755
vn -0.2289 0.1738 -0.9578
vn 0.2910 0.0266 -0.9564
vn 0.0347 0.1980 -0.9796
vn -0.9187 0.1866 -0.3482
vn -0.8385 0.2355 -0.4914
vn -0.8664 0.1428 -0.4784
vn -0.7754 0.1404 0.6157
vn -0.4885 0.3297 -0.8079
vn 0.2396 0.4541 -0.8581
vn 0.1467 -0.1659 -0.9752
vn -0.4455 0.4068 -0.7975
vn -0.8690 0.1490 -0.4718
vn 0.7364 0.0613 -0.6737
vn 0.5357 0.0208 -0.8441
vn 0.3296 0.1672 0.9292
vn 0.9697 0.1521 0.1914
vn 0.9751 0.2060 0.0820
vn 0.3330 0.2377 0.9125
vn 0.8351 0.3396 -0.4328
vn 0.2996 0.4020 -0.8652
vn 0.3727 0.0127 -0.9279
vn 0.8439 0.3218 -0.4293
vn -0.5943 -0.0237 0.8039
vn 0.3644 0.1132 0.9243
vn 0.9850 0.1235 0.1208
vn -0.1539 -0.7689 0.6206
vn -0.2334 -0.9420 -0.2413
vn 0.2645 -0.9611 0.0790
vn 0.1357 -0.1604 -0.9777
vn 0.2241 -0.0750 -0.9717
vn -0.0562 0.0912 0.9942
vn -0.4031 -0.0503 0.9138
vn 0.3811 -0.7814 -0.4941
vn 0.6423 0.0045 -0.7664
vn 0.5345 -0.1483 -0.8321
vn 0.8585 -0.4178 0.2974
vn 0.0401 -0.9687 -0.2448
vn -0.1900 0.9668 0.1710
vn -0.2317 0.9196 0.3172
vn -0.3501 0.7716 -0.5312
vn 0.1703 0.9192 -0.3550
vn 0.6542 0.5679 0.4995
vn 0.2939 -0.8990 0.3248
vn 0.0303 0.9340 0.3561
vn 0.1951 -0.0386 -0.9800
vn 0.9847 -0.1416 -0.1013
vn 0.9229 -0.0887 0.3748
vn 0.6763 -0.0726 0.7330
vn -0.0333 0.0323 0.9989
vn -0.2256 0.0347 0.9736
vn -0.8174 -0.0542 0.5735
vn -0.9836 -0.1642 0.0746
vn -0.5105 -0.1912 -0.8383
vn 0.3061 0.0626 -0.9499
vn 0.8845 -0.0585 -0.4628
vn 0.9197 0.0258 0.3917
vn 0.3505 0.0028 0.9366
vn -0.0775 0.1028 0.9917
vn -0.4269 0.0573 0.9025
vn -0.8420 0.0574 0.5365
vn -0.9950 -0.0900 -0.0431
vn -0.4910 -0.0655 -0.8687
vn 0.2923 -0.0533 -0.9548
vn 0.8965 -0.0498 -0.4402
vn 0.7724 -0.3377 -0.5380
vn -0.9098 -0.2247 0.3491
vn -0.3818 0.0853 -0.9203
vn 0.1269 0.0523 -0.9905
vn 0.3307 0.0485 -0.9425
vn 0.7384 -0.5165 -0.4336
vn 0.8678 0.0863 0.4893
vn 0.9590 -0.0148 0.2829
vn 0.7793 -0.2417 0.5781
vn 0.2815 0.7129 -0.6422
vn 0.0582 -0.1510 -0.9868
vn -0.9148 -0.0314 0.4027
vn -0.4801 0.4687 0.7415
vn 0.2382 0.7664 0.5966
vn 0.9253 0.0126 0.3791
vn 0.2654 0.3156 -0.9110
vn 0.4505 0.8558 -0.2542
vn 0.0393 0.6912 0.7216
vn -0.3460 0.8456 -0.4066
vn 0.2733 0.8253 -0.4942
vn 0.7587 0.5097 -0.4056
vn -0.0558 0.4424 0.8951
vn 0.0880 0.5059 0.8581
vn 0.0099 0.6582 0.7528
vn -0.1974 0.8294 0.5227
vn 0.1240 0.8391 -0.5297
vn 0.5931 0.6600 -0.4610
vn 0.1588 0.6762 -0.7194
vn 0.0519 0.6723 -0.7385
vn -0.4890 0.5600 -0.6688
vn -0.1333 0.7615 -0.6343
vn -0.0912 0.7996 0.5935
vn -0.1314 0.6240 0.7703
vn -0.2885 0.4925 0.8211
vn -0.1649 0.4150 0.8947
vn 0.1410 0.3053 -0.9418
vn 0.1415 -0.6973 -0.7027
vn 0.1214 -0.9395 0.3203
vn 0.0658 -0.6163 0.7847
vn 0.0046 0.7707 0.6372
vn 0.1036 0.9905 -0.0908
vn 0.5954 -0.5362 0.5983
vn 0.8733 -0.4871 -0.0040
vn 0.7179 -0.6307 -0.2948
vn 0.3121 -0.8697 -0.3824
vn 0.0622 -0.9769 -0.2046
vn 0.1965 -0.8540 0.4817
vn -0.9790 -0.1755 0.1041
vn 0.8720 0.4829 0.0801
vn -0.9837 0.1473 0.1034
vn 0.3966 0.5041 0.7672
vn 0.1016 -0.1711 0.9800
vn 0.6568 0.6455 0.3898
vn 0.9096 -0.4119 0.0547
vn -0.6597 0.7145 0.2329
vn -0.3518 -0.1582 0.9226
vn -0.6968 0.6653 0.2681
vn -0.6889 0.7246 -0.0211
vn -0.7578 -0.2522 -0.6018
vn 0.3585 0.7772 0.5172
vn -0.3115 -0.0687 -0.9478
vn 0.3634 -0.5208 -0.7725
vn -0.1176 0.9016 0.4162
vn 0.7988 0.4213 -0.4294
vn -0.1522 0.1942 0.9691
vn -0.4725 -0.6192 0.6272
vn 0.2270 -0.8037 0.5500
vn -0.0428 0.1974 0.9794
vn 0.8217 -0.1028 0.5605
vn -0.4510 -0.2449 -0.8583
vn 0.2127 0.0391 -0.9763
vn 0.7326 -0.1853 -0.6549
vn -0.5264 0.1644 -0.8342
vn 0.0747 0.1257 -0.9892
vn 0.4495 -0.0597 -0.8913
vn 0.8211 0.1614 -0.5475
vn 0.8882 -0.0574 -0.4559
vn 0.6974 0.0071 0.7167
vn -0.7797 -0.1964 0.5945
vn 0.1419 -0.1725 -0.9747
vn -0.9528 -0.0531 -0.2988
vn 0.1377 0.2278 -0.9639
vn 0.2652 0.1824 -0.9468
vn -0.3372 -0.0124 -0.9414
vn -0.6648 -0.3088 -0.6803
vn 0.7868 -0.0599 -0.6143
vn 0.7708 0.0791 -0.6321
vn 0.1132 -0.9930 0.0326
vn -0.9177 -0.2051 -0.3403
vn -0.1949 0.9693 -0.1497
vn 0.9404 -0.1828 -0.2866
vn 0.9938 -0.0396 -0.1039
vn -0.0450 -0.9960 -0.0774
vn 0.0927 -0.9684 -0.2314
vn 0.0967 0.9863 -0.1335
vn -0.8599 -0.1372 -0.4917
vn -0.1438 0.9877 -0.0622
vn 0.9915 0.1176 0.0551
vn 0.0441 -0.9907 -0.1286
vn -0.0449 -0.1592 0.9862
vn -0.1928 0.0796 0.9780
vn -0.1718 -0.1847 0.9677
vn -0.3105 0.1185 0.9432
vn 0.0391 -0.9901 -0.1346
vn 0.5546 0.0593 -0.8300
vn -0.3502 -0.0534 0.9351
vn 0.0588 -0.4658 0.8830
vn -0.2710 -0.7050 0.6554
vn 0.2573 0.9154 -0.3095
vn 0.3461 0.8445 -0.4088
vn -0.6647 0.6228 0.4127
vn -0.5921 0.1720 0.7873
vn -0.5017 0.2563 0.8262
vn -0.4410 0.8517 0.2831
vn 0.0124 -0.9937 -0.1116
vn 0.7480 -0.0104 -0.6637
vn -0.9973 0.0525 0.0505
vn -0.9855 0.1142 -0.1257
vn -0.3663 0.3802 -0.8493
vn -0.7894 -0.5805 -0.1997
vn -0.8271 -0.5356 -0.1705
vn -0.5271 -0.3714 0.7643
vn 0.2933 -0.3654 0.8834
vn 0.3128 -0.1854 0.9315
vn 0.7973 0.5131 0.3179
vn 0.0226 0.9991 -0.0365
vn -0.3490 0.7132 0.6079
vn -0.8782 -0.0242 -0.4776
vn 0.0430 0.8385 -0.5432
vn -0.5322 -0.8432 -0.0763
vn -0.9813 -0.1922 0.0130
vn -0.9602 -0.2724 -0.0615
vn -0.9722 -0.2233 -0.0704
vn -0.6310 -0.4136 -0.6564
vn 0.8524 -0.2204 -0.4741
vn -0.3123 -0.0994 0.9448
vn -0.1306 0.0555 0.9899
vn -0.3626 -0.6130 0.7019
vn -0.1869 0.9071 0.3770
vn -0.4607 -0.0260 0.8872
vn -0.2709 -0.9429 0.1935
vn -0.4360 -0.0745 0.8968
vn -0.1624 0.0669 0.9845
vn 0.0561 -0.9462 0.3186
vn -0.0972 -0.0517 0.9939
vn -0.0455 0.9006 0.4323
vn -0.0583 -0.7122 0.6996
vn -0.1314 -0.9849 -0.1125
vn 0.1004 -0.8414 0.5310
vn -0.4971 -0.3541 0.7922
vn -0.2164 -0.0562 0.9747
vn -0.1904 -0.0232 0.9814
vn 0.0639 -0.5550 0.8294
vn 0.2035 -0.5716 0.7949
vn 0.2140 0.1090 0.9707
vn 0.2023 0.2747 -0.9400
vn -0.6169 -0.7813 0.0948
vn 0.5387 0.7602 -0.3632
vn -0.2684 -0.8829 -0.3854
vn 0.9468 -0.2849 -0.1498
vn -0.7985 0.5812 -0.1566
vn 0.5896 0.7764 0.2228
vn 0.9006 -0.4029 0.1629
vn -0.5644 -0.8140 -0.1373
vn -0.8796 0.4747 -0.0312
vn 0.7514 -0.5228 0.4026
vn 0.3828 0.4462 0.8090
vn 0.6757 -0.7078 0.2060
vn -0.3814 -0.4470 -0.8092
vn -0.8800 0.4652 0.0956
vn -0.3525 -0.5990 0.7190
vn 0.8130 -0.5122 -0.2769
vn 0.3376 0.5752 -0.7451
vn -0.8721 0.4577 -0.1733
vn -0.2656 0.0051 -0.9641
vn 0.6131 -0.7663 0.1922
vn -0.9164 0.3856 0.1071
vn 0.7007 -0.6125 -0.3659
vn -0.1942 -0.2786 0.9406
vn -0.8941 0.3901 -0.2198
vn 0.3762 -0.4401 0.8153
vn 0.3558 0.3423 -0.8696
vn 0.0768 -0.1948 -0.9778
vn 0.0982 0.2648 -0.9593
vn -0.0440 0.0813 -0.9957
vn 0.2276 0.0549 -0.9722
vn 0.1156 0.2214 -0.9683
vn 0.3017 0.0985 -0.9483
vn -0.5997 0.7979 -0.0606
vn 0.0767 -0.1505 -0.9856
vn 0.2551 0.1189 -0.9596
vn 0.2364 0.3944 -0.8880
vn -0.0830 -0.9892 0.1205
vn 0.0737 0.9164 -0.3933
vn -0.0043 -0.9215 -0.3883
vn -0.0838 -0.9095 0.4071
vn 0.9405 0.2369 -0.2436
vn -0.9422 0.2771 -0.1882
vn 0.0211 0.9896 0.1423
vn 0.9633 0.2175 0.1575
vn -0.0296 -0.9892 -0.1432
vn -0.9618 0.2630 -0.0766
vn -0.0507 0.7529 0.6562
vn 0.8397 0.1588 0.5193
vn 0.0393 -0.7588 -0.6501
vn -0.9687 0.2451 0.0379
vn -0.1471 0.4522 0.8797
vn 0.8568 -0.1404 0.4961
vn -0.0031 -0.5667 -0.8239
vn -0.9714 0.2304 0.0577
vn -0.1069 -0.6163 0.7802
vn 0.9448 -0.0496 -0.3238
vn 0.0977 0.6471 -0.7561
vn -0.9508 0.1953 -0.2406
vn -0.0870 -0.1625 -0.9829
vn 0.8238 -0.2545 0.5065
vn 0.0834 0.1476 0.9855
vn -0.9964 -0.0294 0.0793
vn 0.9126 -0.1646 -0.3742
vn -0.0959 -0.1307 0.9868
vn -0.9634 0.0910 -0.2521
vn 0.0907 0.1333 0.9869
vn -0.0295 0.1359 0.9903
vn -0.0175 0.1516 0.9883
vn -0.2879 -0.0419 0.9568
vn -0.0216 0.1147 0.9932
vn 0.0355 0.1816 0.9827
vn 0.0455 -0.9766 0.2102
vn 0.5575 0.8278 0.0619
vn -0.6118 0.7880 0.0688
vn -0.9232 -0.3421 0.1750
vn 0.2442 0.2075 0.9473
vn 0.0041 -0.1778 0.9841
vn -0.0066 0.1363 0.9906
vn -0.2702 0.1105 0.9564
vn -0.1898 0.2382 -0.9525
vn -0.0133 -0.1266 -0.9919
vn -0.2307 -0.7679 0.5975
vn -0.2726 0.8758 -0.3984
vn 0.5093 -0.7792 -0.3654
vn 0.2307 -0.7358 0.6367
vn -0.8632 -0.1333 -0.4869
vn -0.3573 0.9214 0.1526
vn -0.9888 -0.0836 -0.1235
vn 0.3819 -0.9183 0.1043
vn 0.8875 0.4060 0.2181
vn -0.3446 0.6684 0.6592
vn -0.9439 -0.2243 0.2423
vn 0.4081 -0.7649 -0.4984
vn 0.8260 0.4413 0.3506
vn -0.2332 0.2909 0.9279
vn -0.8864 -0.3385 0.3159
vn 0.3300 -0.5092 -0.7949
vn 0.8719 0.3689 0.3220
vn 0.1017 -0.3782 0.9201
vn -0.7558 -0.3858 -0.5291
vn -0.1586 0.6298 -0.7604
vn 0.9153 0.3876 0.1100
vn 0.3356 -0.0902 -0.9377
vn -0.8212 -0.5045 0.2665
vn 0.8819 0.3019 0.3620
vn -0.7002 -0.5092 -0.5005
vn -0.0218 -0.1751 0.9843
vn 0.9440 0.3258 0.0529
vn -0.3055 0.0358 0.9515
vn 0.1405 -0.0658 -0.9879
vn 0.1626 0.3376 -0.9271
vn 0.2980 0.1462 -0.9433
vn 0.0280 0.1403 -0.9897
vn 0.1455 0.2965 -0.9439
vn -0.0468 0.1880 -0.9810
vn 0.9227 -0.3685 -0.1131
vn 0.1647 -0.0752 -0.9835
vn 0.0023 0.2053 -0.9787
vn 0.0191 0.4728 -0.8810
vn 1.0000 0.0011 0.0067
vn -0.0174 -0.9931 0.1161
vn 0.0885 0.9416 -0.3248
vn 0.0454 -0.8897 -0.4542
vn -0.0771 -0.9393 0.3343
vn -0.8341 0.3240 -0.4465
vn 0.9765 0.2023 0.0743
vn 0.0025 0.9724 0.2332
vn -0.9603 0.2670 -0.0808
vn 0.0033 -0.9754 -0.2204
vn -0.0472 0.7097 0.7029
vn -0.9687 0.0422 0.2448
vn 0.0815 -0.6915 -0.7177
vn 0.9496 0.1422 0.2794
vn -0.1616 0.5253 0.8354
vn -0.9479 -0.1016 0.3020
vn 0.1155 -0.3584 -0.9264
vn 0.9438 0.1414 0.2988
vn -0.1307 -0.6754 0.7258
vn -0.8048 0.0719 -0.5891
vn 0.1440 0.6936 -0.7058
vn 0.9897 0.1433 -0.0027
vn 0.2227 0.0442 -0.9739
vn -0.9392 -0.2215 0.2623
vn -0.3195 0.0854 0.9437
vn 0.9352 -0.1176 0.3341
vn -0.7975 -0.0638 -0.6000
vn -0.1636 -0.2060 0.9648
vn 0.9986 0.0450 -0.0273
vn -0.1064 -0.5209 0.8469
vn -0.2117 0.0632 0.9753
vn -0.2225 0.0810 0.9716
vn 0.4983 -0.5894 0.6359
vn -0.2214 0.0425 0.9743
vn -0.2704 0.1155 0.9558
vn -0.9532 -0.2849 -0.1010
vn -0.5035 0.8640 -0.0051
vn 0.6218 0.7292 0.2856
vn 0.8268 -0.4270 0.3661
vn -0.4615 0.1606 0.8725
vn -0.2624 -0.2445 0.9335
vn -0.2345 0.0665 0.9698
vn 0.4350 -0.3610 0.8249
vn 0.0364 0.3690 0.9287
vn 0.4823 -0.8642 -0.1434
vn 0.0269 0.0753 0.9968
vn 0.3281 -0.1220 0.9367
vn 0.3195 0.9049 0.2811
vn 0.2012 0.9334 0.2972
vn 0.2539 0.9552 0.1523
vn 0.0716 0.5160 0.8536
vn 0.9643 0.1889 0.1855
vn -0.9270 -0.3006 0.2243
vn 0.2315 0.4161 0.8794
vn -0.4073 -0.8676 0.2851
vn -0.1610 0.9596 0.2309
vn -0.2545 -0.2066 -0.9447
vn -0.2520 0.9622 -0.1029
vn -0.6870 0.2363 0.6871
vn -0.7150 -0.6331 0.2966
vn 0.2839 -0.9467 -0.1523
vn 0.8019 -0.0705 0.5933
vn 0.0251 0.9130 0.4071
vn -0.3022 0.9348 0.1868
vn -0.7847 0.1034 -0.6112
vn -0.0971 -0.9054 -0.4133
vn -0.7936 -0.1007 -0.6000
vn -0.8516 0.2419 -0.4649
vn -0.5424 -0.3297 0.7727
vn -0.5826 0.8089 -0.0794
vn 0.5424 0.3297 -0.7727
vn -0.3376 -0.7567 -0.5598
vn -0.4972 0.8165 -0.2934
vn 0.1538 0.0099 -0.9881
vn -0.2503 -0.9273 -0.2785
vn -0.9013 -0.1206 0.4162
vn -0.3001 -0.5839 -0.7543
vn -0.8668 -0.3708 0.3334
vn -0.4981 0.8157 0.2941
vn 0.0691 0.6043 -0.7937
vn 0.4023 -0.0193 0.9153
vn 0.2884 -0.9370 -0.1973
vn 0.8225 -0.0772 0.5635
vn 0.0291 0.8911 0.4529
vn -0.2475 0.9417 0.2280
vn -0.8296 0.0652 -0.5545
vn 0.0071 -0.9251 -0.3797
vn -0.8253 0.2132 -0.5229
vn -0.7967 -0.1148 -0.5934
vn -0.6992 0.6871 -0.1975
vn -0.5240 -0.5862 -0.6179
vn -0.5956 0.8009 -0.0607
vn -0.3640 -0.7483 -0.5546
vn -0.4156 0.9047 0.0943
vn -0.9152 0.1055 0.3891
vn -0.4788 -0.7619 0.4361
vn -0.0797 -0.8954 -0.4380
vn 0.4228 -0.2043 -0.8829
vn -0.0978 0.5773 -0.8107
vn 0.6827 0.5664 0.4615
vn 0.8130 0.5232 0.2554
vn 0.2824 -0.0978 0.9543
vn 0.8353 0.5253 -0.1625
vn 0.8803 0.3167 0.3532
vn 0.5119 -0.0908 0.8542
vn 0.9620 0.2019 0.1838
vn 0.8741 0.2549 0.4135
vn 0.8812 0.2046 0.4262
vn 0.1237 0.6777 0.7248
vn 0.7039 0.3100 0.6391
vn 0.1869 -0.3892 -0.9020
vn 0.6187 -0.0849 0.7810
vn 0.4792 0.0721 0.8747
vn 0.6572 0.3465 0.6694
vn 0.6767 0.4347 0.5942
vn 0.7759 0.3619 0.5167
vn 0.9149 0.1560 0.3723
vn 0.7312 0.3766 0.5688
vn 0.6403 0.1707 0.7490
vn 0.3114 0.6012 0.7359
vn 0.3549 0.4837 0.8001
vn 0.5802 0.2469 0.7761
vn 0.2065 -0.0471 0.9773
vn 0.9521 0.3058 -0.0104
vn 0.5607 0.2927 0.7746
vn 0.5133 0.1521 0.8446
vn 0.4460 -0.0938 0.8901
vn 0.7729 0.4292 0.4674
vn 0.8399 0.4748 0.2629
vn 0.9631 0.2171 0.1592
vn 0.6187 0.3040 0.7244
vn 0.4028 0.2019 0.8927
vn 0.2942 -0.0976 0.9507
vn 0.4927 0.7887 0.3677
vn 0.6485 0.6532 0.3909
vn 0.8015 0.3805 0.4613
vn -0.8643 -0.3458 -0.3653
vn -0.5298 -0.1283 -0.8383
vn -0.4950 0.0659 -0.8664
vn -0.9543 -0.2095 -0.2132
vn -0.8302 0.0648 -0.5536
vn -0.8021 -0.2429 -0.5455
vn -0.8430 -0.3599 -0.3998
vn -0.5632 -0.2436 -0.7896
vn -0.6126 -0.2466 -0.7509
vn -0.7643 -0.3903 -0.5133
vn -0.2587 0.9607 -0.1006
vn -0.2249 0.9740 0.0277
vn -0.3449 0.8556 0.3859
vn -0.9166 -0.1301 0.3781
vn 0.4245 0.5551 -0.7153
vn -0.6325 -0.2131 0.7447
vn -0.5392 -0.1028 0.8359
vn -0.2897 -0.9168 -0.2749
vn -0.9389 -0.0880 -0.3326
vn -0.8786 0.2909 -0.3787
vn 0.4789 -0.6164 0.6251
vn 0.3385 -0.3893 0.8567
vn 0.9477 -0.2826 0.1482
vn 0.9926 -0.0242 0.1191
vn 0.8538 -0.4876 0.1825
vn 0.5154 -0.3144 0.7972
vn 0.7480 -0.5350 0.3929
vn 0.8159 -0.5653 0.1213
vn 0.9409 -0.3365 -0.0388
vn 0.9973 0.0103 -0.0733
vn 0.8997 0.3368 0.2776
vn 0.5934 0.0571 0.8029
vn 0.5786 0.1374 0.8040
vn 0.7190 0.1952 0.6670
vn 0.7881 0.2262 0.5725
vn -0.3198 0.8686 0.3784
vn 0.8236 -0.5589 0.0965
vn 0.8649 -0.4790 0.1501
vn 0.6663 -0.5801 0.4685
vn 0.5791 0.8021 -0.1462
vn -0.2077 -0.6568 0.7249
vn -0.2153 0.4439 0.8698
vn 0.9812 -0.0684 -0.1807
vn 0.3107 0.8471 -0.4312
vn 0.0862 -0.6467 0.7578
vn 0.8677 0.0687 -0.4923
vn -0.2238 0.3163 0.9219
vn 0.6292 -0.4650 0.6228
vn 0.6552 0.3534 0.6677
vn 0.5479 0.2855 0.7863
vn 0.7787 0.4370 0.4502
vn 0.8344 0.0087 0.5511
vn 0.7030 0.3825 0.5995
vn 0.3910 -0.9087 0.1460
vn 0.6112 -0.7751 -0.1602
vn -0.2528 0.1703 0.9524
vn 0.7649 0.0053 -0.6441
vn -0.1204 -0.4852 0.8661
vn 0.8286 -0.4860 0.2781
vn 0.9452 -0.3228 -0.0498
vn 0.8666 -0.4209 0.2682
vn -0.6620 -0.0456 -0.7481
vn 0.9961 -0.0038 -0.0883
vn 0.9433 -0.3077 0.1246
vn 0.5641 -0.2849 0.7750
vn 0.9858 0.0063 0.1678
vn 0.9446 -0.2222 0.2415
vn 0.5810 -0.4726 0.6626
vn 0.9384 -0.1767 0.2969
vn 0.8088 -0.4363 0.3944
vn 0.7138 -0.3267 0.6195
vn 0.6352 -0.2489 0.7311
vn 0.9603 -0.0393 0.2761
vn 0.5519 -0.4453 0.7050
vn 0.7545 -0.5472 0.3624
vn 0.8101 -0.5134 0.2832
vn 0.7579 -0.4936 0.4265
vn 0.8460 -0.4401 0.3009
vn 0.6460 -0.2537 0.7200
vn 0.7449 -0.6377 0.1960
vn 0.8907 -0.1607 0.4253
vn 0.6705 -0.5322 0.5169
vn 0.5770 -0.5059 0.6413
vn 0.4729 -0.3377 0.8139
vn 0.8874 -0.3509 0.2989
vn 0.9547 -0.2544 0.1545
vn 0.9916 -0.0256 0.1268
vn 0.5179 -0.5698 0.6380
vn -0.9337 0.1369 -0.3308
vn 0.2885 -0.4293 0.8558
vn 0.8532 -0.4659 0.2345
vn -0.6902 -0.2856 -0.6649
vn -0.5634 0.5175 -0.6440
vn -0.5242 0.3091 -0.7935
vn -0.9891 0.0635 -0.1328
vn -0.9491 0.2431 -0.2002
vn -0.6309 0.4521 -0.6305
vn -0.5417 0.3133 -0.7800
vn -0.9869 0.0271 -0.1588
vn -0.7955 0.3925 -0.4616
vn -0.8548 0.3564 -0.3772
vn -0.9296 0.3042 -0.2080
vn -0.6690 0.4622 -0.5821
vn -0.7350 0.5162 -0.4396
vn -0.5873 0.0296 -0.8088
vn 0.1340 -0.8375 -0.5298
vn -0.0895 -0.9733 -0.2115
vn -0.8859 -0.3480 0.3066
vn 0.0168 0.2008 -0.9795
vn -0.0245 0.8710 0.4906
vn 0.0925 0.9732 0.2105
vn 0.4959 0.1622 -0.8531
vn 0.5375 0.1868 -0.8223
vn 0.3595 0.2329 0.9036
vn 0.3070 -0.1128 0.9450
vn 0.3818 0.3703 0.8468
vn 0.5931 0.3887 0.7050
vn 0.4178 -0.8960 0.1507
vn 0.8221 0.5141 0.2445
vn 0.9589 0.2834 0.0163
vn 0.9774 -0.1869 0.0989
vn 0.6834 -0.3142 0.6590
vn 0.7990 -0.3557 0.4848
vn 0.8607 -0.3030 0.4090
vn -0.0648 -0.9719 -0.2264
vn 0.1288 -0.8547 -0.5029
vn 0.4594 0.4581 0.7610
vn 0.7469 -0.3913 -0.5376
vn -0.1728 -0.0976 0.9801
vn -0.3714 -0.8423 0.3907
vn 0.9691 0.0993 0.2257
vn 0.4758 -0.3273 -0.8164
vn 0.0696 0.0034 0.9976
vn 0.8537 0.3978 -0.3362
vn -0.0032 -0.8473 0.5311
vn -0.1021 0.2863 -0.9527
vn 0.3345 0.2401 0.9113
vn 0.7750 -0.4986 0.3883
vn 0.8203 -0.1387 0.5548
vn 0.7708 -0.1829 0.6103
vn 0.8972 -0.4060 0.1737
vn 0.8524 -0.1192 0.5091
vn 0.8867 -0.4278 0.1755
vn 0.1625 0.7160 0.6789
vn 0.3799 0.8482 0.3692
vn 0.6867 0.5615 -0.4617
vn -0.3052 -0.0414 0.9514
vn 0.7295 -0.6828 -0.0402
vn 0.8174 -0.5758 -0.0166
vn 0.4397 -0.8612 0.2551
vn 0.5285 -0.7514 0.3950
vn 0.6961 0.4513 0.5583
vn -0.3823 -0.9047 -0.1882
vn -0.2348 -0.9719 0.0174
vn -0.4774 -0.5394 0.6937
vn 0.2637 0.0915 -0.9603
vn -0.5059 0.8145 0.2840
vn -0.9386 -0.0224 0.3441
vn -0.0306 -0.3816 -0.9238
vn 0.4344 0.4936 -0.7535
vn 0.4343 0.4948 -0.7527
vn -0.0563 -0.6613 -0.7480
vn 0.3160 -0.6179 -0.7199
vn -0.0865 0.4934 -0.8655
vn -0.0917 0.9863 0.1374
vn 0.0084 0.8725 -0.4886
vn -0.7273 -0.5167 0.4517
vn -0.8405 0.2349 -0.4883
vn -0.8970 -0.0981 -0.4309
vn -0.7148 -0.1680 -0.6788
vn -0.6952 0.0233 -0.7184
vn -0.8728 -0.1697 -0.4575
vn -0.9253 -0.0775 -0.3711
vn -0.9568 0.0403 -0.2880
vn -0.9311 0.1971 -0.3069
vn -0.8891 0.2474 -0.3850
vn -0.7772 0.3164 -0.5440
vn -0.7103 0.3320 -0.6207
vn -0.6488 0.2277 -0.7261
vn -0.6634 0.0812 -0.7438
vn -0.6821 -0.0538 -0.7292
vn -0.8032 -0.2217 -0.5529
vn 0.8741 0.3097 0.3741
vn 0.9316 -0.3074 -0.1938
vn 0.6514 0.2401 0.7198
vn 0.7807 0.6145 0.1136
vn 0.5237 0.1340 0.8413
vn 0.5814 -0.3036 0.7549
vn 0.6076 -0.4626 0.6456
vn 0.9514 -0.2394 0.1940
vn 0.8559 -0.4497 0.2553
vn 0.7515 -0.4609 0.4721
vn 0.7407 -0.1813 0.6469
vn 0.7980 -0.2204 0.5609
vn 0.7472 0.6582 0.0923
vn 0.5294 0.7358 0.4223
vn 0.3072 0.6055 0.7341
vn 0.1407 0.3002 0.9434
vn 0.0756 -0.0985 0.9923
vn 0.8927 -0.3768 -0.2471
vn 0.7289 -0.6832 -0.0431
vn 0.5076 -0.8193 0.2668
vn 0.2878 -0.7462 0.6002
vn 0.1296 -0.4822 0.8664
vn 0.8907 0.0665 0.4498
vn 0.9066 -0.0850 0.4133
vn -0.5534 -0.2015 0.8082
vn -0.5373 -0.4977 0.6808
vn -0.9553 0.2516 -0.1553
vn 0.8524 0.4592 0.2500
vn 0.9546 0.2976 0.0160
vn 0.7804 0.5910 -0.2043
vn 0.6626 0.5817 0.4718
vn 0.9991 -0.0257 0.0336
vn 0.9382 -0.1533 0.3102
vn 0.4897 0.1721 0.8547
vn 0.4436 -0.6470 0.6202
vn -0.0036 -0.7547 -0.6560
vn 0.8761 -0.2184 0.4298
vn -0.5404 -0.8309 0.1323
vn -0.5650 -0.1161 -0.8169
vn -0.4815 -0.1364 -0.8658
vn -0.8845 0.3818 -0.2682
vn -0.8764 0.4480 -0.1767
vn 0.6437 0.0633 0.7627
vn -0.7161 0.4310 0.5491
vn 0.0407 0.0251 0.9989
vn 0.9564 0.0114 -0.2918
vn 0.9585 0.0162 -0.2847
vn 0.9078 0.2154 0.3599
vn 0.9606 0.1917 0.2013
vn 0.9591 -0.1493 0.2404
vn 0.9911 -0.0259 0.1303
vn 0.5358 -0.4023 0.7424
vn 0.6525 0.2263 0.7232
vn -0.4937 0.0917 -0.8648
vn 0.1387 -0.3291 0.9340
vn 0.6833 -0.3023 -0.6646
vn 0.4634 0.5261 0.7131
vn 0.1799 0.2012 0.9629
vn 0.8996 -0.0947 0.4264
vn 0.6396 -0.0834 0.7642
vn 0.5813 -0.0991 0.8076
vn -0.5438 0.8280 -0.1366
vn 0.6324 0.4912 0.5990
vn 0.6005 0.0560 0.7977
vn -0.1135 -0.9490 0.2943
vn -0.2665 -0.7897 0.5525
vn -0.8638 -0.3906 -0.3182
vn -0.8617 -0.3603 -0.3574
vn -0.9627 -0.2113 -0.1688
vn -0.5202 -0.1806 -0.8347
vn 0.6092 0.3077 -0.7309
vn 0.9767 0.2102 -0.0446
vn -0.1670 0.0984 -0.9810
vn -0.1149 -0.1089 0.9874
vn 0.9837 0.1796 -0.0021
vn 0.3852 0.1827 -0.9045
vn 0.6042 0.0056 0.7968
vn -0.8409 0.0467 0.5392
vn 0.8741 0.2225 0.4318
vn -0.9857 -0.1678 0.0181
vn -0.3652 0.1055 -0.9249
vn -0.3662 -0.0942 0.9257
vn -0.9903 -0.0781 0.1152
vn -0.5980 -0.0647 -0.7989
vn -0.3982 -0.1572 0.9037
vn 0.4212 0.0168 0.9068
vn 0.4681 0.1231 0.8751
vn -0.6149 0.6710 -0.4143
vn 0.9914 0.1270 -0.0330
vn 0.4776 0.0630 -0.8763
vn -0.4721 -0.0182 -0.8814
vn -0.9756 -0.2171 0.0319
vn -0.4771 -0.3279 0.8154
vn 0.4920 -0.0957 0.8653
vn -0.9859 0.1545 0.0645
vn -0.5551 0.2706 -0.7865
vn 0.3717 0.4609 -0.8059
vn 0.8837 0.4680 0.0004
vn 0.4102 0.2308 0.8823
vn -0.5528 0.0616 0.8310
vn -0.9495 -0.3132 0.0178
vn -0.5059 -0.1375 -0.8516
vn 0.4674 0.0500 -0.8826
vn 0.9971 0.0619 -0.0443
vn 0.5535 -0.1138 0.8251
vn -0.4198 -0.3013 0.8561
vn 0.9710 -0.2237 -0.0844
vn -0.4531 0.0346 -0.8908
vn 0.6268 0.2438 -0.7401
vn -0.3590 -0.0641 0.9311
vn 0.3859 0.4437 -0.8088
vn 0.5252 0.1136 0.8434
vn 0.4598 0.2223 -0.8597
vn 0.9964 0.0833 0.0124
vn -0.5438 -0.0278 -0.8388
vn 0.9913 0.1316 -0.0007
vn 0.4601 0.2112 -0.8624
vn -0.5262 -0.0128 -0.8503
vn 0.5462 0.0296 0.8371
vn 0.5657 0.0069 0.8246
vn -0.4580 -0.1644 0.8736
vn -0.4705 -0.1932 0.8610
vn -0.9791 -0.2013 0.0288
vn -0.9908 -0.0956 0.0955
vn 0.4586 0.1789 -0.8704
vn 0.9768 0.1988 -0.0796
vn 0.5391 0.0147 0.8421
vn -0.5501 -0.0158 -0.8350
vn -0.4591 -0.1790 0.8702
vn -0.9820 -0.1863 0.0304
vn 0.9503 0.1415 0.2775
vn 0.7450 0.3316 0.5788
vn 0.5382 0.0143 0.8427
vn -0.4643 -0.1786 0.8675
vn -0.9751 -0.1932 0.1092
vn -0.4701 0.0069 -0.8826
vn 0.9772 0.1951 -0.0837
vn 0.4665 0.1803 -0.8659
vn -0.7962 0.0449 -0.6033
vn 0.7332 -0.1316 0.6672
vn 0.9824 0.1854 -0.0236
vn 0.5324 0.0684 -0.8437
vn 0.5464 0.0902 0.8327
vn -0.9789 -0.1984 -0.0482
vn -0.4995 0.1489 -0.8534
vn -0.5126 -0.1826 0.8390
vn 0.0905 -0.7419 -0.6643
vn 0.1237 -0.9904 0.0623
vn 0.0551 -0.9973 0.0487
vn -0.0861 -0.9859 -0.1434
vn 0.6215 -0.7504 -0.2250
vn 0.5484 0.0329 0.8355
vn -0.0016 -0.0592 -0.9982
vn -0.1226 -0.8168 0.5638
vn 0.9455 0.0012 -0.3255
vn 0.0725 -0.2333 -0.9697
vn 0.5458 -0.8347 0.0731
vn -0.7131 0.3064 -0.6306
vn 0.9819 -0.1681 -0.0877
vn -0.5799 -0.0906 -0.8096
vn 0.6308 0.0247 0.7755
vn -0.9927 -0.1187 0.0229
vn -0.9755 0.0502 -0.2144
vn -0.9933 0.0372 0.1092
vn -0.6390 -0.7518 0.1628
vn -0.0219 0.0391 0.9990
vn -0.5346 -0.0623 -0.8428
vn 0.4896 -0.8301 0.2668
vn -0.9866 -0.0101 0.1629
vn -0.7003 -0.2094 -0.6824
vn 0.6200 0.7840 0.0314
vn 0.4099 0.1149 -0.9049
vn 0.0684 -0.0485 -0.9965
vn 0.9699 0.0420 0.2398
vn -0.1641 -0.0282 0.9860
vn -0.7786 0.0282 0.6269
vn 0.8465 -0.1028 -0.5223
vn 0.8874 0.0318 -0.4598
vn 0.4579 0.2832 0.8427
vn -0.1941 -0.8057 -0.5595
vn 0.5447 -0.8375 0.0440
vn 0.8724 -0.0598 0.4852
vn -0.1987 0.7994 0.5670
vn 0.0316 0.8721 0.4883
vn -0.8251 0.1403 -0.5473
vn 0.6180 0.0475 -0.7848
vn -0.3159 0.6126 0.7246
vn -0.8607 -0.3567 0.3631
vn 0.0160 0.1028 0.9946
vn -0.4371 -0.8582 0.2691
vn -0.0532 -0.1199 -0.9914
vn 0.8061 -0.0389 -0.5905
vn -0.4495 0.2195 -0.8659
vn -0.9729 -0.2098 -0.0971
vn -0.4896 -0.0412 -0.8710
vn -0.8062 0.0200 0.5913
vn -0.0655 0.2134 -0.9748
vn -0.2592 -0.8765 0.4057
vn 0.2269 0.3465 -0.9102
vn 0.4286 -0.9015 0.0593
vn 0.1311 0.8412 -0.5247
vn -0.0710 0.3957 -0.9156
vn 0.3741 0.9255 0.0591
vn 0.4447 0.6170 0.6493
vn 0.9935 0.1032 0.0480
vn 0.9811 0.0380 -0.1896
vn 0.9684 0.1304 -0.2128
vn 0.9364 0.1186 -0.3302
vn 0.9264 0.1384 -0.3503
vn 0.2981 -0.7464 -0.5950
vn 0.3954 -0.9176 0.0412
vn 0.6111 -0.3026 0.7314
vn 0.2852 0.7095 0.6444
vn -0.1009 -0.0440 -0.9939
vn -0.0499 0.3582 -0.9323
vn 0.9229 0.0951 -0.3732
vn 0.0855 -0.9279 0.3630
vn -0.0770 -0.7242 -0.6853
vn -0.0611 -0.8269 0.5591
vn -0.0536 -0.4945 0.8675
vn 0.1152 -0.9503 0.2894
vn 0.0256 -0.4438 0.8957
vn 0.1639 -0.9814 0.1001
vn -0.9715 0.0521 0.2313
vn -0.6678 -0.1490 -0.7293
vn 0.4981 -0.6935 -0.5206
vn -0.0948 -0.6838 -0.7235
vn -0.0745 0.3332 -0.9399
vn 0.9263 0.0572 -0.3724
vn 0.9102 0.1629 -0.3809
vn 0.7782 0.2050 -0.5936
vn 0.9015 0.2967 -0.3150
vn 0.9942 0.1065 -0.0142
vn -0.4123 0.8346 -0.3652
vn -0.4559 -0.0495 -0.8887
vn -0.2566 0.9289 0.2672
vn -0.0146 0.6206 0.7840
vn -0.8046 0.0982 0.5857
vn -0.9181 0.0381 0.3945
vn -0.8885 -0.0033 0.4589
vn -0.9533 0.1076 0.2821
vn -0.9931 -0.0554 0.1038
vn -0.3055 -0.9172 0.2557
vn -0.0459 0.0062 0.9989
vn 0.1242 0.7095 0.6937
vn -0.4726 -0.0440 -0.8802
vn -0.4484 0.4057 -0.7965
vn -0.9736 0.0954 0.2074
vn 0.1323 -0.9279 0.3487
vn -0.3197 -0.7242 -0.6110
vn 0.3651 -0.8259 0.4296
vn 0.5299 -0.4945 0.6889
vn 0.0670 -0.9500 0.3050
vn 0.4800 -0.4438 0.7567
vn -0.0800 -0.9814 0.1747
vn 0.9572 -0.0859 -0.2763
vn 0.0725 -0.6561 -0.7512
vn 0.1144 0.3718 0.9212
vn -0.5824 -0.7990 -0.1495
vn -0.3264 -0.6838 -0.6526
vn -0.4642 0.3332 -0.8206
vn -0.9761 0.0572 0.2098
vn -0.9902 -0.0533 0.1293
vn -0.9252 0.1400 0.3528
vn -0.7554 0.3495 0.5543
vn 0.6270 0.3785 0.6809
vn 0.6902 0.7202 -0.0700
vn 0.5980 0.6519 -0.4663
vn 0.5762 0.3010 -0.7599
vn -0.0208 -0.5582 -0.8295
vn -0.6400 0.6828 0.3525
vn 0.1515 0.5632 0.8123
vn -0.8730 0.4873 -0.0185
vn -0.4649 -0.5605 -0.6853
vn -0.9502 0.1921 -0.2454
vn -0.2155 0.7384 -0.6390
vn 0.4023 0.9016 -0.1589
vn -0.1768 0.9697 -0.1688
vn -0.5189 0.7372 -0.4327
vn 0.0417 -0.9734 -0.2254
vn -0.5459 0.7881 0.2843
vn 0.5711 -0.5087 0.6442
vn -0.9642 -0.2114 0.1602
vn -0.0117 -0.4997 0.8661
vn -0.9166 -0.2569 0.3062
vn -0.2499 -0.9668 -0.0527
vn -0.8750 -0.0872 0.4762
vn -0.9374 -0.1964 0.2876
vn -0.4224 0.8915 0.1635
vn -0.0007 0.8211 0.5708
vn -0.1318 0.9658 -0.2234
vn 0.1068 0.9423 0.3173
vn -0.8576 -0.3185 0.4037
vn -0.8907 -0.2015 0.4074
vn -0.4927 0.7914 -0.3619
vn -0.1842 0.9763 -0.1134
vn 0.1423 0.7502 -0.6458
vn -0.4533 0.8151 -0.3608
vn -0.8288 -0.1487 0.5395
vn -0.5095 0.3417 -0.7897
vn 0.1596 0.6823 -0.7134
vn 0.9377 -0.2892 -0.1924
vn 0.9931 -0.1108 0.0390
vn 0.0486 0.3225 -0.9453
vn -0.3216 0.3636 -0.8743
vn -0.7632 0.1571 0.6268
vn -0.6296 0.0967 -0.7709
vn -0.3836 0.4729 -0.7933
vn -0.4222 0.3573 -0.8331
vn -0.2448 0.6736 -0.6974
vn -0.0308 0.9538 -0.2988
vn 0.2829 0.7833 -0.5535
vn 0.2123 0.7849 -0.5821
vn 0.4795 0.8775 -0.0058
vn 0.3424 0.9348 -0.0947
vn -0.4412 0.8933 0.0861
vn -0.3859 0.8891 0.2460
vn -0.3569 0.9132 0.1968
vn 0.3697 0.9259 -0.0783
vn -0.5767 0.7251 -0.3764
vn -0.0455 0.2400 0.9697
vn 0.3327 0.6054 0.7230
vn 0.4062 0.2453 0.8802
vn 0.0671 0.2407 0.9683
vn 0.9911 0.0980 0.0899
vn 0.1371 -0.1863 0.9729
vn 0.8608 0.4440 0.2487
vn 0.5680 -0.6524 -0.5018
vn -0.6761 0.0935 0.7309
vn -0.9184 0.2050 0.3384
vn 0.9894 -0.0135 0.1448
vn 0.9793 0.1306 -0.1547
vn 0.9062 -0.0072 0.4229
vn -0.5139 -0.0213 0.8576
vn 0.6733 0.0688 0.7362
vn 0.9455 0.3099 -0.1002
vn -0.4398 0.3312 -0.8348
vn -0.9624 0.1557 0.2227
vn -0.9585 0.0957 0.2684
vn -0.0971 -0.3026 0.9481
vn -0.1195 -0.0495 -0.9916
vn 0.8811 -0.0554 -0.4697
vn 0.8932 -0.0533 -0.4465
vn 0.6353 0.0138 0.7722
vn 0.8850 -0.2511 -0.3921
vn 0.9358 0.3497 -0.0454
vn -0.1954 0.0160 0.9806
vn 0.3193 0.0954 0.9428
vn 0.1177 -0.2466 0.9619
vn 0.8796 -0.0986 0.4653
vn 0.3477 -0.1463 0.9261
vn 0.7161 0.0553 0.6958
vn -0.8491 0.2902 0.4413
vn -0.8614 -0.1566 0.4832
vn 0.9805 -0.1451 -0.1327
vn 0.9906 -0.1365 0.0107
vn 0.9563 0.2903 0.0363
vn -0.0788 -0.0849 0.9933
vn 0.2678 0.3518 0.8970
vn 0.2555 0.3331 0.9076
vn -0.4619 -0.0448 0.8858
vn 0.8015 -0.2364 0.5493
vn -0.4473 -0.7706 -0.4540
vn -0.2578 0.0270 -0.9658
vn -0.0929 0.1284 -0.9874
vn 0.0835 -0.2871 -0.9543
vn -0.4539 0.1256 -0.8821
vn -0.2518 0.0039 -0.9678
vn 0.0856 -0.7004 -0.7086
vn -0.4078 0.2020 0.8904
vn -0.1536 0.1841 0.9708
vn -0.1496 0.0301 0.9883
vn 0.2013 0.6150 -0.7624
vn 0.9795 0.0511 0.1946
vn 0.8589 0.5104 0.0427
vn 0.9898 0.0057 0.1423
vn 0.2936 -0.2928 -0.9100
vn -0.0229 0.6063 -0.7949
vn -0.1195 -0.1940 -0.9737
vn 0.4836 -0.8146 0.3202
vn 0.2275 0.9721 0.0578
vn 0.3385 0.7516 0.5661
vn 0.3901 0.1551 0.9076
vn 0.4544 -0.7864 -0.4184
vn 0.0133 -0.5680 -0.8229
vn 0.0085 -0.9423 -0.3346
vn 0.9870 -0.1599 0.0154
vn 0.3906 -0.1356 -0.9105
vn 0.5704 0.0707 0.8183
vn 0.9875 -0.0656 -0.1436
vn 0.9423 -0.0085 -0.3346
vn 0.9528 -0.0767 -0.2937
vn 0.9044 -0.2876 -0.3153
vn 0.9262 -0.0473 0.3741
vn 0.9753 -0.0181 -0.2203
vn -0.5924 0.6035 -0.5337
vn -0.7178 0.4877 0.4969
vn -0.7268 0.0264 0.6863
vn -0.7116 -0.3143 -0.6284
vn -0.3290 -0.9429 -0.0512
vn -0.4165 0.6037 -0.6798
vn -0.3879 -0.1619 -0.9074
vn -0.2172 -0.8247 0.5222
vn -0.1877 0.9661 0.1775
vn -0.0850 0.7815 0.6181
vn 0.1485 0.1516 0.9772
vn -0.5863 -0.8014 -0.1186
vn -0.4339 -0.5745 -0.6941
vn -0.1601 -0.9448 -0.2860
vn -0.9305 -0.1874 0.3147
vn -0.5960 0.2694 -0.7564
vn -0.6568 -0.0183 0.7539
vn -0.9547 0.0955 0.2818
vn -0.9753 -0.0361 0.2179
vn -0.9606 -0.1043 0.2576
vn -0.9255 -0.3140 0.2119
vn -0.7876 -0.0418 0.6148
vn -0.8432 0.2917 -0.4516
vn 0.0617 0.2350 -0.9700
vn -0.1960 -0.0114 0.9805
vn -0.2077 -0.7669 0.6073
vn -0.2259 -0.7975 0.5595
vn 0.0121 0.8057 0.5922
vn 0.1347 0.0936 -0.9865
vn -0.5516 -0.0463 0.8328
vn -0.9744 0.0288 -0.2228
vn -0.5479 -0.8219 0.1560
vn 0.1381 0.6524 0.7452
vn 0.0483 0.8039 0.5928
vn -0.5867 -0.7223 0.3660
vn -0.7864 0.0565 0.6151
vn -0.8204 -0.1287 -0.5571
vn -0.1517 0.4215 -0.8941
vn -0.4468 0.2510 -0.8587
vn 0.8065 -0.1405 0.5743
vn -0.0875 -0.9900 -0.1110
vn -0.0882 -0.9899 -0.1106
vn -0.0873 -0.9898 -0.1122
vn 0.7392 -0.2908 0.6075
vn -0.8925 0.0925 -0.4415
vn -0.8558 0.4546 -0.2468
vn 0.1077 0.9528 0.2840
vn -0.2129 -0.0299 0.9766
vn -0.9723 -0.2227 0.0711
vn -0.7798 -0.0940 0.6190
vn 0.2011 0.5536 -0.8082
vn 0.2888 0.6397 -0.7123
vn -0.7976 0.0420 -0.6017
vn 0.5088 0.4042 -0.7601
vn 0.7783 -0.0615 -0.6249
vn 0.0785 -0.0079 0.9969
vn 0.1177 -0.3432 0.9318
vn -0.1360 0.9480 0.2879
vn 0.5265 0.3548 -0.7726
vn -0.0273 0.0314 0.9991
vn 0.4036 0.9133 0.0547
vn -0.7915 0.3412 -0.5070
vn -0.5929 0.7615 0.2620
vn -0.2146 -0.6192 0.7553
vn -0.1342 0.4599 -0.8778
vn -0.0376 -0.9515 0.3054
vn -0.8205 0.5169 -0.2443
vn -0.9324 -0.1942 0.3050
vn -0.8560 -0.0207 -0.5165
vn -0.9012 -0.4255 0.0822
vn -0.8821 -0.3165 -0.3489
vn -0.9054 0.3645 0.2176
vn 0.3775 0.3959 0.8371
vn -0.1422 0.9843 -0.1042
vn 0.2165 0.3505 -0.9112
vn -0.0337 -0.7001 -0.7132
vn -0.2756 -0.4578 0.8452
vn -0.2221 0.9578 -0.1827
vn -0.9686 0.1717 -0.1797
vn 0.6786 0.7307 -0.0748
vn -0.0475 0.9968 -0.0636
vn 0.6147 0.6701 0.4160
vn -0.8498 -0.5205 -0.0834
vn 0.9430 -0.2255 0.2447
vn -0.0542 0.9046 0.4228
vn 0.8998 0.2337 -0.3685
vn 0.3404 -0.6772 -0.6523
vn 0.3737 0.1445 0.9162
vn 0.8733 0.4713 0.1232
vn 0.4572 0.2146 -0.8631
vn -0.4996 -0.3839 -0.7765
vn -0.7640 -0.6004 0.2365
vn -0.1007 0.9909 0.0898
vn -0.9223 -0.3269 -0.2062
vn 0.0208 -0.9803 -0.1966
vn 0.2719 -0.9579 -0.0917
vn 0.9274 -0.2489 0.2792
vn 0.6461 0.7007 0.3026
vn 0.9175 0.3708 0.1438
vn 0.9612 -0.2292 0.1532
vn 0.3034 -0.8695 -0.3896
vn -0.5676 -0.2895 -0.7708
vn -0.6391 0.1287 -0.7583
vn 0.7749 0.5280 -0.3475
vn -0.1968 -0.0959 -0.9757
vn 0.3334 0.4609 0.8224
vn 0.9365 -0.2169 -0.2757
vn -0.2409 -0.0107 -0.9705
vn 0.2754 0.8806 -0.3856
vn 0.8143 0.3890 0.4308
vn 0.0184 -0.9579 -0.2864
vn 0.0939 0.4719 0.8767
vn -0.0127 0.9980 0.0617
vn -0.7860 -0.3028 -0.5390
vn -0.1258 0.1519 -0.9804
vn -0.5728 0.1565 0.8046
vn -0.5659 -0.4197 0.7096
vn -0.1166 0.9929 0.0227
vn 0.6948 -0.0101 -0.7192
vn -0.1793 0.0496 -0.9825
vn 0.4334 -0.8547 -0.2857
vn 0.1042 0.0185 -0.9944
vn 0.4769 -0.8065 0.3495
vn -0.0598 -0.9797 0.1915
vn 0.0464 0.9759 0.2132
vn -0.2567 0.9318 0.2567
vn -0.0693 -0.9460 0.3168
vn -0.1200 0.9926 0.0167
vn -0.9924 0.0713 0.1008
vn -0.1101 -0.9890 0.0991
vn 0.9873 0.1129 -0.1114
vn 0.8145 0.5510 -0.1815
vn -0.2798 0.9449 0.1698
vn 0.4975 -0.8638 -0.0801
vn 0.7394 -0.2926 0.6063
vn -0.9081 -0.3901 0.1522
vn -0.0071 0.0333 -0.9994
vn 0.9179 0.3650 -0.1554
vn 0.5043 0.3764 -0.7772
vn 0.2134 -0.2464 -0.9454
vn -0.7968 -0.6034 0.0308
vn -0.4800 0.0591 0.8753
vn -0.2714 0.8073 0.5240
vn 0.5862 0.1729 -0.7915
vn 0.6467 -0.2838 0.7080
vn 0.1861 0.1403 -0.9725
vn 0.0138 -0.7965 0.6044
vn 0.9311 0.2764 -0.2381
vn -0.3088 0.6105 -0.7293
vn 0.5297 0.1806 0.8287
vn -0.7952 0.0207 -0.6060
vn 0.0261 -0.3324 0.9428
vn 0.4794 0.7792 -0.4037
vn -0.2099 -0.2940 -0.9325
vn -0.5524 -0.8327 -0.0380
vn -0.0654 0.9448 -0.3210
vn 0.0111 0.2034 -0.9790
vn 0.0730 -0.8119 -0.5792
vn -0.0586 -0.7790 0.6243
vn -0.2478 0.0404 0.9680
vn 0.7378 0.5838 -0.3390
vn 0.5188 -0.1902 0.8334
vn -0.1208 -0.5326 0.8377
vn -0.7786 -0.5540 0.2948
vn -0.8887 -0.1694 -0.4260
vn -0.7692 0.1330 -0.6249
vn 0.1412 0.6635 -0.7348
vn -0.6312 0.1610 -0.7587
vn -0.6884 -0.3582 -0.6307
vn 0.5693 -0.8218 -0.0249
vn 0.8437 -0.1641 0.5112
vn 0.8368 0.3897 0.3844
vn -0.1669 0.4395 -0.8826
vn 0.9993 0.0368 0.0043
vn -0.8614 0.0834 0.5010
vn -0.7484 -0.0209 0.6629
vn 0.9860 0.0225 -0.1653
vn -0.0601 0.8693 -0.4906
vn -0.9137 -0.1316 -0.3845
vn 0.4233 -0.9044 0.0532
vn -0.9636 0.2304 0.1354
vn 0.1606 0.9610 0.2250
vn -0.0782 0.9688 -0.2353
vn 0.9717 -0.2223 -0.0798
vn 0.5622 -0.8108 -0.1631
vn -0.1741 0.1759 0.9689
vn -0.0668 0.9942 -0.0849
vn 0.0836 -0.1861 -0.9790
vn 0.7624 0.0844 -0.6415
vn 0.1649 -0.7567 -0.6326
vn 0.6304 -0.0463 -0.7749
vn -0.7923 -0.0505 0.6081
vn -0.7941 -0.0503 0.6057
vn -0.2300 -0.7416 -0.6302
vn 0.8503 -0.3204 0.4175
vn 0.0163 -0.9327 0.3602
vn -0.3073 0.9259 -0.2195
vn -0.0956 0.9719 0.2153
vn -0.0920 -0.8950 0.4364
vn 0.0182 0.9987 -0.0482
vn 0.6607 0.1927 0.7255
vn 0.1307 -0.9348 0.3303
vn -0.6291 -0.1026 -0.7705
vn -0.0423 0.9982 0.0429
vn -0.2503 -0.9666 0.0556
vn -0.9548 0.2874 0.0756
vn 0.9575 0.0501 -0.2839
vn -0.6831 -0.3005 0.6657
vn 0.2598 0.3431 0.9026
vn 0.9908 -0.0041 0.1353
vn 0.2305 -0.1574 -0.9603
vn -0.9834 0.0088 -0.1811
vn -0.3753 0.0847 -0.9230
vn 0.2521 -0.4054 0.8787
vn 0.0363 -0.2421 0.9696
vn -0.0260 -0.4194 -0.9074
vn 0.9368 -0.3164 0.1495
vn 0.1188 0.4509 0.8846
vn -0.7318 0.1811 0.6570
vn -0.9461 0.1867 -0.2647
vn -0.1598 0.9848 0.0687
vn -0.0791 -0.0255 0.9965
vn -0.0015 -0.7230 0.6909
vn -0.0509 -0.7244 0.6875
vn 0.7839 -0.3767 0.4936
vn 0.4110 0.1400 -0.9008
vn -0.0137 -0.0601 0.9981
vn 0.9280 0.0439 0.3700
vn 0.4755 -0.6329 0.6110
vn 0.4819 -0.8255 0.2937
vn -0.2999 0.7156 0.6308
vn 0.8794 -0.4689 0.0817
vn -0.1406 0.8595 0.4914
vn 0.6313 0.5003 0.5926
vn 0.3085 -0.6809 0.6642
vn 0.4603 -0.1572 0.8737
vn 0.8702 -0.4124 0.2697
vn 0.3249 0.3502 -0.8785
vn 0.8643 0.1564 -0.4781
vn 0.8645 -0.4208 0.2748
vn -0.2254 0.9743 0.0055
vn 0.3583 0.0599 0.9317
vn -0.8162 -0.4201 -0.3966
vn -0.4568 -0.3692 -0.8094
vn 0.2684 0.1951 0.9434
vn -0.8464 -0.3212 -0.4249
vn 0.8183 0.5560 0.1459
vn -0.5409 -0.2547 -0.8016
vn 0.4991 0.3255 -0.8031
vn -0.3638 -0.3057 0.8799
vn -0.1431 -0.6403 0.7547
vn 0.2640 0.1830 0.9470
vn 0.6827 0.7166 0.1429
vn 0.3240 0.5228 -0.7885
vn 0.9758 0.0117 -0.2184
vn -0.0449 0.9965 0.0707
vn 0.9913 -0.0452 0.1240
vn 0.3545 0.0560 0.9334
vn 0.2112 -0.8836 0.4178
vn 0.1283 0.9606 0.2465
vn -0.6755 0.0585 0.7351
vn 0.1859 0.0958 0.9779
vn 0.0670 -0.8857 0.4593
vn -0.3918 0.0154 -0.9199
vn -0.1562 0.0240 -0.9874
vn 0.8368 -0.3239 0.4415
vn 0.6802 0.0850 0.7281
vn -0.5373 -0.0307 0.8428
vn -0.8845 -0.0966 -0.4564
vn 0.5444 0.0877 -0.8343
vn -0.3643 0.8115 0.4569
vn -0.0541 0.8144 0.5778
vn -0.8066 0.0332 -0.5902
vn -0.4381 0.7373 0.5143
vn 0.0422 0.9514 0.3051
vn 0.8349 -0.3576 0.4185
vn -0.8151 0.0310 0.5785
vn 0.8322 -0.0952 0.5462
vn 0.8301 -0.0564 -0.5548
vn 0.2353 0.1044 -0.9663
vn -0.8398 0.2460 -0.4839
vn -0.0726 -0.1876 0.9796
vn -0.9165 -0.1560 0.3684
vn 0.2065 0.0383 -0.9777
vn -0.9097 -0.0356 -0.4138
vn -0.9145 0.1826 -0.3611
vn 0.9684 0.0359 0.2466
vn -0.8458 -0.2137 0.4889
vn -0.1698 -0.0952 0.9809
vn -0.8519 0.0151 0.5235
vn -0.1645 -0.3802 0.9102
vn 0.7727 -0.0940 0.6278
vn 0.7878 -0.2966 0.5399
vn 0.1773 0.2558 -0.9503
vn -0.0196 0.1312 -0.9912
vn 0.8051 0.0890 -0.5864
vn 0.8865 -0.2352 0.3986
vn 0.7960 -0.1881 -0.5754
vn 0.1888 0.5862 -0.7879
vn 0.4160 0.7732 -0.4787
vn 0.0746 0.9865 0.1461
vn -0.0295 -0.9068 -0.4205
vn -0.9993 -0.0329 0.0154
vn 0.0295 -0.9988 0.0381
vn 0.0301 -0.9988 0.0392
vn 0.0301 -0.9987 0.0407
vn -0.9700 -0.2250 0.0918
vn 0.9836 0.0645 0.1685
vn 0.9963 0.0737 0.0443
vn 0.9690 0.1228 0.2142
vn 0.9386 0.1070 0.3280
vn 0.9376 0.1150 0.3282
vn 0.9388 0.1130 0.3255
vn -0.4167 0.2336 0.8785
vn 0.7276 -0.1584 0.6674
vn 0.3060 0.0534 0.9505
vn 0.9996 -0.0181 0.0224
vn 0.0577 0.1900 -0.9801
vn -0.2662 -0.3897 -0.8816
vn -0.9871 -0.1600 0.0025
vn -0.9868 -0.1619 0.0043
vn -0.6506 0.1857 0.7364
vn -0.6663 -0.2118 0.7149
vn 0.0637 0.9923 0.1062
vn 0.0959 0.0003 -0.9954
vn 0.6578 -0.6252 0.4199
vn 0.3656 0.1752 -0.9141
vn 0.5639 0.1921 -0.8032
vn 0.4065 0.1522 -0.9009
vn -0.9546 -0.2872 0.0785
vn -0.0259 0.0559 0.9981
vn 0.9607 -0.2489 0.1230
vn 0.0208 0.0319 -0.9993
vn 0.2782 0.8445 0.4575
vn -0.2576 0.8639 0.4329
vn 0.9959 -0.0839 -0.0335
vn 0.4390 0.7151 0.5439
vn -0.1454 0.9802 0.1345
vn -0.9609 -0.2595 -0.0967
vn 0.3102 0.1655 0.9362
vn 0.9339 -0.3487 -0.0788
vn 0.9323 -0.3558 -0.0649
vn -0.9990 -0.0337 -0.0290
vn -0.3685 -0.1691 -0.9141
vn 0.4146 -0.1466 -0.8981
vn 0.9778 0.2031 0.0526
vn -0.5610 0.0954 0.8223
vn 0.5048 0.0770 0.8598
vn 0.4157 -0.2640 -0.8704
vn 0.9587 0.1786 0.2213
vn 0.9717 -0.0379 0.2332
vn 0.3770 0.1176 -0.9187
vn 0.3673 -0.0000 0.9301
vn -0.5378 -0.0551 0.8413
vn -0.5366 -0.0607 0.8417
vn -0.4588 0.1678 0.8726
vn 0.3776 0.1462 0.9143
vn -0.4346 -0.0040 0.9006
vn -0.9748 -0.2222 0.0183
vn -0.9989 -0.0238 0.0395
vn 0.4392 -0.1208 -0.8902
vn 0.6164 -0.0596 -0.7852
vn -0.3300 -0.2196 -0.9181
vn -0.9542 -0.2285 -0.1929
vn -0.5126 -0.1719 -0.8413
vn -0.0274 0.6962 -0.7173
vn 0.2354 -0.2800 -0.9307
vn -0.0390 -0.1043 -0.9938
vn 0.4592 -0.1261 -0.8793
vn 0.0836 0.1518 -0.9849
vn -0.7565 0.0724 0.6500
vn -0.8352 0.1292 0.5346
vn -0.9338 0.3253 -0.1490
vn -0.8450 0.2669 -0.4634
vn -0.9026 0.2757 -0.3306
vn -0.8477 0.1134 0.5182
vn 0.2760 0.3826 -0.8817
vn -0.3012 -0.0202 -0.9534
vn 0.4762 0.4539 -0.7531
vn 0.5840 -0.2309 -0.7782
vn 0.5297 0.0129 -0.8481
vn 0.3673 0.1395 0.9196
vn 0.8648 0.3254 0.3824
vn 0.9776 0.1961 0.0765
vn 0.9752 0.1075 0.1935
vn 0.3664 0.2608 0.8931
vn 0.7684 -0.0811 -0.6348
vn -0.5265 0.0861 0.8458
vn 0.3877 0.1480 0.9098
vn -0.2284 -0.9451 -0.2338
vn 0.2682 -0.9602 0.0776
vn -0.0324 0.1132 0.9930
vn -0.3803 -0.0348 0.9242
vn 0.5997 0.0350 -0.7995
vn 0.5684 -0.1659 -0.8058
vn -0.8528 -0.4556 -0.2553
vn 0.0745 0.9201 -0.3845
vn 0.7875 0.1503 -0.5977
vn -0.8021 0.5952 0.0486
vn -0.2050 0.9305 0.3036
vn -0.4721 -0.8695 0.1450
vn 0.0840 0.9637 0.2536
vn 0.0534 0.9176 0.3940
vn 0.5893 0.7747 -0.2290
vn 0.2691 -0.2933 -0.9174
vn 0.9120 -0.1125 0.3945
vn 0.6298 -0.1133 0.7684
vn 0.6046 -0.0911 0.7913
vn -0.0615 -0.0060 0.9981
vn -0.0702 0.0136 0.9974
vn -0.3514 -0.0891 0.9320
vn -0.8961 -0.1458 0.4193
vn -0.9990 -0.0297 -0.0323
vn -0.5597 -0.0518 -0.8271
vn 0.1565 -0.1404 -0.9776
vn 0.3290 -0.0085 -0.9443
vn 0.9189 0.0240 0.3937
vn 0.5345 0.1261 0.8357
vn -0.1618 0.0457 0.9858
vn -0.3789 0.0160 0.9253
vn -0.7878 -0.0164 0.6157
vn -0.9775 0.0816 -0.1943
vn -0.4928 -0.0806 -0.8664
vn 0.2757 -0.0122 -0.9612
vn -0.6240 -0.0338 -0.7807
vn -0.5493 -0.0516 -0.8340
vn 0.8966 -0.0537 -0.4395
vn 0.7783 -0.2990 -0.5522
vn -0.9415 -0.1586 0.2974
vn 0.1444 0.0229 -0.9893
vn 0.9800 0.1989 -0.0074
vn 0.9215 0.0348 0.3869
vn -0.0835 0.5824 -0.8086
vn -0.0203 0.2818 0.9593
vn -0.2746 0.8784 0.3913
vn 0.9413 -0.1085 0.3196
vn 0.1809 0.9627 -0.2013
vn -0.2230 -0.2191 -0.9499
vn 0.3211 0.1624 -0.9330
vn 0.0076 0.3847 0.9230
vn 0.0282 0.6921 0.7212
vn 0.2857 0.9038 -0.3185
vn 0.1024 0.7175 -0.6890
vn 0.0633 0.6613 -0.7474
vn -0.0025 0.7374 -0.6755
vn -0.0792 0.7970 0.5987
vn -0.1951 0.3939 0.8982
vn 0.0830 0.1982 -0.9766
vn 0.1049 -0.7419 -0.6623
vn 0.0355 -0.9066 0.4205
vn -0.0783 -0.4473 0.8909
vn -0.0652 0.8491 0.5242
vn -0.0438 0.9386 -0.3422
vn 0.6030 -0.5494 0.5784
vn 0.9235 -0.3814 -0.0397
vn 0.7120 -0.6020 -0.3613
vn 0.3060 -0.8650 -0.3976
vn 0.1992 -0.9569 -0.2112
vn 0.2724 -0.8570 0.4375
vn 0.4086 0.8935 0.1861
vn -0.9622 -0.2588 -0.0852
vn 0.6049 0.7085 0.3633
vn 0.8901 0.4268 0.1598
vn 0.8995 -0.2290 0.3722
vn 0.9557 -0.2624 0.1336
vn -0.6864 0.6901 0.2295
vn -0.7042 0.7062 0.0740
vn -0.4246 0.8747 0.2338
vn -0.8191 0.1601 -0.5509
vn 0.2793 0.8991 0.3369
vn -0.2494 -0.3651 -0.8969
vn 0.4743 -0.0510 -0.8789
vn -0.4955 0.2998 0.8152
vn 0.6046 -0.4959 -0.6233
vn -0.4150 -0.7766 0.4740
vn 0.2611 -0.6502 0.7135
vn -0.5297 -0.0392 -0.8473
vn 0.1032 -0.2537 -0.9618
vn 0.3254 -0.2741 -0.9050
vn 0.7210 -0.0364 -0.6920
vn -0.5299 0.1749 -0.8298
vn 0.1431 0.0099 -0.9897
vn 0.4026 0.0513 -0.9139
vn 0.8633 -0.0573 -0.5014
vn 0.1533 -0.2184 -0.9637
vn 0.2130 0.1078 -0.9711
vn 0.2990 0.1162 -0.9472
vn -0.3540 0.0255 -0.9349
vn -0.6142 0.1064 -0.7819
vn 0.7934 -0.0428 -0.6073
vn 0.0689 -0.9955 -0.0650
vn -0.9921 -0.0188 0.1238
vn -0.3662 0.7852 -0.4994
vn 0.9379 -0.1958 -0.2863
vn 0.9247 -0.2065 -0.3198
vn -0.0174 -0.9896 0.1430
vn -0.0141 -0.9996 0.0251
vn 0.2214 0.9716 -0.0839
vn 0.8281 -0.3166 0.4626
vn -0.0297 0.9853 -0.1680
vn 0.0529 -0.9690 -0.2414
vn 0.0210 -0.9879 -0.1537
vn -0.9969 0.0756 0.0237
vn 0.1379 0.9902 0.0239
vn 0.9598 0.0349 0.2786
vn 0.1483 -0.9851 -0.0874
vn 0.1400 0.9810 -0.1343
vn 0.0485 -0.9865 -0.1566
vn -0.3750 0.1370 0.9168
vn 0.0314 0.9977 -0.0606
vn -0.1349 0.1929 0.9719
vn -0.0768 -0.4013 0.9127
vn -0.3849 -0.0329 0.9224
vn -0.5395 -0.3671 0.7577
vn 0.1620 -0.2958 -0.9414
vn 0.2398 0.9173 -0.3178
vn -0.6053 0.7862 0.1244
vn -0.8842 0.2899 0.3663
vn -0.6386 0.4498 0.6244
vn 0.7193 -0.6943 0.0217
vn 0.7263 0.0035 -0.6874
vn 0.7115 -0.0583 -0.7003
vn -0.9983 -0.0120 0.0564
vn -0.9812 0.0031 -0.1930
vn -0.2467 -0.9101 -0.3329
vn -0.7889 -0.5802 -0.2024
vn -0.4737 -0.3056 0.8260
vn 0.3565 -0.3220 0.8770
vn 0.6642 0.1302 0.7361
vn 0.0953 0.9303 0.3542
vn 0.4903 0.7028 0.5155
vn -0.8654 0.1152 -0.4877
vn 0.4356 0.8761 0.2067
vn -0.6088 0.3366 -0.7183
vn 0.7890 0.1447 -0.5970
vn -0.9710 -0.2265 -0.0768
vn -0.9725 -0.2200 -0.0759
vn -0.6473 -0.3611 -0.6712
vn 0.8428 -0.0593 -0.5349
vn -0.3632 -0.7378 0.5690
vn -0.0452 0.9710 0.2348
vn -0.4854 -0.0504 0.8728
vn -0.2816 -0.9244 0.2572
vn 0.0691 -0.8409 0.5367
vn -0.0848 -0.0627 0.9944
vn -0.0798 0.9659 0.2464
vn -0.0919 -0.6617 0.7441
vn -0.1646 -0.9478 0.2731
vn 0.0018 0.1831 -0.9831
vn -0.6644 -0.7397 -0.1073
vn 0.6216 0.7654 -0.1667
vn -0.2360 -0.8472 -0.4760
vn -0.6091 -0.7701 0.1895
vn 0.8867 -0.4251 -0.1817
vn 0.6107 0.7112 0.3482
vn 0.8999 -0.4051 0.1613
vn -0.6039 -0.7184 -0.3454
vn -0.8600 0.5092 -0.0335
vn 0.4214 0.4627 0.7799
vn 0.7415 -0.4791 0.4698
vn -0.4078 -0.4634 -0.7867
vn 0.2889 -0.0533 0.9559
vn 0.6060 -0.6663 0.4345
vn -0.2882 -0.0228 -0.9573
vn -0.8840 0.4602 0.0828
vn -0.4650 -0.6405 0.6111
vn 0.8175 -0.4811 -0.3165
vn 0.4870 0.6488 -0.5847
vn -0.8764 0.4540 -0.1608
vn -0.2728 0.4974 -0.8235
vn 0.5416 -0.7785 0.3172
vn -0.9164 0.3857 0.1067
vn 0.6127 -0.7801 -0.1262
vn 0.0072 -0.1869 0.9824
vn -0.8984 0.3863 -0.2089
vn 0.3273 -0.0131 0.9448
vn 0.1936 0.2156 -0.9571
vn 0.1019 -0.1430 -0.9845
vn -0.8933 -0.3198 -0.3158
vn -0.0922 -0.9784 0.1852
vn 0.0707 0.9134 -0.4009
vn -0.0243 -0.8299 -0.5573
vn -0.0815 -0.9054 0.4166
vn 0.9639 0.1130 -0.2410
vn -0.9451 0.2674 -0.1879
vn 0.0159 0.9883 0.1514
vn 0.9698 0.1950 0.1468
vn -0.0280 -0.9889 -0.1461
vn -0.0335 0.7659 0.6421
vn -0.0878 0.7854 0.6128
vn 0.8571 0.0632 0.5112
vn 0.0465 -0.7477 -0.6624
vn -0.9705 0.2386 0.0353
vn -0.0631 0.5668 0.8214
vn -0.0123 0.5048 0.8631
vn 0.8310 -0.1356 0.5395
vn 0.0876 -0.4294 -0.8989
vn -0.9732 0.2260 0.0437
vn -0.1039 -0.6105 0.7852
vn 0.9281 -0.0291 -0.3712
vn 0.0907 0.6370 -0.7656
vn -0.9437 0.2028 -0.2614
vn 0.0279 -0.0274 -0.9992
vn 0.7978 -0.2575 0.5452
vn -0.9950 -0.0306 0.0954
vn 0.9458 -0.2833 -0.1588
vn -0.1037 -0.1398 0.9847
vn -0.9542 0.1034 -0.2807
vn -0.1477 -0.4506 0.8804
vn -0.5137 0.1728 0.8404
vn 0.9225 -0.3504 0.1620
vn 0.5576 0.8278 0.0620
vn -0.6121 0.7877 0.0699
vn -0.9234 -0.3419 0.1743
vn 0.0139 0.4595 0.8881
vn -0.5005 -0.8423 -0.1999
vn 0.0175 0.1741 -0.9846
vn -0.2622 -0.9545 -0.1422
vn -0.2561 0.7375 -0.6249
vn 0.5169 -0.8459 -0.1316
vn -0.8465 -0.2755 -0.4556
vn 0.8530 0.5117 0.1024
vn -0.3886 0.9163 -0.0970
vn -0.9805 -0.1393 -0.1387
vn 0.3219 -0.9368 -0.1369
vn 0.8808 0.4171 0.2240
vn -0.4178 0.7780 0.4692
vn -0.9656 -0.0586 0.2533
vn -0.4052 0.4336 0.8049
vn -0.3536 0.5171 0.7795
vn -0.8927 -0.3047 0.3320
vn 0.3250 -0.5049 -0.7997
vn 0.8582 0.3746 0.3510
vn 0.1447 -0.6680 0.7300
vn -0.7710 -0.3978 -0.4974
vn -0.1336 0.3896 -0.9112
vn 0.9139 0.3964 0.0870
vn 0.2646 -0.0304 -0.9639
vn -0.8357 -0.5488 -0.0209
vn 0.8818 0.3018 0.3623
vn -0.7443 -0.5736 -0.3420
vn 0.0114 0.1377 0.9904
vn 0.9428 0.3307 0.0417
vn -0.4351 0.1308 0.8908
vn 0.9649 0.1641 0.2053
vn 0.9673 0.1606 0.1962
vn 0.1599 -0.1198 -0.9798
vn 0.6433 0.7490 0.1586
vn 0.9963 -0.0041 -0.0853
vn -0.0107 -0.9987 0.0505
vn 0.0839 0.9444 -0.3179
vn 0.1129 -0.7886 -0.6044
vn -0.0814 -0.9357 0.3433
vn -0.8635 0.2071 -0.4598
vn 0.9744 0.2122 0.0741
vn 0.0231 0.9766 0.2140
vn -0.0094 0.9762 0.2165
vn -0.9588 0.2734 -0.0767
vn 0.0084 -0.9798 -0.2000
vn -0.1010 0.7585 0.6438
vn -0.9396 0.1694 0.2973
vn 0.0818 -0.6928 -0.7165
vn -0.0525 0.3824 0.9225
vn -0.9607 -0.1061 0.2563
vn 0.1756 -0.5067 -0.8440
vn 0.9377 0.1474 0.3146
vn -0.1345 -0.6698 0.7303
vn -0.8342 0.0496 -0.5492
vn 0.1355 0.7037 -0.6975
vn 0.9908 0.1338 0.0186
vn 0.3213 -0.1006 -0.9416
vn -0.9233 -0.2298 0.3077
vn 0.9407 -0.1154 0.3191
vn -0.8910 -0.1941 -0.4105
vn -0.1561 -0.2155 0.9639
vn 0.9996 0.0299 0.0015
vn -0.3277 0.0716 0.9421
vn 0.5121 -0.5753 0.6378
vn 0.4974 -0.5907 0.6354
vn -0.1565 -0.9819 0.1065
vn 0.6218 0.7288 0.2867
vn 0.8272 -0.4267 0.3655
vn 0.3680 -0.4131 0.8330
vn 0.2662 -0.4066 0.8740
vn -0.2581 0.3026 0.9175
vn 0.5480 -0.8020 0.2378
vn 0.4375 0.2874 -0.8521
vn 0.9642 0.1894 0.1854
vn -0.2811 -0.7955 -0.5367
vn 0.0479 -0.0479 -0.9977
vn 0.3033 0.7757 -0.5534
vn -0.2252 0.9432 0.2443
vn -0.9268 -0.1056 0.3605
vn 0.2823 -0.9378 -0.2020
vn 0.8559 -0.0611 0.5135
vn 0.0729 0.9177 0.3905
vn -0.3806 0.9016 0.2054
vn -0.8430 0.0455 -0.5360
vn -0.0741 -0.9039 -0.4213
vn -0.8252 0.2138 -0.5228
vn -0.7843 -0.1073 -0.6110
vn -0.7999 -0.1438 -0.5826
vn -0.7766 -0.0897 -0.6236
vn -0.5654 0.8236 -0.0454
vn -0.3226 -0.7729 -0.5465
vn 0.0278 -0.0059 0.9996
vn 0.0094 0.0079 0.9999
vn -0.5136 0.8580 0.0056
vn 0.1398 0.7085 -0.6917
vn 0.3479 -0.2096 -0.9138
vn 0.0380 -0.9285 -0.3695
vn -0.4938 -0.7609 0.4209
vn -0.8236 0.1391 0.5499
vn -0.8477 0.2225 -0.4816
vn -0.8335 0.2679 -0.4831
vn -0.6310 0.2207 0.7438
vn 0.2086 0.7807 -0.5890
vn 0.2558 -0.1113 -0.9603
vn 0.5648 0.0131 0.8251
vn 0.1686 -0.0880 0.9817
vn 0.5577 0.0414 0.8290
vn 0.2889 -0.9414 -0.1740
vn 0.8532 -0.0428 0.5199
vn 0.0048 -0.9210 -0.3896
vn -0.8518 0.2414 -0.4650
vn -0.7784 -0.1193 -0.6163
vn -0.3185 -0.7704 -0.5523
vn -0.9398 0.0275 0.3406
vn -0.1000 -0.8443 -0.5265
vn -0.0883 0.6081 -0.7889
vn 0.7533 0.3852 0.5330
vn 0.8174 0.5268 0.2330
vn 0.8582 0.4028 0.3182
vn 0.3090 -0.0943 0.9464
vn 0.8539 0.3963 0.3374
vn 0.0868 0.8817 -0.4637
vn 0.9605 0.2104 0.1820
vn 0.8789 0.2015 0.4323
vn 0.1185 0.6764 0.7270
vn 0.7228 0.1551 0.6734
vn 0.1856 -0.3895 -0.9021
vn 0.1898 -0.3904 -0.9009
vn 0.6181 -0.0842 0.7815
vn 0.9030 0.3954 -0.1680
vn 0.9033 0.3986 -0.1584
vn 0.5238 0.0153 0.8517
vn 0.5084 0.0010 0.8611
vn 0.5046 0.1591 0.8486
vn 0.6212 0.4009 0.6733
vn 0.7077 0.3772 0.5974
vn 0.6431 0.3231 0.6943
vn 0.6231 0.2690 0.7344
vn 0.6189 -0.0614 0.7831
vn 0.2301 0.6281 0.7434
vn 0.4603 -0.0525 0.8862
vn 0.9592 0.2765 0.0591
vn 0.6474 0.2302 0.7266
vn 0.4866 0.1605 0.8587
vn 0.4266 -0.0909 0.8999
vn 0.7922 0.3185 0.5206
vn 0.8563 0.3820 0.3475
vn 0.9651 0.2320 0.1214
vn 0.4654 0.4343 0.7713
vn 0.3450 0.2214 0.9121
vn 0.3208 -0.0996 0.9419
vn 0.5300 0.7342 0.4244
vn -0.8654 -0.3476 -0.3609
vn -0.5544 -0.1350 -0.8212
vn -0.5245 0.0934 -0.8463
vn -0.9589 -0.1716 -0.2259
vn -0.7006 -0.1812 -0.6902
vn -0.8262 -0.3857 -0.4107
vn -0.5792 -0.1839 -0.7942
vn -0.6365 -0.2381 -0.7336
vn -0.7648 -0.4008 -0.5045
vn -0.2436 0.9652 -0.0953
vn -0.1246 0.9896 0.0719
vn -0.4177 0.8568 0.3024
vn -0.6234 -0.0819 0.7776
vn -0.0139 0.4187 -0.9080
vn -0.3168 -0.9048 -0.2845
vn 0.4752 -0.6196 0.6248
vn 0.6398 -0.6723 0.3724
vn 0.3454 -0.3859 0.8554
vn 0.9474 -0.2715 0.1695
vn 0.9928 -0.0241 0.1169
vn 0.6788 -0.5940 0.4318
vn 0.6575 -0.2071 0.7244
vn 0.7270 -0.5632 0.3929
vn 0.9415 -0.3352 -0.0341
vn 0.9966 0.0108 -0.0811
vn 0.8621 0.3765 0.3392
vn 0.8399 0.4426 0.3142
vn 0.8628 0.3480 0.3666
vn 0.5452 0.1130 0.8307
vn 0.6901 0.2204 0.6893
vn 0.7854 0.2783 0.5529
vn -0.1301 0.9864 0.1009
vn 0.6243 -0.6814 0.3821
vn 0.5675 0.7973 -0.2055
vn -0.1131 -0.5364 0.8363
vn -0.5282 0.3322 0.7815
vn 0.8950 -0.1354 -0.4251
vn 0.4804 0.8684 -0.1229
vn 0.1618 -0.5488 0.8201
vn 0.7627 -0.0751 -0.6424
vn -0.1710 0.3461 0.9225
vn 0.6154 -0.4846 0.6216
vn 0.5416 0.3156 0.7791
vn 0.8023 -0.0108 0.5968
vn 0.7480 -0.0213 0.6633
vn 0.8716 0.0538 0.4873
vn 0.7632 0.4503 0.4635
vn 0.3945 -0.9068 0.1485
vn 0.6084 -0.7766 -0.1637
vn 0.8499 0.1046 -0.5164
vn 0.6333 0.7090 -0.3101
vn -0.2270 -0.5976 0.7690
vn 0.8300 -0.5005 0.2461
vn 0.9512 -0.3083 0.0122
vn 0.8379 -0.5367 0.0997
vn -0.5288 -0.0010 -0.8487
vn -0.5299 -0.0245 -0.8477
vn 0.9982 -0.0041 -0.0604
vn 0.9522 -0.2272 0.2045
vn 0.5428 -0.3216 0.7758
vn 0.9937 -0.0233 0.1100
vn 0.5727 -0.4897 0.6574
vn 0.9304 -0.1821 0.3182
vn 0.7912 -0.3316 0.5138
vn 0.7065 -0.3309 0.6256
vn 0.6394 -0.2354 0.7319
vn 0.9587 -0.0458 0.2809
vn 0.5960 -0.4910 0.6353
vn 0.7753 -0.4938 0.3938
vn 0.8258 -0.4631 0.3218
vn 0.8812 -0.3872 0.2711
vn 0.7285 -0.4801 0.4887
vn 0.7217 -0.4082 0.5591
vn 0.7548 -0.4002 0.5198
vn 0.6028 -0.4815 0.6363
vn 0.4559 -0.3502 0.8183
vn 0.8922 -0.4068 0.1964
vn 0.9567 -0.2593 0.1325
vn 0.9975 -0.0293 0.0637
vn -0.9229 0.0391 -0.3831
vn 0.3617 -0.3910 0.8463
vn -0.5948 0.4970 -0.6318
vn -0.4718 0.3174 -0.8226
vn -0.9984 0.0178 -0.0535
vn -0.9445 0.2726 -0.1834
vn -0.6321 0.4453 -0.6342
vn -0.5522 0.2914 -0.7812
vn -0.9866 0.0255 -0.1609
vn -0.7723 0.3728 -0.5143
vn -0.8824 0.3059 -0.3575
vn -0.9070 0.3687 -0.2034
vn -0.6792 0.5102 -0.5276
vn -0.6796 0.5748 -0.4557
vn 0.0288 -0.8264 -0.5623
vn -0.1639 -0.9436 -0.2877
vn -0.5583 -0.5446 0.6259
vn 0.4895 0.0924 -0.8671
vn 0.4219 0.8996 0.1128
vn 0.5686 0.1591 -0.8071
vn 0.3550 0.2346 0.9049
vn 0.4801 0.4635 0.7448
vn 0.2996 -0.1127 0.9474
vn -0.9784 -0.1848 0.0921
vn -0.9780 -0.1737 -0.1156
vn -0.9785 -0.2031 0.0367
vn 0.7121 0.4864 0.5063
vn -0.6165 -0.4315 0.6585
vn 0.5253 0.3151 0.7904
vn 0.8592 0.0330 -0.5105
vn 0.6204 0.3721 0.6904
vn 0.6593 0.5701 0.4903
vn 0.8208 0.5178 0.2414
vn 0.9578 0.2874 0.0097
vn 0.9535 -0.2737 0.1260
vn 0.6480 -0.4278 0.6301
vn 0.6371 -0.5313 0.5585
vn 0.7773 -0.3995 0.4860
vn 0.8725 -0.3412 0.3498
vn 0.5136 0.3738 0.7723
vn 0.7297 -0.3561 -0.5838
vn -0.3068 0.0360 0.9511
vn -0.0261 -0.9041 0.4265
vn 0.6701 -0.4809 -0.5654
vn -0.0162 0.0812 0.9966
vn 0.6697 0.6231 -0.4041
vn -0.0616 -0.8371 0.5436
vn 0.0659 0.1428 -0.9876
vn 0.7621 -0.4472 -0.4682
vn 0.3170 0.2504 0.9148
vn 0.3169 0.2504 0.9148
vn 0.6651 -0.5625 0.4911
vn 0.6642 -0.5418 0.5150
vn 0.8943 -0.1078 0.4343
vn 0.8228 -0.4695 0.3201
vn 0.1666 0.7140 0.6801
vn 0.3833 0.8457 0.3713
vn -0.1235 -0.7491 0.6509
vn 0.8039 0.4315 -0.4092
vn 0.7626 -0.2104 -0.6117
vn -0.1664 -0.1583 0.9733
vn 0.7028 -0.7012 -0.1198
vn 0.5109 -0.8157 0.2714
vn 0.7010 0.4211 0.5756
vn -0.2340 -0.9688 0.0821
vn -0.4927 -0.4335 0.7545
vn 0.2666 0.0918 -0.9594
vn -0.5291 0.8160 0.2327
vn -0.7469 0.4374 0.5009
vn -0.0309 0.0981 -0.9947
vn 0.4460 0.4911 -0.7483
vn -0.2405 -0.5076 -0.8273
vn 0.2472 -0.6626 -0.7070
vn 0.0122 0.8738 -0.4862
vn -0.7011 -0.5216 0.4861
vn 0.7346 0.4130 0.5383
vn 0.6486 0.2697 0.7117
vn 0.4844 -0.0938 0.8698
vn 0.5474 -0.2934 0.7837
vn 0.7474 -0.4421 0.4959
vn 0.7473 0.6579 0.0938
vn 0.5297 0.7345 0.4241
vn 0.3081 0.6035 0.7354
vn 0.1419 0.2985 0.9438
vn 0.0763 -0.0991 0.9922
vn 0.8928 -0.3774 -0.2457
vn 0.7291 -0.6832 -0.0408
vn 0.5080 -0.8182 0.2692
vn 0.2886 -0.7448 0.6016
vn 0.1301 -0.4816 0.8667
vn 0.7468 0.0734 0.6610
vn -0.6561 -0.1728 0.7346
vn -0.4983 -0.4954 0.7115
vn -0.9516 0.2847 -0.1160
vn -0.9606 0.2484 -0.1250
vn 0.7622 0.6343 0.1293
vn 0.9565 0.2896 0.0359
vn 0.7488 0.4650 0.4723
vn 0.9991 0.0042 0.0411
vn 0.9283 -0.2042 0.3108
vn 0.5768 0.0984 -0.8110
vn 0.5047 0.1698 0.8464
vn 0.4432 -0.6470 0.6205
vn 0.4670 -0.6229 0.6276
vn -0.0067 -0.7509 -0.6604
vn -0.0182 -0.7497 -0.6616
vn 0.8786 -0.2437 0.4107
vn -0.4998 -0.8541 0.1439
vn -0.5865 -0.8060 0.0804
vn -0.5392 -0.8316 0.1333
vn -0.8288 0.4977 -0.2557
vn 0.6441 0.0752 0.7613
vn 0.6429 0.0730 0.7625
vn -0.7179 0.4314 0.5463
vn -0.7151 0.4317 0.5497
vn 0.3035 0.2136 0.9286
vn -0.4594 0.0765 -0.8849
vn -0.4723 0.1054 -0.8751
vn -0.5518 0.8310 -0.0706
vn 0.5129 0.2111 0.8321
vn -0.9584 -0.2502 -0.1375
vn 0.9781 0.2056 -0.0327
vn 0.2496 0.2205 -0.9429
vn -0.4493 -0.0415 -0.8924
vn -0.3518 -0.2086 0.9125
vn 0.9744 0.2237 -0.0244
vn 0.5228 0.1516 -0.8389
vn 0.5320 0.0146 0.8466
vn -0.8642 0.0087 0.5031
vn -0.9835 -0.1762 0.0396
vn -0.4773 -0.0795 0.8752
vn -0.9465 -0.3176 -0.0570
vn -0.4805 0.0166 -0.8768
vn -0.5049 -0.2182 0.8352
vn -0.3407 -0.1300 0.9311
vn -0.6039 0.6804 -0.4151
vn 0.9922 0.1214 -0.0290
vn 0.3899 0.1479 -0.9089
vn -0.5157 -0.1189 -0.8485
vn -0.9460 -0.3104 0.0933
vn -0.3949 -0.1726 0.9024
vn 0.5360 -0.0090 0.8442
vn -0.9878 0.0388 0.1509
vn -0.5650 0.2804 -0.7760
vn 0.3758 0.4696 -0.7989
vn 0.8869 0.4620 -0.0073
vn 0.4452 0.3283 0.8331
vn -0.4836 0.1658 0.8595
vn 0.3521 0.1898 -0.9165
vn -0.8218 -0.5691 -0.0272
vn -0.8201 -0.0395 -0.5708
vn 0.1768 0.1987 -0.9640
vn -0.5451 0.2445 -0.8019
vn 0.4311 0.0592 0.9003
vn 0.4181 0.1051 -0.9023
vn 0.9633 0.2589 -0.0708
vn -0.5297 -0.0433 -0.8471
vn 0.9596 0.2720 -0.0715
vn 0.4549 0.1969 -0.8685
vn -0.5570 0.0202 -0.8302
vn 0.5391 0.0091 0.8422
vn 0.5477 -0.0389 0.8358
vn -0.4769 -0.1411 0.8676
vn -0.4522 -0.2137 0.8659
vn -0.9774 -0.2088 0.0328
vn -0.9712 -0.2377 -0.0164
vn 0.4693 0.1789 -0.8647
vn 0.9835 0.1807 0.0061
vn 0.5487 0.0159 0.8359
vn -0.5464 -0.0144 -0.8374
vn -0.4557 -0.1781 0.8721
vn -0.9823 -0.1868 -0.0128
vn 0.9654 0.1818 0.1869
vn 0.9584 0.2099 0.1932
vn 0.8224 0.1119 0.5577
vn 0.5494 0.0167 0.8354
vn -0.4713 -0.1798 0.8635
vn -0.9813 -0.1891 0.0352
vn -0.5349 -0.0118 -0.8449
vn 0.9814 0.1890 -0.0346
vn 0.4763 0.1812 -0.8604
vn -0.8013 0.0702 -0.5941
vn -0.0795 -0.1092 0.9908
vn -0.4709 -0.1913 0.8612
vn -0.2952 -0.1542 0.9429
vn -0.4816 -0.1650 0.8607
vn 0.7912 -0.0750 0.6069
vn 0.9865 0.1614 0.0275
vn 0.9625 0.2032 -0.1797
vn 0.9807 0.1953 -0.0009
vn 0.9825 0.1843 -0.0287
vn 0.3365 0.3347 -0.8802
vn 0.6027 0.0161 0.7978
vn -0.9831 -0.1798 0.0358
vn -0.5678 -0.1690 -0.8057
vn -0.4897 -0.1094 0.8650
vn -0.0555 0.0084 0.9984
vn -0.6063 0.1102 0.7876
vn 0.1381 -0.9882 0.0668
vn -0.1259 -0.9785 -0.1635
vn 0.0929 -0.9937 0.0625
vn -0.1022 -0.9814 -0.1627
vn 0.6589 -0.7519 -0.0227
vn -0.8063 -0.2617 -0.5305
vn -0.1452 -0.8315 0.5363
vn 0.9748 0.0220 -0.2219
vn 0.1905 -0.2428 -0.9512
vn -0.7965 -0.1006 0.5962
vn 0.7142 -0.5707 0.4052
vn -0.6607 0.2819 -0.6957
vn 0.7145 0.1051 0.6917
vn -1.0000 -0.0066 -0.0010
vn -0.5589 -0.7524 0.3485
vn 0.3804 -0.2600 -0.8875
vn 0.4906 -0.8264 0.2762
vn -0.9327 0.0311 0.3594
vn -0.6092 -0.2008 -0.7672
vn 0.6136 0.7724 0.1643
vn -0.2810 -0.3497 0.8937
vn 0.0223 -0.0223 -0.9995
vn 0.9911 -0.0032 -0.1330
vn -0.3089 0.0498 0.9498
vn -0.7873 0.0660 0.6130
vn 0.8314 -0.0052 -0.5556
vn 0.5562 0.1625 0.8150
vn -0.4458 -0.7422 -0.5004
vn 0.3844 -0.6149 -0.6886
vn 0.3739 -0.7532 0.5411
vn -0.4024 0.8421 0.3591
vn -0.0938 0.7660 0.6359
vn -0.7814 -0.6238 -0.0164
vn 0.1107 0.4697 0.8758
vn -0.4285 -0.8905 0.1529
vn 0.1861 -0.8494 -0.4938
vn -0.8653 -0.0691 0.4965
vn -0.5356 0.2606 -0.8033
vn -0.9789 -0.1768 -0.1028
vn -0.5917 -0.1185 -0.7974
vn -0.6534 0.0548 0.7550
vn 0.0042 0.2355 -0.9719
vn -0.2664 -0.7597 0.5932
vn 0.2904 0.9483 0.1279
vn 0.1007 0.2981 -0.9492
vn 0.1373 0.8346 -0.5335
vn -0.1027 0.3312 -0.9380
vn 0.3619 0.9290 0.0776
vn 0.4504 0.6202 0.6422
vn 0.9938 -0.0092 -0.1108
vn 0.9459 0.1094 -0.3055
vn 0.9222 0.1557 -0.3540
vn 0.5960 -0.3127 0.7396
vn -0.0741 0.4057 -0.9110
vn 0.9245 0.0782 -0.3732
vn -0.9479 -0.0859 0.3067
vn -0.4899 -0.6402 -0.5917
vn 0.4200 0.3720 0.8278
vn 0.3990 -0.7990 -0.4498
vn -0.1105 -0.7372 -0.6666
vn -0.0851 0.2700 -0.9591
vn 0.9224 0.1683 -0.3475
vn 0.9446 0.0957 -0.3139
vn 0.9668 0.1237 -0.2234
vn 0.9353 0.3521 0.0349
vn -0.4024 0.8411 -0.3614
vn -0.4651 -0.0397 -0.8844
vn -0.2776 0.9253 0.2584
vn -0.0052 0.6170 0.7869
vn -0.9217 0.1274 0.3663
vn -0.9607 0.1187 0.2509
vn -0.9932 -0.0548 0.1032
vn -0.5703 -0.7488 -0.3377
vn -0.0944 0.0138 0.9954
vn -0.4804 0.3582 -0.8006
vn -0.9749 0.0781 0.2083
vn 0.9346 0.0521 -0.3520
vn 0.1462 -0.1543 -0.9772
vn -0.7041 -0.6935 -0.1527
vn -0.2815 -0.7372 -0.6143
vn -0.4662 0.2700 -0.8425
vn -0.9590 0.1683 0.2282
vn -0.9968 -0.0420 0.0682
vn -0.9769 0.2059 -0.0579
vn -0.9212 0.2996 0.2481
vn -0.8289 0.1217 0.5460
vn 0.3286 0.5649 0.7569
vn 0.7104 0.7006 -0.0676
vn 0.7040 0.4975 -0.5069
vn 0.6444 0.1946 -0.7395
vn -0.0070 -0.5617 -0.8273
vn -0.6126 0.7189 0.3285
vn -0.1374 0.3787 0.9152
vn -0.7599 0.6486 -0.0448
vn -0.4478 -0.5541 -0.7017
vn -0.9037 0.3023 -0.3033
vn 0.1776 -0.9668 -0.1835
vn -0.5217 0.7978 0.3022
vn 0.4900 -0.4991 0.7147
vn -0.1128 -0.5087 0.8535
vn -0.9146 -0.1884 0.3577
vn -0.1620 -0.9734 -0.1620
vn -0.2094 -0.2056 -0.9560
vn -0.8531 -0.2254 0.4706
vn -0.1906 0.9716 0.1405
vn 0.1002 0.9914 -0.0840
vn -0.0715 0.9662 0.2478
vn -0.9433 -0.1930 0.2702
vn 0.0386 0.3179 -0.9473
vn 0.1270 0.5718 0.8105
vn 0.6158 0.2026 0.7614
vn 0.9921 0.0813 0.0952
vn 0.9956 0.0644 0.0686
vn 0.9885 -0.1427 -0.0492
vn -0.8947 0.1171 0.4310
vn -0.6700 -0.0540 0.7404
vn 0.9901 0.1031 -0.0956
vn 0.9788 0.1125 0.1712
vn -0.1510 0.0681 0.9862
vn 0.0859 -0.0641 -0.9942
vn -0.6165 -0.0646 -0.7847
vn -0.4536 0.3957 -0.7985
vn -0.9638 0.1384 0.2281
vn -0.9674 0.1629 0.1937
vn -0.0801 -0.3127 0.9465
vn -0.1094 -0.0397 -0.9932
vn 0.8808 -0.0548 -0.4703
vn 0.8643 -0.0419 -0.5012
vn 0.5974 0.0062 0.8019
vn -0.7962 0.3466 0.4959
vn -0.9576 -0.2402 0.1592
vn 0.4825 -0.0200 0.8757
vn -0.5635 0.1258 0.8165
vn 0.1732 -0.2456 0.9538
vn 0.3766 -0.2640 0.8879
vn 0.4762 -0.3391 0.8113
vn 0.8798 -0.0969 0.4653
vn 0.7153 0.1285 0.6869
vn 0.1264 -0.0849 0.9883
vn 0.3082 0.0283 0.9509
vn 0.9472 -0.2740 -0.1668
vn 0.5928 -0.1076 0.7981
vn -0.5208 -0.3051 0.7973
vn 0.7122 -0.1699 0.6811
vn -0.6603 -0.2552 -0.7063
vt 0.625000 0.375000
vt 0.375000 0.375000
vt 0.125000 0.375000
vt 0.125000 0.625000
vt 0.875000 0.625000
vt 0.625000 0.625000
vt 0.875000 0.875000
vt 0.875000 0.375000
vt 0.625000 0.875000
s 0
usemtl ruins_tg_statue
f 8/1/1 6/1/1 7/1/1
f 9/1/2 5/1/2 8/1/2
f 7/1/3 1/1/3 2/1/3
f 706/1/4 6/1/4 5/1/4
f 25/2/5 23/2/5 26/2/5
f 23/2/6 27/2/6 26/2/6
f 31/3/7 13/3/7 12/3/7
f 29/3/8 14/3/8 13/3/8
f 28/3/9 15/3/9 37/3/9
f 31/3/10 11/3/10 39/3/10
f 36/3/11 11/3/11 10/3/11
f 37/2/12 32/2/12 30/2/12
f 32/2/13 14/2/13 30/2/13
f 15/3/14 33/3/14 37/3/14
f 33/2/15 34/2/15 32/2/15
f 32/2/16 18/2/16 16/2/16
f 17/2/17 35/2/17 33/2/17
f 39/3/18 24/3/18 31/3/18
f 24/3/19 29/3/19 31/3/19
f 25/3/20 30/3/20 29/3/20
f 26/2/21 27/2/21 37/2/21
f 36/3/22 37/3/22 39/3/22
f 27/3/23 39/3/23 37/3/23
f 1154/4/24 1116/4/24 1117/4/24
f 47/2/25 41/2/25 42/2/25
f 45/2/26 43/2/26 42/2/26
f 51/3/27 13/3/27 49/3/27
f 49/3/28 14/3/28 50/3/28
f 15/3/29 59/3/29 53/3/29
f 11/3/30 51/3/30 52/3/30
f 48/3/31 11/3/31 52/3/31
f 54/2/32 53/2/32 50/2/32
f 14/2/33 54/2/33 50/2/33
f 55/3/34 15/3/34 53/3/34
f 55/2/35 56/2/35 57/2/35
f 16/2/36 56/2/36 54/2/36
f 55/2/37 58/2/37 17/2/37
f 52/3/38 44/3/38 41/3/38
f 49/3/39 44/3/39 51/3/39
f 50/3/40 45/3/40 49/3/40
f 53/2/41 47/2/41 46/2/41
f 48/3/42 53/3/42 59/3/42
f 52/3/43 47/3/43 53/3/43
f 17/2/44 58/2/44 40/2/44
f 47/2/45 52/2/45 41/2/45
f 40/2/46 58/2/46 617/2/46
f 575/5/47 576/5/47 583/5/47
f 66/5/48 301/5/48 125/5/48
f 60/5/49 713/5/49 63/5/49
f 713/6/50 64/6/50 63/6/50
f 558/6/51 65/6/51 557/6/51
f 83/5/52 585/5/52 82/5/52
f 541/7/53 543/7/53 74/7/53
f 709/5/54 704/5/54 711/5/54
f 546/7/55 548/7/55 75/7/55
f 76/6/56 70/6/56 558/6/56
f 69/6/57 77/6/57 715/6/57
f 73/6/58 124/6/58 571/6/58
f 578/5/59 82/5/59 586/5/59
f 599/1/60 600/1/60 601/1/60
f 599/1/61 602/1/61 600/1/61
f 539/6/62 564/6/62 540/6/62
f 545/7/63 546/7/63 75/7/63
f 81/6/64 570/6/64 84/6/64
f 85/5/65 125/5/65 84/5/65
f 547/7/66 74/7/66 548/7/66
f 86/2/67 87/2/67 358/2/67
f 349/1/68 358/1/68 354/1/68
f 374/2/69 91/2/69 90/2/69
f 86/2/70 358/2/70 88/2/70
f 380/1/71 359/1/71 360/1/71
f 87/2/72 130/2/72 129/2/72
f 100/2/73 367/2/73 93/2/73
f 106/2/74 126/2/74 93/2/74
f 97/2/75 98/2/75 99/2/75
f 363/1/76 338/1/76 364/1/76
f 339/1/77 344/1/77 365/1/77
f 93/2/78 367/2/78 94/2/78
f 348/1/79 367/1/79 100/1/79
f 101/2/80 94/2/80 367/2/80
f 106/2/81 128/2/81 127/2/81
f 97/1/82 368/1/82 369/1/82
f 1217/8/83 1000/8/83 1184/8/83
f 96/2/84 406/2/84 409/2/84
f 373/1/85 374/1/85 90/1/85
f 131/2/86 93/2/86 126/2/86
f 93/2/87 88/2/87 100/2/87
f 375/1/88 349/1/88 376/1/88
f 343/1/89 345/1/89 370/1/89
f 382/2/90 105/2/90 89/2/90
f 390/2/91 391/2/91 96/2/91
f 371/1/92 365/1/92 372/1/92
f 101/2/93 87/2/93 102/2/93
f 104/2/94 129/2/94 128/2/94
f 96/2/95 388/2/95 390/2/95
f 378/1/96 363/1/96 96/1/96
f 99/2/97 103/2/97 97/2/97
f 94/2/98 102/2/98 104/2/98
f 87/2/99 104/2/99 102/2/99
f 105/2/100 384/2/100 394/2/100
f 396/2/101 398/2/101 408/2/101
f 100/1/102 379/1/102 357/1/102
f 382/2/103 384/2/103 105/2/103
f 100/1/104 357/1/104 348/1/104
f 130/2/105 86/2/105 131/2/105
f 131/2/106 86/2/106 93/2/106
f 93/2/107 94/2/107 106/2/107
f 94/2/108 104/2/108 106/2/108
f 489/2/109 426/2/109 488/2/109
f 383/1/110 382/1/110 89/1/110
f 583/5/111 83/5/111 575/5/111
f 569/1/112 121/1/112 73/1/112
f 124/1/113 112/1/113 79/1/113
f 122/1/114 80/1/114 123/1/114
f 79/1/115 114/1/115 81/1/115
f 81/1/116 123/1/116 80/1/116
f 124/1/117 73/1/117 121/1/117
f 587/1/118 115/1/118 592/1/118
f 590/1/119 116/1/119 120/1/119
f 587/1/120 118/1/120 117/1/120
f 590/1/121 119/1/121 589/1/121
f 588/1/122 119/1/122 118/1/122
f 592/1/123 116/1/123 591/1/123
f 111/1/124 121/1/124 110/1/124
f 122/1/125 110/1/125 121/1/125
f 109/1/126 123/1/126 113/1/126
f 81/1/127 113/1/127 123/1/127
f 604/1/128 603/1/128 615/1/128
f 601/1/129 603/1/129 599/1/129
f 132/2/130 140/2/130 139/2/130
f 138/2/131 667/2/131 143/2/131
f 140/2/132 681/2/132 144/2/132
f 141/2/133 142/2/133 681/2/133
f 139/2/134 144/2/134 667/2/134
f 687/7/135 690/7/135 660/7/135
f 687/7/136 664/7/136 663/7/136
f 661/1/137 683/1/137 148/1/137
f 664/1/138 666/1/138 663/1/138
f 151/2/139 143/2/139 145/2/139
f 153/2/140 145/2/140 152/2/140
f 681/2/141 142/2/141 668/2/141
f 153/2/142 668/2/142 142/2/142
f 142/2/143 151/2/143 153/2/143
f 133/2/144 139/2/144 138/2/144
f 136/2/145 138/2/145 151/2/145
f 136/2/146 142/2/146 137/2/146
f 137/2/147 141/2/147 134/2/147
f 134/2/148 140/2/148 135/2/148
f 691/7/149 689/7/149 688/7/149
f 681/1/150 661/1/150 680/1/150
f 152/1/151 665/1/151 668/1/151
f 663/1/152 152/1/152 692/1/152
f 669/7/153 663/7/153 692/7/153
f 691/7/154 687/7/154 669/7/154
f 147/2/155 169/2/155 146/2/155
f 169/2/156 149/2/156 146/2/156
f 149/2/157 165/2/157 150/2/157
f 148/2/158 165/2/158 166/2/158
f 662/2/159 166/2/159 167/2/159
f 662/2/160 168/2/160 147/2/160
f 195/2/161 159/2/161 158/2/161
f 154/2/162 172/2/162 163/2/162
f 1452/1/163 1461/1/163 1475/1/163
f 167/2/164 195/2/164 158/2/164
f 167/2/165 174/2/165 168/2/165
f 169/2/166 171/2/166 154/2/166
f 196/2/167 169/2/167 154/2/167
f 170/2/168 156/2/168 165/2/168
f 174/2/169 173/2/169 171/2/169
f 173/2/170 161/2/170 162/2/170
f 171/2/171 175/2/171 172/2/171
f 175/2/172 176/2/172 177/2/172
f 156/2/173 155/2/173 164/2/173
f 163/2/174 188/2/174 189/2/174
f 175/2/175 188/2/175 172/2/175
f 177/2/176 187/2/176 175/2/176
f 201/2/177 191/2/177 200/2/177
f 164/2/178 191/2/178 156/2/178
f 182/2/179 179/2/179 181/2/179
f 202/2/180 180/2/180 198/2/180
f 176/2/181 165/2/181 156/2/181
f 166/2/182 165/2/182 176/2/182
f 159/2/183 162/2/183 161/2/183
f 195/2/184 162/2/184 160/2/184
f 174/2/185 171/2/185 168/2/185
f 157/2/186 173/2/186 195/2/186
f 173/2/187 157/2/187 171/2/187
f 159/2/188 160/2/188 162/2/188
f 177/2/189 189/2/189 190/2/189
f 176/2/190 183/2/190 154/2/190
f 186/2/191 193/2/191 183/2/191
f 177/2/192 154/2/192 163/2/192
f 188/2/193 181/2/193 179/2/193
f 189/2/194 179/2/194 178/2/194
f 190/2/195 178/2/195 182/2/195
f 190/2/196 181/2/196 187/2/196
f 192/2/197 184/2/197 193/2/197
f 194/2/198 202/2/198 191/2/198
f 195/2/199 166/2/199 157/2/199
f 166/2/200 176/2/200 157/2/200
f 169/2/201 155/2/201 170/2/201
f 183/2/202 193/2/202 197/2/202
f 198/2/203 193/2/203 184/2/203
f 184/2/204 199/2/204 198/2/204
f 192/2/205 199/2/205 185/2/205
f 186/2/206 200/2/206 192/2/206
f 186/2/207 176/2/207 201/2/207
f 197/2/208 180/2/208 194/2/208
f 200/2/209 202/2/209 199/2/209
f 115/2/210 205/2/210 116/2/210
f 208/2/211 204/2/211 203/2/211
f 205/2/212 210/2/212 206/2/212
f 204/2/213 677/2/213 205/2/213
f 693/7/214 670/7/214 695/7/214
f 671/1/215 214/1/215 673/1/215
f 685/1/216 216/1/216 675/1/216
f 695/7/217 672/7/217 671/7/217
f 207/2/218 211/2/218 208/2/218
f 211/2/219 218/2/219 679/2/219
f 210/2/220 678/2/220 217/2/220
f 675/1/221 216/1/221 676/1/221
f 678/2/222 218/2/222 217/2/222
f 217/2/223 218/2/223 207/2/223
f 117/2/224 204/2/224 115/2/224
f 118/2/225 203/2/225 117/2/225
f 217/2/226 118/2/226 119/2/226
f 206/2/227 119/2/227 120/2/227
f 205/2/228 120/2/228 116/2/228
f 695/7/229 677/7/229 697/7/229
f 677/1/230 673/1/230 210/1/230
f 684/1/231 675/1/231 678/1/231
f 675/1/232 679/1/232 678/1/232
f 674/1/233 679/1/233 676/1/233
f 696/7/234 699/7/234 698/7/234
f 693/7/235 697/7/235 699/7/235
f 212/2/236 231/2/236 213/2/236
f 215/2/237 232/2/237 212/2/237
f 216/2/238 233/2/238 215/2/238
f 214/2/239 228/2/239 216/2/239
f 672/2/240 229/2/240 214/2/240
f 213/2/241 230/2/241 672/2/241
f 247/2/242 238/2/242 237/2/242
f 219/2/243 235/2/243 234/2/243
f 230/2/244 238/2/244 229/2/244
f 220/2/245 230/2/245 231/2/245
f 232/2/246 234/2/246 231/2/246
f 263/2/247 219/2/247 232/2/247
f 241/2/248 233/2/248 228/2/248
f 220/2/249 246/2/249 261/2/249
f 224/2/250 261/2/250 225/2/250
f 236/2/251 222/2/251 220/2/251
f 239/2/252 234/2/252 235/2/252
f 240/2/253 262/2/253 239/2/253
f 271/2/254 241/2/254 272/2/254
f 226/2/255 253/2/255 235/2/255
f 268/2/256 264/2/256 269/2/256
f 253/2/257 239/2/257 235/2/257
f 252/2/258 240/2/258 239/2/258
f 270/2/259 227/2/259 241/2/259
f 243/2/260 260/2/260 259/2/260
f 244/2/261 245/2/261 267/2/261
f 272/2/262 241/2/262 228/2/262
f 1228/8/263 1043/8/263 1042/8/263
f 246/2/264 234/2/264 262/2/264
f 247/2/265 224/2/265 225/2/265
f 223/2/266 261/2/266 238/2/266
f 1152/8/267 1165/8/267 1112/8/267
f 262/2/268 238/2/268 261/2/268
f 261/2/269 246/2/269 262/2/269
f 1220/8/270 1159/8/270 1157/8/270
f 247/2/271 225/2/271 223/2/271
f 254/2/272 240/2/272 255/2/272
f 248/2/273 272/2/273 219/2/273
f 257/2/274 251/2/274 248/2/274
f 219/2/275 240/2/275 226/2/275
f 253/2/276 259/2/276 252/2/276
f 254/2/277 243/2/277 253/2/277
f 242/2/278 255/2/278 260/2/278
f 259/2/279 255/2/279 252/2/279
f 249/2/280 256/2/280 257/2/280
f 270/2/281 244/2/281 258/2/281
f 238/2/282 262/2/282 229/2/282
f 233/2/283 263/2/283 232/2/283
f 248/2/284 263/2/284 264/2/284
f 257/2/285 264/2/285 268/2/285
f 267/2/286 257/2/286 268/2/286
f 249/2/287 265/2/287 250/2/287
f 265/2/288 256/2/288 250/2/288
f 266/2/289 251/2/289 256/2/289
f 183/2/290 164/2/290 196/2/290
f 244/2/291 268/2/291 258/2/291
f 258/2/292 269/2/292 227/2/292
f 227/2/293 263/2/293 221/2/293
f 233/2/294 221/2/294 263/2/294
f 245/2/295 266/2/295 265/2/295
f 270/2/296 271/2/296 266/2/296
f 301/5/297 61/5/297 273/5/297
f 275/5/298 60/5/298 63/5/298
f 63/6/299 276/6/299 275/6/299
f 716/6/300 65/6/300 277/6/300
f 708/6/301 562/6/301 703/6/301
f 580/5/302 581/5/302 290/5/302
f 535/7/303 543/7/303 542/7/303
f 712/5/304 709/5/304 711/5/304
f 285/6/305 282/6/305 568/6/305
f 552/7/306 554/7/306 283/7/306
f 285/6/307 275/6/307 276/6/307
f 572/6/308 573/6/308 280/6/308
f 578/5/309 290/5/309 19/5/309
f 605/1/310 606/1/310 607/1/310
f 605/1/311 608/1/311 609/1/311
f 560/6/312 538/6/312 537/6/312
f 551/7/313 553/7/313 550/7/313
f 289/6/314 574/6/314 300/6/314
f 291/5/315 273/5/315 292/5/315
f 535/7/316 283/7/316 549/7/316
f 281/6/317 289/6/317 288/6/317
f 279/6/318 300/6/318 574/6/318
f 573/1/319 279/1/319 280/1/319
f 288/1/320 295/1/320 287/1/320
f 299/1/321 300/1/321 279/1/321
f 289/1/322 296/1/322 288/1/322
f 293/1/323 593/1/323 594/1/323
f 296/1/324 598/1/324 295/1/324
f 293/1/325 595/1/325 297/1/325
f 296/1/326 596/1/326 597/1/326
f 298/1/327 595/1/327 596/1/327
f 295/1/328 593/1/328 294/1/328
f 294/1/329 287/1/329 295/1/329
f 299/1/330 294/1/330 293/1/330
f 293/1/331 300/1/331 299/1/331
f 300/1/332 298/1/332 289/1/332
f 604/1/333 616/1/333 610/1/333
f 606/1/334 605/1/334 610/1/334
f 308/9/335 311/9/335 309/9/335
f 310/9/336 313/9/336 311/9/336
f 308/9/337 315/9/337 314/9/337
f 311/9/338 315/9/338 309/9/338
f 314/9/339 310/9/339 308/9/339
f 316/9/340 319/9/340 318/9/340
f 318/9/341 321/9/341 320/9/341
f 323/9/342 316/9/342 322/9/342
f 323/9/343 319/9/343 317/9/343
f 322/9/344 318/9/344 320/9/344
f 329/1/345 326/1/345 330/1/345
f 324/1/346 328/1/346 329/1/346
f 324/1/347 330/1/347 325/1/347
f 331/1/348 324/1/348 325/1/348
f 335/1/349 326/1/349 333/1/349
f 332/1/350 333/1/350 334/1/350
f 332/1/351 330/1/351 335/1/351
f 332/1/352 331/1/352 325/1/352
f 331/1/353 328/1/353 327/1/353
f 331/1/354 333/1/354 326/1/354
f 368/1/355 360/1/355 369/1/355
f 90/1/356 361/1/356 359/1/356
f 98/1/357 361/1/357 91/1/357
f 369/1/358 362/1/358 98/1/358
f 382/1/359 383/1/359 380/1/359
f 381/1/360 337/1/360 384/1/360
f 382/1/361 381/1/361 384/1/361
f 385/1/362 368/1/362 97/1/362
f 97/1/363 386/1/363 385/1/363
f 386/1/364 374/1/364 387/1/364
f 373/1/365 387/1/365 374/1/365
f 337/1/366 360/1/366 368/1/366
f 378/2/367 337/2/367 107/2/367
f 378/2/368 107/2/368 385/2/368
f 385/2/369 363/2/369 378/2/369
f 336/2/370 338/2/370 363/2/370
f 108/2/371 338/2/371 387/2/371
f 383/2/372 338/2/372 108/2/372
f 383/1/373 359/1/373 380/1/373
f 96/1/374 363/1/374 388/1/374
f 363/1/375 366/1/375 339/1/375
f 402/2/376 403/2/376 405/2/376
f 401/2/377 341/2/377 95/2/377
f 375/1/378 389/1/378 95/1/378
f 388/1/379 363/1/379 339/1/379
f 390/1/380 339/1/380 340/1/380
f 340/1/381 391/1/381 390/1/381
f 375/1/382 343/1/382 389/1/382
f 364/1/383 366/1/383 363/1/383
f 344/2/384 366/2/384 364/2/384
f 392/1/385 364/1/385 346/1/385
f 346/2/386 396/2/386 408/2/386
f 345/2/387 377/2/387 376/2/387
f 376/2/388 371/2/388 345/2/388
f 393/1/389 354/1/389 347/1/389
f 347/2/390 399/2/390 351/2/390
f 337/1/391 394/1/391 384/1/391
f 89/1/392 338/1/392 383/1/392
f 346/1/393 364/1/393 89/1/393
f 105/1/394 346/1/394 395/1/394
f 105/1/395 398/1/395 396/1/395
f 397/1/396 394/1/396 398/1/396
f 378/1/397 394/1/397 337/1/397
f 377/1/398 343/1/398 375/1/398
f 376/1/399 377/1/399 375/1/399
f 354/1/400 358/1/400 347/1/400
f 399/1/401 358/1/401 101/1/401
f 399/1/402 367/1/402 400/1/402
f 343/1/403 401/1/403 389/1/403
f 95/2/404 389/2/404 401/2/404
f 405/2/405 95/2/405 402/2/405
f 348/1/406 375/1/406 95/1/406
f 95/1/407 353/1/407 348/1/407
f 349/1/408 379/1/408 88/1/408
f 88/1/409 358/1/409 349/1/409
f 340/2/410 339/2/410 350/2/410
f 365/2/411 350/2/411 339/2/411
f 494/1/412 496/1/412 453/1/412
f 350/1/413 402/1/413 340/1/413
f 350/1/414 404/1/414 351/1/414
f 371/1/415 352/1/415 365/1/415
f 400/2/416 351/2/416 399/2/416
f 351/1/417 393/1/417 347/1/417
f 403/1/418 350/1/418 351/1/418
f 405/1/419 351/1/419 400/1/419
f 353/1/420 405/1/420 400/1/420
f 353/1/421 400/1/421 367/1/421
f 348/1/422 353/1/422 367/1/422
f 352/1/423 350/1/423 365/1/423
f 393/2/424 404/2/424 352/2/424
f 352/2/425 376/2/425 393/2/425
f 349/1/426 354/1/426 376/1/426
f 342/1/427 341/1/427 401/1/427
f 355/2/428 342/2/428 343/2/428
f 370/2/429 355/2/429 343/2/429
f 345/1/430 371/1/430 370/1/430
f 355/1/431 406/1/431 342/1/431
f 356/1/432 408/1/432 355/1/432
f 407/2/433 409/2/433 406/2/433
f 408/1/434 407/1/434 355/1/434
f 398/1/435 407/1/435 408/1/435
f 398/1/436 96/1/436 409/1/436
f 410/1/437 355/1/437 370/1/437
f 346/1/438 89/1/438 395/1/438
f 398/1/439 394/1/439 96/1/439
f 372/1/440 365/1/440 344/1/440
f 372/2/441 344/2/441 364/2/441
f 372/2/442 392/2/442 410/2/442
f 392/2/443 356/2/443 410/2/443
f 408/1/444 392/1/444 346/1/444
f 375/2/445 379/2/445 349/2/445
f 357/2/446 379/2/446 375/2/446
f 348/2/447 357/2/447 375/2/447
f 336/1/448 385/1/448 386/1/448
f 387/1/449 373/1/449 108/1/449
f 337/1/450 368/1/450 107/1/450
f 105/1/451 395/1/451 89/1/451
f 411/2/452 412/2/452 430/2/452
f 465/1/453 466/1/453 412/1/453
f 488/2/454 425/2/454 479/2/454
f 411/2/455 483/2/455 412/2/455
f 485/1/456 486/1/456 467/1/456
f 306/2/457 430/2/457 305/2/457
f 475/2/458 418/2/458 421/2/458
f 302/2/459 429/2/459 418/2/459
f 476/2/460 489/2/460 417/2/460
f 1004/4/461 1240/4/461 1242/4/461
f 424/1/462 413/1/462 471/1/462
f 473/1/463 472/1/463 446/1/463
f 418/2/464 419/2/464 421/2/464
f 474/1/465 475/1/465 421/1/465
f 419/2/466 502/2/466 421/2/466
f 429/2/467 304/2/467 427/2/467
f 476/1/468 417/1/468 477/1/468
f 444/1/469 443/1/469 445/1/469
f 458/2/470 482/2/470 461/2/470
f 478/1/471 479/1/471 425/1/471
f 307/2/472 302/2/472 418/2/472
f 418/2/473 483/2/473 411/2/473
f 428/1/474 415/1/474 465/1/474
f 481/1/475 480/1/475 444/1/475
f 414/2/476 487/2/476 500/2/476
f 440/2/477 482/2/477 441/2/477
f 446/1/478 506/1/478 445/1/478
f 430/2/479 502/2/479 423/2/479
f 305/2/480 427/2/480 304/2/480
f 482/2/481 440/2/481 439/2/481
f 436/1/482 482/1/482 424/1/482
f 420/2/483 425/2/483 426/2/483
f 419/2/484 427/2/484 423/2/484
f 430/2/485 423/2/485 427/2/485
f 500/2/486 422/2/486 416/2/486
f 447/2/487 459/2/487 448/2/487
f 475/1/488 464/1/488 483/1/488
f 414/2/489 500/2/489 416/2/489
f 475/1/490 474/1/490 484/1/490
f 306/2/491 307/2/491 411/2/491
f 307/2/492 418/2/492 411/2/492
f 418/2/493 429/2/493 419/2/493
f 419/2/494 429/2/494 427/2/494
f 437/1/495 487/1/495 414/1/495
f 478/1/496 468/1/496 479/1/496
f 467/1/497 477/1/497 417/1/497
f 479/1/498 469/1/498 488/1/498
f 469/1/499 489/1/499 488/1/499
f 470/1/500 417/1/500 489/1/500
f 414/1/501 485/1/501 437/1/501
f 486/1/502 416/1/502 490/1/502
f 486/1/503 414/1/503 416/1/503
f 433/1/504 476/1/504 477/1/504
f 433/1/505 491/1/505 476/1/505
f 425/1/506 492/1/506 435/1/506
f 478/1/507 425/1/507 435/1/507
f 467/1/508 490/1/508 477/1/508
f 436/2/509 431/2/509 490/2/509
f 436/2/510 433/2/510 431/2/510
f 436/2/511 434/2/511 433/2/511
f 471/2/512 434/2/512 424/2/512
f 432/2/513 435/2/513 471/2/513
f 437/2/514 432/2/514 471/2/514
f 468/1/515 437/1/515 485/1/515
f 482/1/516 439/1/516 424/1/516
f 424/1/517 472/1/517 442/1/517
f 453/2/518 455/2/518 454/2/518
f 438/2/519 493/2/519 496/2/519
f 428/1/520 493/1/520 452/1/520
f 439/1/521 472/1/521 424/1/521
f 440/1/522 472/1/522 439/1/522
f 494/1/523 440/1/523 441/1/523
f 428/1/524 452/1/524 480/1/524
f 413/1/525 424/1/525 442/1/525
f 473/2/526 413/2/526 442/2/526
f 462/1/527 497/1/527 413/1/527
f 497/2/528 459/2/528 447/2/528
f 481/2/529 415/2/529 449/2/529
f 415/2/530 481/2/530 445/2/530
f 457/1/531 498/1/531 466/1/531
f 498/2/532 505/2/532 450/2/532
f 490/1/533 416/1/533 422/1/533
f 471/1/534 487/1/534 437/1/534
f 497/1/535 487/1/535 413/1/535
f 497/1/536 500/1/536 499/1/536
f 500/1/537 448/1/537 501/1/537
f 501/1/538 448/1/538 422/1/538
f 422/1/539 436/1/539 490/1/539
f 449/1/540 428/1/540 480/1/540
f 415/1/541 428/1/541 449/1/541
f 466/1/542 498/1/542 412/1/542
f 412/1/543 450/1/543 502/1/543
f 421/1/544 450/1/544 451/1/544
f 438/1/545 480/1/545 452/1/545
f 493/2/546 438/2/546 452/2/546
f 453/2/547 493/2/547 455/2/547
f 474/1/548 493/1/548 428/1/548
f 493/1/549 474/1/549 503/1/549
f 465/1/550 483/1/550 464/1/550
f 483/1/551 465/1/551 412/1/551
f 494/2/552 504/2/552 472/2/552
f 446/2/553 472/2/553 504/2/553
f 1289/3/554 1290/3/554 1262/3/554
f 453/1/555 504/1/555 494/1/555
f 504/1/556 505/1/556 456/1/556
f 451/2/557 450/2/557 505/2/557
f 457/1/558 505/1/558 498/1/558
f 454/1/559 505/1/559 504/1/559
f 455/1/560 505/1/560 454/1/560
f 503/1/561 451/1/561 455/1/561
f 503/1/562 421/1/562 451/1/562
f 474/1/563 421/1/563 503/1/563
f 506/1/564 504/1/564 456/1/564
f 457/2/565 506/2/565 456/2/565
f 457/2/566 415/2/566 506/2/566
f 465/1/567 415/1/567 466/1/567
f 495/1/568 438/1/568 496/1/568
f 507/2/569 480/2/569 495/2/569
f 444/2/570 480/2/570 507/2/570
f 481/1/571 444/1/571 445/1/571
f 507/1/572 458/1/572 460/1/572
f 508/1/573 507/1/573 459/1/573
f 460/2/574 458/2/574 461/2/574
f 459/1/575 507/1/575 460/1/575
f 460/1/576 448/1/576 459/1/576
f 448/1/577 461/1/577 482/1/577
f 463/1/578 507/1/578 508/1/578
f 444/1/579 463/1/579 443/1/579
f 497/1/580 499/1/580 487/1/580
f 448/1/581 482/1/581 422/1/581
f 443/2/582 413/2/582 473/2/582
f 462/2/583 443/2/583 463/2/583
f 462/2/584 463/2/584 508/2/584
f 497/1/585 508/1/585 459/1/585
f 428/2/586 465/2/586 464/2/586
f 484/2/587 428/2/587 464/2/587
f 474/2/588 428/2/588 484/2/588
f 433/1/589 477/1/589 431/1/589
f 476/1/590 491/1/590 425/1/590
f 492/1/591 433/1/591 434/1/591
f 478/1/592 435/1/592 432/1/592
f 477/1/593 490/1/593 431/1/593
f 437/1/594 478/1/594 432/1/594
f 499/1/595 500/1/595 487/1/595
f 500/1/596 501/1/596 422/1/596
f 529/1/597 532/1/597 533/1/597
f 516/1/598 511/1/598 514/1/598
f 521/1/599 531/1/599 532/1/599
f 510/1/600 656/1/600 511/1/600
f 515/1/601 548/1/601 514/1/601
f 512/1/602 511/1/602 656/1/602
f 513/1/603 514/1/603 511/1/603
f 515/1/604 2/1/604 1/1/604
f 74/1/605 518/1/605 548/1/605
f 518/1/606 549/1/606 517/1/606
f 533/1/607 518/1/607 517/1/607
f 518/1/608 514/1/608 548/1/608
f 512/1/609 656/1/609 519/1/609
f 522/1/610 529/1/610 524/1/610
f 520/1/611 521/1/611 522/1/611
f 4/1/612 554/1/612 3/1/612
f 283/1/613 525/1/613 524/1/613
f 522/1/614 525/1/614 523/1/614
f 4/1/615 523/1/615 525/1/615
f 549/1/616 283/1/616 526/1/616
f 549/1/617 526/1/617 517/1/617
f 517/1/618 526/1/618 529/1/618
f 524/1/619 526/1/619 283/1/619
f 530/1/620 7/1/620 655/1/620
f 9/1/621 528/1/621 523/1/621
f 523/1/622 528/1/622 520/1/622
f 1330/1/623 1331/1/623 530/1/623
f 509/1/624 519/1/624 656/1/624
f 658/1/625 528/1/625 527/1/625
f 517/1/626 529/1/626 533/1/626
f 654/1/627 521/1/627 658/1/627
f 527/1/628 8/1/628 530/1/628
f 655/1/629 2/1/629 657/1/629
f 531/1/630 1332/1/630 509/1/630
f 509/1/631 532/1/631 531/1/631
f 533/1/632 510/1/632 516/1/632
f 537/6/633 536/6/633 560/6/633
f 74/7/634 543/7/634 549/7/634
f 540/7/635 547/7/635 546/7/635
f 540/7/636 544/7/636 539/7/636
f 565/7/637 541/7/637 547/7/637
f 535/7/638 542/7/638 534/7/638
f 537/7/639 552/7/639 536/7/639
f 3/7/640 554/7/640 551/7/640
f 537/7/641 550/7/641 553/7/641
f 638/1/642 62/1/642 619/1/642
f 284/6/643 626/6/643 282/6/643
f 284/5/644 285/5/644 555/5/644
f 555/5/645 276/5/645 556/5/645
f 717/5/646 64/5/646 716/5/646
f 715/5/647 557/5/647 64/5/647
f 77/5/648 558/5/648 715/5/648
f 559/5/649 77/5/649 701/5/649
f 559/1/650 619/1/650 68/1/650
f 534/1/651 644/1/651 535/1/651
f 536/6/652 625/6/652 284/6/652
f 536/5/653 555/5/653 560/5/653
f 560/5/654 277/5/654 561/5/654
f 65/5/655 561/5/655 277/5/655
f 65/5/656 563/5/656 562/5/656
f 564/5/657 70/5/657 76/5/657
f 565/5/658 76/5/658 559/5/658
f 541/1/659 621/1/659 622/1/659
f 623/1/660 541/1/660 622/1/660
f 624/1/661 535/1/661 644/1/661
f 620/1/662 274/1/662 638/1/662
f 78/5/663 566/5/663 69/5/663
f 84/5/664 125/5/664 67/5/664
f 301/5/665 67/5/665 125/5/665
f 291/5/666 567/5/666 301/5/666
f 702/5/667 567/5/667 291/5/667
f 291/5/668 281/5/668 702/5/668
f 282/5/669 287/5/669 568/5/669
f 568/5/670 286/5/670 275/5/670
f 85/5/671 569/5/671 71/5/671
f 84/5/672 570/5/672 85/5/672
f 78/5/673 571/5/673 124/5/673
f 72/5/674 571/5/674 78/5/674
f 71/5/675 73/5/675 72/5/675
f 286/5/676 287/5/676 573/5/676
f 574/5/677 291/5/677 292/5/677
f 279/5/678 292/5/678 278/5/678
f 572/5/679 279/5/679 278/5/679
f 612/1/680 611/1/680 602/1/680
f 614/1/681 612/1/681 609/1/681
f 608/1/682 614/1/682 609/1/682
f 579/5/683 60/5/683 286/5/683
f 286/5/684 572/5/684 579/5/684
f 580/5/685 579/5/685 572/5/685
f 580/5/686 278/5/686 581/5/686
f 581/5/687 292/5/687 273/5/687
f 273/5/688 582/5/688 581/5/688
f 582/5/689 61/5/689 576/5/689
f 576/5/690 66/5/690 583/5/690
f 66/5/691 584/5/691 583/5/691
f 85/5/692 584/5/692 66/5/692
f 584/5/693 72/5/693 585/5/693
f 586/5/694 585/5/694 72/5/694
f 78/5/695 586/5/695 72/5/695
f 60/5/696 586/5/696 78/5/696
f 113/1/697 587/1/697 109/1/697
f 114/1/698 588/1/698 113/1/698
f 112/1/699 589/1/699 114/1/699
f 111/1/700 590/1/700 112/1/700
f 110/1/701 591/1/701 111/1/701
f 109/1/702 592/1/702 110/1/702
f 594/1/703 132/1/703 133/1/703
f 594/1/704 136/1/704 595/1/704
f 595/1/705 137/1/705 596/1/705
f 597/1/706 137/1/706 134/1/706
f 597/1/707 135/1/707 598/1/707
f 593/1/708 135/1/708 132/1/708
f 82/1/709 601/1/709 600/1/709
f 56/1/710 599/1/710 57/1/710
f 83/1/711 600/1/711 602/1/711
f 617/1/712 603/1/712 604/1/712
f 615/1/713 19/1/713 604/1/713
f 57/1/714 603/1/714 58/1/714
f 581/1/715 607/1/715 290/1/715
f 34/1/716 605/1/716 609/1/716
f 19/1/717 616/1/717 604/1/717
f 617/1/718 610/1/718 40/1/718
f 35/1/719 610/1/719 605/1/719
f 83/1/720 611/1/720 575/1/720
f 18/1/721 602/1/721 56/1/721
f 575/1/722 613/1/722 576/1/722
f 577/1/723 613/1/723 614/1/723
f 34/1/724 612/1/724 18/1/724
f 581/1/725 614/1/725 608/1/725
f 615/1/726 603/1/726 601/1/726
f 82/1/727 615/1/727 601/1/727
f 290/1/728 616/1/728 19/1/728
f 610/1/729 616/1/729 606/1/729
f 19/1/730 617/1/730 604/1/730
f 633/7/731 636/7/731 634/7/731
f 629/7/732 637/7/732 636/7/732
f 639/7/733 638/7/733 629/7/733
f 630/1/734 68/1/734 641/1/734
f 642/7/735 622/7/735 641/7/735
f 643/7/736 632/7/736 644/7/736
f 284/1/737 632/1/737 274/1/737
f 536/6/738 624/6/738 625/6/738
f 284/6/739 620/6/739 626/6/739
f 701/6/740 627/6/740 559/6/740
f 567/1/741 628/1/741 67/1/741
f 559/6/742 630/6/742 565/6/742
f 62/1/743 641/1/743 68/1/743
f 631/1/744 274/1/744 632/1/744
f 645/7/745 641/7/745 622/7/745
f 628/1/746 701/1/746 67/1/746
f 282/6/747 626/6/747 702/6/747
f 647/7/748 644/7/748 632/7/748
f 619/7/749 633/7/749 634/7/749
f 649/6/750 635/6/750 633/6/750
f 628/7/751 635/7/751 627/7/751
f 1475/1/752 1476/1/752 1464/1/752
f 650/6/753 640/6/753 639/6/753
f 638/7/754 640/7/754 620/7/754
f 622/7/755 643/7/755 623/7/755
f 632/7/756 642/7/756 631/7/756
f 651/6/757 646/6/757 645/6/757
f 641/7/758 646/7/758 630/7/758
f 653/6/759 648/6/759 647/6/759
f 644/7/760 648/7/760 624/7/760
f 627/6/761 649/6/761 618/6/761
f 626/6/762 620/6/762 650/6/762
f 630/6/763 651/6/763 621/6/763
f 624/6/764 653/6/764 625/6/764
f 624/6/765 648/6/765 652/6/765
f 516/1/766 518/1/766 533/1/766
f 147/1/767 660/1/767 659/1/767
f 149/1/768 660/1/768 146/1/768
f 149/1/769 666/1/769 664/1/769
f 143/1/770 692/1/770 145/1/770
f 143/1/771 667/1/771 669/1/771
f 213/1/772 694/1/772 212/1/772
f 212/1/773 676/1/773 215/1/773
f 216/1/774 686/1/774 214/1/774
f 672/1/775 670/1/775 213/1/775
f 679/1/776 698/1/776 211/1/776
f 208/1/777 698/1/777 699/1/777
f 680/1/778 662/1/778 689/1/778
f 144/1/779 680/1/779 689/1/779
f 668/1/780 682/1/780 681/1/780
f 682/1/781 665/1/781 661/1/781
f 661/1/782 666/1/782 683/1/782
f 150/1/783 683/1/783 666/1/783
f 210/1/784 685/1/784 684/1/784
f 673/1/785 686/1/785 685/1/785
f 659/1/786 660/1/786 690/1/786
f 659/1/787 690/1/787 662/1/787
f 667/1/788 144/1/788 691/1/788
f 694/1/789 696/1/789 676/1/789
f 209/1/790 699/1/790 697/1/790
f 566/6/791 701/6/791 77/6/791
f 79/5/792 566/5/792 124/5/792
f 79/6/793 81/6/793 84/6/793
f 84/5/794 700/5/794 79/5/794
f 67/5/795 700/5/795 84/5/795
f 702/1/796 629/1/796 567/1/796
f 706/1/797 705/1/797 6/1/797
f 4/1/798 3/1/798 5/1/798
f 563/6/799 703/6/799 562/6/799
f 710/7/800 539/7/800 544/7/800
f 704/7/801 544/7/801 545/7/801
f 705/7/802 545/7/802 1/7/802
f 6/1/803 705/1/803 1/1/803
f 5/1/804 3/1/804 706/1/804
f 712/7/805 3/7/805 551/7/805
f 550/7/806 712/7/806 551/7/806
f 538/7/807 707/7/807 550/7/807
f 561/6/808 708/6/808 538/6/808
f 704/5/809 706/5/809 711/5/809
f 706/5/810 712/5/810 711/5/810
f 713/5/811 714/5/811 715/5/811
f 714/5/812 78/5/812 69/5/812
f 714/5/813 60/5/813 78/5/813
f 715/5/814 714/5/814 69/5/814
f 717/5/815 716/5/815 556/5/815
f 556/6/816 716/6/816 277/6/816
f 719/5/817 718/5/817 788/5/817
f 735/6/818 737/6/818 738/6/818
f 726/5/819 783/5/819 734/5/819
f 720/6/820 739/6/820 740/6/820
f 782/4/821 783/4/821 727/4/821
f 734/6/822 728/6/822 726/6/822
f 729/5/823 727/5/823 726/5/823
f 784/4/824 727/4/824 730/4/824
f 782/5/825 732/5/825 728/5/825
f 728/6/826 729/6/826 726/6/826
f 785/4/827 730/4/827 731/4/827
f 722/5/828 731/5/828 729/5/828
f 786/4/829 731/4/829 787/4/829
f 785/5/830 721/5/830 732/5/830
f 729/6/831 721/6/831 722/6/831
f 725/5/832 728/5/832 724/5/832
f 783/4/833 725/4/833 788/4/833
f 734/5/834 788/5/834 718/5/834
f 724/6/835 734/6/835 718/6/835
f 786/5/836 735/5/836 721/5/836
f 787/4/837 736/4/837 786/4/837
f 722/6/838 735/6/838 738/6/838
f 725/4/839 719/4/839 788/4/839
f 724/5/840 739/5/840 725/5/840
f 724/6/841 720/6/841 740/6/841
f 723/5/842 738/5/842 737/5/842
f 822/5/843 821/5/843 826/5/843
f 742/5/844 744/5/844 746/5/844
f 794/5/845 748/5/845 741/5/845
f 748/5/846 745/5/846 741/5/846
f 794/5/847 742/5/847 747/5/847
f 794/5/848 747/5/848 748/5/848
f 742/5/849 746/5/849 747/5/849
f 748/4/850 749/4/850 745/4/850
f 744/6/851 749/6/851 746/6/851
f 746/6/852 749/6/852 747/6/852
f 747/6/853 749/6/853 748/6/853
f 767/6/854 769/6/854 770/6/854
f 755/5/855 790/5/855 766/5/855
f 742/6/856 772/6/856 743/6/856
f 765/5/857 757/5/857 764/5/857
f 789/4/858 790/4/858 756/4/858
f 766/6/859 757/6/859 755/6/859
f 759/5/860 755/5/860 758/5/860
f 791/4/861 756/4/861 759/4/861
f 757/5/862 791/5/862 760/5/862
f 757/6/863 758/6/863 755/6/863
f 875/5/864 759/5/864 758/5/864
f 876/4/865 791/4/865 759/4/865
f 760/5/866 792/5/866 763/5/866
f 760/6/867 761/6/867 758/6/867
f 752/5/868 877/5/868 875/5/868
f 793/4/869 877/4/869 752/4/869
f 763/5/870 793/5/870 750/5/870
f 761/6/871 750/6/871 751/6/871
f 754/5/872 764/5/872 753/5/872
f 790/4/873 754/4/873 794/4/873
f 766/5/874 794/5/874 741/5/874
f 753/6/875 766/6/875 741/6/875
f 750/5/876 768/5/876 767/5/876
f 752/4/877 768/4/877 793/4/877
f 774/5/878 770/5/878 773/5/878
f 751/6/879 767/6/879 770/6/879
f 754/4/880 795/4/880 794/4/880
f 753/5/881 771/5/881 754/5/881
f 753/6/882 743/6/882 772/6/882
f 769/5/883 773/5/883 770/5/883
f 752/5/884 751/5/884 775/5/884
f 775/5/885 751/5/885 774/5/885
f 871/5/886 849/5/886 869/5/886
f 752/5/887 775/5/887 776/5/887
f 774/5/888 751/5/888 770/5/888
f 773/4/889 777/4/889 778/4/889
f 776/4/890 780/4/890 779/4/890
f 774/4/891 780/4/891 775/4/891
f 773/4/892 781/4/892 774/4/892
f 778/6/893 777/6/893 781/6/893
f 777/6/894 779/6/894 781/6/894
f 779/6/895 780/6/895 781/6/895
f 723/6/896 737/6/896 787/6/896
f 742/6/897 794/6/897 795/6/897
f 797/5/898 798/5/898 864/5/898
f 814/6/899 815/6/899 862/6/899
f 813/5/900 855/5/900 804/5/900
f 817/6/901 864/6/901 798/6/901
f 811/5/902 805/5/902 856/5/902
f 812/4/903 805/4/903 855/4/903
f 804/5/904 857/5/904 806/5/904
f 855/4/905 807/4/905 857/4/905
f 811/5/906 807/5/906 805/5/906
f 804/6/907 808/6/907 811/6/907
f 806/5/908 858/5/908 809/5/908
f 858/4/909 807/4/909 810/4/909
f 808/5/910 810/5/910 807/5/910
f 809/6/911 808/6/911 806/6/911
f 809/5/912 880/5/912 881/5/912
f 880/4/913 810/4/913 800/4/913
f 808/5/914 800/5/914 810/5/914
f 809/6/915 799/6/915 808/6/915
f 803/5/916 856/5/916 860/5/916
f 812/4/917 860/4/917 856/4/917
f 796/5/918 812/5/918 813/5/918
f 803/6/919 813/6/919 811/6/919
f 799/5/920 862/5/920 800/5/920
f 862/4/921 859/4/921 800/4/921
f 801/6/922 814/6/922 799/6/922
f 864/4/923 860/4/923 797/4/923
f 860/5/924 817/5/924 803/5/924
f 803/6/925 798/6/925 796/6/925
f 815/5/926 816/5/926 801/5/926
f 820/5/927 826/5/927 821/5/927
f 819/5/928 818/5/928 823/5/928
f 823/5/929 818/5/929 822/5/929
f 819/5/930 824/5/930 820/5/930
f 819/5/931 823/5/931 824/5/931
f 820/5/932 824/5/932 825/5/932
f 822/4/933 826/4/933 827/4/933
f 826/6/934 825/6/934 827/6/934
f 825/6/935 824/6/935 827/6/935
f 824/6/936 823/6/936 827/6/936
f 1244/8/937 1148/8/937 1057/8/937
f 843/6/938 871/6/938 872/6/938
f 832/5/939 841/5/939 865/5/939
f 845/6/940 820/6/940 821/6/940
f 834/5/941 866/5/941 840/5/941
f 841/4/942 833/4/942 865/4/942
f 842/6/943 834/6/943 840/6/943
f 865/5/944 878/5/944 832/5/944
f 865/4/945 836/4/945 867/4/945
f 834/5/946 836/5/946 833/5/946
f 878/5/947 867/5/947 868/5/947
f 868/4/948 836/4/948 838/4/948
f 835/5/949 838/5/949 836/5/949
f 837/6/950 839/6/950 835/6/950
f 837/5/951 869/5/951 830/5/951
f 829/4/952 868/4/952 838/4/952
f 839/5/953 829/5/953 838/5/953
f 837/6/954 828/6/954 839/6/954
f 840/5/955 870/5/955 831/5/955
f 841/4/956 870/4/956 866/4/956
f 842/5/957 819/5/957 841/5/957
f 831/6/958 842/6/958 840/6/958
f 828/5/959 872/5/959 829/5/959
f 872/4/960 869/4/960 829/4/960
f 847/5/961 846/5/961 844/5/961
f 830/6/962 843/6/962 828/6/962
f 874/4/963 870/4/963 819/4/963
f 873/5/964 831/5/964 870/5/964
f 831/6/965 821/6/965 818/6/965
f 871/5/966 846/5/966 850/5/966
f 869/5/967 848/5/967 830/5/967
f 848/5/968 847/5/968 830/5/968
f 1248/8/969 1137/8/969 1149/8/969
f 869/5/970 849/5/970 848/5/970
f 847/5/971 844/5/971 830/5/971
f 850/4/972 852/4/972 849/4/972
f 849/4/973 853/4/973 848/4/973
f 853/4/974 847/4/974 848/4/974
f 854/4/975 846/4/975 847/4/975
f 851/6/976 854/6/976 850/6/976
f 850/6/977 854/6/977 852/6/977
f 852/6/978 854/6/978 853/6/978
f 998/8/979 1109/8/979 1221/8/979
f 881/6/980 861/6/980 815/6/980
f 873/4/981 874/4/981 820/4/981
f 876/6/982 875/6/982 762/6/982
f 762/4/983 792/4/983 876/4/983
f 877/4/984 792/4/984 762/4/984
f 875/6/985 877/6/985 762/6/985
f 878/6/986 837/6/986 835/6/986
f 835/6/987 879/6/987 878/6/987
f 879/6/988 834/6/988 832/6/988
f 800/4/989 859/4/989 880/4/989
f 880/6/990 859/6/990 802/6/990
f 881/5/991 880/5/991 802/5/991
f 802/6/992 859/6/992 881/6/992
f 882/3/993 886/3/993 884/3/993
f 883/3/994 888/3/994 882/3/994
f 883/3/995 890/3/995 889/3/995
f 884/3/996 885/3/996 890/3/996
f 903/6/997 905/6/997 906/6/997
f 906/6/998 907/6/998 908/6/998
f 908/6/999 909/6/999 910/6/999
f 899/6/1000 894/6/1000 893/6/1000
f 901/6/1001 900/6/1001 899/6/1001
f 901/6/1002 892/6/1002 902/6/1002
f 894/6/1003 897/6/1003 893/6/1003
f 895/6/1004 896/6/1004 891/6/1004
f 907/6/1005 905/6/1005 900/6/1005
f 898/6/1006 915/6/1006 897/6/1006
f 899/6/1007 906/6/1007 908/6/1007
f 896/6/1008 918/6/1008 917/6/1008
f 919/3/1009 924/3/1009 920/3/1009
f 925/3/1010 921/3/1010 920/3/1010
f 921/3/1011 927/3/1011 922/3/1011
f 928/3/1012 919/3/1012 922/3/1012
f 933/3/1013 930/3/1013 929/3/1013
f 930/3/1014 935/3/1014 931/3/1014
f 936/3/1015 932/3/1015 931/3/1015
f 932/3/1016 938/3/1016 929/3/1016
f 1253/1/1017 1309/1/1017 1328/1/1017
f 957/6/1018 956/6/1018 955/6/1018
f 957/6/1019 960/6/1019 958/6/1019
f 959/6/1020 961/6/1020 960/6/1020
f 942/6/1021 947/6/1021 941/6/1021
f 948/6/1022 954/6/1022 951/6/1022
f 952/6/1023 940/6/1023 939/6/1023
f 939/6/1024 940/6/1024 943/6/1024
f 942/6/1025 946/6/1025 945/6/1025
f 950/6/1026 948/6/1026 947/6/1026
f 953/6/1027 951/6/1027 954/6/1027
f 967/6/1028 945/6/1028 946/6/1028
f 944/6/1029 970/6/1029 943/6/1029
f 971/3/1030 975/3/1030 974/3/1030
f 971/3/1031 976/3/1031 975/3/1031
f 972/3/1032 977/3/1032 976/3/1032
f 972/3/1033 978/3/1033 977/3/1033
f 973/3/1034 979/3/1034 978/3/1034
f 971/3/1035 979/3/1035 973/3/1035
f 1010/8/1036 1046/8/1036 1007/8/1036
f 1073/8/1037 1055/8/1037 1035/8/1037
f 1012/8/1038 1048/8/1038 1050/8/1038
f 1217/8/1039 1218/8/1039 1047/8/1039
f 1015/4/1040 1017/4/1040 1018/4/1040
f 999/4/1041 1019/4/1041 1013/4/1041
f 1003/4/1042 1240/4/1042 1004/4/1042
f 1018/4/1043 1017/4/1043 1066/4/1043
f 1066/4/1044 1022/4/1044 1018/4/1044
f 247/2/1045 236/2/1045 224/2/1045
f 1068/8/1046 1067/8/1046 1023/8/1046
f 1234/8/1047 1104/8/1047 1105/8/1047
f 1002/4/1048 1026/4/1048 1019/4/1048
f 1070/8/1049 1075/8/1049 1071/8/1049
f 1081/8/1050 1087/8/1050 1082/8/1050
f 1081/8/1051 1084/8/1051 1083/8/1051
f 1085/8/1052 1084/8/1052 1086/8/1052
f 1226/8/1053 1072/8/1053 1225/8/1053
f 1052/8/1054 1087/8/1054 1028/8/1054
f 1068/8/1055 1071/8/1055 1069/8/1055
f 1053/8/1056 1088/8/1056 1052/8/1056
f 1049/8/1057 1051/8/1057 1088/8/1057
f 1085/8/1058 1054/8/1058 1034/8/1058
f 1262/3/1059 1261/3/1059 1288/3/1059
f 1055/8/1060 1058/8/1060 1057/8/1060
f 1049/1/1061 1037/1/1061 1036/1/1061
f 1036/1/1062 1012/1/1062 1049/1/1062
f 1039/1/1063 1012/1/1063 1038/1/1063
f 1011/1/1064 1035/1/1064 1008/1/1064
f 1008/1/1065 1055/1/1065 1009/1/1065
f 1009/1/1066 1057/1/1066 1001/1/1066
f 1040/8/1067 1059/8/1067 1037/8/1067
f 1041/8/1068 1060/8/1068 1059/8/1068
f 1043/8/1069 1060/8/1069 1042/8/1069
f 1054/8/1070 1086/8/1070 1035/8/1070
f 1035/8/1071 1086/8/1071 1074/8/1071
f 1053/8/1072 1052/8/1072 1044/8/1072
f 987/1/1073 1186/1/1073 985/1/1073
f 997/1/1074 989/1/1074 986/1/1074
f 989/1/1075 980/1/1075 986/1/1075
f 981/1/1076 987/1/1076 985/1/1076
f 1094/1/1077 990/1/1077 984/1/1077
f 993/1/1078 994/1/1078 988/1/1078
f 994/1/1079 1186/1/1079 988/1/1079
f 992/1/1080 997/1/1080 991/1/1080
f 1193/8/1081 1223/8/1081 1191/8/1081
f 1183/8/1082 1186/8/1082 1185/8/1082
f 1010/8/1083 1182/8/1083 1183/8/1083
f 993/8/1084 1028/8/1084 1081/8/1084
f 993/8/1085 1083/8/1085 994/8/1085
f 994/8/1086 1032/8/1086 995/8/1086
f 992/8/1087 1033/8/1087 1028/8/1087
f 1185/8/1088 1034/8/1088 1054/8/1088
f 1183/8/1089 1011/8/1089 1010/8/1089
f 1196/8/1090 1224/8/1090 1137/8/1090
f 1231/8/1091 1229/8/1091 1230/8/1091
f 1228/8/1092 1229/8/1092 1231/8/1092
f 1009/8/1093 1046/8/1093 1008/8/1093
f 1009/8/1094 1045/8/1094 1047/8/1094
f 1063/8/1095 1050/8/1095 1013/8/1095
f 1013/8/1096 1048/8/1096 999/8/1096
f 1033/8/1097 1044/8/1097 1052/8/1097
f 1015/8/1098 1058/8/1098 1056/8/1098
f 1086/8/1099 1016/8/1099 1074/8/1099
f 1036/8/1100 1037/8/1100 1059/8/1100
f 1038/8/1101 1059/8/1101 1060/8/1101
f 1038/8/1102 1061/8/1102 1039/8/1102
f 1073/8/1103 1072/8/1103 1226/8/1103
f 1245/4/1104 1020/4/1104 1247/4/1104
f 1247/4/1105 1019/4/1105 1246/4/1105
f 1025/4/1106 1065/4/1106 1064/4/1106
f 1065/4/1107 1021/4/1107 1066/4/1107
f 1023/8/1108 1225/8/1108 1030/8/1108
f 1065/8/1109 1066/8/1109 1067/8/1109
f 1066/8/1110 1227/8/1110 1067/8/1110
f 1064/8/1111 1067/8/1111 1069/8/1111
f 1014/8/1112 1070/8/1112 1027/8/1112
f 1063/8/1113 1071/8/1113 1075/8/1113
f 1031/8/1114 1225/8/1114 1072/8/1114
f 1066/8/1115 1226/8/1115 1227/8/1115
f 1027/8/1116 1068/8/1116 1029/8/1116
f 1020/8/1117 1069/8/1117 1071/8/1117
f 1062/8/1118 1226/8/1118 1017/8/1118
f 1016/8/1119 1072/8/1119 1074/8/1119
f 1062/8/1120 1056/8/1120 1073/8/1120
f 1076/1/1121 1027/1/1121 1077/1/1121
f 1078/1/1122 1029/1/1122 1023/1/1122
f 1030/1/1123 1078/1/1123 1023/1/1123
f 1031/1/1124 1079/1/1124 1030/1/1124
f 1031/1/1125 1080/1/1125 1079/1/1125
f 1078/8/1126 1087/8/1126 1077/8/1126
f 1078/8/1127 1084/8/1127 1082/8/1127
f 1032/8/1128 1083/8/1128 1085/8/1128
f 1080/8/1129 1084/8/1129 1079/8/1129
f 1076/8/1130 1087/8/1130 1088/8/1130
f 1014/8/1131 1088/8/1131 1051/8/1131
f 1140/8/1132 1105/8/1132 1104/8/1132
f 1108/8/1133 1139/8/1133 1141/8/1133
f 1283/1/1134 1252/1/1134 1315/1/1134
f 1000/8/1135 1140/8/1135 1104/8/1135
f 1112/4/1136 1114/4/1136 1152/4/1136
f 1116/4/1137 999/4/1137 1110/4/1137
f 1003/4/1138 1115/4/1138 1112/4/1138
f 1115/4/1139 1156/4/1139 1114/4/1139
f 1117/4/1140 1116/4/1140 1238/4/1140
f 1119/4/1141 1156/4/1141 1115/4/1141
f 1159/8/1142 1160/8/1142 1157/8/1142
f 1154/4/1143 1122/4/1143 1116/4/1143
f 1122/4/1144 1002/4/1144 1116/4/1144
f 1006/4/1145 1115/4/1145 1004/4/1145
f 1167/8/1146 1162/8/1146 1163/8/1146
f 1124/8/1147 1174/8/1147 1173/8/1147
f 1177/8/1148 1124/8/1148 1127/8/1148
f 1176/8/1149 1177/8/1149 1127/8/1149
f 1174/8/1150 1145/8/1150 1173/8/1150
f 1160/8/1151 1163/8/1151 1162/8/1151
f 1176/8/1152 1147/8/1152 1132/8/1152
f 1148/8/1153 1244/8/1153 1112/8/1153
f 1150/1/1154 1142/1/1154 1135/1/1154
f 1135/1/1155 1109/1/1155 1136/1/1155
f 1109/1/1156 1039/1/1156 1136/1/1156
f 1141/1/1157 1133/1/1157 1132/1/1157
f 1134/1/1158 1106/1/1158 1107/1/1158
f 1001/1/1159 1134/1/1159 1107/1/1159
f 1151/8/1160 1138/8/1160 1249/8/1160
f 341/1/1161 340/1/1161 402/1/1161
f 1151/8/1162 1043/8/1162 1138/8/1162
f 1131/8/1163 1146/8/1163 1145/8/1163
f 1233/8/1164 1234/8/1164 1235/8/1164
f 1195/8/1165 1197/8/1165 1198/8/1165
f 1192/8/1166 1198/8/1166 1194/8/1166
f 981/8/1167 1187/8/1167 1190/8/1167
f 1089/1/1168 1102/1/1168 1091/1/1168
f 1195/1/1169 1101/1/1169 1103/1/1169
f 980/1/1170 1092/1/1170 1195/1/1170
f 981/1/1171 1091/1/1171 983/1/1171
f 1097/1/1172 1093/1/1172 1098/1/1172
f 1093/1/1173 1099/1/1173 1098/1/1173
f 1090/1/1174 1099/1/1174 1102/1/1174
f 1097/1/1175 1103/1/1175 1101/1/1175
f 1196/8/1176 1103/8/1176 1199/8/1176
f 1232/8/1177 1233/8/1177 1235/8/1177
f 1098/8/1178 1173/8/1178 1097/8/1178
f 1127/8/1179 1098/8/1179 1099/8/1179
f 1129/8/1180 1099/8/1180 1100/8/1180
f 1097/8/1181 1130/8/1181 1096/8/1181
f 1095/8/1182 1129/8/1182 1100/8/1182
f 1130/8/1183 1199/8/1183 1096/8/1183
f 1150/8/1184 1199/8/1184 1131/8/1184
f 1131/8/1185 1199/8/1185 1146/8/1185
f 1139/8/1186 1107/8/1186 1106/8/1186
f 1107/8/1187 1045/8/1187 1001/8/1187
f 1147/8/1188 1129/8/1188 1095/8/1188
f 1178/8/1189 1113/8/1189 1172/8/1189
f 1224/8/1190 1150/8/1190 1137/8/1190
f 1136/8/1191 1149/8/1191 1135/8/1191
f 1061/8/1192 1136/8/1192 1039/8/1192
f 1164/8/1193 1165/8/1193 1219/8/1193
f 1110/4/1194 1238/4/1194 1239/4/1194
f 1155/4/1195 1121/4/1195 1154/4/1195
f 1118/4/1196 1155/4/1196 1156/4/1196
f 1158/8/1197 1157/8/1197 1126/8/1197
f 1157/8/1198 1160/8/1198 1125/8/1198
f 1154/8/1199 1159/8/1199 1155/8/1199
f 1162/8/1200 1111/8/1200 1123/8/1200
f 1153/8/1201 1163/8/1201 1117/8/1201
f 1128/8/1202 1158/8/1202 1126/8/1202
f 1219/8/1203 1156/8/1203 1220/8/1203
f 1160/8/1204 1123/8/1204 1125/8/1204
f 1117/8/1205 1161/8/1205 1154/8/1205
f 1219/8/1206 1152/8/1206 1114/8/1206
f 1113/8/1207 1164/8/1207 1128/8/1207
f 743/5/1208 745/5/1208 744/5/1208
f 1012/8/1209 1050/8/1209 1075/8/1209
f 1123/1/1210 1168/1/1210 1169/1/1210
f 1123/1/1211 1169/1/1211 1125/1/1211
f 1170/1/1212 1125/1/1212 1169/1/1212
f 1170/1/1213 1126/1/1213 1157/1/1213
f 1171/1/1214 1128/1/1214 1126/1/1214
f 1128/1/1215 1172/1/1215 1113/1/1215
f 1174/8/1216 1170/8/1216 1169/8/1216
f 1170/8/1217 1177/8/1217 1171/8/1217
f 1177/8/1218 1172/8/1218 1171/8/1218
f 1168/8/1219 1174/8/1219 1169/8/1219
f 1132/8/1220 1178/8/1220 1176/8/1220
f 1133/8/1221 1166/8/1221 1178/8/1221
f 1131/8/1222 1179/8/1222 1142/8/1222
f 1142/8/1223 1179/8/1223 1144/8/1223
f 1111/8/1224 1179/8/1224 1168/8/1224
f 1186/8/1225 995/8/1225 1185/8/1225
f 1185/8/1226 1032/8/1226 1034/8/1226
f 1141/8/1227 1188/8/1227 1108/8/1227
f 1104/8/1228 1184/8/1228 1000/8/1228
f 1189/8/1229 1095/8/1229 1100/8/1229
f 981/8/1230 1190/8/1230 1089/8/1230
f 986/8/1231 1191/8/1231 997/8/1231
f 1037/8/1232 1222/8/1232 1223/8/1232
f 1037/8/1233 1223/8/1233 1040/8/1233
f 991/8/1234 1191/8/1234 1222/8/1234
f 1222/8/1235 1033/8/1235 991/8/1235
f 1195/8/1236 1192/8/1236 980/8/1236
f 1103/8/1237 1096/8/1237 1199/8/1237
f 1182/8/1238 1007/8/1238 1218/8/1238
f 1194/8/1239 1138/8/1239 1043/8/1239
f 984/1/1240 1093/1/1240 1094/1/1240
f 984/1/1241 990/1/1241 987/1/1241
f 993/1/1242 990/1/1242 996/1/1242
f 990/1/1243 1094/1/1243 989/1/1243
f 988/1/1244 987/1/1244 990/1/1244
f 987/1/1245 983/1/1245 984/1/1245
f 983/1/1246 1091/1/1246 984/1/1246
f 1091/1/1247 1102/1/1247 984/1/1247
f 1102/1/1248 1093/1/1248 984/1/1248
f 1093/1/1249 1101/1/1249 1094/1/1249
f 1101/1/1250 1092/1/1250 1094/1/1250
f 1092/1/1251 982/1/1251 1094/1/1251
f 982/1/1252 989/1/1252 1094/1/1252
f 989/1/1253 996/1/1253 990/1/1253
f 993/1/1254 988/1/1254 990/1/1254
f 1200/2/1255 1203/2/1255 1201/2/1255
f 1237/1/1256 1204/1/1256 1006/1/1256
f 1203/2/1257 1205/2/1257 1207/2/1257
f 1006/1/1258 1204/1/1258 1236/1/1258
f 1207/3/1259 1205/3/1259 1206/3/1259
f 1208/1/1260 1210/1/1260 1215/1/1260
f 1215/1/1261 1210/1/1261 1216/1/1261
f 1211/2/1262 1212/2/1262 1213/2/1262
f 1213/1/1263 1212/1/1263 1214/1/1263
f 1212/2/1264 1216/2/1264 1214/2/1264
f 1180/2/1265 1208/2/1265 1215/2/1265
f 1212/2/1266 1180/2/1266 1215/2/1266
f 1021/1/1267 1201/1/1267 1022/1/1267
f 1024/1/1268 1200/1/1268 1021/1/1268
f 1025/3/1269 1202/3/1269 1024/3/1269
f 1026/2/1270 1205/2/1270 1025/2/1270
f 1005/1/1271 1206/1/1271 1026/1/1271
f 1211/3/1272 1118/3/1272 1119/3/1272
f 1213/1/1273 1120/1/1273 1118/1/1273
f 1214/1/1274 1121/1/1274 1120/1/1274
f 1216/1/1275 1122/1/1275 1121/1/1275
f 1210/1/1276 1005/1/1276 1122/1/1276
f 1203/1/1277 1180/1/1277 1204/1/1277
f 1204/2/1278 1180/2/1278 1212/2/1278
f 1185/8/1279 1011/8/1279 1183/8/1279
f 1189/8/1280 1141/8/1280 1132/8/1280
f 1190/8/1281 1187/8/1281 1234/8/1281
f 1046/8/1282 1218/8/1282 1007/8/1282
f 1045/8/1283 1217/8/1283 1047/8/1283
f 1156/8/1284 1219/8/1284 1114/8/1284
f 1155/8/1285 1159/8/1285 1156/8/1285
f 495/1/1286 441/1/1286 458/1/1286
f 1219/8/1287 1158/8/1287 1164/8/1287
f 1063/4/1288 1247/4/1288 1020/4/1288
f 1167/8/1289 1109/8/1289 1142/8/1289
f 1232/8/1290 1235/8/1290 1105/8/1290
f 372/1/1291 370/1/1291 371/1/1291
f 1198/8/1292 1197/8/1292 1250/8/1292
f 1193/8/1293 1191/8/1293 1230/8/1293
f 986/8/1294 1231/8/1294 1230/8/1294
f 1188/8/1295 1189/8/1295 1232/8/1295
f 1232/8/1296 1090/8/1296 1233/8/1296
f 1025/4/1297 1064/4/1297 1246/4/1297
f 1041/8/1298 1230/8/1298 1042/8/1298
f 776/5/1299 769/5/1299 752/5/1299
f 1119/1/1300 1006/1/1300 1211/1/1300
f 1006/2/1301 1236/2/1301 1211/2/1301
f 1203/2/1302 1204/2/1302 1201/2/1302
f 1201/2/1303 1204/2/1303 1237/2/1303
f 1212/2/1304 1211/2/1304 1204/2/1304
f 1204/2/1305 1211/2/1305 1236/2/1305
f 1207/1/1306 1206/1/1306 1180/1/1306
f 1206/1/1307 1208/1/1307 1180/1/1307
f 1192/8/1308 1194/8/1308 1228/8/1308
f 1239/4/1309 1238/4/1309 1116/4/1309
f 1241/4/1310 1242/4/1310 1243/4/1310
f 1243/4/1311 1242/4/1311 1240/4/1311
f 1240/4/1312 1241/4/1312 1243/4/1312
f 1148/8/1313 1112/8/1313 1165/8/1313
f 1058/8/1314 1003/8/1314 1244/8/1314
f 1112/8/1315 1244/8/1315 1003/8/1315
f 174/2/1316 159/2/1316 161/2/1316
f 1245/4/1317 1247/4/1317 1246/4/1317
f 1245/4/1318 1064/4/1318 1020/4/1318
f 1138/8/1319 1250/8/1319 1249/8/1319
f 1250/8/1320 1248/8/1320 1249/8/1320
f 1181/8/1321 985/8/1321 1182/8/1321
f 1182/8/1322 985/8/1322 1186/8/1322
f 1181/8/1323 1184/8/1323 985/8/1323
f 986/8/1324 1230/8/1324 1191/8/1324
f 1290/3/1325 1287/3/1325 1256/3/1325
f 1288/3/1326 1251/3/1326 1289/3/1326
f 1263/3/1327 1256/3/1327 1258/3/1327
f 1257/3/1328 1261/3/1328 1263/3/1328
f 1253/3/1329 1319/3/1329 1322/3/1329
f 1271/3/1330 1319/3/1330 1270/3/1330
f 1274/3/1331 1323/3/1331 1327/3/1331
f 657/1/1332 2/1/1332 512/1/1332
f 1225/8/1333 1227/8/1333 1226/8/1333
f 1294/3/1334 1257/3/1334 1258/3/1334
f 1293/3/1335 1294/3/1335 1258/3/1335
f 1259/3/1336 1286/3/1336 1257/3/1336
f 1260/3/1337 1321/3/1337 1325/3/1337
f 1271/3/1338 1324/3/1338 1320/3/1338
f 1274/3/1339 1321/3/1339 1273/3/1339
f 1261/3/1340 1286/3/1340 1288/3/1340
f 1261/3/1341 1262/3/1341 1256/3/1341
f 231/2/1342 246/2/1342 220/2/1342
f 1264/3/1343 1255/3/1343 1269/3/1343
f 1265/3/1344 1270/3/1344 1264/3/1344
f 1265/3/1345 1272/3/1345 1271/3/1345
f 1266/3/1346 1273/3/1346 1272/3/1346
f 1268/3/1347 1273/3/1347 1267/3/1347
f 1269/3/1348 1274/3/1348 1268/3/1348
f 1267/3/1349 1275/3/1349 1276/3/1349
f 1265/3/1350 1275/3/1350 1266/3/1350
f 1265/3/1351 1278/3/1351 1277/3/1351
f 1264/3/1352 1279/3/1352 1278/3/1352
f 1268/3/1353 1279/3/1353 1269/3/1353
f 1267/3/1354 1280/3/1354 1268/3/1354
f 1276/3/1355 1275/3/1355 1281/3/1355
f 1275/3/1356 1277/3/1356 1281/3/1356
f 1277/3/1357 1278/3/1357 1281/3/1357
f 1278/3/1358 1279/3/1358 1281/3/1358
f 1279/3/1359 1280/3/1359 1281/3/1359
f 1280/3/1360 1276/3/1360 1281/3/1360
f 1284/3/1361 1288/3/1361 1289/3/1361
f 1293/3/1362 1258/3/1362 1287/3/1362
f 1287/3/1363 1290/3/1363 1289/3/1363
f 1263/3/1364 1261/3/1364 1256/3/1364
f 1293/3/1365 1251/3/1365 1252/3/1365
f 1291/3/1366 1286/3/1366 1292/3/1366
f 1307/3/1367 1308/3/1367 1295/3/1367
f 1307/3/1368 1300/3/1368 1309/3/1368
f 1308/3/1369 1303/3/1369 1310/3/1369
f 1297/3/1370 1299/3/1370 1314/3/1370
f 1297/3/1371 1315/3/1371 1313/3/1371
f 1315/3/1372 1304/3/1372 1316/3/1372
f 1314/3/1373 1301/3/1373 1317/3/1373
f 1309/3/1374 1302/3/1374 1311/3/1374
f 1301/3/1375 1318/3/1375 1317/3/1375
f 1302/3/1376 1312/3/1376 1311/3/1376
f 1303/3/1377 1306/3/1377 1310/3/1377
f 1316/3/1378 1318/3/1378 1305/3/1378
f 1297/3/1379 1308/3/1379 1298/3/1379
f 1295/3/1380 1314/3/1380 1300/3/1380
f 1314/3/1381 1302/3/1381 1300/3/1381
f 1308/3/1382 1304/3/1382 1298/3/1382
f 1302/3/1383 1318/3/1383 1306/3/1383
f 1306/3/1384 1304/3/1384 1310/3/1384
f 1110/8/1385 999/8/1385 1221/8/1385
f 1023/8/1386 1067/8/1386 1227/8/1386
f 1291/1/1387 1301/1/1387 1299/1/1387
f 1259/1/1388 1301/1/1388 1292/1/1388
f 1325/1/1389 1303/1/1389 1260/1/1389
f 1303/1/1390 1326/1/1390 1260/1/1390
f 1313/1/1391 1291/1/1391 1299/1/1391
f 1315/1/1392 1251/1/1392 1313/1/1392
f 391/1/1393 342/1/1393 406/1/1393
f 262/2/1394 228/2/1394 229/2/1394
f 1319/3/1395 1255/3/1395 1270/3/1395
f 1320/3/1396 1322/3/1396 1319/3/1396
f 1327/3/1397 1253/3/1397 1254/3/1397
f 1324/3/1398 1273/3/1398 1321/3/1398
f 1320/3/1399 1260/3/1399 1326/3/1399
f 1327/3/1400 1325/3/1400 1321/3/1400
f 654/1/1401 1332/1/1401 531/1/1401
f 1331/1/1402 654/1/1402 658/1/1402
f 1330/1/1403 655/1/1403 654/1/1403
f 1332/1/1404 655/1/1404 657/1/1404
f 1333/8/1405 1334/8/1405 1345/8/1405
f 1335/8/1406 1336/8/1406 1333/8/1406
f 1345/8/1407 1337/8/1407 1338/8/1407
f 1374/8/1408 1342/8/1408 1373/8/1408
f 1333/8/1409 1338/8/1409 1335/8/1409
f 1380/8/1410 1346/8/1410 1385/8/1410
f 1392/8/1411 1349/8/1411 1368/8/1411
f 1382/6/1412 1375/6/1412 1340/6/1412
f 1341/5/1413 1494/5/1413 1422/5/1413
f 1381/6/1414 1382/6/1414 1340/6/1414
f 1384/5/1415 1509/5/1415 1376/5/1415
f 1380/6/1416 1340/6/1416 1347/6/1416
f 1351/6/1417 1340/6/1417 1339/6/1417
f 1347/6/1418 1340/6/1418 1351/6/1418
f 1334/8/1419 1360/8/1419 1352/8/1419
f 1336/8/1420 1353/8/1420 1360/8/1420
f 1337/8/1421 1352/8/1421 1512/8/1421
f 1386/8/1422 1354/8/1422 1357/8/1422
f 1512/8/1423 1360/8/1423 1353/8/1423
f 1379/8/1424 1361/8/1424 1362/8/1424
f 1354/8/1425 1390/8/1425 1357/8/1425
f 1355/6/1426 1357/6/1426 1390/6/1426
f 1359/6/1427 1364/6/1427 1355/6/1427
f 1359/8/1428 1378/8/1428 1366/8/1428
f 1388/5/1429 1365/5/1429 1506/5/1429
f 1356/5/1430 1493/5/1430 1365/5/1430
f 1355/6/1431 1379/6/1431 1362/6/1431
f 1362/6/1432 1367/6/1432 1355/6/1432
f 1384/8/1433 1392/8/1433 1368/8/1433
f 1363/8/1434 1370/8/1434 1372/8/1434
f 1338/8/1435 1373/8/1435 1335/8/1435
f 1422/5/1436 1514/5/1436 1341/5/1436
f 1375/8/1437 1342/8/1437 1339/8/1437
f 1375/8/1438 1343/8/1438 1505/8/1438
f 1340/6/1439 1375/6/1439 1339/6/1439
f 1367/6/1440 1357/6/1440 1355/6/1440
f 1365/8/1441 1492/8/1441 1371/8/1441
f 1370/8/1442 1492/8/1442 1372/8/1442
f 1506/8/1443 1371/8/1443 1378/8/1443
f 1370/8/1444 1378/8/1444 1371/8/1444
f 1364/8/1445 1366/8/1445 1370/8/1445
f 1364/6/1446 1363/6/1446 1379/6/1446
f 1372/8/1447 1379/8/1447 1363/8/1447
f 1381/6/1448 1348/6/1448 1349/6/1448
f 1382/6/1449 1349/6/1449 1350/6/1449
f 1382/8/1450 1392/8/1450 1383/8/1450
f 1380/8/1451 1369/8/1451 1348/8/1451
f 1353/8/1452 1386/8/1452 1512/8/1452
f 1390/6/1453 1359/6/1453 1355/6/1453
f 1391/8/1454 1392/8/1454 1350/8/1454
f 1400/5/1455 1410/5/1455 1406/5/1455
f 1496/5/1456 1418/5/1456 1425/5/1456
f 1403/5/1457 1406/5/1457 1408/5/1457
f 1423/5/1458 1408/5/1458 1397/5/1458
f 1423/5/1459 1422/5/1459 1403/5/1459
f 1421/5/1460 1403/5/1460 1422/5/1460
f 1403/5/1461 1420/5/1461 1400/5/1461
f 1400/5/1462 1419/5/1462 1411/5/1462
f 1502/5/1463 1418/5/1463 1501/5/1463
f 1399/8/1464 1346/8/1464 1347/8/1464
f 1399/8/1465 1412/8/1465 1404/8/1465
f 1405/8/1466 1504/8/1466 1417/8/1466
f 1408/5/1467 1407/5/1467 1397/5/1467
f 1496/5/1468 1395/5/1468 1409/5/1468
f 1411/5/1469 1409/5/1469 1410/5/1469
f 1401/5/1470 1419/5/1470 1427/5/1470
f 1394/6/1471 1413/6/1471 1398/6/1471
f 1347/6/1472 1413/6/1472 1399/6/1472
f 1398/6/1473 1413/6/1473 1347/6/1473
f 1416/6/1474 1414/6/1474 1393/6/1474
f 1399/6/1475 1414/6/1475 1412/6/1475
f 1414/6/1476 1416/6/1476 1412/6/1476
f 1413/6/1477 1414/6/1477 1399/6/1477
f 1416/6/1478 1504/6/1478 1412/6/1478
f 1398/6/1479 1415/6/1479 1394/6/1479
f 1405/8/1480 1416/8/1480 1402/8/1480
f 1416/8/1481 1396/8/1481 1402/8/1481
f 1402/8/1482 1425/8/1482 1418/8/1482
f 1402/8/1483 1426/8/1483 1405/8/1483
f 1503/8/1484 1426/8/1484 1502/8/1484
f 1404/8/1485 1427/8/1485 1419/8/1485
f 1420/8/1486 1404/8/1486 1419/8/1486
f 1421/8/1487 1399/8/1487 1420/8/1487
f 1432/5/1488 1442/5/1488 1443/5/1488
f 1440/5/1489 1497/5/1489 1433/5/1489
f 1435/5/1490 1441/5/1490 1432/5/1490
f 1436/5/1491 1439/5/1491 1435/5/1491
f 1436/5/1492 1435/5/1492 1445/5/1492
f 1451/5/1493 1445/5/1493 1435/5/1493
f 1435/5/1494 1450/5/1494 1451/5/1494
f 1432/5/1495 1449/5/1495 1450/5/1495
f 1497/5/1496 1448/5/1496 1433/5/1496
f 1430/8/1497 1437/8/1497 1444/8/1497
f 1499/8/1498 1430/8/1498 1444/8/1498
f 1439/5/1499 1397/5/1499 1407/5/1499
f 1496/5/1500 1440/5/1500 1395/5/1500
f 1443/5/1501 1440/5/1501 1433/5/1501
f 1449/5/1502 1433/5/1502 1448/5/1502
f 1394/6/1503 1429/6/1503 1413/6/1503
f 1362/6/1504 1437/6/1504 1413/6/1504
f 1429/6/1505 1362/6/1505 1413/6/1505
f 1428/6/1506 1393/6/1506 1414/6/1506
f 1437/6/1507 1430/6/1507 1414/6/1507
f 1414/6/1508 1430/6/1508 1428/6/1508
f 1413/6/1509 1437/6/1509 1414/6/1509
f 1428/6/1510 1500/6/1510 1431/6/1510
f 1429/6/1511 1415/6/1511 1367/6/1511
f 1397/5/1512 1436/5/1512 1424/5/1512
f 1438/8/1513 1428/8/1513 1431/8/1513
f 1396/8/1514 1428/8/1514 1434/8/1514
f 1425/8/1515 1434/8/1515 1446/8/1515
f 1447/8/1516 1434/8/1516 1438/8/1516
f 1498/8/1517 1444/8/1517 1448/8/1517
f 1450/8/1518 1444/8/1518 1437/8/1518
f 1451/8/1519 1437/8/1519 1361/8/1519
f 1407/6/1520 1453/6/1520 1458/6/1520
f 1406/6/1521 1453/6/1521 1408/6/1521
f 1406/6/1522 1510/6/1522 1452/6/1522
f 1410/6/1523 1457/6/1523 1510/6/1523
f 1395/6/1524 1457/6/1524 1409/6/1524
f 1441/6/1525 1455/6/1525 1459/6/1525
f 1407/6/1526 1455/6/1526 1439/6/1526
f 1441/6/1527 1472/6/1527 1442/6/1527
f 1395/6/1528 1456/6/1528 1454/6/1528
f 1442/6/1529 1456/6/1529 1440/6/1529
f 1480/1/1530 1481/1/1530 1469/1/1530
f 1474/1/1531 1475/1/1531 1463/1/1531
f 1467/1/1532 1473/1/1532 1474/1/1532
f 1482/1/1533 1479/1/1533 1480/1/1533
f 1454/1/1534 1460/1/1534 1457/1/1534
f 1223/8/1535 1041/8/1535 1040/8/1535
f 1458/1/1536 1464/1/1536 1465/1/1536
f 1459/1/1537 1473/1/1537 1467/1/1537
f 1458/1/1538 1466/1/1538 1455/1/1538
f 1483/1/1539 1459/1/1539 1479/1/1539
f 1454/1/1540 1468/1/1540 1462/1/1540
f 1472/1/1541 1487/1/1541 1456/1/1541
f 1478/1/1542 1455/1/1542 1466/1/1542
f 1477/1/1543 1478/1/1543 1466/1/1543
f 1464/1/1544 1476/1/1544 1477/1/1544
f 1477/1/1545 1476/1/1545 1475/1/1545
f 1474/1/1546 1473/1/1546 1478/1/1546
f 1459/1/1547 1478/1/1547 1473/1/1547
f 1479/1/1548 1459/1/1548 1467/1/1548
f 1480/1/1549 1479/1/1549 1467/1/1549
f 1461/1/1550 1481/1/1550 1480/1/1550
f 1469/1/1551 1470/1/1551 1482/1/1551
f 1470/1/1552 1471/1/1552 1482/1/1552
f 1471/1/1553 1472/1/1553 1483/1/1553
f 1471/1/1554 1470/1/1554 1486/1/1554
f 1470/1/1555 1469/1/1555 1484/1/1555
f 1469/1/1556 1510/1/1556 1484/1/1556
f 1485/1/1557 1457/1/1557 1460/1/1557
f 1486/1/1558 1460/1/1558 1462/1/1558
f 1462/1/1559 1487/1/1559 1486/1/1559
f 1456/1/1560 1487/1/1560 1468/1/1560
f 1468/1/1561 1487/1/1561 1462/1/1561
f 1486/1/1562 1487/1/1562 1471/1/1562
f 1470/1/1563 1484/1/1563 1486/1/1563
f 1482/1/1564 1471/1/1564 1483/1/1564
f 1482/1/1565 1483/1/1565 1479/1/1565
f 1480/1/1566 1469/1/1566 1482/1/1566
f 1461/1/1567 1480/1/1567 1463/1/1567
f 1477/1/1568 1475/1/1568 1474/1/1568
f 1464/1/1569 1477/1/1569 1465/1/1569
f 1474/1/1570 1478/1/1570 1477/1/1570
f 1467/1/1571 1474/1/1571 1463/1/1571
f 1477/1/1572 1466/1/1572 1465/1/1572
f 1463/1/1573 1475/1/1573 1461/1/1573
f 1480/1/1574 1467/1/1574 1463/1/1574
f 1387/5/1575 1436/5/1575 1507/5/1575
f 1373/5/1576 1423/5/1576 1424/5/1576
f 1424/5/1577 1513/5/1577 1336/5/1577
f 1424/5/1578 1336/5/1578 1511/5/1578
f 1341/5/1579 1488/5/1579 1494/5/1579
f 1491/8/1580 1493/8/1580 1492/8/1580
f 1489/8/1581 1384/8/1581 1368/8/1581
f 1349/8/1582 1489/8/1582 1368/8/1582
f 1490/8/1583 1377/8/1583 1493/8/1583
f 1493/8/1584 1372/8/1584 1492/8/1584
f 1488/8/1585 1369/8/1585 1385/8/1585
f 1494/8/1586 1385/8/1586 1346/8/1586
f 1508/5/1587 1422/5/1587 1423/5/1587
f 1445/5/1588 1507/5/1588 1436/5/1588
f 1333/8/1589 1336/8/1589 1495/8/1589
f 1422/5/1590 1494/5/1590 1421/5/1590
f 1496/5/1591 1446/5/1591 1497/5/1591
f 1498/5/1592 1446/5/1592 1447/5/1592
f 1499/8/1593 1447/8/1593 1438/8/1593
f 1500/8/1594 1438/8/1594 1431/8/1594
f 1501/5/1595 1409/5/1595 1401/5/1595
f 1427/5/1596 1501/5/1596 1401/5/1596
f 1404/8/1597 1502/8/1597 1427/8/1597
f 1503/8/1598 1412/8/1598 1504/8/1598
f 1362/6/1599 1429/6/1599 1367/6/1599
f 1494/8/1600 1346/8/1600 1421/8/1600
f 1358/8/1601 1506/8/1601 1378/8/1601
f 1389/8/1602 1388/8/1602 1358/8/1602
f 1387/8/1603 1507/8/1603 1354/8/1603
f 1342/8/1604 1514/8/1604 1422/8/1604
f 1505/8/1605 1383/8/1605 1509/8/1605
f 1376/8/1606 1383/8/1606 1392/8/1606
f 1490/5/1607 1445/5/1607 1451/5/1607
f 1356/5/1608 1445/5/1608 1490/5/1608
f 1452/1/1609 1469/1/1609 1481/1/1609
f 1485/1/1610 1510/1/1610 1457/1/1610
f 1484/1/1611 1510/1/1611 1485/1/1611
f 1513/8/1612 1353/8/1612 1336/8/1612
f 1424/5/1613 1511/5/1613 1373/5/1613
f 1424/5/1614 1387/5/1614 1513/5/1614
f 1356/5/1615 1389/5/1615 1445/5/1615
f 1514/5/1616 1509/5/1616 1341/5/1616
f 1351/6/1617 1374/6/1617 1415/6/1617
f 1374/8/1618 1338/8/1618 1415/8/1618
f 1338/8/1619 1337/8/1619 1415/8/1619
f 1357/6/1620 1367/6/1620 1386/6/1620
f 1337/8/1621 1512/8/1621 1415/8/1621
f 1512/8/1622 1386/8/1622 1415/8/1622
f 1415/6/1623 1386/6/1623 1367/6/1623
f 8/1/1624 5/1/1624 6/1/1624
f 9/1/1625 4/1/1625 5/1/1625
f 7/1/1626 6/1/1626 1/1/1626
f 22/2/1627 25/2/1627 24/2/1627
f 23/2/1628 22/2/1628 27/2/1628
f 22/2/1629 24/2/1629 21/2/1629
f 27/2/1630 22/2/1630 21/2/1630
f 25/2/1631 22/2/1631 23/2/1631
f 31/3/1632 29/3/1632 13/3/1632
f 29/3/1633 30/3/1633 14/3/1633
f 28/3/1634 38/3/1634 15/3/1634
f 31/3/1635 12/3/1635 11/3/1635
f 36/3/1636 39/3/1636 11/3/1636
f 36/2/1637 10/2/1637 20/2/1637
f 37/2/1638 33/2/1638 32/2/1638
f 32/2/1639 16/2/1639 14/2/1639
f 15/3/1640 17/3/1640 33/3/1640
f 33/2/1641 35/2/1641 34/2/1641
f 32/2/1642 34/2/1642 18/2/1642
f 17/2/1643 40/2/1643 35/2/1643
f 39/3/1644 21/3/1644 24/3/1644
f 24/3/1645 25/3/1645 29/3/1645
f 25/3/1646 26/3/1646 30/3/1646
f 37/2/1647 30/2/1647 26/2/1647
f 36/3/1648 28/3/1648 37/3/1648
f 27/2/1649 21/2/1649 39/2/1649
f 44/2/1650 45/2/1650 42/2/1650
f 44/2/1651 42/2/1651 41/2/1651
f 42/2/1652 43/2/1652 47/2/1652
f 45/2/1653 46/2/1653 43/2/1653
f 43/2/1654 46/2/1654 47/2/1654
f 51/3/1655 12/3/1655 13/3/1655
f 49/3/1656 13/3/1656 14/3/1656
f 15/3/1657 38/3/1657 59/3/1657
f 11/3/1658 12/3/1658 51/3/1658
f 48/3/1659 10/3/1659 11/3/1659
f 20/2/1660 10/2/1660 48/2/1660
f 54/2/1661 55/2/1661 53/2/1661
f 14/2/1662 16/2/1662 54/2/1662
f 55/3/1663 17/3/1663 15/3/1663
f 55/2/1664 54/2/1664 56/2/1664
f 16/2/1665 18/2/1665 56/2/1665
f 55/2/1666 57/2/1666 58/2/1666
f 52/3/1667 51/3/1667 44/3/1667
f 49/3/1668 45/3/1668 44/3/1668
f 50/3/1669 46/3/1669 45/3/1669
f 46/2/1670 50/2/1670 53/2/1670
f 48/3/1671 52/3/1671 53/3/1671
f 882/3/1672 884/3/1672 883/3/1672
f 66/5/1673 61/5/1673 301/5/1673
f 60/5/1674 714/5/1674 713/5/1674
f 713/6/1675 715/6/1675 64/6/1675
f 558/6/1676 70/6/1676 65/6/1676
f 83/5/1677 584/5/1677 585/5/1677
f 541/7/1678 542/7/1678 543/7/1678
f 709/5/1679 710/5/1679 704/5/1679
f 546/7/1680 547/7/1680 548/7/1680
f 69/6/1681 566/6/1681 77/6/1681
f 82/5/1682 585/5/1682 586/5/1682
f 578/5/1683 19/5/1683 82/5/1683
f 539/6/1684 563/6/1684 564/6/1684
f 545/7/1685 544/7/1685 546/7/1685
f 81/6/1686 80/6/1686 570/6/1686
f 85/5/1687 66/5/1687 125/5/1687
f 547/7/1688 541/7/1688 74/7/1688
f 374/2/1689 92/2/1689 91/2/1689
f 359/1/1690 361/1/1690 360/1/1690
f 361/1/1691 362/1/1691 360/1/1691
f 360/1/1692 381/1/1692 380/1/1692
f 87/2/1693 86/2/1693 130/2/1693
f 106/2/1694 127/2/1694 126/2/1694
f 97/2/1695 369/2/1695 98/2/1695
f 374/2/1696 103/2/1696 92/2/1696
f 339/1/1697 366/1/1697 344/1/1697
f 101/2/1698 102/2/1698 94/2/1698
f 106/2/1699 104/2/1699 128/2/1699
f 1184/8/1700 1181/8/1700 1217/8/1700
f 1181/8/1701 1218/8/1701 1217/8/1701
f 96/2/1702 391/2/1702 406/2/1702
f 93/2/1703 86/2/1703 88/2/1703
f 343/1/1704 377/1/1704 345/1/1704
f 101/2/1705 358/2/1705 87/2/1705
f 104/2/1706 87/2/1706 129/2/1706
f 99/2/1707 92/2/1707 103/2/1707
f 100/1/1708 88/1/1708 379/1/1708
f 420/2/1709 426/2/1709 489/2/1709
f 583/5/1710 584/5/1710 83/5/1710
f 570/6/1711 80/6/1711 569/6/1711
f 569/1/1712 122/1/1712 121/1/1712
f 124/1/1713 111/1/1713 112/1/1713
f 122/1/1714 569/1/1714 80/1/1714
f 79/1/1715 112/1/1715 114/1/1715
f 587/1/1716 117/1/1716 115/1/1716
f 590/1/1717 591/1/1717 116/1/1717
f 587/1/1718 588/1/1718 118/1/1718
f 590/1/1719 120/1/1719 119/1/1719
f 588/1/1720 589/1/1720 119/1/1720
f 592/1/1721 115/1/1721 116/1/1721
f 111/1/1722 124/1/1722 121/1/1722
f 122/1/1723 109/1/1723 110/1/1723
f 109/1/1724 122/1/1724 123/1/1724
f 81/1/1725 114/1/1725 113/1/1725
f 132/2/1726 135/2/1726 140/2/1726
f 138/2/1727 139/2/1727 667/2/1727
f 140/2/1728 141/2/1728 681/2/1728
f 138/2/1729 143/2/1729 151/2/1729
f 139/2/1730 140/2/1730 144/2/1730
f 687/7/1731 688/7/1731 690/7/1731
f 148/1/1732 680/1/1732 661/1/1732
f 687/7/1733 660/7/1733 664/7/1733
f 688/7/1734 689/7/1734 690/7/1734
f 153/2/1735 151/2/1735 145/2/1735
f 153/2/1736 152/2/1736 668/2/1736
f 133/2/1737 132/2/1737 139/2/1737
f 136/2/1738 133/2/1738 138/2/1738
f 136/2/1739 151/2/1739 142/2/1739
f 137/2/1740 142/2/1740 141/2/1740
f 134/2/1741 141/2/1741 140/2/1741
f 691/7/1742 144/7/1742 689/7/1742
f 681/1/1743 682/1/1743 661/1/1743
f 152/1/1744 666/1/1744 665/1/1744
f 663/1/1745 666/1/1745 152/1/1745
f 669/7/1746 687/7/1746 663/7/1746
f 691/7/1747 688/7/1747 687/7/1747
f 147/2/1748 168/2/1748 169/2/1748
f 169/2/1749 170/2/1749 149/2/1749
f 149/2/1750 170/2/1750 165/2/1750
f 148/2/1751 150/2/1751 165/2/1751
f 662/2/1752 148/2/1752 166/2/1752
f 662/2/1753 167/2/1753 168/2/1753
f 195/2/1754 160/2/1754 159/2/1754
f 154/2/1755 171/2/1755 172/2/1755
f 1452/1/1756 1481/1/1756 1461/1/1756
f 167/2/1757 166/2/1757 195/2/1757
f 167/2/1758 158/2/1758 174/2/1758
f 169/2/1759 168/2/1759 171/2/1759
f 170/2/1760 155/2/1760 156/2/1760
f 173/2/1761 174/2/1761 161/2/1761
f 171/2/1762 157/2/1762 175/2/1762
f 175/2/1763 157/2/1763 176/2/1763
f 201/2/1764 176/2/1764 156/2/1764
f 163/2/1765 172/2/1765 188/2/1765
f 197/2/1766 164/2/1766 183/2/1766
f 175/2/1767 187/2/1767 188/2/1767
f 177/2/1768 190/2/1768 187/2/1768
f 201/2/1769 156/2/1769 191/2/1769
f 164/2/1770 194/2/1770 191/2/1770
f 182/2/1771 178/2/1771 179/2/1771
f 195/2/1772 173/2/1772 162/2/1772
f 177/2/1773 163/2/1773 189/2/1773
f 176/2/1774 186/2/1774 183/2/1774
f 186/2/1775 192/2/1775 193/2/1775
f 177/2/1776 176/2/1776 154/2/1776
f 188/2/1777 187/2/1777 181/2/1777
f 189/2/1778 188/2/1778 179/2/1778
f 190/2/1779 189/2/1779 178/2/1779
f 190/2/1780 182/2/1780 181/2/1780
f 200/2/1781 191/2/1781 202/2/1781
f 192/2/1782 185/2/1782 184/2/1782
f 194/2/1783 180/2/1783 202/2/1783
f 169/2/1784 196/2/1784 155/2/1784
f 198/2/1785 197/2/1785 193/2/1785
f 184/2/1786 185/2/1786 199/2/1786
f 192/2/1787 200/2/1787 199/2/1787
f 186/2/1788 201/2/1788 200/2/1788
f 199/2/1789 202/2/1789 198/2/1789
f 197/2/1790 198/2/1790 180/2/1790
f 164/2/1791 197/2/1791 194/2/1791
f 115/2/1792 204/2/1792 205/2/1792
f 208/2/1793 209/2/1793 204/2/1793
f 205/2/1794 677/2/1794 210/2/1794
f 207/2/1795 208/2/1795 203/2/1795
f 206/2/1796 210/2/1796 217/2/1796
f 204/2/1797 209/2/1797 677/2/1797
f 693/7/1798 694/7/1798 670/7/1798
f 671/1/1799 672/1/1799 214/1/1799
f 696/7/1800 694/7/1800 693/7/1800
f 685/1/1801 686/1/1801 216/1/1801
f 695/7/1802 670/7/1802 672/7/1802
f 211/2/1803 207/2/1803 218/2/1803
f 678/2/1804 679/2/1804 218/2/1804
f 117/2/1805 203/2/1805 204/2/1805
f 118/2/1806 207/2/1806 203/2/1806
f 217/2/1807 207/2/1807 118/2/1807
f 206/2/1808 217/2/1808 119/2/1808
f 205/2/1809 206/2/1809 120/2/1809
f 695/7/1810 671/7/1810 677/7/1810
f 677/1/1811 671/1/1811 673/1/1811
f 684/1/1812 685/1/1812 675/1/1812
f 675/1/1813 676/1/1813 679/1/1813
f 674/1/1814 698/1/1814 679/1/1814
f 696/7/1815 693/7/1815 699/7/1815
f 693/7/1816 695/7/1816 697/7/1816
f 212/2/1817 232/2/1817 231/2/1817
f 215/2/1818 233/2/1818 232/2/1818
f 216/2/1819 228/2/1819 233/2/1819
f 214/2/1820 229/2/1820 228/2/1820
f 672/2/1821 230/2/1821 229/2/1821
f 213/2/1822 231/2/1822 230/2/1822
f 247/2/1823 223/2/1823 238/2/1823
f 219/2/1824 226/2/1824 235/2/1824
f 269/2/1825 264/2/1825 263/2/1825
f 230/2/1826 222/2/1826 238/2/1826
f 220/2/1827 222/2/1827 230/2/1827
f 232/2/1828 219/2/1828 234/2/1828
f 241/2/1829 221/2/1829 233/2/1829
f 224/2/1830 236/2/1830 261/2/1830
f 236/2/1831 237/2/1831 222/2/1831
f 239/2/1832 262/2/1832 234/2/1832
f 240/2/1833 272/2/1833 262/2/1833
f 241/2/1834 227/2/1834 221/2/1834
f 226/2/1835 254/2/1835 253/2/1835
f 253/2/1836 252/2/1836 239/2/1836
f 252/2/1837 255/2/1837 240/2/1837
f 270/2/1838 241/2/1838 271/2/1838
f 270/2/1839 258/2/1839 227/2/1839
f 243/2/1840 242/2/1840 260/2/1840
f 1042/8/1841 1229/8/1841 1228/8/1841
f 1228/8/1842 1194/8/1842 1043/8/1842
f 223/2/1843 225/2/1843 261/2/1843
f 1157/8/1844 1158/8/1844 1220/8/1844
f 254/2/1845 226/2/1845 240/2/1845
f 248/2/1846 251/2/1846 272/2/1846
f 257/2/1847 256/2/1847 251/2/1847
f 219/2/1848 272/2/1848 240/2/1848
f 253/2/1849 243/2/1849 259/2/1849
f 254/2/1850 242/2/1850 243/2/1850
f 242/2/1851 254/2/1851 255/2/1851
f 259/2/1852 260/2/1852 255/2/1852
f 249/2/1853 250/2/1853 256/2/1853
f 270/2/1854 245/2/1854 244/2/1854
f 236/2/1855 220/2/1855 261/2/1855
f 222/2/1856 237/2/1856 238/2/1856
f 248/2/1857 219/2/1857 263/2/1857
f 257/2/1858 248/2/1858 264/2/1858
f 267/2/1859 249/2/1859 257/2/1859
f 249/2/1860 267/2/1860 265/2/1860
f 265/2/1861 266/2/1861 256/2/1861
f 266/2/1862 271/2/1862 251/2/1862
f 155/2/1863 196/2/1863 164/2/1863
f 196/2/1864 154/2/1864 183/2/1864
f 267/2/1865 245/2/1865 265/2/1865
f 244/2/1866 267/2/1866 268/2/1866
f 258/2/1867 268/2/1867 269/2/1867
f 227/2/1868 269/2/1868 263/2/1868
f 245/2/1869 270/2/1869 266/2/1869
f 577/5/1870 582/5/1870 576/5/1870
f 275/5/1871 286/5/1871 60/5/1871
f 63/6/1872 64/6/1872 276/6/1872
f 716/6/1873 557/6/1873 65/6/1873
f 279/6/1874 572/6/1874 280/6/1874
f 535/7/1875 549/7/1875 543/7/1875
f 712/5/1876 707/5/1876 709/5/1876
f 552/7/1877 553/7/1877 554/7/1877
f 556/6/1878 277/6/1878 555/6/1878
f 285/6/1879 568/6/1879 275/6/1879
f 579/5/1880 580/5/1880 290/5/1880
f 281/6/1881 288/6/1881 287/6/1881
f 578/5/1882 579/5/1882 290/5/1882
f 605/1/1883 607/1/1883 608/1/1883
f 560/6/1884 561/6/1884 538/6/1884
f 551/7/1885 554/7/1885 553/7/1885
f 289/6/1886 291/6/1886 574/6/1886
f 291/5/1887 301/5/1887 273/5/1887
f 535/7/1888 552/7/1888 283/7/1888
f 281/6/1889 291/6/1889 289/6/1889
f 582/5/1890 577/5/1890 581/5/1890
f 573/1/1891 299/1/1891 279/1/1891
f 288/1/1892 296/1/1892 295/1/1892
f 289/1/1893 298/1/1893 296/1/1893
f 293/1/1894 294/1/1894 593/1/1894
f 296/1/1895 597/1/1895 598/1/1895
f 293/1/1896 594/1/1896 595/1/1896
f 296/1/1897 298/1/1897 596/1/1897
f 298/1/1898 297/1/1898 595/1/1898
f 295/1/1899 598/1/1899 593/1/1899
f 294/1/1900 573/1/1900 287/1/1900
f 299/1/1901 573/1/1901 294/1/1901
f 293/1/1902 297/1/1902 300/1/1902
f 300/1/1903 297/1/1903 298/1/1903
f 308/9/335 310/9/335 311/9/335
f 310/9/336 312/9/336 313/9/336
f 308/9/337 309/9/337 315/9/337
f 311/9/338 313/9/338 315/9/338
f 314/9/339 312/9/339 310/9/339
f 316/9/340 317/9/340 319/9/340
f 318/9/341 319/9/341 321/9/341
f 323/9/342 317/9/342 316/9/342
f 323/9/1904 321/9/1904 319/9/1904
f 322/9/344 316/9/344 318/9/344
f 329/1/1905 328/1/1905 326/1/1905
f 324/1/1906 327/1/1906 328/1/1906
f 324/1/1907 329/1/1907 330/1/1907
f 331/1/1908 327/1/1908 324/1/1908
f 335/1/1909 330/1/1909 326/1/1909
f 332/1/1910 335/1/1910 333/1/1910
f 332/1/1911 325/1/1911 330/1/1911
f 332/1/1912 334/1/1912 331/1/1912
f 331/1/1913 326/1/1913 328/1/1913
f 331/1/1914 334/1/1914 333/1/1914
f 373/1/1915 90/1/1915 359/1/1915
f 90/1/1916 91/1/1916 361/1/1916
f 98/1/1917 362/1/1917 361/1/1917
f 369/1/1918 360/1/1918 362/1/1918
f 382/1/1919 380/1/1919 381/1/1919
f 97/1/1920 103/1/1920 386/1/1920
f 386/1/1921 103/1/1921 374/1/1921
f 337/1/1922 381/1/1922 360/1/1922
f 385/2/1923 336/2/1923 363/2/1923
f 336/2/1924 387/2/1924 338/2/1924
f 383/1/1925 373/1/1925 359/1/1925
f 390/1/1926 388/1/1926 339/1/1926
f 89/1/1927 364/1/1927 338/1/1927
f 105/1/1928 396/1/1928 346/1/1928
f 105/1/1929 397/1/1929 398/1/1929
f 378/1/1930 96/1/1930 394/1/1930
f 399/1/1931 347/1/1931 358/1/1931
f 399/1/1932 101/1/1932 367/1/1932
f 343/1/1933 342/1/1933 401/1/1933
f 353/2/1934 95/2/1934 405/2/1934
f 95/2/1935 341/2/1935 402/2/1935
f 494/1/1936 441/1/1936 496/1/1936
f 350/1/1937 403/1/1937 402/1/1937
f 351/1/1938 404/1/1938 393/1/1938
f 405/1/1939 403/1/1939 351/1/1939
f 352/1/1940 404/1/1940 350/1/1940
f 371/2/1941 376/2/1941 352/2/1941
f 376/2/1942 354/2/1942 393/2/1942
f 355/1/1943 407/1/1943 406/1/1943
f 398/1/1944 409/1/1944 407/1/1944
f 410/1/1945 356/1/1945 355/1/1945
f 372/2/1946 364/2/1946 392/2/1946
f 408/1/1947 356/1/1947 392/1/1947
f 385/1/1948 107/1/1948 368/1/1948
f 336/1/1949 386/1/1949 387/1/1949
f 383/1/1950 108/1/1950 373/1/1950
f 105/1/1951 394/1/1951 397/1/1951
f 488/2/1952 426/2/1952 425/2/1952
f 467/1/1953 470/1/1953 469/1/1953
f 469/1/1954 468/1/1954 467/1/1954
f 468/1/1955 485/1/1955 467/1/1955
f 306/2/1956 411/2/1956 430/2/1956
f 302/2/1957 303/2/1957 429/2/1957
f 476/2/1958 420/2/1958 489/2/1958
f 1242/4/1959 1241/4/1959 1018/4/1959
f 1018/4/1960 1022/4/1960 1242/4/1960
f 1022/4/1961 1006/4/1961 1242/4/1961
f 1006/4/1962 1004/4/1962 1242/4/1962
f 473/1/1963 442/1/1963 472/1/1963
f 419/2/1964 423/2/1964 502/2/1964
f 429/2/1965 303/2/1965 304/2/1965
f 458/2/1966 441/2/1966 482/2/1966
f 418/2/1967 475/2/1967 483/2/1967
f 481/1/1968 449/1/1968 480/1/1968
f 445/1/1969 443/1/1969 446/1/1969
f 443/1/1970 473/1/1970 446/1/1970
f 430/2/1971 412/2/1971 502/2/1971
f 305/2/1972 430/2/1972 427/2/1972
f 420/2/1973 476/2/1973 425/2/1973
f 475/1/1974 484/1/1974 464/1/1974
f 1150/8/1975 1149/8/1975 1137/8/1975
f 1322/1/1976 1326/1/1976 1282/1/1976
f 1326/1/1977 1296/1/1977 1282/1/1977
f 1296/1/1978 1307/1/1978 1282/1/1978
f 479/1/1979 468/1/1979 469/1/1979
f 469/1/1980 470/1/1980 489/1/1980
f 470/1/1981 467/1/1981 417/1/1981
f 486/1/1982 485/1/1982 414/1/1982
f 433/1/1983 492/1/1983 491/1/1983
f 425/1/1984 491/1/1984 492/1/1984
f 467/1/1985 486/1/1985 490/1/1985
f 436/2/1986 424/2/1986 434/2/1986
f 471/2/1987 435/2/1987 434/2/1987
f 468/1/1988 478/1/1988 437/1/1988
f 440/1/1989 494/1/1989 472/1/1989
f 1166/8/1990 1133/8/1990 1165/8/1990
f 1133/8/1991 1148/8/1991 1165/8/1991
f 471/1/1992 413/1/1992 487/1/1992
f 497/1/1993 447/1/1993 500/1/1993
f 500/1/1994 447/1/1994 448/1/1994
f 422/1/1995 482/1/1995 436/1/1995
f 412/1/1996 498/1/1996 450/1/1996
f 421/1/1997 502/1/1997 450/1/1997
f 438/1/1998 495/1/1998 480/1/1998
f 496/2/1999 493/2/1999 453/2/1999
f 493/2/2000 503/2/2000 455/2/2000
f 1262/3/2001 1284/3/2001 1289/3/2001
f 453/1/2002 454/1/2002 504/1/2002
f 99/2/2003 98/2/2003 92/2/2003
f 98/2/2004 91/2/2004 92/2/2004
f 457/1/2005 456/1/2005 505/1/2005
f 455/1/2006 451/1/2006 505/1/2006
f 506/1/2007 446/1/2007 504/1/2007
f 466/2/2008 415/2/2008 457/2/2008
f 415/2/2009 445/2/2009 506/2/2009
f 507/1/2010 495/1/2010 458/1/2010
f 460/1/2011 461/1/2011 448/1/2011
f 463/1/2012 444/1/2012 507/1/2012
f 462/2/2013 413/2/2013 443/2/2013
f 497/1/2014 462/1/2014 508/1/2014
f 435/1/2015 492/1/2015 434/1/2015
f 529/1/2016 521/1/2016 532/1/2016
f 516/1/2017 510/1/2017 511/1/2017
f 521/1/2018 654/1/2018 531/1/2018
f 510/1/2019 509/1/2019 656/1/2019
f 75/1/2020 515/1/2020 1/1/2020
f 513/1/2021 512/1/2021 2/1/2021
f 515/1/2022 75/1/2022 548/1/2022
f 512/1/2023 513/1/2023 511/1/2023
f 513/1/2024 515/1/2024 514/1/2024
f 515/1/2025 513/1/2025 2/1/2025
f 518/1/2026 74/1/2026 549/1/2026
f 518/1/2027 516/1/2027 514/1/2027
f 1053/8/2028 1044/8/2028 1222/8/2028
f 522/1/2029 521/1/2029 529/1/2029
f 520/1/2030 658/1/2030 521/1/2030
f 4/1/2031 525/1/2031 554/1/2031
f 283/1/2032 554/1/2032 525/1/2032
f 523/1/2033 520/1/2033 522/1/2033
f 522/1/2034 524/1/2034 525/1/2034
f 4/1/2035 9/1/2035 523/1/2035
f 524/1/2036 529/1/2036 526/1/2036
f 530/1/2037 8/1/2037 7/1/2037
f 9/1/2038 527/1/2038 528/1/2038
f 509/1/2039 657/1/2039 519/1/2039
f 658/1/2040 520/1/2040 528/1/2040
f 527/1/2041 9/1/2041 8/1/2041
f 655/1/2042 7/1/2042 2/1/2042
f 509/1/2043 510/1/2043 532/1/2043
f 533/1/2044 532/1/2044 510/1/2044
f 540/6/2045 564/6/2045 565/6/2045
f 541/7/2046 534/7/2046 542/7/2046
f 272/2/2047 251/2/2047 271/2/2047
f 540/7/2048 565/7/2048 547/7/2048
f 540/7/2049 546/7/2049 544/7/2049
f 1/7/2050 545/7/2050 75/7/2050
f 537/7/2051 553/7/2051 552/7/2051
f 537/7/2052 538/7/2052 550/7/2052
f 536/7/2053 552/7/2053 535/7/2053
f 638/1/2054 274/1/2054 62/1/2054
f 284/5/2055 282/5/2055 285/5/2055
f 285/5/2056 276/5/2056 555/5/2056
f 276/5/2057 717/5/2057 556/5/2057
f 276/5/2058 64/5/2058 717/5/2058
f 64/5/2059 557/5/2059 716/5/2059
f 715/5/2060 558/5/2060 557/5/2060
f 77/5/2061 76/5/2061 558/5/2061
f 559/5/2062 76/5/2062 77/5/2062
f 559/1/2063 618/1/2063 619/1/2063
f 619/1/2064 62/1/2064 68/1/2064
f 534/1/2065 623/1/2065 644/1/2065
f 536/5/2066 284/5/2066 555/5/2066
f 560/5/2067 555/5/2067 277/5/2067
f 65/5/2068 562/5/2068 561/5/2068
f 65/5/2069 70/5/2069 563/5/2069
f 564/5/2070 563/5/2070 70/5/2070
f 565/5/2071 564/5/2071 76/5/2071
f 541/1/2072 565/1/2072 621/1/2072
f 623/1/2073 534/1/2073 541/1/2073
f 565/6/2074 630/6/2074 621/6/2074
f 559/6/2075 627/6/2075 618/6/2075
f 624/1/2076 536/1/2076 535/1/2076
f 620/1/2077 284/1/2077 274/1/2077
f 78/5/2078 124/5/2078 566/5/2078
f 301/5/2079 567/5/2079 67/5/2079
f 282/5/2080 281/5/2080 287/5/2080
f 568/5/2081 287/5/2081 286/5/2081
f 85/5/2082 570/5/2082 569/5/2082
f 72/5/2083 73/5/2083 571/5/2083
f 71/5/2084 569/5/2084 73/5/2084
f 286/5/2085 573/5/2085 572/5/2085
f 279/5/2086 574/5/2086 292/5/2086
f 612/1/2087 613/1/2087 611/1/2087
f 614/1/2088 613/1/2088 612/1/2088
f 579/5/2089 578/5/2089 60/5/2089
f 580/5/2090 572/5/2090 278/5/2090
f 581/5/2091 278/5/2091 292/5/2091
f 582/5/2092 273/5/2092 61/5/2092
f 576/5/2093 61/5/2093 66/5/2093
f 85/5/2094 71/5/2094 584/5/2094
f 584/5/2095 71/5/2095 72/5/2095
f 60/5/2096 578/5/2096 586/5/2096
f 113/1/2097 588/1/2097 587/1/2097
f 114/1/2098 589/1/2098 588/1/2098
f 112/1/2099 590/1/2099 589/1/2099
f 111/1/2100 591/1/2100 590/1/2100
f 110/1/2101 592/1/2101 591/1/2101
f 109/1/2102 587/1/2102 592/1/2102
f 594/1/2103 593/1/2103 132/1/2103
f 594/1/2104 133/1/2104 136/1/2104
f 595/1/2105 136/1/2105 137/1/2105
f 597/1/2106 596/1/2106 137/1/2106
f 597/1/2107 134/1/2107 135/1/2107
f 593/1/2108 598/1/2108 135/1/2108
f 56/1/2109 602/1/2109 599/1/2109
f 83/1/2110 82/1/2110 600/1/2110
f 617/1/2111 58/1/2111 603/1/2111
f 57/1/2112 599/1/2112 603/1/2112
f 290/1/2113 607/1/2113 606/1/2113
f 581/1/2114 608/1/2114 607/1/2114
f 34/1/2115 35/1/2115 605/1/2115
f 617/1/2116 604/1/2116 610/1/2116
f 35/1/2117 40/1/2117 610/1/2117
f 83/1/2118 602/1/2118 611/1/2118
f 18/1/2119 612/1/2119 602/1/2119
f 575/1/2120 611/1/2120 613/1/2120
f 577/1/2121 576/1/2121 613/1/2121
f 34/1/2122 609/1/2122 612/1/2122
f 581/1/2123 577/1/2123 614/1/2123
f 82/1/2124 19/1/2124 615/1/2124
f 290/1/2125 606/1/2125 616/1/2125
f 633/7/2126 635/7/2126 636/7/2126
f 636/7/2127 637/7/2127 634/7/2127
f 629/7/2128 638/7/2128 637/7/2128
f 639/7/2129 640/7/2129 638/7/2129
f 630/1/2130 559/1/2130 68/1/2130
f 642/7/2131 643/7/2131 622/7/2131
f 643/7/2132 642/7/2132 632/7/2132
f 284/1/2133 625/1/2133 632/1/2133
f 629/1/2134 628/1/2134 567/1/2134
f 62/1/2135 631/1/2135 641/1/2135
f 631/1/2136 62/1/2136 274/1/2136
f 645/7/2137 646/7/2137 641/7/2137
f 628/1/2138 627/1/2138 701/1/2138
f 647/7/2139 648/7/2139 644/7/2139
f 619/7/2140 618/7/2140 633/7/2140
f 649/6/2141 627/6/2141 635/6/2141
f 628/7/2142 636/7/2142 635/7/2142
f 1464/1/2143 1453/1/2143 1475/1/2143
f 1453/1/2144 1452/1/2144 1475/1/2144
f 619/7/2145 634/7/2145 637/7/2145
f 638/7/2146 619/7/2146 637/7/2146
f 629/7/2147 626/7/2147 639/7/2147
f 650/6/2148 620/6/2148 640/6/2148
f 641/7/2149 631/7/2149 642/7/2149
f 644/7/2150 623/7/2150 643/7/2150
f 622/7/2151 621/7/2151 645/7/2151
f 651/6/2152 630/6/2152 646/6/2152
f 632/7/2153 625/7/2153 647/7/2153
f 653/6/2154 652/6/2154 648/6/2154
f 618/6/2155 649/6/2155 633/6/2155
f 626/6/2156 650/6/2156 639/6/2156
f 621/6/2157 651/6/2157 645/6/2157
f 624/6/2158 652/6/2158 653/6/2158
f 625/6/2159 653/6/2159 647/6/2159
f 147/1/2160 146/1/2160 660/1/2160
f 149/1/2161 664/1/2161 660/1/2161
f 662/1/2162 147/1/2162 659/1/2162
f 149/1/2163 150/1/2163 666/1/2163
f 152/1/2164 145/1/2164 692/1/2164
f 143/1/2165 669/1/2165 692/1/2165
f 213/1/2166 670/1/2166 694/1/2166
f 212/1/2167 694/1/2167 676/1/2167
f 215/1/2168 676/1/2168 216/1/2168
f 678/1/2169 210/1/2169 684/1/2169
f 208/1/2170 211/1/2170 698/1/2170
f 208/1/2171 699/1/2171 209/1/2171
f 680/1/2172 148/1/2172 662/1/2172
f 144/1/2173 681/1/2173 680/1/2173
f 682/1/2174 668/1/2174 665/1/2174
f 661/1/2175 665/1/2175 666/1/2175
f 150/1/2176 148/1/2176 683/1/2176
f 210/1/2177 673/1/2177 685/1/2177
f 673/1/2178 214/1/2178 686/1/2178
f 689/1/2179 662/1/2179 690/1/2179
f 667/1/2180 691/1/2180 669/1/2180
f 674/1/2181 676/1/2181 696/1/2181
f 209/1/2182 697/1/2182 677/1/2182
f 674/1/2183 696/1/2183 698/1/2183
f 282/6/2184 702/6/2184 281/6/2184
f 566/6/2185 700/6/2185 701/6/2185
f 79/5/2186 700/5/2186 566/5/2186
f 701/6/2187 700/6/2187 67/6/2187
f 702/1/2188 626/1/2188 629/1/2188
f 563/6/2189 539/6/2189 703/6/2189
f 710/7/2190 703/7/2190 539/7/2190
f 704/7/2191 710/7/2191 544/7/2191
f 705/7/2192 704/7/2192 545/7/2192
f 712/7/2193 706/7/2193 3/7/2193
f 550/7/2194 707/7/2194 712/7/2194
f 538/7/2195 708/7/2195 707/7/2195
f 561/6/2196 562/6/2196 708/6/2196
f 704/5/2197 705/5/2197 706/5/2197
f 719/5/2198 720/5/2198 718/5/2198
f 735/6/2199 736/6/2199 737/6/2199
f 726/5/2200 727/5/2200 783/5/2200
f 720/6/2201 719/6/2201 739/6/2201
f 733/5/2202 782/5/2202 728/5/2202
f 782/4/2203 733/4/2203 783/4/2203
f 729/5/2204 730/5/2204 727/5/2204
f 784/4/2205 782/4/2205 727/4/2205
f 782/5/2206 784/5/2206 732/5/2206
f 728/6/2207 732/6/2207 729/6/2207
f 729/5/2208 731/5/2208 730/5/2208
f 785/4/2209 784/4/2209 730/4/2209
f 784/5/2210 785/5/2210 732/5/2210
f 722/5/2211 723/5/2211 731/5/2211
f 786/4/2212 785/4/2212 731/4/2212
f 785/5/2213 786/5/2213 721/5/2213
f 729/6/2214 732/6/2214 721/6/2214
f 725/5/2215 733/5/2215 728/5/2215
f 783/4/2216 733/4/2216 725/4/2216
f 734/5/2217 783/5/2217 788/5/2217
f 724/6/2218 728/6/2218 734/6/2218
f 786/5/2219 736/5/2219 735/5/2219
f 787/4/2220 737/4/2220 736/4/2220
f 722/6/2221 721/6/2221 735/6/2221
f 725/4/2222 739/4/2222 719/4/2222
f 724/5/2223 740/5/2223 739/5/2223
f 724/6/2224 718/6/2224 720/6/2224
f 723/5/2225 722/5/2225 738/5/2225
f 822/5/2226 818/5/2226 821/5/2226
f 742/5/2227 743/5/2227 744/5/2227
f 745/4/2228 749/4/2228 744/4/2228
f 767/6/2229 768/6/2229 769/6/2229
f 755/5/2230 756/5/2230 790/5/2230
f 742/6/2231 771/6/2231 772/6/2231
f 765/5/2232 789/5/2232 757/5/2232
f 789/4/2233 765/4/2233 790/4/2233
f 766/6/2234 764/6/2234 757/6/2234
f 759/5/2235 756/5/2235 755/5/2235
f 791/4/2236 789/4/2236 756/4/2236
f 757/5/2237 789/5/2237 791/5/2237
f 757/6/863 760/6/863 758/6/863
f 758/5/2238 761/5/2238 875/5/2238
f 875/5/2239 876/5/2239 759/5/2239
f 876/4/2240 792/4/2240 791/4/2240
f 760/5/2241 791/5/2241 792/5/2241
f 760/6/2242 763/6/2242 761/6/2242
f 761/5/2243 751/5/2243 875/5/2243
f 751/5/2244 752/5/2244 875/5/2244
f 793/4/2245 792/4/2245 877/4/2245
f 763/5/2246 792/5/2246 793/5/2246
f 761/6/2247 763/6/2247 750/6/2247
f 754/5/2248 765/5/2248 764/5/2248
f 790/4/2249 765/4/2249 754/4/2249
f 766/5/2250 790/5/2250 794/5/2250
f 753/6/2251 764/6/2251 766/6/2251
f 750/5/2252 793/5/2252 768/5/2252
f 752/4/2253 769/4/2253 768/4/2253
f 751/6/2254 750/6/2254 767/6/2254
f 754/4/2255 771/4/2255 795/4/2255
f 753/5/2256 772/5/2256 771/5/2256
f 753/6/2257 741/6/2257 743/6/2257
f 769/5/2258 777/5/2258 773/5/2258
f 871/5/2259 850/5/2259 849/5/2259
f 777/4/2260 776/4/2260 779/4/2260
f 776/4/2261 775/4/2261 780/4/2261
f 774/4/2262 781/4/2262 780/4/2262
f 773/4/2263 778/4/2263 781/4/2263
f 731/6/2264 723/6/2264 787/6/2264
f 771/4/2265 742/4/2265 795/4/2265
f 797/5/2266 796/5/2266 798/5/2266
f 814/6/2267 816/6/2267 815/6/2267
f 813/5/2268 812/5/2268 855/5/2268
f 817/6/2269 863/6/2269 864/6/2269
f 812/4/2270 856/4/2270 805/4/2270
f 813/6/2271 804/6/2271 811/6/2271
f 804/5/2272 855/5/2272 857/5/2272
f 855/4/2273 805/4/2273 807/4/2273
f 811/5/2274 808/5/2274 807/5/2274
f 804/6/2275 806/6/2275 808/6/2275
f 806/5/2276 857/5/2276 858/5/2276
f 858/4/2277 857/4/2277 807/4/2277
f 881/5/2278 801/5/2278 809/5/2278
f 809/5/2279 858/5/2279 880/5/2279
f 880/4/2280 858/4/2280 810/4/2280
f 808/5/2281 799/5/2281 800/5/2281
f 809/6/2282 801/6/2282 799/6/2282
f 803/5/2283 811/5/2283 856/5/2283
f 812/4/2284 797/4/2284 860/4/2284
f 796/5/2285 797/5/2285 812/5/2285
f 803/6/2286 796/6/2286 813/6/2286
f 799/5/2287 814/5/2287 862/5/2287
f 862/4/2288 861/4/2288 859/4/2288
f 801/6/2289 816/6/2289 814/6/2289
f 864/4/2290 863/4/2290 860/4/2290
f 860/5/2291 863/5/2291 817/5/2291
f 803/6/2292 817/6/2292 798/6/2292
f 801/5/2293 881/5/2293 815/5/2293
f 1241/4/2294 1003/4/2294 1015/4/2294
f 1015/4/2295 1018/4/2295 1241/4/2295
f 820/5/2296 825/5/2296 826/5/2296
f 823/4/2297 822/4/2297 827/4/2297
f 1057/8/2298 1058/8/2298 1244/8/2298
f 843/6/2299 844/6/2299 871/6/2299
f 832/5/2300 842/5/2300 841/5/2300
f 845/6/2301 873/6/2301 820/6/2301
f 834/5/2302 833/5/2302 866/5/2302
f 841/4/2303 866/4/2303 833/4/2303
f 842/6/2304 832/6/2304 834/6/2304
f 867/5/2305 878/5/2305 865/5/2305
f 878/5/2306 879/5/2306 832/5/2306
f 865/4/2307 833/4/2307 836/4/2307
f 834/5/2308 835/5/2308 836/5/2308
f 868/5/2309 837/5/2309 878/5/2309
f 868/4/2310 867/4/2310 836/4/2310
f 835/5/2311 839/5/2311 838/5/2311
f 837/5/2312 868/5/2312 869/5/2312
f 829/4/2313 869/4/2313 868/4/2313
f 839/5/2314 828/5/2314 829/5/2314
f 837/6/2315 830/6/2315 828/6/2315
f 840/5/2316 866/5/2316 870/5/2316
f 841/4/2317 819/4/2317 870/4/2317
f 842/5/2318 818/5/2318 819/5/2318
f 831/6/2319 818/6/2319 842/6/2319
f 828/5/2320 843/5/2320 872/5/2320
f 872/4/2321 871/4/2321 869/4/2321
f 830/6/2322 844/6/2322 843/6/2322
f 874/4/2323 873/4/2323 870/4/2323
f 873/5/2324 845/5/2324 831/5/2324
f 831/6/2325 845/6/2325 821/6/2325
f 871/5/2326 844/5/2326 846/5/2326
f 1149/8/2327 1151/8/2327 1249/8/2327
f 1249/8/2328 1248/8/2328 1149/8/2328
f 846/4/2329 851/4/2329 850/4/2329
f 849/4/973 852/4/973 853/4/973
f 853/4/2330 854/4/2330 847/4/2330
f 854/4/2331 851/4/2331 846/4/2331
f 1221/8/2332 1048/8/2332 998/8/2332
f 1109/8/2333 1143/8/2333 1221/8/2333
f 881/6/2334 859/6/2334 861/6/2334
f 815/4/2335 861/4/2335 862/4/2335
f 820/6/2336 874/6/2336 819/6/2336
f 879/6/2337 835/6/2337 834/6/2337
f 884/3/2338 886/3/2338 885/3/2338
f 882/3/2339 887/3/2339 886/3/2339
f 882/3/2340 888/3/2340 887/3/2340
f 883/3/2341 889/3/2341 888/3/2341
f 883/3/2342 884/3/2342 890/3/2342
f 903/6/2343 904/6/2343 905/6/2343
f 906/6/2344 905/6/2344 907/6/2344
f 908/6/2345 907/6/2345 909/6/2345
f 899/6/2346 900/6/2346 894/6/2346
f 901/6/2347 902/6/2347 900/6/2347
f 901/6/2348 891/6/2348 892/6/2348
f 891/6/2349 896/6/2349 892/6/2349
f 894/6/2350 898/6/2350 897/6/2350
f 900/6/1005 902/6/1005 907/6/1005
f 894/6/1005 900/6/1005 905/6/1005
f 916/6/1005 898/6/1005 913/6/1005
f 898/6/1005 894/6/1005 913/6/1005
f 904/6/1005 913/6/1005 894/6/1005
f 896/6/1005 917/6/1005 911/6/1005
f 911/6/1005 909/6/1005 892/6/1005
f 896/6/1005 911/6/1005 892/6/1005
f 892/6/1005 909/6/1005 907/6/1005
f 905/6/1005 904/6/1005 894/6/1005
f 902/6/1005 892/6/1005 907/6/1005
f 920/3/2351 921/3/2351 919/3/2351
f 921/3/2352 922/3/2352 919/3/2352
f 898/6/2353 916/6/2353 915/6/2353
f 901/6/1007 899/6/1007 908/6/1007
f 891/6/1007 901/6/1007 908/6/1007
f 918/6/1007 895/6/1007 912/6/1007
f 895/6/1007 891/6/1007 912/6/1007
f 910/6/1007 912/6/1007 891/6/1007
f 915/6/1007 914/6/1007 897/6/1007
f 914/6/1007 903/6/1007 893/6/1007
f 897/6/1007 914/6/1007 893/6/1007
f 893/6/1007 903/6/1007 906/6/1007
f 908/6/1007 910/6/1007 891/6/1007
f 899/6/1007 893/6/1007 906/6/1007
f 896/6/2354 895/6/2354 918/6/2354
f 59/3/2355 38/3/2355 20/3/2355
f 59/3/2356 20/3/2356 48/3/2356
f 919/3/2357 923/3/2357 924/3/2357
f 924/3/2358 925/3/2358 920/3/2358
f 925/3/2359 926/3/2359 921/3/2359
f 921/3/2360 926/3/2360 927/3/2360
f 927/3/2361 928/3/2361 922/3/2361
f 928/3/2362 923/3/2362 919/3/2362
f 929/3/2363 930/3/2363 931/3/2363
f 932/3/2364 929/3/2364 931/3/2364
f 933/3/2338 934/3/2338 930/3/2338
f 930/3/996 934/3/996 935/3/996
f 931/3/2365 935/3/2365 936/3/2365
f 936/3/2341 937/3/2341 932/3/2341
f 932/3/2366 937/3/2366 938/3/2366
f 938/3/2367 933/3/2367 929/3/2367
f 1311/1/2368 1328/1/2368 1309/1/2368
f 1328/1/2369 1329/1/2369 1253/1/2369
f 1329/1/2370 1254/1/2370 1253/1/2370
f 957/6/2371 958/6/2371 956/6/2371
f 957/6/2372 959/6/2372 960/6/2372
f 959/6/999 962/6/999 961/6/999
f 942/6/1021 950/6/1021 947/6/1021
f 948/6/1022 949/6/1022 954/6/1022
f 952/6/2373 953/6/2373 940/6/2373
f 942/6/1003 941/6/1003 946/6/1003
f 943/6/2374 940/6/2374 944/6/2374
f 950/6/1026 949/6/1026 948/6/1026
f 953/6/1027 952/6/1027 951/6/1027
f 972/3/2375 971/3/2375 973/3/2375
f 967/6/2353 968/6/2353 945/6/2353
f 944/6/2376 969/6/2376 970/6/2376
f 968/6/1007 965/6/1007 945/6/1007
f 965/6/1007 956/6/1007 942/6/1007
f 945/6/1007 965/6/1007 942/6/1007
f 949/6/1007 950/6/1007 958/6/1007
f 950/6/1007 942/6/1007 958/6/1007
f 953/6/1007 954/6/1007 960/6/1007
f 954/6/1007 949/6/1007 960/6/1007
f 942/6/1007 956/6/1007 958/6/1007
f 969/6/1007 944/6/1007 963/6/1007
f 944/6/1007 940/6/1007 963/6/1007
f 961/6/1007 963/6/1007 940/6/1007
f 960/6/1007 961/6/1007 940/6/1007
f 949/6/1007 958/6/1007 960/6/1007
f 960/6/1007 940/6/1007 953/6/1007
f 971/3/2377 972/3/2377 976/3/2377
f 972/3/2378 973/3/2378 978/3/2378
f 971/3/2379 974/3/2379 979/3/2379
f 1010/8/2380 1011/8/2380 1046/8/2380
f 1035/8/2381 1074/8/2381 1073/8/2381
f 1073/8/2382 1056/8/2382 1055/8/2382
f 1012/8/2383 998/8/2383 1048/8/2383
f 1015/4/2384 1062/4/2384 1017/4/2384
f 999/4/1041 1002/4/1041 1019/4/1041
f 628/7/2385 629/7/2385 636/7/2385
f 1003/4/2386 1241/4/2386 1240/4/2386
f 1066/4/2387 1021/4/2387 1022/4/2387
f 247/2/2388 237/2/2388 236/2/2388
f 1068/8/2389 1069/8/2389 1067/8/2389
f 1105/8/2390 1235/8/2390 1234/8/2390
f 1234/8/2391 1187/8/2391 1104/8/2391
f 1002/4/2392 1005/4/2392 1026/4/2392
f 1022/1/2393 1201/1/2393 1237/1/2393
f 1237/1/2394 1006/1/2394 1022/1/2394
f 36/3/2395 20/3/2395 28/3/2395
f 20/3/2396 38/3/2396 28/3/2396
f 1070/8/2397 1051/8/2397 1075/8/2397
f 1081/8/2398 1028/8/2398 1087/8/2398
f 1081/8/2399 1082/8/2399 1084/8/2399
f 1085/8/2400 1083/8/2400 1084/8/2400
f 1052/8/2401 1088/8/2401 1087/8/2401
f 1068/8/2402 1070/8/2402 1071/8/2402
f 1053/8/2403 1049/8/2403 1088/8/2403
f 1284/3/2404 1262/3/2404 1288/3/2404
f 1055/8/2405 1056/8/2405 1058/8/2405
f 1049/1/2406 1053/1/2406 1037/1/2406
f 1036/1/2407 1038/1/2407 1012/1/2407
f 1039/1/2408 998/1/2408 1012/1/2408
f 1011/1/2409 1054/1/2409 1035/1/2409
f 1008/1/2410 1035/1/2410 1055/1/2410
f 1009/1/2411 1055/1/2411 1057/1/2411
f 1040/8/2412 1041/8/2412 1059/8/2412
f 1041/8/2413 1042/8/2413 1060/8/2413
f 1043/8/2414 1061/8/2414 1060/8/2414
f 1054/8/2415 1085/8/2415 1086/8/2415
f 987/1/2416 988/1/2416 1186/1/2416
f 997/1/2417 996/1/2417 989/1/2417
f 989/1/2418 982/1/2418 980/1/2418
f 981/1/2419 983/1/2419 987/1/2419
f 993/1/2420 996/1/2420 992/1/2420
f 994/1/2421 995/1/2421 1186/1/2421
f 992/1/2422 996/1/2422 997/1/2422
f 1191/8/2423 1223/8/2423 1222/8/2423
f 1183/8/2424 1182/8/2424 1186/8/2424
f 1010/8/2425 1007/8/2425 1182/8/2425
f 993/8/2426 992/8/2426 1028/8/2426
f 993/8/2427 1081/8/2427 1083/8/2427
f 994/8/2428 1083/8/2428 1032/8/2428
f 992/8/2429 991/8/2429 1033/8/2429
f 1197/8/2430 1196/8/2430 1137/8/2430
f 1009/8/2431 1047/8/2431 1046/8/2431
f 1008/8/2432 1046/8/2432 1011/8/2432
f 1009/8/2433 1001/8/2433 1045/8/2433
f 1063/8/2434 1075/8/2434 1050/8/2434
f 1013/8/2435 1050/8/2435 1048/8/2435
f 1032/8/2436 1085/8/2436 1034/8/2436
f 1015/8/2437 1003/8/2437 1058/8/2437
f 1086/8/2438 1080/8/2438 1016/8/2438
f 1038/8/2439 1036/8/2439 1059/8/2439
f 1038/8/2440 1060/8/2440 1061/8/2440
f 1073/8/2441 1074/8/2441 1072/8/2441
f 1153/8/2442 1110/8/2442 1143/8/2442
f 1143/8/2443 1167/8/2443 1153/8/2443
f 1247/4/2444 1013/4/2444 1019/4/2444
f 1025/4/2445 1024/4/2445 1065/4/2445
f 1065/4/2446 1024/4/2446 1021/4/2446
f 1023/8/2447 1029/8/2447 1068/8/2447
f 1064/8/2448 1065/8/2448 1067/8/2448
f 1014/8/2449 1051/8/2449 1070/8/2449
f 1063/8/2450 1020/8/2450 1071/8/2450
f 1031/8/2451 1030/8/2451 1225/8/2451
f 1066/8/2452 1017/8/2452 1226/8/2452
f 1027/8/2453 1070/8/2453 1068/8/2453
f 1020/8/2454 1064/8/2454 1069/8/2454
f 1062/8/2455 1073/8/2455 1226/8/2455
f 1016/8/2456 1031/8/2456 1072/8/2456
f 1062/8/2457 1015/8/2457 1056/8/2457
f 1076/1/2458 1014/1/2458 1027/1/2458
f 1027/1/2459 1029/1/2459 1077/1/2459
f 1078/1/2460 1077/1/2460 1029/1/2460
f 1030/1/2461 1079/1/2461 1078/1/2461
f 1031/1/2462 1016/1/2462 1080/1/2462
f 1078/8/2463 1082/8/2463 1087/8/2463
f 1078/8/2464 1079/8/2464 1084/8/2464
f 1080/8/2465 1086/8/2465 1084/8/2465
f 1033/8/2466 1052/8/2466 1028/8/2466
f 1076/8/2467 1077/8/2467 1087/8/2467
f 1014/8/2468 1076/8/2468 1088/8/2468
f 1140/8/2469 1139/8/2469 1105/8/2469
f 1108/8/2470 1105/8/2470 1139/8/2470
f 1315/1/2471 1316/1/2471 1283/1/2471
f 1283/1/2472 1294/1/2472 1252/1/2472
f 1000/8/2473 1045/8/2473 1140/8/2473
f 1112/4/2474 1115/4/2474 1114/4/2474
f 1116/4/2475 1002/4/2475 999/4/2475
f 1003/4/2476 1004/4/2476 1115/4/2476
f 1238/4/2477 1153/4/2477 1117/4/2477
f 1119/4/2478 1118/4/2478 1156/4/2478
f 1159/8/2479 1161/8/2479 1160/8/2479
f 1154/4/2480 1121/4/2480 1122/4/2480
f 1122/4/2481 1005/4/2481 1002/4/2481
f 1006/4/2482 1119/4/2482 1115/4/2482
f 1167/8/2483 1144/8/2483 1162/8/2483
f 1124/8/2484 1175/8/2484 1174/8/2484
f 1177/8/2485 1175/8/2485 1124/8/2485
f 1176/8/2486 1178/8/2486 1177/8/2486
f 1174/8/2487 1179/8/2487 1145/8/2487
f 1160/8/2488 1161/8/2488 1163/8/2488
f 1150/1/2489 1131/1/2489 1142/1/2489
f 1135/1/2490 1142/1/2490 1109/1/2490
f 1109/1/2491 998/1/2491 1039/1/2491
f 1141/1/2492 1106/1/2492 1133/1/2492
f 1134/1/2493 1133/1/2493 1106/1/2493
f 1001/1/2494 1057/1/2494 1134/1/2494
f 341/1/2495 391/1/2495 340/1/2495
f 1151/8/2496 1061/8/2496 1043/8/2496
f 1195/8/2497 1103/8/2497 1197/8/2497
f 1192/8/2498 1195/8/2498 1198/8/2498
f 981/8/2499 1184/8/2499 1187/8/2499
f 1089/1/2500 1090/1/2500 1102/1/2500
f 1195/1/2501 1092/1/2501 1101/1/2501
f 980/1/2502 982/1/2502 1092/1/2502
f 981/1/2503 1089/1/2503 1091/1/2503
f 1097/1/2504 1101/1/2504 1093/1/2504
f 1093/1/2505 1102/1/2505 1099/1/2505
f 1090/1/2506 1100/1/2506 1099/1/2506
f 1097/1/2507 1096/1/2507 1103/1/2507
f 1196/8/2508 1197/8/2508 1103/8/2508
f 1098/8/2509 1124/8/2509 1173/8/2509
f 1127/8/2510 1124/8/2510 1098/8/2510
f 1129/8/2511 1127/8/2511 1099/8/2511
f 1097/8/2512 1173/8/2512 1130/8/2512
f 1130/8/2513 1146/8/2513 1199/8/2513
f 1150/8/2514 1196/8/2514 1199/8/2514
f 1139/8/2515 1140/8/2515 1107/8/2515
f 1141/8/2516 1139/8/2516 1106/8/2516
f 1107/8/2517 1140/8/2517 1045/8/2517
f 1283/1/2518 1316/1/2518 1305/1/2518
f 1305/1/2519 1259/1/2519 1283/1/2519
f 1259/1/2520 1294/1/2520 1283/1/2520
f 1130/8/2521 1145/8/2521 1146/8/2521
f 1132/8/2522 1147/8/2522 1095/8/2522
f 1147/8/2523 1176/8/2523 1129/8/2523
f 1057/8/2524 1148/8/2524 1134/8/2524
f 1178/8/2525 1166/8/2525 1113/8/2525
f 1135/8/2526 1149/8/2526 1150/8/2526
f 1136/8/2527 1151/8/2527 1149/8/2527
f 1061/8/2528 1151/8/2528 1136/8/2528
f 1164/8/2529 1166/8/2529 1165/8/2529
f 1110/4/2530 1153/4/2530 1238/4/2530
f 1116/4/2531 1110/4/2531 1239/4/2531
f 1155/4/2532 1120/4/2532 1121/4/2532
f 1118/4/2533 1120/4/2533 1155/4/2533
f 1154/8/2534 1161/8/2534 1159/8/2534
f 1162/8/2535 1144/8/2535 1111/8/2535
f 1153/8/2536 1167/8/2536 1163/8/2536
f 1128/8/2537 1164/8/2537 1158/8/2537
f 1160/8/2538 1162/8/2538 1123/8/2538
f 1117/8/2539 1163/8/2539 1161/8/2539
f 1219/8/2540 1165/8/2540 1152/8/2540
f 1113/8/2541 1166/8/2541 1164/8/2541
f 743/5/2542 741/5/2542 745/5/2542
f 1133/8/2543 1134/8/2543 1148/8/2543
f 1075/8/2544 1051/8/2544 1049/8/2544
f 1049/8/2545 1012/8/2545 1075/8/2545
f 1123/1/2546 1111/1/2546 1168/1/2546
f 1170/1/2547 1157/1/2547 1125/1/2547
f 1170/1/2548 1171/1/2548 1126/1/2548
f 1128/1/2549 1171/1/2549 1172/1/2549
f 1174/8/2550 1175/8/2550 1170/8/2550
f 1170/8/2551 1175/8/2551 1177/8/2551
f 1129/8/2552 1176/8/2552 1127/8/2552
f 1177/8/2553 1178/8/2553 1172/8/2553
f 1173/8/2554 1145/8/2554 1130/8/2554
f 1168/8/2555 1179/8/2555 1174/8/2555
f 1132/8/2556 1133/8/2556 1178/8/2556
f 1131/8/2557 1145/8/2557 1179/8/2557
f 1111/8/2558 1144/8/2558 1179/8/2558
f 1185/8/2559 995/8/2559 1032/8/2559
f 1095/8/2560 1189/8/2560 1132/8/2560
f 1104/8/2561 1187/8/2561 1184/8/2561
f 1090/8/2562 1189/8/2562 1100/8/2562
f 1089/8/2563 1190/8/2563 1090/8/2563
f 980/8/2564 1192/8/2564 986/8/2564
f 1037/8/2565 1053/8/2565 1222/8/2565
f 991/8/2566 997/8/2566 1191/8/2566
f 1222/8/2567 1044/8/2567 1033/8/2567
f 1181/8/2568 1182/8/2568 1218/8/2568
f 1194/8/2569 1198/8/2569 1138/8/2569
f 1200/1/2570 1202/1/2570 1203/1/2570
f 1203/2/2571 1202/2/2571 1205/2/2571
f 1208/2/2572 1206/2/2572 1209/2/2572
f 1208/1/2573 1209/1/2573 1210/1/2573
f 1212/2/2574 1215/2/2574 1216/2/2574
f 1021/1/2575 1200/1/2575 1201/1/2575
f 1024/1/2576 1202/1/2576 1200/1/2576
f 1025/3/2577 1205/3/2577 1202/3/2577
f 1026/2/2578 1206/2/2578 1205/2/2578
f 1005/1/2579 1209/1/2579 1206/1/2579
f 1211/3/2580 1213/3/2580 1118/3/2580
f 1213/1/2581 1214/1/2581 1120/1/2581
f 1214/1/2582 1216/1/2582 1121/1/2582
f 1216/1/2583 1210/1/2583 1122/1/2583
f 1210/1/2584 1209/1/2584 1005/1/2584
f 1203/2/2585 1207/2/2585 1180/2/2585
f 1185/8/2586 1054/8/2586 1011/8/2586
f 1189/8/2587 1188/8/2587 1141/8/2587
f 1234/8/2588 1233/8/2588 1090/8/2588
f 1090/8/2589 1190/8/2589 1234/8/2589
f 1046/8/2590 1047/8/2590 1218/8/2590
f 1045/8/2591 1000/8/2591 1217/8/2591
f 1156/8/2592 1159/8/2592 1220/8/2592
f 495/1/2593 496/1/2593 441/1/2593
f 1219/8/2594 1220/8/2594 1158/8/2594
f 1224/8/2595 1196/8/2595 1150/8/2595
f 1063/4/2596 1013/4/2596 1247/4/2596
f 1142/8/2597 1144/8/2597 1167/8/2597
f 1167/8/2598 1143/8/2598 1109/8/2598
f 1105/8/2599 1108/8/2599 1232/8/2599
f 1108/8/2600 1188/8/2600 1232/8/2600
f 372/1/2601 410/1/2601 370/1/2601
f 1197/8/2602 1137/8/2602 1248/8/2602
f 1250/8/2603 1138/8/2603 1198/8/2603
f 1197/8/2604 1248/8/2604 1250/8/2604
f 1232/8/2605 1189/8/2605 1090/8/2605
f 1019/4/2606 1026/4/2606 1246/4/2606
f 1026/4/2607 1025/4/2607 1246/4/2607
f 1193/8/2608 1230/8/2608 1041/8/2608
f 1230/8/2609 1229/8/2609 1042/8/2609
f 776/5/2610 777/5/2610 769/5/2610
f 1228/8/2611 1231/8/2611 986/8/2611
f 986/8/2612 1192/8/2612 1228/8/2612
f 174/2/2613 158/2/2613 159/2/2613
f 1245/4/2614 1246/4/2614 1064/4/2614
f 1184/8/2615 981/8/2615 985/8/2615
f 1288/3/2616 1291/3/2616 1251/3/2616
f 1293/3/2617 1289/3/2617 1251/3/2617
f 1285/3/2618 1263/3/2618 1258/3/2618
f 1263/3/2619 1285/3/2619 1257/3/2619
f 1253/3/2620 1323/3/2620 1319/3/2620
f 1271/3/2621 1320/3/2621 1319/3/2621
f 1274/3/2622 1255/3/2622 1323/3/2622
f 512/1/2623 519/1/2623 657/1/2623
f 1294/3/2624 1259/3/2624 1257/3/2624
f 1259/3/2625 1292/3/2625 1286/3/2625
f 1260/3/2626 1324/3/2626 1321/3/2626
f 1271/3/2627 1272/3/2627 1324/3/2627
f 1274/3/2628 1327/3/2628 1321/3/2628
f 1261/3/2629 1257/3/2629 1286/3/2629
f 231/2/2630 234/2/2630 246/2/2630
f 1264/3/2631 1270/3/2631 1255/3/2631
f 1265/3/2632 1271/3/2632 1270/3/2632
f 1265/3/2633 1266/3/2633 1272/3/2633
f 1266/3/2634 1267/3/2634 1273/3/2634
f 1268/3/2635 1274/3/2635 1273/3/2635
f 1269/3/2636 1255/3/2636 1274/3/2636
f 1267/3/2637 1266/3/2637 1275/3/2637
f 1265/3/2638 1277/3/2638 1275/3/2638
f 1265/3/2639 1264/3/2639 1278/3/2639
f 1264/3/2640 1269/3/2640 1279/3/2640
f 1268/3/2641 1280/3/2641 1279/3/2641
f 1267/3/2642 1276/3/2642 1280/3/2642
f 1293/3/2643 1287/3/2643 1289/3/2643
f 1285/3/2644 1258/3/2644 1257/3/2644
f 1287/3/2645 1258/3/2645 1256/3/2645
f 1256/3/2646 1262/3/2646 1290/3/2646
f 1293/3/2647 1252/3/2647 1294/3/2647
f 1291/3/2648 1288/3/2648 1286/3/2648
f 1307/3/2649 1296/3/2649 1308/3/2649
f 1307/3/2650 1295/3/2650 1300/3/2650
f 1308/3/2651 1296/3/2651 1303/3/2651
f 1297/3/2652 1313/3/2652 1299/3/2652
f 1297/3/2653 1298/3/2653 1315/3/2653
f 1315/3/2654 1298/3/2654 1304/3/2654
f 1314/3/2655 1299/3/2655 1301/3/2655
f 1309/3/2656 1300/3/2656 1302/3/2656
f 1301/3/2657 1305/3/2657 1318/3/2657
f 1302/3/2658 1306/3/2658 1312/3/2658
f 1303/3/2659 1312/3/2659 1306/3/2659
f 1316/3/2660 1304/3/2660 1318/3/2660
f 1297/3/2661 1295/3/2661 1308/3/2661
f 1295/3/2662 1297/3/2662 1314/3/2662
f 1314/3/2663 1317/3/2663 1302/3/2663
f 1308/3/2664 1310/3/2664 1304/3/2664
f 1302/3/2665 1317/3/2665 1318/3/2665
f 1306/3/2666 1318/3/2666 1304/3/2666
f 999/8/2667 1048/8/2667 1221/8/2667
f 1221/8/2668 1143/8/2668 1110/8/2668
f 1225/8/2669 1023/8/2669 1227/8/2669
f 1291/1/2670 1292/1/2670 1301/1/2670
f 1259/1/2671 1305/1/2671 1301/1/2671
f 1325/1/2672 1312/1/2672 1303/1/2672
f 1303/1/2673 1296/1/2673 1326/1/2673
f 1313/1/2674 1251/1/2674 1291/1/2674
f 1315/1/2675 1252/1/2675 1251/1/2675
f 391/1/2676 341/1/2676 342/1/2676
f 1329/1/2677 1328/1/2677 1312/1/2677
f 1328/1/2678 1311/1/2678 1312/1/2678
f 1312/1/2679 1325/1/2679 1329/1/2679
f 1325/1/2680 1254/1/2680 1329/1/2680
f 262/2/2681 272/2/2681 228/2/2681
f 1282/1/2682 1307/1/2682 1309/1/2682
f 1309/1/2683 1253/1/2683 1282/1/2683
f 1253/1/2684 1322/1/2684 1282/1/2684
f 1319/3/2685 1323/3/2685 1255/3/2685
f 1320/3/2686 1326/3/2686 1322/3/2686
f 1327/3/2687 1323/3/2687 1253/3/2687
f 1324/3/2688 1272/3/2688 1273/3/2688
f 1320/3/2689 1324/3/2689 1260/3/2689
f 1327/3/2690 1254/3/2690 1325/3/2690
f 527/1/2691 530/1/2691 1331/1/2691
f 530/1/2692 655/1/2692 1330/1/2692
f 658/1/2693 527/1/2693 1331/1/2693
f 655/1/2694 1332/1/2694 654/1/2694
f 654/1/2695 1331/1/2695 1330/1/2695
f 509/1/2696 1332/1/2696 657/1/2696
f 1333/8/2697 1495/8/2697 1334/8/2697
f 1345/8/2698 1344/8/2698 1337/8/2698
f 1374/8/2699 1339/8/2699 1342/8/2699
f 1333/8/2700 1345/8/2700 1338/8/2700
f 1380/8/2701 1347/8/2701 1346/8/2701
f 1343/8/2702 1382/8/2702 1383/8/2702
f 1392/8/2703 1391/8/2703 1349/8/2703
f 1382/6/2704 1343/6/2704 1375/6/2704
f 1384/5/2705 1341/5/2705 1509/5/2705
f 1380/6/2706 1381/6/2706 1340/6/2706
f 1334/8/2707 1495/8/2707 1360/8/2707
f 1337/8/2708 1344/8/2708 1352/8/2708
f 1386/8/2709 1387/8/2709 1354/8/2709
f 1512/8/2710 1352/8/2710 1360/8/2710
f 1379/8/2711 1377/8/2711 1361/8/2711
f 1354/8/2712 1389/8/2712 1390/8/2712
f 1389/5/2713 1356/5/2713 1388/5/2713
f 1359/6/2714 1366/6/2714 1364/6/2714
f 1359/8/2715 1358/8/2715 1378/8/2715
f 1388/5/2716 1356/5/2716 1365/5/2716
f 1356/5/2717 1490/5/2717 1493/5/2717
f 1355/6/2718 1364/6/2718 1379/6/2718
f 1384/8/2719 1376/8/2719 1392/8/2719
f 1349/8/2720 1348/8/2720 1369/8/2720
f 1363/8/2721 1364/8/2721 1370/8/2721
f 1338/8/2722 1374/8/2722 1373/8/2722
f 1375/8/2723 1505/8/2723 1342/8/2723
f 1365/8/2724 1491/8/2724 1492/8/2724
f 1370/8/2725 1371/8/2725 1492/8/2725
f 1506/8/2726 1365/8/2726 1371/8/2726
f 1370/8/2727 1366/8/2727 1378/8/2727
f 1350/8/2728 1349/8/2728 1391/8/2728
f 1365/5/2729 1493/5/2729 1491/5/2729
f 1372/8/2730 1377/8/2730 1379/8/2730
f 1381/6/2731 1380/6/2731 1348/6/2731
f 1382/6/2732 1381/6/2732 1349/6/2732
f 1382/8/2733 1350/8/2733 1392/8/2733
f 1380/8/2734 1385/8/2734 1369/8/2734
f 1353/8/2735 1387/8/2735 1386/8/2735
f 1390/8/2736 1389/8/2736 1358/8/2736
f 1390/6/2737 1358/6/2737 1359/6/2737
f 1400/5/2738 1411/5/2738 1410/5/2738
f 1496/5/2739 1501/5/2739 1418/5/2739
f 1403/5/2740 1400/5/2740 1406/5/2740
f 1423/5/2741 1403/5/2741 1408/5/2741
f 1403/5/2742 1421/5/2742 1420/5/2742
f 1400/5/2743 1420/5/2743 1419/5/2743
f 1502/5/2744 1426/5/2744 1418/5/2744
f 1405/8/2745 1503/8/2745 1504/8/2745
f 1411/5/2746 1401/5/2746 1409/5/2746
f 1401/5/2747 1411/5/2747 1419/5/2747
f 1416/6/2748 1417/6/2748 1504/6/2748
f 1398/6/2749 1351/6/2749 1415/6/2749
f 1397/5/2750 1424/5/2750 1423/5/2750
f 1405/8/2751 1417/8/2751 1416/8/2751
f 1416/8/2752 1393/8/2752 1396/8/2752
f 1402/8/2753 1396/8/2753 1425/8/2753
f 1402/8/2754 1418/8/2754 1426/8/2754
f 1503/8/2755 1405/8/2755 1426/8/2755
f 1420/8/2756 1399/8/2756 1404/8/2756
f 1421/8/2757 1346/8/2757 1399/8/2757
f 1432/5/2758 1441/5/2758 1442/5/2758
f 1440/5/2759 1496/5/2759 1497/5/2759
f 1435/5/2760 1439/5/2760 1441/5/2760
f 1436/5/2761 1397/5/2761 1439/5/2761
f 1435/5/2762 1432/5/2762 1450/5/2762
f 1432/5/2763 1443/5/2763 1449/5/2763
f 1497/5/2764 1498/5/2764 1448/5/2764
f 1437/8/2765 1362/8/2765 1361/8/2765
f 1499/8/2766 1500/8/2766 1430/8/2766
f 1443/5/2767 1442/5/2767 1440/5/2767
f 1449/5/2768 1443/5/2768 1433/5/2768
f 1428/6/2769 1430/6/2769 1500/6/2769
f 1429/6/2770 1394/6/2770 1415/6/2770
f 1438/8/2771 1434/8/2771 1428/8/2771
f 1396/8/2772 1393/8/2772 1428/8/2772
f 1425/8/2773 1396/8/2773 1434/8/2773
f 1447/8/2774 1446/8/2774 1434/8/2774
f 1498/8/2775 1499/8/2775 1444/8/2775
f 1444/8/2776 1449/8/2776 1448/8/2776
f 1450/8/2777 1449/8/2777 1444/8/2777
f 1451/8/2778 1450/8/2778 1437/8/2778
f 1407/6/2779 1408/6/2779 1453/6/2779
f 1406/6/2780 1452/6/2780 1453/6/2780
f 1406/6/2781 1410/6/2781 1510/6/2781
f 1410/6/2782 1409/6/2782 1457/6/2782
f 1395/6/2783 1454/6/2783 1457/6/2783
f 1441/6/2784 1439/6/2784 1455/6/2784
f 1407/6/2785 1458/6/2785 1455/6/2785
f 1441/6/2786 1459/6/2786 1472/6/2786
f 1395/6/2787 1440/6/2787 1456/6/2787
f 1442/6/2788 1472/6/2788 1456/6/2788
f 1454/1/2789 1462/1/2789 1460/1/2789
f 1223/8/2790 1193/8/2790 1041/8/2790
f 1458/1/2791 1453/1/2791 1464/1/2791
f 1458/1/2792 1465/1/2792 1466/1/2792
f 1483/1/2793 1472/1/2793 1459/1/2793
f 1454/1/2794 1456/1/2794 1468/1/2794
f 1486/1/2795 1484/1/2795 1485/1/2795
f 1472/1/2796 1471/1/2796 1487/1/2796
f 710/5/2797 709/5/2797 703/5/2797
f 709/5/2798 707/5/2798 703/5/2798
f 707/5/2799 708/5/2799 703/5/2799
f 1459/1/2800 1455/1/2800 1478/1/2800
f 1486/1/2801 1485/1/2801 1460/1/2801
f 1387/5/2802 1424/5/2802 1436/5/2802
f 1373/5/2803 1508/5/2803 1423/5/2803
f 1341/5/2804 1384/5/2804 1488/5/2804
f 1489/5/2805 1488/5/2805 1384/5/2805
f 1349/8/2806 1369/8/2806 1489/8/2806
f 1490/8/2807 1361/8/2807 1377/8/2807
f 1493/8/2808 1377/8/2808 1372/8/2808
f 1488/8/2809 1489/8/2809 1369/8/2809
f 1494/8/2810 1488/8/2810 1385/8/2810
f 1360/8/2811 1495/8/2811 1336/8/2811
f 1344/8/2812 1334/8/2812 1352/8/2812
f 1345/8/2813 1334/8/2813 1344/8/2813
f 1496/5/2814 1425/5/2814 1446/5/2814
f 1498/5/2815 1497/5/2815 1446/5/2815
f 1499/8/2816 1498/8/2816 1447/8/2816
f 1500/8/2817 1499/8/2817 1438/8/2817
f 1501/5/2818 1496/5/2818 1409/5/2818
f 1427/5/2819 1502/5/2819 1501/5/2819
f 1404/8/2820 1503/8/2820 1502/8/2820
f 1503/8/2821 1404/8/2821 1412/8/2821
f 1490/8/2822 1451/8/2822 1361/8/2822
f 1347/6/2823 1351/6/2823 1398/6/2823
f 1358/8/2824 1388/8/2824 1506/8/2824
f 1507/8/2825 1445/8/2825 1354/8/2825
f 1353/8/2826 1513/8/2826 1387/8/2826
f 1373/8/2827 1511/8/2827 1335/8/2827
f 1373/8/2828 1342/8/2828 1508/8/2828
f 1342/8/2829 1422/8/2829 1508/8/2829
f 1342/8/2830 1505/8/2830 1514/8/2830
f 1505/8/2831 1343/8/2831 1383/8/2831
f 1376/8/2832 1509/8/2832 1383/8/2832
f 1452/1/2833 1510/1/2833 1469/1/2833
f 1511/8/2834 1336/8/2834 1335/8/2834
f 1354/8/2835 1445/8/2835 1389/8/2835
f 1514/5/2836 1505/5/2836 1509/5/2836
f 1351/6/2837 1339/6/2837 1374/6/2837
f 943/6/1005 970/6/1005 964/6/1005
f 964/6/1005 962/6/1005 939/6/1005
f 943/6/1005 964/6/1005 939/6/1005
f 951/6/1005 952/6/1005 959/6/1005
f 952/6/1005 939/6/1005 959/6/1005
f 939/6/1005 962/6/1005 959/6/1005
f 947/6/1005 948/6/1005 957/6/1005
f 948/6/1005 951/6/1005 959/6/1005
f 957/6/1005 948/6/1005 959/6/1005
f 955/6/1005 966/6/1005 941/6/1005
f 966/6/1005 967/6/1005 946/6/1005
f 966/6/1005 946/6/1005 941/6/1005
f 957/6/1005 955/6/1005 941/6/1005
f 957/6/1005 941/6/1005 947/6/1005
