# Blender 5.2.2 LTS
# www.blender.org
mtllib ruins_cv_rubble.mtl
o piece
v -1.103877 -0.096955 -0.124684
v -1.102207 -0.365297 -0.127578
v -1.085843 -0.366619 -0.106881
v -1.087364 -0.096689 -0.105173
v -1.030473 -0.367791 -0.100575
v -1.033095 -0.078621 -0.098002
v -0.994815 -0.367489 -0.076705
v -0.996941 -0.081677 -0.073865
v -0.947767 -0.366706 -0.020215
v -0.948832 -0.104036 -0.018277
v -1.130656 -0.367664 -0.210607
v -1.133841 -0.098430 -0.209719
v -1.176582 -0.364612 -0.237760
v -1.179139 -0.131372 -0.237200
v -1.187922 -0.365356 -0.263333
v -1.189865 -0.133667 -0.261825
v -0.898713 -0.365836 -0.033690
v -0.899009 -0.072340 -0.031078
v -1.046205 -0.048827 -0.164957
v -0.813617 -0.008013 -0.084743
v -0.898773 0.021481 -0.439079
v -1.107857 -0.030994 -0.437189
v -1.174881 -0.364944 -0.314532
v -1.177311 -0.106674 -0.312995
v -0.813365 -0.364266 0.003094
v -0.813160 -0.064894 0.006784
v -1.183898 -0.366013 -0.355531
v -1.186316 -0.097901 -0.354784
v -1.214992 -0.096215 -0.419065
v -1.211470 -0.367148 -0.418606
v -1.084297 -0.384342 -0.123048
v -0.747506 -0.365086 -0.028560
v -0.746860 -0.031766 -0.024210
v -1.109690 -0.369218 -0.176035
v -1.034933 0.109226 -0.721053
v -1.025758 -0.384190 -0.113206
v -0.952199 -0.384007 -0.037894
v -0.967552 -0.368883 -0.029601
v -1.108047 -0.384179 -0.207640
v -0.987136 -0.384190 -0.087921
v -1.173335 -0.384552 -0.258084
v -1.174740 -0.366318 -0.505298
v -1.177854 -0.040307 -0.505895
v -0.487943 -0.001481 -0.174671
v -0.884236 -0.384187 -0.051872
v -0.651196 -0.363821 -0.021447
v -0.650937 -0.069779 -0.018849
v -1.162789 -0.384164 -0.336277
v -0.852211 -0.369309 -0.028585
v -1.180489 -0.047436 -0.579683
v -1.177236 -0.367211 -0.579147
v -1.162419 -0.384145 -0.484647
v -1.212305 -0.368136 -0.393378
v -0.797708 -0.384086 -0.010366
v -0.789733 -0.368154 0.005910
v -0.629791 -0.365094 -0.030067
v -0.629317 -0.071874 -0.027654
v -1.201684 -0.384244 -0.402411
v -1.133452 -0.364545 -0.603176
v -1.136651 0.006581 -0.605485
v -1.185408 -0.369114 -0.461168
v -0.735338 -0.384172 -0.046282
v -1.109640 -0.366890 -0.642695
v -1.112632 0.032580 -0.644037
v -0.569008 -0.364539 -0.101706
v -0.566825 -0.029537 -0.098274
v -0.706511 -0.365648 -0.035090
v -1.085954 0.060273 -0.710112
v -1.100201 -0.368877 -0.695940
v -0.414287 0.054320 -0.462057
v -0.647692 -0.384133 -0.039101
v -1.170448 -0.384190 -0.548002
v -1.185047 -0.368828 -0.555505
v -1.160454 -0.384190 -0.571627
v -0.615356 -0.384190 -0.086338
v -0.501861 -0.366081 -0.123505
v -0.498945 -0.040807 -0.121538
v -0.999853 -0.366372 -0.738055
v -1.000632 0.118515 -0.743738
v -0.606050 -0.368174 -0.078408
v -0.489669 -0.367520 -0.177597
v -0.574965 -0.384190 -0.113899
v -0.968381 -0.366947 -0.783538
v -0.971111 0.111898 -0.788960
v -1.109873 -0.384241 -0.605968
v -0.949004 0.121204 -0.797743
v -0.946063 -0.366276 -0.791636
v -0.498600 -0.384222 -0.200824
v -0.521086 -0.384386 -0.122081
v -0.515809 -0.369097 -0.107329
v -0.425557 -0.366018 -0.236331
v -0.421900 -0.046675 -0.236096
v -0.856130 -0.365234 -0.792693
v -0.855972 0.146264 -0.796417
v -1.089006 -0.383981 -0.689292
v -1.030772 -0.368463 -0.718160
v -0.425620 -0.367583 -0.311492
v -0.422719 -0.004092 -0.310616
v -0.499992 -0.384136 -0.613950
v -0.442150 -0.384172 -0.333669
v -0.812475 -0.367943 -0.820755
v -0.812641 0.108505 -0.825845
v -0.707532 -0.384190 -0.765081
v -0.748796 -0.365055 -0.792141
v -0.747122 0.122336 -0.796003
v -0.466238 -0.367875 -0.214293
v -1.000106 -0.384087 -0.716335
v -0.390255 -0.363684 -0.398137
v -0.385497 0.000047 -0.397325
v -0.418322 -0.364487 -0.461013
v -0.430305 -0.384313 -0.256836
v -0.434638 -0.384190 -0.461329
v -0.428886 -0.366428 -0.506865
v -0.423770 0.067868 -0.506871
v -0.603048 -0.364549 -0.739209
v -0.601538 0.138076 -0.744438
v -0.654889 -0.367175 -0.794420
v -0.652502 0.095713 -0.798719
v -0.442334 -0.384190 -0.501446
v -0.414622 -0.367502 -0.260203
v -0.490445 -0.364416 -0.639984
v -0.487722 0.119186 -0.643137
v -0.953137 -0.384641 -0.780512
v -0.516354 -0.364633 -0.707150
v -0.513197 0.142664 -0.711697
v -0.499373 -0.364411 -0.689201
v -0.496318 0.137152 -0.694329
v -0.422836 -0.366398 -0.577003
v -0.419308 0.059005 -0.578774
v -0.895996 -0.365844 -0.784492
v -0.613665 -0.384190 -0.728866
v -0.417942 -0.369166 -0.352774
v -0.874735 -0.384201 -0.764927
v -0.575804 -0.384190 -0.702017
v -1.111767 -0.089069 -0.174305
v -0.797124 -0.384322 -0.810055
v -0.969302 -0.105704 -0.027585
v -0.748332 -0.384190 -0.775218
v -0.390750 -0.369380 -0.422570
v -0.401326 -0.384591 -0.413401
v -0.786942 -0.367801 -0.822852
v -0.702379 -0.368533 -0.782001
v -0.649274 -0.384087 -0.780524
v -0.429240 -0.384274 -0.559113
v -0.415705 -0.368353 -0.554058
v -0.465468 -0.369507 -0.602377
v -0.567602 -0.368441 -0.718835
v -0.853526 -0.058047 -0.024534
v -0.629161 -0.368841 -0.785834
v -0.512134 -0.384602 -0.687610
v -0.789442 -0.056599 0.008717
v -1.215389 -0.111517 -0.394221
v -1.187713 -0.050646 -0.461901
v -0.704839 -0.037745 -0.031638
v -1.188692 -0.056726 -0.556606
v -0.603898 -0.035296 -0.074447
v -1.104328 0.039599 -0.696004
v -0.514036 -0.050314 -0.105153
v -0.411631 -0.047197 -0.259286
v -0.414469 0.010582 -0.352931
v -0.788020 0.101399 -0.826726
v -0.702231 0.120502 -0.786678
v -0.385543 0.014479 -0.421460
v -0.772083 -0.038992 -0.005293
v -0.565118 0.142512 -0.721531
v -0.462925 0.105501 -0.605754
v -0.411269 0.050793 -0.556240
v -0.628750 0.098719 -0.789876
v -0.898376 0.142323 -0.787910
v -0.464002 -0.010383 -0.211588
v -0.605438 0.015224 -0.439079
v -0.641611 -0.001731 -0.114679
v -0.094172 -0.384972 0.332551
v -0.180019 -0.384972 0.195865
v -0.191975 -0.379562 0.174860
v -0.310253 -0.379964 0.096245
v -0.333235 -0.384972 0.093489
v -0.468995 -0.384972 0.066484
v -0.492316 -0.380575 0.061288
v -0.628130 -0.384972 0.093488
v -0.649725 -0.384972 0.102433
v -0.764817 -0.384972 0.179335
v -0.784975 -0.380582 0.192151
v -0.858247 -0.384972 0.310955
v -0.871959 -0.380591 0.330514
v -0.894197 -0.384972 0.468311
v -0.899399 -0.380567 0.491637
v -0.872635 -0.380058 0.628616
v -0.858247 -0.384972 0.649041
v -0.781346 -0.384972 0.764133
v -0.768540 -0.380554 0.784311
v -0.651047 -0.379948 0.863813
v -0.628130 -0.384972 0.866508
v -0.492370 -0.384972 0.893513
v -0.467877 -0.380143 0.898862
v -0.333235 -0.384972 0.866508
v -0.310316 -0.379975 0.863787
v -0.193330 -0.380050 0.785228
v -0.180019 -0.384972 0.764134
v -0.098311 -0.380592 0.650977
v -0.094172 -0.384972 0.627446
v -0.067167 -0.384972 0.491686
v -0.061965 -0.380565 0.468359
v -0.097576 -0.384972 0.426071
v -0.106100 -0.384972 0.383213
v -0.106100 -0.384972 0.576785
v -0.097576 -0.384972 0.533926
v -0.171653 -0.384972 0.712764
v -0.147375 -0.384972 0.676430
v -0.284251 -0.384972 0.813305
v -0.247917 -0.384972 0.789029
v -0.426755 -0.384972 0.863105
v -0.383897 -0.384972 0.854580
v -0.577468 -0.384972 0.854580
v -0.534942 -0.382355 0.867048
v -0.713447 -0.384972 0.789029
v -0.677113 -0.384972 0.813305
v -0.813990 -0.384972 0.676429
v -0.789713 -0.384972 0.712764
v -0.863789 -0.384972 0.533926
v -0.855264 -0.384972 0.576785
v -0.855263 -0.384972 0.383212
v -0.863789 -0.384972 0.426071
v -0.789712 -0.384972 0.247234
v -0.813989 -0.384972 0.283567
v -0.677113 -0.384972 0.146691
v -0.713446 -0.384972 0.170969
v -0.534609 -0.384972 0.096892
v -0.577467 -0.384972 0.105417
v -0.383897 -0.384972 0.105418
v -0.426755 -0.384972 0.096892
v -0.247917 -0.384972 0.170969
v -0.284251 -0.384972 0.146692
v -0.147375 -0.384972 0.283568
v -0.171653 -0.384972 0.247234
v -0.098303 -0.380590 0.309027
v -0.140666 -0.374409 0.279613
v -0.165430 -0.374409 0.242549
v -0.173964 -0.374409 0.190147
v -0.243233 -0.374409 0.164748
v -0.280296 -0.374409 0.139983
v -0.330269 -0.374409 0.085707
v -0.381948 -0.374409 0.097877
v -0.425668 -0.374409 0.089180
v -0.468756 -0.374409 0.058160
v -0.535696 -0.374409 0.089180
v -0.579415 -0.374409 0.097877
v -0.631094 -0.374409 0.085707
v -0.653131 -0.374409 0.094834
v -0.681068 -0.374409 0.139982
v -0.718132 -0.374409 0.164747
v -0.770534 -0.374409 0.173281
v -0.795933 -0.374409 0.242548
v -0.820698 -0.374409 0.279612
v -0.865847 -0.374409 0.307550
v -0.862805 -0.374409 0.381265
v -0.871501 -0.374409 0.424985
v -0.902521 -0.374409 0.468073
v -0.871501 -0.374409 0.535012
v -0.862805 -0.374409 0.578732
v -0.865847 -0.374409 0.652447
v -0.820699 -0.374409 0.680385
v -0.795934 -0.374409 0.717448
v -0.787400 -0.374409 0.769851
v -0.718132 -0.374409 0.795250
v -0.681069 -0.374409 0.820015
v -0.631095 -0.374409 0.874291
v -0.579416 -0.374409 0.862122
v -0.492608 -0.374409 0.901837
v -0.425668 -0.374409 0.870818
v -0.381949 -0.374409 0.862122
v -0.330270 -0.374409 0.874291
v -0.280296 -0.374409 0.820015
v -0.243233 -0.374409 0.795250
v -0.173964 -0.374409 0.769851
v -0.165431 -0.374409 0.717449
v -0.140666 -0.374409 0.680385
v -0.086390 -0.374409 0.630411
v -0.098560 -0.374409 0.578732
v -0.089863 -0.374409 0.535013
v -0.058844 -0.374409 0.491925
v -0.089863 -0.374409 0.424985
v -0.098560 -0.374409 0.381266
v -0.086390 -0.374409 0.329586
v -0.710603 0.489854 0.790015
v -0.761139 0.487257 0.777320
v -0.760264 0.511031 0.750835
v -0.781258 0.490152 0.766076
v -0.789471 0.488281 0.714550
v -0.780581 0.510947 0.671725
v -0.813282 0.485937 0.675031
v -0.856964 0.488791 0.650762
v -0.839034 0.510737 0.630195
v -0.864880 0.490219 0.627360
v -0.854572 0.487709 0.577153
v -0.831412 0.510902 0.554183
v -0.865239 0.490505 0.533023
v -0.891301 0.488539 0.490460
v -0.869624 0.510971 0.474344
v -0.892136 0.489528 0.465233
v -0.863729 0.487404 0.427386
v -0.837917 0.510926 0.427015
v -0.854713 0.470269 0.386387
v -0.831967 0.510926 0.388138
v -0.867753 0.470681 0.335188
v -0.843215 0.510897 0.334191
v -0.856413 0.486003 0.309614
v -0.810487 0.489056 0.282462
v -0.778700 0.510924 0.285680
v -0.789522 0.490610 0.247890
v -0.782039 0.486688 0.199433
v -0.755670 0.511038 0.203282
v -0.765674 0.488010 0.178736
v -0.710304 0.489182 0.172430
v -0.679178 0.510910 0.185666
v -0.674647 0.488880 0.148560
v -0.647384 0.490275 0.101456
v -0.627573 0.510822 0.120764
v -0.627599 0.488097 0.092071
v -0.578544 0.487228 0.105546
v -0.561990 0.510932 0.134517
v -0.532042 0.490700 0.100440
v -0.493197 0.485658 0.068761
v -0.477276 0.510896 0.094191
v -0.469565 0.489545 0.065945
v -0.427338 0.486478 0.100416
v -0.417273 0.510919 0.129038
v -0.386342 0.487039 0.106945
v -0.331027 0.485212 0.093302
v -0.332061 0.510929 0.122073
v -0.309622 0.486486 0.101923
v -0.285882 0.489566 0.150263
v -0.300732 0.510926 0.167826
v -0.248840 0.485930 0.173561
v -0.261543 0.510926 0.194566
v -0.195639 0.490489 0.179184
v -0.209277 0.511053 0.202340
v -0.181693 0.487472 0.195360
v -0.169501 0.488911 0.249453
v -0.187886 0.510951 0.278389
v -0.146070 0.489266 0.286148
v -0.105388 0.487409 0.308187
v -0.120978 0.511007 0.333281
v -0.094454 0.488893 0.332059
v -0.105451 0.488974 0.383347
v -0.132768 0.510925 0.407730
v -0.097773 0.490557 0.424629
v -0.070085 0.485075 0.469992
v -0.092347 0.511082 0.485208
v -0.070582 0.490772 0.494425
v -0.098154 0.485878 0.532868
v -0.132740 0.510975 0.549950
v -0.108717 0.487819 0.578720
v -0.095536 0.489744 0.625913
v -0.120102 0.511006 0.626399
v -0.102668 0.487790 0.648858
v -0.145300 0.490898 0.674231
v -0.188956 0.510888 0.679651
v -0.170277 0.485808 0.711839
v -0.179204 0.485802 0.761056
v -0.200516 0.511212 0.751244
v -0.196184 0.486025 0.779005
v -0.247433 0.489833 0.790690
v -0.262357 0.510926 0.765186
v -0.282879 0.485940 0.811063
v -0.299090 0.510926 0.791236
v -0.308992 0.490232 0.857689
v -0.333403 0.510861 0.841342
v -0.334720 0.488567 0.866276
v -0.382210 0.489924 0.853856
v -0.390166 0.510926 0.826373
v -0.428628 0.486446 0.863996
v -0.429750 0.510926 0.836208
v -0.466774 0.489193 0.894707
v -0.477185 0.510995 0.870221
v -0.492307 0.489334 0.892610
v -0.535961 0.486625 0.864548
v -0.552464 0.510939 0.826146
v -0.575827 0.487235 0.856346
v -0.625895 0.487668 0.863491
v -0.628545 0.511208 0.841567
v -0.648213 0.488339 0.855393
v -0.679685 0.487764 0.809910
v -0.673775 0.510867 0.779011
v -0.868318 0.065274 0.534001
v -0.868038 0.104000 0.533912
v -0.857809 0.148766 0.577774
v -0.858306 0.096605 0.577869
v -0.868979 0.139054 0.628599
v -0.896903 0.057664 0.491192
v -0.856676 0.083958 0.527119
v -0.846668 0.110469 0.571005
v -0.382069 0.023233 0.858319
v -0.332573 0.072202 0.870142
v -0.308651 0.093508 0.861058
v -0.281851 0.157613 0.814626
v -0.245832 0.160308 0.792429
v -0.245348 0.069037 0.792954
v -0.194310 0.189606 0.781705
v -0.194118 0.134638 0.781982
v -0.177418 0.192522 0.764054
v -0.332419 0.042323 0.870420
v -0.308605 0.049252 0.861500
v -0.281575 0.050682 0.815581
v -0.331788 0.062371 0.845202
v -0.287097 0.101035 0.807139
v -0.251076 0.132002 0.784673
v -0.133560 -0.248223 1.028359
v -0.114658 -0.235405 1.012150
v -0.143684 -0.254662 1.016340
v -0.133560 -0.384972 1.028359
v -0.143684 -0.384972 1.016340
v 0.091291 -0.384972 0.987555
v 0.062626 -0.240046 1.042333
v -0.124600 -0.384972 0.793172
v -0.110930 -0.235405 0.828898
v -0.127085 -0.254182 0.822226
v -0.008924 -0.384972 0.810688
v -0.078927 -0.235405 0.833743
v -0.150539 -0.317603 1.008203
v -0.127680 -0.315014 0.829178
v -0.048118 -0.304970 0.843484
v 0.085614 -0.311515 1.047100
v -0.126704 -0.309494 1.036496
v 0.049715 -0.384972 1.044031
v 0.062616 -0.285557 0.655506
v 0.091666 -0.283647 0.633696
v 0.060299 -0.289335 0.637149
v 0.093857 -0.282901 0.651056
v 0.095220 -0.257119 0.650655
v 0.091666 -0.262838 0.633696
v 0.560359 -0.282751 0.029584
v 0.432733 -0.282773 0.913968
v 0.429459 -0.264840 0.911427
v 0.550326 -0.293785 -0.000952
v 0.563214 -0.255076 0.035637
v 0.577718 -0.282802 0.027392
v 0.579848 -0.294197 -0.004680
v 0.577718 -0.257715 0.027392
v 1.181831 -0.284059 0.496085
v 1.213072 -0.291423 0.491635
v 0.060299 -0.384972 0.637149
v 0.062616 -0.384972 0.655506
v 1.181831 -0.265336 0.496085
v 0.991549 -0.257451 0.759026
v 1.215389 -0.288273 0.509991
v 1.012781 -0.287367 0.771141
v 1.184022 -0.283437 0.513445
v 1.182620 -0.254980 0.507495
v 0.416593 -0.284917 0.930134
v 0.444066 -0.253931 0.893471
v 0.574266 -0.384972 -0.003975
v 0.555908 -0.384972 -0.001657
v 0.522867 -0.384972 0.869315
v 0.552482 -0.253931 0.822229
v 0.772645 -0.384972 0.851000
v 0.767769 -0.253931 0.800627
v 0.920734 -0.384972 0.770288
v 0.920798 -0.253931 0.740507
v 1.213072 -0.384972 0.491635
v 1.215389 -0.384972 0.509991
v 0.998362 -0.384972 0.789726
v 0.429579 -0.384972 0.940209
v 0.989366 -0.283255 0.764344
v 0.949355 -0.288794 0.287034
v 0.704596 -0.286354 0.097140
v 0.905529 -0.283484 0.281719
v 0.907533 -0.261876 0.283275
v 0.840712 -0.327317 0.202744
v 0.884695 -0.253931 0.275686
v 0.755673 -0.256547 0.168117
v 0.724605 -0.283108 0.141352
v 0.827712 -0.253931 0.269203
v 0.777432 -0.253931 0.219630
v 0.782928 -0.327111 0.157914
v 0.773332 -0.301871 0.194780
v 0.621215 -0.253931 0.803748
v 0.239091 -0.290959 0.404332
v 0.186737 -0.290483 0.472504
v 0.211514 -0.358980 0.440394
v 0.252540 -0.283340 0.426341
v 0.254844 -0.255139 0.431158
v 0.213333 -0.258007 0.481392
v 0.218275 -0.283410 0.470507
v 0.272288 -0.253931 0.470562
v 0.657446 -0.253931 0.465629
v 0.726869 -0.254074 0.398946
v 0.511499 -0.254526 0.517325
v 0.579145 -0.253931 0.436793
v 0.660582 -0.262451 0.441011
v 0.568103 -0.262451 0.475563
v 0.394760 -0.153777 0.345320
v 0.475033 -0.153360 0.585349
v 0.404412 -0.125012 0.299887
v 0.489565 -0.151632 0.557338
v 0.505224 -0.151958 0.565149
v 0.491590 -0.155015 0.593608
v 0.491242 -0.123720 0.557964
v 0.505224 -0.127872 0.565149
v 0.891280 -0.129301 0.436040
v 0.387729 -0.253931 0.324296
v 0.458019 -0.253931 0.534474
v 0.404912 -0.151711 0.304211
v 0.509881 -0.122889 0.280045
v 0.539043 -0.253931 0.296333
v 0.728087 -0.122889 0.417758
v 0.736399 -0.253931 0.382795
v 0.880335 -0.156214 0.463600
v 0.858002 -0.253931 0.471069
v 0.887818 -0.152740 0.439917
v 0.856814 -0.253931 0.440607
v 0.879694 -0.122889 0.424226
v 0.635256 -0.122889 0.339084
v 0.491590 -0.205734 0.593608
v 0.633971 -0.253931 0.545991
v 0.058191 -0.244677 -1.019509
v 0.087723 -0.323623 -0.999308
v 0.060325 -0.246179 -1.031496
v 0.104431 -0.167992 -1.001324
v 0.090314 -0.326202 -1.010981
v 0.098862 -0.169346 -0.991689
v 0.114717 -0.293905 -0.994289
v 0.082661 -0.242426 -1.002770
v 0.096254 -0.235117 -1.006918
v 0.111742 -0.194391 -0.982877
v -0.036887 -0.238693 -0.934353
v 0.037514 -0.237656 -1.047100
v 0.101593 -0.302318 -0.989821
v 0.121279 -0.198853 -0.989800
v 0.163993 -0.355543 -0.947135
v 0.118595 -0.240875 -0.991635
v 0.122822 -0.229396 -0.975299
v 0.114615 -0.240618 -0.980912
v 0.123147 -0.274879 -0.975077
v 0.128476 -0.277231 -0.984877
v 0.129062 -0.223970 -0.984476
v 0.153946 -0.159061 -0.954008
v 0.146387 -0.190191 -0.972624
v 0.166540 -0.315516 -0.958838
v 0.141928 -0.247911 -0.975675
v 0.138422 -0.185645 -0.964627
v 0.134515 -0.250794 -0.967300
v 0.167334 -0.368903 -0.958295
v 0.161051 -0.157623 -0.962593
v 0.156272 -0.287632 -0.952416
v 0.090186 -0.145902 -1.011069
v 0.167161 -0.127673 -0.944969
v 0.171792 -0.130826 -0.955247
v 0.163372 -0.248373 -0.961006
v 0.160752 -0.318095 -0.949351
v 0.163987 -0.289849 -0.960585
v 0.168847 -0.199837 -0.957261
v 0.164018 -0.247716 -0.947118
v 0.163695 -0.199415 -0.947339
v 0.175477 -0.231824 -0.952724
v 0.173711 -0.233513 -0.940487
v 0.193234 -0.213202 -0.927133
v 0.192690 -0.254619 -0.927505
v 0.126059 -0.133162 -0.936173
v 0.219944 -0.276747 -0.922308
v 0.202477 -0.206720 -0.934255
v 0.202129 -0.259681 -0.934494
v 0.221871 -0.195917 -0.920990
v 0.237291 -0.317745 -0.896996
v 0.222530 -0.279015 -0.907092
v 0.225090 -0.195306 -0.905341
v 0.240682 -0.123568 -0.894676
v 0.253917 -0.324339 -0.899068
v 0.278715 -0.225908 -0.868659
v 0.287807 -0.225435 -0.875886
v 0.250129 -0.122061 -0.906953
v 0.237381 -0.224108 -0.756032
v 0.074992 -0.348408 -1.021463
v -0.055666 -0.342349 -0.828348
v 0.170209 -0.397206 -0.956329
v 0.127717 -0.240268 -0.849673
v 0.075591 -0.145987 -0.988586
v 0.269793 -0.346690 -0.888208
v 0.272508 -0.114486 -0.886350
v 0.310726 -0.225655 -0.860207
v 0.223490 -0.139393 -0.800389
v 0.146950 -0.349648 -0.706839
v -0.033379 -0.363096 -0.779855
v 0.038316 -0.396857 -0.755318
v 0.046270 -0.337617 -0.743503
v 0.261058 0.272525 -0.571677
v 0.135272 0.183621 -0.606951
v 0.040085 0.061915 -0.573827
v 0.001001 -0.059983 -0.481177
v 0.028495 -0.149409 -0.353831
v 0.117361 -0.184650 -0.227954
v 0.237877 -0.150121 -0.131686
v 0.363661 -0.061218 -0.096412
v 0.458848 0.060489 -0.129537
v 0.497932 0.182386 -0.222186
v 0.470439 0.271812 -0.349532
v 0.383736 0.304805 -0.477455
v 0.308954 0.223041 -0.617270
v 0.183660 0.133325 -0.653221
v 0.087678 0.012141 -0.619422
v 0.046445 -0.107744 -0.524662
v 0.076072 -0.199473 -0.399124
v 0.162894 -0.232511 -0.271025
v 0.285022 -0.199438 -0.175992
v 0.411700 -0.111161 -0.141350
v 0.507018 0.010713 -0.174521
v 0.545290 0.133677 -0.266479
v 0.518624 0.222328 -0.394820
v 0.431803 0.255365 -0.522918
v 0.337793 0.156114 -0.609972
v 0.232641 0.081794 -0.639460
v 0.153067 -0.019949 -0.611769
v 0.120395 -0.121851 -0.534318
v 0.142855 -0.196064 -0.427364
v 0.215859 -0.224189 -0.320920
v 0.318415 -0.197204 -0.242154
v 0.423567 -0.122883 -0.212666
v 0.503140 -0.021141 -0.240357
v 0.535812 0.080761 -0.317808
v 0.512829 0.155518 -0.424266
v 0.440349 0.183099 -0.531205
v 0.355249 0.138244 -0.626744
v 0.248391 0.065425 -0.654808
v 0.169733 -0.037543 -0.628054
v 0.137013 -0.139597 -0.550488
v 0.160031 -0.214464 -0.443872
v 0.232619 -0.242086 -0.336775
v 0.336499 -0.216280 -0.258999
v 0.440635 -0.140631 -0.228358
v 0.520325 -0.038737 -0.256091
v 0.553046 0.063316 -0.333657
v 0.530029 0.138184 -0.440273
v 0.457441 0.165807 -0.547371
v 0.360831 0.146159 -0.644858
v 0.247798 0.066268 -0.676556
v 0.162262 -0.043098 -0.646790
v 0.126460 -0.151928 -0.562889
v 0.228465 -0.261298 -0.332921
v 0.340001 -0.233637 -0.249477
v 0.453342 -0.154069 -0.218072
v 0.537426 -0.043191 -0.246463
v 0.573787 0.065057 -0.330892
v 0.550351 0.144097 -0.446529
v 0.471072 0.175166 -0.560189
v 0.400938 0.094416 -0.670272
v 0.287861 0.024487 -0.701286
v 0.172070 -0.185591 -0.592822
v 0.195780 -0.262709 -0.483002
v 0.270550 -0.291161 -0.372684
v 0.484819 -0.186656 -0.261009
v 0.566906 -0.081699 -0.289576
v 0.600610 0.023422 -0.369473
v 0.502132 0.128993 -0.589612
v 0.295113 0.016863 -0.699843
v 0.213366 -0.084587 -0.672591
v 0.182391 -0.187647 -0.594253
v 0.205472 -0.262721 -0.487343
v 0.278260 -0.290419 -0.379950
v 0.380234 -0.264017 -0.299533
v 0.486852 -0.188684 -0.271235
v 0.566763 -0.086508 -0.299045
v 0.599574 0.015827 -0.376824
v 0.576865 0.092644 -0.483725
v 0.503704 0.118600 -0.591128
v 0.152681 -0.232481 -0.446912
v 0.305603 -0.040493 -0.722775
v 0.352131 0.003855 -0.722323
v 0.371427 -0.062448 -0.774034
v 0.457461 0.066790 -0.680224
v 0.477721 0.012680 -0.744226
v 0.405114 0.041303 -0.707465
v 0.553282 0.080176 -0.593815
v 0.581619 0.039722 -0.664820
v 0.509194 0.080326 -0.640591
v 0.613762 0.040592 -0.486099
v 0.654659 0.012078 -0.556503
v 0.589745 0.066339 -0.539877
v 0.622893 -0.041565 -0.386126
v 0.677892 -0.063492 -0.448889
v 0.625342 0.002924 -0.432459
v 0.578143 -0.144187 -0.320602
v 0.644801 -0.166435 -0.370538
v 0.606415 -0.092893 -0.347086
v 0.491543 -0.239825 -0.307126
v 0.564427 -0.269348 -0.342605
v 0.538064 -0.195470 -0.306665
v 0.386242 -0.302790 -0.349251
v 0.458133 -0.344476 -0.372413
v 0.438561 -0.277273 -0.321984
v 0.290480 -0.316236 -0.435715
v 0.354463 -0.371753 -0.452036
v 0.334568 -0.316387 -0.388939
v 0.229913 -0.276562 -0.543350
v 0.281196 -0.343873 -0.560136
v 0.253959 -0.302339 -0.489598
v 0.220774 -0.194398 -0.643314
v 0.257963 -0.268305 -0.667750
v 0.218332 -0.238895 -0.596990
v 0.265508 -0.091758 -0.708822
v 0.290990 -0.165295 -0.746042
v 0.237236 -0.143052 -0.682339
v 0.405381 -0.030866 -0.742430
v 0.427641 -0.013392 -0.734864
v 0.504392 0.024005 -0.694880
v 0.528320 0.028815 -0.678647
v 0.592369 0.028448 -0.610813
v 0.607001 0.023780 -0.585799
v 0.642191 -0.013942 -0.507154
v 0.647363 -0.029999 -0.484952
v 0.645004 -0.096384 -0.417515
v 0.636374 -0.117640 -0.398940
v 0.595091 -0.192686 -0.360343
v 0.578715 -0.216520 -0.355396
v 0.511113 -0.280966 -0.356063
v 0.486609 -0.296148 -0.361426
v 0.410083 -0.333589 -0.401531
v 0.388505 -0.339416 -0.418096
v 0.323114 -0.339169 -0.486997
v 0.308308 -0.334346 -0.511858
v 0.272023 -0.295101 -0.590008
v 0.267211 -0.279216 -0.612366
v 0.270612 -0.213989 -0.680120
v 0.279066 -0.192661 -0.698423
v 0.336541 -0.094329 -0.741886
v 0.320150 -0.118126 -0.736907
v 0.501660 -0.110459 -0.818334
v 0.599623 -0.061147 -0.765808
v 0.690606 -0.069469 -0.686046
v 0.743404 -0.114143 -0.606882
v 0.747207 -0.133759 -0.570582
v 0.764985 -0.255239 -0.515418
v 0.461239 -0.486118 -0.629886
v 0.399513 -0.433582 -0.705940
v 0.390340 -0.408047 -0.737163
v 0.363396 -0.318381 -0.768144
v 0.354951 -0.267292 -0.774130
v 0.431941 -0.185770 -0.832266
v 0.395513 -0.204851 -0.812254
v 0.446508 -0.140481 -0.846591
v 0.547195 -0.058671 -0.810754
v 0.655373 -0.035381 -0.734577
v 0.742243 -0.076835 -0.638325
v 0.771785 -0.158860 -0.535552
v 0.404178 -0.474885 -0.677982
v 0.352032 -0.229503 -0.805237
v 0.709677 -0.332108 -0.473887
v 0.603994 -0.397976 -0.458594
v 0.523947 -0.469963 -0.533378
v 0.755154 -0.306964 -0.493411
v 0.649907 -0.358226 -0.421729
v 0.544874 -0.435734 -0.453443
v 0.482419 -0.507540 -0.573076
v 0.486262 -0.511212 -0.597412
v 0.763833 -0.288744 -0.480358
v 0.341845 -0.357417 -0.748931
v 0.769183 -0.217352 -0.534028
v 0.612881 -0.415032 -0.548439
v 0.540921 -0.350726 -0.608289
v 0.479455 -0.293368 -0.704509
v 0.691617 -0.250017 -0.582227
v 0.625895 -0.173821 -0.698303
v 0.580256 -0.111134 -0.752729
v -0.031151 -0.358922 -0.534096
v 0.024385 -0.305606 -0.601520
v -0.038514 -0.361116 -0.542413
v -0.109534 -0.330248 -0.460124
v -0.118633 -0.331888 -0.466803
v 0.030704 -0.304254 -0.592221
v -0.043248 -0.308133 -0.537780
v 0.008732 -0.279267 -0.571432
v -0.035792 -0.310794 -0.529566
v 0.040020 -0.324953 -0.616320
v -0.040992 -0.388641 -0.540097
v -0.130221 -0.356742 -0.455961
v -0.093814 -0.278937 -0.490027
v -0.000203 -0.277831 -0.578256
v 0.042431 -0.221239 -0.618259
v -0.148149 -0.239819 -0.423437
v -0.087928 -0.281039 -0.480331
v -0.034978 -0.279869 -0.530235
v -0.013909 -0.263691 -0.565291
v -0.043629 -0.282287 -0.537339
v -0.007354 -0.261551 -0.556213
v -0.071067 -0.257221 -0.496147
v 0.019171 -0.216727 -0.581071
v -0.079995 -0.258981 -0.502988
v 0.048459 -0.221032 -0.608688
v -0.008981 -0.226005 -0.569817
v -0.158276 -0.239810 -0.429142
v 0.009940 -0.216464 -0.587619
v -0.003390 -0.226170 -0.559837
v -0.019728 -0.239664 -0.544480
v -0.047308 -0.241125 -0.533739
v -0.028634 -0.236981 -0.551327
v -0.098672 -0.198617 -0.469940
v -0.040838 -0.242605 -0.524592
v -0.059559 -0.226824 -0.522145
v -0.085683 -0.206617 -0.497457
v -0.011694 -0.216471 -0.551978
v -0.053146 -0.227208 -0.512942
v -0.019836 -0.211070 -0.559537
v -0.103712 -0.199256 -0.480441
v -0.076889 -0.206396 -0.490496
v -0.004023 -0.151424 -0.574249
v -0.005581 -0.179917 -0.557622
v -0.050426 -0.193820 -0.515398
v -0.057023 -0.194021 -0.524432
v -0.013674 -0.181385 -0.565249
v -0.036474 -0.177127 -0.543745
v 0.282173 -0.325544 -0.355737
v 0.291633 -0.208739 -0.380812
v 0.061479 -0.208880 -0.636173
v -0.178263 -0.243968 -0.410318
v -0.131967 -0.143982 -0.438383
v -0.029762 -0.175845 -0.534818
v 0.003118 -0.152911 -0.565735
v -0.054509 -0.150894 -0.526662
v -0.046018 -0.152199 -0.519420
v -0.060746 -0.123400 -0.505445
v -0.141891 -0.142276 -0.444274
v -0.066610 -0.126215 -0.515176
v 0.005481 -0.128255 -0.583172
v -0.162351 -0.132284 -0.424956
v 0.421858 -0.391193 -0.054809
v 0.383900 -0.125183 -0.033406
v 0.329783 -0.358308 0.032082
v 0.500024 -0.326519 -0.128276
v 0.281741 -0.245535 0.077725
v 0.521482 -0.210446 -0.148129
v 0.413630 -0.360436 -0.062204
v 0.335245 -0.331763 0.011768
v 0.421489 -0.362682 -0.054370
v 0.484388 -0.307173 -0.113477
v 0.475483 -0.305769 -0.120330
v 0.341370 -0.333454 0.021240
v 0.466171 -0.128675 -0.095732
v 0.125377 0.214279 -0.679791
v 0.408989 -0.312309 -0.057675
v 0.453512 -0.280781 -0.099540
v 0.416755 -0.309698 -0.049738
v 0.366191 -0.280503 -0.001984
v 0.459801 -0.279397 -0.090213
v 0.502435 -0.222805 -0.130215
v 0.296631 -0.241334 0.048454
v 0.356852 -0.282554 -0.008439
v 0.416375 -0.283853 -0.049296
v 0.446094 -0.265258 -0.077248
v 0.409802 -0.281384 -0.058344
v 0.437426 -0.263065 -0.084322
v 0.373713 -0.258736 -0.024254
v 0.463951 -0.218242 -0.109179
v 0.493239 -0.222547 -0.136797
v 0.380009 -0.260547 -0.014944
v 0.451023 -0.227572 -0.081773
v 0.301727 -0.241377 0.058900
v 0.469943 -0.218031 -0.099575
v 0.441390 -0.227684 -0.087944
v 0.346108 -0.200131 0.001952
v 0.403942 -0.244120 -0.052700
v 0.425052 -0.241178 -0.072588
v 0.412695 -0.242692 -0.045695
v 0.431369 -0.238548 -0.063284
v 0.433085 -0.217986 -0.080085
v 0.400444 -0.228391 -0.034102
v 0.374320 -0.208183 -0.009414
v 0.391633 -0.228722 -0.041051
v 0.440168 -0.212637 -0.071493
v 0.297652 -0.133850 0.063087
v 0.367891 -0.207911 -0.018604
v 0.439198 -0.181431 -0.085730
v 0.394354 -0.195335 -0.043506
v 0.356291 -0.200823 0.007603
v 0.455980 -0.152991 -0.086206
v 0.402981 -0.195587 -0.036388
v 0.446329 -0.182951 -0.077206
v 0.382833 0.140548 -0.752765
v 0.423529 -0.178694 -0.055702
v 0.312812 -0.145497 0.033509
v 0.415018 -0.177359 -0.062925
v 0.447897 -0.154425 -0.093843
v 0.405494 -0.152461 -0.038618
v 0.398761 -0.153714 -0.047527
v 0.318113 -0.143842 0.043770
v 0.393393 -0.127781 -0.027133
v 0.756221 0.138294 -0.368261
v 0.447362 0.084790 -0.548241
v 0.608378 0.129330 -0.228941
v 0.370586 0.138042 -0.481180
v 0.680701 0.078419 -0.297272
v 0.577918 0.226845 -0.215169
v 0.172879 0.228576 -0.645290
v 0.388950 0.375020 -0.714655
v 0.296915 0.402672 -0.619239
v 0.675985 0.109008 -0.307980
v 0.684190 0.106952 -0.300470
v 0.729488 0.155069 -0.358261
v 0.622652 0.149400 -0.242332
v 0.780325 0.259167 -0.390592
v 0.738417 0.153708 -0.351431
v 0.615936 0.150444 -0.251248
v 0.672023 0.148601 -0.288869
v 0.632501 0.169274 -0.266800
v 0.665018 0.146550 -0.297523
v 0.712277 0.178666 -0.326713
v 0.706012 0.177326 -0.336063
v 0.641029 0.170289 -0.259585
v 0.732282 0.371940 -0.344949
v 0.751008 0.251666 -0.378235
v 0.656459 0.187277 -0.289324
v 0.673574 0.176198 -0.290241
v 0.665510 0.178934 -0.297883
v 0.689229 0.193779 -0.320191
v 0.602099 0.215197 -0.237998
v 0.698647 0.192945 -0.313820
v 0.660160 0.186492 -0.277565
v 0.631856 0.199270 -0.250847
v 0.721827 0.243789 -0.335505
v 0.675930 0.205157 -0.292370
v 0.623083 0.200129 -0.257825
v 0.670532 0.204192 -0.302535
v 0.694568 0.235263 -0.325090
v 0.760244 0.251914 -0.371689
v 0.608575 0.215985 -0.228850
v 0.587994 0.225280 -0.209421
v 0.716020 0.244734 -0.345280
v 0.673765 0.230964 -0.290246
v 0.703611 0.237274 -0.318357
v 0.638116 0.231016 -0.256645
v 0.666863 0.232894 -0.298984
v 0.630070 0.232322 -0.264308
v 0.640207 0.404825 -0.258058
v 0.660416 0.243274 -0.277625
v 0.566352 0.353667 -0.188625
v 0.652730 0.244980 -0.285625
v 0.631700 0.270714 -0.265721
v 0.668899 0.276816 -0.300763
v 0.687640 0.302695 -0.303093
v 0.639163 0.272317 -0.257499
v 0.677405 0.279014 -0.293523
v 0.629111 0.294150 -0.247954
v 0.709635 0.347485 -0.338931
v 0.681013 0.305568 -0.312089
v 0.620335 0.297394 -0.254922
v 0.573008 0.326569 -0.210221
v 0.718010 0.349877 -0.331567
v 0.635777 0.373975 -0.269232
v 0.642719 0.377278 -0.260514
v 0.578814 0.329142 -0.200435
v 0.090452 0.279258 -0.661914
v 0.103494 0.283209 -0.658943
v 0.263230 0.095109 -0.706090
v 0.256488 0.218191 -0.643836
v 0.193463 0.132346 -0.669138
v 0.275572 0.082585 -0.728798
v 0.447957 0.268525 -0.740588
v 0.133660 0.354947 -0.647487
v 0.242052 0.383446 -0.618714
v 0.089323 0.324325 -0.660706
v 0.515820 0.465784 -0.136612
v 0.519054 0.455263 -0.121631
v 0.206704 -0.095038 0.152943
v 0.221503 -0.084579 0.157092
v 0.063296 0.475480 -0.625681
v 0.025533 0.448789 -0.636271
v -0.255848 -0.098184 -0.332616
v -0.261752 -0.078094 -0.359534
v 0.563675 0.416036 -0.181878
v 0.093876 0.423639 -0.668686
v 0.079018 0.413242 -0.672780
v -0.212947 -0.132407 -0.399342
v -0.210339 -0.142277 -0.383767
v 0.254753 -0.144987 0.107493
v 0.269126 -0.134086 0.112046
v 0.567798 0.404592 -0.167737
v 0.112076 0.378914 -0.626221
v 0.099082 0.369903 -0.629743
v -0.159797 -0.100958 -0.387249
v -0.158029 -0.109034 -0.373200
v 0.248139 -0.112307 0.054068
v 0.260322 -0.102450 0.058359
v 0.521222 0.372082 -0.191098
v 0.533849 0.348805 -0.220987
v 0.136732 0.350158 -0.642311
v 0.124067 0.341206 -0.645863
v -0.130592 -0.120816 -0.407319
v -0.127823 -0.129820 -0.394497
v 0.269294 -0.131173 0.026828
v 0.281959 -0.122221 0.030379
v 0.536617 0.339801 -0.208165
v -0.137806 0.145186 -0.475288
v -0.142448 0.065030 -0.392103
v -0.162297 0.059995 -0.450607
v 0.473562 0.372729 -0.079018
v 0.402320 0.243475 -0.012283
v 0.382256 0.295740 -0.090935
v 0.455372 0.253479 -0.062256
vn -0.7632 -0.0117 0.6461
vn -0.1277 -0.0100 0.9918
vn -0.9882 -0.0078 0.1532
vn -0.5559 -0.0124 0.8311
vn -0.8611 -0.0115 0.5083
vn -0.4277 -0.0098 0.9039
vn -0.8475 -0.0096 0.5308
vn 0.2538 -0.0084 0.9672
vn -0.5139 -0.0089 0.8578
vn -0.9140 -0.0103 0.4056
vn -0.9690 -0.0065 -0.2469
vn -0.1383 -0.0135 0.9903
vn -0.2407 0.9634 0.1176
vn -0.9765 -0.0105 0.2151
vn -0.6313 -0.0091 0.7755
vn -0.0781 -0.0089 0.9969
vn -0.7995 -0.0076 0.6006
vn -0.9996 -0.0130 -0.0240
vn -0.8530 -0.0120 -0.5218
vn 0.6021 -0.0116 0.7984
vn 0.6327 -0.0076 0.7744
vn -0.1275 -0.6279 0.7677
vn -0.7985 -0.5591 0.2231
vn 0.1722 -0.0132 0.9850
vn -0.4901 0.7577 -0.4308
vn -0.5009 -0.5686 0.6525
vn -0.6510 -0.6062 0.4569
vn -0.4273 -0.6256 0.6527
vn -0.9753 -0.0097 -0.2208
vn -0.8968 -0.4250 -0.1231
vn 0.1547 -0.6311 0.7601
vn -0.1819 0.9730 0.1423
vn -0.9794 -0.0107 0.2016
vn -0.2392 -0.0084 0.9709
vn -0.7298 -0.6602 0.1777
vn 0.3765 -0.0085 0.9264
vn -0.9409 -0.0101 -0.3385
vn -0.7817 -0.4209 0.4602
vn -0.3893 -0.4339 0.8125
vn -0.1946 -0.6516 0.7332
vn 0.8823 -0.0113 0.4705
vn -0.8568 -0.0106 -0.5156
vn 0.4482 -0.4379 0.7793
vn -0.7371 -0.5765 -0.3526
vn -0.9847 -0.0080 -0.1743
vn 0.5333 -0.0135 0.8458
vn 0.1128 -0.6365 0.7630
vn 0.1250 -0.0110 0.9921
vn -0.6046 -0.0062 -0.7965
vn -0.3046 -0.0213 -0.9522
vn -0.1585 -0.6631 0.7315
vn -0.7561 -0.6274 0.1866
vn 0.2659 -0.6058 0.7498
vn -0.6277 -0.7345 -0.2577
vn 0.7581 -0.0087 0.6520
vn 0.9801 -0.0062 0.1984
vn -0.5496 -0.0107 -0.8354
vn 0.6569 -0.6047 0.4504
vn -0.4913 -0.4857 -0.7230
vn 0.8381 -0.0083 0.5455
vn -0.8379 -0.0077 -0.5458
vn -0.6269 -0.7029 -0.3360
vn 0.4789 -0.5630 0.6735
vn -0.3641 -0.0139 -0.9313
vn -0.7735 -0.6234 -0.1139
vn 0.0160 -0.6971 0.7168
vn 0.4765 -0.0061 0.8791
vn -0.1961 -0.0071 -0.9806
vn 0.9142 -0.0108 0.4051
vn 0.6386 -0.6370 0.4318
vn 0.7173 -0.6665 0.2034
vn -0.2408 -0.5648 -0.7893
vn 0.9821 -0.0089 0.1884
vn -0.0818 -0.0084 -0.9966
vn 0.5341 -0.7702 0.3485
vn 0.6033 -0.0084 -0.7974
vn 0.2127 -0.0094 -0.9771
vn 0.8542 -0.0123 0.5199
vn 0.9999 -0.0135 -0.0100
vn 0.9776 -0.0115 -0.2104
vn -0.6431 -0.6288 -0.4370
vn 0.3470 -0.7383 0.5784
vn 0.9684 -0.0114 0.2492
vn 0.8609 -0.0079 -0.5087
vn -0.2397 -0.0092 -0.9708
vn 0.8325 -0.0084 -0.5540
vn -0.3008 -0.4067 -0.8626
vn 0.3159 -0.0104 -0.9487
vn 0.1861 -0.0100 -0.9825
vn 0.9839 -0.0067 -0.1785
vn 0.5192 -0.0089 -0.8546
vn 0.7795 -0.6146 -0.1213
vn 0.1546 -0.6310 -0.7602
vn 0.9546 -0.0117 -0.2977
vn -0.1138 -0.7832 -0.6113
vn -0.3992 -0.7335 -0.5502
vn 0.6976 -0.6251 0.3502
vn 0.0023 -1.0000 -0.0001
vn -0.0113 -0.9999 -0.0005
vn -0.0017 -1.0000 0.0048
vn 0.0031 -1.0000 -0.0028
vn -0.0000 -1.0000 -0.0000
vn -0.0000 -1.0000 0.0024
vn -0.6859 0.0023 -0.7277
vn 0.8451 -0.5242 0.1051
vn -0.0631 -0.5866 -0.8074
vn 0.6805 -0.5558 -0.4776
vn 0.4760 -0.5761 -0.6645
vn 0.7665 -0.6252 -0.1471
vn 0.1600 -0.7483 -0.6438
vn 0.7061 -0.6715 0.2246
vn -0.1726 -0.6589 -0.7322
vn 0.5477 -0.8036 -0.2328
vn 0.3945 -0.7167 -0.5750
vn 0.3754 -0.7608 -0.5294
vn 0.8303 -0.5366 -0.1507
vn 0.2133 -0.6599 -0.7204
vn 0.6486 -0.4579 -0.6080
vn -0.4983 -0.0097 -0.8669
vn 0.1929 -0.0057 -0.9812
vn -0.5411 -0.0092 -0.8409
vn 0.9762 -0.0073 -0.2170
vn 0.4974 -0.0105 -0.8674
vn 0.7264 -0.0114 -0.6871
vn 0.8120 -0.0093 -0.5836
vn 0.7285 0.5939 0.3414
vn 0.1712 0.9666 0.1905
vn 0.0040 0.9324 0.3615
vn -0.3356 0.8345 0.4371
vn -0.5312 0.8402 0.1091
vn -0.4407 0.8547 0.2744
vn -0.3310 0.8617 0.3845
vn 0.7394 0.6722 -0.0370
vn -0.7835 0.6206 -0.0320
vn -0.1174 0.9118 0.3935
vn 0.1741 0.6903 -0.7022
vn 0.0198 0.9275 0.3734
vn -0.0361 0.9448 0.3256
vn 0.0213 0.9983 0.0545
vn -0.2213 0.8957 0.3856
vn -0.3062 0.8306 0.4651
vn -0.6282 -0.5066 0.5905
vn -0.3251 0.7458 0.5814
vn -0.3124 0.7607 0.5690
vn 0.6046 0.7390 0.2972
vn 0.6015 0.7412 0.2981
vn 0.7389 0.5789 0.3448
vn 0.3278 0.7257 0.6050
vn 0.3419 0.6412 0.6870
vn -0.1051 0.9093 0.4026
vn -0.0612 0.9385 0.3397
vn -0.3266 0.8783 0.3492
vn 0.1610 0.7206 -0.6744
vn 0.1596 0.7142 -0.6815
vn -0.7389 0.5790 0.3448
vn -0.6573 0.7211 0.2191
vn -0.5330 0.8184 0.2148
vn -0.7582 0.6512 -0.0332
vn -0.4758 0.8376 0.2684
vn -0.3761 0.8885 0.2627
vn 0.2324 -0.9488 -0.2140
vn 0.1059 -0.9515 0.2888
vn -0.0262 -0.9981 -0.0565
vn -0.2332 -0.9484 0.2147
vn -0.3070 -0.9516 -0.0127
vn 0.6859 -0.0024 0.7277
vn 0.5797 -0.6027 -0.5484
vn 0.4248 -0.5415 -0.7255
vn 0.6696 -0.5929 -0.4474
vn 0.8265 -0.5466 -0.1346
vn 0.6039 -0.6184 -0.5030
vn 0.1103 -0.5402 -0.8343
vn 0.4474 -0.5928 -0.6696
vn -0.1919 -0.5466 -0.8151
vn 0.1571 -0.5929 -0.7898
vn 0.4893 -0.5466 -0.6796
vn 0.0579 -0.6187 -0.7835
vn -0.5078 -0.5415 -0.6701
vn -0.1571 -0.5928 -0.7899
vn 0.1919 -0.5466 -0.8151
vn -0.3006 -0.6189 -0.7257
vn -0.7121 -0.5465 -0.4407
vn -0.4474 -0.5929 -0.6696
vn -0.1346 -0.5466 -0.8265
vn -0.5130 -0.6187 -0.5950
vn -0.8329 -0.5415 -0.1148
vn -0.6696 -0.5928 -0.4474
vn -0.4406 -0.5466 -0.7121
vn -0.7017 -0.6187 -0.3534
vn -0.8134 -0.5415 0.2127
vn -0.7899 -0.5928 -0.1571
vn -0.6796 -0.5466 -0.4893
vn -0.7835 -0.6187 -0.0579
vn -0.6701 -0.5414 0.5078
vn -0.7899 -0.5928 0.1571
vn -0.4407 -0.5465 0.7121
vn -0.6696 -0.5928 0.4474
vn -0.8265 -0.5466 0.1346
vn -0.5950 -0.6187 0.5130
vn -0.1147 -0.5414 0.8329
vn -0.4474 -0.5929 0.6696
vn 0.1919 -0.5466 0.8151
vn -0.4636 -0.5548 0.6908
vn -0.0492 -0.6189 0.7840
vn 0.5157 -0.5392 0.6659
vn 0.1571 -0.5929 0.7898
vn -0.1919 -0.5466 0.8151
vn 0.2242 -0.6181 0.7535
vn 0.7235 -0.5423 0.4272
vn 0.4474 -0.5928 0.6696
vn 0.8265 -0.5466 0.1346
vn 0.6696 -0.5928 0.4474
vn 0.8151 -0.5465 -0.1919
vn 0.7898 -0.5929 0.1571
vn 0.6796 -0.5466 0.4893
vn 0.7835 -0.6187 0.0579
vn 0.6700 -0.5415 -0.5078
vn 0.7899 -0.5928 -0.1571
vn 0.8151 -0.5466 0.1919
vn 0.7460 -0.6187 -0.2463
vn -0.2011 0.7323 0.6507
vn 0.9089 0.0097 -0.4169
vn 0.6453 0.0104 -0.7638
vn 0.3733 0.0058 -0.9277
vn -0.1197 0.0088 -0.9928
vn -0.3827 0.0084 -0.9238
vn -0.7847 0.0083 -0.6199
vn -0.9165 0.0110 -0.3998
vn -0.9911 0.0058 0.1328
vn -0.4870 0.0073 0.8733
vn -0.3408 0.0102 0.9401
vn -0.0818 0.0107 0.9966
vn 0.3468 0.0105 0.9379
vn 0.7215 0.0109 0.6923
vn 0.8644 0.0056 0.5027
vn 0.9998 0.0135 0.0172
vn 0.4766 0.0096 -0.8790
vn 0.1046 0.0054 -0.9945
vn -0.2392 0.0090 -0.9709
vn -0.6310 0.0128 -0.7757
vn -0.8656 0.0096 -0.5007
vn -0.9882 0.0083 -0.1533
vn -0.9690 0.0078 0.2469
vn -0.8322 0.0073 0.5544
vn -0.2440 0.0080 0.9697
vn 0.1413 0.0060 0.9899
vn 0.6272 0.0029 0.7788
vn 0.8728 0.0080 0.4881
vn 0.2127 0.0094 0.9771
vn 0.9630 0.0088 -0.2693
vn 0.8539 0.0076 -0.5203
vn 0.9778 0.0073 0.2096
vn 0.9830 0.0089 -0.1832
vn 0.8120 0.0093 0.5836
vn 0.9745 0.0115 0.2240
vn 0.5119 0.0089 0.8590
vn 0.8325 0.0084 0.5540
vn 0.2230 0.0103 0.9748
vn 0.4977 0.0070 0.8673
vn -0.2528 0.0077 0.9675
vn -0.3255 0.8220 0.4673
vn -0.5411 0.0092 0.8409
vn -0.2014 0.0074 0.9795
vn -0.8223 0.0080 0.5689
vn -0.5556 0.0106 0.8314
vn -0.9875 0.0077 0.1571
vn -0.8567 0.0082 0.5157
vn -0.9405 -0.2293 -0.2505
vn -0.7949 -0.3221 0.5142
vn -0.7995 0.0076 -0.6006
vn -0.9758 0.0094 -0.2185
vn -0.5093 0.0089 -0.8605
vn -0.8552 0.0095 -0.5182
vn -0.1134 0.0099 -0.9935
vn -0.5562 0.0124 -0.8310
vn 0.2650 0.0060 -0.9642
vn -0.1101 0.0134 -0.9938
vn 0.6327 0.0076 -0.7744
vn 0.1571 0.0112 -0.9875
vn 0.8973 0.0111 -0.4414
vn 0.5333 0.0135 -0.8458
vn 0.9755 0.0064 -0.2200
vn 0.8428 0.0093 -0.5382
vn -0.2542 0.7239 0.6414
vn -0.6729 0.7354 0.0805
vn -0.5621 0.7736 0.2928
vn -0.2726 0.7670 0.5808
vn -0.6182 0.7436 0.2545
vn -0.6024 0.7814 -0.1628
vn -0.5923 0.7823 0.1927
vn -0.5630 0.7664 0.3094
vn -0.6996 0.7127 0.0511
vn -0.5231 0.7336 -0.4338
vn -0.8034 0.4655 -0.3712
vn -0.8311 0.5125 0.2158
vn -0.8524 0.5185 -0.0674
vn -0.3759 0.7443 -0.5521
vn -0.5243 0.8035 -0.2818
vn -0.6568 0.7367 -0.1611
vn -0.5832 0.6974 -0.4166
vn -0.0911 0.7445 -0.6613
vn -0.3353 0.7916 -0.5109
vn -0.5392 0.7912 -0.2887
vn -0.2038 0.7676 -0.6077
vn 0.1814 0.7708 -0.6107
vn -0.1241 0.8015 -0.5849
vn -0.3443 0.7652 -0.5439
vn -0.1987 0.7550 -0.6249
vn 0.4351 0.7714 -0.4643
vn 0.0959 0.7401 -0.6657
vn -0.1392 0.7358 -0.6627
vn 0.2167 0.7317 -0.6462
vn 0.5517 0.7702 -0.3200
vn 0.4287 0.6989 -0.5725
vn 0.0058 0.7494 -0.6621
vn 0.5594 0.7554 -0.3414
vn 0.6178 0.7699 -0.1597
vn 0.4823 0.8171 -0.3159
vn 0.3245 0.7813 -0.5331
vn 0.5980 0.7350 -0.3196
vn 0.6381 0.7579 0.1356
vn 0.5458 0.8273 -0.1332
vn 0.6315 0.7155 -0.2990
vn 0.7074 0.6914 -0.1468
vn 0.4988 0.7396 0.4519
vn 0.6187 0.7780 0.1096
vn 0.6377 0.7416 -0.2084
vn 0.6350 0.7277 0.2593
vn 0.3644 0.7742 0.5175
vn 0.4228 0.8173 0.3915
vn 0.7335 0.6666 0.1331
vn 0.5502 0.6593 0.5124
vn 0.2012 0.7409 0.6408
vn 0.2943 0.7039 0.6465
vn 0.5363 0.8133 0.2255
vn 0.1736 0.7296 0.6615
vn -0.1500 0.7409 0.6546
vn 0.0873 0.7492 0.6565
vn 0.4435 0.7547 0.4834
vn -0.0515 0.7349 0.6762
vn -0.3720 0.7799 0.5034
vn -0.1034 0.8197 0.5634
vn 0.1088 0.6840 0.7213
vn -0.2430 0.6463 0.7233
vn -0.5711 0.7245 0.3860
vn -0.0032 1.0000 -0.0004
vn -0.0048 1.0000 0.0017
vn 0.6859 -0.0023 0.7277
vn -0.9764 0.0097 0.2159
vn -0.9774 0.0069 -0.2114
vn -0.9621 0.0068 0.2725
vn -0.9470 0.0122 0.3211
vn -0.9794 0.0090 -0.2015
vn -0.9718 0.0097 0.2355
vn -0.8529 0.0074 0.5219
vn -0.3849 -0.4845 0.7856
vn -0.7182 0.5858 0.3755
vn -0.7947 0.5826 -0.1707
vn -0.7699 0.4003 -0.4969
vn -0.4852 0.0096 0.8744
vn -0.9998 0.0121 0.0173
vn 0.6334 -0.7129 0.3009
vn 0.6956 -0.6606 0.2823
vn 0.9266 -0.1325 0.3519
vn 0.5150 -0.3140 0.7976
vn 0.2015 0.0065 0.9795
vn 0.6208 0.0059 0.7839
vn 0.6283 -0.5932 0.5033
vn -0.2396 0.0078 0.9708
vn 0.4681 0.0106 0.8836
vn 0.8617 0.0079 0.5074
vn 0.5272 0.0069 0.8497
vn -0.4127 0.7180 0.5605
vn 0.0054 0.7827 0.6224
vn 0.5317 0.1964 0.8238
vn 0.4228 0.1559 0.8927
vn 0.0319 0.2873 0.9573
vn 0.7429 -0.3859 0.5469
vn -0.7456 0.6635 -0.0621
vn -0.9851 -0.1156 -0.1275
vn -0.5510 0.8343 0.0172
vn 0.0253 0.9997 0.0051
vn 0.7367 0.5320 -0.4174
vn 0.1350 0.4318 -0.8918
vn 0.1461 0.2172 -0.9651
vn -0.9846 0.1233 -0.1239
vn 0.2429 -0.0282 -0.9696
vn 0.8173 0.2276 -0.5294
vn -0.0756 0.1230 0.9895
vn -0.0500 -0.0173 0.9986
vn -0.0891 0.9955 -0.0315
vn -0.2988 0.9247 -0.2359
vn -0.0579 0.9956 0.0742
vn -0.0293 0.9413 -0.3364
vn 0.1913 0.9532 -0.2343
vn 0.4795 0.6330 -0.6078
vn -0.9921 -0.0000 0.1253
vn 0.1412 0.9840 0.1088
vn -0.9808 0.0548 0.1871
vn 0.1995 0.9613 -0.1901
vn -0.6139 0.0447 0.7881
vn -0.7928 -0.0011 -0.6095
vn -0.7725 0.2107 -0.5990
vn 0.0199 0.3594 0.9330
vn -0.1253 -0.0000 -0.9921
vn -0.4477 0.2349 -0.8628
vn 0.4509 0.3348 0.8274
vn 0.6130 -0.0000 -0.7901
vn -0.6130 -0.0000 0.7901
vn 0.7848 0.1636 0.5978
vn 0.9921 -0.0000 -0.1252
vn 0.6467 0.2564 0.7184
vn 0.5408 0.1735 0.8230
vn 0.7901 -0.0000 0.6130
vn -0.2372 0.2154 0.9473
vn 0.1998 0.9274 -0.3162
vn 0.6187 0.0652 -0.7829
vn 0.1016 0.9854 -0.1367
vn 0.1669 0.7976 -0.5797
vn 0.3269 0.0376 -0.9443
vn 0.6708 0.2953 -0.6803
vn 0.0832 0.6770 -0.7313
vn 0.6431 0.3104 -0.7001
vn 0.6262 0.7039 -0.3351
vn 0.3607 0.8107 -0.4612
vn 0.7091 -0.1313 -0.6928
vn 0.9117 0.1249 -0.3914
vn 0.3303 0.6651 -0.6698
vn -0.0001 1.0000 0.0010
vn 0.6878 0.1606 0.7080
vn 0.5949 0.1826 0.7828
vn 0.2495 0.2770 0.9279
vn -0.1927 0.9690 -0.1548
vn -0.7813 -0.0000 -0.6241
vn -0.8063 0.4969 0.3207
vn -0.1926 0.3546 -0.9150
vn -0.1426 0.3774 -0.9150
vn -0.2054 0.3781 -0.9027
vn -0.8718 0.4852 0.0666
vn 0.0001 1.0000 0.0003
vn -0.1273 0.9285 -0.3488
vn -0.3306 0.8781 -0.3460
vn 0.0889 0.9672 0.2379
vn 0.3416 0.8929 0.2935
vn -0.0866 0.9958 0.0287
vn 0.0371 0.9916 0.1243
vn -0.9084 0.1576 0.3873
vn -0.9200 -0.2423 0.3081
vn -0.9473 0.0339 0.3186
vn 0.4013 0.0042 -0.9159
vn -0.4464 -0.0000 0.8949
vn -0.4463 -0.0000 0.8949
vn 0.0550 0.9853 0.1619
vn 0.1106 0.9385 0.3271
vn 0.4181 0.2588 -0.8708
vn 0.3156 0.1093 0.9426
vn 0.9431 -0.1949 0.2694
vn -0.0021 1.0000 0.0024
vn 0.5646 -0.0000 -0.8254
vn 0.4260 -0.0176 -0.9046
vn -0.9656 0.1166 -0.2326
vn -0.0423 -0.7626 0.6455
vn 0.6534 -0.2052 -0.7287
vn 0.9554 -0.2930 -0.0373
vn 0.9198 0.3746 0.1168
vn 0.7579 -0.5428 0.3618
vn -0.1600 -0.2567 -0.9532
vn -0.2940 0.5663 -0.7700
vn -0.7711 -0.3816 -0.5097
vn 0.5210 0.8505 -0.0723
vn 0.7932 -0.5754 0.1992
vn 0.8647 0.3087 0.3962
vn 0.1867 -0.9824 -0.0100
vn 0.0230 0.8788 -0.4767
vn 0.2462 -0.7255 -0.6427
vn -0.5322 -0.5358 -0.6555
vn 0.3120 0.9493 0.0370
vn 0.0184 0.9582 -0.2856
vn 0.0740 -0.9963 0.0438
vn 0.3180 0.9398 0.1251
vn 0.8169 -0.5755 0.0384
vn 0.9340 0.3100 0.1776
vn -0.2236 -0.5587 -0.7987
vn -0.1116 0.7271 -0.6774
vn -0.1517 0.9839 -0.0947
vn 0.6238 -0.7506 -0.2179
vn 0.7975 0.5738 -0.1865
vn 0.1676 0.6544 -0.7374
vn -0.6137 0.0076 -0.7895
vn 0.9849 -0.0265 -0.1713
vn -0.1794 -0.1605 -0.9706
vn -0.5897 0.3703 -0.7177
vn -0.5594 -0.3934 -0.7296
vn -0.6878 -0.3304 0.6464
vn -0.0018 1.0000 -0.0001
vn -0.3072 0.7299 0.6106
vn -0.3762 -0.1324 0.9170
vn -0.3534 -0.1371 0.9254
vn -0.6482 0.2671 0.7131
vn -0.2662 0.8035 0.5325
vn -0.4970 0.6628 0.5601
vn 0.6729 0.0230 -0.7394
vn 0.7765 -0.3555 0.5202
vn -0.2547 0.9639 -0.0777
vn 0.7529 0.3979 0.5242
vn -0.7260 0.4252 0.5405
vn -0.1330 0.9811 0.1404
vn -0.3265 -0.9210 -0.2126
vn -0.3597 -0.9080 -0.2149
vn 0.3113 -0.9277 0.2059
vn -0.5606 0.6193 0.5497
vn -0.4664 0.7153 0.5204
vn -0.1768 0.5688 -0.8032
vn -0.5515 0.2117 -0.8068
vn -0.7793 -0.2012 -0.5934
vn -0.7988 -0.5597 -0.2204
vn -0.6053 -0.7671 0.2124
vn -0.2503 -0.7684 0.5890
vn 0.1712 -0.5629 0.8086
vn 0.5458 -0.2058 0.8122
vn 0.7734 0.2073 0.5990
vn 0.7931 0.5656 0.2259
vn 0.5995 0.7732 -0.2069
vn 0.2445 0.7744 -0.5836
vn 0.2702 -0.0003 -0.9628
vn -0.0138 -0.2585 -0.9659
vn -0.2114 -0.5603 -0.8009
vn -0.1837 -0.8253 -0.5340
vn -0.0543 -0.9740 -0.2201
vn 0.2081 -0.9755 0.0721
vn 0.5205 -0.8245 0.2221
vn 0.7963 -0.5616 0.2248
vn 0.9666 -0.2452 0.0744
vn 0.9784 0.0063 -0.2068
vn 0.8358 0.1591 -0.5255
vn 0.5744 0.1600 -0.8028
vn -0.1808 0.5733 -0.7991
vn -0.5564 0.2168 -0.8021
vn -0.7836 -0.1967 -0.5894
vn -0.8032 -0.5550 -0.2163
vn -0.6093 -0.7629 0.2163
vn -0.2546 -0.7638 0.5931
vn 0.1670 -0.5589 0.8122
vn 0.5414 -0.2012 0.8164
vn 0.7690 0.2118 0.6031
vn 0.7887 0.5701 0.2301
vn 0.5951 0.7777 -0.2028
vn 0.2400 0.7789 -0.5794
vn -0.5991 0.7848 0.1583
vn -0.7881 0.6138 0.0453
vn -0.8702 0.4429 0.2157
vn -0.8712 0.2884 0.3973
vn -0.7647 0.2816 0.5796
vn -0.6189 0.2809 0.7335
vn -0.4701 0.3498 0.8104
vn -0.2478 0.4301 0.8681
vn -0.2398 0.6459 0.7248
vn -0.1445 0.8030 0.5782
vn -0.1617 0.9235 0.3478
vn -0.4068 0.8877 0.2155
vn -0.0729 0.4553 -0.8874
vn -0.4191 0.0477 -0.9067
vn -0.6690 -0.3031 -0.6786
vn -0.0903 -0.8819 0.4627
vn 0.2702 -0.6612 0.6999
vn 0.6386 -0.3031 0.7074
vn 0.8638 0.0986 0.4941
vn 0.9056 0.4191 0.0657
vn 0.6906 0.6571 -0.3021
vn 0.3665 0.6233 -0.6907
vn -0.7012 -0.6500 -0.2929
vn -0.5015 -0.8570 0.1189
vn -0.0439 -0.2260 -0.9731
vn -0.2357 -0.8185 -0.5239
vn -0.0875 -0.9773 -0.1928
vn 0.1810 -0.9792 0.0920
vn 0.7931 -0.5478 0.2663
vn 0.9673 -0.2318 0.1031
vn 0.9829 0.0401 -0.1800
vn 0.5672 0.2023 -0.7983
vn 0.5989 -0.4072 -0.6895
vn 0.7703 0.2104 0.6020
vn 0.1987 0.8361 0.5113
vn -0.7753 -0.2177 -0.5929
vn 0.2383 0.7807 -0.5777
vn 0.5395 -0.1993 0.8180
vn -0.8050 -0.5531 -0.2146
vn 0.2444 0.7798 -0.5763
vn 0.7672 0.2137 0.6048
vn 0.5259 -0.7071 -0.4727
vn -0.2528 -0.7775 0.5758
vn 0.5932 0.7795 -0.2011
vn -0.1796 0.5548 -0.8124
vn -0.5374 0.2139 -0.8157
vn 0.8007 0.5576 0.2187
vn 0.1760 -0.5546 0.8133
vn -0.0465 0.4462 -0.8937
vn -0.3287 0.3113 -0.8916
vn -0.3709 0.4140 -0.8313
vn 0.3609 0.6311 -0.6866
vn 0.0792 0.6112 -0.7875
vn 0.0411 0.7014 -0.7116
vn 0.7120 0.6359 -0.2978
vn 0.4807 0.7258 -0.4921
vn 0.4425 0.8031 -0.3990
vn 0.8979 0.4271 0.1061
vn 0.7737 0.6296 -0.0703
vn 0.7284 0.6849 0.0194
vn 0.8704 0.0722 0.4870
vn 0.8741 0.3482 0.3388
vn 0.8084 0.3941 0.4373
vn 0.6560 -0.3279 0.6799
vn 0.7570 -0.0469 0.6517
vn 0.6766 -0.0047 0.7363
vn 0.2724 -0.6801 0.6807
vn 0.4575 -0.4446 0.7701
vn 0.3607 -0.4037 0.8408
vn -0.1232 -0.8786 0.4614
vn 0.0425 -0.7443 0.6665
vn -0.0572 -0.6935 0.7182
vn -0.4708 -0.8774 0.0928
vn -0.3549 -0.8591 0.3688
vn -0.4515 -0.7925 0.4099
vn -0.6638 -0.6697 -0.3330
vn -0.6438 -0.7640 -0.0430
vn -0.7333 -0.6798 -0.0115
vn -0.6411 -0.3234 -0.6960
vn -0.7461 -0.4792 -0.4622
vn -0.8185 -0.3851 -0.4263
vn -0.4170 0.0982 -0.9036
vn -0.6302 -0.0883 -0.7714
vn -0.6858 0.0167 -0.7276
vn -0.0030 0.6883 -0.7255
vn 0.4046 0.8085 -0.4274
vn 0.7022 0.7119 -0.0097
vn 0.8127 0.3901 0.4329
vn 0.6785 -0.0110 0.7346
vn -0.8157 -0.4059 -0.4122
vn -0.6797 0.0143 -0.7334
vn -0.3663 0.4081 -0.8362
vn 0.3929 -0.3646 0.8442
vn -0.0195 -0.6676 0.7442
vn -0.4239 -0.7871 0.4480
vn 0.5734 -0.6398 0.5117
vn 0.9321 -0.2766 -0.2337
vn -0.3131 0.9016 0.2985
vn 0.5389 -0.8162 0.2083
vn 0.6788 -0.4607 -0.5718
vn 0.2226 -0.6093 -0.7611
vn -0.1579 -0.3645 -0.9177
vn -0.1551 -0.3639 -0.9184
vn 0.5696 -0.2617 -0.7791
vn 0.6910 -0.2630 -0.6733
vn 0.8719 -0.3868 -0.3004
vn 0.6235 -0.3019 -0.7212
vn -0.7245 -0.6892 0.0073
vn 0.6507 -0.2697 -0.7098
vn 0.6001 -0.2310 -0.7659
vn 0.6644 -0.3660 -0.6516
vn 0.7285 -0.4097 -0.5491
vn 0.7110 -0.3849 -0.5886
vn 0.3865 -0.3584 -0.8498
vn 0.4949 -0.5710 -0.6550
vn 0.5908 -0.4953 -0.6369
vn -0.5145 0.8262 0.2295
vn 0.0553 0.9496 -0.3085
vn 0.1983 -0.8741 -0.4435
vn 0.3630 -0.8678 -0.3393
vn 0.9850 0.0067 0.1722
vn -0.4409 -0.8945 0.0737
vn -0.8163 0.2747 0.5082
vn 0.4272 0.4937 -0.7575
vn -0.4625 0.8775 0.1270
vn 0.1580 0.8868 -0.4344
vn 0.5610 -0.2147 -0.7995
vn -0.8620 0.1463 0.4853
vn -0.0078 -0.9880 -0.1544
vn -0.8857 -0.1624 0.4350
vn -0.5709 -0.7343 0.3672
vn 0.6106 0.1563 -0.7763
vn 0.4621 -0.4066 -0.7881
vn -0.6887 -0.6778 0.2575
vn -0.6224 -0.6697 0.4051
vn 0.4381 0.6741 -0.5946
vn -0.8044 0.1030 0.5851
vn 0.7173 -0.2013 -0.6670
vn -0.7893 -0.0436 -0.6124
vn 0.4717 -0.2120 -0.8559
vn -0.4754 0.8476 0.2357
vn 0.0190 0.9876 -0.1562
vn 0.4594 -0.6075 -0.6480
vn -0.7789 0.5440 0.3120
vn -0.0851 -0.9932 -0.0792
vn -0.1512 0.9702 -0.1895
vn 0.5367 0.6910 -0.4841
vn 0.3711 -0.8564 -0.3591
vn -0.6114 -0.7607 0.2182
vn 0.6998 -0.2442 -0.6713
vn 0.3142 0.9487 -0.0338
vn -0.2569 0.8253 0.5028
vn 0.5230 0.6816 -0.5117
vn 0.4516 -0.8749 -0.1747
vn -0.1025 -0.8957 0.4327
vn -0.5547 0.2738 0.7857
vn 0.7830 0.4925 -0.3799
vn -0.1513 0.8764 0.4571
vn 0.4458 0.8858 -0.1291
vn 0.8306 -0.2156 -0.5135
vn -0.5349 0.1452 0.8323
vn -0.4871 -0.1637 0.8579
vn 0.2846 -0.9556 0.0770
vn 0.8128 -0.4078 -0.4161
vn -0.4027 -0.7348 0.5458
vn 0.8115 0.1556 -0.5632
vn -0.2999 -0.6791 0.6700
vn 0.6216 0.6735 -0.4000
vn -0.6313 0.1024 0.7688
vn -0.4433 -0.6703 0.5951
vn 0.2129 0.0315 -0.9766
vn 0.8816 -0.2134 -0.4210
vn -0.2606 0.8469 0.4635
vn 0.1602 0.9871 -0.0064
vn 0.6721 -0.6082 -0.4223
vn -0.3548 0.5424 0.7615
vn 0.0708 -0.9938 0.0862
vn 0.1616 0.9740 0.1588
vn 0.3553 -0.8658 -0.3523
vn -0.3449 -0.8900 0.2981
vn 0.6962 -0.2623 -0.6682
vn -0.0784 0.9420 0.3262
vn -0.2518 0.8316 0.4950
vn 0.4144 0.8859 -0.2084
vn -0.2366 -0.8836 0.4040
vn 0.4686 -0.8626 -0.1904
vn 0.6319 0.5066 -0.5865
vn -0.5594 0.2849 0.7784
vn 0.5357 0.8369 -0.1127
vn -0.2022 0.8871 0.4150
vn 0.7723 0.2788 -0.5708
vn -0.5970 -0.3867 0.7029
vn 0.8350 -0.1944 -0.5148
vn 0.6294 -0.7305 -0.2649
vn -0.6116 0.1480 0.7772
vn -0.5083 -0.2741 0.8164
vn 0.7911 0.1737 -0.5865
vn -0.6370 0.2827 0.7171
vn 0.1883 0.9679 -0.1668
vn 0.4667 0.8426 -0.2687
vn -0.1723 0.9165 0.3610
vn 0.6499 -0.5940 -0.4741
vn -0.3953 -0.6401 0.6588
vn 0.7227 0.6016 -0.3403
vn -0.3427 0.6091 0.7152
vn -0.4855 -0.5023 0.7155
vn 0.2136 -0.9759 0.0453
vn 0.1272 0.9508 0.2824
vn -0.0034 -0.9342 0.3567
vn 0.5334 -0.8391 -0.1068
vn 0.3431 -0.5733 -0.7440
vn 0.0479 0.2499 -0.9671
vn -0.3294 -0.8860 0.3264
vn -0.3094 -0.8959 0.3187
vn -0.7648 -0.0000 0.6443
vn 0.3172 -0.0000 0.9484
vn -0.6631 0.2398 -0.7091
vn -0.7141 0.1900 0.6737
vn 0.7612 -0.5747 -0.3006
vn -0.4933 0.3277 -0.8058
vn -0.5797 0.6027 0.5484
vn 0.0362 0.1533 -0.9875
vn 0.7960 0.5626 0.2232
vn 0.1740 -0.5659 0.8059
vn -0.1740 0.5659 -0.8059
vn -0.8002 -0.5581 -0.2196
vn -0.3967 -0.8397 0.3709
vn 0.4503 0.7979 -0.4008
vn 0.6283 -0.4781 -0.6138
vn 0.5186 -0.4682 -0.7154
vn 0.3496 -0.5737 -0.7407
vn 0.6517 -0.6084 -0.4529
vn 0.6524 -0.6013 -0.4613
vn 0.5136 0.7100 -0.4818
vn -0.0660 0.4444 -0.8934
vn -0.6007 -0.0794 -0.7955
vn -0.6756 -0.6727 -0.3017
vn -0.3546 -0.8747 0.3304
vn 0.2909 -0.6608 0.6919
vn 0.7162 -0.0272 0.6974
vn 0.4624 0.3879 -0.7973
vn -0.4448 -0.0285 -0.8952
vn -0.4582 0.3811 -0.8030
vn -0.8995 0.3386 0.2761
vn -0.7319 0.6538 0.1921
vn -0.6036 -0.0950 -0.7916
vn -0.6532 -0.0296 -0.7566
vn -0.6518 -0.0303 -0.7578
vn 0.2924 0.8292 0.4764
vn -0.2706 0.1744 0.9468
vn -0.7847 -0.0083 0.6199
vn -0.1133 -0.0069 0.9935
vn -0.9878 -0.0083 0.1557
vn -0.5562 -0.0124 0.8310
vn -0.8656 -0.0096 0.5007
vn -0.4133 -0.0084 0.9105
vn -0.8552 -0.0118 0.5181
vn 0.2650 -0.0060 0.9642
vn -0.5093 -0.0076 0.8606
vn -0.9164 -0.0110 0.4002
vn -0.9702 -0.0077 -0.2421
vn -0.1098 -0.0090 0.9939
vn -0.2154 0.9675 0.1323
vn -0.9779 -0.0094 0.2088
vn -0.6143 -0.0129 0.7890
vn -0.1203 -0.0122 0.9927
vn -0.8034 -0.0089 0.5954
vn -0.9994 -0.0121 -0.0336
vn -0.8399 -0.0073 -0.5427
vn -0.6846 -0.5230 0.5078
vn -0.0975 -0.6754 0.7310
vn -0.7378 -0.6541 0.1669
vn 0.1571 -0.0112 0.9875
vn -0.3264 0.9068 -0.2669
vn -0.7869 -0.4986 0.3635
vn -0.4043 -0.6843 0.6068
vn -0.5763 -0.7557 0.3112
vn -0.2635 -0.6556 0.7076
vn -0.5857 -0.7440 0.3217
vn -0.4278 -0.6312 0.6470
vn -0.9719 -0.0076 -0.2354
vn -0.7539 -0.6268 -0.1971
vn 0.1944 -0.7250 0.6608
vn 0.0196 0.9983 0.0544
vn -0.9773 -0.0089 0.2118
vn -0.2359 -0.0090 0.9717
vn -0.1274 -0.7470 0.6525
vn 0.3731 -0.0082 0.9277
vn -0.9492 -0.0122 -0.3144
vn -0.5867 -0.6544 0.4771
vn -0.3890 -0.7078 0.5897
vn -0.8462 -0.5306 -0.0488
vn 0.8975 -0.0051 0.4411
vn -0.8462 -0.0081 -0.5327
vn 0.4588 -0.7369 0.4965
vn -0.6282 -0.6936 -0.3526
vn -0.9872 -0.0100 -0.1591
vn 0.5420 -0.0121 0.8403
vn -0.6752 -0.7077 -0.2081
vn 0.1045 -0.0074 0.9945
vn -0.2026 -0.0077 -0.9792
vn -0.0736 -0.4294 0.9001
vn -0.8731 -0.4748 0.1110
vn -0.6303 -0.7292 -0.2666
vn 0.7386 -0.0107 0.6741
vn 0.9754 -0.0101 0.2201
vn -0.5406 -0.0098 -0.8412
vn 0.5990 -0.7248 0.3404
vn -0.3392 -0.6404 -0.6891
vn 0.8428 -0.0093 0.5382
vn -0.8223 -0.0111 -0.5689
vn 0.4538 -0.5930 0.6651
vn -0.3407 -0.0126 -0.9401
vn -0.8658 -0.4503 -0.2182
vn 0.1234 -0.5499 0.8260
vn 0.4968 -0.0097 0.8678
vn -0.2014 -0.0075 -0.9795
vn 0.9089 -0.0097 0.4169
vn 0.6858 -0.7068 0.1734
vn -0.2535 -0.5408 -0.8020
vn 0.9831 -0.0083 0.1831
vn -0.0388 -0.0107 -0.9992
vn -0.3354 -0.7281 -0.5978
vn 0.6273 -0.0050 -0.7788
vn 0.2031 -0.0085 -0.9791
vn 0.8366 -0.0074 0.5477
vn 0.9998 -0.0130 -0.0172
vn 0.9745 -0.0099 -0.2241
vn -0.6611 -0.5777 -0.4788
vn 0.5393 -0.5251 0.6584
vn 0.9630 -0.0088 0.2693
vn 0.8727 -0.0050 -0.4883
vn -0.2528 -0.0077 -0.9675
vn 0.7161 -0.5949 0.3650
vn 0.8319 -0.0083 -0.5549
vn 0.3499 -0.0084 -0.9368
vn 0.2228 -0.0062 -0.9749
vn 0.9857 -0.0077 -0.1682
vn 0.5119 -0.0078 -0.8590
vn 0.7076 -0.6903 -0.1506
vn 0.1228 -0.5484 -0.8272
vn 0.9407 -0.0092 -0.3390
vn 0.6000 -0.7874 0.1418
vn -0.3988 -0.6105 -0.6843
vn 0.6774 -0.6469 0.3502
vn -0.0001 -1.0000 -0.0001
vn 0.0003 -1.0000 0.0014
vn -0.0002 -1.0000 -0.0000
vn -0.0001 -1.0000 0.0002
vn -0.0082 -0.9999 0.0077
vn 0.0006 -1.0000 0.0009
vn 0.0010 -1.0000 -0.0002
vn -0.0026 -1.0000 0.0009
vn -0.0041 -1.0000 -0.0033
vn -0.0025 -1.0000 -0.0014
vn -0.0004 -1.0000 -0.0002
vn -0.0015 -1.0000 0.0003
vn 0.0014 -1.0000 0.0002
vn -0.1219 -0.9571 -0.2629
vn 0.0001 -1.0000 -0.0001
vn 0.0001 -1.0000 0.0001
vn 0.5544 -0.6771 -0.4838
vn 0.4761 -0.7028 -0.5285
vn 0.7628 -0.6292 -0.1491
vn 0.1137 -0.6566 -0.7456
vn 0.8099 -0.5568 0.1847
vn -0.1836 -0.6930 -0.6972
vn 0.6600 -0.5969 -0.4561
vn 0.4696 -0.7781 -0.4172
vn 0.4735 -0.6329 -0.6125
vn 0.3575 -0.5791 -0.7327
vn 0.7728 -0.5654 -0.2883
vn 0.2259 -0.5726 -0.7881
vn 0.8138 -0.5663 -0.1305
vn 0.1398 -0.7559 -0.6396
vn -0.4808 -0.0064 -0.8768
vn 0.1414 -0.0115 -0.9899
vn -0.5653 -0.0058 -0.8249
vn 0.9777 -0.0085 -0.2096
vn 0.5330 -0.0071 -0.8461
vn 0.7154 -0.0107 -0.6986
vn 0.8118 -0.0093 -0.5839
vn 0.7173 0.6272 0.3035
vn 0.7889 0.5704 0.2287
vn 0.7888 0.5716 0.2262
vn 0.0406 0.9050 0.4234
vn -0.4374 0.8245 0.3590
vn -0.5521 0.8145 0.1784
vn -0.5664 0.8055 0.1741
vn 0.7582 0.6511 -0.0332
vn -0.7867 0.6165 -0.0315
vn -0.1536 0.9364 0.3156
vn -0.1845 -0.9679 0.1708
vn -0.1847 -0.9678 0.1710
vn -0.0221 0.9447 0.3272
vn -0.0211 0.9959 0.0880
vn -0.2143 0.8761 0.4318
vn 0.7389 0.5790 0.3448
vn 0.7451 0.5703 0.3457
vn 0.2624 0.7047 0.6591
vn -0.1235 0.9112 0.3930
vn -0.0717 0.9285 0.3644
vn 0.1741 0.6904 -0.7022
vn -0.6574 0.6862 0.3113
vn -0.6893 0.7240 0.0252
vn -0.5356 0.8036 0.2594
vn -0.2821 0.9461 0.1591
vn 0.1958 -0.9573 -0.2127
vn 0.2634 -0.9569 -0.1221
vn 0.2323 -0.9488 0.2139
vn 0.1277 -0.9528 0.2755
vn -0.1001 -0.9568 0.2730
vn -0.2633 -0.9570 0.1220
vn 0.1128 -0.9448 -0.3076
vn -0.2718 -0.9572 -0.0997
vn -0.2888 -0.9573 0.0119
vn -0.0142 -0.9677 0.2517
vn 0.1958 -0.9573 0.2126
vn 0.6696 -0.5928 -0.4474
vn 0.7238 -0.5421 -0.4269
vn 0.2250 -0.6181 -0.7532
vn -0.1571 -0.5929 -0.7898
vn 0.1919 -0.5465 -0.8152
vn -0.3006 -0.6190 -0.7256
vn -0.7121 -0.5466 -0.4406
vn -0.4474 -0.5928 -0.6696
vn -0.4407 -0.5465 -0.7121
vn -0.7898 -0.5929 -0.1571
vn -0.6796 -0.5465 -0.4893
vn -0.8126 -0.5393 -0.2212
vn -0.7045 -0.6188 0.3474
vn -0.4406 -0.5466 0.7121
vn -0.8265 -0.5465 0.1346
vn -0.4474 -0.5928 0.6696
vn -0.7234 -0.5424 0.4273
vn -0.2241 -0.6181 0.7535
vn -0.1926 -0.5935 0.7815
vn 0.4474 -0.5929 0.6696
vn 0.1068 -0.5394 0.8353
vn 0.5911 -0.6188 0.5174
vn 0.6696 -0.5929 0.4474
vn 0.4247 -0.5414 0.7256
vn 0.7460 -0.6187 0.2464
vn 0.8151 -0.5466 -0.1919
vn 0.7899 -0.5928 0.1571
vn 0.7898 -0.5929 -0.1571
vn 0.8152 -0.5465 0.1919
vn -0.2137 0.7202 0.6601
vn 0.8644 0.0066 -0.5028
vn 0.7580 0.0064 -0.6523
vn 0.4676 0.0082 -0.8839
vn -0.1338 0.0084 -0.9910
vn -0.4277 0.0098 -0.9039
vn -0.7953 0.0078 -0.6061
vn -0.9667 0.0062 -0.2557
vn -0.6060 0.0116 0.7953
vn -0.4679 0.0139 0.8837
vn 0.1205 0.0046 0.9927
vn 0.3161 0.0083 0.9487
vn 0.7265 0.0114 0.6871
vn 0.9546 0.0117 0.2977
vn 0.9910 0.0095 -0.1337
vn 0.5707 0.0039 -0.8211
vn 0.1946 0.0113 -0.9808
vn -0.2292 0.0084 -0.9733
vn -0.5401 0.0067 -0.8415
vn -0.8503 0.0116 -0.5262
vn -0.9770 0.0051 -0.2131
vn -0.9842 0.0039 0.1771
vn -0.8414 0.0053 0.5404
vn -0.2132 0.0097 0.9770
vn 0.2292 0.0108 0.9733
vn 0.5526 0.0085 0.8334
vn 0.8631 0.0050 0.5051
vn 0.2035 0.0085 0.9790
vn 0.1951 0.0094 0.9807
vn 0.9733 0.0115 -0.2292
vn 0.8416 0.0089 -0.5401
vn 0.9733 0.0084 0.2292
vn 0.9808 0.0083 -0.1951
vn 0.8115 0.0093 0.5842
vn 0.9807 0.0099 0.1951
vn 0.5708 0.0049 0.8211
vn 0.8314 0.0083 0.5555
vn 0.2004 0.0061 0.9797
vn 0.5240 0.0109 0.8516
vn -0.2409 0.0092 0.9705
vn -0.3058 0.8220 0.4804
vn -0.2967 0.8125 0.5018
vn -0.6351 0.0015 0.7725
vn -0.1096 0.0027 0.9940
vn -0.8243 0.0082 0.5661
vn -0.5406 0.0098 0.8412
vn -0.9870 0.0079 0.1607
vn -0.8314 0.0106 0.5555
vn -0.6787 -0.5498 0.4869
vn -0.8115 0.0089 -0.5842
vn -0.9807 0.0106 -0.1951
vn -0.5262 0.0078 -0.8503
vn -0.8314 0.0117 -0.5555
vn -0.1607 0.0071 -0.9870
vn -0.5555 0.0124 -0.8314
vn 0.2292 0.0084 -0.9733
vn -0.1951 0.0089 -0.9807
vn 0.5842 0.0117 -0.8115
vn 0.1951 0.0132 -0.9807
vn 0.8248 0.0031 -0.5654
vn 0.5555 0.0121 -0.8314
vn 0.9869 0.0098 -0.1607
vn 0.8314 0.0084 -0.5555
vn -0.7388 0.6469 0.1890
vn -0.4391 0.6553 0.6147
vn -0.7409 0.6677 -0.0728
vn -0.6228 0.7231 0.2987
vn -0.6165 0.6700 -0.4136
vn -0.6708 0.7345 -0.1027
vn -0.8618 0.4744 0.1794
vn -0.4270 0.7041 -0.5674
vn -0.6773 0.7112 -0.1883
vn -0.1647 0.6744 -0.7198
vn -0.5846 0.6643 -0.4658
vn 0.1401 0.7256 -0.6737
vn -0.3216 0.6628 -0.6762
vn 0.3908 0.6276 -0.6733
vn -0.0632 0.6324 -0.7720
vn 0.5724 0.7202 -0.3919
vn 0.3846 0.7309 -0.5637
vn 0.1075 0.6711 -0.7336
vn 0.6298 0.7566 -0.1761
vn 0.4606 0.6870 -0.5621
vn 0.6797 0.7254 0.1084
vn 0.5851 0.7507 -0.3068
vn 0.6596 0.6282 0.4126
vn 0.7627 0.6343 -0.1263
vn 0.4069 0.7456 0.5278
vn 0.7216 0.6830 0.1134
vn 0.1285 0.7998 0.5863
vn 0.3369 0.8129 0.4751
vn 0.5877 0.7014 0.4033
vn -0.1649 0.7601 0.6285
vn 0.1428 0.8059 0.5745
vn 0.4235 0.6882 0.5891
vn -0.3543 0.7138 0.6042
vn 0.1396 0.7236 0.6759
vn -0.5786 0.7024 0.4145
vn -0.2916 0.7920 0.5364
vn -0.0000 1.0000 0.0002
vn 0.0016 1.0000 0.0001
vn -0.0000 1.0000 -0.0000
vn 0.0004 1.0000 0.0002
vn -0.0000 1.0000 0.0001
vn -0.0015 1.0000 0.0009
vn -0.0027 1.0000 0.0021
vn -0.0007 1.0000 -0.0004
vn 0.0005 1.0000 -0.0008
vn -0.0001 1.0000 0.0001
vn -0.0000 1.0000 -0.0003
vn 0.0001 1.0000 -0.0003
vn 0.0021 1.0000 0.0020
vn 0.0001 1.0000 -0.0008
vn -0.0005 1.0000 -0.0006
vn -0.0012 1.0000 -0.0023
vn -0.9808 0.0075 0.1951
vn -0.9813 0.0090 -0.1924
vn -0.9383 0.0103 0.3457
vn -0.9771 0.0107 -0.2127
vn -0.9755 0.0076 0.2198
vn -0.8344 0.0118 0.5510
vn -0.8629 0.4831 -0.1481
vn -0.5262 0.0071 0.8503
vn -0.9994 0.0131 0.0336
vn 0.7337 -0.6485 0.2028
vn 0.6174 -0.1592 0.7704
vn 0.1976 0.0060 0.9803
vn 0.7129 0.0115 0.7012
vn 0.3585 -0.3079 0.8813
vn -0.2292 0.0092 0.9733
vn 0.3498 0.0036 0.9368
vn 0.8247 -0.0003 0.5656
vn 0.5555 0.0103 0.8314
vn 0.3492 0.9074 0.2338
vn 0.4464 0.1954 0.8732
vn 0.0406 0.1339 0.9902
vn -0.5539 0.8325 -0.0113
vn -0.9964 -0.0000 -0.0852
vn -0.0744 0.8226 0.5637
vn 0.7538 0.4479 -0.4807
vn 0.1008 0.4588 -0.8828
vn 0.1897 -0.1133 -0.9753
vn 0.7976 0.2783 -0.5351
vn -0.0493 0.0507 0.9975
vn -0.0848 -0.0992 0.9915
vn -0.1942 0.9654 -0.1742
vn -0.2390 0.9534 -0.1840
vn -0.0716 0.9934 0.0900
vn -0.2494 0.9043 0.3465
vn -0.0387 0.9438 -0.3283
vn 0.1395 0.9742 -0.1772
vn 0.4316 0.7139 -0.5515
vn 0.1645 0.9785 0.1243
vn -0.9921 -0.0000 0.1252
vn 0.1464 0.9878 -0.0539
vn -0.7931 -0.0000 -0.6091
vn -0.7776 0.1671 -0.6062
vn 0.0668 0.4059 0.9115
vn -0.1252 -0.0000 -0.9921
vn 0.3578 0.2068 0.9106
vn 0.6334 -0.0449 -0.7725
vn 0.7887 0.0594 0.6119
vn 0.9950 0.0291 -0.0952
vn 0.6853 0.2233 0.6932
vn 0.0003 -1.0000 0.0009
vn 0.0011 -1.0000 -0.0027
vn 0.0001 -1.0000 -0.0002
vn -0.0024 -1.0000 -0.0037
vn -0.0001 -1.0000 0.0007
vn -0.0014 -1.0000 -0.0006
vn -0.0023 -1.0000 -0.0037
vn 0.0004 -1.0000 0.0033
vn 0.0034 -0.9999 0.0111
vn -0.2372 0.2153 0.9473
vn 0.0900 0.9895 -0.1134
vn 0.6268 0.7093 -0.3225
vn -0.0730 0.9971 -0.0198
vn 0.0138 0.9999 -0.0090
vn 0.0024 1.0000 -0.0018
vn 0.0393 0.9984 0.0397
vn 0.0013 1.0000 0.0028
vn -0.0006 1.0000 0.0006
vn -0.2260 0.9585 -0.1739
vn -0.7855 0.1083 -0.6093
vn -0.3337 0.9122 -0.2377
vn -0.9145 0.0056 0.4046
vn 0.0021 1.0000 -0.0070
vn 0.0024 1.0000 -0.0017
vn 0.0002 1.0000 -0.0017
vn -0.0014 1.0000 0.0022
vn 0.0001 1.0000 -0.0001
vn 0.0007 1.0000 0.0018
vn 0.0002 1.0000 -0.0029
vn -0.0037 1.0000 -0.0027
vn 0.0093 0.9994 -0.0347
vn -0.0038 1.0000 0.0042
vn -0.0800 0.9949 -0.0610
vn -0.0127 0.9999 0.0052
vn -0.0012 1.0000 -0.0018
vn 0.0027 1.0000 -0.0011
vn -0.0005 1.0000 -0.0019
vn 0.0011 1.0000 -0.0010
vn -0.0042 1.0000 -0.0005
vn -0.1266 0.9323 -0.3388
vn -0.6856 0.0021 -0.7279
vn -0.6862 0.0006 -0.7274
vn -0.6859 0.0024 -0.7277
vn -0.6854 0.0005 -0.7281
vn -0.6858 0.0021 -0.7278
vn -0.6865 0.0016 -0.7271
vn -0.6861 0.0022 -0.7275
vn -0.6859 0.0011 -0.7277
vn 0.0824 0.9445 0.3179
vn -0.0742 0.9970 0.0231
vn -0.0079 0.9983 0.0575
vn -0.9484 -0.0000 0.3172
vn -0.9472 0.0498 0.3168
vn 0.6280 0.2376 -0.7410
vn -0.4553 0.0074 0.8903
vn 0.0460 0.9907 0.1284
vn 0.1282 0.9189 0.3730
vn 0.0423 -0.1312 -0.9905
vn 0.3111 -0.0000 0.9504
vn -0.0014 1.0000 0.0029
vn -0.0198 0.9998 0.0017
vn -0.0002 1.0000 0.0055
vn 0.5646 0.0001 -0.8254
vn 0.6357 -0.2165 -0.7410
vn 0.9191 0.3748 0.1212
vn 0.8137 -0.5410 0.2126
vn -0.1549 -0.2538 -0.9548
vn -0.5051 0.5731 -0.6453
vn -0.7707 -0.3793 -0.5120
vn 0.6088 0.5927 -0.5273
vn 0.7043 -0.6536 0.2771
vn 0.9020 0.2805 0.3281
vn 0.1986 -0.9798 -0.0229
vn 0.0506 0.8698 -0.4908
vn -0.1510 -0.9267 -0.3441
vn -0.5243 -0.5275 -0.6684
vn 0.3715 0.9282 -0.0207
vn 0.1289 -0.9672 -0.2189
vn 0.4855 0.8742 -0.0135
vn 0.8094 -0.5871 -0.0098
vn 0.8654 0.2416 0.4390
vn -0.4828 -0.7062 -0.5178
vn -0.3398 0.7759 -0.5315
vn 0.5383 -0.8367 0.1009
vn 0.7485 0.6486 0.1383
vn 0.1652 0.6563 -0.7362
vn -0.5898 0.0150 -0.8074
vn 0.9795 -0.0201 -0.2007
vn -0.1794 -0.1606 -0.9706
vn -0.0019 0.2956 -0.9553
vn -0.6905 -0.4271 -0.5837
vn -0.6873 -0.3098 0.6570
vn -0.6973 -0.3091 0.6467
vn 0.2466 0.7680 -0.5910
vn -0.2431 -0.7715 0.5880
vn -0.0001 1.0000 -0.0003
vn -0.0059 1.0000 -0.0055
vn 0.0001 1.0000 0.0002
vn 0.0001 1.0000 -0.0004
vn -0.0024 1.0000 -0.0004
vn -0.6973 0.4438 0.5629
vn 0.7540 -0.3791 0.5365
vn -0.2982 0.9487 0.1049
vn 0.7496 0.3844 0.5388
vn -0.1139 0.9898 0.0857
vn -0.3499 -0.9086 -0.2280
vn 0.3268 -0.9223 0.2063
vn -0.1305 0.7786 0.6138
vn -0.1768 0.5689 -0.8032
vn -0.5515 0.2117 -0.8069
vn -0.7792 -0.2012 -0.5936
vn -0.7990 -0.5595 -0.2204
vn -0.6051 -0.7673 0.2124
vn -0.2503 -0.7683 0.5891
vn 0.1711 -0.5629 0.8086
vn 0.7735 0.2072 0.5990
vn 0.7931 0.5656 0.2260
vn 0.2687 0.0107 -0.9632
vn -0.0029 -0.2605 -0.9655
vn -0.1792 -0.5583 -0.8101
vn -0.2252 -0.8112 -0.5396
vn -0.0439 -0.9742 -0.2215
vn 0.2103 -0.9758 0.0605
vn 0.5130 -0.8267 0.2310
vn 0.9639 -0.2575 0.0678
vn 0.9808 0.0132 -0.1947
vn -0.1817 0.5739 -0.7985
vn -0.5560 0.2162 -0.8026
vn -0.8030 -0.5552 -0.2166
vn -0.6096 -0.7626 0.2165
vn -0.2540 -0.7643 0.5928
vn 0.1667 -0.5583 0.8127
vn 0.5414 -0.2012 0.8163
vn 0.5951 0.7777 -0.2027
vn 0.2402 0.7787 -0.5796
vn -0.5710 0.8196 0.0473
vn -0.7663 0.6315 0.1183
vn -0.8455 0.4714 0.2507
vn -0.8546 0.3199 0.4091
vn -0.7804 0.2196 0.5855
vn -0.6187 0.2783 0.7347
vn -0.4358 0.2497 0.8647
vn -0.3387 0.4661 0.8173
vn -0.1544 0.6288 0.7621
vn -0.0569 0.8112 0.5819
vn -0.2299 0.8861 0.4025
vn -0.4218 0.8713 0.2507
vn -0.0180 0.4295 -0.9029
vn -0.4422 0.1034 -0.8909
vn -0.6190 -0.3151 -0.7194
vn -0.1507 -0.8605 0.4867
vn 0.2803 -0.7040 0.6526
vn 0.6399 -0.3090 0.7036
vn 0.8607 0.1002 0.4991
vn 0.8837 0.4501 0.1286
vn 0.7343 0.6033 -0.3112
vn 0.3226 0.6534 -0.6848
vn -0.6881 -0.6553 -0.3116
vn -0.5000 -0.8583 0.1154
vn 0.2390 0.0437 -0.9700
vn -0.2210 -0.5472 -0.8073
vn -0.2356 -0.8185 -0.5239
vn -0.0876 -0.9773 -0.1927
vn 0.5090 -0.8194 0.2637
vn 0.7931 -0.5478 0.2662
vn 0.8315 0.2013 -0.5177
vn -0.1693 0.5652 -0.8074
vn -0.6026 -0.7701 0.2095
vn 0.5995 -0.4054 -0.6901
vn 0.7706 0.2123 0.6009
vn 0.6046 0.7682 -0.2103
vn -0.8030 -0.5537 -0.2206
vn -0.8022 -0.5555 -0.2186
vn -0.7826 -0.1966 -0.5906
vn -0.7828 -0.1985 -0.5897
vn 0.1749 -0.5667 0.8051
vn 0.1985 0.8358 0.5119
vn 0.1971 0.8358 0.5125
vn -0.7848 -0.2010 -0.5863
vn -0.7820 -0.2222 -0.5823
vn -0.7853 -0.1948 -0.5876
vn 0.2790 0.7751 -0.5669
vn 0.2707 0.7645 -0.5850
vn 0.5382 -0.2055 0.8173
vn 0.5448 -0.1972 0.8151
vn -0.8021 -0.5582 -0.2121
vn -0.8040 -0.5521 -0.2208
vn 0.7705 0.2158 0.5998
vn 0.7678 0.2075 0.6062
vn 0.5132 -0.7024 -0.4932
vn 0.5327 -0.6768 -0.5081
vn 0.5314 -0.6725 -0.5152
vn -0.2587 -0.7650 0.5898
vn -0.2652 -0.7756 0.5728
vn -0.2564 -0.7619 0.5948
vn 0.5895 0.7750 -0.2278
vn 0.5922 0.7787 -0.2073
vn 0.5995 0.7688 -0.2226
vn -0.1854 0.5702 -0.8003
vn -0.1927 0.5526 -0.8108
vn -0.1831 0.5753 -0.7972
vn -0.5525 0.2204 -0.8039
vn -0.5345 0.2268 -0.8141
vn -0.5577 0.2182 -0.8008
vn 0.0369 0.9988 -0.0310
vn 0.0251 0.9994 -0.0229
vn 0.7898 0.5669 0.2343
vn 0.7973 0.5543 0.2387
vn 0.7920 0.5629 0.2363
vn 0.1862 -0.5544 0.8111
vn 0.1712 -0.5554 0.8138
vn 0.1787 -0.5708 0.8014
vn 0.1236 0.6324 -0.7647
vn -0.0514 0.4303 -0.9012
vn -0.3587 0.4362 -0.8253
vn 0.5216 0.7258 -0.4485
vn 0.3408 0.6372 -0.6912
vn 0.0571 0.7177 -0.6940
vn 0.7926 0.6090 -0.0306
vn 0.7087 0.6300 -0.3175
vn 0.4576 0.8084 -0.3704
vn 0.8717 0.3069 0.3821
vn 0.8955 0.4327 0.1043
vn 0.7134 0.7008 0.0017
vn 0.7332 -0.0902 0.6740
vn 0.8787 0.0763 0.4712
vn 0.8129 0.4075 0.4161
vn 0.4144 -0.4858 0.7696
vn 0.6594 -0.3110 0.6844
vn 0.6619 -0.0182 0.7494
vn 0.0040 -0.7647 0.6444
vn 0.2891 -0.6774 0.6764
vn 0.3387 -0.4152 0.8443
vn -0.3929 -0.8594 0.3271
vn -0.1217 -0.8760 0.4667
vn -0.0578 -0.6941 0.7175
vn -0.6659 -0.7402 -0.0928
vn -0.4704 -0.8755 0.1103
vn -0.4813 -0.7863 0.3874
vn -0.7457 -0.4443 -0.4965
vn -0.6603 -0.6742 -0.3309
vn -0.7223 -0.6916 0.0013
vn -0.6039 -0.0407 -0.7961
vn -0.6520 -0.3282 -0.6835
vn -0.8139 -0.4054 -0.4161
vn -0.4182 0.0808 -0.9048
vn -0.6910 -0.0064 -0.7229
vn -0.2885 0.3509 -0.8909
vn -0.5546 0.2158 -0.8037
vn -0.5558 0.2148 -0.8031
vn 0.0251 0.6935 -0.7200
vn 0.4272 0.8032 -0.4152
vn 0.7151 0.6990 0.0036
vn 0.8093 0.4100 0.4207
vn 0.6843 0.0112 0.7291
vn -0.8184 -0.3826 -0.4287
vn -0.6962 -0.0013 -0.7179
vn -0.3860 0.3996 -0.8315
vn 0.3773 -0.3879 0.8409
vn -0.0352 -0.6832 0.7294
vn -0.4371 -0.7927 0.4249
vn -0.3164 0.8996 0.3009
vn 0.5399 -0.8160 0.2066
vn 0.5389 -0.8161 0.2088
vn -0.5092 -0.1827 -0.8410
vn -0.3646 -0.2458 -0.8981
vn 0.6803 -0.3737 -0.6305
vn 0.5411 -0.0459 -0.8397
vn -0.7239 -0.6899 0.0097
vn -0.7052 -0.7089 -0.0044
vn 0.4958 -0.2257 -0.8386
vn 0.6652 -0.3726 -0.6471
vn 0.5875 -0.4217 -0.6907
vn 0.4939 -0.5709 -0.6558
vn 0.3850 -0.4291 -0.8171
vn 0.5820 -0.4036 -0.7060
vn 0.5826 -0.4094 -0.7021
vn 0.5826 -0.4095 -0.7021
vn 0.5801 -0.4091 -0.7044
vn -0.5106 0.8274 0.2337
vn 0.0605 0.9506 -0.3044
vn 0.1895 -0.8706 -0.4541
vn 0.9839 0.0078 0.1785
vn 0.9870 0.0077 0.1607
vn -0.4275 -0.8988 0.0968
vn -0.8132 0.2756 0.5126
vn 0.4546 0.4946 -0.7407
vn -0.3970 0.9006 0.1770
vn 0.1256 0.8825 -0.4533
vn 0.5702 -0.2173 -0.7923
vn -0.8174 0.1729 0.5495
vn -0.0631 -0.9544 -0.2918
vn -0.8582 -0.1728 0.4834
vn -0.5922 -0.7487 0.2978
vn 0.5830 0.1477 -0.7989
vn 0.4727 -0.4150 -0.7774
vn -0.5810 -0.7512 0.3131
vn -0.6218 -0.6697 0.4061
vn 0.4401 0.6739 -0.5934
vn -0.8135 0.1083 0.5714
vn 0.7204 -0.2442 -0.6491
vn -0.7890 -0.0058 -0.6144
vn -0.7925 -0.0438 -0.6083
vn 0.4794 -0.2137 -0.8512
vn -0.4447 0.8418 0.3060
vn 0.0025 0.9815 -0.1916
vn 0.5035 -0.6050 -0.6169
vn -0.7680 0.5456 0.3354
vn -0.0991 -0.9910 -0.0899
vn 0.3721 -0.8558 -0.3594
vn -0.6065 -0.7639 0.2207
vn -0.6124 -0.7616 0.2120
vn 0.6957 -0.2042 -0.6887
vn 0.3105 0.9498 -0.0392
vn -0.2609 0.8266 0.4987
vn 0.5515 0.6517 -0.5207
vn 0.4618 -0.8715 -0.1652
vn -0.1248 -0.8998 0.4180
vn -0.5589 0.2748 0.7824
vn 0.7679 0.4936 -0.4084
vn -0.1973 0.8999 0.3890
vn 0.4627 0.8813 -0.0957
vn 0.8239 -0.2181 -0.5231
vn -0.5963 0.1722 0.7841
vn -0.5338 -0.1739 0.8275
vn 0.1505 -0.9885 0.0135
vn 0.8027 -0.4161 -0.4273
vn -0.3347 -0.7496 0.5711
vn 0.8324 0.1469 -0.5343
vn -0.3493 -0.7520 0.5590
vn 0.6205 0.6733 -0.4020
vn -0.6181 0.1076 0.7787
vn -0.4443 -0.6703 0.5944
vn 0.2556 0.0467 -0.9656
vn 0.2351 0.0561 -0.9704
vn 0.8774 -0.2150 -0.4289
vn -0.3290 0.8414 0.4287
vn 0.1946 0.9808 0.0121
vn 0.6436 -0.6054 -0.4682
vn -0.3785 0.5441 0.7488
vn 0.0807 -0.9916 0.1008
vn 0.3533 -0.8683 -0.3482
vn -0.3518 -0.8863 0.3010
vn 0.6866 -0.2858 -0.6685
vn -0.0467 0.9472 0.3173
vn -0.2475 0.8311 0.4980
vn 0.4136 0.8861 -0.2092
vn -0.2379 -0.8841 0.4021
vn 0.4745 -0.8617 -0.1798
vn 0.6380 0.4968 -0.5884
vn -0.5545 0.2852 0.7818
vn 0.5164 0.8185 -0.2519
vn -0.1282 0.8831 0.4514
vn 0.7821 0.2809 -0.5562
vn -0.5648 -0.3969 0.7235
vn 0.8277 -0.1925 -0.5271
vn 0.6338 -0.7325 -0.2484
vn -0.5423 0.1670 0.8234
vn 0.8732 0.1123 -0.4743
vn -0.5863 0.2560 0.7686
vn 0.1451 0.9789 -0.1437
vn 0.5280 0.8155 -0.2370
vn -0.3292 0.8928 0.3076
vn -0.1803 0.9206 0.3463
vn 0.6859 -0.5831 -0.4353
vn -0.3696 -0.6288 0.6841
vn 0.7066 0.6087 -0.3609
vn -0.3232 0.6017 0.7304
vn -0.4905 -0.5035 0.7112
vn 0.1842 -0.9826 0.0244
vn 0.0948 0.9664 0.2388
vn -0.0236 -0.9426 0.3332
vn 0.5378 -0.8373 -0.0988
vn 0.3432 -0.5733 -0.7440
vn 0.5393 -0.8160 0.2083
vn 0.5393 -0.8160 0.2082
vn -0.2335 0.4287 -0.8728
vn 0.0086 -1.0000 -0.0038
vn -0.3218 -0.8921 0.3171
vn -0.7648 -0.0000 0.6442
vn 0.3824 -0.8537 -0.3534
vn 0.6857 -0.0022 0.7278
vn 0.6858 -0.0024 0.7278
vn -0.0602 0.1449 -0.9876
vn 0.6858 -0.0020 0.7278
vn 0.7612 -0.5747 -0.3005
vn 0.6857 -0.0021 0.7279
vn 0.5484 -0.2087 0.8097
vn 0.2418 0.0582 -0.9686
vn -0.5625 0.5987 0.5702
vn -0.8000 -0.5516 -0.2362
vn -0.4338 -0.7980 0.4184
vn 0.5147 0.7065 -0.4857
vn 0.6833 -0.3370 -0.6478
vn 0.5230 -0.4664 -0.7134
vn 0.4931 -0.5860 -0.6430
vn -0.6873 0.5716 -0.4483
vn -0.6897 0.5709 -0.4455
vn 0.6230 -0.6249 -0.4704
vn 0.6516 -0.6013 -0.4624
vn 0.6402 -0.4951 -0.5874
vn 0.4576 0.7848 -0.4179
vn -0.0640 0.4450 -0.8933
vn -0.6023 -0.0782 -0.7944
vn -0.6736 -0.6654 -0.3218
vn -0.3607 -0.8696 0.3372
vn 0.2827 -0.6717 0.6848
vn 0.7585 -0.0844 0.6462
vn 0.9154 0.3946 0.0794
vn -0.4781 0.6329 -0.6089
vn -0.6505 -0.0328 -0.7588
vt 0.625000 0.625000
vt 0.625000 0.875000
vt 0.125000 0.875000
vt 0.125000 0.625000
vt 0.375000 0.375000
s 0
usemtl ruins_cv_rubble
f 2/1/1 4/1/1 1/1/1
f 4/2/2 5/2/2 6/2/2
f 1/1/3 34/1/3 2/1/3
f 5/2/4 8/2/4 6/2/4
f 7/2/5 137/2/5 8/2/5
f 9/2/6 137/2/6 38/2/6
f 12/1/7 34/1/7 135/1/7
f 10/2/8 17/2/8 18/2/8
f 14/1/9 11/1/9 12/1/9
f 13/1/10 16/1/10 15/1/10
f 16/1/11 23/1/11 15/1/11
f 18/2/12 49/2/12 148/2/12
f 19/2/13 21/2/13 22/2/13
f 24/1/14 27/1/14 23/1/14
f 26/2/15 49/2/15 25/2/15
f 26/2/16 55/2/16 151/2/16
f 27/2/17 152/2/17 53/2/17
f 30/1/18 152/1/18 29/1/18
f 29/1/19 61/1/19 30/1/19
f 33/2/20 164/2/20 32/2/20
f 32/2/21 151/2/21 55/2/21
f 5/1/22 31/1/22 36/1/22
f 31/2/23 34/2/23 39/2/23
f 32/2/24 154/2/24 33/2/24
f 79/1/25 86/1/25 84/1/25
f 11/1/26 41/1/26 39/1/26
f 37/2/27 7/2/27 40/2/27
f 40/2/28 5/2/28 36/2/28
f 42/1/29 153/1/29 43/1/29
f 41/2/30 23/2/30 48/2/30
f 17/2/31 37/2/31 45/2/31
f 171/1/32 44/1/32 70/1/32
f 42/1/33 155/1/33 73/1/33
f 47/2/34 67/2/34 46/2/34
f 48/1/35 23/1/35 27/1/35
f 46/2/36 57/2/36 47/2/36
f 51/1/37 155/1/37 50/1/37
f 27/1/38 58/1/38 48/1/38
f 54/1/39 49/1/39 45/1/39
f 25/1/40 54/1/40 55/1/40
f 57/1/41 80/1/41 156/1/41
f 60/1/42 63/1/42 59/1/42
f 32/1/43 54/1/43 62/1/43
f 58/1/44 61/1/44 52/1/44
f 64/1/45 69/1/45 63/1/45
f 65/1/46 156/1/46 80/1/46
f 32/1/47 62/1/47 67/1/47
f 65/1/48 158/1/48 66/1/48
f 69/1/49 157/1/49 68/1/49
f 68/1/50 96/1/50 69/1/50
f 67/1/51 71/1/51 46/1/51
f 72/1/52 42/1/52 73/1/52
f 46/1/53 71/1/53 56/1/53
f 74/1/54 73/1/54 51/1/54
f 76/2/55 158/2/55 90/2/55
f 77/2/56 81/2/56 44/2/56
f 78/1/57 35/1/57 79/1/57
f 80/1/58 71/1/58 75/1/58
f 74/1/59 59/1/59 85/1/59
f 81/2/60 170/2/60 44/2/60
f 84/1/61 78/1/61 79/1/61
f 85/1/62 59/1/62 63/1/62
f 80/1/63 82/1/63 65/1/63
f 87/1/64 84/1/64 86/1/64
f 95/1/65 63/1/65 69/1/65
f 65/1/66 89/1/66 90/1/66
f 92/1/67 106/1/67 91/1/67
f 93/1/68 169/1/68 94/1/68
f 91/3/69 159/3/69 92/3/69
f 89/2/70 76/2/70 90/2/70
f 81/2/71 89/2/71 88/2/71
f 95/1/72 96/1/72 107/1/72
f 98/2/73 132/2/73 160/2/73
f 101/1/74 161/1/74 141/1/74
f 81/2/75 88/2/75 106/2/75
f 104/1/76 161/1/76 105/1/76
f 104/1/77 162/1/77 142/1/77
f 109/2/78 132/2/78 108/2/78
f 109/2/79 139/2/79 163/2/79
f 70/2/80 113/2/80 114/2/80
f 123/1/81 78/1/81 83/1/81
f 106/1/82 111/1/82 91/1/82
f 113/2/83 167/2/83 114/2/83
f 115/1/84 168/1/84 116/1/84
f 118/1/85 142/1/85 162/1/85
f 121/2/86 166/2/86 146/2/86
f 123/1/87 83/1/87 87/1/87
f 118/1/88 149/1/88 117/1/88
f 124/1/89 165/1/89 125/1/89
f 126/2/90 122/2/90 121/2/90
f 129/2/91 146/2/91 166/2/91
f 97/3/92 111/3/92 100/3/92
f 123/1/93 130/1/93 133/1/93
f 128/2/94 167/2/94 145/2/94
f 133/1/95 130/1/95 93/1/95
f 136/1/96 93/1/96 101/1/96
f 132/2/97 140/2/97 108/2/97
f 48/1/98 58/1/98 52/1/98
f 112/1/99 140/1/99 100/1/99
f 45/2/100 37/2/100 40/2/100
f 36/1/101 31/1/101 39/1/101
f 228/2/102 178/2/102 231/2/102
f 62/1/103 54/1/103 45/1/103
f 780/2/104 796/2/104 792/2/104
f 108/2/105 140/2/105 139/2/105
f 136/1/106 101/1/106 141/1/106
f 110/3/107 140/3/107 112/3/107
f 136/1/108 104/1/108 138/1/108
f 113/2/109 112/2/109 119/2/109
f 138/1/110 142/1/110 103/1/110
f 113/2/111 144/2/111 145/2/111
f 143/1/112 142/1/112 117/1/112
f 115/1/113 143/1/113 149/1/113
f 144/1/114 146/1/114 128/1/114
f 131/1/115 147/1/115 134/1/115
f 121/2/116 150/2/116 126/2/116
f 150/1/117 147/1/117 124/1/117
f 150/2/118 124/2/118 126/2/118
f 59/2/119 50/2/119 60/2/119
f 130/1/120 86/1/120 169/1/120
f 93/1/121 102/1/121 101/1/121
f 159/2/122 97/2/122 98/2/122
f 116/1/123 147/1/123 115/1/123
f 124/2/124 127/2/124 126/2/124
f 110/2/125 163/2/125 139/2/125
f 170/2/126 159/2/126 98/2/126
f 154/1/127 20/1/127 33/1/127
f 20/1/128 164/1/128 33/1/128
f 19/1/129 4/1/129 6/1/129
f 19/1/130 12/1/130 135/1/130
f 24/1/131 22/1/131 28/1/131
f 22/1/132 153/1/132 28/1/132
f 114/1/133 129/1/133 166/1/133
f 50/1/134 43/1/134 60/1/134
f 171/1/135 114/1/135 166/1/135
f 168/2/136 162/2/136 116/2/136
f 171/1/137 116/1/137 21/1/137
f 94/1/138 21/1/138 116/1/138
f 21/1/139 172/1/139 171/1/139
f 22/1/140 21/1/140 35/1/140
f 19/1/141 8/1/141 20/1/141
f 828/1/142 774/1/142 826/1/142
f 18/1/143 137/1/143 10/1/143
f 26/1/144 164/1/144 148/1/144
f 160/1/145 163/1/145 70/1/145
f 70/1/146 44/1/146 160/1/146
f 160/2/147 170/2/147 98/2/147
f 66/1/148 77/1/148 44/1/148
f 156/1/149 47/1/149 57/1/149
f 122/1/150 171/1/150 166/1/150
f 127/2/151 165/2/151 122/2/151
f 171/4/152 165/4/152 116/4/152
f 116/2/153 105/2/153 94/2/153
f 105/1/154 102/1/154 94/1/154
f 28/1/155 29/1/155 152/1/155
f 24/1/156 14/1/156 12/1/156
f 19/1/157 135/1/157 1/1/157
f 64/2/158 68/2/158 157/2/158
f 22/2/159 64/2/159 60/2/159
f 43/1/160 22/1/160 60/1/160
f 234/1/102 173/1/102 205/1/102
f 204/2/102 202/2/102 207/2/102
f 177/3/161 176/3/161 233/3/161
f 211/1/162 199/1/162 198/1/162
f 210/1/102 196/1/102 213/1/102
f 212/1/163 194/1/163 215/1/163
f 217/1/164 193/1/164 192/1/164
f 216/1/102 190/1/102 219/1/102
f 221/1/165 189/1/165 188/1/165
f 220/1/102 186/1/102 223/1/102
f 846/1/166 840/1/166 847/1/166
f 234/5/102 204/5/102 207/5/102
f 235/1/102 232/1/102 174/1/102
f 214/2/102 222/2/102 229/2/102
f 819/1/167 837/1/167 891/1/167
f 229/3/102 228/3/102 234/3/102
f 237/1/168 236/1/168 234/1/168
f 237/1/169 235/1/169 238/1/169
f 238/2/170 174/2/170 239/2/170
f 175/4/171 239/4/171 174/4/171
f 240/1/172 175/1/172 232/1/172
f 241/1/173 232/1/173 233/1/173
f 243/1/174 177/1/174 230/1/174
f 244/3/175 230/3/175 231/3/175
f 244/2/176 178/2/176 245/2/176
f 178/2/177 179/2/177 245/2/177
f 246/2/178 179/2/178 228/2/178
f 246/2/179 229/2/179 247/2/179
f 247/2/180 180/2/180 248/2/180
f 180/2/181 249/2/181 248/2/181
f 250/1/182 181/1/182 226/1/182
f 250/1/183 227/1/183 251/1/183
f 251/4/184 182/4/184 252/4/184
f 183/1/185 252/1/185 182/1/185
f 253/1/186 183/1/186 224/1/186
f 253/1/187 225/1/187 254/1/187
f 254/2/188 184/2/188 255/2/188
f 185/1/189 255/1/189 184/1/189
f 256/1/190 185/1/190 222/1/190
f 256/1/191 223/1/191 257/1/191
f 257/1/192 186/1/192 258/1/192
f 186/1/193 187/1/193 258/1/193
f 259/1/194 187/1/194 220/1/194
f 260/1/195 220/1/195 221/1/195
f 262/1/196 189/1/196 218/1/196
f 262/1/197 219/1/197 263/1/197
f 263/1/198 190/1/198 264/1/198
f 191/1/199 264/1/199 190/1/199
f 265/1/200 191/1/200 216/1/200
f 266/1/201 216/1/201 217/1/201
f 268/1/202 193/1/202 214/1/202
f 215/1/203 194/1/203 269/1/203
f 194/1/204 195/1/204 269/1/204
f 270/1/205 195/1/205 212/1/205
f 271/1/206 212/1/206 213/1/206
f 271/1/207 196/1/207 272/1/207
f 196/1/208 197/1/208 272/1/208
f 273/2/209 197/2/209 210/2/209
f 274/1/210 210/1/210 211/1/210
f 276/3/211 199/3/211 208/3/211
f 276/3/212 209/3/212 277/3/212
f 279/4/213 201/4/213 206/4/213
f 279/2/214 207/2/214 280/2/214
f 280/2/215 202/2/215 281/2/215
f 202/1/216 203/1/216 281/1/216
f 282/1/217 203/1/217 204/1/217
f 282/1/218 205/1/218 283/1/218
f 283/1/219 173/1/219 284/1/219
f 173/1/220 236/1/220 284/1/220
f 285/1/221 287/1/221 286/1/221
f 284/2/222 342/2/222 344/2/222
f 175/4/223 338/4/223 239/4/223
f 176/2/224 329/2/224 331/2/224
f 245/2/225 323/2/225 325/2/225
f 249/2/226 319/2/226 248/2/226
f 252/1/227 311/1/227 313/1/227
f 255/2/228 305/2/228 307/2/228
f 258/1/229 187/1/229 390/1/229
f 264/1/230 286/1/230 288/1/230
f 192/2/231 380/2/231 382/2/231
f 269/3/232 374/3/232 376/3/232
f 395/1/233 369/1/233 394/1/233
f 401/2/234 362/2/234 399/2/234
f 278/1/235 356/1/235 200/1/235
f 281/1/236 348/1/236 350/1/236
f 342/2/237 237/2/237 341/2/237
f 175/2/238 334/2/238 336/2/238
f 329/2/239 243/2/239 328/2/239
f 323/2/240 246/2/240 322/2/240
f 249/2/241 316/2/241 317/2/241
f 311/1/242 253/1/242 310/1/242
f 305/2/243 256/2/243 303/2/243
f 390/4/244 259/4/244 385/4/244
f 286/2/245 265/2/245 285/2/245
f 380/3/246 268/3/246 379/3/246
f 195/3/247 372/3/247 374/3/247
f 367/1/248 396/1/248 365/1/248
f 393/2/249 370/2/249 372/2/249
f 278/1/250 353/1/250 354/1/250
f 348/1/251 282/1/251 347/1/251
f 283/2/252 344/2/252 345/2/252
f 282/2/253 345/2/253 347/2/253
f 351/1/254 281/1/254 350/1/254
f 279/1/255 351/1/255 353/1/255
f 277/1/256 356/1/256 357/1/256
f 359/2/257 277/2/257 357/2/257
f 363/2/258 399/2/258 362/2/258
f 365/4/259 397/4/259 363/4/259
f 370/1/260 394/1/260 369/1/260
f 148/1/261 20/1/261 18/1/261
f 377/3/262 269/3/262 376/3/262
f 268/3/263 377/3/263 379/3/263
f 266/2/264 382/2/264 383/2/264
f 383/2/265 265/2/265 266/2/265
f 289/1/266 264/1/266 288/1/266
f 291/1/267 263/1/267 289/1/267
f 389/1/268 387/1/268 392/1/268
f 386/1/269 392/1/269 387/1/269
f 301/2/270 258/2/270 300/2/270
f 303/2/271 257/2/271 301/2/271
f 254/2/272 307/2/272 308/2/272
f 253/2/273 308/2/273 310/2/273
f 251/1/274 313/1/274 314/1/274
f 316/1/275 251/1/275 314/1/275
f 320/2/276 248/2/276 319/2/276
f 246/2/277 320/2/277 322/2/277
f 326/2/278 245/2/278 325/2/278
f 243/2/279 326/2/279 328/2/279
f 241/1/280 331/1/280 332/1/280
f 334/1/281 241/1/281 332/1/281
f 238/2/282 338/2/282 339/2/282
f 237/2/283 339/2/283 341/2/283
f 286/1/284 287/1/284 288/1/284
f 287/1/285 289/1/285 288/1/285
f 290/1/286 291/1/286 289/1/286
f 291/1/287 293/1/287 292/1/287
f 293/1/288 294/1/288 292/1/288
f 293/1/289 295/1/289 294/1/289
f 295/1/290 296/1/290 297/1/290
f 297/1/291 299/1/291 298/1/291
f 298/1/292 299/1/292 300/1/292
f 299/1/293 301/1/293 300/1/293
f 301/1/294 304/1/294 303/1/294
f 303/2/295 306/2/295 305/2/295
f 306/3/296 307/3/296 305/3/296
f 306/1/297 308/1/297 307/1/297
f 308/3/298 309/3/298 310/3/298
f 310/3/299 312/3/299 311/3/299
f 312/2/300 313/2/300 311/2/300
f 312/1/301 314/1/301 313/1/301
f 314/1/302 315/1/302 316/1/302
f 316/1/303 318/1/303 317/1/303
f 317/1/304 318/1/304 319/1/304
f 318/1/305 320/1/305 319/1/305
f 321/1/306 322/1/306 320/1/306
f 322/1/307 324/1/307 323/1/307
f 323/1/308 324/1/308 325/1/308
f 324/1/309 326/1/309 325/1/309
f 326/1/310 327/1/310 328/1/310
f 328/1/311 330/1/311 329/1/311
f 329/1/312 330/1/312 331/1/312
f 330/2/313 332/2/313 331/2/313
f 332/1/314 335/1/314 334/1/314
f 334/1/315 337/1/315 336/1/315
f 337/1/316 338/1/316 336/1/316
f 337/1/317 339/1/317 338/1/317
f 339/1/318 340/1/318 341/1/318
f 341/1/319 343/1/319 342/1/319
f 342/4/320 343/4/320 344/4/320
f 343/2/321 345/2/321 344/2/321
f 346/2/322 347/2/322 345/2/322
f 347/2/323 349/2/323 348/2/323
f 349/2/324 350/2/324 348/2/324
f 349/2/325 351/2/325 350/2/325
f 352/2/326 353/2/326 351/2/326
f 353/2/327 355/2/327 354/2/327
f 355/2/328 356/2/328 354/2/328
f 355/2/329 357/2/329 356/2/329
f 358/2/330 359/2/330 357/2/330
f 359/2/331 361/2/331 360/2/331
f 361/2/332 362/2/332 360/2/332
f 361/1/333 363/1/333 362/1/333
f 363/1/334 366/1/334 365/1/334
f 365/1/335 368/1/335 367/1/335
f 367/1/336 368/1/336 369/1/336
f 368/1/337 370/1/337 369/1/337
f 370/1/338 373/1/338 372/1/338
f 372/1/339 375/1/339 374/1/339
f 375/1/340 376/1/340 374/1/340
f 375/1/341 377/1/341 376/1/341
f 378/1/342 379/1/342 377/1/342
f 379/1/343 381/1/343 380/1/343
f 381/1/344 382/1/344 380/1/344
f 381/1/345 383/1/345 382/1/345
f 352/1/346 349/1/346 346/1/346
f 293/1/347 290/1/347 296/1/347
f 881/2/348 836/2/348 884/2/348
f 385/1/349 260/1/349 388/1/349
f 388/1/350 188/1/350 389/1/350
f 261/1/351 389/1/351 188/1/351
f 292/1/352 294/1/352 389/1/352
f 387/1/353 294/1/353 295/1/353
f 297/1/354 387/1/354 295/1/354
f 298/1/355 386/1/355 297/1/355
f 386/1/356 390/1/356 391/1/356
f 391/1/357 390/1/357 385/1/357
f 391/1/358 388/1/358 392/1/358
f 389/1/359 392/1/359 388/1/359
f 292/1/360 262/1/360 291/1/360
f 390/2/361 300/2/361 258/2/361
f 394/1/362 393/1/362 405/1/362
f 405/4/363 395/4/363 394/4/363
f 395/3/364 406/3/364 396/3/364
f 396/3/365 407/3/365 397/3/365
f 398/1/366 198/1/366 400/1/366
f 275/2/367 400/2/367 198/2/367
f 399/3/368 407/3/368 401/3/368
f 393/2/369 272/2/369 402/2/369
f 197/2/370 402/2/370 272/2/370
f 403/2/371 273/2/371 404/2/371
f 404/2/372 274/2/372 398/2/372
f 405/2/373 393/2/373 402/2/373
f 402/2/374 403/2/374 405/2/374
f 405/3/375 404/3/375 406/3/375
f 406/1/376 398/1/376 407/1/376
f 407/1/377 400/1/377 401/1/377
f 423/1/378 425/1/378 413/1/378
f 410/1/379 416/1/379 417/1/379
f 421/1/380 412/1/380 420/1/380
f 408/1/381 409/1/381 410/1/381
f 419/1/382 409/1/382 414/1/382
f 422/1/383 413/1/383 418/1/383
f 415/2/384 422/2/384 418/2/384
f 419/2/385 417/2/385 416/2/385
f 410/1/386 421/1/386 420/1/386
f 422/2/387 417/2/387 419/2/387
f 423/1/388 422/1/388 414/1/388
f 424/1/389 414/1/389 408/1/389
f 424/1/390 425/1/390 423/1/390
f 427/2/391 426/2/391 429/2/391
f 478/1/392 432/1/392 435/1/392
f 429/1/393 450/1/393 433/1/393
f 435/1/394 437/1/394 438/1/394
f 465/1/395 440/1/395 441/1/395
f 468/2/396 449/2/396 444/2/396
f 428/3/397 443/3/397 426/3/397
f 447/2/398 448/2/398 464/2/398
f 431/2/399 429/2/399 430/2/399
f 440/2/400 446/2/400 441/2/400
f 429/1/401 434/1/401 430/1/401
f 442/2/402 479/2/402 480/2/402
f 481/1/403 436/1/403 432/1/403
f 477/2/404 456/2/404 457/2/404
f 438/1/405 453/1/405 435/1/405
f 439/1/406 432/1/406 436/1/406
f 458/3/407 457/3/407 456/3/407
f 452/1/408 466/1/408 475/1/408
f 440/1/408 468/1/408 444/1/408
f 418/1/102 413/1/102 425/1/102
f 443/2/409 450/2/409 426/2/409
f 445/2/410 448/2/410 449/2/410
f 441/1/411 461/1/411 460/1/411
f 444/1/411 448/1/411 440/1/411
f 451/2/412 433/2/412 454/2/412
f 454/2/413 455/2/413 451/2/413
f 447/2/414 461/2/414 446/2/414
f 462/3/415 447/3/415 464/3/415
f 460/1/102 461/1/102 458/1/102
f 463/2/102 443/2/102 454/2/102
f 437/1/416 466/1/416 438/1/416
f 472/1/417 439/1/417 471/1/417
f 436/2/418 471/2/418 439/2/418
f 467/1/419 465/1/419 469/1/419
f 467/1/420 470/1/420 468/1/420
f 473/1/421 476/1/421 474/1/421
f 469/3/422 473/3/422 470/3/422
f 469/1/423 470/1/423 467/1/423
f 472/1/424 475/1/424 466/1/424
f 469/2/425 475/2/425 476/2/425
f 476/1/426 472/1/426 471/1/426
f 474/1/427 476/1/427 471/1/427
f 469/3/428 476/3/428 473/3/428
f 867/2/166 864/2/166 862/2/166
f 470/2/429 473/2/429 487/2/429
f 450/2/430 463/2/430 433/2/430
f 433/2/431 463/2/431 454/2/431
f 455/2/432 454/2/432 477/2/432
f 427/3/433 479/3/433 428/3/433
f 483/2/434 427/2/434 431/2/434
f 480/1/435 481/1/435 478/1/435
f 484/2/436 483/2/436 485/2/436
f 479/2/437 484/2/437 480/2/437
f 480/2/438 484/2/438 485/2/438
f 480/1/439 485/1/439 481/1/439
f 373/1/440 371/1/440 378/1/440
f 486/1/441 491/1/441 488/1/441
f 486/1/442 487/1/442 490/1/442
f 802/1/104 817/1/104 798/1/104
f 490/1/443 489/1/443 491/1/443
f 488/1/444 491/1/444 489/1/444
f 492/2/445 495/2/445 503/2/445
f 496/2/446 493/2/446 497/2/446
f 492/1/447 502/1/447 514/1/447
f 493/1/448 492/1/448 514/1/448
f 503/1/449 498/1/449 494/1/449
f 513/1/450 507/1/450 505/1/450
f 497/2/451 493/2/451 514/2/451
f 499/2/452 495/2/452 496/2/452
f 496/1/453 508/1/453 510/1/453
f 499/1/454 512/1/454 498/1/454
f 506/2/455 511/2/455 507/2/455
f 499/2/456 510/2/456 500/2/456
f 510/2/457 508/2/457 509/2/457
f 506/1/458 513/1/458 498/1/458
f 544/1/459 548/1/459 563/1/459
f 502/1/102 501/1/102 505/1/102
f 505/1/460 504/1/460 513/1/460
f 503/1/461 501/1/461 492/1/461
f 515/2/462 514/2/462 502/2/462
f 512/2/463 510/2/463 511/2/463
f 511/2/464 510/2/464 509/2/464
f 516/1/465 520/1/465 518/1/465
f 516/1/466 519/1/466 521/1/466
f 523/1/467 522/1/467 528/1/467
f 524/1/468 525/1/468 529/1/468
f 526/1/469 573/1/469 574/1/469
f 517/1/470 543/1/470 520/1/470
f 532/1/471 531/1/471 536/1/471
f 531/1/472 534/1/472 535/1/472
f 537/2/473 519/2/473 544/2/473
f 529/1/474 541/1/474 538/1/474
f 522/1/475 550/1/475 528/1/475
f 532/1/476 540/1/476 542/1/476
f 535/1/477 545/1/477 551/1/477
f 546/1/478 547/1/478 548/1/478
f 542/1/479 549/1/479 553/1/479
f 538/1/480 554/1/480 552/1/480
f 553/1/481 555/1/481 556/1/481
f 555/1/482 554/1/482 556/1/482
f 537/2/483 561/2/483 557/2/483
f 551/1/484 558/1/484 562/1/484
f 559/1/485 546/1/485 577/1/485
f 550/1/486 560/1/486 565/1/486
f 563/1/487 547/1/487 566/1/487
f 543/1/488 564/1/488 568/1/488
f 562/1/489 557/1/489 561/1/489
f 560/1/490 566/1/490 565/1/490
f 503/1/491 494/1/491 504/1/491
f 568/1/492 569/1/492 570/1/492
f 567/1/493 570/1/493 569/1/493
f 888/2/494 890/2/494 891/2/494
f 358/2/495 355/2/495 352/2/495
f 576/1/496 577/1/496 526/1/496
f 583/1/497 584/1/497 585/1/497
f 584/1/498 582/1/498 585/1/498
f 576/1/499 572/1/499 581/1/499
f 521/1/459 541/1/459 525/1/459
f 576/1/500 526/1/500 585/1/500
f 526/1/501 574/1/501 585/1/501
f 579/1/502 570/1/502 571/1/502
f 578/1/503 572/1/503 582/1/503
f 567/1/504 579/1/504 571/1/504
f 580/1/505 581/1/505 572/1/505
f 581/2/506 559/2/506 576/2/506
f 567/1/507 559/1/507 581/1/507
f 575/2/508 584/2/508 573/2/508
f 584/1/509 574/1/509 573/1/509
f 575/2/510 582/2/510 584/2/510
f 576/1/511 582/1/511 572/1/511
f 574/1/512 583/1/512 585/1/512
f 587/1/513 598/1/513 599/1/513
f 587/1/514 600/1/514 588/1/514
f 588/1/515 601/1/515 589/1/515
f 590/1/516 601/1/516 602/1/516
f 591/1/517 602/1/517 603/1/517
f 591/1/518 604/1/518 592/1/518
f 593/2/519 604/2/519 605/2/519
f 593/4/520 606/4/520 594/4/520
f 594/2/521 607/2/521 595/2/521
f 596/1/522 607/1/522 608/1/522
f 597/1/523 608/1/523 609/1/523
f 597/1/524 598/1/524 586/1/524
f 599/1/525 610/1/525 611/1/525
f 599/1/526 612/1/526 600/1/526
f 600/1/527 613/1/527 601/1/527
f 602/1/528 613/1/528 614/1/528
f 603/1/529 614/1/529 615/1/529
f 603/1/530 616/1/530 604/1/530
f 605/1/531 616/1/531 617/1/531
f 606/4/532 617/4/532 618/4/532
f 606/2/533 619/2/533 607/2/533
f 608/1/534 619/1/534 620/1/534
f 608/1/535 621/1/535 609/1/535
f 598/1/536 621/1/536 610/1/536
f 623/2/537 610/2/537 622/2/537
f 623/1/538 612/1/538 611/1/538
f 625/2/539 612/2/539 624/2/539
f 626/2/540 613/2/540 625/2/540
f 626/2/541 615/2/541 614/2/541
f 627/2/542 616/2/542 615/2/542
f 629/2/543 616/2/543 628/2/543
f 630/1/544 617/1/544 629/1/544
f 630/1/545 619/1/545 618/1/545
f 631/1/546 620/1/546 619/1/546
f 632/1/547 621/1/547 620/1/547
f 633/1/548 610/1/548 621/1/548
f 635/1/549 622/1/549 634/1/549
f 635/1/550 624/1/550 623/1/550
f 636/2/551 625/2/551 624/2/551
f 626/2/552 637/2/552 665/2/552
f 627/2/553 665/2/553 638/2/553
f 638/2/554 628/2/554 627/2/554
f 640/1/555 628/1/555 639/1/555
f 640/2/556 630/2/556 629/2/556
f 642/1/557 630/1/557 641/1/557
f 643/1/558 631/1/558 642/1/558
f 643/1/559 633/1/559 632/1/559
f 644/1/560 622/1/560 633/1/560
f 634/1/561 646/1/561 635/1/561
f 636/1/562 646/1/562 655/1/562
f 636/1/563 647/1/563 637/1/563
f 639/1/564 649/1/564 659/1/564
f 639/1/565 650/1/565 640/1/565
f 640/1/566 651/1/566 641/1/566
f 642/1/567 651/1/567 652/1/567
f 643/1/568 652/1/568 663/1/568
f 643/1/569 653/1/569 644/1/569
f 644/1/570 645/1/570 634/1/570
f 637/2/571 648/2/571 665/2/571
f 649/2/572 665/2/572 648/2/572
f 655/1/573 646/1/573 654/1/573
f 656/2/574 648/2/574 647/2/574
f 658/1/575 648/1/575 657/1/575
f 659/1/576 649/1/576 658/1/576
f 660/1/577 651/1/577 650/1/577
f 662/1/578 651/1/578 661/1/578
f 663/1/579 652/1/579 662/1/579
f 664/1/580 645/1/580 653/1/580
f 760/1/581 731/1/581 749/1/581
f 711/1/582 731/1/582 756/1/582
f 66/1/583 172/1/583 156/1/583
f 656/1/584 655/1/584 701/1/584
f 664/2/585 674/2/585 669/2/585
f 660/1/586 681/1/586 661/1/586
f 657/1/587 656/1/587 698/1/587
f 664/1/588 673/1/588 674/1/588
f 662/1/589 661/1/589 683/1/589
f 970/1/590 977/1/590 978/1/590
f 658/1/591 687/1/591 659/1/591
f 677/1/592 672/1/592 664/1/592
f 654/2/593 645/2/593 671/2/593
f 654/1/594 699/1/594 655/1/594
f 680/1/595 675/1/595 663/1/595
f 659/1/596 684/1/596 660/1/596
f 667/1/597 703/1/597 702/1/597
f 670/1/598 703/1/598 671/1/598
f 740/1/599 703/1/599 670/1/599
f 674/2/600 704/2/600 669/2/600
f 673/4/601 705/4/601 674/4/601
f 741/1/602 705/1/602 673/1/602
f 672/1/603 707/1/603 706/1/603
f 676/1/604 707/1/604 677/1/604
f 742/2/605 707/2/605 676/2/605
f 680/1/606 708/1/606 675/1/606
f 679/1/607 709/1/607 680/1/607
f 679/1/608 730/1/608 709/1/608
f 678/1/609 711/1/609 710/1/609
f 682/1/610 711/1/610 683/1/610
f 754/1/611 711/1/611 682/1/611
f 686/1/612 712/1/612 681/1/612
f 685/1/613 713/1/613 686/1/613
f 750/1/614 713/1/614 685/1/614
f 684/1/615 715/1/615 714/1/615
f 688/1/616 715/1/616 689/1/616
f 751/1/617 715/1/617 688/1/617
f 692/1/618 716/1/618 687/1/618
f 691/1/619 717/1/619 692/1/619
f 691/1/620 748/1/620 717/1/620
f 695/1/621 718/1/621 690/1/621
f 694/1/622 719/1/622 695/1/622
f 744/1/623 719/1/623 694/1/623
f 693/1/624 721/1/624 720/1/624
f 697/1/625 721/1/625 698/1/625
f 755/1/626 721/1/626 697/1/626
f 701/1/627 722/1/627 696/1/627
f 700/1/628 723/1/628 701/1/628
f 745/1/629 723/1/629 700/1/629
f 699/2/630 724/2/630 725/2/630
f 668/1/631 724/1/631 666/1/631
f 739/1/632 724/1/632 668/1/632
f 739/1/633 702/1/633 726/1/633
f 740/2/634 704/2/634 727/2/634
f 741/1/635 706/1/635 728/1/635
f 742/1/636 708/1/636 729/1/636
f 743/1/637 710/1/637 756/1/637
f 733/1/638 694/1/638 720/1/638
f 755/1/639 722/1/639 735/1/639
f 745/2/640 725/2/640 738/2/640
f 754/1/641 712/1/641 746/1/641
f 750/1/642 714/1/642 747/1/642
f 751/1/643 716/1/643 748/1/643
f 746/1/644 749/1/644 754/1/644
f 731/1/645 754/1/645 749/1/645
f 933/1/646 893/1/646 957/1/646
f 770/2/104 768/2/104 771/2/104
f 757/1/647 746/1/647 747/1/647
f 761/1/648 742/1/648 729/1/648
f 738/2/649 736/2/649 745/2/649
f 734/2/650 755/2/650 735/2/650
f 735/2/651 737/2/651 734/2/651
f 761/1/652 762/1/652 728/1/652
f 760/1/653 730/1/653 743/1/653
f 760/1/654 729/1/654 730/1/654
f 761/1/655 728/1/655 742/1/655
f 752/1/656 691/1/656 718/1/656
f 758/2/657 753/2/657 732/2/657
f 744/2/658 758/2/658 732/2/658
f 733/2/659 758/2/659 744/2/659
f 734/2/660 759/2/660 733/2/660
f 737/1/661 759/1/661 734/1/661
f 760/2/662 757/2/662 758/2/662
f 758/1/663 761/1/663 760/1/663
f 762/1/664 759/1/664 737/1/664
f 764/1/665 763/1/665 768/1/665
f 766/1/666 765/1/666 767/1/666
f 770/2/667 769/2/667 776/2/667
f 773/1/668 772/1/668 810/1/668
f 401/2/669 276/2/669 359/2/669
f 775/2/670 771/2/670 779/2/670
f 777/1/671 768/1/671 787/1/671
f 778/2/672 767/2/672 789/2/672
f 781/1/673 780/1/673 783/1/673
f 784/1/674 782/1/674 786/1/674
f 785/1/675 776/1/675 790/1/675
f 788/1/676 783/1/676 791/1/676
f 793/1/677 792/1/677 796/1/677
f 775/1/678 795/1/678 802/1/678
f 797/1/679 796/1/679 800/1/679
f 784/1/680 798/1/680 803/1/680
f 799/1/681 794/1/681 801/1/681
f 788/1/682 799/1/682 801/1/682
f 804/1/683 787/1/683 816/1/683
f 805/1/684 790/1/684 808/1/684
f 797/1/685 806/1/685 807/1/685
f 815/1/104 806/1/104 818/1/104
f 772/2/686 811/2/686 810/2/686
f 453/1/687 442/1/687 480/1/687
f 814/2/688 789/2/688 820/2/688
f 807/1/689 815/1/689 809/1/689
f 805/1/690 809/1/690 815/1/690
f 803/1/691 817/1/691 818/1/691
f 802/1/692 819/1/692 821/1/692
f 804/1/693 818/1/693 817/1/693
f 822/1/694 821/1/694 819/1/694
f 812/1/695 822/1/695 811/1/695
f 824/1/696 810/1/696 827/1/696
f 658/1/697 657/1/697 695/1/697
f 810/2/698 829/2/698 827/2/698
f 832/1/699 831/1/699 835/1/699
f 830/1/700 833/1/700 834/1/700
f 811/1/701 836/1/701 829/1/701
f 840/1/702 839/1/702 842/1/702
f 838/2/703 841/2/703 845/2/703
f 834/1/704 843/1/704 852/1/704
f 835/4/705 844/4/705 855/4/705
f 848/1/706 847/1/706 849/1/706
f 846/1/707 850/1/707 853/1/707
f 842/2/708 851/2/708 856/2/708
f 849/1/709 854/1/709 857/1/709
f 858/1/710 841/1/710 872/1/710
f 861/1/711 860/1/711 862/1/711
f 862/2/712 863/2/712 867/2/712
f 859/1/713 864/1/713 866/1/713
f 865/2/714 850/2/714 869/2/714
f 863/1/715 854/1/715 867/1/715
f 856/2/716 870/2/716 875/2/716
f 871/1/717 864/1/717 874/1/717
f 852/2/718 873/2/718 880/2/718
f 950/1/719 949/1/719 958/1/719
f 855/2/720 878/2/720 883/2/720
f 879/1/721 874/1/721 877/1/721
f 877/1/722 870/1/722 879/1/722
f 881/2/723 869/2/723 882/2/723
f 825/1/724 872/1/724 884/1/724
f 882/2/725 873/2/725 881/2/725
f 836/1/726 825/1/726 884/1/726
f 886/1/727 885/1/727 889/1/727
f 887/2/728 886/2/728 889/2/728
f 885/1/729 955/1/729 898/1/729
f 79/1/730 21/1/730 169/1/730
f 896/1/731 895/1/731 899/1/731
f 897/1/732 894/1/732 900/1/732
f 902/1/733 901/1/733 906/1/733
f 904/1/734 903/1/734 905/1/734
f 955/1/735 907/1/735 898/1/735
f 908/1/736 899/1/736 922/1/736
f 910/1/737 909/1/737 915/1/737
f 912/1/738 910/1/738 914/1/738
f 897/1/739 913/1/739 923/1/739
f 902/1/740 916/1/740 919/1/740
f 917/1/741 905/1/741 925/1/741
f 918/1/742 909/1/742 920/1/742
f 921/1/743 914/1/743 927/1/743
f 887/1/744 924/1/744 890/1/744
f 926/1/745 920/1/745 929/1/745
f 919/1/746 928/1/746 930/1/746
f 892/2/747 931/2/747 907/2/747
f 932/1/748 929/1/748 934/1/748
f 930/1/749 932/1/749 934/1/749
f 923/1/750 935/1/750 938/1/750
f 936/1/751 927/1/751 939/1/751
f 937/2/752 925/2/752 942/2/752
f 890/1/753 940/1/753 943/1/753
f 941/3/754 922/3/754 945/3/754
f 938/1/755 936/1/755 939/1/755
f 937/2/756 943/2/756 940/2/756
f 946/1/348 943/1/348 942/1/348
f 946/3/757 945/3/757 947/3/757
f 947/1/758 944/1/758 946/1/758
f 778/1/104 795/1/104 779/1/104
f 792/1/104 791/1/104 783/1/104
f 784/4/104 800/4/104 796/4/104
f 767/2/104 774/2/104 813/2/104
f 816/4/104 785/4/104 805/4/104
f 835/1/348 826/1/348 824/1/348
f 949/1/759 814/1/759 820/1/759
f 838/1/348 831/1/348 830/1/348
f 952/1/760 953/1/760 891/1/760
f 951/1/761 886/1/761 888/1/761
f 953/1/762 951/1/762 888/1/762
f 424/1/763 420/1/763 411/1/763
f 857/2/348 860/2/348 849/2/348
f 880/2/348 879/2/348 870/2/348
f 844/2/348 845/2/348 858/2/348
f 515/2/764 508/2/764 497/2/764
f 952/1/765 893/1/765 892/1/765
f 828/1/766 823/1/766 813/1/766
f 923/1/348 940/1/348 924/1/348
f 905/2/348 903/2/348 894/2/348
f 878/2/767 948/2/767 883/2/767
f 883/2/348 868/2/348 855/2/348
f 469/1/408 465/1/408 460/1/408
f 950/2/104 819/2/104 814/2/104
f 823/1/104 949/1/104 820/1/104
f 848/1/166 860/1/166 859/1/166
f 876/1/768 952/1/768 955/1/768
f 823/1/769 868/1/769 933/1/769
f 891/1/770 957/1/770 952/1/770
f 930/1/348 934/1/348 935/1/348
f 959/2/769 963/2/769 995/2/769
f 967/1/771 960/1/771 974/1/771
f 973/1/772 961/1/772 972/1/772
f 969/1/773 963/1/773 968/1/773
f 971/1/774 966/1/774 970/1/774
f 973/1/348 996/1/348 962/1/348
f 974/2/348 993/2/348 996/2/348
f 996/4/348 994/4/348 962/4/348
f 972/1/775 965/1/775 971/1/775
f 967/2/776 963/2/776 959/2/776
f 981/2/777 968/2/777 967/2/777
f 976/1/778 968/1/778 975/1/778
f 977/1/779 969/1/779 976/1/779
f 980/1/780 972/1/780 979/1/780
f 980/2/781 974/2/781 973/2/781
f 975/2/782 982/2/782 983/2/782
f 975/1/783 984/1/783 976/1/783
f 976/1/784 985/1/784 977/1/784
f 977/1/785 986/1/785 978/1/785
f 978/1/786 987/1/786 979/1/786
f 979/1/787 988/1/787 980/1/787
f 980/2/788 989/2/788 981/2/788
f 964/1/769 990/1/769 963/1/769
f 962/2/769 994/2/769 961/2/769
f 950/1/789 891/1/789 837/1/789
f 892/1/790 955/1/790 952/1/790
f 876/1/791 951/1/791 952/1/791
f 990/1/792 992/1/792 991/1/792
f 992/1/793 966/1/793 991/1/793
f 969/1/794 990/1/794 964/1/794
f 969/1/795 970/1/795 992/1/795
f 992/1/796 970/1/796 966/1/796
f 994/1/797 996/1/797 995/1/797
f 996/1/798 993/1/798 995/1/798
f 961/1/769 994/1/769 965/1/769
f 2/1/799 3/1/799 4/1/799
f 4/2/800 3/2/800 5/2/800
f 1/1/801 135/1/801 34/1/801
f 5/2/802 7/2/802 8/2/802
f 7/2/803 38/2/803 137/2/803
f 9/2/804 10/2/804 137/2/804
f 12/1/805 11/1/805 34/1/805
f 10/2/806 9/2/806 17/2/806
f 14/1/807 13/1/807 11/1/807
f 13/1/808 14/1/808 16/1/808
f 16/1/809 24/1/809 23/1/809
f 18/2/810 17/2/810 49/2/810
f 19/2/811 20/2/811 21/2/811
f 24/1/812 28/1/812 27/1/812
f 26/2/813 148/2/813 49/2/813
f 26/2/814 25/2/814 55/2/814
f 27/2/815 28/2/815 152/2/815
f 30/1/816 53/1/816 152/1/816
f 29/1/817 153/1/817 61/1/817
f 3/2/818 2/2/818 31/2/818
f 32/2/21 164/2/21 151/2/21
f 5/1/819 3/1/819 31/1/819
f 31/2/820 2/2/820 34/2/820
f 32/2/821 67/2/821 154/2/821
f 79/1/822 169/1/822 86/1/822
f 41/2/823 13/2/823 15/2/823
f 11/1/824 13/1/824 41/1/824
f 37/2/825 38/2/825 7/2/825
f 37/2/826 9/2/826 38/2/826
f 34/2/827 11/2/827 39/2/827
f 40/2/828 7/2/828 5/2/828
f 42/1/829 61/1/829 153/1/829
f 41/2/830 15/2/830 23/2/830
f 17/2/831 9/2/831 37/2/831
f 171/1/832 172/1/832 44/1/832
f 42/1/833 43/1/833 155/1/833
f 47/2/834 154/2/834 67/2/834
f 49/1/835 17/1/835 45/1/835
f 46/2/836 56/2/836 57/2/836
f 51/1/837 73/1/837 155/1/837
f 27/1/838 53/1/838 58/1/838
f 54/1/839 25/1/839 49/1/839
f 58/1/840 53/1/840 30/1/840
f 57/1/841 56/1/841 80/1/841
f 60/1/842 64/1/842 63/1/842
f 32/1/843 55/1/843 54/1/843
f 58/1/844 30/1/844 61/1/844
f 64/1/845 157/1/845 69/1/845
f 65/1/846 66/1/846 156/1/846
f 52/1/847 61/1/847 42/1/847
f 65/1/848 90/1/848 158/1/848
f 68/1/849 35/1/849 96/1/849
f 67/1/850 62/1/850 71/1/850
f 72/1/851 52/1/851 42/1/851
f 74/1/852 72/1/852 73/1/852
f 76/2/853 77/2/853 158/2/853
f 77/2/854 76/2/854 81/2/854
f 78/1/855 96/1/855 35/1/855
f 80/1/856 56/1/856 71/1/856
f 74/1/857 51/1/857 59/1/857
f 81/2/858 106/2/858 170/2/858
f 84/1/859 83/1/859 78/1/859
f 80/1/860 75/1/860 82/1/860
f 87/1/861 83/1/861 84/1/861
f 95/1/862 85/1/862 63/1/862
f 65/1/863 82/1/863 89/1/863
f 92/1/864 170/1/864 106/1/864
f 93/1/865 130/1/865 169/1/865
f 91/3/866 120/3/866 159/3/866
f 81/2/867 76/2/867 89/2/867
f 95/1/868 69/1/868 96/1/868
f 98/2/869 97/2/869 132/2/869
f 101/1/870 102/1/870 161/1/870
f 107/1/871 96/1/871 78/1/871
f 104/1/872 141/1/872 161/1/872
f 104/1/873 105/1/873 162/1/873
f 109/2/874 160/2/874 132/2/874
f 109/2/875 108/2/875 139/2/875
f 70/2/876 110/2/876 113/2/876
f 123/1/877 107/1/877 78/1/877
f 106/1/878 88/1/878 111/1/878
f 113/2/879 145/2/879 167/2/879
f 115/1/880 149/1/880 168/1/880
f 118/1/881 117/1/881 142/1/881
f 120/3/882 91/3/882 111/3/882
f 121/2/883 122/2/883 166/2/883
f 118/1/884 168/1/884 149/1/884
f 124/1/885 147/1/885 165/1/885
f 126/2/886 127/2/886 122/2/886
f 129/2/887 128/2/887 146/2/887
f 97/3/888 120/3/888 111/3/888
f 123/1/889 87/1/889 130/1/889
f 128/2/890 129/2/890 167/2/890
f 132/3/891 97/3/891 100/3/891
f 136/1/892 133/1/892 93/1/892
f 132/2/893 100/2/893 140/2/893
f 52/1/894 134/1/894 48/1/894
f 71/1/895 62/1/895 75/1/895
f 62/1/896 134/1/896 88/1/896
f 75/1/897 62/1/897 88/1/897
f 134/1/898 150/1/898 99/1/898
f 82/1/899 75/1/899 88/1/899
f 134/1/900 99/1/900 88/1/900
f 99/1/901 144/1/901 119/1/901
f 88/1/902 89/1/902 82/1/902
f 111/1/903 88/1/903 100/1/903
f 112/1/904 88/1/904 99/1/904
f 99/1/905 119/1/905 112/1/905
f 88/1/906 112/1/906 100/1/906
f 235/2/102 234/2/102 228/2/102
f 228/2/907 179/2/907 178/2/907
f 231/2/102 235/2/102 228/2/102
f 45/1/908 40/1/908 36/1/908
f 36/1/102 134/1/102 45/1/102
f 134/1/909 62/1/909 45/1/909
f 792/2/104 783/2/104 780/2/104
f 780/2/104 784/2/104 796/2/104
f 110/3/910 139/3/910 140/3/910
f 136/1/911 141/1/911 104/1/911
f 113/2/912 110/2/912 112/2/912
f 138/1/913 104/1/913 142/1/913
f 113/2/914 119/2/914 144/2/914
f 143/1/915 103/1/915 142/1/915
f 115/1/916 131/1/916 143/1/916
f 121/2/917 146/2/917 99/2/917
f 144/1/918 99/1/918 146/1/918
f 131/1/919 115/1/919 147/1/919
f 128/2/920 145/2/920 144/2/920
f 143/1/921 117/1/921 149/1/921
f 121/2/922 99/2/922 150/2/922
f 150/1/923 134/1/923 147/1/923
f 59/2/924 51/2/924 50/2/924
f 130/1/925 87/1/925 86/1/925
f 93/1/926 94/1/926 102/1/926
f 159/2/927 120/2/927 97/2/927
f 116/1/928 165/1/928 147/1/928
f 124/2/929 125/2/929 127/2/929
f 110/2/930 70/2/930 163/2/930
f 170/2/931 92/2/931 159/2/931
f 709/1/932 730/1/932 708/1/932
f 730/1/933 729/1/933 708/1/933
f 154/1/934 172/1/934 20/1/934
f 19/1/935 1/1/935 4/1/935
f 19/1/936 22/1/936 12/1/936
f 24/1/937 12/1/937 22/1/937
f 114/1/938 167/1/938 129/1/938
f 50/1/939 155/1/939 43/1/939
f 171/1/940 70/1/940 114/1/940
f 168/2/136 118/2/136 162/2/136
f 773/1/941 824/1/941 826/1/941
f 826/1/942 774/1/942 773/1/942
f 94/1/943 169/1/943 21/1/943
f 21/1/944 20/1/944 172/1/944
f 19/1/945 6/1/945 8/1/945
f 828/1/142 813/1/142 774/1/142
f 18/1/143 8/1/143 137/1/143
f 26/1/144 151/1/144 164/1/144
f 160/1/946 109/1/946 163/1/946
f 160/2/947 44/2/947 170/2/947
f 66/1/149 158/1/149 77/1/149
f 156/1/948 154/1/948 47/1/948
f 122/1/949 165/1/949 171/1/949
f 127/2/950 125/2/950 165/2/950
f 116/2/951 162/2/951 105/2/951
f 105/1/136 161/1/136 102/1/136
f 28/1/952 153/1/952 29/1/952
f 24/1/156 16/1/156 14/1/156
f 64/2/953 35/2/953 68/2/953
f 22/2/954 35/2/954 64/2/954
f 43/1/955 153/1/955 22/1/955
f 234/1/956 236/1/956 173/1/956
f 204/2/957 203/2/957 202/2/957
f 233/3/102 235/3/102 230/3/102
f 235/3/102 231/3/102 230/3/102
f 230/3/102 177/3/102 233/3/102
f 211/1/102 208/1/102 199/1/102
f 210/1/958 197/1/958 196/1/958
f 212/1/959 195/1/959 194/1/959
f 217/1/102 214/1/102 193/1/102
f 216/1/960 191/1/960 190/1/960
f 221/1/102 218/1/102 189/1/102
f 220/1/961 187/1/961 186/1/961
f 846/1/348 853/1/348 841/1/348
f 840/1/166 842/1/166 847/1/166
f 846/1/166 841/1/166 840/1/166
f 234/5/102 205/5/102 204/5/102
f 235/1/102 233/1/102 232/1/102
f 232/1/962 175/1/962 174/1/962
f 224/2/963 183/2/963 182/2/963
f 224/2/102 182/2/102 227/2/102
f 185/2/964 184/2/964 222/2/964
f 184/2/102 225/2/102 222/2/102
f 225/2/102 224/2/102 227/2/102
f 226/2/102 181/2/102 180/2/102
f 225/2/102 227/2/102 222/2/102
f 227/2/102 226/2/102 222/2/102
f 220/2/102 223/2/102 222/2/102
f 218/2/102 221/2/102 220/2/102
f 216/2/102 219/2/102 218/2/102
f 214/2/102 217/2/102 218/2/102
f 217/2/102 216/2/102 218/2/102
f 212/2/965 215/2/965 214/2/965
f 210/2/102 213/2/102 214/2/102
f 213/2/102 212/2/102 214/2/102
f 208/2/102 211/2/102 210/2/102
f 201/2/966 200/2/966 209/2/966
f 209/2/102 208/2/102 210/2/102
f 218/2/102 220/2/102 222/2/102
f 226/2/102 180/2/102 229/2/102
f 229/2/102 234/2/102 207/2/102
f 206/2/102 201/2/102 209/2/102
f 229/2/102 207/2/102 209/2/102
f 207/2/102 206/2/102 209/2/102
f 222/2/102 226/2/102 229/2/102
f 214/2/102 218/2/102 222/2/102
f 209/2/102 210/2/102 229/2/102
f 210/2/102 214/2/102 229/2/102
f 825/1/167 819/1/167 891/1/167
f 237/1/967 234/1/967 235/1/967
f 238/2/170 235/2/170 174/2/170
f 241/1/173 240/1/173 232/1/173
f 241/1/968 233/1/968 176/1/968
f 177/3/969 242/3/969 176/3/969
f 243/1/174 242/1/174 177/1/174
f 244/3/175 243/3/175 230/3/175
f 244/2/176 231/2/176 178/2/176
f 246/2/970 228/2/970 229/2/970
f 247/2/971 229/2/971 180/2/971
f 180/2/972 181/2/972 249/2/972
f 250/1/973 249/1/973 181/1/973
f 250/1/974 226/1/974 227/1/974
f 251/4/184 227/4/184 182/4/184
f 253/1/187 224/1/187 225/1/187
f 254/2/975 225/2/975 184/2/975
f 256/1/976 222/1/976 223/1/976
f 257/1/977 223/1/977 186/1/977
f 260/1/195 259/1/195 220/1/195
f 260/2/978 221/2/978 188/2/978
f 188/1/979 189/1/979 261/1/979
f 262/1/980 261/1/980 189/1/980
f 262/1/197 218/1/197 219/1/197
f 263/1/981 219/1/981 190/1/981
f 266/1/982 265/1/982 216/1/982
f 266/1/983 217/1/983 192/1/983
f 193/1/984 267/1/984 192/1/984
f 268/1/202 267/1/202 193/1/202
f 215/1/985 268/1/985 214/1/985
f 271/1/206 270/1/206 212/1/206
f 271/1/207 213/1/207 196/1/207
f 274/1/986 273/1/986 210/1/986
f 274/1/987 211/1/987 198/1/987
f 198/2/988 199/2/988 275/2/988
f 276/3/211 275/3/211 199/3/211
f 276/3/989 208/3/989 209/3/989
f 277/2/990 209/2/990 200/2/990
f 200/2/991 201/2/991 278/2/991
f 279/4/992 278/4/992 201/4/992
f 279/2/993 206/2/993 207/2/993
f 280/2/215 207/2/215 202/2/215
f 282/1/994 204/1/994 205/1/994
f 283/1/995 205/1/995 173/1/995
f 285/1/996 384/1/996 287/1/996
f 284/2/997 236/2/997 342/2/997
f 175/4/998 336/4/998 338/4/998
f 176/2/999 242/2/999 329/2/999
f 245/2/1000 179/2/1000 323/2/1000
f 249/2/1001 317/2/1001 319/2/1001
f 252/1/1002 183/1/1002 311/1/1002
f 255/2/1003 185/2/1003 305/2/1003
f 264/1/1004 191/1/1004 286/1/1004
f 192/2/1005 267/2/1005 380/2/1005
f 269/3/1006 195/3/1006 374/3/1006
f 395/1/1007 367/1/1007 369/1/1007
f 401/2/1008 360/2/1008 362/2/1008
f 278/1/1009 354/1/1009 356/1/1009
f 281/1/1010 203/1/1010 348/1/1010
f 342/2/1011 236/2/1011 237/2/1011
f 175/2/1012 240/2/1012 334/2/1012
f 329/2/1013 242/2/1013 243/2/1013
f 323/2/1014 179/2/1014 246/2/1014
f 249/2/1015 250/2/1015 316/2/1015
f 311/1/1016 183/1/1016 253/1/1016
f 305/2/1017 185/2/1017 256/2/1017
f 390/4/1018 187/4/1018 259/4/1018
f 286/2/1019 191/2/1019 265/2/1019
f 380/3/1020 267/3/1020 268/3/1020
f 195/3/1021 270/3/1021 372/3/1021
f 367/1/1022 395/1/1022 396/1/1022
f 372/2/1023 270/2/1023 393/2/1023
f 270/2/1024 271/2/1024 393/2/1024
f 278/1/1025 279/1/1025 353/1/1025
f 348/1/1026 203/1/1026 282/1/1026
f 283/2/1027 284/2/1027 344/2/1027
f 282/2/1028 283/2/1028 345/2/1028
f 351/1/1029 280/1/1029 281/1/1029
f 279/1/1030 280/1/1030 351/1/1030
f 277/1/1031 200/1/1031 356/1/1031
f 359/2/1032 276/2/1032 277/2/1032
f 363/2/1033 397/2/1033 399/2/1033
f 365/4/1034 396/4/1034 397/4/1034
f 370/1/1035 393/1/1035 394/1/1035
f 148/1/1036 164/1/1036 20/1/1036
f 20/1/1037 8/1/1037 18/1/1037
f 377/3/1038 215/3/1038 269/3/1038
f 268/3/1039 215/3/1039 377/3/1039
f 266/2/1040 192/2/1040 382/2/1040
f 383/2/1041 285/2/1041 265/2/1041
f 289/1/1042 263/1/1042 264/1/1042
f 291/1/1043 262/1/1043 263/1/1043
f 386/1/1044 391/1/1044 392/1/1044
f 301/2/1045 257/2/1045 258/2/1045
f 303/2/1046 256/2/1046 257/2/1046
f 254/2/1047 255/2/1047 307/2/1047
f 253/2/1048 254/2/1048 308/2/1048
f 251/1/1049 252/1/1049 313/1/1049
f 316/1/1050 250/1/1050 251/1/1050
f 320/2/1051 247/2/1051 248/2/1051
f 246/2/1052 247/2/1052 320/2/1052
f 326/2/1053 244/2/1053 245/2/1053
f 243/2/1054 244/2/1054 326/2/1054
f 241/1/1055 176/1/1055 331/1/1055
f 334/1/1056 240/1/1056 241/1/1056
f 238/2/1057 239/2/1057 338/2/1057
f 237/2/1058 238/2/1058 339/2/1058
f 287/1/1059 290/1/1059 289/1/1059
f 291/1/1060 290/1/1060 293/1/1060
f 293/1/1061 296/1/1061 295/1/1061
f 297/1/1062 296/1/1062 299/1/1062
f 299/1/1063 302/1/1063 301/1/1063
f 301/1/1064 302/1/1064 304/1/1064
f 303/2/1065 304/2/1065 306/2/1065
f 306/1/1066 309/1/1066 308/1/1066
f 310/3/1067 309/3/1067 312/3/1067
f 312/1/1068 315/1/1068 314/1/1068
f 316/1/1069 315/1/1069 318/1/1069
f 318/1/1070 321/1/1070 320/1/1070
f 322/1/1071 321/1/1071 324/1/1071
f 324/1/1072 327/1/1072 326/1/1072
f 328/1/1073 327/1/1073 330/1/1073
f 330/2/1074 333/2/1074 332/2/1074
f 332/1/1075 333/1/1075 335/1/1075
f 334/1/1076 335/1/1076 337/1/1076
f 337/1/1077 340/1/1077 339/1/1077
f 341/1/1078 340/1/1078 343/1/1078
f 343/2/1079 346/2/1079 345/2/1079
f 347/2/1080 346/2/1080 349/2/1080
f 349/2/1081 352/2/1081 351/2/1081
f 353/2/1082 352/2/1082 355/2/1082
f 355/2/1083 358/2/1083 357/2/1083
f 359/2/1084 358/2/1084 361/2/1084
f 361/1/1085 364/1/1085 363/1/1085
f 363/1/1086 364/1/1086 366/1/1086
f 365/1/1087 366/1/1087 368/1/1087
f 368/1/1088 371/1/1088 370/1/1088
f 370/1/1089 371/1/1089 373/1/1089
f 372/1/1090 373/1/1090 375/1/1090
f 375/1/1091 378/1/1091 377/1/1091
f 379/1/1092 378/1/1092 381/1/1092
f 381/1/1093 384/1/1093 383/1/1093
f 384/1/1094 285/1/1094 383/1/1094
f 296/1/1095 346/1/1095 340/1/1095
f 302/1/1096 299/1/1096 296/1/1096
f 304/1/1097 302/1/1097 309/1/1097
f 302/1/1098 296/1/1098 309/1/1098
f 296/1/1099 340/1/1099 309/1/1099
f 340/1/1100 346/1/1100 343/1/1100
f 340/1/1101 337/1/1101 335/1/1101
f 309/1/1102 306/1/1102 304/1/1102
f 340/1/1103 335/1/1103 333/1/1103
f 333/1/1104 330/1/1104 327/1/1104
f 340/1/1105 333/1/1105 327/1/1105
f 309/1/1097 340/1/1097 321/1/1097
f 321/1/1106 340/1/1106 327/1/1106
f 312/1/1107 309/1/1107 315/1/1107
f 327/1/1108 324/1/1108 321/1/1108
f 309/1/1109 321/1/1109 315/1/1109
f 318/1/1110 315/1/1110 321/1/1110
f 873/2/348 843/2/348 836/2/348
f 843/2/348 829/2/348 836/2/348
f 872/2/348 841/2/348 853/2/348
f 872/2/348 853/2/348 865/2/348
f 872/2/348 865/2/348 881/2/348
f 881/2/166 873/2/166 836/2/166
f 884/2/348 872/2/348 881/2/348
f 385/1/1111 259/1/1111 260/1/1111
f 388/1/1112 260/1/1112 188/1/1112
f 261/1/1113 292/1/1113 389/1/1113
f 387/1/1114 389/1/1114 294/1/1114
f 297/1/1115 386/1/1115 387/1/1115
f 298/1/1116 390/1/1116 386/1/1116
f 391/1/1117 385/1/1117 388/1/1117
f 292/1/1118 261/1/1118 262/1/1118
f 390/2/1119 298/2/1119 300/2/1119
f 395/3/1120 405/3/1120 406/3/1120
f 396/3/1121 406/3/1121 407/3/1121
f 398/1/1122 274/1/1122 198/1/1122
f 275/2/1123 401/2/1123 400/2/1123
f 399/3/1124 397/3/1124 407/3/1124
f 393/2/1125 271/2/1125 272/2/1125
f 197/2/1126 403/2/1126 402/2/1126
f 403/2/1127 197/2/1127 273/2/1127
f 404/2/1128 273/2/1128 274/2/1128
f 405/3/1129 403/3/1129 404/3/1129
f 406/1/1130 404/1/1130 398/1/1130
f 407/1/1131 398/1/1131 400/1/1131
f 410/1/1132 409/1/1132 416/1/1132
f 421/1/1133 415/1/1133 412/1/1133
f 414/1/1134 409/1/1134 408/1/1134
f 419/1/1097 416/1/1097 409/1/1097
f 422/1/1135 423/1/1135 413/1/1135
f 415/2/1136 421/2/1136 422/2/1136
f 410/1/1133 417/1/1133 421/1/1133
f 422/2/1137 421/2/1137 417/2/1137
f 422/1/1138 419/1/1138 414/1/1138
f 424/1/1139 423/1/1139 414/1/1139
f 424/1/1140 411/1/1140 425/1/1140
f 427/2/1141 428/2/1141 426/2/1141
f 478/1/1142 481/1/1142 432/1/1142
f 429/1/1143 426/1/1143 450/1/1143
f 434/1/1144 451/1/1144 430/1/1144
f 435/1/1145 432/1/1145 437/1/1145
f 465/1/1146 467/1/1146 440/1/1146
f 468/2/1147 470/2/1147 449/2/1147
f 428/3/397 442/3/397 443/3/397
f 447/2/1148 446/2/1148 448/2/1148
f 431/2/1149 427/2/1149 429/2/1149
f 440/2/1150 448/2/1150 446/2/1150
f 429/1/409 433/1/409 434/1/409
f 442/2/1151 428/2/1151 479/2/1151
f 481/1/1152 482/1/1152 436/1/1152
f 477/2/1153 454/2/1153 456/2/1153
f 438/1/1154 452/1/1154 453/1/1154
f 439/1/405 437/1/405 432/1/405
f 458/3/1155 459/3/1155 457/3/1155
f 452/1/1156 438/1/1156 466/1/1156
f 440/1/408 467/1/408 468/1/408
f 425/1/102 411/1/102 418/1/102
f 411/1/102 412/1/102 418/1/102
f 412/1/102 415/1/102 418/1/102
f 443/2/409 463/2/409 450/2/409
f 445/2/1157 464/2/1157 448/2/1157
f 441/1/411 446/1/411 461/1/411
f 444/1/1158 449/1/1158 448/1/1158
f 451/2/1159 434/2/1159 433/2/1159
f 447/2/414 462/2/414 461/2/414
f 131/1/102 134/1/102 103/1/102
f 134/1/1160 52/1/1160 85/1/1160
f 103/1/1161 143/1/1161 131/1/1161
f 138/1/1162 103/1/1162 133/1/1162
f 133/1/1163 85/1/1163 107/1/1163
f 134/1/908 85/1/908 103/1/908
f 52/1/1164 72/1/1164 85/1/1164
f 72/1/1165 74/1/1165 85/1/1165
f 85/1/1166 95/1/1166 107/1/1166
f 103/1/1162 85/1/1162 133/1/1162
f 133/1/1167 136/1/1167 138/1/1167
f 107/1/1168 123/1/1168 133/1/1168
f 445/3/1169 459/3/1169 464/3/1169
f 459/3/415 458/3/415 464/3/415
f 458/3/415 462/3/415 464/3/415
f 461/1/102 462/1/102 458/1/102
f 458/1/102 456/1/102 452/1/102
f 456/1/102 454/1/102 453/1/102
f 452/1/102 456/1/102 453/1/102
f 454/1/102 443/1/102 442/1/102
f 442/1/102 453/1/102 454/1/102
f 452/1/102 460/1/102 458/1/102
f 437/1/1170 472/1/1170 466/1/1170
f 472/1/408 437/1/408 439/1/408
f 476/1/1171 475/1/1171 472/1/1171
f 854/2/348 847/2/348 842/2/348
f 842/2/348 856/2/348 854/2/348
f 856/2/348 875/2/348 867/2/348
f 854/2/166 856/2/166 867/2/166
f 875/2/348 877/2/348 867/2/348
f 877/2/348 874/2/348 867/2/348
f 874/2/348 864/2/348 867/2/348
f 864/2/348 861/2/348 862/2/348
f 474/2/1172 471/2/1172 487/2/1172
f 471/2/1173 436/2/1173 487/2/1173
f 487/2/1174 459/2/1174 449/2/1174
f 459/2/1175 445/2/1175 449/2/1175
f 449/2/1176 470/2/1176 487/2/1176
f 473/2/1177 474/2/1177 487/2/1177
f 427/3/1178 484/3/1178 479/3/1178
f 483/2/1179 484/2/1179 427/2/1179
f 483/1/1180 431/1/1180 430/1/1180
f 481/1/1181 485/1/1181 482/1/1181
f 384/1/1182 381/1/1182 378/1/1182
f 287/1/1183 384/1/1183 290/1/1183
f 378/1/1184 375/1/1184 373/1/1184
f 384/1/1185 378/1/1185 290/1/1185
f 290/1/1186 378/1/1186 371/1/1186
f 366/1/1099 290/1/1099 371/1/1099
f 368/1/1187 366/1/1187 371/1/1187
f 489/1/1188 487/1/1188 436/1/1188
f 436/1/1189 482/1/1189 489/1/1189
f 482/1/1190 485/1/1190 488/1/1190
f 489/1/1191 482/1/1191 488/1/1191
f 485/1/1192 483/1/1192 430/1/1192
f 430/1/1193 451/1/1193 485/1/1193
f 451/1/1194 455/1/1194 488/1/1194
f 485/1/1195 451/1/1195 488/1/1195
f 477/1/1097 457/1/1097 486/1/1097
f 457/1/1097 459/1/1097 486/1/1097
f 455/1/1196 477/1/1196 488/1/1196
f 459/1/1197 487/1/1197 486/1/1197
f 477/1/1198 486/1/1198 488/1/1198
f 486/1/1199 490/1/1199 491/1/1199
f 773/1/1200 774/1/1200 767/1/1200
f 773/1/1201 767/1/1201 765/1/1201
f 808/1/104 790/1/104 801/1/104
f 790/1/104 776/1/104 788/1/104
f 807/1/1202 809/1/1202 801/1/1202
f 809/1/104 808/1/104 801/1/104
f 793/1/1202 797/1/1202 794/1/1202
f 797/1/104 807/1/104 801/1/104
f 801/1/104 794/1/104 797/1/104
f 772/1/1203 773/1/1203 765/1/1203
f 772/1/104 765/1/104 764/1/104
f 788/1/1202 801/1/1202 790/1/1202
f 812/1/104 772/1/104 777/1/104
f 772/1/104 764/1/104 777/1/104
f 781/1/104 788/1/104 776/1/104
f 822/1/1204 812/1/1204 777/1/1204
f 822/1/1205 777/1/1205 804/1/1205
f 781/1/1202 776/1/1202 769/1/1202
f 782/1/104 781/1/104 769/1/104
f 821/1/1206 822/1/1206 817/1/1206
f 822/1/1207 804/1/1207 817/1/1207
f 782/1/104 769/1/104 775/1/104
f 786/1/104 782/1/104 775/1/104
f 802/1/1202 821/1/1202 817/1/1202
f 798/1/1202 786/1/1202 802/1/1202
f 786/1/104 775/1/104 802/1/104
f 490/1/1208 487/1/1208 489/1/1208
f 492/2/1209 493/2/1209 495/2/1209
f 496/2/1210 495/2/1210 493/2/1210
f 492/1/1211 501/1/1211 502/1/1211
f 503/1/1212 495/1/1212 498/1/1212
f 513/1/1213 506/1/1213 507/1/1213
f 499/2/1214 498/2/1214 495/2/1214
f 496/1/1215 497/1/1215 508/1/1215
f 499/1/1216 500/1/1216 512/1/1216
f 506/2/1217 512/2/1217 511/2/1217
f 499/2/1218 496/2/1218 510/2/1218
f 513/1/1219 504/1/1219 498/1/1219
f 504/1/1220 494/1/1220 498/1/1220
f 498/1/1221 512/1/1221 506/1/1221
f 568/1/459 570/1/459 580/1/459
f 522/1/459 524/1/459 531/1/459
f 524/1/459 529/1/459 536/1/459
f 531/1/459 524/1/459 536/1/459
f 529/1/459 538/1/459 536/1/459
f 538/1/459 552/1/459 536/1/459
f 552/1/459 555/1/459 536/1/459
f 555/1/1222 549/1/1222 540/1/1222
f 536/1/459 555/1/459 540/1/459
f 568/1/459 580/1/459 578/1/459
f 543/1/459 568/1/459 575/1/459
f 568/1/459 578/1/459 575/1/459
f 520/1/459 543/1/459 573/1/459
f 543/1/459 575/1/459 573/1/459
f 522/1/459 531/1/459 535/1/459
f 518/1/459 520/1/459 573/1/459
f 539/1/459 522/1/459 535/1/459
f 539/1/459 535/1/459 551/1/459
f 518/1/459 573/1/459 527/1/459
f 519/1/459 518/1/459 546/1/459
f 518/1/459 527/1/459 546/1/459
f 560/1/459 539/1/459 551/1/459
f 560/1/459 551/1/459 562/1/459
f 544/1/459 519/1/459 546/1/459
f 563/1/459 560/1/459 562/1/459
f 563/1/459 562/1/459 561/1/459
f 544/1/459 546/1/459 548/1/459
f 563/1/459 561/1/459 544/1/459
f 505/1/102 507/1/102 515/1/102
f 507/1/102 511/1/102 509/1/102
f 515/1/102 507/1/102 509/1/102
f 515/1/102 502/1/102 505/1/102
f 512/2/1223 500/2/1223 510/2/1223
f 516/1/1224 517/1/1224 520/1/1224
f 516/1/1225 518/1/1225 519/1/1225
f 523/1/1226 524/1/1226 522/1/1226
f 524/1/1227 523/1/1227 525/1/1227
f 526/1/1228 527/1/1228 573/1/1228
f 517/1/1229 530/1/1229 543/1/1229
f 532/1/1230 533/1/1230 531/1/1230
f 531/1/1231 533/1/1231 534/1/1231
f 537/2/1232 521/2/1232 519/2/1232
f 529/1/1233 525/1/1233 541/1/1233
f 522/1/1234 539/1/1234 550/1/1234
f 532/1/1235 536/1/1235 540/1/1235
f 535/1/1236 534/1/1236 545/1/1236
f 542/1/1237 540/1/1237 549/1/1237
f 538/1/1238 541/1/1238 554/1/1238
f 553/1/1239 549/1/1239 555/1/1239
f 555/1/1240 552/1/1240 554/1/1240
f 537/2/1241 544/2/1241 561/2/1241
f 551/1/1242 545/1/1242 558/1/1242
f 559/1/485 547/1/485 546/1/485
f 550/1/1243 539/1/1243 560/1/1243
f 563/1/1244 548/1/1244 547/1/1244
f 543/1/1245 530/1/1245 564/1/1245
f 562/1/1246 558/1/1246 557/1/1246
f 560/1/1247 563/1/1247 566/1/1247
f 504/1/1248 505/1/1248 503/1/1248
f 505/1/1248 501/1/1248 503/1/1248
f 568/1/1249 564/1/1249 569/1/1249
f 567/1/1250 571/1/1250 570/1/1250
f 891/2/1251 953/2/1251 888/2/1251
f 888/2/1252 887/2/1252 890/2/1252
f 727/2/1253 704/2/1253 705/2/1253
f 748/1/1254 716/1/1254 717/1/1254
f 346/2/1255 296/2/1255 290/2/1255
f 290/2/1097 366/2/1097 364/2/1097
f 364/2/1256 361/2/1256 358/2/1256
f 346/2/1257 290/2/1257 358/2/1257
f 290/2/1258 364/2/1258 358/2/1258
f 352/2/1259 346/2/1259 358/2/1259
f 576/1/1260 559/1/1260 577/1/1260
f 537/1/459 557/1/459 554/1/459
f 557/1/459 558/1/459 556/1/459
f 554/1/459 557/1/459 556/1/459
f 558/1/459 545/1/459 553/1/459
f 545/1/459 534/1/459 542/1/459
f 534/1/459 533/1/459 542/1/459
f 533/1/459 532/1/459 542/1/459
f 564/1/459 530/1/459 550/1/459
f 530/1/459 517/1/459 528/1/459
f 550/1/459 530/1/459 528/1/459
f 567/1/459 569/1/459 566/1/459
f 569/1/459 564/1/459 565/1/459
f 566/1/459 547/1/459 567/1/459
f 565/1/459 566/1/459 569/1/459
f 545/1/459 542/1/459 553/1/459
f 550/1/459 565/1/459 564/1/459
f 558/1/459 553/1/459 556/1/459
f 537/1/459 554/1/459 541/1/459
f 528/1/459 517/1/459 516/1/459
f 523/1/459 528/1/459 516/1/459
f 521/1/459 537/1/459 541/1/459
f 525/1/459 523/1/459 521/1/459
f 523/1/459 516/1/459 521/1/459
f 579/1/459 580/1/459 570/1/459
f 578/1/1261 580/1/1261 572/1/1261
f 567/1/1262 581/1/1262 579/1/1262
f 580/1/1263 579/1/1263 581/1/1263
f 567/1/1264 547/1/1264 559/1/1264
f 584/1/1265 583/1/1265 574/1/1265
f 575/2/1266 578/2/1266 582/2/1266
f 576/1/1267 585/1/1267 582/1/1267
f 587/1/1268 586/1/1268 598/1/1268
f 587/1/1269 599/1/1269 600/1/1269
f 588/1/1270 600/1/1270 601/1/1270
f 590/1/1271 589/1/1271 601/1/1271
f 591/1/1272 590/1/1272 602/1/1272
f 591/1/1273 603/1/1273 604/1/1273
f 593/2/1274 592/2/1274 604/2/1274
f 593/4/520 605/4/520 606/4/520
f 594/2/1275 606/2/1275 607/2/1275
f 596/1/1276 595/1/1276 607/1/1276
f 597/1/523 596/1/523 608/1/523
f 597/1/524 609/1/524 598/1/524
f 599/1/1277 598/1/1277 610/1/1277
f 599/1/1278 611/1/1278 612/1/1278
f 600/1/1279 612/1/1279 613/1/1279
f 602/1/1280 601/1/1280 613/1/1280
f 603/1/1281 602/1/1281 614/1/1281
f 603/1/1282 615/1/1282 616/1/1282
f 605/1/1283 604/1/1283 616/1/1283
f 606/4/532 605/4/532 617/4/532
f 606/2/1284 618/2/1284 619/2/1284
f 608/1/1285 607/1/1285 619/1/1285
f 608/1/535 620/1/535 621/1/535
f 598/1/536 609/1/536 621/1/536
f 623/2/1286 611/2/1286 610/2/1286
f 623/1/1287 624/1/1287 612/1/1287
f 625/2/539 613/2/539 612/2/539
f 626/2/1288 614/2/1288 613/2/1288
f 626/2/1289 627/2/1289 615/2/1289
f 627/2/1290 628/2/1290 616/2/1290
f 629/2/1291 617/2/1291 616/2/1291
f 630/1/1292 618/1/1292 617/1/1292
f 630/1/545 631/1/545 619/1/545
f 631/1/546 632/1/546 620/1/546
f 632/1/1293 633/1/1293 621/1/1293
f 633/1/1294 622/1/1294 610/1/1294
f 635/1/1295 623/1/1295 622/1/1295
f 635/1/1296 636/1/1296 624/1/1296
f 636/2/1297 637/2/1297 625/2/1297
f 626/2/1298 625/2/1298 637/2/1298
f 627/2/1299 626/2/1299 665/2/1299
f 638/2/1300 639/2/1300 628/2/1300
f 640/1/1301 629/1/1301 628/1/1301
f 640/2/1302 641/2/1302 630/2/1302
f 642/1/1303 631/1/1303 630/1/1303
f 643/1/1304 632/1/1304 631/1/1304
f 643/1/1305 644/1/1305 633/1/1305
f 644/1/1306 634/1/1306 622/1/1306
f 634/1/1307 645/1/1307 646/1/1307
f 636/1/1308 635/1/1308 646/1/1308
f 636/1/1309 655/1/1309 647/1/1309
f 639/1/1310 638/1/1310 649/1/1310
f 639/1/1311 659/1/1311 650/1/1311
f 640/1/1312 650/1/1312 651/1/1312
f 642/1/1313 641/1/1313 651/1/1313
f 643/1/1314 642/1/1314 652/1/1314
f 643/1/1315 663/1/1315 653/1/1315
f 644/1/1316 653/1/1316 645/1/1316
f 637/2/1317 647/2/1317 648/2/1317
f 649/2/1318 638/2/1318 665/2/1318
f 645/1/1319 654/1/1319 646/1/1319
f 655/2/1320 656/2/1320 647/2/1320
f 656/2/1321 657/2/1321 648/2/1321
f 658/1/1322 649/1/1322 648/1/1322
f 659/1/1323 660/1/1323 650/1/1323
f 660/1/1324 661/1/1324 651/1/1324
f 662/1/578 652/1/578 651/1/578
f 663/1/1325 664/1/1325 653/1/1325
f 703/1/1326 726/1/1326 702/1/1326
f 719/1/1327 732/1/1327 718/1/1327
f 760/1/1328 756/1/1328 731/1/1328
f 756/1/1329 710/1/1329 711/1/1329
f 706/1/1330 707/1/1330 728/1/1330
f 721/1/1331 734/1/1331 720/1/1331
f 734/1/1332 733/1/1332 720/1/1332
f 723/1/1333 736/1/1333 722/1/1333
f 736/1/1334 735/1/1334 722/1/1334
f 747/1/1335 714/1/1335 715/1/1335
f 44/1/1336 172/1/1336 66/1/1336
f 172/1/1337 154/1/1337 156/1/1337
f 696/1/1338 697/1/1338 656/1/1338
f 655/1/1339 700/1/1339 701/1/1339
f 701/1/1340 696/1/1340 656/1/1340
f 669/2/1341 670/2/1341 645/2/1341
f 645/2/1342 664/2/1342 669/2/1342
f 660/1/1343 685/1/1343 686/1/1343
f 681/1/1344 682/1/1344 661/1/1344
f 660/1/586 686/1/586 681/1/586
f 693/1/1345 694/1/1345 657/1/1345
f 656/1/1346 697/1/1346 698/1/1346
f 698/1/587 693/1/587 657/1/587
f 678/1/1347 679/1/1347 662/1/1347
f 661/1/1348 682/1/1348 683/1/1348
f 683/1/589 678/1/589 662/1/589
f 978/1/1349 979/1/1349 972/1/1349
f 972/1/1350 971/1/1350 978/1/1350
f 971/1/1351 970/1/1351 978/1/1351
f 658/1/1352 691/1/1352 692/1/1352
f 687/1/1353 688/1/1353 659/1/1353
f 658/1/1354 692/1/1354 687/1/1354
f 663/1/1355 676/1/1355 677/1/1355
f 672/1/1356 673/1/1356 664/1/1356
f 663/1/1357 677/1/1357 664/1/1357
f 667/2/1358 668/2/1358 654/2/1358
f 645/2/1359 670/2/1359 671/2/1359
f 671/2/1360 667/2/1360 654/2/1360
f 654/1/1361 668/1/1361 666/1/1361
f 699/1/1362 700/1/1362 655/1/1362
f 654/1/1363 666/1/1363 699/1/1363
f 819/1/1364 825/1/1364 822/1/1364
f 825/1/1365 836/1/1365 822/1/1365
f 662/1/1366 679/1/1366 680/1/1366
f 675/1/1367 676/1/1367 663/1/1367
f 662/1/1368 680/1/1368 663/1/1368
f 659/1/1369 688/1/1369 689/1/1369
f 684/1/1370 685/1/1370 660/1/1370
f 659/1/1371 689/1/1371 684/1/1371
f 668/2/1372 667/2/1372 702/2/1372
f 667/1/1373 671/1/1373 703/1/1373
f 740/1/1374 726/1/1374 703/1/1374
f 670/2/1375 669/2/1375 704/2/1375
f 674/2/1376 705/2/1376 704/2/1376
f 741/1/1377 727/1/1377 705/1/1377
f 673/1/1378 672/1/1378 706/1/1378
f 672/1/1379 677/1/1379 707/1/1379
f 742/2/1380 728/2/1380 707/2/1380
f 676/1/1381 675/1/1381 708/1/1381
f 680/1/1382 709/1/1382 708/1/1382
f 679/1/1383 743/1/1383 730/1/1383
f 679/1/1384 678/1/1384 710/1/1384
f 678/1/1385 683/1/1385 711/1/1385
f 754/1/1386 731/1/1386 711/1/1386
f 682/1/1387 681/1/1387 712/1/1387
f 686/1/1388 713/1/1388 712/1/1388
f 750/1/1389 746/1/1389 713/1/1389
f 685/1/1390 684/1/1390 714/1/1390
f 684/1/1391 689/1/1391 715/1/1391
f 751/1/1392 747/1/1392 715/1/1392
f 688/1/1393 687/1/1393 716/1/1393
f 692/1/1394 717/1/1394 716/1/1394
f 691/1/1395 752/1/1395 748/1/1395
f 691/1/1396 690/1/1396 718/1/1396
f 695/1/1397 719/1/1397 718/1/1397
f 744/1/1398 732/1/1398 719/1/1398
f 694/1/1399 693/1/1399 720/1/1399
f 693/1/1400 698/1/1400 721/1/1400
f 755/1/1401 734/1/1401 721/1/1401
f 697/1/1402 696/1/1402 722/1/1402
f 701/1/1403 723/1/1403 722/1/1403
f 745/1/1404 736/1/1404 723/1/1404
f 699/2/1405 666/2/1405 724/2/1405
f 739/1/1406 737/1/1406 724/1/1406
f 700/2/1407 699/2/1407 725/2/1407
f 724/1/1408 737/1/1408 738/1/1408
f 725/1/1409 724/1/1409 738/1/1409
f 739/1/1410 668/1/1410 702/1/1410
f 740/2/1411 670/2/1411 704/2/1411
f 741/1/1412 673/1/1412 706/1/1412
f 742/1/1413 676/1/1413 708/1/1413
f 743/1/1414 679/1/1414 710/1/1414
f 733/1/1415 744/1/1415 694/1/1415
f 755/1/1416 697/1/1416 722/1/1416
f 745/2/1417 700/2/1417 725/2/1417
f 754/1/1418 682/1/1418 712/1/1418
f 750/1/1419 685/1/1419 714/1/1419
f 751/1/1420 688/1/1420 716/1/1420
f 957/1/1421 956/1/1421 933/1/1421
f 770/2/104 785/2/104 787/2/104
f 787/2/104 768/2/104 770/2/104
f 768/2/104 763/2/104 771/2/104
f 757/1/1422 749/1/1422 746/1/1422
f 746/1/1423 750/1/1423 747/1/1423
f 738/2/1424 735/2/1424 736/2/1424
f 735/2/1425 738/2/1425 737/2/1425
f 760/1/1426 761/1/1426 729/1/1426
f 760/1/1427 743/1/1427 756/1/1427
f 718/1/1428 732/1/1428 752/1/1428
f 732/1/1429 753/1/1429 752/1/1429
f 758/2/1430 757/2/1430 753/2/1430
f 733/2/1431 759/2/1431 758/2/1431
f 760/2/1432 749/2/1432 757/2/1432
f 758/1/1433 759/1/1433 761/1/1433
f 762/1/1434 761/1/1434 759/1/1434
f 727/1/1435 741/1/1435 728/1/1435
f 762/1/1436 737/1/1436 726/1/1436
f 737/1/1437 739/1/1437 726/1/1437
f 727/1/1438 728/1/1438 762/1/1438
f 726/1/1436 740/1/1436 762/1/1436
f 740/1/1436 727/1/1436 762/1/1436
f 764/1/1439 765/1/1439 763/1/1439
f 766/1/1440 763/1/1440 765/1/1440
f 770/2/1441 771/2/1441 769/2/1441
f 359/2/1442 360/2/1442 401/2/1442
f 401/2/1443 275/2/1443 276/2/1443
f 775/2/1444 769/2/1444 771/2/1444
f 777/1/1445 764/1/1445 768/1/1445
f 778/2/1446 766/2/1446 767/2/1446
f 781/1/1447 782/1/1447 780/1/1447
f 784/1/1448 780/1/1448 782/1/1448
f 785/1/1449 770/1/1449 776/1/1449
f 788/1/1450 781/1/1450 783/1/1450
f 793/1/1451 794/1/1451 792/1/1451
f 775/1/1452 779/1/1452 795/1/1452
f 797/1/1453 793/1/1453 796/1/1453
f 784/1/1454 786/1/1454 798/1/1454
f 799/1/1455 792/1/1455 794/1/1455
f 788/1/1456 791/1/1456 799/1/1456
f 804/1/1457 777/1/1457 787/1/1457
f 805/1/1458 785/1/1458 790/1/1458
f 797/1/1459 800/1/1459 806/1/1459
f 806/1/104 800/1/104 803/1/104
f 803/1/104 818/1/104 806/1/104
f 818/1/104 816/1/104 815/1/104
f 816/1/104 805/1/104 815/1/104
f 772/2/1460 812/2/1460 811/2/1460
f 480/1/1461 478/1/1461 453/1/1461
f 478/1/1462 435/1/1462 453/1/1462
f 814/2/1463 778/2/1463 789/2/1463
f 807/1/1464 806/1/1464 815/1/1464
f 805/1/1465 808/1/1465 809/1/1465
f 803/1/1466 798/1/1466 817/1/1466
f 802/1/1467 795/1/1467 819/1/1467
f 804/1/1468 816/1/1468 818/1/1468
f 824/1/1469 773/1/1469 810/1/1469
f 690/1/1470 691/1/1470 658/1/1470
f 657/1/1471 694/1/1471 695/1/1471
f 695/1/697 690/1/697 658/1/697
f 810/2/1472 811/2/1472 829/2/1472
f 832/1/1473 830/1/1473 831/1/1473
f 830/1/1474 832/1/1474 833/1/1474
f 811/1/1475 822/1/1475 836/1/1475
f 840/1/1476 838/1/1476 839/1/1476
f 838/2/1477 840/2/1477 841/2/1477
f 834/1/1478 833/1/1478 843/1/1478
f 835/4/1479 831/4/1479 844/4/1479
f 848/1/1480 846/1/1480 847/1/1480
f 846/1/1481 848/1/1481 850/1/1481
f 842/2/1482 839/2/1482 851/2/1482
f 849/1/1483 847/1/1483 854/1/1483
f 858/1/1484 845/1/1484 841/1/1484
f 861/1/1485 859/1/1485 860/1/1485
f 862/2/1486 860/2/1486 863/2/1486
f 859/1/1487 861/1/1487 864/1/1487
f 865/2/1488 853/2/1488 850/2/1488
f 863/1/1489 857/1/1489 854/1/1489
f 856/2/1490 851/2/1490 870/2/1490
f 871/1/1491 866/1/1491 864/1/1491
f 852/2/1492 843/2/1492 873/2/1492
f 958/1/1493 956/1/1493 950/1/1493
f 956/1/1494 891/1/1494 950/1/1494
f 855/2/1495 844/2/1495 878/2/1495
f 879/1/1496 871/1/1496 874/1/1496
f 877/1/1497 875/1/1497 870/1/1497
f 881/2/1498 865/2/1498 869/2/1498
f 825/1/1499 858/1/1499 872/1/1499
f 882/2/1500 880/2/1500 873/2/1500
f 886/1/1501 876/1/1501 885/1/1501
f 887/2/1502 888/2/1502 886/2/1502
f 885/1/1503 876/1/1503 955/1/1503
f 79/1/1504 35/1/1504 21/1/1504
f 896/1/1505 894/1/1505 895/1/1505
f 897/1/1506 895/1/1506 894/1/1506
f 902/1/1507 903/1/1507 901/1/1507
f 904/1/1508 901/1/1508 903/1/1508
f 955/1/1509 892/1/1509 907/1/1509
f 908/1/1510 896/1/1510 899/1/1510
f 910/1/1511 911/1/1511 909/1/1511
f 912/1/1512 911/1/1512 910/1/1512
f 897/1/1513 900/1/1513 913/1/1513
f 902/1/1514 906/1/1514 916/1/1514
f 917/1/1515 904/1/1515 905/1/1515
f 918/1/1516 915/1/1516 909/1/1516
f 921/1/1517 912/1/1517 914/1/1517
f 926/1/1518 918/1/1518 920/1/1518
f 919/1/1519 916/1/1519 928/1/1519
f 892/2/1520 893/2/1520 931/2/1520
f 932/1/1521 926/1/1521 929/1/1521
f 931/2/1522 893/2/1522 933/2/1522
f 930/1/1523 928/1/1523 932/1/1523
f 923/1/1524 913/1/1524 935/1/1524
f 936/1/1525 921/1/1525 927/1/1525
f 937/2/1526 917/2/1526 925/2/1526
f 890/1/1527 924/1/1527 940/1/1527
f 941/3/1528 908/3/1528 922/3/1528
f 938/1/1529 935/1/1529 936/1/1529
f 937/2/1530 942/2/1530 943/2/1530
f 908/1/348 941/1/348 925/1/348
f 941/1/348 946/1/348 942/1/348
f 946/1/348 944/1/348 943/1/348
f 944/1/348 890/1/348 943/1/348
f 942/1/348 925/1/348 941/1/348
f 946/3/1531 941/3/1531 945/3/1531
f 947/1/1532 948/1/1532 944/1/1532
f 778/1/104 814/1/104 795/1/104
f 814/1/104 819/1/104 795/1/104
f 763/1/104 766/1/104 771/1/104
f 766/1/104 778/1/104 779/1/104
f 779/1/104 771/1/104 766/1/104
f 792/1/104 799/1/104 791/1/104
f 784/4/104 803/4/104 800/4/104
f 813/2/104 823/2/104 789/2/104
f 823/2/104 820/2/104 789/2/104
f 789/2/104 767/2/104 813/2/104
f 816/4/104 787/4/104 785/4/104
f 829/1/348 843/1/348 827/1/348
f 843/1/348 833/1/348 827/1/348
f 855/1/348 828/1/348 835/1/348
f 828/1/348 826/1/348 835/1/348
f 824/1/348 827/1/348 832/1/348
f 827/1/348 833/1/348 832/1/348
f 832/1/348 835/1/348 824/1/348
f 949/1/1533 950/1/1533 814/1/1533
f 757/2/1534 747/2/1534 748/2/1534
f 747/2/1535 751/2/1535 748/2/1535
f 752/2/1534 753/2/1534 748/2/1534
f 753/2/1534 757/2/1534 748/2/1534
f 838/1/348 845/1/348 831/1/348
f 952/1/1536 951/1/1536 953/1/1536
f 48/2/894 134/2/894 39/2/894
f 134/2/894 36/2/894 39/2/894
f 39/2/1537 41/2/1537 48/2/1537
f 951/1/1538 954/1/1538 886/1/1538
f 424/1/1539 408/1/1539 410/1/1539
f 410/1/763 420/1/763 424/1/763
f 420/1/1539 412/1/1539 411/1/1539
f 857/2/348 863/2/348 860/2/348
f 886/1/1540 954/1/1540 876/1/1540
f 839/2/348 838/2/348 834/2/348
f 838/2/348 830/2/348 834/2/348
f 834/2/348 852/2/348 839/2/348
f 880/2/348 882/2/348 879/2/348
f 882/2/348 869/2/348 871/2/348
f 879/2/348 882/2/348 871/2/348
f 869/2/348 850/2/348 866/2/348
f 850/2/348 848/2/348 859/2/348
f 866/2/348 850/2/348 859/2/348
f 851/2/348 839/2/348 852/2/348
f 869/2/166 866/2/166 871/2/166
f 851/2/348 852/2/348 880/2/348
f 870/2/348 851/2/348 880/2/348
f 825/2/348 890/2/348 944/2/348
f 944/2/1541 878/2/1541 825/2/1541
f 878/2/348 844/2/348 858/2/348
f 844/2/348 831/2/348 845/2/348
f 858/2/1542 825/2/1542 878/2/1542
f 497/2/764 514/2/764 515/2/764
f 515/2/764 509/2/764 508/2/764
f 825/2/167 891/2/167 890/2/167
f 952/1/1543 957/1/1543 893/1/1543
f 828/1/766 868/1/766 823/1/766
f 915/1/348 918/1/348 932/1/348
f 918/1/348 926/1/348 932/1/348
f 932/1/348 928/1/348 915/1/348
f 928/1/348 916/1/348 915/1/348
f 916/1/348 906/1/348 915/1/348
f 906/1/348 901/1/348 915/1/348
f 901/1/166 904/1/166 910/1/166
f 931/1/1542 933/1/1542 947/1/1542
f 933/1/1544 948/1/1544 947/1/1544
f 907/1/348 931/1/348 945/1/348
f 931/1/348 947/1/348 945/1/348
f 910/1/166 915/1/166 901/1/166
f 898/1/348 907/1/348 945/1/348
f 898/1/348 945/1/348 922/1/348
f 914/1/348 910/1/348 904/1/348
f 927/1/348 914/1/348 917/1/348
f 914/1/348 904/1/348 917/1/348
f 885/1/348 898/1/348 922/1/348
f 885/1/348 922/1/348 899/1/348
f 939/1/348 927/1/348 937/1/348
f 927/1/348 917/1/348 937/1/348
f 889/1/348 885/1/348 895/1/348
f 885/1/348 899/1/348 895/1/348
f 938/1/348 939/1/348 940/1/348
f 939/1/348 937/1/348 940/1/348
f 887/1/348 889/1/348 895/1/348
f 887/1/348 895/1/348 897/1/348
f 887/1/348 897/1/348 923/1/348
f 923/1/348 938/1/348 940/1/348
f 924/1/348 887/1/348 923/1/348
f 894/2/348 896/2/348 905/2/348
f 896/2/348 908/2/348 925/2/348
f 905/2/348 896/2/348 925/2/348
f 878/2/1545 944/2/1545 948/2/1545
f 883/2/1546 948/2/1546 933/2/1546
f 868/2/348 828/2/348 855/2/348
f 883/2/348 933/2/348 868/2/348
f 713/1/1547 746/1/1547 712/1/1547
f 441/1/408 460/1/408 465/1/408
f 460/1/408 452/1/408 469/1/408
f 452/1/408 475/1/408 469/1/408
f 950/2/104 837/2/104 819/2/104
f 823/1/104 958/1/104 949/1/104
f 848/1/166 849/1/166 860/1/166
f 933/1/769 956/1/769 958/1/769
f 823/1/769 933/1/769 958/1/769
f 891/1/1548 956/1/1548 957/1/1548
f 920/1/166 909/1/166 911/1/166
f 911/1/166 912/1/166 920/1/166
f 912/1/348 921/1/348 920/1/348
f 921/1/348 936/1/348 929/1/348
f 936/1/348 935/1/348 934/1/348
f 929/1/348 936/1/348 934/1/348
f 935/1/348 913/1/348 930/1/348
f 913/1/348 900/1/348 919/1/348
f 900/1/348 894/1/348 903/1/348
f 900/1/348 903/1/348 902/1/348
f 929/1/348 920/1/348 921/1/348
f 900/1/348 902/1/348 919/1/348
f 913/1/348 919/1/348 930/1/348
f 966/2/1549 965/2/1549 991/2/1549
f 965/2/769 994/2/769 991/2/769
f 995/2/769 993/2/769 959/2/769
f 993/2/769 960/2/769 959/2/769
f 994/2/769 995/2/769 991/2/769
f 963/2/769 990/2/769 995/2/769
f 990/2/769 991/2/769 995/2/769
f 967/1/771 959/1/771 960/1/771
f 973/1/772 962/1/772 961/1/772
f 969/1/773 964/1/773 963/1/773
f 971/1/1550 965/1/1550 966/1/1550
f 973/1/348 974/1/348 996/1/348
f 974/2/348 960/2/348 993/2/348
f 972/1/1551 961/1/1551 965/1/1551
f 967/2/1552 968/2/1552 963/2/1552
f 981/2/1553 975/2/1553 968/2/1553
f 976/1/1554 969/1/1554 968/1/1554
f 977/1/1555 970/1/1555 969/1/1555
f 526/1/1556 577/1/1556 527/1/1556
f 577/1/1557 546/1/1557 527/1/1557
f 980/1/1558 973/1/1558 972/1/1558
f 980/2/1559 981/2/1559 974/2/1559
f 981/4/1560 967/4/1560 974/4/1560
f 975/2/1561 981/2/1561 982/2/1561
f 975/1/1562 983/1/1562 984/1/1562
f 976/1/1563 984/1/1563 985/1/1563
f 977/1/1564 985/1/1564 986/1/1564
f 978/1/1565 986/1/1565 987/1/1565
f 979/1/1566 987/1/1566 988/1/1566
f 980/2/1567 988/2/1567 989/2/1567
f 981/4/1568 989/4/1568 982/4/1568
f 876/1/1569 954/1/1569 951/1/1569
f 969/1/1570 992/1/1570 990/1/1570
