# Blender 5.2.2 LTS
# www.blender.org
mtllib ruins_cv_obelisk.mtl
o piece
v -0.612682 2.311123 -0.546437
v -0.560353 2.261534 -0.536690
v -0.142895 1.865938 -0.458935
v -0.040176 2.013100 -0.238377
v -0.179155 1.865938 -0.264263
v -0.648942 2.311123 -0.351765
v -0.003917 2.013100 -0.433049
v -0.560353 2.563934 -0.536690
v -0.561263 2.542629 -0.477666
v -0.416973 2.690553 -0.509984
v -0.417883 2.669239 -0.450960
v -0.399160 2.721034 -0.506666
v -0.413853 2.730948 -0.450210
v -0.336264 2.907919 -0.494951
v -0.337173 2.903812 -0.435927
v -0.040176 3.449324 -0.238377
v -0.612682 3.648266 -0.546437
v -0.648942 3.648266 -0.351766
v -0.051363 2.721034 -0.441886
v -0.057982 2.730948 -0.383925
v -0.453865 3.130459 -0.516856
v -0.460484 3.140374 -0.458895
v -0.292899 3.001068 -0.427681
v -0.337173 3.014942 -0.435927
v -0.014572 2.730948 -0.375840
v -0.271282 3.018935 -0.423655
v -0.290543 3.062375 -0.427242
v -0.003917 2.795678 -0.433049
v -0.355767 3.225014 -0.498584
v -0.376170 3.246100 -0.443191
v -0.200553 3.018935 -0.410480
v -0.181292 3.062375 -0.406893
v -0.178935 3.001068 -0.406454
v -0.598130 3.548133 -0.543727
v -0.599039 3.572068 -0.484702
v -0.598130 3.660013 -0.543727
v -0.014573 3.187805 -0.375840
v -0.057982 3.187805 -0.383925
v -0.438768 3.788656 -0.514044
v -0.475028 3.788656 -0.319372
v -0.003917 3.449324 -0.433049
v -0.416973 2.125663 -0.509984
v -0.491789 2.196560 -0.523919
v -0.348305 2.060591 -0.497194
v -0.512191 2.205796 -0.468526
v -0.561263 2.252298 -0.477666
v -0.512191 2.500610 -0.468526
v -0.491789 2.505224 -0.523919
v -0.368708 2.069828 -0.441801
v -0.417883 2.116427 -0.450960
v -0.368708 2.627105 -0.441801
v -0.612682 2.721034 -0.546437
v -0.623338 2.730948 -0.489228
v -0.623338 2.778380 -0.489228
v -0.460484 2.778380 -0.458895
v -0.612682 2.788294 -0.546437
v -0.453865 2.788294 -0.516856
v -0.348305 2.631716 -0.497194
v -0.290543 2.856380 -0.427242
v -0.275850 2.846466 -0.483699
v -0.623338 3.140374 -0.489228
v -0.292899 2.917686 -0.427681
v -0.271282 2.899819 -0.423654
v -0.336264 3.010835 -0.494951
v -0.174673 2.846466 -0.464854
v -0.181292 2.856380 -0.406893
v -0.266517 2.929193 -0.481960
v -0.250866 2.916257 -0.479045
v -0.623338 3.187805 -0.489228
v -0.413853 3.187805 -0.450210
v -0.200553 2.899819 -0.410480
v -0.199658 2.916257 -0.469507
v -0.266516 2.989561 -0.481960
v -0.612682 3.197719 -0.546437
v -0.399160 3.197719 -0.506666
v -0.003917 2.721034 -0.433049
v -0.184007 2.929193 -0.466592
v -0.178935 2.917686 -0.406454
v -0.250866 3.002497 -0.479045
v -0.134661 2.903812 -0.398208
v -0.275850 3.072289 -0.483699
v -0.184007 2.989561 -0.466592
v -0.199658 3.002497 -0.469507
v -0.134661 3.014942 -0.398208
v -0.114259 3.010835 -0.453601
v -0.114259 2.907919 -0.453601
v -0.174673 3.072289 -0.464854
v -0.424332 3.282784 -0.511355
v -0.425241 3.287446 -0.452331
v -0.014573 3.137095 -0.375840
v -0.003917 3.123075 -0.433049
v -0.051363 3.197719 -0.441886
v -0.542218 3.605007 -0.533312
v -0.562620 3.609114 -0.477919
v -0.376170 3.589468 -0.443191
v -0.425241 3.641127 -0.452331
v -0.599039 3.667881 -0.484702
v -0.562620 3.697280 -0.477919
v -0.003917 3.197719 -0.433049
v -0.424332 3.651042 -0.511355
v -0.262416 3.651042 -0.481197
v -0.260366 3.641127 -0.421621
v -0.170805 3.579554 -0.464133
v -0.355767 3.579554 -0.498584
v -0.194166 3.589468 -0.409291
v -0.014572 2.781657 -0.375840
v -0.542218 3.705147 -0.533312
v -0.355767 3.520682 -0.498584
v -0.376170 3.447917 -0.443191
v -0.319855 3.467751 -0.491895
v -0.079732 3.508485 -0.447170
v -0.068342 3.491014 -0.383940
v -0.066739 3.466766 -0.444750
v -0.617575 3.135012 -0.520166
v -0.560395 3.130459 -0.536698
v -0.612682 2.891754 -0.546437
v -0.095998 1.915596 -0.450200
v -0.056818 1.957083 -0.442902
v -0.131476 2.030690 -0.456808
v -0.095148 1.928759 -0.385709
v -0.317516 2.482975 -0.491459
v -0.358044 2.483526 -0.470753
v -0.328333 -1.963617 0.517021
v -0.471955 -1.824959 -0.097091
v -0.011477 -2.144152 -0.053446
v -0.513181 -1.824959 0.337854
v 0.138477 -2.063687 0.561267
v 0.194888 -2.063687 -0.033886
v -0.386162 -1.427675 0.460969
v -0.197443 -1.427675 0.478857
v -0.386162 -1.385657 0.460969
v -0.247136 -1.385657 0.474147
v 0.194888 -0.597742 -0.033886
v -0.101941 -2.117254 0.487909
v -0.118077 -2.109362 0.536950
v -0.118077 -0.467854 0.536950
v -0.101941 -0.492441 0.487909
v 0.460577 -0.482952 -0.008703
v 0.138477 -0.597742 0.561267
v -0.328333 -1.439112 0.517021
v -0.190807 -1.439112 0.530056
v -0.263272 -1.374220 0.523188
v -0.328333 -1.374220 0.517021
v -0.045508 -2.135426 0.543828
v -0.054892 -2.142009 0.492368
v -0.036346 -0.253131 0.544697
v -0.020209 -0.257869 0.495655
v -0.145081 -0.021307 0.483820
v -0.020209 -0.146739 0.495655
v 0.024625 -0.160613 0.499905
v 0.253049 -0.442169 0.572126
v 0.262516 -0.430733 0.522453
v -0.154548 -0.032744 0.533493
v 0.046516 -0.142746 0.501980
v 0.027011 -0.099306 0.500131
v 0.309703 -0.371863 0.577496
v 0.309738 -0.383300 0.526929
v 0.118141 -0.142746 0.508769
v 0.140032 -0.160613 0.510844
v 0.137646 -0.099306 0.510617
v -0.053064 0.060095 0.543112
v -0.059700 0.084419 0.491912
v 0.184866 -0.146739 0.515093
v 0.309738 -0.021308 0.526929
v 0.191501 -0.151476 0.566293
v -0.513181 0.927913 0.337854
v -0.219440 1.085768 -0.073157
v -0.471955 0.927913 -0.097091
v -0.197443 -0.661070 0.478857
v -0.247136 -0.619052 0.474147
v 0.194888 0.757299 -0.033886
v -0.275850 1.085768 0.521995
v -0.328333 1.052959 0.517021
v 0.138477 0.757299 0.561267
v -0.190807 -0.655748 0.530056
v -0.263272 -0.594475 0.523188
v -0.386162 -0.383300 0.460969
v -0.386162 -0.430733 0.460969
v -0.097860 -0.430733 0.488295
v -0.145081 -0.383300 0.483820
v -0.328333 -0.442169 0.517021
v -0.097894 -0.442169 0.538863
v -0.054892 -0.534576 0.492368
v -0.154548 -0.371863 0.533493
v -0.328333 -0.371863 0.517021
v -0.045508 -0.529256 0.543828
v 0.194888 0.460188 -0.033886
v 0.027011 -0.305301 0.500131
v 0.026977 -0.316738 0.550699
v -0.386162 -0.021307 0.460969
v -0.328333 -0.032744 0.517021
v -0.386162 0.026125 0.460969
v -0.097860 0.026125 0.488295
v 0.046516 -0.261861 0.501980
v 0.024625 -0.243995 0.499905
v 0.128179 -0.316738 0.560291
v 0.137646 -0.305301 0.510617
v -0.036346 -0.151476 0.544697
v 0.118141 -0.261861 0.508769
v 0.052569 -0.243894 0.553124
v 0.037282 -0.231418 0.551675
v -0.097894 0.037562 0.538863
v -0.328333 0.037562 0.517021
v 0.460577 0.274019 -0.008703
v 0.102587 -0.243894 0.557865
v 0.037282 -0.173190 0.551675
v 0.140032 -0.243995 0.510844
v 0.184866 -0.257869 0.515093
v 0.117874 -0.231418 0.559314
v 0.351010 -0.442169 0.581411
v 0.380554 -0.430733 0.533641
v 0.052569 -0.160713 0.553124
v 0.191501 -0.253131 0.566293
v 0.026977 -0.087869 0.550699
v 0.117874 -0.173190 0.559314
v 0.102587 -0.160713 0.557865
v 0.408917 -0.383300 0.536329
v 0.404166 -0.371863 0.586450
v 0.128179 -0.087869 0.560291
v -0.125529 0.120388 0.536243
v -0.109392 0.125766 0.487202
v 0.262516 0.026125 0.522453
v -0.059700 0.427787 0.491912
v -0.109392 0.479447 0.487202
v -0.125529 0.490884 0.536243
v -0.053064 0.416350 0.543112
v 0.309703 -0.032745 0.577496
v 0.408917 -0.021308 0.536329
v 0.408917 0.026125 0.536329
v 0.404166 -0.032745 0.586450
v 0.404166 0.037562 0.586450
v 0.253049 0.037562 0.572126
v 0.408917 -0.409971 0.536329
v 0.189468 0.427787 0.515529
v 0.143228 0.460188 0.511146
v 0.143228 0.479447 0.511146
v 0.201040 0.416350 0.567197
v 0.138477 0.490884 0.561267
v 0.404166 0.274019 0.586450
v -0.166078 3.898124 -0.230347
v -0.387443 4.210606 -0.140232
v -0.045629 3.898124 -0.279380
v -0.014790 3.909406 -0.277454
v -0.387443 4.623468 -0.140232
v -0.420355 4.060246 0.187362
v -0.420355 4.092138 0.187362
v -0.065040 3.623353 0.177544
v -0.065764 3.617960 0.193604
v -0.043287 3.648871 0.168896
v -0.030497 3.654165 0.179247
v -0.319626 4.284208 -0.167840
v -0.378081 4.208670 -0.129562
v -0.352435 4.180836 -0.140002
v -0.287891 4.249766 -0.180758
v -0.284617 4.254438 -0.167610
v -0.310263 4.282272 -0.157170
v -0.231373 4.249766 -0.203766
v -0.166078 4.178902 -0.230347
v 0.226584 3.977455 -0.013522
v 0.092461 4.000128 0.129193
v -0.286776 4.293768 -0.166731
v -0.275267 4.291286 -0.185897
v -0.277116 4.280866 -0.170664
v -0.014790 3.928861 -0.277454
v 0.122635 3.977455 -0.268869
v -0.281968 4.300236 -0.183170
v 0.142992 3.995652 0.075383
v -0.045629 3.935304 -0.279380
v -0.131820 3.935304 -0.244293
v -0.045629 4.371018 -0.279380
v -0.387443 4.419149 -0.140232
v -0.378081 4.421084 -0.129562
v -0.319626 4.345547 -0.167840
v -0.224532 4.254438 -0.192070
v -0.310263 4.347483 -0.157170
v -0.156715 4.180836 -0.219678
v 0.169071 4.038465 0.047675
v -0.281968 4.329520 -0.183170
v -0.286776 4.335987 -0.166731
v -0.275267 4.338470 -0.185897
v -0.237296 4.329520 -0.201355
v -0.237296 4.300236 -0.201355
v -0.243996 4.291286 -0.198627
v -0.222374 4.293768 -0.192949
v -0.232034 4.280866 -0.189016
v -0.277116 4.348889 -0.170664
v -0.243996 4.338470 -0.198627
v -0.352435 4.448919 -0.140002
v -0.284617 4.375316 -0.167610
v -0.131820 4.210606 -0.244293
v -0.131069 4.208670 -0.230118
v -0.199638 4.284208 -0.216685
v -0.287891 4.379989 -0.180758
v -0.353186 4.450855 -0.154177
v -0.198887 4.282272 -0.202510
v -0.222374 4.335987 -0.192949
v -0.232034 4.348889 -0.189016
v -0.266613 4.418940 0.198086
v -0.338002 4.351614 0.193107
v -0.426231 4.356987 0.172928
v -0.420355 4.351789 0.187362
v -0.343339 4.356987 0.178231
v -0.426231 4.382505 0.172928
v -0.370278 4.382505 0.176508
v -0.420355 4.387703 0.187362
v -0.369649 4.387812 0.190899
v -0.420355 4.572052 0.187362
v -0.208317 4.418815 0.202153
v -0.224532 4.375316 -0.192070
v -0.156715 4.448919 -0.219678
v -0.132516 4.421084 -0.229529
v -0.199638 4.345547 -0.216685
v -0.198887 4.347483 -0.202510
v -0.231373 4.379989 -0.203766
v 0.136752 4.004752 0.051256
v -0.137061 4.351184 0.207123
v -0.304711 4.442330 0.181065
v -0.277772 4.416811 0.182789
v -0.166077 4.450855 -0.230347
v -0.131820 4.419149 -0.244293
v -0.352435 4.649365 -0.140002
v -0.378081 4.621532 -0.129562
v 0.160522 4.035261 0.041775
v -0.099493 4.350764 0.207335
v -0.512412 4.752613 -0.038772
v -0.503364 4.750541 -0.038891
v -0.369649 4.571943 0.190899
v -0.353186 4.660647 -0.154177
v -0.301765 4.452242 0.195634
v 0.000056 4.004754 0.151680
v 0.003667 3.999557 0.165340
v 0.093994 4.004752 0.116327
v 0.024658 4.035264 0.141867
v -0.426231 4.577250 0.172928
v -0.370278 4.577250 0.176508
v -0.458441 4.716233 0.102715
v -0.451888 4.728524 0.087558
v 0.094070 4.035263 0.116701
v 0.038220 4.040363 0.151273
v -0.426231 4.602766 0.172928
v -0.343339 4.602766 0.178231
v -0.420355 4.607964 0.187362
v -0.131820 4.612158 -0.244293
v 0.092461 4.039677 0.129193
v -0.338002 4.608140 0.193107
v 0.095868 4.038818 0.125567
v -0.132516 4.624204 -0.229529
v -0.137749 4.356987 0.191384
v -0.182047 4.449984 0.188550
v 0.092461 4.438783 0.129192
v -0.101751 4.356989 0.192285
v -0.199389 4.543872 0.186826
v -0.106280 4.382505 0.192696
v -0.172819 4.452356 0.204629
v -0.065764 4.351594 0.193604
v -0.208317 4.540939 0.202153
v -0.065040 4.356987 0.177544
v -0.102236 4.388284 0.208348
v -0.172819 4.507398 0.204629
v -0.104545 4.989951 0.209391
v -0.471914 5.106293 0.060709
v -0.043287 4.382505 0.168896
v -0.030497 4.387799 0.179247
v -0.110810 4.577249 0.193107
v -0.172451 4.518354 0.188550
v -0.137749 4.602766 0.191384
v 0.037794 4.577249 0.136628
v -0.104762 4.571366 0.209376
v -0.137061 4.608570 0.207123
v 0.000056 4.682526 0.151680
v -0.166077 4.708001 -0.230347
v 0.044784 4.572169 0.148601
v -0.101751 4.602766 0.192285
v -0.104545 4.608850 0.209391
v -0.156715 4.695953 -0.219678
v 0.003667 4.572053 0.165340
v 0.000056 4.577249 0.151680
v 0.003667 4.608850 0.165340
v 0.000056 4.602766 0.151680
v 0.024658 4.577249 0.141867
v 0.038220 4.572151 0.151273
v -0.420355 5.106292 0.187362
v 0.003667 4.687205 0.165340
v -0.410993 4.060472 0.188015
v -0.410993 4.086244 0.188015
v -0.492002 4.233139 -0.010979
v -0.503364 4.225171 -0.038891
v -0.156715 3.909406 -0.219678
v -0.131069 3.928861 -0.230118
v -0.512412 4.224342 -0.038772
v -0.492002 4.728523 -0.010979
v -0.498560 4.233949 -0.004746
v -0.498560 4.726450 -0.004746
v -0.471914 4.762686 0.049051
v -0.462867 4.750542 0.060589
v -0.453074 5.116965 0.084644
v -0.462867 5.116965 0.060589
v -0.459600 5.106293 0.090957
v -0.387443 3.816626 -0.140232
v -0.353186 3.795412 -0.154177
v -0.045629 3.604952 -0.279380
v -0.530078 3.904954 -0.082167
v 0.226584 3.436379 -0.013522
v 0.092461 3.519437 0.129193
v 0.143146 3.488050 0.075218
v 0.167579 3.472919 0.049263
v 0.136752 3.492010 0.051256
v 0.158183 3.478738 0.042708
v -0.104371 3.641328 0.209321
v -0.378081 3.810828 -0.129562
v -0.352435 3.794947 -0.140002
v 0.122635 3.500752 -0.268869
v -0.001655 3.577720 0.167506
v -0.066573 3.617921 0.193934
v -0.420355 3.837007 0.187362
v -0.323902 5.149552 -0.166099
v -0.492928 5.157102 -0.097290
v -0.345046 5.309893 -0.053923
v -0.306302 5.236306 0.195318
v -0.266765 5.309893 0.138371
v -0.186840 5.181852 0.203651
v -0.309255 5.309893 0.033995
v -0.319318 5.309893 0.009276
v -0.369120 5.227089 0.060305
v -0.288528 5.232987 0.006196
v -0.420355 4.932853 0.187362
v -0.420355 4.699137 0.187362
v -0.432547 4.862373 0.157413
v -0.385291 4.854121 0.189808
v -0.530078 4.469757 -0.082167
v -0.530078 4.746282 -0.082167
v -0.519412 4.497185 -0.055968
v -0.480689 4.489709 -0.102272
v -0.521525 5.106294 -0.061158
v -0.504893 5.140738 -0.092419
v -0.530078 4.979089 -0.082167
v -0.313089 5.119301 -0.170501
v -0.239096 4.912286 -0.200622
v -0.329797 5.037902 -0.163699
v -0.287439 4.930212 -0.180942
v -0.280415 5.054525 -0.156536
v -0.278581 5.048214 -0.158492
v 0.226584 3.580627 -0.013522
v 0.226584 3.926444 -0.013522
v 0.208607 3.772732 -0.057682
v 0.207938 3.770701 0.006318
v 0.169474 3.977455 -0.153811
v 0.151296 3.977455 -0.198466
v 0.140926 4.040483 -0.159427
v 0.161060 3.870320 -0.174480
v -0.378081 4.525514 -0.129562
v -0.405622 4.540393 -0.132832
v -0.131069 4.162609 -0.230118
v -0.112530 4.168330 -0.252146
v -0.156715 4.533583 -0.219678
v -0.166077 4.518521 -0.230347
v -0.166077 4.555928 -0.230347
v -0.222531 4.539004 -0.207366
v -0.321548 4.213239 -0.167057
v -0.338696 4.157157 -0.160076
v -0.353186 4.093112 -0.154177
v -0.498560 4.624779 -0.004746
v -0.492002 4.455994 -0.010979
v -0.489932 4.461339 0.016448
v 0.054705 4.178529 -0.177474
v -0.076244 4.483819 -0.204002
v 0.085609 4.278903 -0.170715
v 0.119421 4.178529 0.046382
v -0.028899 4.545863 -0.193912
v -0.024871 4.536385 0.121543
v 0.134993 4.274414 0.004582
v 0.128388 4.264019 -0.007891
v 0.127882 4.273199 0.003308
v -0.206418 5.022216 -0.142593
v 0.142200 4.278903 0.025035
v 0.136571 4.278903 0.005564
v -0.287839 5.051610 -0.142831
v -0.068288 4.699783 -0.115168
v -0.075748 4.693930 -0.107454
v -0.077934 4.733535 -0.059137
v -0.065299 4.678952 -0.092443
v -0.067486 4.718558 -0.044125
v -0.154114 4.963931 0.197264
v -0.109543 4.810337 -0.103449
v -0.118774 4.808233 -0.095016
v -0.119601 4.823209 -0.076744
v -0.091143 4.768626 -0.055318
v 0.042335 4.591829 0.116695
v -0.091970 4.783602 -0.037047
v -0.108720 4.829318 -0.074090
v -0.058122 4.733535 0.009395
v -0.057295 4.718558 -0.008876
v -0.029664 4.678952 0.030821
v -0.020821 4.680968 0.022743
v -0.081780 4.783604 -0.001798
v -0.083164 4.792427 -0.037219
v -0.071331 4.768626 0.013214
v -0.030491 4.693930 0.049093
v -0.083966 4.823209 0.046519
v -0.074241 4.792427 -0.006351
v -0.234480 5.115613 -0.061566
v -0.216650 5.097361 -0.073022
v -0.073517 4.808233 0.061531
v -0.237351 5.136023 -0.042703
v -0.061210 4.810337 0.063737
v -0.309694 5.212114 0.005763
v -0.096992 4.965696 0.156974
v -0.221534 5.188672 0.086290
v -0.260826 5.212114 0.174800
v -0.228272 5.182719 0.006002
v -0.208056 5.182719 0.075931
v -0.190306 5.182719 0.137330
v 0.088769 4.278903 -0.159784
v 0.096125 4.278903 -0.134341
v 0.129215 4.278903 -0.019879
v 0.090891 4.264019 -0.137597
v 0.086080 4.264019 -0.154238
v -0.053510 4.680968 -0.090329
v -0.070375 4.739467 -0.066954
v -0.055399 4.717880 -0.045304
v -0.082031 4.770703 -0.063642
v -0.046444 4.717880 -0.014329
v -0.020066 4.699783 0.051636
v -0.059183 4.770703 0.015391
v -0.047557 4.739467 0.011972
v -0.076180 4.829318 0.038469
v -0.221366 5.131997 -0.040957
v -0.216723 5.188672 0.102931
v -0.199797 5.182719 0.104500
v 0.126526 4.264019 -0.014333
v -0.211615 -2.100723 -0.529849
v -0.199937 -2.112900 -0.497666
v -0.151241 -2.151554 -0.540840
v -0.150829 -2.154247 -0.506606
v -0.375686 -1.885735 -0.465672
v -0.394961 -1.929175 -0.462163
v -0.397319 -1.867868 -0.461733
v -0.294007 -1.934900 -0.514850
v -0.398674 -1.934900 -0.495795
v -0.285628 -1.929175 -0.482066
v -0.453305 -1.879370 -0.485850
v -0.453305 -1.772984 -0.485850
v -0.441627 -1.770612 -0.453667
v -0.441627 -1.881742 -0.453667
v -0.170604 -2.060331 -0.537315
v -0.162226 -2.054605 -0.504531
v -0.573408 -1.650906 -0.463986
v -0.565030 -1.645180 -0.431202
v -0.403365 -1.867868 -0.494941
v -0.381731 -1.885735 -0.498880
v -0.569670 -2.911517 -0.186899
v 0.148242 -2.955633 -0.317593
v -0.547250 -1.389672 -0.190981
v -0.304903 -1.885735 -0.478557
v -0.283270 -1.867868 -0.482496
v -0.600043 -1.650906 -0.459137
v -0.593914 -1.645180 -0.425944
v -0.397319 -1.784486 -0.461733
v -0.310949 -1.885735 -0.511765
v 0.259341 -2.988699 -0.279571
v -0.403365 -1.784486 -0.494941
v -0.119272 -2.001448 -0.546659
v -0.115560 -2.007174 -0.513027
v -0.522076 -1.592023 -0.473330
v -0.518364 -1.597748 -0.439698
v -0.238963 -1.881742 -0.490562
v -0.593215 -1.597748 -0.426071
v -0.289316 -1.867868 -0.515704
v -0.381731 -1.766620 -0.498880
v -0.375686 -1.766620 -0.465672
v -0.599176 -1.592023 -0.459295
v -0.394961 -1.723180 -0.462163
v -0.239375 -1.772984 -0.524795
v -0.238963 -1.770612 -0.490562
v -0.239375 -1.879370 -0.524795
v -0.398674 -1.717454 -0.495795
v -0.289315 -1.784486 -0.515704
v -0.283270 -1.784486 -0.482496
v -0.310949 -1.766620 -0.511765
v -0.304903 -1.766620 -0.478558
v -0.285628 -1.723180 -0.482066
v 0.164738 -2.054605 -0.564054
v 0.099298 -2.060331 -0.586449
v -0.294007 -1.717454 -0.514850
v 0.210397 -2.988699 -0.548428
v -0.170604 -1.592023 -0.537315
v -0.162226 -1.597748 -0.504532
v 0.164738 -2.007174 -0.564054
v 0.099298 -2.001448 -0.586449
v -0.158605 -1.548348 -0.539499
v -0.158193 -1.536039 -0.505266
v 0.099298 -1.650906 -0.586449
v -0.115560 -1.645180 -0.513027
v -0.119272 -1.650906 -0.546659
v -0.309030 -1.072126 -0.234348
v -0.015118 -1.421733 -0.565620
v -0.014705 -1.409429 -0.531387
v -0.219083 -1.496568 -0.528489
v -0.207405 -1.493905 -0.496307
v -0.596195 -1.389672 -0.459837
v -0.357974 -1.072126 -0.503205
v 0.164738 -1.597748 -0.564054
v 0.164738 -1.645180 -0.564054
v -0.075492 -1.370075 -0.554630
v -0.063814 -1.367411 -0.522447
v 0.099298 -2.955633 -0.586449
v -0.075492 -0.595080 -0.554630
v -0.063814 -0.600806 -0.522447
v -0.015118 -0.648550 -0.565621
v -0.014705 -0.642824 -0.531387
v 0.210397 0.698459 -0.548428
v -0.357974 0.474876 -0.503205
v -0.357974 0.623453 -0.503205
v 0.259342 0.698459 -0.279572
v -0.207405 0.316550 -0.496307
v -0.158193 0.369333 -0.505266
v 0.099298 0.862204 -0.586450
v 0.148243 0.862204 -0.317593
v 0.164738 -0.642824 -0.564054
v 0.099298 -0.648550 -0.586450
v 0.099298 -0.595080 -0.586450
v 0.164738 -0.600806 -0.564054
v 0.099298 -1.592023 -0.586449
v -0.351929 0.483979 -0.469997
v -0.351929 0.613974 -0.469997
v -0.309029 0.722664 -0.234348
v -0.357974 0.722664 -0.503205
v -0.219083 0.314533 -0.528489
v -0.158605 0.371248 -0.539499
v -0.565030 -2.007173 -0.431202
v -0.518364 -2.054605 -0.439698
v -0.522076 -2.060331 -0.473330
v -0.199937 -2.456268 -0.497666
v -0.150829 -2.507927 -0.506606
v -0.573408 -2.001447 -0.463986
v -0.151241 -2.513653 -0.540840
v -0.211615 -2.450542 -0.529849
v -0.605208 -2.001447 -0.458196
v -0.599945 -2.054605 -0.424846
v -0.599247 -2.007173 -0.424973
v -0.606075 -2.060331 -0.458039
v -0.605863 -2.456268 -0.423769
v -0.611824 -2.450542 -0.456992
v -0.606624 -2.507927 -0.423630
v -0.612754 -2.513653 -0.456823
v -0.618615 -2.911517 -0.455756
v -0.357974 -0.262974 -0.503205
v -0.300437 -0.339643 -0.513679
v -0.347906 -0.366006 -0.447898
v -0.153888 0.784942 -0.540358
v -0.206664 0.768837 -0.530750
v -0.173440 0.719802 -0.536799
v -0.133500 0.784460 -0.419394
v -0.507350 -1.271242 -0.476011
v -0.436950 -1.190732 -0.432063
v -0.404982 -1.218354 -0.494647
v 0.099298 -0.387438 -0.586450
v 0.210397 -0.440670 -0.548428
v 0.210397 -0.382538 -0.548428
v 0.231545 -0.391124 -0.432263
v 0.210397 -1.839836 -0.548428
v 0.210397 -1.322925 -0.548428
v 0.220287 -1.377329 -0.494105
v 0.188871 -1.379553 -0.555795
v -0.626588 1.507648 0.099305
v -0.353963 1.271926 0.300259
v -0.670223 2.082376 0.302473
v -0.630927 2.080171 0.096107
v -0.855096 2.253357 0.166202
v -0.796632 2.233425 -0.026036
v -0.578517 1.997120 0.370070
v -0.794755 2.355075 0.210679
v -0.782439 2.362792 0.181865
v -0.837851 2.498309 0.140991
v -0.755260 2.407691 0.239791
v -0.748741 2.399978 0.206721
v -0.403062 2.048831 0.461701
v -0.530044 2.048833 0.368037
v -0.840279 2.582231 0.177124
v -0.837851 2.585429 0.140991
v -0.748741 2.683761 0.206721
v -0.412427 2.056509 0.492496
v -0.794755 2.728662 0.210679
v -0.782439 2.720945 0.181865
v -0.513273 3.372549 0.182831
v -0.353963 3.240678 0.300259
v -0.755260 2.676047 0.239791
v -0.855096 3.084050 0.166201
v -0.845674 3.076326 0.135221
v -0.664112 3.076326 0.269145
v -0.579474 2.728640 0.369365
v -0.515739 3.690131 0.181013
v -0.796632 3.916875 -0.026036
v -0.412427 3.243761 0.492496
v -0.453492 3.277754 0.462226
v -0.845674 2.432573 0.135221
v -0.855096 2.421643 0.166202
v -0.840279 2.501507 0.177124
v -0.403062 2.004370 0.461701
v -0.563108 2.004373 0.343647
v -0.412427 1.996693 0.492496
v -0.666678 2.362792 0.267252
v -0.632980 2.399978 0.292109
v -0.673190 2.355088 0.300286
v -0.855096 2.662094 0.166201
v -0.845674 2.651165 0.135221
v -0.625533 2.407677 0.335414
v -0.530044 2.683761 0.368037
v -0.563108 2.683761 0.343647
v -0.563108 2.720945 0.343647
v -0.532461 2.676071 0.404018
v -0.845674 3.035827 0.135221
v -0.855096 3.028103 0.166201
v -0.628650 3.035827 0.295302
v -0.530044 2.720945 0.368037
v -0.451078 2.683761 0.426284
v -0.631071 3.028126 0.331332
v -0.484775 2.720945 0.401428
v -0.501123 2.728631 0.427117
v -0.532461 2.728634 0.404018
v -0.453492 2.676079 0.462226
v -0.680500 3.084031 0.294898
v -0.532461 3.343122 0.404018
v -0.530044 3.348391 0.368037
v -0.501123 3.317181 0.427117
v -0.484775 3.310915 0.401428
v -0.451078 3.283018 0.426283
v -0.680500 3.775937 0.294898
v -0.628650 3.741666 0.295302
v -0.664112 3.770295 0.269145
v -0.562205 3.373188 0.344313
v -0.579474 3.694386 0.369365
v -0.631071 3.736036 0.331332
v -0.564594 3.689263 0.345982
v -0.532461 2.056523 0.404018
v -0.579474 2.676066 0.369365
v -0.412427 1.387487 0.492496
v -0.412427 1.774539 0.492496
v -0.446292 1.720826 0.467534
v -0.396444 1.698753 0.439940
v -0.668273 1.824835 0.303910
v -0.669548 1.993227 0.302971
v -0.639447 1.884671 0.325158
v -0.661447 1.883986 0.265369
v -0.611985 1.444471 0.345400
v -0.666241 1.556406 0.305408
v -0.644706 1.499923 0.194836
v -0.383519 1.271926 0.397441
v -0.449740 1.304188 0.464992
v -0.412427 1.324268 0.492496
v -0.835893 3.916875 0.103058
v -0.855096 3.870102 0.166201
v -0.818949 3.887696 0.192846
v -0.855096 3.525796 0.166201
v -0.855096 3.609936 0.166201
v -0.843989 3.549937 0.129679
v -0.760529 3.572581 0.235908
v -0.412427 2.546206 0.492496
v -0.412427 3.013892 0.492496
v -0.431858 2.828438 0.478173
v -0.402176 2.829186 0.458788
v -0.015680 -2.008321 -0.340340
v -0.012986 -1.987212 -0.370483
v -0.012986 -3.105120 -0.370483
v -0.015680 -3.116024 -0.340340
v -0.065296 -2.041905 -0.337817
v 0.239667 -3.025994 0.333005
v -0.923201 -1.970331 -0.072102
v -0.923201 -1.433301 -0.072102
v -0.939787 -1.451235 -0.076482
v -0.939787 -1.965014 -0.076482
v 0.784996 -3.303236 -0.046034
v 0.789591 -3.299283 -0.009478
v 0.448211 -3.593018 0.350383
v -0.809960 -1.310860 -0.370483
v -0.939787 -1.451235 -0.309702
v -0.939787 -2.008785 -0.035294
v -0.939787 -1.451235 -0.035294
v -0.923200 -1.433300 -0.039674
v -0.923200 -2.003468 -0.039674
v 0.841975 -3.254209 0.017207
v 0.455331 -2.708599 -0.204870
v -0.087996 -2.035534 -0.370483
v 0.245691 -3.023192 0.350383
v -0.685791 -2.119606 0.127154
v -0.411462 -2.119609 0.267717
v -0.643825 -2.066536 0.148657
v 0.174563 -2.963278 0.350383
v 0.180586 -2.976228 0.333005
v -0.681432 -2.966874 -0.356692
v -0.681432 0.975803 -0.356693
v 0.939787 -3.170048 0.028546
v -0.699962 -2.129011 0.148385
v 0.739832 -3.342097 0.350383
v -0.939787 -1.451235 0.030684
v -0.764275 -1.261464 -0.370483
v 0.784996 -2.711606 -0.046034
v 0.859943 -3.238749 -0.009924
v -0.368027 -2.066539 0.289973
v 0.458745 -2.700301 -0.178008
v -0.764275 -1.261464 0.116822
v -0.631517 -2.965631 -0.356692
v -0.422615 -2.127036 0.284501
v -0.365198 -2.059522 0.312680
v -0.640205 -2.057557 0.177712
v 0.939787 -3.170048 0.245423
v 0.462476 -1.930198 -0.176107
v 0.509357 -2.636333 -0.152226
v 0.365935 -1.872962 -0.247942
v -0.764275 -1.187018 0.116822
v -0.029099 -2.377416 0.323451
v 0.029858 -2.427045 0.323452
v 0.640054 -2.377416 0.323452
v 0.509357 -1.957992 -0.152226
v 0.789591 -2.700305 -0.009478
v 0.459098 -1.928195 -0.203055
v 0.841975 -2.636337 0.017207
v 0.699011 -2.427045 0.323452
v 0.522719 -1.965914 -0.172402
v 0.939787 -2.213181 0.028546
v 0.365935 -1.872962 0.350383
v 0.859943 -2.624353 -0.009924
v 0.522719 -2.627421 -0.172402
v -0.631517 0.933786 -0.356693
v -0.626737 0.929006 -0.370484
v 0.939787 -2.213181 0.245423
v 0.365935 -1.477145 -0.247942
v 0.640054 -2.035478 0.323452
v -0.681219 2.322140 0.129496
v 0.699011 -2.070432 0.323452
v 0.435899 -1.223331 -0.214233
v 0.365935 -1.477145 0.350383
v 0.739832 -2.094634 0.350383
v 0.630719 -2.029944 0.350383
v -0.748398 -1.185408 0.124614
v -0.748398 -1.139145 0.124614
v -0.748398 -0.868704 -0.195771
v -0.748398 -0.883181 -0.238580
v 0.582169 -1.565624 0.158037
v 0.708345 -2.075966 0.350383
v 0.582169 -1.377470 -0.143758
v -0.748398 -0.098498 -0.039330
v -0.748398 -0.098501 -0.238581
v -0.748398 -0.138508 -0.195771
v 0.433486 -1.220170 -0.185485
v -0.764275 -1.124564 0.116822
v -0.748397 -0.138505 0.002032
v 0.565882 -1.558959 0.165318
v 0.582169 -1.374610 -0.119557
v 0.565882 -1.558959 0.220007
v -0.764275 -0.144051 0.008973
v -0.038434 -2.368081 0.350383
v 0.630719 -2.368081 0.350383
v 0.582169 -1.277824 -0.119557
v 0.708345 -2.436380 0.350383
v 0.039193 -2.436380 0.350383
v 0.479213 -1.167387 -0.165209
v 0.497342 -1.164322 -0.184629
v 0.582169 -1.257987 -0.143758
v 0.582169 -1.565624 0.227287
v -0.748398 0.760058 -0.002474
v -0.764275 -0.092955 -0.245486
v -0.764275 -0.885399 -0.245485
v 0.582169 -0.108998 -0.047152
v -0.764275 -0.866533 -0.188866
v -0.764275 -0.144053 -0.188866
v -0.748398 0.781062 -0.039330
v -0.764275 0.821599 -0.370484
v 0.435899 0.895626 -0.214233
v -0.939787 1.011370 -0.287907
v -0.939787 1.011370 -0.231419
v -0.927300 0.997869 -0.222344
v -0.927299 0.997868 -0.181847
v -0.686212 0.980583 -0.370484
v -0.939787 1.011370 0.030684
v -0.939787 1.011370 -0.172772
v -0.791537 1.581113 -0.357657
v -0.764275 0.821599 0.116821
v -0.764275 0.791797 -0.046235
v 0.582169 -0.108998 0.158037
v 0.582169 0.749564 0.350383
v -0.939787 1.583504 -0.287907
v 0.582169 0.749564 -0.143758
v -0.643825 2.350003 0.148657
v 0.284051 1.047257 -0.287395
v -0.939787 1.589977 -0.267652
v -0.789806 1.589977 -0.330649
v -0.764275 -0.092953 -0.046235
v 0.433486 0.898035 -0.185486
v -0.939787 1.641636 -0.267652
v -0.835827 1.641636 -0.311319
v -0.939787 1.648109 -0.287907
v -0.851916 1.649526 -0.329249
v -0.184252 0.259069 0.350383
v -0.120959 0.346445 0.350383
v -0.175094 0.287325 0.323959
v 0.565882 -0.101149 -0.039872
v -0.130118 0.349414 0.323959
v 0.565882 -0.101149 0.165317
v 0.582169 -0.032284 0.227287
v 0.565882 -0.040132 0.014818
v 0.582169 -0.032284 0.022098
v 0.565882 -0.040132 0.220007
v -0.695270 2.326999 0.150687
v 0.582169 0.749564 0.022098
v 0.284051 1.047257 0.350383
v 0.582169 0.749564 -0.047152
v -0.791537 4.100357 -0.357657
v 0.264591 1.313090 -0.296771
v 0.264591 1.357682 -0.296771
v -0.927300 2.236530 -0.222344
v -0.927299 2.207096 -0.181847
v -0.927300 2.236532 -0.081062
v -0.939787 2.201427 -0.172772
v -0.927300 2.207098 -0.041935
v -0.939787 2.201429 -0.032813
v 0.497342 0.834270 -0.184629
v 0.479213 0.852373 -0.165209
v 0.565882 0.765828 -0.039872
v 0.284051 1.309392 -0.287395
v -0.939787 4.000610 -0.287907
v 0.565882 0.765828 0.014818
v -0.851916 4.059733 -0.329250
v -0.130532 1.743300 -0.370484
v -0.124927 1.820396 -0.370484
v -0.121999 1.762526 -0.350011
v -0.313683 0.975803 -0.356693
v -0.318463 0.980583 -0.370484
v -0.313683 3.973574 -0.356693
v -0.118011 1.817401 -0.350015
v 0.086431 1.971100 -0.370484
v 0.264591 1.492710 -0.022765
v -0.939787 3.350245 0.030683
v 0.034461 1.992628 -0.370484
v 0.284051 1.374013 -0.287395
v 0.264591 1.506722 -0.076045
v 0.079417 1.973914 -0.350191
v 0.041527 1.989868 -0.350157
v -0.764275 0.762932 0.004413
v 0.284051 1.509381 -0.086917
v 0.284051 1.489992 -0.011893
v -0.289343 3.345519 0.349907
v 0.284051 1.725173 0.196753
v -0.939787 4.000610 -0.036679
v -0.927299 4.009013 -0.045754
v 0.284051 3.511545 -0.287395
v -0.764275 4.118701 -0.370484
v -0.640205 2.367385 0.177712
v 0.284051 1.420402 0.350383
v -0.835827 4.070558 -0.311319
v -0.008623 1.725173 0.350383
v -0.263767 0.933786 -0.356693
v -0.927300 4.009013 -0.081062
v -0.939787 3.354514 0.016447
v -0.290312 3.354513 0.323959
v -0.939787 3.397243 -0.000519
v -0.290312 3.397242 0.323959
v -0.939787 3.407309 0.030683
v -0.939787 4.000610 -0.090137
v -0.789806 4.101522 -0.330649
v -0.939787 4.000610 0.030683
v -0.939787 2.242198 -0.231419
v -0.289343 3.406236 0.349907
v 0.284051 3.120149 -0.267698
v 0.264591 3.126940 -0.256771
v 0.284051 3.120147 -0.086917
v -0.318463 3.977268 -0.370484
v 0.264591 3.126937 -0.076045
v -0.258987 3.931295 -0.370484
v 0.264591 3.165666 -0.205293
v 0.284051 3.172456 -0.194421
v 0.264591 3.165663 -0.022765
v -0.263767 3.934990 -0.356693
v 0.284051 2.784583 0.196752
v 0.284051 2.969697 0.350383
v -0.008623 2.784583 0.350383
v 0.034461 3.704470 -0.370484
v -0.623752 4.213248 0.185786
v -0.120959 3.056767 0.350383
v 0.086431 3.664299 -0.370484
v 0.079417 3.669720 -0.350191
v 0.111600 3.644843 -0.370484
v 0.284051 3.511545 -0.264512
v 0.264591 3.526587 -0.253518
v 0.284051 3.172453 -0.011893
v -0.184252 3.345354 0.350383
v -0.175094 3.354512 0.323959
v 0.041527 3.699008 -0.350157
v -0.130118 3.397241 0.323959
v -0.120959 3.406400 0.350383
v -0.288375 3.954011 0.350383
v 0.264591 3.526587 -0.205293
v 0.284051 3.511545 -0.194421
v 0.141096 3.622044 0.323959
v 0.103438 3.651153 0.323959
v 0.150255 3.614965 0.350383
v 0.094279 3.658233 0.350383
v -0.939787 2.242200 -0.090137
v -0.258987 0.929006 -0.370484
v -0.130118 3.003689 0.323959
v -0.130118 3.047607 0.323959
v 0.141096 3.003689 0.323959
v 0.103438 3.047607 0.323959
v -0.120959 2.994531 0.350383
v 0.150255 2.994531 0.350383
v 0.094279 3.056767 0.350383
v 0.448211 -3.593018 -0.208301
v -0.368027 -4.359164 0.289974
v -0.071362 -3.179992 -0.337508
v 0.309870 -3.106856 -0.274955
v -0.411462 -4.339962 0.267718
v -0.923200 -2.110159 -0.219461
v -0.923200 -2.077022 -0.251889
v -0.939787 -2.115476 -0.215081
v -0.304328 -2.361673 -0.370483
v -0.313898 -2.380200 -0.342872
v -0.370770 -2.408823 -0.370483
v 0.111600 -3.107424 -0.370483
v -0.361224 -2.413784 -0.342872
v 0.296781 -3.116028 -0.253122
v 0.111261 -3.116025 -0.348156
v -0.939787 -2.071704 -0.256270
v 0.243632 -3.179996 -0.275600
v 0.180586 -5.068352 0.333006
v 0.238271 -3.190580 -0.309452
v 0.111261 -3.179994 -0.348156
v -0.094380 -3.192399 -0.370483
v 0.111600 -3.188595 -0.370483
v -0.367011 -3.551871 -0.342872
v 0.245691 -5.002227 0.350384
v -0.626737 -2.970294 -0.370483
v 0.239667 -5.008345 0.333006
v -0.686212 -2.971774 -0.370483
v -0.376630 -3.561441 -0.370483
v -0.029099 -5.281323 0.323452
v 0.029858 -5.221442 0.323452
v -0.661010 -3.408848 0.167502
v -0.939787 -3.412867 0.030684
v -0.668293 -3.424088 0.118589
v 0.448201 -4.796543 -0.208305
v -0.939787 -3.424084 -0.002919
v -0.721235 -3.488055 0.094894
v 0.448201 -4.796543 0.350384
v -0.365198 -4.361972 0.312680
v -0.304328 -3.478332 -0.370483
v -0.313898 -3.487903 -0.342872
v -0.741621 -3.502132 0.127940
v -0.939787 -3.499270 0.030684
v -0.422615 -4.337053 0.284501
v 0.174563 -5.074470 0.350384
v -0.939787 -3.488053 -0.002919
v -0.721235 -4.402912 0.094895
v -0.454746 -4.534038 0.268732
v 0.309870 -4.937042 -0.274955
v 0.039193 -5.211961 0.350384
v -0.504504 -4.509554 0.220044
v -0.554610 -4.484900 0.219721
v 0.238271 -5.009763 -0.309452
v -0.500276 -4.511635 0.246387
v 0.243632 -5.004317 -0.275600
v -0.543829 -4.490204 0.199894
v -0.661010 -4.432546 0.167502
v 0.296781 -4.950336 -0.253122
v -0.288375 -5.309893 0.350384
v 0.044720 -3.478336 -0.370483
v 0.035149 -3.487906 -0.342872
v -0.741621 -4.392881 0.127940
v -0.668293 -4.428962 0.118589
v -0.454746 -4.534038 -0.370483
v -0.939787 -4.295374 0.030684
v -0.019822 -3.551875 -0.342872
v 0.111600 -5.138419 -0.370483
v -0.923200 -4.303536 -0.219461
v -0.038434 -5.290805 0.350384
v -0.029393 -3.561445 -0.370483
v -0.057228 -5.309893 0.350384
v -0.454746 -5.309893 0.268732
v -0.939787 -4.295374 -0.309702
v -0.923200 -4.303536 -0.251889
v 0.044720 -5.206347 -0.370483
v -0.057228 -5.309893 -0.370483
v 0.035149 -5.216068 -0.342872
v -0.939787 -4.295374 -0.215081
v -0.019822 -5.271901 -0.342872
v -0.029393 -5.281621 -0.370483
v -0.809960 -4.359256 -0.370483
v -0.939787 -4.295374 -0.256270
v -0.454746 -5.309893 -0.370483
v 0.582169 0.299480 0.350383
v 0.582169 -0.436340 0.350383
v 0.544043 -0.085812 0.350383
v 0.535275 0.222073 0.350383
v 0.582169 0.211699 0.306425
v 0.582169 -0.061756 0.302733
v 0.511815 0.819818 0.350383
v 0.331686 0.999690 0.350383
v 0.453491 0.878058 0.268554
v 0.434151 0.856801 0.350383
v 0.247858 1.458090 0.350383
v 0.181446 1.568565 0.329555
v 0.130453 1.510770 0.350383
v -0.034578 2.221259 0.350383
v -0.008623 2.510040 0.350383
v 0.015099 2.230313 0.337931
v 0.284051 2.216115 0.196752
v 0.284051 2.283849 0.196752
v 0.284051 2.204826 0.103315
v 0.189283 2.292475 0.246498
v 0.284051 3.380540 0.350383
v 0.284051 3.216689 0.316440
v 0.251366 3.204972 0.350383
v 0.284051 3.474601 0.350383
v 0.284051 3.511544 0.108869
v 0.263882 3.527135 0.350383
v 0.284051 2.058570 -0.086917
v 0.284051 2.676371 -0.086917
v 0.264591 2.377086 -0.076045
v 0.284051 2.387999 -0.124732
v 0.284051 3.172456 -0.155035
v 0.284051 3.172455 -0.112069
v 0.264591 3.165664 -0.126905
v 0.284051 3.214364 -0.129223
v 0.264591 3.126938 -0.130748
v 0.284051 3.120147 -0.147466
v 0.284051 3.120147 -0.113981
v 0.284051 3.068378 -0.135681
v 0.202298 2.917989 0.350383
v 0.070500 2.862374 0.350383
v 0.141277 2.923433 0.350383
v 0.196810 2.893207 0.332696
v 0.101876 2.837722 0.336481
v 0.053001 3.056767 0.350383
v -0.006271 3.047607 0.323959
v -0.010165 3.089489 0.350383
v -0.184252 3.214579 0.350383
v -0.184252 2.959179 0.350383
v -0.175094 3.164353 0.323959
v -0.206059 3.178085 0.350284
v 0.027995 3.709468 0.350383
v -0.034773 3.757986 0.333280
v -0.053638 3.743287 0.350358
v -0.184252 1.506755 0.350383
v -0.184252 0.766674 0.350383
v -0.212053 1.075540 0.350257
v -0.175094 1.067828 0.323959
v -0.404144 3.406425 0.293566
v -0.640568 3.397243 0.148971
v -0.651529 3.441141 0.172154
v -0.939787 2.418580 0.030684
v -0.939787 1.787470 0.030684
v -0.906178 2.367617 0.047178
v -0.939787 2.362231 0.005241
v -0.640205 0.406782 0.177712
v -0.640205 -0.176836 0.177712
v -0.643825 -0.077013 0.148657
v -0.597099 -0.082867 0.198868
v -0.634154 -2.128542 0.180682
v -0.556502 -2.119607 0.193401
v -0.563908 -2.150797 0.215157
v -0.422615 -3.216581 0.284501
v -0.422615 -3.798492 0.284501
v -0.411462 -3.348074 0.267717
v -0.450222 -3.349435 0.270952
v -0.842022 0.905663 0.078665
v -0.893710 0.961550 0.053297
v -0.839975 1.123078 0.079669
v -0.842871 0.906581 -0.014675
v -0.694510 4.165640 -0.370484
v -0.623752 4.213248 -0.233627
v -0.557824 4.162287 -0.370484
v -0.623752 4.213248 -0.027650
v -0.623752 4.213248 -0.071490
v -0.703442 4.159630 -0.054100
v -0.536347 4.145686 -0.057113
v -0.747576 4.129935 0.125017
v -0.806622 4.090208 0.022508
v -0.782213 4.061289 0.108018
v -0.764275 -0.940572 -0.370483
v -0.764275 -0.336053 -0.370483
v -0.733403 -0.678566 -0.370483
v -0.764275 -0.658919 -0.318163
v -0.764275 -1.003539 -0.026556
v -0.764275 -0.875914 -0.177752
v -0.764275 -0.863677 -0.188866
v -0.748398 -0.960253 -0.087315
v -0.764275 -0.926017 -0.055162
v -0.809960 -1.847651 -0.370483
v -0.809960 -2.532881 -0.370483
v -0.849190 -2.441265 -0.352117
v -0.770660 -2.431931 -0.370483
v -0.939787 -2.360971 0.030684
v -0.939787 -2.457951 0.030684
v -0.813874 -2.335416 0.092480
v -0.939787 -2.427616 -0.015613
v -0.939787 2.422214 -0.287907
v -0.939787 3.208375 -0.287907
v -0.904429 2.643630 -0.304543
v -0.891222 3.099459 -0.310757
v -0.939787 3.127784 -0.249519
v -0.939787 2.675469 -0.251398
v -0.903772 2.666313 -0.304852
v -0.626737 0.450250 -0.370484
v -0.626737 0.006677 -0.370483
v -0.631517 0.399027 -0.356693
v -0.591447 0.417282 -0.370484
v 0.582169 -0.616392 -0.143758
v 0.582169 -0.097428 -0.143758
v 0.582169 -0.202007 -0.054972
v 0.535668 -0.207576 -0.166163
v 0.523460 -1.541601 0.350383
v 0.582169 -1.565624 0.283582
v 0.582169 -1.406044 0.350383
v 0.365935 -1.587883 0.350383
v 0.328293 -1.681598 0.350383
v 0.365935 -1.685787 0.280312
v 0.643387 -2.037454 -0.114263
v 0.660092 -2.047359 -0.020473
v 0.695087 -2.125211 -0.089353
v 0.440679 -1.507729 -0.211930
v 0.582169 -1.565624 -0.041037
v 0.582169 -1.515720 -0.143758
vn -0.6701 -0.7317 -0.1248
vn 0.9831 -0.0000 0.1831
vn -0.3770 -0.0000 -0.9262
vn -0.5934 -0.7542 -0.2814
vn -0.5936 -0.7540 -0.2814
vn -0.6545 0.6971 -0.2927
vn 0.7160 -0.6971 -0.0375
vn -0.5936 -0.0000 0.8048
vn -0.9831 -0.0000 -0.1831
vn 0.7160 0.6971 -0.0375
vn -0.6545 -0.6971 -0.2928
vn 0.6490 0.7592 -0.0500
vn -0.6545 0.6971 -0.2928
vn 0.1831 -0.0000 -0.9831
vn -0.6111 0.7833 -0.1138
vn -0.3771 -0.0000 -0.9262
vn 0.6522 -0.7580 -0.0000
vn -0.7341 0.6790 -0.0000
vn 0.7090 -0.6928 0.1321
vn -0.3873 -0.0000 -0.9220
vn 0.0308 0.9858 -0.1651
vn 0.0308 -0.9858 -0.1651
vn 0.9999 -0.0000 0.0154
vn -0.5324 -0.7377 -0.4152
vn 0.0498 -0.9623 -0.2672
vn -0.8994 -0.0000 -0.4372
vn 0.6461 -0.7377 -0.1956
vn -0.5324 0.7377 -0.4152
vn -0.6545 -0.6971 -0.2927
vn 0.9965 -0.0000 -0.0840
vn 0.0498 0.9623 -0.2672
vn 0.6462 0.7377 -0.1956
vn -0.9384 -0.0000 -0.3456
vn 0.0307 -0.9858 -0.1651
vn -0.4977 -0.4327 -0.7517
vn -0.0944 -0.0000 0.9955
vn -0.2692 0.0981 -0.9581
vn 0.1288 -0.9297 0.3451
vn -0.6732 0.1197 -0.7297
vn 0.9523 0.2913 -0.0911
vn 0.3102 0.8858 -0.3450
vn -0.1791 -0.0000 -0.9838
vn -0.4847 -0.6100 -0.6269
vn 0.9543 0.2901 -0.0718
vn -0.4526 -0.1277 -0.8825
vn -0.4540 0.0452 -0.8898
vn 0.3604 -0.9322 0.0323
vn 0.3603 -0.9322 0.0341
vn 0.3878 -0.9206 0.0470
vn -0.0209 0.9752 0.2205
vn -0.9955 -0.0000 -0.0944
vn -0.4629 -0.8858 -0.0333
vn -0.6463 -0.7458 0.1613
vn 0.5728 -0.8035 0.1619
vn 0.3809 -0.9133 0.1441
vn 0.5863 -0.8082 0.0556
vn 0.4893 -0.8669 0.0950
vn -0.0209 -0.9752 0.2205
vn 0.6656 -0.6895 0.2856
vn -0.0000 -0.0000 -1.0000
vn 0.6656 0.6895 0.2856
vn -0.7074 -0.6895 0.1555
vn 0.5984 0.7510 0.2792
vn 0.9955 -0.0000 0.0944
vn -0.7074 0.6895 0.1555
vn 0.6168 0.7850 0.0585
vn -0.7270 0.6196 0.2960
vn -0.6280 -0.6323 0.4537
vn -0.6461 -0.7460 0.1613
vn 0.9499 -0.0000 0.3126
vn -0.9917 -0.0000 0.1285
vn -0.6163 -0.7174 0.3249
vn 1.0000 -0.0000 -0.0000
vn -0.0000 -0.0000 1.0000
vn -0.0317 -0.9418 0.3346
vn -0.9714 -0.0000 0.2375
vn 0.5442 -0.7174 0.4349
vn -0.6163 0.7174 0.3249
vn -0.9838 -0.0000 0.1794
vn 0.9095 -0.0000 0.4158
vn -0.0317 0.9418 0.3346
vn 0.5443 0.7174 0.4349
vn 0.5696 0.8202 0.0540
vn -0.6960 -0.0000 0.7181
vn 0.1501 -0.0000 0.9887
vn 0.5984 0.7934 0.1115
vn -0.9262 -0.0000 0.3770
vn -0.9220 -0.0131 0.3870
vn -0.9085 0.0092 0.4179
vn 0.0624 -0.0000 -0.9981
vn -0.0648 0.7949 0.6032
vn -0.4703 -0.7906 -0.3921
vn -0.5916 0.7201 0.3627
vn 0.4965 -0.6662 -0.5565
vn -0.7440 0.6662 -0.0515
vn 0.7290 -0.0000 0.6845
vn -0.7853 -0.4625 -0.4117
vn 0.9681 -0.0000 -0.2504
vn 0.4964 0.6662 -0.5565
vn 0.4965 0.6662 -0.5565
vn -0.7853 0.4624 -0.4116
vn 0.2745 -0.4625 -0.8431
vn -0.7440 -0.6662 -0.0516
vn 0.2745 0.4625 -0.8431
vn -0.0222 0.9377 0.3467
vn -0.0222 -0.9377 0.3467
vn -0.7522 0.6479 -0.1203
vn -0.9119 -0.0000 0.4103
vn 0.6339 -0.6931 0.3434
vn -0.6482 0.6592 0.3812
vn -0.2156 -0.9539 0.2089
vn 0.1314 0.9278 0.3491
vn 0.3408 -0.0124 0.9400
vn -0.6328 0.7122 0.3040
vn 0.3694 0.8970 0.2428
vn 0.7001 -0.3525 0.6209
vn 0.2219 -0.9550 0.1969
vn -0.0582 0.0065 -0.9983
vn 0.8641 0.3600 -0.3518
vn 0.0082 0.9245 0.3811
vn -0.0250 -0.0205 0.9995
vn -0.6255 -0.6654 0.4073
vn 0.1289 0.9383 0.3209
vn 0.3534 0.0158 0.9353
vn -0.0696 -0.0000 0.9976
vn 0.1254 -0.9375 0.3246
vn 0.6580 -0.7114 0.2471
vn -0.6308 0.6246 0.4603
vn 0.3763 0.0002 0.9265
vn 0.3770 -0.0000 0.9262
vn -0.0250 0.0411 0.9988
vn -0.0084 -0.9426 0.3339
vn 0.8756 0.3421 -0.3409
vn 0.1213 0.9380 0.3247
vn 0.3705 -0.0000 0.9288
vn 0.1474 -0.9174 0.3696
vn 0.1287 0.9377 0.3226
vn -0.4406 -0.0000 0.8977
vn -0.2427 0.7653 -0.5962
vn -0.1633 -0.9014 -0.4011
vn 0.7516 -0.0000 -0.6596
vn -0.9229 -0.0241 0.3844
vn -0.9089 -0.0000 0.4170
vn -0.7215 -0.2065 -0.6609
vn 0.0132 -0.0000 0.9999
vn -0.1240 0.9443 -0.3047
vn -0.6889 -0.0000 -0.7249
vn -0.9598 -0.0000 -0.2807
vn -0.2313 -0.7897 -0.5682
vn 0.8956 0.3617 -0.2589
vn -0.2313 0.7897 -0.5682
vn 0.4908 -0.0000 -0.8713
vn -0.9986 -0.0000 0.0529
vn -0.1240 -0.9443 -0.3047
vn 0.3745 -0.5922 0.7135
vn 0.9990 -0.0000 0.0450
vn 0.3695 -0.0000 0.9292
vn -0.6291 -0.0000 0.7773
vn -1.0000 -0.0000 -0.0000
vn -0.9989 -0.0000 -0.0471
vn -0.6889 -0.0075 -0.7248
vn 0.5429 0.8234 0.1651
vn -0.1992 -0.4890 -0.8493
vn 0.9668 -0.0000 -0.2556
vn -0.5699 -0.0000 0.8217
vn -0.0673 0.0033 0.9977
vn -0.0616 -0.0003 0.9981
vn -0.0638 -0.0000 0.9980
vn -0.7542 0.1110 -0.6472
vn 0.7287 -0.0000 0.6848
vn -0.5260 0.8490 -0.0499
vn -0.5690 0.0038 0.8223
vn 0.9262 -0.0000 -0.3770
vn -0.5588 0.1446 -0.8166
vn 0.5388 0.1828 0.8224
vn -0.5772 -0.2328 0.7827
vn -0.5487 0.1111 0.8286
vn -0.7711 -0.0992 -0.6289
vn -0.4938 0.6933 -0.5249
vn -0.3022 0.5194 -0.7993
vn -0.0688 -0.0052 0.9976
vn 0.5911 0.6557 0.4698
vn -0.6012 -0.5989 0.5290
vn -0.9256 0.1215 -0.3586
vn 0.1816 -0.1188 -0.9762
vn -0.3049 0.2000 -0.9311
vn 0.0631 0.1820 -0.9813
vn 0.9930 -0.1180 0.0066
vn 0.9953 0.0962 0.0135
vn 0.9902 0.1095 0.0862
vn 0.4646 0.1324 -0.8756
vn 0.0627 -0.1021 -0.9928
vn 0.1623 0.0843 -0.9831
vn -0.7698 0.0423 -0.6369
vn -0.0959 0.6144 -0.7832
vn -0.7318 0.1407 -0.6669
vn -0.9957 -0.0418 0.0833
vn -0.9971 0.0314 0.0691
vn 0.2049 0.0028 -0.9788
vn -0.0184 0.7728 -0.6344
vn 0.0479 0.1246 -0.9910
vn 0.2360 -0.2030 0.9503
vn 0.7867 -0.4595 0.4122
vn 0.3229 0.7728 0.5463
vn 0.4454 -0.4595 -0.7684
vn 0.6917 -0.6940 -0.1999
vn 0.6452 0.1616 0.7467
vn -0.0184 0.7728 -0.6343
vn 0.5693 0.1246 0.8126
vn 0.5428 0.3042 0.7828
vn 0.1473 0.1616 -0.9758
vn -0.0185 0.7728 -0.6343
vn 0.6453 0.1616 0.7467
vn 0.0544 0.9984 -0.0158
vn 0.8945 0.3648 -0.2586
vn 0.2462 0.6763 -0.6943
vn 0.9258 -0.2670 -0.2676
vn -0.6487 -0.7593 -0.0519
vn -0.0300 0.9859 -0.1645
vn 0.9400 -0.0000 -0.3411
vn 0.6559 0.6971 -0.2894
vn -0.6204 -0.7761 0.1129
vn -0.0299 0.9859 -0.1645
vn -0.0000 -1.0000 -0.0000
vn -0.9838 -0.0000 0.1791
vn -0.7158 -0.6971 -0.0397
vn 0.6204 -0.7761 -0.1129
vn -0.6204 0.7761 0.1129
vn -0.0300 -0.9859 -0.1645
vn -0.7158 0.6971 -0.0397
vn 0.9838 -0.0000 -0.1791
vn -0.0000 1.0000 -0.0000
vn 0.6204 0.7761 -0.1129
vn -0.9999 -0.0000 0.0120
vn 0.6559 -0.6971 -0.2894
vn 0.5949 0.7541 -0.2783
vn 0.5947 0.7543 -0.2782
vn 0.6606 0.7132 0.2342
vn 0.4341 -0.0000 -0.9009
vn 0.3238 -0.0000 -0.9461
vn 0.0837 -0.0000 0.9965
vn 0.6989 0.6518 -0.2945
vn -0.7864 -0.6169 -0.0329
vn 0.8339 0.5306 -0.1518
vn -0.3787 -0.9255 -0.0000
vn -0.3021 -0.9517 0.0550
vn -0.0594 -0.9982 0.0108
vn -0.2829 0.9578 0.0515
vn -0.9837 0.0150 0.1791
vn -0.6563 -0.4056 -0.6362
vn -0.8202 0.0563 -0.5693
vn -0.9430 0.2918 0.1601
vn 0.6770 0.5226 -0.5181
vn -0.8204 0.2332 -0.5220
vn -0.4611 0.7005 -0.5447
vn -0.7823 0.6064 0.1424
vn 0.0735 -0.9935 -0.0868
vn 0.5047 0.7571 -0.4148
vn 0.8615 -0.2717 -0.4289
vn 0.8901 0.0344 -0.4545
vn -0.9047 -0.4241 0.0404
vn -0.6292 -0.7692 -0.1116
vn 0.5147 0.7473 0.4202
vn -0.1456 0.9694 0.1974
vn -0.7440 -0.6681 0.0091
vn -0.7440 0.6681 0.0092
vn -0.1456 -0.9694 0.1974
vn 0.5147 -0.7473 0.4202
vn -0.5933 -0.0000 0.8050
vn 0.5586 0.8145 0.1568
vn 0.9567 -0.0000 0.2910
vn -0.9978 -0.0000 -0.0670
vn -0.1435 0.9696 0.1981
vn -0.1456 -0.9695 0.1974
vn 0.8437 -0.0000 0.5369
vn 0.9588 0.0057 0.2840
vn -0.5682 -0.8045 -0.1728
vn 0.8636 0.0017 0.5041
vn 0.8434 -0.0017 0.5372
vn 0.8440 0.0035 0.5363
vn -0.9567 -0.0000 -0.2910
vn 0.2236 -0.5232 0.8224
vn 0.5199 0.1162 0.8463
vn -0.9215 -0.1858 0.3412
vn -0.8920 0.3145 0.3246
vn -0.9823 -0.0085 -0.1870
vn -0.4560 -0.0000 0.8900
vn -0.6047 0.7168 0.3471
vn -0.6350 -0.4840 0.6021
vn -0.5950 0.7418 0.3094
vn 0.5449 -0.1212 0.8297
vn 0.5437 0.0798 0.8355
vn -0.9960 -0.0000 -0.0890
vn -0.9449 -0.0000 0.3275
vn -0.2553 -0.0000 0.9669
vn -0.2553 -0.0000 -0.9669
vn -0.4240 -0.0000 -0.9057
vn 0.8208 -0.0045 -0.5712
vn -0.4257 -0.0000 -0.9049
vn 0.9449 -0.0000 0.3275
vn 0.8320 -0.0012 0.5548
vn -0.6087 -0.7226 0.3275
vn 0.4765 -0.7396 -0.4754
vn 0.9922 -0.0045 -0.1247
vn -0.2191 -0.2345 -0.9471
vn -0.4350 0.5823 0.6868
vn -0.9923 -0.0000 0.1236
vn 0.4539 -0.0000 -0.8911
vn -0.1586 -0.9376 0.3095
vn 0.9922 -0.0000 -0.1247
vn 0.4648 -0.0000 0.8854
vn 0.1578 0.9377 -0.3097
vn -0.8337 -0.0000 -0.5522
vn 0.1577 -0.9377 -0.3097
vn -0.0000 0.9449 0.3275
vn -0.3598 0.7171 0.5969
vn 0.7349 0.6735 -0.0796
vn 0.9965 -0.0000 0.0836
vn 0.9449 -0.0000 -0.3275
vn 0.8850 -0.3014 -0.3550
vn -0.3297 0.9441 -0.0000
vn -0.0000 -0.9449 0.3275
vn -0.4809 -0.6781 -0.5558
vn -0.3986 -0.0046 -0.9171
vn -0.3988 -0.0000 0.9170
vn -0.7341 -0.6790 -0.0000
vn -0.3487 -0.8143 -0.4641
vn -0.1268 0.9448 -0.3020
vn -0.3297 -0.9441 -0.0000
vn 0.4054 -0.0000 -0.9142
vn -0.1268 -0.9449 -0.3020
vn -0.7652 0.5543 0.3275
vn 0.4341 0.9009 -0.0000
vn 0.4341 -0.9009 -0.0000
vn -0.0666 -0.0030 0.9978
vn -0.4134 0.9106 -0.0000
vn -0.1240 -0.0000 0.9923
vn 0.7443 -0.0000 -0.6678
vn 0.9421 -0.0685 -0.3283
vn 0.7066 0.7076 -0.0000
vn -0.6843 0.6518 -0.3269
vn 0.3897 0.7702 -0.5049
vn 0.6933 -0.6416 -0.3281
vn 0.3918 -0.7625 0.5149
vn -0.5871 -0.0017 -0.8095
vn 0.0944 -0.0000 -0.9955
vn 0.4081 -0.0000 0.9129
vn -0.5936 -0.0000 0.8047
vn 0.4081 -0.0000 -0.9129
vn -0.0000 -0.9449 -0.3275
vn -0.7310 -0.0000 -0.6824
vn -0.1546 0.9317 0.3287
vn -0.4212 0.3347 0.8430
vn -0.4469 -0.0000 0.8946
vn -0.1628 -0.9304 0.3286
vn -0.5582 0.8297 -0.0000
vn -0.5879 -0.0000 0.8089
vn -0.5879 -0.0000 -0.8089
vn 0.3295 0.9442 -0.0000
vn 0.4877 -0.0071 0.8730
vn 0.8164 -0.3028 0.4917
vn -0.8577 -0.0000 -0.5142
vn 0.6116 0.7912 -0.0000
vn 0.9322 0.3579 0.0547
vn -0.0003 0.0001 1.0000
vn -0.4134 -0.9106 -0.0000
vn -0.9980 -0.0000 0.0640
vn -0.0000 0.9449 -0.3275
vn 0.3811 -0.8135 0.4392
vn 0.5284 -0.3178 0.7873
vn 0.5100 0.8602 -0.0000
vn 0.3381 0.9360 -0.0978
vn -0.8712 -0.0785 -0.4846
vn -0.0009 -0.0000 -1.0000
vn 0.4877 -0.0000 0.8730
vn 0.9446 -0.0000 -0.3283
vn -0.9451 -0.0000 -0.3267
vn -0.2752 -0.5312 0.8013
vn -0.9449 -0.0000 -0.3275
vn 0.4877 -0.0000 -0.8730
vn 0.0867 -0.1189 0.9891
vn -0.3797 -0.7956 0.4721
vn -0.3797 0.7956 -0.4721
vn 0.5468 -0.7705 -0.3275
vn 0.1722 -0.9201 -0.3519
vn 0.4807 -0.0000 -0.8769
vn 0.1835 0.9182 -0.3510
vn -0.0174 0.9397 -0.3415
vn 0.9448 -0.0048 -0.3275
vn -0.0235 0.9446 -0.3275
vn -0.1403 -0.9392 0.3135
vn -0.1403 0.9392 0.3135
vn -0.4085 -0.0000 0.9128
vn -0.2761 -0.5483 0.7894
vn 0.8511 -0.0000 0.5250
vn 0.5401 -0.6920 0.4789
vn -0.4415 -0.8973 -0.0000
vn 0.3895 -0.0000 -0.9210
vn 0.7126 -0.7016 -0.0000
vn -0.7680 0.6170 0.1720
vn -0.9891 -0.0000 0.1473
vn 0.9877 -0.0000 -0.1564
vn -0.0172 -0.9329 -0.3597
vn 0.5944 -0.3601 0.7191
vn 0.7752 0.0221 0.6314
vn 0.7575 0.0824 0.6477
vn 0.7686 0.5511 0.3248
vn 0.4075 0.8558 0.3186
vn 0.2266 0.1470 0.9628
vn 0.1115 0.2484 0.9622
vn 0.2469 -0.0222 0.9688
vn 0.2410 0.0126 0.9705
vn 0.2602 -0.7372 0.6235
vn 0.5933 0.7992 -0.0965
vn 0.7368 -0.1372 0.6621
vn 0.6999 0.0972 0.7076
vn 0.9311 -0.0474 0.3615
vn 0.9243 0.0435 0.3792
vn 0.3294 -0.9442 -0.0000
vn 0.3295 -0.9442 -0.0000
vn 0.6751 0.1637 0.7193
vn 0.6808 0.2832 -0.6755
vn 0.6422 -0.2904 -0.7094
vn -0.0511 -0.5726 0.8182
vn 0.2185 -0.2533 0.9424
vn 0.2324 -0.2363 0.9435
vn -0.0000 -0.9448 0.3275
vn 0.1527 -0.5171 0.8422
vn 0.5742 -0.0373 0.8179
vn 0.6632 0.0664 0.7455
vn 0.3923 0.4369 0.8094
vn 0.2427 0.5864 0.7728
vn 0.4244 0.4076 0.8085
vn -0.0045 -0.0000 1.0000
vn 0.5863 0.0531 0.8084
vn -0.1516 -0.9407 0.3035
vn -0.4367 -0.5030 0.7459
vn -0.3321 -0.5040 0.7973
vn -0.7310 -0.2808 0.6219
vn -0.7818 0.0276 0.6230
vn -0.7336 -0.0353 0.6786
vn -0.7109 0.1726 0.6817
vn -0.1586 0.9376 0.3095
vn -0.1962 0.5919 0.7818
vn 0.8329 -0.0000 0.5535
vn 0.0819 0.0351 0.9960
vn 0.6146 -0.3220 0.7201
vn -0.9999 0.0094 0.0092
vn -0.5654 -0.8230 -0.0536
vn 0.0231 0.9405 -0.3391
vn 0.0187 0.4199 -0.9074
vn 0.0388 0.2557 0.9660
vn -0.8647 0.3462 0.3639
vn -0.4941 0.7710 0.4018
vn -0.8403 0.0990 -0.5330
vn -0.3988 -0.0000 -0.9170
vn -0.3593 -0.7131 -0.6020
vn -0.3595 -0.7131 -0.6019
vn -0.9354 -0.1224 -0.3316
vn -0.2260 -0.0152 -0.9740
vn -0.2372 0.0923 -0.9671
vn -0.7347 0.5674 0.3718
vn -0.8116 -0.2512 -0.5274
vn -0.7829 0.0026 -0.6221
vn -0.8279 0.0163 -0.5606
vn -0.3371 0.0290 -0.9410
vn 0.9179 0.0831 -0.3880
vn 0.8230 -0.3306 0.4619
vn 0.8721 0.1715 0.4582
vn 0.8696 0.4828 -0.1039
vn 0.5004 0.6889 -0.5244
vn 0.6655 -0.2882 0.6885
vn 0.1577 -0.8882 -0.4315
vn 0.1871 0.5364 0.8230
vn -0.7342 0.6790 -0.0000
vn -0.8994 -0.0000 -0.4371
vn 0.1207 -0.9352 0.3329
vn 0.1336 -0.9289 0.3455
vn -0.6645 -0.7212 0.1957
vn -0.7270 0.6196 0.2959
vn 0.5443 -0.7174 0.4349
vn 0.5984 0.7934 0.1114
vn 0.0623 -0.0000 -0.9981
vn -0.0613 0.7957 0.6025
vn -0.4704 -0.7906 -0.3921
vn -0.7131 0.6737 0.1941
vn -0.7853 -0.4624 -0.4116
vn 0.9662 0.0004 -0.2578
vn -0.7853 0.4625 -0.4116
vn -0.7440 -0.6662 -0.0515
vn -0.7508 0.6586 -0.0502
vn -0.9114 0.0074 0.4116
vn -0.9134 0.0095 0.4069
vn 0.6453 -0.7255 0.2393
vn -0.6177 0.6424 0.4536
vn -0.8791 -0.3149 0.3579
vn 0.1257 0.9378 0.3235
vn 0.3522 0.0170 0.9358
vn -0.2212 0.9711 0.0901
vn 0.4451 0.8245 0.3494
vn 0.8357 -0.0088 0.5491
vn 0.3130 -0.9017 0.2982
vn -0.0615 -0.0000 -0.9981
vn -0.0508 -0.0000 -0.9987
vn -0.0087 0.9381 0.3463
vn -0.6087 -0.6561 0.4462
vn 0.1251 0.9233 0.3631
vn 0.3721 0.0511 0.9268
vn -0.0635 -0.0065 0.9980
vn -0.0526 -0.0000 0.9986
vn 0.1196 -0.9410 0.3165
vn 0.6627 -0.7116 0.2334
vn -0.6356 0.6447 0.4247
vn 0.3759 -0.0000 0.9267
vn -0.0161 -0.9379 0.3465
vn 0.1156 0.9471 0.2994
vn 0.3485 -0.0937 0.9326
vn 0.1434 -0.9248 0.3523
vn 0.0307 0.9858 -0.1651
vn -0.9262 -0.0000 0.3771
vn -0.9284 -0.0280 0.3705
vn -0.9368 -0.0000 0.3498
vn 0.8627 0.3600 -0.3551
vn 0.8998 0.3579 -0.2496
vn 0.8611 0.3652 -0.3537
vn 0.8627 0.3602 -0.3551
vn -0.1241 0.9443 -0.3047
vn 0.3745 -0.5921 0.7135
vn -0.9133 -0.0150 -0.4070
vn -0.7971 -0.0205 0.6035
vn -0.0063 -0.0597 0.9982
vn -0.0479 0.0076 0.9988
vn -0.5706 0.0038 0.8212
vn 0.5913 0.6600 0.4633
vn -0.6046 -0.5995 0.5244
vn 0.0353 0.3052 -0.9516
vn 0.5564 0.0501 0.8294
vn 0.3228 0.7728 0.5463
vn 0.6916 -0.6941 -0.1999
vn 0.1708 -0.1215 0.9778
vn 0.0545 0.9984 -0.0158
vn 0.8944 0.3648 -0.2586
vn 0.2461 0.6763 -0.6943
vn 0.9258 -0.2670 -0.2677
vn 0.5949 0.7540 -0.2783
vn 0.5947 0.7543 -0.2783
vn 0.6606 0.7132 0.2341
vn 0.6606 0.7133 0.2341
vn 0.6967 0.6493 -0.3048
vn -0.7855 -0.6184 -0.0251
vn -0.7440 -0.6681 0.0092
vn 0.5280 0.8347 0.1567
vn -0.1377 0.9727 0.1867
vn -0.7440 0.6681 0.0091
vn 0.9570 0.0091 0.2900
vn 0.8233 -0.0000 0.5675
vn 0.8333 -0.0011 0.5528
vn -0.3648 0.7157 0.5956
vn 0.7285 0.6849 -0.0142
vn -0.9403 -0.3151 -0.1288
vn -0.4809 -0.6781 -0.5559
vn -0.3992 -0.0046 -0.9169
vn -0.7342 -0.6790 -0.0000
vn -0.1268 -0.9449 -0.3019
vn -0.4133 0.9106 -0.0000
vn 0.3896 0.7702 -0.5049
vn -0.5893 -0.0017 -0.8079
vn -0.1348 0.9491 0.2846
vn -0.4201 0.1900 0.8873
vn -0.1616 -0.9324 0.3234
vn 0.8641 0.3600 -0.3517
vn 0.8641 0.3601 -0.3518
vn -0.5583 0.8297 -0.0000
vn -0.0007 -0.0009 1.0000
vn -0.0028 0.0006 1.0000
vn -0.4133 -0.9106 -0.0000
vn 0.3383 0.9359 -0.0978
vn 0.3382 0.9360 -0.0978
vn 0.3383 0.9360 -0.0978
vn 0.1548 -0.9406 -0.3023
vn 0.4549 -0.0659 -0.8881
vn 0.1748 0.9315 -0.3189
vn -0.0210 0.9328 -0.3597
vn -0.0029 0.0001 1.0000
vn 0.5401 -0.6921 0.4789
vn -0.4415 -0.8972 -0.0000
vn -0.0211 -0.9396 -0.3417
vn 0.6827 -0.0099 0.7306
vn 0.1760 -0.2359 0.9557
vn -0.3593 -0.7131 -0.6019
vn -0.3594 -0.7131 -0.6019
vn -0.8055 0.0846 -0.5866
vt 0.625000 0.625000
vt 0.125000 0.375000
vt 0.125000 0.125000
vt 0.625000 0.875000
vt 0.125000 0.625000
s 0
usemtl ruins_cv_obelisk
f 50/1/1 6/1/1 45/1/1
f 90/2/2 37/2/2 16/2/2
f 311/3/3 455/3/3 347/3/3
f 9/2/4 48/2/4 47/2/4
f 11/2/5 58/2/5 51/2/5
f 13/2/6 60/2/6 12/2/6
f 15/2/7 57/2/7 14/2/7
f 4/1/2 7/1/2 16/1/2
f 690/3/8 712/3/8 714/3/8
f 53/1/9 1/1/9 6/1/9
f 52/2/9 1/2/9 53/2/9
f 20/2/10 65/2/10 66/2/10
f 21/2/10 24/2/10 64/2/10
f 28/2/11 80/2/11 86/2/11
f 30/2/12 88/2/12 89/2/12
f 35/1/13 93/1/13 34/1/13
f 22/3/14 70/3/14 27/3/14
f 18/1/15 98/1/15 97/1/15
f 285/3/16 284/3/16 295/3/16
f 1007/4/17 772/4/17 773/4/17
f 776/4/18 770/4/18 769/4/18
f 3/1/19 117/1/19 120/1/19
f 2/1/14 1/1/14 8/1/14
f 891/3/20 960/3/20 887/3/20
f 76/2/14 7/2/14 19/2/14
f 46/3/14 47/3/14 45/3/14
f 50/3/14 51/3/14 49/3/14
f 13/2/21 52/2/21 53/2/21
f 54/2/22 57/2/22 55/2/22
f 14/2/23 24/2/23 15/2/23
f 65/2/21 59/2/21 66/2/21
f 67/2/24 63/2/24 62/2/24
f 68/2/25 71/2/25 63/2/25
f 73/2/26 62/2/26 23/2/26
f 74/2/22 70/2/22 69/2/22
f 76/2/21 20/2/21 25/2/21
f 77/2/27 71/2/27 72/2/27
f 73/2/28 26/2/28 79/2/28
f 81/2/29 70/2/29 75/2/29
f 77/2/30 33/2/30 78/2/30
f 79/2/31 31/2/31 83/2/31
f 82/2/32 31/2/32 33/2/32
f 86/2/33 84/2/33 85/2/33
f 87/2/22 27/2/22 81/2/22
f 91/2/6 84/2/6 90/2/6
f 87/2/7 38/2/7 32/2/7
f 97/3/14 94/3/14 35/3/14
f 38/2/34 99/2/34 37/2/34
f 101/1/22 96/1/22 100/1/22
f 105/1/21 104/1/21 95/1/21
f 42/2/23 11/2/23 50/2/23
f 91/2/14 86/2/14 85/2/14
f 35/1/23 36/1/23 97/1/23
f 96/2/23 88/2/23 100/2/23
f 110/1/35 109/1/35 108/1/35
f 98/1/33 93/1/33 94/1/33
f 2/2/23 9/2/23 46/2/23
f 48/2/33 45/2/33 47/2/33
f 36/1/14 34/1/14 17/1/14
f 79/2/14 83/2/14 68/2/14
f 88/1/14 34/1/14 93/1/14
f 29/2/14 110/2/14 103/2/14
f 103/1/14 108/1/14 104/1/14
f 41/2/14 99/2/14 92/2/14
f 103/1/14 113/1/14 29/1/14
f 136/1/36 175/1/36 141/1/36
f 115/2/37 116/2/37 114/2/37
f 339/1/38 338/1/38 344/1/38
f 30/2/33 109/2/33 29/2/33
f 108/1/33 95/1/33 104/1/33
f 29/2/39 109/2/39 110/2/39
f 112/1/40 113/1/40 111/1/40
f 41/1/41 113/1/41 112/1/41
f 556/1/42 547/1/42 542/1/42
f 223/3/36 234/3/36 235/3/36
f 118/1/43 120/1/43 119/1/43
f 120/1/44 117/1/44 119/1/44
f 121/2/45 122/2/45 58/2/45
f 44/2/46 122/2/46 121/2/46
f 400/1/3 461/1/3 240/1/3
f 125/1/47 128/1/47 145/1/47
f 127/1/48 144/1/48 128/1/48
f 128/1/49 144/1/49 145/1/49
f 130/1/50 140/1/50 141/1/50
f 124/1/51 166/1/51 168/1/51
f 145/1/52 134/1/52 125/1/52
f 137/2/53 186/2/53 136/2/53
f 233/2/54 211/2/54 138/2/54
f 138/2/55 211/2/55 133/2/55
f 139/2/56 133/2/56 210/2/56
f 133/2/57 211/2/57 210/2/57
f 143/1/58 132/1/58 142/1/58
f 147/2/59 184/2/59 180/2/59
f 1027/4/60 1045/4/60 1015/4/60
f 152/2/61 196/2/61 151/2/61
f 153/2/61 149/2/61 148/2/61
f 156/2/62 208/2/62 157/2/62
f 162/2/63 220/2/63 161/2/63
f 128/1/64 139/1/64 127/1/64
f 163/2/65 227/2/65 164/2/65
f 171/1/66 172/1/66 174/1/66
f 396/2/67 382/2/67 424/2/67
f 349/2/68 345/2/68 341/2/68
f 170/2/69 175/2/69 176/2/69
f 179/2/50 181/2/50 182/2/50
f 183/3/36 134/3/36 145/3/36
f 185/2/58 180/2/58 184/2/58
f 189/2/65 179/2/65 182/2/65
f 148/2/50 191/2/50 153/2/50
f 196/2/50 188/2/50 189/2/50
f 146/2/70 149/2/70 198/2/70
f 130/1/71 175/1/71 169/1/71
f 201/2/72 194/2/72 200/2/72
f 1117/3/73 972/3/73 932/3/73
f 189/2/36 182/2/36 186/2/36
f 1133/3/74 1001/3/74 1000/3/74
f 203/2/58 193/2/58 202/2/58
f 200/2/75 199/2/75 205/2/75
f 201/2/76 150/2/76 195/2/76
f 209/2/77 199/2/77 207/2/77
f 210/2/50 152/2/50 151/2/50
f 206/2/78 154/2/78 150/2/78
f 183/1/79 144/1/79 186/1/79
f 214/2/62 193/2/62 155/2/62
f 209/2/80 159/2/80 215/2/80
f 216/2/81 154/2/81 212/2/81
f 158/3/36 160/3/36 155/3/36
f 215/2/82 158/2/82 216/2/82
f 217/2/58 156/2/58 157/2/58
f 165/2/71 208/2/71 213/2/71
f 219/2/58 155/2/58 160/2/58
f 220/1/70 224/1/70 225/1/70
f 226/1/71 162/1/71 161/1/71
f 227/2/50 228/2/50 164/2/50
f 222/2/58 231/2/58 232/2/58
f 135/1/70 137/1/70 136/1/70
f 170/1/70 142/1/70 132/1/70
f 222/2/59 219/2/59 160/2/59
f 226/4/50 234/4/50 223/4/50
f 238/4/58 224/4/58 236/4/58
f 238/4/36 174/4/36 225/4/36
f 220/2/36 203/2/36 202/2/36
f 579/1/42 577/1/42 568/1/42
f 187/4/83 235/4/83 234/4/83
f 126/1/84 131/1/84 177/1/84
f 143/1/84 178/1/84 131/1/84
f 131/1/85 178/1/85 177/1/85
f 1046/3/60 1071/3/60 1029/3/60
f 105/1/86 102/1/86 16/1/86
f 228/1/64 217/1/64 138/1/64
f 230/2/64 218/2/64 228/2/64
f 241/1/3 402/1/3 430/1/3
f 402/1/87 245/1/87 390/1/87
f 430/2/87 390/2/87 432/2/87
f 361/2/88 436/2/88 394/2/88
f 394/2/89 436/2/89 325/2/89
f 325/2/87 431/2/87 432/2/87
f 325/1/87 432/1/87 390/1/87
f 264/1/90 268/1/90 265/1/90
f 245/1/91 387/1/91 390/1/91
f 246/1/92 386/1/92 385/1/92
f 249/1/93 248/1/93 250/1/93
f 252/1/94 251/1/94 256/1/94
f 459/1/95 255/1/95 254/1/95
f 404/1/96 267/1/96 260/1/96
f 262/2/97 261/2/97 266/2/97
f 267/1/98 407/1/98 315/1/98
f 273/2/99 272/2/99 275/2/99
f 257/1/100 276/1/100 258/1/100
f 280/2/101 279/2/101 286/2/101
f 282/2/16 283/2/16 262/2/16
f 284/2/102 283/2/102 282/2/102
f 292/1/103 291/1/103 295/1/103
f 293/2/103 288/2/103 294/2/103
f 296/2/104 287/2/104 297/2/104
f 302/2/105 301/2/105 299/2/105
f 305/2/106 304/2/106 306/2/106
f 312/2/107 311/2/107 320/2/107
f 310/2/94 314/2/94 319/2/94
f 336/2/108 342/2/108 427/2/108
f 306/2/109 317/2/109 329/2/109
f 318/2/110 299/2/110 298/2/110
f 321/2/94 244/2/94 328/2/94
f 326/2/111 394/2/111 325/2/111
f 330/1/112 260/1/112 332/1/112
f 333/3/113 332/3/113 338/3/113
f 335/2/105 307/2/105 327/2/105
f 337/2/114 393/2/114 336/2/114
f 342/2/106 341/2/106 345/2/106
f 343/2/3 270/2/3 320/2/3
f 332/1/115 267/1/115 315/1/115
f 338/3/116 315/3/116 323/3/116
f 277/1/117 338/1/117 323/1/117
f 765/3/118 1026/3/118 1009/3/118
f 449/1/119 265/1/119 367/1/119
f 351/2/120 316/2/120 324/2/120
f 353/3/121 348/3/121 351/3/121
f 354/2/122 353/2/122 358/2/122
f 351/2/123 355/2/123 357/2/123
f 353/3/124 357/3/124 362/3/124
f 360/2/125 421/2/125 382/2/125
f 358/2/126 362/2/126 363/2/126
f 352/2/127 369/2/127 356/2/127
f 365/2/128 368/2/128 364/2/128
f 368/2/129 363/2/129 376/2/129
f 344/2/130 350/2/130 372/2/130
f 366/3/131 364/3/131 373/3/131
f 374/2/132 366/2/132 373/2/132
f 347/2/133 375/2/133 360/2/133
f 364/2/134 376/2/134 377/2/134
f 373/3/135 377/3/135 379/3/135
f 378/2/136 373/2/136 379/2/136
f 372/2/119 350/2/119 367/2/119
f 64/2/14 14/2/14 116/2/14
f 367/2/137 381/2/137 372/2/137
f 793/1/138 835/1/138 801/1/138
f 115/2/21 61/2/21 22/2/21
f 388/1/139 242/1/139 240/1/139
f 268/1/140 389/1/140 269/1/140
f 258/1/141 388/1/141 240/1/141
f 246/1/87 300/1/87 392/1/87
f 334/2/87 464/2/87 303/2/87
f 360/2/119 383/2/119 370/2/119
f 398/2/87 426/2/87 382/2/87
f 342/2/142 336/2/142 340/2/142
f 334/2/143 340/2/143 336/2/143
f 273/1/3 241/1/3 271/1/3
f 454/1/144 453/1/144 290/1/144
f 390/1/145 326/1/145 325/1/145
f 254/1/146 274/1/146 257/1/146
f 273/1/141 256/1/141 251/1/141
f 392/1/147 463/1/147 386/1/147
f 266/2/148 279/2/148 278/2/148
f 262/1/149 285/1/149 263/1/149
f 515/2/150 514/2/150 518/2/150
f 280/2/151 297/2/151 287/2/151
f 282/2/152 296/2/152 284/2/152
f 292/1/153 313/1/153 312/1/153
f 309/2/154 293/2/154 314/2/154
f 315/3/135 408/3/135 323/3/135
f 271/2/141 451/2/141 272/2/141
f 127/1/36 186/1/36 144/1/36
f 314/2/3 293/2/3 458/2/3
f 1130/1/155 1131/1/155 974/1/155
f 355/1/156 247/1/156 357/1/156
f 294/2/153 321/2/153 328/2/153
f 357/3/157 249/3/157 362/3/157
f 362/1/158 250/1/158 363/1/158
f 391/3/87 395/3/87 326/3/87
f 1199/4/159 959/4/159 1196/4/159
f 343/2/160 311/2/160 347/2/160
f 337/2/161 398/2/161 396/2/161
f 730/1/162 729/1/162 692/1/162
f 457/2/163 455/2/163 458/2/163
f 376/1/164 330/1/164 377/1/164
f 377/3/135 333/3/135 380/3/135
f 339/1/165 380/1/165 333/1/165
f 372/1/130 339/1/130 344/1/130
f 370/2/164 378/2/164 379/2/164
f 374/2/130 383/2/130 360/2/130
f 361/2/145 395/2/145 397/2/145
f 409/1/166 324/1/166 415/1/166
f 324/1/167 384/1/167 415/1/167
f 245/1/125 415/1/125 384/1/125
f 385/1/125 316/1/125 308/1/125
f 298/2/125 299/2/125 308/2/125
f 299/1/125 246/1/125 385/1/125
f 341/3/168 335/3/168 349/3/168
f 253/1/169 460/1/169 461/1/169
f 277/1/170 259/1/170 350/1/170
f 173/2/171 172/2/171 167/2/171
f 408/1/172 277/1/172 323/1/172
f 399/1/141 252/1/141 410/1/141
f 412/1/173 450/1/173 445/1/173
f 331/1/130 376/1/130 363/1/130
f 425/2/174 424/2/174 422/2/174
f 423/2/175 424/2/175 425/2/175
f 428/2/176 429/2/176 426/2/176
f 427/2/177 429/2/177 428/2/177
f 431/2/178 433/2/178 432/2/178
f 433/2/179 430/2/179 432/2/179
f 417/2/180 418/2/180 416/2/180
f 78/3/14 80/3/14 66/3/14
f 365/3/181 366/3/181 352/3/181
f 356/2/182 365/2/182 352/2/182
f 318/2/183 329/2/183 317/2/183
f 436/2/184 434/2/184 435/2/184
f 441/2/185 439/2/185 437/2/185
f 438/2/186 440/2/186 442/2/186
f 439/2/187 442/2/187 440/2/187
f 444/1/188 446/1/188 445/1/188
f 446/1/189 443/1/189 445/1/189
f 448/1/190 449/1/190 450/1/190
f 449/1/191 447/1/191 450/1/191
f 451/2/192 452/2/192 244/2/192
f 451/2/141 244/2/141 322/2/141
f 271/2/193 452/2/193 451/2/193
f 453/1/153 269/1/153 389/1/153
f 290/1/153 453/1/153 291/1/153
f 269/1/194 453/1/194 454/1/194
f 310/2/141 456/2/141 455/2/141
f 457/2/141 375/2/141 455/2/141
f 455/2/195 456/2/195 458/2/195
f 461/1/153 411/1/153 253/1/153
f 253/1/196 459/1/196 460/1/196
f 462/2/147 391/2/147 463/2/147
f 462/2/197 463/2/197 464/2/197
f 463/1/198 392/1/198 464/1/198
f 467/2/199 466/2/199 469/2/199
f 174/4/64 238/4/64 236/4/64
f 484/2/150 478/2/150 469/2/150
f 471/1/200 472/1/200 473/1/200
f 474/2/201 466/2/201 477/2/201
f 470/2/202 475/2/202 488/2/202
f 479/2/203 519/2/203 480/2/203
f 485/2/204 521/2/204 484/2/204
f 490/2/205 489/2/205 486/2/205
f 494/2/204 492/2/204 493/2/204
f 496/2/206 495/2/206 489/2/206
f 495/2/203 526/2/203 499/2/203
f 485/2/207 502/2/207 501/2/207
f 503/2/208 524/2/208 497/2/208
f 483/2/209 488/2/209 507/2/209
f 505/2/150 488/2/150 523/2/150
f 483/2/210 512/2/210 509/2/210
f 514/2/211 481/2/211 518/2/211
f 515/2/207 493/2/207 530/2/207
f 518/2/212 482/2/212 520/2/212
f 519/2/213 487/2/213 480/2/213
f 520/2/214 492/2/214 522/2/214
f 498/2/211 476/2/211 471/2/211
f 473/1/211 498/1/211 471/1/211
f 525/2/211 497/2/211 524/2/211
f 525/2/205 498/2/205 491/2/205
f 527/2/211 486/2/211 504/2/211
f 487/3/215 485/3/215 486/3/215
f 499/2/213 511/2/213 508/2/213
f 529/2/211 503/2/211 528/2/211
f 479/2/207 513/2/207 478/2/207
f 504/2/216 501/2/216 506/2/216
f 1018/4/60 763/4/60 931/4/60
f 465/1/217 516/1/217 530/1/217
f 532/1/218 533/1/218 534/1/218
f 539/1/219 540/1/219 538/1/219
f 542/1/220 544/1/220 541/1/220
f 546/1/221 538/1/221 540/1/221
f 547/1/221 543/1/221 542/1/221
f 549/1/222 535/1/222 537/1/222
f 547/1/223 557/1/223 548/1/223
f 559/1/224 535/1/224 550/1/224
f 549/1/225 558/1/225 561/1/225
f 563/1/226 575/1/226 562/1/226
f 565/1/226 576/1/226 572/1/226
f 559/1/227 555/1/227 554/1/227
f 569/1/228 558/1/228 570/1/228
f 571/1/229 565/1/229 567/1/229
f 574/1/230 594/1/230 573/1/230
f 577/1/231 555/1/231 568/1/231
f 569/1/232 580/1/232 579/1/232
f 566/3/42 578/3/42 574/3/42
f 577/1/233 580/1/233 578/1/233
f 583/1/219 546/1/219 582/1/219
f 576/1/229 581/1/229 572/1/229
f 573/1/234 566/1/234 574/1/234
f 633/3/42 534/3/42 634/3/42
f 560/1/231 663/1/231 660/1/231
f 587/1/235 584/1/235 586/1/235
f 563/1/229 589/1/229 588/1/229
f 591/1/236 598/1/236 599/1/236
f 581/3/42 587/3/42 593/3/42
f 597/1/237 604/1/237 605/1/237
f 594/1/42 592/1/42 589/1/42
f 604/2/220 608/2/220 605/2/220
f 609/2/234 597/2/234 610/2/234
f 308/2/238 348/2/238 335/2/238
f 1209/1/239 917/1/239 1207/1/239
f 647/2/225 649/2/225 626/2/225
f 602/1/240 622/1/240 664/1/240
f 622/2/241 602/2/241 619/2/241
f 619/2/240 623/2/240 620/2/240
f 612/2/242 615/2/242 628/2/242
f 629/2/243 625/2/243 613/2/243
f 620/2/219 610/2/219 619/2/219
f 608/2/229 621/2/229 622/2/229
f 592/1/219 593/1/219 603/1/219
f 587/1/229 623/1/229 602/1/229
f 599/2/220 628/2/220 615/2/220
f 629/2/234 591/2/234 616/2/234
f 618/1/244 611/1/244 617/1/244
f 610/3/42 605/3/42 608/3/42
f 596/2/42 620/2/42 623/2/42
f 848/4/245 850/4/245 832/4/245
f 627/1/42 651/1/42 652/1/42
f 541/1/235 630/1/235 635/1/235
f 539/1/230 631/1/230 536/1/230
f 533/1/234 634/1/234 534/1/234
f 637/1/220 532/1/220 633/1/220
f 640/1/229 635/1/229 630/1/229
f 631/1/219 641/1/219 639/1/219
f 585/1/246 552/1/246 606/1/246
f 642/1/229 637/1/229 633/1/229
f 645/1/219 634/1/219 636/1/219
f 552/1/247 646/1/247 606/1/247
f 617/1/248 650/1/248 653/1/248
f 553/1/249 557/1/249 640/1/249
f 647/2/250 648/2/250 649/2/250
f 648/2/251 601/2/251 649/2/251
f 652/1/252 653/1/252 650/1/252
f 533/1/42 531/1/42 545/1/42
f 651/1/253 653/1/253 652/1/253
f 656/2/254 655/2/254 601/2/254
f 654/2/255 655/2/255 656/2/255
f 611/1/240 657/1/240 617/1/240
f 621/2/240 658/2/240 622/2/240
f 595/2/256 601/2/256 655/2/256
f 659/1/257 660/1/257 657/1/257
f 657/1/258 660/1/258 658/1/258
f 662/1/259 663/1/259 664/1/259
f 663/1/260 661/1/260 664/1/260
f 746/1/261 747/1/261 745/1/261
f 669/1/262 668/1/262 667/1/262
f 673/2/263 697/2/263 672/2/263
f 672/2/264 702/2/264 673/2/264
f 901/3/73 899/3/73 897/3/73
f 676/2/265 698/2/265 674/2/265
f 679/2/266 681/2/266 680/2/266
f 735/1/267 677/1/267 682/1/267
f 684/2/268 705/2/268 706/2/268
f 687/2/264 709/2/264 681/2/264
f 688/2/267 690/2/267 722/2/267
f 732/1/269 717/1/269 691/1/269
f 713/2/269 705/2/269 683/2/269
f 726/1/270 686/1/270 724/1/270
f 695/2/270 694/2/270 727/2/270
f 677/1/271 699/1/271 666/1/271
f 913/3/159 911/3/159 912/3/159
f 679/2/272 674/2/272 698/2/272
f 699/1/273 671/1/273 701/1/273
f 598/2/42 648/2/42 628/2/42
f 703/2/266 704/2/266 707/2/266
f 683/2/267 710/2/267 691/2/267
f 721/2/269 760/2/269 695/2/269
f 695/1/269 759/1/269 694/1/269
f 714/2/264 713/2/264 717/2/264
f 755/1/269 757/1/269 728/1/269
f 1014/4/159 1083/4/159 1041/4/159
f 716/2/264 711/2/264 721/2/264
f 720/2/274 718/2/274 719/2/274
f 720/1/272 724/1/272 715/1/272
f 725/1/269 720/1/269 719/1/269
f 726/1/275 719/1/275 718/1/275
f 731/1/276 692/1/276 734/1/276
f 747/1/277 665/1/277 666/1/277
f 671/1/269 707/1/269 667/1/269
f 700/1/278 736/1/278 671/1/278
f 678/1/272 711/1/272 708/1/272
f 695/2/272 716/2/272 721/2/272
f 730/1/275 722/1/275 690/1/275
f 714/1/272 733/1/272 729/1/272
f 703/2/274 675/2/274 676/2/274
f 710/1/279 731/1/279 691/1/279
f 732/1/280 731/1/280 734/1/280
f 721/1/269 711/1/269 758/1/269
f 19/2/14 121/2/14 58/2/14
f 705/2/281 712/2/281 706/2/281
f 696/1/281 706/1/281 670/1/281
f 738/1/282 739/1/282 740/1/282
f 739/1/283 737/1/283 740/1/283
f 742/1/284 744/1/284 743/1/284
f 744/1/285 741/1/285 743/1/285
f 409/1/130 248/1/130 355/1/130
f 1012/3/159 780/3/159 768/3/159
f 668/1/286 665/1/286 744/1/286
f 1158/3/287 786/3/287 799/3/287
f 753/1/288 751/1/288 752/1/288
f 755/1/289 756/1/289 757/1/289
f 756/1/290 754/1/290 757/1/290
f 759/1/291 760/1/291 761/1/291
f 760/1/292 758/1/292 761/1/292
f 762/4/293 764/4/293 765/4/293
f 1030/4/294 767/4/294 1032/4/294
f 768/4/295 770/4/295 771/4/295
f 778/4/296 780/4/296 777/4/296
f 776/4/297 1187/4/297 1189/4/297
f 783/4/298 1009/4/298 1027/4/298
f 893/4/299 1197/4/299 1198/4/299
f 789/4/300 1050/4/300 1024/4/300
f 785/3/301 904/3/301 793/3/301
f 789/4/302 784/4/302 788/4/302
f 783/4/303 762/4/303 766/4/303
f 174/1/36 172/1/36 173/1/36
f 800/4/304 816/4/304 807/4/304
f 1205/1/305 1204/1/305 1202/1/305
f 803/4/306 1158/4/306 1159/4/306
f 799/4/307 1044/4/307 804/4/307
f 808/3/308 815/3/308 800/3/308
f 805/4/309 799/4/309 804/4/309
f 773/4/310 797/4/310 815/4/310
f 806/4/311 833/4/311 794/4/311
f 797/4/312 800/4/312 815/4/312
f 813/3/74 811/3/74 812/3/74
f 804/4/138 1044/4/138 1064/4/138
f 822/4/239 1218/4/239 820/4/239
f 817/4/313 798/4/313 781/4/313
f 823/4/314 817/4/314 808/4/314
f 824/3/60 791/3/60 927/3/60
f 955/4/315 986/4/315 987/4/315
f 935/5/239 910/5/239 946/5/239
f 869/1/239 831/1/239 885/1/239
f 1018/1/239 910/1/239 909/1/239
f 910/4/239 982/4/239 946/4/239
f 1207/1/73 907/1/73 864/1/73
f 810/1/316 838/1/316 863/1/316
f 119/1/14 3/1/14 44/1/14
f 841/4/317 845/4/317 849/4/317
f 845/1/318 869/1/318 889/1/318
f 790/4/319 874/4/319 791/4/319
f 1183/1/159 1186/1/159 1184/1/159
f 880/1/73 839/1/73 864/1/73
f 1207/1/320 1208/1/320 1209/1/320
f 847/1/321 866/1/321 851/1/321
f 811/4/322 853/4/322 852/4/322
f 818/4/315 856/4/315 855/4/315
f 857/4/323 859/4/323 854/4/323
f 847/1/324 939/1/324 861/1/324
f 820/4/73 806/4/73 792/4/73
f 863/1/325 843/1/325 862/1/325
f 844/3/159 843/3/159 838/3/159
f 814/4/313 823/4/313 808/4/313
f 54/2/9 6/2/9 61/2/9
f 868/1/326 878/1/326 1167/1/326
f 629/2/42 607/2/42 590/2/42
f 947/4/299 868/4/299 908/4/299
f 908/5/299 868/5/299 877/5/299
f 867/1/327 939/1/327 879/1/327
f 882/1/328 887/1/328 877/1/328
f 888/1/329 843/1/329 842/1/329
f 854/3/330 849/3/330 845/3/330
f 891/1/331 892/1/331 893/1/331
f 896/1/332 895/1/332 898/1/332
f 880/1/333 897/1/333 899/1/333
f 903/1/334 902/1/334 900/1/334
f 870/1/299 877/1/299 868/1/299
f 51/2/33 58/2/33 122/2/33
f 900/5/73 1090/5/73 860/5/73
f 860/4/73 1212/4/73 1211/4/73
f 304/3/335 302/3/335 317/3/335
f 1215/4/73 821/4/73 809/4/73
f 976/1/74 1128/1/74 1004/1/74
f 511/2/150 526/2/150 527/2/150
f 915/1/336 914/1/336 916/1/336
f 675/2/269 707/2/269 687/2/269
f 1201/4/337 1198/4/337 1197/4/337
f 1195/1/299 1197/1/299 892/1/299
f 891/4/338 923/4/338 950/4/338
f 926/1/339 925/1/339 930/1/339
f 929/4/319 928/4/319 967/4/319
f 889/1/340 1097/1/340 922/1/340
f 130/3/36 132/3/36 129/3/36
f 888/1/325 867/1/325 879/1/325
f 931/1/341 926/1/341 937/1/341
f 920/1/342 932/1/342 941/1/342
f 930/1/343 934/1/343 938/1/343
f 936/1/344 935/1/344 940/1/344
f 915/4/345 944/4/345 945/4/345
f 133/1/346 168/1/346 187/1/346
f 848/4/347 880/4/347 899/4/347
f 974/1/73 1107/1/73 985/1/73
f 674/3/348 680/3/348 706/3/348
f 903/4/349 860/4/349 850/4/349
f 928/1/350 791/1/350 874/1/350
f 917/1/351 857/1/351 918/1/351
f 1206/4/239 858/4/239 1209/4/239
f 999/1/60 1203/1/60 1205/1/60
f 955/4/352 933/4/352 942/4/352
f 956/3/353 954/3/353 1147/3/353
f 1147/3/354 955/3/354 957/3/354
f 1146/4/355 957/4/355 963/4/355
f 416/2/119 418/2/119 425/2/119
f 1173/4/356 1169/4/356 960/4/356
f 911/1/357 871/1/357 872/1/357
f 876/1/358 912/1/358 873/1/358
f 1124/1/359 965/1/359 1123/1/359
f 965/4/360 983/4/360 984/4/360
f 1122/1/361 1121/1/361 1119/1/361
f 1054/4/362 1020/4/362 1010/4/362
f 995/4/363 994/4/363 1113/4/363
f 983/4/73 964/4/73 946/4/73
f 946/5/73 964/5/73 935/5/73
f 1126/1/73 1125/1/73 966/1/73
f 1220/4/73 1221/4/73 849/4/73
f 1114/4/364 1112/4/364 1113/4/364
f 989/4/322 963/4/322 957/4/322
f 1006/1/74 1134/1/74 1132/1/74
f 979/4/74 1134/4/74 990/4/74
f 1139/4/365 1141/4/365 990/4/365
f 897/1/347 907/1/347 919/1/347
f 905/1/349 901/1/349 922/1/349
f 998/1/366 911/1/366 913/1/366
f 143/1/36 176/1/36 181/1/36
f 887/4/367 908/4/367 877/4/367
f 825/1/368 952/1/368 999/1/368
f 904/1/369 884/1/369 948/1/369
f 828/4/300 853/4/300 813/4/300
f 959/4/357 913/4/357 953/4/357
f 840/4/294 818/4/294 855/4/294
f 1105/1/311 1108/1/311 1104/1/311
f 1138/4/370 1137/4/370 1135/4/370
f 153/2/36 191/2/36 185/2/36
f 150/3/36 148/3/36 149/3/36
f 828/4/371 1217/4/371 821/4/371
f 528/2/372 508/2/372 509/2/372
f 969/4/60 977/4/60 999/4/60
f 874/5/60 967/5/60 928/5/60
f 1179/4/373 1180/4/373 1181/4/373
f 967/4/60 868/4/60 947/4/60
f 937/3/374 930/3/374 938/3/374
f 925/5/60 977/5/60 934/5/60
f 999/1/60 924/1/60 931/1/60
f 936/1/375 1115/1/375 1117/1/375
f 934/3/376 988/3/376 938/3/376
f 980/4/377 937/4/377 981/4/377
f 961/4/138 958/4/138 1148/4/138
f 1002/1/315 1004/1/315 1005/1/315
f 1134/1/378 1133/1/378 1132/1/378
f 989/4/294 979/4/294 990/4/294
f 996/4/294 1002/4/294 1005/4/294
f 995/4/300 1006/4/300 1003/4/300
f 969/4/379 952/4/379 973/4/379
f 972/1/380 941/1/380 932/1/380
f 993/4/380 970/4/380 992/4/380
f 898/1/294 1004/1/294 1000/1/294
f 654/1/42 598/1/42 564/1/42
f 1195/1/159 892/1/159 1200/1/159
f 627/1/225 613/1/225 625/1/225
f 959/5/159 962/5/159 998/5/159
f 962/1/159 892/1/159 890/1/159
f 1150/1/159 1152/1/159 916/1/159
f 1152/4/159 954/4/159 956/4/159
f 1178/4/159 863/4/159 1181/4/159
f 878/1/159 868/1/159 879/1/159
f 810/1/159 796/1/159 801/1/159
f 1163/4/381 1162/4/381 1160/4/381
f 1013/4/382 771/4/382 1022/4/382
f 1014/4/383 780/4/383 1012/4/383
f 1017/4/384 1016/4/384 1019/4/384
f 1010/4/385 1021/4/385 1018/4/385
f 1021/3/386 1023/3/386 1026/3/386
f 1026/4/387 1025/4/387 1028/4/387
f 1009/4/388 1028/4/388 1027/4/388
f 1017/4/389 1029/4/389 1034/4/389
f 1007/4/73 1043/4/73 1040/4/73
f 591/3/42 599/3/42 615/3/42
f 1028/4/239 1058/4/239 1072/4/239
f 790/4/390 1031/4/390 1033/4/390
f 1032/3/74 789/3/74 1024/3/74
f 1078/4/159 1087/4/159 1022/4/159
f 1039/4/391 1038/4/391 1041/4/391
f 1045/4/379 1016/4/379 1015/4/379
f 1090/4/74 1091/4/74 895/4/74
f 895/1/74 894/1/74 832/1/74
f 894/4/74 1064/4/74 852/4/74
f 1048/4/392 1042/4/392 1051/4/392
f 290/1/3 270/1/3 454/1/3
f 1042/3/393 1068/3/393 1039/3/393
f 212/2/36 206/2/36 201/2/36
f 1194/4/394 1193/4/394 1191/4/394
f 166/2/84 190/2/84 192/2/84
f 948/5/138 933/5/138 904/5/138
f 904/4/138 1149/4/138 1151/4/138
f 793/4/138 801/4/138 795/4/138
f 809/4/239 782/4/239 1018/4/239
f 846/1/138 836/1/138 878/1/138
f 878/4/138 836/4/138 793/4/138
f 784/4/74 1030/4/74 774/4/74
f 109/3/14 89/3/14 96/3/14
f 904/1/138 1150/1/138 1166/1/138
f 1052/4/395 1047/4/395 1067/4/395
f 1011/4/396 1057/4/396 1061/4/396
f 1078/4/397 1086/4/397 1079/4/397
f 1045/4/350 1066/4/350 1046/4/350
f 1070/4/138 1047/4/138 1048/4/138
f 1063/3/398 1023/3/398 1020/3/398
f 1075/4/368 1029/4/368 1071/4/368
f 1081/4/399 1084/4/399 1035/4/399
f 1059/4/400 1008/4/400 1056/4/400
f 1081/4/224 1076/4/224 1064/4/224
f 1039/4/401 1062/4/401 1037/4/401
f 812/4/294 1055/4/294 856/4/294
f 1088/4/159 1053/4/159 1069/4/159
f 852/4/300 1035/4/300 811/4/300
f 1060/4/402 1025/4/402 1023/4/402
f 1012/4/296 1083/4/296 1014/4/296
f 1087/4/295 1013/4/295 1022/4/295
f 1066/4/379 1080/4/379 1082/4/379
f 1084/4/319 1075/4/319 1071/4/319
f 1021/4/403 764/4/403 1018/4/403
f 1092/1/404 1093/1/404 1089/1/404
f 1094/1/405 1092/1/405 1091/1/405
f 1090/1/406 1094/1/406 1091/1/406
f 1096/1/407 1098/1/407 1097/1/407
f 1098/1/408 1095/1/408 1097/1/408
f 1101/1/409 1100/1/409 951/1/409
f 1099/1/410 1100/1/410 1101/1/410
f 1102/1/411 1104/1/411 1103/1/411
f 951/1/412 1104/1/412 1102/1/412
f 1106/1/413 1108/1/413 1107/1/413
f 1108/1/414 1105/1/414 1107/1/414
f 1111/4/415 1110/4/415 1109/4/415
f 975/1/416 1110/1/416 1111/1/416
f 971/1/73 1122/1/73 1119/1/73
f 1122/4/73 993/4/73 1113/4/73
f 905/1/73 1089/1/73 1093/1/73
f 996/4/74 1005/4/74 1111/4/74
f 1116/1/375 968/1/375 1117/1/375
f 1116/1/417 1117/1/417 1118/1/417
f 1117/1/418 1115/1/418 1118/1/418
f 972/1/419 1120/1/419 985/1/419
f 1119/1/420 970/1/420 971/1/420
f 1125/1/359 968/1/359 966/1/359
f 1123/1/421 1126/1/421 1124/1/421
f 1125/1/422 1126/1/422 1123/1/422
f 1120/1/423 1121/1/423 1122/1/423
f 1129/1/424 1130/1/424 1127/1/424
f 1131/1/425 1129/1/425 1128/1/425
f 976/1/426 1131/1/426 1128/1/426
f 1001/1/427 1133/1/427 979/1/427
f 1132/1/427 1003/1/427 1006/1/427
f 979/1/428 1133/1/428 1134/1/428
f 1144/1/429 1145/1/429 1142/1/429
f 1135/4/300 987/4/300 986/4/300
f 1136/4/430 1137/4/430 1138/4/430
f 991/4/431 1141/4/431 1140/4/431
f 1141/4/432 1139/4/432 1140/4/432
f 943/1/433 951/1/433 1100/1/433
f 1143/1/434 1144/1/434 894/1/434
f 1143/1/300 896/1/300 1145/1/300
f 1137/4/300 1142/4/300 1145/4/300
f 1143/1/435 1145/1/435 1144/1/435
f 958/4/436 956/4/436 1147/4/436
f 1148/4/437 1147/4/437 1146/4/437
f 958/4/438 1147/4/438 1148/4/438
f 1152/4/439 1151/4/439 1149/4/439
f 1150/4/440 1151/4/440 1152/4/440
f 1155/4/441 1156/4/441 1153/4/441
f 884/1/307 1153/1/307 948/1/307
f 1154/4/307 787/4/307 805/4/307
f 1154/4/442 1156/4/442 1155/4/442
f 1158/4/443 803/4/443 786/4/443
f 785/4/443 1157/4/443 1158/4/443
f 1158/4/444 1157/4/444 1159/4/444
f 1011/4/445 1161/4/445 1049/4/445
f 1160/4/445 786/4/445 803/4/445
f 1161/4/446 1162/4/446 1163/4/446
f 1165/1/447 1167/1/447 1166/1/447
f 1167/1/448 1164/1/448 1166/1/448
f 874/1/60 1033/1/60 1180/1/60
f 123/1/449 126/1/449 125/1/449
f 1169/4/450 1170/4/450 1168/4/450
f 1174/4/451 1173/4/451 1171/4/451
f 1172/4/452 1173/4/452 1174/4/452
f 1175/4/453 1176/4/453 1177/4/453
f 1176/4/454 961/4/454 1177/4/454
f 1180/4/455 1178/4/455 1181/4/455
f 866/1/456 844/1/456 837/1/456
f 865/1/159 1183/1/159 1184/1/159
f 1183/1/457 837/1/457 1185/1/457
f 1182/1/458 836/1/458 846/1/458
f 1185/1/459 1182/1/459 1186/1/459
f 1190/4/460 1189/4/460 1187/4/460
f 1188/4/461 1189/4/461 1190/4/461
f 218/2/36 230/2/36 165/2/36
f 1192/4/462 1193/4/462 1194/4/462
f 1196/4/463 1198/4/463 1199/4/463
f 1198/4/464 1200/4/464 1199/4/464
f 1197/4/465 1200/4/465 1201/4/465
f 802/4/379 1203/4/379 1031/4/379
f 1202/1/379 824/1/379 825/1/379
f 1203/1/466 1204/1/466 1205/1/466
f 1208/1/467 1206/1/467 1209/1/467
f 1214/4/468 1215/4/468 1213/4/468
f 821/4/469 1215/4/469 1214/4/469
f 1217/4/470 1218/4/470 1216/4/470
f 820/4/471 1218/4/471 1217/4/471
f 1211/4/472 1212/4/472 1210/4/472
f 239/1/36 237/1/36 232/1/36
f 1221/4/473 1220/4/473 1219/4/473
f 421/2/474 420/2/474 419/2/474
f 49/1/1 44/1/1 3/1/1
f 3/1/1 5/1/1 49/1/1
f 5/1/1 6/1/1 49/1/1
f 6/1/1 1/1/1 46/1/1
f 1/1/1 2/1/1 46/1/1
f 43/1/1 42/1/1 45/1/1
f 42/1/1 50/1/1 45/1/1
f 50/1/1 49/1/1 6/1/1
f 6/1/1 46/1/1 45/1/1
f 7/2/2 76/2/2 25/2/2
f 106/2/2 28/2/2 90/2/2
f 28/2/2 91/2/2 90/2/2
f 16/2/2 7/2/2 25/2/2
f 16/2/2 25/2/2 106/2/2
f 99/2/2 41/2/2 37/2/2
f 41/2/2 16/2/2 37/2/2
f 106/2/2 90/2/2 16/2/2
f 296/3/3 297/3/3 311/3/3
f 297/3/3 310/3/3 311/3/3
f 310/3/3 455/3/3 311/3/3
f 455/3/3 375/3/3 347/3/3
f 9/2/4 8/2/4 48/2/4
f 11/2/5 10/2/5 58/2/5
f 13/2/6 59/2/6 60/2/6
f 15/2/7 55/2/7 57/2/7
f 714/3/8 729/3/8 690/3/8
f 729/3/8 730/3/8 690/3/8
f 690/3/8 689/3/8 712/3/8
f 20/2/10 19/2/10 65/2/10
f 21/2/10 22/2/10 24/2/10
f 28/2/11 106/2/11 80/2/11
f 30/2/12 29/2/12 88/2/12
f 35/1/13 94/1/13 93/1/13
f 37/3/14 90/3/14 38/3/14
f 90/3/14 84/3/14 32/3/14
f 38/3/14 90/3/14 32/3/14
f 84/3/14 33/3/14 32/3/14
f 33/3/14 31/3/14 32/3/14
f 26/3/14 23/3/14 27/3/14
f 23/3/14 24/3/14 27/3/14
f 24/3/14 22/3/14 27/3/14
f 31/3/14 26/3/14 27/3/14
f 22/3/14 61/3/14 69/3/14
f 27/3/14 32/3/14 31/3/14
f 22/3/14 69/3/14 70/3/14
f 18/1/15 40/1/15 98/1/15
f 40/1/15 39/1/15 98/1/15
f 39/1/15 107/1/15 98/1/15
f 97/1/15 36/1/15 17/1/15
f 97/1/15 17/1/15 18/1/15
f 309/3/3 310/3/3 297/3/3
f 309/3/3 297/3/3 289/3/3
f 297/3/3 286/3/3 289/3/3
f 289/3/3 286/3/3 275/3/3
f 286/3/16 279/3/16 275/3/16
f 322/3/3 321/3/3 451/3/3
f 321/3/3 288/3/3 451/3/3
f 288/3/3 289/3/3 272/3/3
f 289/3/3 275/3/3 272/3/3
f 279/3/3 261/3/3 275/3/3
f 411/3/3 410/3/3 253/3/3
f 410/3/3 252/3/3 253/3/3
f 253/3/3 252/3/3 255/3/3
f 252/3/3 256/3/3 255/3/3
f 255/3/3 256/3/3 263/3/3
f 256/3/3 275/3/3 261/3/3
f 272/3/3 451/3/3 288/3/3
f 264/3/3 243/3/3 389/3/3
f 243/3/3 388/3/3 389/3/3
f 389/3/3 388/3/3 276/3/3
f 295/3/3 291/3/3 274/3/3
f 291/3/3 453/3/3 276/3/3
f 453/3/3 389/3/3 276/3/3
f 276/3/3 274/3/3 291/3/3
f 256/3/16 261/3/16 263/3/16
f 295/3/3 274/3/3 285/3/3
f 274/3/3 255/3/3 285/3/3
f 296/3/3 311/3/3 313/3/3
f 255/3/3 263/3/3 285/3/3
f 296/3/3 313/3/3 295/3/3
f 284/3/3 296/3/3 295/3/3
f 798/4/17 792/4/17 781/4/17
f 792/4/17 806/4/17 781/4/17
f 806/4/17 794/4/17 781/4/17
f 794/4/17 774/4/17 773/4/17
f 781/4/17 794/4/17 773/4/17
f 774/4/17 1007/4/17 773/4/17
f 779/4/475 778/4/475 795/4/475
f 795/4/18 801/4/18 779/4/18
f 801/4/18 796/4/18 769/4/18
f 779/4/18 801/4/18 769/4/18
f 796/4/18 775/4/18 769/4/18
f 775/4/18 776/4/18 769/4/18
f 120/1/19 118/1/19 7/1/19
f 7/1/19 4/1/19 120/1/19
f 4/1/19 5/1/19 120/1/19
f 5/1/19 3/1/19 120/1/19
f 891/3/20 950/3/20 960/3/20
f 887/3/20 886/3/20 891/3/20
f 886/3/20 890/3/20 891/3/20
f 46/3/14 9/3/14 47/3/14
f 50/3/14 11/3/14 51/3/14
f 13/2/21 12/2/21 52/2/21
f 54/2/22 56/2/22 57/2/22
f 14/2/23 64/2/23 24/2/23
f 65/2/21 60/2/21 59/2/21
f 67/2/24 68/2/24 63/2/24
f 68/2/25 72/2/25 71/2/25
f 73/2/476 67/2/476 62/2/476
f 74/2/22 75/2/22 70/2/22
f 76/2/21 19/2/21 20/2/21
f 77/2/27 78/2/27 71/2/27
f 73/2/28 23/2/28 26/2/28
f 81/2/29 27/2/29 70/2/29
f 77/2/30 82/2/30 33/2/30
f 79/2/31 26/2/31 31/2/31
f 82/2/32 83/2/32 31/2/32
f 86/2/33 80/2/33 84/2/33
f 87/2/22 32/2/22 27/2/22
f 91/2/6 85/2/6 84/2/6
f 87/2/7 92/2/7 38/2/7
f 97/3/14 98/3/14 94/3/14
f 38/2/34 92/2/34 99/2/34
f 101/1/22 102/1/22 96/1/22
f 105/1/21 103/1/21 104/1/21
f 42/2/23 10/2/23 11/2/23
f 91/2/14 28/2/14 86/2/14
f 35/1/23 34/1/23 36/1/23
f 96/2/23 89/2/23 88/2/23
f 98/1/33 107/1/33 93/1/33
f 2/2/23 8/2/23 9/2/23
f 48/2/33 43/2/33 45/2/33
f 83/2/14 82/2/14 77/2/14
f 77/2/14 72/2/14 83/2/14
f 72/2/14 68/2/14 83/2/14
f 68/2/14 67/2/14 73/2/14
f 73/2/14 79/2/14 68/2/14
f 93/1/14 107/1/14 100/1/14
f 107/1/14 39/1/14 100/1/14
f 39/1/14 101/1/14 100/1/14
f 100/1/14 88/1/14 93/1/14
f 103/1/14 110/1/14 108/1/14
f 87/2/14 81/2/14 29/2/14
f 81/2/14 75/2/14 29/2/14
f 74/2/14 17/2/14 34/2/14
f 74/2/14 34/2/14 88/2/14
f 92/2/14 87/2/14 29/2/14
f 75/2/14 74/2/14 88/2/14
f 29/2/14 113/2/14 92/2/14
f 113/2/14 41/2/14 92/2/14
f 75/2/14 88/2/14 29/2/14
f 103/1/14 111/1/14 113/1/14
f 140/1/36 123/1/36 141/1/36
f 123/1/36 135/1/36 141/1/36
f 135/1/36 136/1/36 141/1/36
f 333/1/477 338/1/477 339/1/477
f 338/1/478 346/1/478 344/1/478
f 108/1/33 109/1/33 95/1/33
f 542/1/42 541/1/42 638/1/42
f 541/1/42 635/1/42 638/1/42
f 638/1/42 556/1/42 542/1/42
f 235/3/36 236/3/36 223/3/36
f 236/3/36 224/3/36 223/3/36
f 224/3/36 221/3/36 223/3/36
f 221/3/36 162/3/36 223/3/36
f 461/1/3 460/1/3 258/1/3
f 460/1/3 459/1/3 258/1/3
f 258/1/3 459/1/3 257/1/3
f 459/1/3 254/1/3 257/1/3
f 258/1/3 240/1/3 461/1/3
f 240/1/3 242/1/3 401/1/3
f 401/1/3 400/1/3 240/1/3
f 130/1/50 129/1/50 140/1/50
f 124/1/51 126/1/51 166/1/51
f 137/2/479 183/2/479 186/2/479
f 143/1/58 131/1/58 132/1/58
f 147/2/59 146/2/59 184/2/59
f 1034/4/60 1075/4/60 1069/4/60
f 1075/4/60 1085/4/60 1069/4/60
f 1085/4/60 1081/4/60 1088/4/60
f 1069/4/60 1086/4/60 1034/4/60
f 1086/4/60 1188/4/60 1033/4/60
f 1085/4/60 1088/4/60 1069/4/60
f 1086/4/60 1033/4/60 1034/4/60
f 1188/4/60 1190/4/60 1033/4/60
f 1190/4/60 1187/4/60 796/4/60
f 1187/4/60 775/4/60 796/4/60
f 796/4/60 1178/4/60 1180/4/60
f 1017/4/60 1034/4/60 1031/4/60
f 1031/4/60 1034/4/60 1033/4/60
f 1190/4/60 796/4/60 1033/4/60
f 796/4/60 1180/4/60 1033/4/60
f 1072/4/60 1080/4/60 1065/4/60
f 999/4/60 763/4/60 783/4/60
f 999/4/60 783/4/60 1017/4/60
f 783/4/60 1027/4/60 1015/4/60
f 1028/4/60 1072/4/60 1065/4/60
f 1027/4/60 1028/4/60 1065/4/60
f 1017/4/60 1031/4/60 999/4/60
f 1027/4/60 1065/4/60 1045/4/60
f 1015/4/60 1017/4/60 783/4/60
f 152/2/61 197/2/61 196/2/61
f 153/2/61 198/2/61 149/2/61
f 156/2/62 213/2/62 208/2/62
f 162/2/63 221/2/63 220/2/63
f 128/1/64 133/1/64 139/1/64
f 163/2/65 165/2/65 227/2/65
f 171/1/66 167/1/66 172/1/66
f 396/2/480 398/2/480 382/2/480
f 382/2/480 419/2/480 424/2/480
f 419/2/480 420/2/480 424/2/480
f 420/2/480 422/2/480 424/2/480
f 424/2/480 423/2/480 418/2/480
f 418/2/480 417/2/480 424/2/480
f 417/2/67 435/2/67 434/2/67
f 424/2/480 417/2/480 397/2/480
f 434/2/67 361/2/67 397/2/67
f 434/2/480 397/2/480 417/2/480
f 397/2/480 396/2/480 424/2/480
f 349/2/68 354/2/68 345/2/68
f 170/2/69 169/2/69 175/2/69
f 179/2/50 178/2/50 181/2/50
f 183/3/36 137/3/36 134/3/36
f 185/2/58 177/2/58 180/2/58
f 189/2/65 188/2/65 179/2/65
f 148/2/50 190/2/50 191/2/50
f 196/2/50 197/2/50 188/2/50
f 146/2/70 147/2/70 149/2/70
f 130/1/71 141/1/71 175/1/71
f 201/2/72 195/2/72 194/2/72
f 936/3/73 1117/3/73 932/3/73
f 1117/3/73 968/3/73 972/3/73
f 968/3/73 1123/3/73 1121/3/73
f 1123/3/73 965/3/73 970/3/73
f 965/3/73 984/3/73 970/3/73
f 984/3/73 992/3/73 970/3/73
f 1123/3/73 970/3/73 1121/3/73
f 909/3/73 910/3/73 936/3/73
f 968/3/73 1121/3/73 972/3/73
f 932/3/73 909/3/73 936/3/73
f 182/2/36 181/2/36 136/2/36
f 181/2/36 176/2/36 136/2/36
f 176/2/36 175/2/36 136/2/36
f 136/2/36 186/2/36 182/2/36
f 186/2/36 139/2/36 196/2/36
f 196/2/36 139/2/36 151/2/36
f 139/2/36 210/2/36 151/2/36
f 196/2/36 189/2/36 186/2/36
f 989/3/74 957/3/74 987/3/74
f 957/3/74 955/3/74 987/3/74
f 1001/3/74 989/3/74 1137/3/74
f 989/3/74 987/3/74 1137/3/74
f 1137/3/74 1145/3/74 1000/3/74
f 1145/3/74 896/3/74 898/3/74
f 1137/3/74 1000/3/74 1001/3/74
f 1000/3/74 1145/3/74 898/3/74
f 1002/3/74 994/3/74 1003/3/74
f 994/3/74 995/3/74 1003/3/74
f 1000/3/74 1002/3/74 1133/3/74
f 1002/3/74 1003/3/74 1133/3/74
f 203/2/58 192/2/58 193/2/58
f 200/2/75 194/2/75 199/2/75
f 201/2/76 206/2/76 150/2/76
f 209/2/481 205/2/481 199/2/481
f 210/2/50 211/2/50 152/2/50
f 206/2/78 212/2/78 154/2/78
f 183/1/79 145/1/79 144/1/79
f 214/2/62 202/2/62 193/2/62
f 209/2/80 207/2/80 159/2/80
f 216/2/81 158/2/81 154/2/81
f 194/3/36 195/3/36 188/3/36
f 195/3/36 147/3/36 188/3/36
f 180/3/36 177/3/36 178/3/36
f 147/3/36 180/3/36 188/3/36
f 199/3/36 194/3/36 188/3/36
f 180/3/36 178/3/36 179/3/36
f 180/3/36 179/3/36 188/3/36
f 197/3/36 152/3/36 157/3/36
f 152/3/36 211/3/36 157/3/36
f 199/3/36 188/3/36 197/3/36
f 207/3/36 199/3/36 197/3/36
f 211/3/36 233/3/36 217/3/36
f 211/3/36 217/3/36 157/3/36
f 148/3/36 150/3/36 155/3/36
f 150/3/36 154/3/36 155/3/36
f 192/3/36 190/3/36 148/3/36
f 229/3/36 222/3/36 164/3/36
f 222/3/36 160/3/36 164/3/36
f 164/3/36 228/3/36 229/3/36
f 163/3/36 164/3/36 160/3/36
f 208/3/36 163/3/36 159/3/36
f 163/3/36 160/3/36 159/3/36
f 207/3/36 197/3/36 208/3/36
f 197/3/36 157/3/36 208/3/36
f 159/3/36 207/3/36 208/3/36
f 193/3/36 192/3/36 148/3/36
f 154/3/36 158/3/36 155/3/36
f 158/3/36 159/3/36 160/3/36
f 155/3/36 193/3/36 148/3/36
f 215/2/82 159/2/82 158/2/82
f 217/2/58 218/2/58 156/2/58
f 165/2/71 163/2/71 208/2/71
f 219/2/58 214/2/58 155/2/58
f 220/1/70 221/1/70 224/1/70
f 226/1/71 223/1/71 162/1/71
f 227/2/50 230/2/50 228/2/50
f 222/2/58 229/2/58 231/2/58
f 135/1/70 134/1/70 137/1/70
f 170/1/70 176/1/70 142/1/70
f 222/2/59 232/2/59 219/2/59
f 226/4/50 237/4/50 234/4/50
f 238/4/58 225/4/58 224/4/58
f 202/2/36 214/2/36 161/2/36
f 214/2/36 219/2/36 161/2/36
f 219/2/36 232/2/36 161/2/36
f 161/2/36 220/2/36 202/2/36
f 568/1/42 559/1/42 579/1/42
f 559/1/42 550/1/42 579/1/42
f 550/1/42 549/1/42 561/1/42
f 561/1/42 569/1/42 550/1/42
f 569/1/42 579/1/42 550/1/42
f 234/4/83 237/4/83 239/4/83
f 239/4/83 204/4/83 234/4/83
f 204/4/83 187/4/83 234/4/83
f 126/1/84 123/1/84 140/1/84
f 126/1/84 140/1/84 129/1/84
f 177/1/84 166/1/84 126/1/84
f 126/1/84 129/1/84 131/1/84
f 143/1/84 181/1/84 178/1/84
f 1066/3/60 1082/3/60 1071/3/60
f 1082/3/60 1084/3/60 1071/3/60
f 1019/3/60 1016/3/60 1046/3/60
f 1046/3/60 1066/3/60 1071/3/60
f 1029/3/60 1019/3/60 1046/3/60
f 102/1/86 101/1/86 39/1/86
f 39/1/86 40/1/86 102/1/86
f 40/1/86 16/1/86 102/1/86
f 16/1/86 41/1/86 112/1/86
f 112/1/482 111/1/482 105/1/482
f 111/1/86 103/1/86 105/1/86
f 112/1/86 105/1/86 16/1/86
f 217/1/64 233/1/64 138/1/64
f 138/1/64 204/1/64 228/1/64
f 204/1/64 239/1/64 229/1/64
f 239/1/64 231/1/64 229/1/64
f 228/1/64 218/1/64 217/1/64
f 204/1/64 229/1/64 228/1/64
f 241/1/3 399/1/3 402/1/3
f 402/1/87 415/1/87 245/1/87
f 430/2/87 402/2/87 390/2/87
f 361/2/87 434/2/87 436/2/87
f 325/2/87 436/2/87 431/2/87
f 270/1/483 265/1/483 268/1/483
f 265/1/483 412/1/483 243/1/483
f 264/1/483 265/1/483 243/1/483
f 412/1/483 401/1/483 243/1/483
f 401/1/483 242/1/483 243/1/483
f 245/1/484 384/1/484 387/1/484
f 246/1/485 392/1/485 386/1/485
f 249/1/486 247/1/486 248/1/486
f 252/1/94 241/1/94 251/1/94
f 459/1/95 253/1/95 255/1/95
f 404/1/96 405/1/96 267/1/96
f 262/2/487 263/2/487 261/2/487
f 267/1/488 405/1/488 407/1/488
f 273/2/100 271/2/100 272/2/100
f 257/1/100 274/1/100 276/1/100
f 280/2/489 278/2/489 279/2/489
f 262/2/3 266/2/3 282/2/3
f 266/2/3 278/2/3 282/2/3
f 278/2/3 280/2/3 287/2/3
f 287/2/16 281/2/16 278/2/16
f 281/2/3 282/2/3 278/2/3
f 284/2/102 285/2/102 283/2/102
f 292/1/103 290/1/103 291/1/103
f 293/2/490 289/2/490 288/2/490
f 296/2/104 281/2/104 287/2/104
f 302/2/105 300/2/105 301/2/105
f 305/2/106 303/2/106 304/2/106
f 312/2/491 313/2/491 311/2/491
f 310/2/94 309/2/94 314/2/94
f 427/2/492 428/2/492 336/2/492
f 428/2/493 398/2/493 336/2/493
f 306/2/494 304/2/494 317/2/494
f 318/2/495 302/2/495 299/2/495
f 321/2/94 322/2/94 244/2/94
f 326/2/496 395/2/496 394/2/496
f 330/1/497 331/1/497 260/1/497
f 333/3/498 330/3/498 332/3/498
f 335/2/105 334/2/105 307/2/105
f 337/2/499 391/2/499 393/2/499
f 342/2/106 340/2/106 341/2/106
f 332/1/500 260/1/500 267/1/500
f 338/3/501 332/3/501 315/3/501
f 277/1/502 346/1/502 338/1/502
f 765/3/503 1021/3/503 1026/3/503
f 1009/3/504 766/3/504 765/3/504
f 766/3/504 762/3/504 765/3/504
f 367/1/119 350/1/119 449/1/119
f 350/1/119 259/1/119 449/1/119
f 259/1/119 447/1/119 449/1/119
f 449/1/119 448/1/119 265/1/119
f 351/2/505 348/2/505 316/2/505
f 354/2/506 349/2/506 353/2/506
f 351/2/507 324/2/507 355/2/507
f 353/3/508 351/3/508 357/3/508
f 358/2/509 368/2/509 359/2/509
f 358/2/510 359/2/510 354/2/510
f 359/2/125 356/2/125 354/2/125
f 345/2/125 354/2/125 356/2/125
f 427/2/125 342/2/125 345/2/125
f 382/2/125 426/2/125 360/2/125
f 426/2/125 429/2/125 360/2/125
f 429/2/125 427/2/125 345/2/125
f 369/2/125 374/2/125 360/2/125
f 345/2/125 356/2/125 369/2/125
f 429/2/125 345/2/125 369/2/125
f 421/2/125 419/2/125 382/2/125
f 369/2/125 360/2/125 429/2/125
f 358/2/511 353/2/511 362/2/511
f 352/2/512 366/2/512 369/2/512
f 365/2/513 359/2/513 368/2/513
f 368/2/514 358/2/514 363/2/514
f 374/2/515 369/2/515 366/2/515
f 364/2/516 368/2/516 376/2/516
f 373/3/517 364/3/517 377/3/517
f 378/2/518 374/2/518 373/2/518
f 56/2/14 116/2/14 57/2/14
f 116/2/14 115/2/14 21/2/14
f 57/2/14 116/2/14 14/2/14
f 21/2/14 64/2/14 116/2/14
f 367/2/137 380/2/137 381/2/137
f 793/1/138 836/1/138 835/1/138
f 835/1/138 810/1/138 801/1/138
f 22/2/21 21/2/21 115/2/21
f 115/2/519 114/2/519 61/2/519
f 388/1/139 243/1/139 242/1/139
f 268/1/140 264/1/140 389/1/140
f 258/1/141 276/1/141 388/1/141
f 246/1/87 301/1/87 300/1/87
f 305/2/87 307/2/87 303/2/87
f 307/2/520 334/2/520 303/2/520
f 334/2/521 336/2/521 462/2/521
f 336/2/522 393/2/522 462/2/522
f 462/2/87 464/2/87 334/2/87
f 464/2/87 392/2/87 300/2/87
f 464/2/87 300/2/87 303/2/87
f 370/2/523 367/2/523 347/2/523
f 367/2/119 265/2/119 270/2/119
f 270/2/524 343/2/524 347/2/524
f 270/2/525 347/2/525 367/2/525
f 347/2/526 360/2/526 370/2/526
f 398/2/87 428/2/87 426/2/87
f 273/1/3 251/1/3 241/1/3
f 390/1/145 387/1/145 326/1/145
f 254/1/527 255/1/527 274/1/527
f 273/1/141 275/1/141 256/1/141
f 266/2/148 261/2/148 279/2/148
f 262/1/149 283/1/149 285/1/149
f 518/2/150 520/2/150 522/2/150
f 522/2/150 494/2/150 518/2/150
f 494/2/150 515/2/150 518/2/150
f 280/2/151 286/2/151 297/2/151
f 282/2/152 281/2/152 296/2/152
f 292/1/153 295/1/153 313/1/153
f 309/2/154 289/2/154 293/2/154
f 315/3/135 407/3/135 408/3/135
f 127/1/36 139/1/36 186/1/36
f 452/2/3 271/2/3 433/2/3
f 271/2/3 241/2/3 430/2/3
f 433/2/16 271/2/16 430/2/16
f 433/2/3 431/2/3 244/2/3
f 431/2/3 436/2/3 440/2/3
f 440/2/3 436/2/3 439/2/3
f 436/2/3 435/2/3 439/2/3
f 435/2/3 417/2/3 439/2/3
f 417/2/3 416/2/3 439/2/3
f 416/2/3 437/2/3 439/2/3
f 244/2/3 452/2/3 433/2/3
f 440/2/3 438/2/3 328/2/3
f 438/2/3 371/2/3 328/2/3
f 431/2/3 440/2/3 328/2/3
f 244/2/3 431/2/3 328/2/3
f 371/2/3 457/2/3 458/2/3
f 458/2/3 456/2/3 319/2/3
f 371/2/3 458/2/3 328/2/3
f 293/2/3 294/2/3 458/2/3
f 294/2/3 328/2/3 458/2/3
f 319/2/3 314/2/3 458/2/3
f 1131/1/528 976/1/528 974/1/528
f 974/1/528 975/1/528 1130/1/528
f 975/1/528 1127/1/528 1130/1/528
f 355/1/156 248/1/156 247/1/156
f 294/2/153 288/2/153 321/2/153
f 357/3/157 247/3/157 249/3/157
f 362/1/158 249/1/158 250/1/158
f 337/3/87 396/3/87 395/3/87
f 396/3/87 397/3/87 395/3/87
f 386/3/87 463/3/87 387/3/87
f 463/3/87 391/3/87 326/3/87
f 387/3/87 463/3/87 326/3/87
f 391/3/87 337/3/87 395/3/87
f 387/3/87 384/3/87 386/3/87
f 384/3/87 385/3/87 386/3/87
f 1200/4/159 892/4/159 959/4/159
f 959/4/159 921/4/159 1196/4/159
f 1199/4/159 1200/4/159 959/4/159
f 343/2/160 320/2/160 311/2/160
f 337/2/529 336/2/529 398/2/529
f 729/1/162 733/1/162 734/1/162
f 733/1/162 732/1/162 734/1/162
f 734/1/162 692/1/162 729/1/162
f 692/1/162 693/1/162 730/1/162
f 693/1/162 751/1/162 730/1/162
f 751/1/162 753/1/162 730/1/162
f 753/1/162 728/1/162 730/1/162
f 376/1/164 331/1/164 330/1/164
f 370/3/135 379/3/135 367/3/135
f 379/3/135 377/3/135 380/3/135
f 377/3/135 330/3/135 333/3/135
f 380/3/135 367/3/135 379/3/135
f 339/1/165 381/1/165 380/1/165
f 372/1/130 381/1/130 339/1/130
f 370/2/164 383/2/164 378/2/164
f 374/2/130 378/2/130 383/2/130
f 361/2/530 394/2/530 395/2/530
f 324/1/531 316/1/531 384/1/531
f 385/1/125 384/1/125 316/1/125
f 308/2/125 327/2/125 329/2/125
f 327/2/125 307/2/125 306/2/125
f 329/2/125 327/2/125 306/2/125
f 307/2/125 305/2/125 306/2/125
f 299/2/125 385/2/125 308/2/125
f 329/2/125 298/2/125 308/2/125
f 299/1/125 301/1/125 246/1/125
f 341/3/168 340/3/168 335/3/168
f 340/3/168 334/3/168 335/3/168
f 335/3/168 348/3/168 349/3/168
f 348/3/532 353/3/532 349/3/532
f 277/1/170 406/1/170 446/1/170
f 406/1/170 403/1/170 443/1/170
f 446/1/170 406/1/170 443/1/170
f 446/1/170 444/1/170 277/1/170
f 444/1/170 259/1/170 277/1/170
f 350/1/170 344/1/170 346/1/170
f 350/1/170 346/1/170 277/1/170
f 168/2/171 166/2/171 167/2/171
f 166/2/171 173/2/171 167/2/171
f 408/1/533 406/1/533 277/1/533
f 399/1/141 241/1/141 252/1/141
f 445/1/173 443/1/173 412/1/173
f 443/1/173 403/1/173 412/1/173
f 412/1/173 265/1/173 450/1/173
f 265/1/173 448/1/173 450/1/173
f 450/1/173 447/1/173 444/1/173
f 447/1/173 259/1/173 444/1/173
f 444/1/173 445/1/173 450/1/173
f 363/1/130 250/1/130 331/1/130
f 250/1/130 413/1/130 404/1/130
f 331/1/130 250/1/130 260/1/130
f 404/1/130 260/1/130 250/1/130
f 13/3/14 53/3/14 55/3/14
f 53/3/14 54/3/14 55/3/14
f 59/3/14 13/3/14 15/3/14
f 13/3/14 55/3/14 15/3/14
f 15/3/14 24/3/14 23/3/14
f 25/3/14 20/3/14 106/3/14
f 20/3/14 66/3/14 106/3/14
f 66/3/14 59/3/14 63/3/14
f 59/3/14 15/3/14 62/3/14
f 63/3/14 59/3/14 62/3/14
f 15/3/14 23/3/14 62/3/14
f 66/3/14 63/3/14 71/3/14
f 80/3/14 106/3/14 66/3/14
f 33/3/14 84/3/14 80/3/14
f 66/3/14 71/3/14 78/3/14
f 78/3/14 33/3/14 80/3/14
f 365/3/181 364/3/181 366/3/181
f 356/2/534 359/2/534 365/2/534
f 318/2/535 298/2/535 329/2/535
f 439/2/536 441/2/536 442/2/536
f 310/2/141 319/2/141 456/2/141
f 457/2/141 371/2/141 375/2/141
f 461/1/153 400/1/153 411/1/153
f 462/2/147 393/2/147 391/2/147
f 467/2/199 465/2/199 466/2/199
f 235/4/64 187/4/64 236/4/64
f 187/4/64 171/4/64 236/4/64
f 171/4/64 174/4/64 236/4/64
f 484/2/150 521/2/150 478/2/150
f 521/2/150 519/2/150 478/2/150
f 478/2/150 513/2/150 469/2/150
f 513/2/150 467/2/150 469/2/150
f 474/2/150 502/2/150 484/2/150
f 469/2/150 474/2/150 484/2/150
f 474/2/201 469/2/201 466/2/201
f 470/2/537 468/2/537 475/2/537
f 479/2/203 478/2/203 519/2/203
f 485/2/204 487/2/204 521/2/204
f 490/2/205 496/2/205 489/2/205
f 494/2/538 522/2/538 492/2/538
f 496/2/539 500/2/539 495/2/539
f 495/2/203 500/2/203 526/2/203
f 485/2/207 484/2/207 502/2/207
f 503/2/212 505/2/212 524/2/212
f 483/2/540 470/2/540 488/2/540
f 523/2/150 525/2/150 524/2/150
f 505/2/150 529/2/150 507/2/150
f 529/2/150 512/2/150 507/2/150
f 523/2/150 524/2/150 505/2/150
f 475/2/150 476/2/150 488/2/150
f 476/2/150 523/2/150 488/2/150
f 507/2/150 488/2/150 505/2/150
f 483/2/210 507/2/210 512/2/210
f 514/2/211 516/2/211 481/2/211
f 515/2/207 494/2/207 493/2/207
f 518/2/208 481/2/208 482/2/208
f 519/2/207 521/2/207 487/2/207
f 520/2/541 482/2/541 492/2/541
f 498/2/211 523/2/211 476/2/211
f 525/2/211 491/2/211 497/2/211
f 525/2/205 523/2/205 498/2/205
f 527/2/211 490/2/211 486/2/211
f 498/3/542 473/3/542 493/3/542
f 473/3/542 472/3/542 530/3/542
f 493/3/542 473/3/542 530/3/542
f 491/3/542 498/3/542 493/3/542
f 491/3/542 493/3/542 492/3/542
f 497/3/215 491/3/215 492/3/215
f 497/3/542 492/3/542 495/3/542
f 492/3/542 482/3/542 495/3/542
f 508/3/542 528/3/542 499/3/542
f 528/3/542 503/3/542 499/3/542
f 482/3/542 481/3/542 480/3/542
f 495/3/542 482/3/542 489/3/542
f 499/3/542 503/3/542 497/3/542
f 495/3/215 499/3/215 497/3/215
f 481/3/542 516/3/542 517/3/542
f 481/3/542 517/3/542 479/3/542
f 481/3/215 479/3/215 480/3/215
f 501/3/542 504/3/542 486/3/542
f 482/3/542 480/3/542 489/3/542
f 489/3/215 480/3/215 487/3/215
f 485/3/215 501/3/215 486/3/215
f 486/3/542 489/3/542 487/3/542
f 499/2/207 526/2/207 511/2/207
f 529/2/211 505/2/211 503/2/211
f 479/2/207 517/2/207 513/2/207
f 501/2/216 502/2/216 477/2/216
f 502/2/216 474/2/216 477/2/216
f 477/2/216 506/2/216 501/2/216
f 506/2/216 510/2/216 504/2/216
f 510/2/543 527/2/543 504/2/543
f 980/4/60 982/4/60 931/4/60
f 982/4/60 1018/4/60 931/4/60
f 1018/4/60 764/4/60 763/4/60
f 516/1/217 514/1/217 530/1/217
f 514/1/544 515/1/544 530/1/544
f 467/1/217 513/1/217 517/1/217
f 465/1/217 467/1/217 517/1/217
f 475/1/217 468/1/217 472/1/217
f 468/1/217 465/1/217 530/1/217
f 472/1/217 468/1/217 530/1/217
f 471/1/217 476/1/217 475/1/217
f 472/1/217 471/1/217 475/1/217
f 465/1/217 517/1/217 516/1/217
f 532/1/218 531/1/218 533/1/218
f 539/1/219 536/1/219 540/1/219
f 542/1/220 543/1/220 544/1/220
f 546/1/221 545/1/221 538/1/221
f 547/1/221 548/1/221 543/1/221
f 549/1/222 550/1/222 535/1/222
f 547/1/219 556/1/219 557/1/219
f 559/1/224 554/1/224 535/1/224
f 549/1/225 537/1/225 558/1/225
f 563/1/226 566/1/226 575/1/226
f 565/1/226 564/1/226 576/1/226
f 559/1/227 568/1/227 555/1/227
f 569/1/228 561/1/228 558/1/228
f 571/1/229 564/1/229 565/1/229
f 574/1/230 593/1/230 594/1/230
f 577/1/231 578/1/231 555/1/231
f 569/1/232 570/1/232 580/1/232
f 566/3/42 555/3/42 578/3/42
f 577/1/233 579/1/233 580/1/233
f 583/1/219 545/1/219 546/1/219
f 576/1/229 584/1/229 581/1/229
f 573/1/234 575/1/234 566/1/234
f 634/3/42 644/3/42 633/3/42
f 644/3/42 642/3/42 633/3/42
f 633/3/42 532/3/42 534/3/42
f 660/1/231 659/1/231 611/1/231
f 614/1/231 560/1/231 660/1/231
f 560/1/231 585/1/231 661/1/231
f 663/1/231 560/1/231 661/1/231
f 663/1/231 662/1/231 660/1/231
f 662/1/231 658/1/231 660/1/231
f 660/1/231 611/1/231 614/1/231
f 587/1/235 581/1/235 584/1/235
f 563/1/229 562/1/229 589/1/229
f 591/1/545 590/1/545 598/1/545
f 554/3/42 555/3/42 540/3/42
f 555/3/42 566/3/42 540/3/42
f 563/3/42 588/3/42 582/3/42
f 566/3/42 563/3/42 540/3/42
f 535/3/42 554/3/42 540/3/42
f 563/3/42 582/3/42 546/3/42
f 563/3/42 546/3/42 540/3/42
f 536/3/42 631/3/42 630/3/42
f 631/3/42 639/3/42 630/3/42
f 535/3/42 540/3/42 536/3/42
f 537/3/42 535/3/42 536/3/42
f 639/3/42 640/3/42 630/3/42
f 630/3/42 544/3/42 536/3/42
f 537/3/42 536/3/42 544/3/42
f 537/3/42 544/3/42 543/3/42
f 558/3/42 537/3/42 543/3/42
f 548/3/42 557/3/42 567/3/42
f 558/3/42 543/3/42 572/3/42
f 543/3/42 548/3/42 572/3/42
f 570/3/42 558/3/42 572/3/42
f 548/3/42 567/3/42 565/3/42
f 548/3/42 565/3/42 572/3/42
f 580/3/42 570/3/42 572/3/42
f 574/3/42 578/3/42 581/3/42
f 578/3/42 580/3/42 581/3/42
f 602/3/42 603/3/42 593/3/42
f 593/3/42 574/3/42 581/3/42
f 580/3/42 572/3/42 581/3/42
f 587/3/42 602/3/42 593/3/42
f 597/1/546 596/1/546 604/1/546
f 589/1/42 562/1/42 594/1/42
f 562/1/42 575/1/42 594/1/42
f 575/1/42 573/1/42 594/1/42
f 604/2/220 607/2/220 608/2/220
f 609/2/234 596/2/234 597/2/234
f 335/2/547 327/2/547 308/2/547
f 308/2/548 316/2/548 348/2/548
f 1209/1/239 858/1/239 917/1/239
f 917/1/239 883/1/239 1207/1/239
f 601/2/225 595/2/225 649/2/225
f 595/2/225 626/2/225 649/2/225
f 624/2/225 612/2/225 647/2/225
f 624/2/225 647/2/225 626/2/225
f 664/1/240 661/1/240 602/1/240
f 661/1/240 585/1/240 582/1/240
f 585/1/240 606/1/240 582/1/240
f 606/1/240 583/1/240 582/1/240
f 658/1/240 662/1/240 622/1/240
f 662/1/240 664/1/240 622/1/240
f 661/1/240 582/1/240 588/1/240
f 588/1/240 589/1/240 661/1/240
f 589/1/240 592/1/240 661/1/240
f 603/1/240 661/1/240 592/1/240
f 603/1/240 602/1/240 661/1/240
f 619/2/240 602/2/240 623/2/240
f 612/2/549 624/2/549 615/2/549
f 629/2/550 616/2/550 625/2/550
f 620/2/219 609/2/219 610/2/219
f 608/2/229 607/2/229 621/2/229
f 592/1/219 594/1/219 593/1/219
f 587/1/229 586/1/229 623/1/229
f 599/2/220 598/2/220 628/2/220
f 629/2/234 590/2/234 591/2/234
f 618/1/244 614/1/244 611/1/244
f 608/3/42 622/3/42 610/3/42
f 622/3/42 619/3/42 610/3/42
f 610/3/42 597/3/42 605/3/42
f 596/2/42 609/2/42 620/2/42
f 860/4/245 1211/4/245 850/4/245
f 1211/4/245 1210/4/245 850/4/245
f 1210/4/245 832/4/245 850/4/245
f 832/4/245 827/4/245 1219/4/245
f 848/4/245 832/4/245 1219/4/245
f 1219/4/245 1220/4/245 848/4/245
f 1220/4/245 839/4/245 848/4/245
f 652/1/42 650/1/42 617/1/42
f 617/1/42 629/1/42 652/1/42
f 629/1/42 613/1/42 652/1/42
f 613/1/42 627/1/42 652/1/42
f 541/1/235 544/1/235 630/1/235
f 539/1/230 632/1/230 631/1/230
f 533/1/234 636/1/234 634/1/234
f 637/1/220 531/1/220 532/1/220
f 640/1/229 638/1/229 635/1/229
f 631/1/219 632/1/219 641/1/219
f 585/1/246 560/1/246 552/1/246
f 642/1/229 643/1/229 637/1/229
f 645/1/219 644/1/219 634/1/219
f 552/1/247 551/1/247 646/1/247
f 651/1/248 627/1/248 653/1/248
f 627/1/248 626/1/248 653/1/248
f 626/1/248 618/1/248 653/1/248
f 618/1/248 617/1/248 653/1/248
f 639/1/249 641/1/249 643/1/249
f 639/1/249 643/1/249 642/1/249
f 556/1/249 638/1/249 557/1/249
f 638/1/249 640/1/249 557/1/249
f 644/1/249 645/1/249 646/1/249
f 646/1/249 551/1/249 644/1/249
f 551/1/249 553/1/249 639/1/249
f 644/1/249 551/1/249 642/1/249
f 553/1/249 600/1/249 567/1/249
f 600/1/249 571/1/249 567/1/249
f 642/1/249 551/1/249 639/1/249
f 640/1/249 639/1/249 553/1/249
f 553/1/249 567/1/249 557/1/249
f 632/1/42 539/1/42 531/1/42
f 539/1/42 538/1/42 531/1/42
f 545/1/42 583/1/42 533/1/42
f 583/1/42 606/1/42 636/1/42
f 533/1/42 583/1/42 636/1/42
f 538/1/42 545/1/42 531/1/42
f 643/1/42 641/1/42 632/1/42
f 531/1/42 637/1/42 632/1/42
f 637/1/42 643/1/42 632/1/42
f 606/1/42 646/1/42 636/1/42
f 646/1/42 645/1/42 636/1/42
f 611/1/240 659/1/240 657/1/240
f 621/2/240 657/2/240 658/2/240
f 655/2/256 654/2/256 553/2/256
f 654/2/256 600/2/256 553/2/256
f 553/2/256 595/2/256 655/2/256
f 669/1/262 670/1/262 668/1/262
f 673/2/263 696/2/263 697/2/263
f 672/2/264 704/2/264 702/2/264
f 903/3/73 850/3/73 899/3/73
f 850/3/73 848/3/73 899/3/73
f 919/3/73 922/3/73 901/3/73
f 901/3/73 903/3/73 899/3/73
f 897/3/73 919/3/73 901/3/73
f 676/2/551 675/2/551 698/2/551
f 679/2/266 687/2/266 681/2/266
f 735/1/267 678/1/267 677/1/267
f 684/2/268 683/2/268 705/2/268
f 687/2/264 736/2/264 709/2/264
f 688/2/267 689/2/267 690/2/267
f 732/1/269 733/1/269 717/1/269
f 691/2/269 717/2/269 683/2/269
f 717/2/269 713/2/269 683/2/269
f 727/1/270 694/1/270 686/1/270
f 686/1/270 685/1/270 724/1/270
f 685/1/552 731/1/552 724/1/552
f 724/1/270 723/1/270 726/1/270
f 723/1/270 725/1/270 726/1/270
f 726/1/270 727/1/270 686/1/270
f 748/1/271 666/1/271 737/1/271
f 666/1/271 686/1/271 677/1/271
f 740/1/271 666/1/271 699/1/271
f 686/1/271 694/1/271 759/1/271
f 761/1/271 758/1/271 686/1/271
f 758/1/271 682/1/271 677/1/271
f 686/1/271 759/1/271 761/1/271
f 737/1/271 750/1/271 748/1/271
f 701/1/271 738/1/271 699/1/271
f 738/1/271 740/1/271 699/1/271
f 740/1/271 737/1/271 666/1/271
f 758/1/271 677/1/271 686/1/271
f 915/3/159 945/3/159 913/3/159
f 945/3/159 953/3/159 913/3/159
f 872/3/159 873/3/159 912/3/159
f 912/3/159 915/3/159 913/3/159
f 911/3/159 872/3/159 912/3/159
f 679/2/272 680/2/272 674/2/272
f 699/1/553 700/1/553 671/1/553
f 598/2/42 656/2/42 601/2/42
f 648/2/42 647/2/42 628/2/42
f 647/2/42 612/2/42 628/2/42
f 598/2/42 601/2/42 648/2/42
f 703/2/554 702/2/554 704/2/554
f 683/2/267 684/2/267 710/2/267
f 695/1/269 760/1/269 759/1/269
f 714/2/264 712/2/264 713/2/264
f 757/1/269 754/1/269 722/1/269
f 754/1/269 688/1/269 722/1/269
f 722/1/269 728/1/269 757/1/269
f 728/1/269 753/1/269 752/1/269
f 752/1/269 755/1/269 728/1/269
f 1041/4/159 1038/4/159 1192/4/159
f 1194/4/159 1191/4/159 1014/4/159
f 1191/4/159 795/4/159 777/4/159
f 1041/4/159 1192/4/159 1194/4/159
f 1070/4/159 1048/4/159 1083/4/159
f 1048/4/159 1051/4/159 1083/4/159
f 1051/4/159 1041/4/159 1083/4/159
f 1041/4/159 1194/4/159 1014/4/159
f 1191/4/159 777/4/159 1014/4/159
f 795/4/159 778/4/159 777/4/159
f 716/2/264 708/2/264 711/2/264
f 720/2/274 715/2/274 718/2/274
f 720/1/272 723/1/272 724/1/272
f 725/1/269 723/1/269 720/1/269
f 726/1/275 725/1/275 719/1/275
f 731/1/555 685/1/555 692/1/555
f 666/1/277 748/1/277 745/1/277
f 748/1/277 749/1/277 745/1/277
f 745/1/277 747/1/277 666/1/277
f 749/1/269 750/1/269 737/1/269
f 739/1/269 738/1/269 743/1/269
f 738/1/269 701/1/269 671/1/269
f 749/1/269 737/1/269 745/1/269
f 737/1/269 739/1/269 745/1/269
f 746/1/269 745/1/269 739/1/269
f 743/1/269 741/1/269 739/1/269
f 741/1/269 746/1/269 739/1/269
f 667/1/269 742/1/269 671/1/269
f 742/1/269 743/1/269 671/1/269
f 697/1/269 669/1/269 672/1/269
f 669/1/269 667/1/269 704/1/269
f 672/1/269 669/1/269 704/1/269
f 738/1/269 671/1/269 743/1/269
f 707/1/269 704/1/269 667/1/269
f 671/1/269 736/1/269 707/1/269
f 700/1/275 709/1/275 736/1/275
f 678/1/272 735/1/272 711/1/272
f 695/2/272 727/2/272 716/2/272
f 730/1/275 728/1/275 722/1/275
f 714/1/272 717/1/272 733/1/272
f 703/2/267 707/2/267 675/2/267
f 732/1/556 691/1/556 731/1/556
f 711/1/269 735/1/269 758/1/269
f 735/1/269 682/1/269 758/1/269
f 758/1/269 760/1/269 721/1/269
f 10/2/14 42/2/14 48/2/14
f 42/2/14 43/2/14 48/2/14
f 10/2/14 48/2/14 8/2/14
f 8/2/14 1/2/14 52/2/14
f 12/2/14 60/2/14 58/2/14
f 60/2/14 65/2/14 58/2/14
f 8/2/14 52/2/14 10/2/14
f 52/2/14 12/2/14 10/2/14
f 65/2/14 19/2/14 58/2/14
f 19/2/14 44/2/14 121/2/14
f 58/2/14 10/2/14 12/2/14
f 705/2/281 713/2/281 712/2/281
f 706/1/281 712/1/281 670/1/281
f 712/1/281 689/1/281 670/1/281
f 689/1/281 688/1/281 754/1/281
f 756/1/281 755/1/281 693/1/281
f 755/1/281 752/1/281 693/1/281
f 693/1/281 752/1/281 751/1/281
f 689/1/281 754/1/281 756/1/281
f 689/1/281 756/1/281 693/1/281
f 670/1/281 689/1/281 693/1/281
f 670/1/281 669/1/281 696/1/281
f 669/1/281 697/1/281 696/1/281
f 355/1/130 324/1/130 409/1/130
f 409/1/130 414/1/130 248/1/130
f 1013/3/159 1079/3/159 1012/3/159
f 1079/3/159 1073/3/159 1012/3/159
f 779/3/159 769/3/159 768/3/159
f 768/3/159 1013/3/159 1012/3/159
f 780/3/159 779/3/159 768/3/159
f 665/1/286 747/1/286 741/1/286
f 747/1/286 746/1/286 741/1/286
f 741/1/286 744/1/286 665/1/286
f 744/1/286 742/1/286 668/1/286
f 742/1/286 667/1/286 668/1/286
f 1061/3/287 1056/3/287 1011/3/287
f 1056/3/287 1008/3/287 1011/3/287
f 1155/3/287 884/3/287 829/3/287
f 786/3/287 1162/3/287 799/3/287
f 1162/3/287 1011/3/287 1008/3/287
f 787/3/287 1155/3/287 785/3/287
f 1155/3/287 829/3/287 785/3/287
f 1162/3/287 1008/3/287 799/3/287
f 787/3/287 785/3/287 1158/3/287
f 787/3/287 1158/3/287 799/3/287
f 762/4/293 763/4/293 764/4/293
f 1030/4/294 784/4/294 767/4/294
f 768/4/295 769/4/295 770/4/295
f 778/4/296 779/4/296 780/4/296
f 1189/4/297 1188/4/297 1078/4/297
f 1188/4/297 1086/4/297 1078/4/297
f 1078/4/297 776/4/297 1189/4/297
f 776/4/297 775/4/297 1187/4/297
f 783/4/298 766/4/298 1009/4/298
f 1198/4/299 1196/4/299 923/4/299
f 1196/4/299 921/4/299 923/4/299
f 923/4/299 893/4/299 1198/4/299
f 893/4/299 892/4/299 1197/4/299
f 789/4/300 788/4/300 1050/4/300
f 785/3/557 829/3/557 904/3/557
f 789/4/302 767/4/302 784/4/302
f 783/4/303 763/4/303 762/4/303
f 173/1/36 203/1/36 225/1/36
f 203/1/36 220/1/36 225/1/36
f 225/1/36 174/1/36 173/1/36
f 800/4/304 782/4/304 816/4/304
f 799/4/307 1008/4/307 1044/4/307
f 817/3/308 781/3/308 815/3/308
f 781/3/308 773/3/308 815/3/308
f 807/3/308 814/3/308 808/3/308
f 808/3/308 817/3/308 815/3/308
f 800/3/308 807/3/308 808/3/308
f 805/4/309 787/4/309 799/4/309
f 773/4/310 772/4/310 797/4/310
f 806/4/311 826/4/311 833/4/311
f 797/4/312 782/4/312 800/4/312
f 818/3/74 830/3/74 813/3/74
f 830/3/74 828/3/74 813/3/74
f 1035/3/74 1036/3/74 811/3/74
f 1036/3/74 812/3/74 811/3/74
f 812/3/74 818/3/74 813/3/74
f 942/4/138 933/4/138 948/4/138
f 948/4/138 1153/4/138 942/4/138
f 1153/4/138 1156/4/138 942/4/138
f 1156/4/138 1154/4/138 804/4/138
f 1154/4/138 805/4/138 804/4/138
f 1053/4/138 1077/4/138 1064/4/138
f 1044/4/138 1059/4/138 1053/4/138
f 942/4/138 1156/4/138 804/4/138
f 1044/4/138 1053/4/138 1064/4/138
f 942/4/138 804/4/138 1064/4/138
f 822/4/239 823/4/239 1218/4/239
f 823/4/239 819/4/239 1218/4/239
f 819/4/239 1216/4/239 1218/4/239
f 820/4/239 792/4/239 822/4/239
f 792/4/239 798/4/239 822/4/239
f 817/4/313 822/4/313 798/4/313
f 823/4/314 822/4/314 817/4/314
f 1204/3/60 802/3/60 790/3/60
f 927/3/60 929/3/60 973/3/60
f 824/3/60 1204/3/60 791/3/60
f 1204/3/60 790/3/60 791/3/60
f 927/3/60 973/3/60 952/3/60
f 927/3/60 952/3/60 824/3/60
f 955/4/315 942/4/315 986/4/315
f 920/1/239 885/1/239 909/1/239
f 885/1/239 1018/1/239 909/1/239
f 910/4/239 1018/4/239 982/4/239
f 864/1/73 1208/1/73 1207/1/73
f 1207/1/73 883/1/73 907/1/73
f 810/1/558 835/1/558 838/1/558
f 7/1/14 118/1/14 119/1/14
f 119/1/14 117/1/14 3/1/14
f 44/1/14 19/1/14 119/1/14
f 19/1/14 7/1/14 119/1/14
f 841/4/559 831/4/559 845/4/559
f 845/1/318 831/1/318 869/1/318
f 790/4/319 1033/4/319 874/4/319
f 1183/1/560 1185/1/560 1186/1/560
f 847/1/321 844/1/321 866/1/321
f 811/4/322 813/4/322 853/4/322
f 818/4/315 812/4/315 856/4/315
f 857/4/561 858/4/561 859/4/561
f 847/1/562 851/1/562 939/1/562
f 820/4/73 826/4/73 806/4/73
f 863/1/325 838/1/325 843/1/325
f 847/3/159 861/3/159 842/3/159
f 861/3/159 867/3/159 842/3/159
f 844/3/159 847/3/159 842/3/159
f 838/3/159 835/3/159 1185/3/159
f 835/3/159 836/3/159 1185/3/159
f 1185/3/159 837/3/159 838/3/159
f 844/3/159 842/3/159 843/3/159
f 837/3/159 844/3/159 838/3/159
f 814/4/313 819/4/313 823/4/313
f 17/2/9 74/2/9 69/2/9
f 61/2/9 114/2/9 116/2/9
f 18/2/9 17/2/9 69/2/9
f 61/2/9 116/2/9 54/2/9
f 116/2/9 56/2/9 54/2/9
f 18/2/9 69/2/9 61/2/9
f 53/2/9 6/2/9 54/2/9
f 6/2/9 18/2/9 61/2/9
f 1167/1/326 1165/1/326 875/1/326
f 875/1/563 876/1/563 1167/1/563
f 876/1/326 873/1/326 1167/1/326
f 872/1/563 871/1/563 870/1/563
f 872/1/326 870/1/326 868/1/326
f 1167/1/326 873/1/326 868/1/326
f 873/1/326 872/1/326 868/1/326
f 878/1/326 1164/1/326 1167/1/326
f 629/2/42 617/2/42 657/2/42
f 657/2/42 621/2/42 607/2/42
f 607/2/42 604/2/42 590/2/42
f 629/2/42 657/2/42 607/2/42
f 867/1/327 861/1/327 939/1/327
f 882/1/328 886/1/328 887/1/328
f 888/1/329 862/1/329 843/1/329
f 845/3/330 889/3/330 857/3/330
f 889/3/330 918/3/330 857/3/330
f 857/3/330 854/3/330 845/3/330
f 891/1/564 890/1/564 892/1/564
f 896/1/332 894/1/332 895/1/332
f 880/1/333 864/1/333 897/1/333
f 903/1/334 901/1/334 902/1/334
f 870/1/299 882/1/299 877/1/299
f 44/2/33 49/2/33 122/2/33
f 49/2/33 51/2/33 122/2/33
f 900/5/73 1094/5/73 1090/5/73
f 860/4/73 1090/4/73 1212/4/73
f 304/3/168 303/3/168 300/3/168
f 300/3/168 302/3/168 304/3/168
f 302/3/335 318/3/335 317/3/335
f 809/4/73 827/4/73 1215/4/73
f 827/4/73 832/4/73 1215/4/73
f 832/4/73 1213/4/73 1215/4/73
f 1092/1/74 1089/1/74 895/1/74
f 1089/1/74 881/1/74 1098/1/74
f 881/1/74 1095/1/74 1098/1/74
f 1098/1/74 1096/1/74 895/1/74
f 1096/1/74 906/1/74 895/1/74
f 906/1/74 949/1/74 1101/1/74
f 949/1/74 1099/1/74 1101/1/74
f 1089/1/74 1098/1/74 895/1/74
f 906/1/74 1101/1/74 895/1/74
f 1101/1/74 951/1/74 895/1/74
f 895/1/74 1091/1/74 1092/1/74
f 975/1/74 1111/1/74 1005/1/74
f 1129/1/74 1127/1/74 1005/1/74
f 1127/1/74 975/1/74 1005/1/74
f 1129/1/74 1005/1/74 1128/1/74
f 1005/1/74 1004/1/74 1128/1/74
f 1004/1/74 895/1/74 1102/1/74
f 895/1/74 951/1/74 1102/1/74
f 1102/1/74 1103/1/74 1004/1/74
f 1103/1/74 976/1/74 1004/1/74
f 526/2/150 500/2/150 496/2/150
f 496/2/150 490/2/150 526/2/150
f 490/2/150 527/2/150 526/2/150
f 527/2/150 510/2/150 511/2/150
f 915/1/565 912/1/565 914/1/565
f 736/2/269 687/2/269 707/2/269
f 687/2/269 679/2/269 675/2/269
f 679/2/269 698/2/269 675/2/269
f 891/4/338 893/4/338 923/4/338
f 926/1/339 924/1/339 925/1/339
f 929/4/319 927/4/319 928/4/319
f 883/1/340 917/1/340 919/1/340
f 917/1/340 918/1/340 919/1/340
f 889/1/340 869/1/340 885/1/340
f 907/1/340 883/1/340 919/1/340
f 889/1/340 885/1/340 906/1/340
f 918/1/340 889/1/340 922/1/340
f 919/1/340 918/1/340 922/1/340
f 889/1/340 906/1/340 1097/1/340
f 906/1/340 1096/1/340 1097/1/340
f 1097/1/340 1095/1/340 881/1/340
f 881/1/340 905/1/340 1097/1/340
f 905/1/340 922/1/340 1097/1/340
f 130/3/36 169/3/36 132/3/36
f 169/3/36 170/3/36 132/3/36
f 132/3/36 131/3/36 129/3/36
f 888/1/325 842/1/325 867/1/325
f 931/1/341 924/1/341 926/1/341
f 920/1/566 909/1/566 932/1/566
f 930/1/343 925/1/343 934/1/343
f 936/1/344 910/1/344 935/1/344
f 915/4/567 916/4/567 944/4/567
f 187/1/346 204/1/346 133/1/346
f 204/1/346 138/1/346 133/1/346
f 133/1/346 128/1/346 124/1/346
f 128/1/346 125/1/346 124/1/346
f 167/1/346 171/1/346 168/1/346
f 171/1/346 187/1/346 168/1/346
f 124/1/346 168/1/346 133/1/346
f 848/4/347 839/4/347 880/4/347
f 974/1/73 1106/1/73 1107/1/73
f 1107/1/73 1105/1/73 943/1/73
f 943/1/73 949/1/73 941/1/73
f 949/1/73 906/1/73 941/1/73
f 906/1/73 885/1/73 941/1/73
f 885/1/73 920/1/73 941/1/73
f 985/1/73 1120/1/73 1109/1/73
f 1107/1/73 943/1/73 941/1/73
f 1110/1/73 975/1/73 985/1/73
f 975/1/73 974/1/73 985/1/73
f 1107/1/73 941/1/73 985/1/73
f 1109/1/73 1110/1/73 985/1/73
f 716/3/8 727/3/8 718/3/8
f 727/3/8 726/3/8 718/3/8
f 708/3/8 716/3/8 718/3/8
f 715/3/8 724/3/8 710/3/8
f 724/3/8 731/3/8 710/3/8
f 708/3/8 718/3/8 715/3/8
f 699/3/8 677/3/8 678/3/8
f 708/3/8 715/3/8 710/3/8
f 700/3/8 699/3/8 678/3/8
f 678/3/8 708/3/8 709/3/8
f 708/3/8 710/3/8 709/3/8
f 709/3/8 700/3/8 678/3/8
f 696/3/8 673/3/8 676/3/8
f 673/3/8 702/3/8 676/3/8
f 702/3/8 703/3/8 676/3/8
f 709/3/8 710/3/8 681/3/8
f 710/3/8 684/3/8 681/3/8
f 696/3/8 676/3/8 674/3/8
f 680/3/8 681/3/8 706/3/8
f 681/3/8 684/3/8 706/3/8
f 696/3/8 674/3/8 706/3/8
f 903/4/349 900/4/349 860/4/349
f 928/1/350 927/1/350 791/1/350
f 917/1/351 858/1/351 857/1/351
f 1206/4/239 859/4/239 858/4/239
f 999/1/60 1031/1/60 1203/1/60
f 1205/1/60 1202/1/60 999/1/60
f 1202/1/60 825/1/60 999/1/60
f 955/4/568 954/4/568 933/4/568
f 1147/3/569 954/3/569 955/3/569
f 1146/4/570 1147/4/570 957/4/570
f 425/2/119 422/2/119 420/2/119
f 420/2/119 421/2/119 425/2/119
f 421/2/119 360/2/119 425/2/119
f 360/2/119 375/2/119 438/2/119
f 375/2/571 371/2/571 438/2/571
f 438/2/119 442/2/119 360/2/119
f 441/2/119 437/2/119 425/2/119
f 437/2/119 416/2/119 425/2/119
f 442/2/572 441/2/572 360/2/572
f 425/2/119 360/2/119 441/2/119
f 418/2/119 423/2/119 425/2/119
f 950/4/356 923/4/356 921/4/356
f 921/4/573 959/4/573 953/4/573
f 945/4/356 944/4/356 961/4/356
f 950/4/356 921/4/356 953/4/356
f 945/4/356 961/4/356 1176/4/356
f 950/4/356 953/4/356 1173/4/356
f 953/4/356 945/4/356 1176/4/356
f 947/4/356 908/4/356 960/4/356
f 960/4/356 950/4/356 1173/4/356
f 953/4/356 1176/4/356 1173/4/356
f 1176/4/356 1175/4/356 1173/4/356
f 1175/4/356 978/4/356 1171/4/356
f 1173/4/356 1175/4/356 1171/4/356
f 1168/4/356 947/4/356 960/4/356
f 1172/4/356 1169/4/356 1173/4/356
f 1169/4/356 1168/4/356 960/4/356
f 911/1/357 962/1/357 871/1/357
f 876/1/358 914/1/358 912/1/358
f 1124/1/359 964/1/359 965/1/359
f 965/4/360 964/4/360 983/4/360
f 1054/4/362 1063/4/362 1020/4/362
f 984/4/363 983/4/363 946/4/363
f 946/4/363 982/4/363 984/4/363
f 982/4/363 980/4/363 981/4/363
f 982/4/363 981/4/363 992/4/363
f 984/4/363 982/4/363 992/4/363
f 988/4/363 977/4/363 973/4/363
f 977/4/363 969/4/363 973/4/363
f 981/4/363 988/4/363 992/4/363
f 1113/4/363 993/4/363 992/4/363
f 929/4/363 967/4/363 1170/4/363
f 988/4/363 973/4/363 1140/4/363
f 973/4/363 929/4/363 1174/4/363
f 1140/4/363 973/4/363 991/4/363
f 1113/4/363 992/4/363 988/4/363
f 996/4/363 1114/4/363 994/4/363
f 1114/4/363 1113/4/363 994/4/363
f 1113/4/363 988/4/363 995/4/363
f 995/4/363 988/4/363 1140/4/363
f 929/4/363 1170/4/363 1174/4/363
f 1170/4/363 1169/4/363 1174/4/363
f 1169/4/363 1172/4/363 1174/4/363
f 1174/4/363 1171/4/363 978/4/363
f 978/4/363 991/4/363 1174/4/363
f 1174/4/363 991/4/363 973/4/363
f 1140/4/363 1139/4/363 995/4/363
f 1139/4/363 997/4/363 995/4/363
f 966/1/73 1116/1/73 1126/1/73
f 1116/1/73 1118/1/73 964/1/73
f 1126/1/73 1116/1/73 964/1/73
f 1118/1/73 1115/1/73 935/1/73
f 1115/1/73 940/1/73 935/1/73
f 935/1/73 964/1/73 1118/1/73
f 964/1/73 1124/1/73 1126/1/73
f 854/4/73 859/4/73 1206/4/73
f 1208/4/73 864/4/73 839/4/73
f 854/4/73 1206/4/73 839/4/73
f 1206/4/73 1208/4/73 839/4/73
f 1221/4/73 841/4/73 849/4/73
f 849/4/73 854/4/73 839/4/73
f 839/4/73 1220/4/73 849/4/73
f 989/4/427 990/4/427 963/4/427
f 1006/1/74 990/1/74 1134/1/74
f 991/4/574 963/4/574 1141/4/574
f 963/4/575 990/4/575 1141/4/575
f 990/4/74 1006/4/74 997/4/74
f 997/4/74 1139/4/74 990/4/74
f 897/1/347 864/1/347 907/1/347
f 905/1/349 902/1/349 901/1/349
f 998/1/576 962/1/576 911/1/576
f 143/1/36 142/1/36 176/1/36
f 887/4/367 960/4/367 908/4/367
f 825/1/368 824/1/368 952/1/368
f 904/1/369 829/1/369 884/1/369
f 828/4/300 834/4/300 853/4/300
f 959/4/357 998/4/357 913/4/357
f 840/4/294 830/4/294 818/4/294
f 974/1/311 976/1/311 1103/1/311
f 1104/1/311 951/1/311 943/1/311
f 974/1/311 1103/1/311 1108/1/311
f 1103/1/311 1104/1/311 1108/1/311
f 1108/1/311 1106/1/311 974/1/311
f 943/1/311 1105/1/311 1104/1/311
f 185/2/36 184/2/36 153/2/36
f 184/2/36 146/2/36 153/2/36
f 146/2/36 198/2/36 153/2/36
f 149/3/36 147/3/36 150/3/36
f 147/3/36 195/3/36 150/3/36
f 830/4/371 840/4/371 833/4/371
f 833/4/371 826/4/371 830/4/371
f 826/4/371 820/4/371 830/4/371
f 1217/4/371 1216/4/371 814/4/371
f 1216/4/371 819/4/371 814/4/371
f 820/4/371 1217/4/371 830/4/371
f 807/4/371 816/4/371 809/4/371
f 1217/4/371 814/4/371 821/4/371
f 814/4/371 807/4/371 821/4/371
f 828/4/371 830/4/371 1217/4/371
f 821/4/371 834/4/371 828/4/371
f 807/4/371 809/4/371 821/4/371
f 508/2/577 511/2/577 510/2/577
f 510/2/578 506/2/578 508/2/578
f 506/2/578 509/2/578 508/2/578
f 509/2/578 512/2/578 528/2/578
f 512/2/579 529/2/579 528/2/579
f 874/5/60 868/5/60 967/5/60
f 947/4/60 1168/4/60 1170/4/60
f 1170/4/60 967/4/60 947/4/60
f 938/3/374 988/3/374 981/3/374
f 937/3/374 926/3/374 930/3/374
f 938/3/374 981/3/374 937/3/374
f 925/5/60 999/5/60 977/5/60
f 931/1/60 763/1/60 999/1/60
f 999/1/60 925/1/60 924/1/60
f 936/1/375 940/1/375 1115/1/375
f 934/3/376 977/3/376 988/3/376
f 980/4/377 931/4/377 937/4/377
f 1148/4/138 1146/4/138 991/4/138
f 1146/4/138 963/4/138 991/4/138
f 991/4/138 978/4/138 1177/4/138
f 1148/4/138 991/4/138 1177/4/138
f 978/4/138 1175/4/138 1177/4/138
f 1177/4/138 961/4/138 1148/4/138
f 1002/1/315 1000/1/315 1004/1/315
f 989/4/294 1001/4/294 979/4/294
f 996/4/294 994/4/294 1002/4/294
f 995/4/300 997/4/300 1006/4/300
f 969/4/379 999/4/379 952/4/379
f 972/1/380 985/1/380 941/1/380
f 993/4/380 971/4/380 970/4/380
f 898/1/294 895/1/294 1004/1/294
f 604/1/42 596/1/42 590/1/42
f 596/1/42 623/1/42 590/1/42
f 590/1/42 623/1/42 586/1/42
f 586/1/42 584/1/42 598/1/42
f 584/1/42 576/1/42 598/1/42
f 576/1/42 564/1/42 598/1/42
f 564/1/42 571/1/42 600/1/42
f 600/1/42 654/1/42 564/1/42
f 654/1/42 656/1/42 598/1/42
f 598/1/42 590/1/42 586/1/42
f 625/1/225 624/1/225 626/1/225
f 626/1/225 627/1/225 625/1/225
f 959/5/159 892/5/159 962/5/159
f 886/1/159 882/1/159 871/1/159
f 882/1/159 870/1/159 871/1/159
f 871/1/159 962/1/159 890/1/159
f 886/1/159 871/1/159 890/1/159
f 916/1/159 914/1/159 1150/1/159
f 914/1/159 876/1/159 1150/1/159
f 876/1/159 875/1/159 1150/1/159
f 956/4/159 958/4/159 944/4/159
f 958/4/159 961/4/159 944/4/159
f 944/4/159 916/4/159 956/4/159
f 916/4/159 1152/4/159 956/4/159
f 1152/4/159 1149/4/159 954/4/159
f 1149/4/159 933/4/159 954/4/159
f 1178/4/159 796/4/159 863/4/159
f 851/1/159 866/1/159 1184/1/159
f 1186/1/159 1182/1/159 846/1/159
f 851/1/159 1184/1/159 1186/1/159
f 851/1/159 1186/1/159 846/1/159
f 868/1/159 1179/1/159 862/1/159
f 1179/1/159 1181/1/159 862/1/159
f 1181/1/159 863/1/159 862/1/159
f 862/1/159 888/1/159 879/1/159
f 939/1/159 851/1/159 878/1/159
f 851/1/159 846/1/159 878/1/159
f 879/1/159 939/1/159 878/1/159
f 868/1/159 862/1/159 879/1/159
f 810/1/159 863/1/159 796/1/159
f 1013/4/382 768/4/382 771/4/382
f 1014/4/383 777/4/383 780/4/383
f 1017/4/384 1015/4/384 1016/4/384
f 1010/4/580 1020/4/580 1021/4/580
f 1021/3/581 1020/3/581 1023/3/581
f 1026/4/582 1023/4/582 1025/4/582
f 1009/4/583 1026/4/583 1028/4/583
f 1017/4/389 1019/4/389 1029/4/389
f 1007/4/73 774/4/73 1043/4/73
f 615/3/42 624/3/42 616/3/42
f 624/3/42 625/3/42 616/3/42
f 616/3/42 591/3/42 615/3/42
f 1028/4/239 1025/4/239 1058/4/239
f 790/4/390 802/4/390 1031/4/390
f 1032/3/74 767/3/74 789/3/74
f 1022/4/159 771/4/159 776/4/159
f 771/4/159 770/4/159 776/4/159
f 776/4/159 1078/4/159 1022/4/159
f 1039/4/391 1037/4/391 1038/4/391
f 1045/4/379 1046/4/379 1016/4/379
f 895/4/74 832/4/74 1090/4/74
f 832/4/74 1210/4/74 1212/4/74
f 1090/4/74 832/4/74 1212/4/74
f 1144/4/434 1142/4/434 942/4/434
f 1142/4/434 1136/4/434 942/4/434
f 1138/4/434 1135/4/434 942/4/434
f 1135/4/434 986/4/434 942/4/434
f 1136/4/434 1138/4/434 942/4/434
f 1213/4/74 832/4/74 1214/4/74
f 832/4/74 894/4/74 852/4/74
f 1214/4/74 832/4/74 852/4/74
f 853/4/74 834/4/74 821/4/74
f 821/4/74 1214/4/74 852/4/74
f 852/4/74 853/4/74 821/4/74
f 1076/4/74 1074/4/74 1064/4/74
f 1074/4/74 852/4/74 1064/4/74
f 942/4/584 1064/4/584 1144/4/584
f 1144/4/584 1064/4/584 894/4/584
f 1048/4/392 1047/4/392 1042/4/392
f 290/1/3 292/1/3 270/1/3
f 292/1/3 312/1/3 270/1/3
f 312/1/3 320/1/3 270/1/3
f 270/1/3 268/1/3 454/1/3
f 268/1/3 269/1/3 454/1/3
f 1042/3/393 1052/3/393 1068/3/393
f 1039/3/393 1041/3/393 1042/3/393
f 1041/3/393 1051/3/393 1042/3/393
f 201/2/36 200/2/36 212/2/36
f 200/2/36 205/2/36 212/2/36
f 205/2/36 209/2/36 215/2/36
f 215/2/36 216/2/36 205/2/36
f 216/2/36 212/2/36 205/2/36
f 203/2/84 173/2/84 166/2/84
f 177/2/84 185/2/84 190/2/84
f 185/2/84 191/2/84 190/2/84
f 192/2/84 203/2/84 166/2/84
f 166/2/84 177/2/84 190/2/84
f 904/4/138 933/4/138 1149/4/138
f 1057/4/138 1049/4/138 1062/4/138
f 1049/4/138 1161/4/138 1062/4/138
f 1163/4/138 1160/4/138 1037/4/138
f 1160/4/138 803/4/138 1159/4/138
f 1161/4/138 1163/4/138 1037/4/138
f 1037/4/138 1062/4/138 1161/4/138
f 1192/4/138 1038/4/138 1037/4/138
f 795/4/138 1191/4/138 793/4/138
f 1191/4/138 1193/4/138 793/4/138
f 1193/4/138 1192/4/138 1160/4/138
f 1192/4/138 1037/4/138 1160/4/138
f 1160/4/138 1159/4/138 1193/4/138
f 1159/4/138 1157/4/138 1193/4/138
f 1157/4/138 793/4/138 1193/4/138
f 1010/4/239 1018/4/239 782/4/239
f 1018/4/239 885/4/239 827/4/239
f 809/4/239 1018/4/239 827/4/239
f 831/4/239 841/4/239 1219/4/239
f 841/4/239 1221/4/239 1219/4/239
f 1040/4/239 1054/4/239 1007/4/239
f 1054/4/239 1010/4/239 1007/4/239
f 797/4/239 772/4/239 782/4/239
f 772/4/239 1007/4/239 1010/4/239
f 831/4/239 1219/4/239 827/4/239
f 772/4/239 1010/4/239 782/4/239
f 809/4/239 816/4/239 782/4/239
f 885/4/239 831/4/239 827/4/239
f 794/4/74 833/4/74 855/4/74
f 833/4/74 840/4/74 855/4/74
f 1030/4/74 1043/4/74 774/4/74
f 774/4/74 794/4/74 784/4/74
f 794/4/74 855/4/74 784/4/74
f 856/4/74 1055/4/74 788/4/74
f 1055/4/74 1050/4/74 788/4/74
f 855/4/74 856/4/74 788/4/74
f 784/4/74 855/4/74 788/4/74
f 109/3/14 30/3/14 89/3/14
f 96/3/14 102/3/14 95/3/14
f 102/3/14 105/3/14 95/3/14
f 95/3/14 109/3/14 96/3/14
f 878/1/138 793/1/138 904/1/138
f 904/1/138 1151/1/138 1150/1/138
f 1150/1/138 875/1/138 1166/1/138
f 875/1/138 1165/1/138 1166/1/138
f 1166/1/138 1164/1/138 878/1/138
f 878/1/138 904/1/138 1166/1/138
f 1052/4/395 1042/4/395 1047/4/395
f 1011/4/585 1049/4/585 1057/4/585
f 1057/4/397 1062/4/397 1061/4/397
f 1062/4/397 1068/4/397 1061/4/397
f 1052/4/397 1067/4/397 1070/4/397
f 1052/4/397 1070/4/397 1073/4/397
f 1070/4/397 1083/4/397 1073/4/397
f 1056/4/397 1061/4/397 1069/4/397
f 1061/4/397 1068/4/397 1069/4/397
f 1068/4/397 1052/4/397 1069/4/397
f 1052/4/397 1073/4/397 1086/4/397
f 1053/4/397 1059/4/397 1056/4/397
f 1052/4/397 1086/4/397 1069/4/397
f 1079/4/586 1087/4/586 1078/4/586
f 1073/4/397 1079/4/397 1086/4/397
f 1069/4/397 1053/4/397 1056/4/397
f 1045/4/350 1065/4/350 1066/4/350
f 1070/4/138 1067/4/138 1047/4/138
f 1063/3/398 1060/3/398 1023/3/398
f 1075/4/368 1034/4/368 1029/4/368
f 1043/4/399 1030/4/399 1032/4/399
f 1024/4/399 1050/4/399 1055/4/399
f 1040/4/399 1043/4/399 1032/4/399
f 1024/4/399 1055/4/399 1036/4/399
f 1040/4/399 1032/4/399 1063/4/399
f 1032/4/399 1024/4/399 1063/4/399
f 1063/4/399 1054/4/399 1040/4/399
f 1072/4/399 1058/4/399 1060/4/399
f 1080/4/399 1072/4/399 1082/4/399
f 1072/4/399 1060/4/399 1082/4/399
f 1060/4/399 1063/4/399 1024/4/399
f 1060/4/399 1024/4/399 1036/4/399
f 1081/4/399 1085/4/399 1084/4/399
f 1084/4/399 1082/4/399 1036/4/399
f 1082/4/399 1060/4/399 1036/4/399
f 1084/4/399 1036/4/399 1035/4/399
f 1035/4/399 1074/4/399 1076/4/399
f 1076/4/399 1081/4/399 1035/4/399
f 1059/4/400 1044/4/400 1008/4/400
f 1064/4/224 1077/4/224 1081/4/224
f 1077/4/224 1088/4/224 1081/4/224
f 1039/4/401 1068/4/401 1062/4/401
f 812/4/294 1036/4/294 1055/4/294
f 1088/4/159 1077/4/159 1053/4/159
f 852/4/300 1074/4/300 1035/4/300
f 1060/4/402 1058/4/402 1025/4/402
f 1012/4/296 1073/4/296 1083/4/296
f 1087/4/295 1079/4/295 1013/4/295
f 1066/4/379 1065/4/379 1080/4/379
f 1084/4/319 1085/4/319 1075/4/319
f 1021/4/587 765/4/587 764/4/587
f 1094/1/588 1093/1/588 1092/1/588
f 971/1/73 993/1/73 1122/1/73
f 1112/4/73 1109/4/73 1113/4/73
f 1109/4/73 1120/4/73 1113/4/73
f 1120/4/73 1122/4/73 1113/4/73
f 900/1/73 902/1/73 1093/1/73
f 902/1/73 905/1/73 1093/1/73
f 905/1/73 881/1/73 1089/1/73
f 1093/1/73 1094/1/73 900/1/73
f 1111/4/74 1109/4/74 996/4/74
f 1109/4/74 1112/4/74 996/4/74
f 1112/4/74 1114/4/74 996/4/74
f 1116/1/375 966/1/375 968/1/375
f 972/1/420 1121/1/420 1120/1/420
f 1119/1/420 1121/1/420 970/1/420
f 1125/1/359 1123/1/359 968/1/359
f 1131/1/589 1130/1/589 1129/1/589
f 1132/1/427 1133/1/427 1003/1/427
f 1135/4/300 1137/4/300 987/4/300
f 1100/1/433 1099/1/433 943/1/433
f 1099/1/433 949/1/433 943/1/433
f 1143/1/300 894/1/300 896/1/300
f 1137/4/300 1136/4/300 1142/4/300
f 884/1/307 1155/1/307 1153/1/307
f 1154/4/307 1155/4/307 787/4/307
f 785/4/443 793/4/443 1157/4/443
f 1011/4/445 1162/4/445 1161/4/445
f 1160/4/445 1162/4/445 786/4/445
f 1180/1/60 1179/1/60 874/1/60
f 1179/1/60 868/1/60 874/1/60
f 124/1/449 125/1/449 126/1/449
f 125/1/449 134/1/449 123/1/449
f 134/1/449 135/1/449 123/1/449
f 837/1/456 865/1/456 1184/1/456
f 1184/1/456 866/1/456 837/1/456
f 1183/1/590 865/1/590 837/1/590
f 1182/1/591 1185/1/591 836/1/591
f 230/2/36 227/2/36 165/2/36
f 165/2/36 213/2/36 218/2/36
f 213/2/36 156/2/36 218/2/36
f 1198/4/465 1201/4/465 1200/4/465
f 1197/4/592 1195/4/592 1200/4/592
f 802/4/379 1204/4/379 1203/4/379
f 1202/1/379 1204/1/379 824/1/379
f 226/1/36 161/1/36 237/1/36
f 161/1/36 232/1/36 237/1/36
f 232/1/36 231/1/36 239/1/36
