# Blender 5.2.2 LTS
# www.blender.org
mtllib ruins_ch_false_voice.mtl
o piece
v 0.762430 -0.795077 0.901262
v 0.762430 -0.795077 1.040213
v 0.687246 -0.605233 0.901262
v 0.687246 -0.605233 1.040213
v 0.615749 -0.605233 0.877408
v 0.615749 -0.605233 1.064068
v 0.615714 -0.953367 0.875337
v 0.615749 -0.795077 1.064068
v 0.656519 -0.795077 0.855393
v 0.656519 -0.795077 1.086083
v 0.656519 0.014173 0.812338
v 0.656519 0.014173 1.129138
v 0.456032 0.014173 0.812338
v 0.456032 0.014173 1.129138
v 0.456032 -0.795077 0.855393
v 0.456032 -0.795077 1.086083
v 0.456032 -0.731845 0.812338
v 0.656519 -0.731845 0.812338
v 0.656519 -0.731845 1.129138
v 0.456032 -0.731845 1.129138
v 0.656519 -0.210110 0.907255
v 0.656519 0.014173 1.034221
v 0.656519 0.014173 0.907255
v 0.456032 0.014173 1.034221
v 0.456032 0.014173 0.907255
v 0.456032 -0.210110 1.034221
v 0.608951 0.074171 1.129138
v 0.503600 0.074171 1.129138
v 0.503600 0.074171 1.034221
v 0.608951 0.074171 1.034221
v 0.608951 0.074170 0.812338
v 0.503600 0.074170 0.812338
v 0.608951 0.074170 0.907255
v 0.503600 0.074170 0.907255
v 0.595112 -0.117127 0.920098
v 0.630177 0.024924 0.920098
v 0.630177 0.024924 1.021378
v 0.595466 -0.113976 1.021378
v 0.649871 -0.041298 1.021378
v 0.649871 -0.041298 0.920098
v 0.491695 0.000519 1.152870
v 0.491695 -0.052981 1.152870
v 0.529526 -0.090811 1.152870
v 0.583026 -0.090811 1.152870
v 0.620856 -0.052981 1.152870
v 0.620856 0.000519 1.152870
v 0.556276 0.045037 1.152870
v 0.491695 0.000519 0.788605
v 0.491695 -0.052981 0.788605
v 0.529526 -0.090811 0.788605
v 0.583026 -0.090811 0.788605
v 0.627543 -0.026231 0.788605
v 0.583026 0.038350 0.788605
v 0.529526 0.038350 0.788605
v 0.649263 -0.558172 0.880575
v 0.459661 -0.560719 1.064053
v 0.652890 -0.560719 1.064053
v 0.649264 -0.277036 1.007928
v 0.652891 -0.273653 0.931543
v 0.463288 -0.558172 0.880575
v 0.459660 -0.273653 0.931543
v 0.463287 -0.277036 1.007928
v 0.652309 -0.372015 1.106207
v 0.656907 -0.211883 1.046961
v 0.645636 -0.025598 0.836310
v 0.466915 -0.025598 1.105166
v 0.460242 -0.372015 0.835269
v 0.455591 -0.211887 0.894536
v 0.645636 -0.025598 1.105166
v 0.652166 -0.021952 1.061236
v 0.634753 -0.252426 1.068413
v 0.652309 -0.372015 0.835269
v 0.647941 -0.255821 0.878339
v 0.652166 -0.021952 0.880240
v 0.460242 -0.372015 1.106207
v 0.464610 -0.255821 1.063137
v 0.460385 -0.021952 1.061236
v 0.466915 -0.025598 0.836310
v 0.460385 -0.021952 0.880240
v 0.477798 -0.252426 0.873063
v 0.607968 -0.594103 1.136032
v 0.502997 -0.596065 0.807167
v 0.505851 -0.592533 1.137411
v 0.502997 -0.216023 1.134309
v 0.607968 -0.217985 1.136032
v 0.604797 -0.590179 0.801996
v 0.609554 -0.216023 0.807167
v 0.504583 -0.217985 0.805443
v 0.271006 -0.057291 0.920098
v 0.367420 0.174648 0.920097
v 0.367420 0.174648 1.021378
v 0.271006 -0.057291 1.021377
v -0.762432 -0.795077 0.901262
v -0.762432 -0.795077 1.040213
v -0.687248 -0.605233 0.901262
v -0.687248 -0.605233 1.040213
v -0.615751 -0.605233 1.064068
v -0.615751 -0.795077 0.877408
v -0.615751 -0.795077 1.064068
v -0.656521 -0.795077 0.855393
v -0.656521 -0.795077 1.086083
v -0.656521 0.014173 0.812338
v -0.656521 0.014173 1.129138
v -0.456034 0.014173 0.812338
v -0.456034 0.014173 1.129138
v -0.456034 -0.795077 0.855393
v -0.456034 -0.795077 1.086083
v -0.456034 -0.731845 0.812338
v -0.656521 -0.731845 0.812338
v -0.656521 -0.731845 1.129138
v -0.456034 -0.731845 1.129138
v -0.656993 -0.213458 0.894362
v -0.656521 -0.210110 1.034221
v -0.656521 0.014173 1.034221
v -0.656521 0.014173 0.907255
v -0.456034 0.014173 1.034221
v -0.456034 0.014173 0.907255
v -0.455619 -0.213451 1.047136
v -0.456034 -0.210110 0.907255
v -0.608953 0.074171 1.129138
v -0.503602 0.074171 1.129138
v -0.503602 0.074171 1.034221
v -0.608953 0.074171 1.034221
v -0.608953 0.074170 0.812338
v -0.503602 0.074170 0.812338
v -0.608953 0.074170 0.907255
v -0.503602 0.074170 0.907255
v -0.595468 -0.113976 1.021378
v -0.630179 0.024924 0.920098
v -0.630179 0.024924 1.021378
v -0.595114 -0.117127 0.920098
v -0.649873 -0.041298 1.021378
v -0.649873 -0.041298 0.920098
v -0.491697 0.000519 1.152870
v -0.491697 -0.052981 1.152870
v -0.529528 -0.090811 1.152870
v -0.583028 -0.090811 1.152870
v -0.620858 -0.052981 1.152870
v -0.620858 0.000519 1.152870
v -0.556278 0.045037 1.152870
v -0.491697 0.000519 0.788605
v -0.491697 -0.052981 0.788605
v -0.556278 -0.097498 0.788605
v -0.620858 -0.052981 0.788605
v -0.620858 0.000519 0.788605
v -0.583028 0.038350 0.788605
v -0.529528 0.038350 0.788605
v -0.652892 -0.560719 1.064053
v -0.649266 -0.277037 1.007928
v -0.652893 -0.273653 0.931543
v -0.456034 -0.563267 0.874080
v -0.459662 -0.273653 0.931543
v -0.463290 -0.277037 1.007928
v -0.649265 -0.558172 0.880575
v -0.459663 -0.560719 1.064053
v -0.477801 -0.547984 0.893182
v -0.645638 -0.025598 1.105166
v -0.652168 -0.021952 1.061236
v -0.647943 -0.255821 1.063137
v -0.652311 -0.372015 0.835269
v -0.652168 -0.021952 0.880240
v -0.460244 -0.372015 1.106207
v -0.460388 -0.021952 1.061236
v -0.466918 -0.025598 0.836310
v -0.460388 -0.021952 0.880240
v -0.464613 -0.255821 0.878339
v -0.652311 -0.372015 1.106207
v -0.645638 -0.025598 0.836310
v -0.634755 -0.252426 0.873063
v -0.466918 -0.025598 1.105166
v -0.477801 -0.252426 1.068413
v -0.460244 -0.372015 0.835269
v -0.507756 -0.590179 1.139480
v -0.502999 -0.216023 1.134309
v -0.607970 -0.217985 1.136032
v -0.606702 -0.592533 0.804064
v -0.610507 -0.214846 0.808201
v -0.505854 -0.219555 0.804064
v -0.609556 -0.596065 1.134309
v -0.504585 -0.594103 0.805443
v -0.271009 -0.057291 0.920098
v -0.367422 0.174648 0.920097
v -0.367422 0.174648 1.021378
v -0.271009 -0.057291 1.021377
v 0.762430 -0.795077 -0.837096
v 0.762430 -0.795077 -0.698145
v 0.687246 -0.605233 -0.837096
v 0.687246 -0.605233 -0.698145
v 0.615749 -0.605233 -0.860950
v 0.615749 -0.605233 -0.674291
v 0.615704 -0.953367 -0.863023
v 0.615749 -0.795077 -0.674291
v 0.656519 -0.795077 -0.882965
v 0.656519 -0.795077 -0.652275
v 0.656519 0.014173 -0.926020
v 0.656519 0.014173 -0.609221
v 0.456032 0.014173 -0.926020
v 0.456032 0.014173 -0.609221
v 0.456032 -0.795077 -0.882965
v 0.456032 -0.795077 -0.652275
v 0.456032 -0.731845 -0.926020
v 0.656519 -0.731845 -0.926020
v 0.656519 -0.731845 -0.609221
v 0.456032 -0.731845 -0.609221
v 0.656519 -0.210110 -0.831104
v 0.656519 0.014173 -0.704138
v 0.656519 0.014173 -0.831104
v 0.456032 0.014173 -0.704138
v 0.456032 0.014173 -0.831104
v 0.456032 -0.210110 -0.704138
v 0.608951 0.074170 -0.609221
v 0.503600 0.074170 -0.609221
v 0.503600 0.074170 -0.704138
v 0.608951 0.074170 -0.704138
v 0.608951 0.074170 -0.926020
v 0.503600 0.074170 -0.926020
v 0.608951 0.074170 -0.831104
v 0.503600 0.074170 -0.831104
v 0.539107 -0.115801 -0.818261
v 0.630177 0.024924 -0.818261
v 0.630177 0.024924 -0.716981
v 0.607586 -0.106639 -0.818261
v 0.591286 -0.115578 -0.716981
v 0.649871 -0.041299 -0.716981
v 0.649871 -0.041299 -0.818261
v 0.491695 0.000519 -0.585488
v 0.491695 -0.052981 -0.585488
v 0.529526 -0.090811 -0.585488
v 0.583026 -0.090811 -0.585488
v 0.627543 -0.026230 -0.585488
v 0.583026 0.038350 -0.585488
v 0.529526 0.038350 -0.585488
v 0.491695 0.000519 -0.949753
v 0.491695 -0.052981 -0.949753
v 0.529526 -0.090811 -0.949753
v 0.606669 -0.076625 -0.949753
v 0.620856 0.000519 -0.949753
v 0.583026 0.038350 -0.949753
v 0.529526 0.038350 -0.949753
v 0.649263 -0.558172 -0.857784
v 0.656519 -0.270269 -0.726420
v 0.459661 -0.560719 -0.674306
v 0.456032 -0.270269 -0.726420
v 0.652890 -0.560719 -0.674305
v 0.634753 -0.290573 -0.738291
v 0.652166 -0.274329 -0.806415
v 0.463288 -0.558172 -0.857784
v 0.460385 -0.274329 -0.806415
v 0.477798 -0.290573 -0.738291
v 0.652309 -0.372014 -0.632151
v 0.656960 -0.211887 -0.691418
v 0.645636 -0.025598 -0.902048
v 0.466915 -0.025598 -0.633192
v 0.460242 -0.372016 -0.903090
v 0.455644 -0.211883 -0.843843
v 0.645636 -0.025598 -0.633192
v 0.652166 -0.021953 -0.677122
v 0.634753 -0.252426 -0.669945
v 0.652309 -0.372016 -0.903090
v 0.647941 -0.255822 -0.860019
v 0.652166 -0.021952 -0.858118
v 0.460242 -0.372014 -0.632151
v 0.464610 -0.255821 -0.675221
v 0.460385 -0.021953 -0.677122
v 0.466915 -0.025598 -0.902048
v 0.460385 -0.021952 -0.858118
v 0.477798 -0.252426 -0.865296
v 0.607968 -0.594103 -0.602326
v 0.502997 -0.596065 -0.931191
v 0.505852 -0.592533 -0.600947
v 0.502997 -0.216023 -0.604050
v 0.607968 -0.217985 -0.602326
v 0.604797 -0.590179 -0.936362
v 0.610505 -0.214846 -0.930157
v 0.505852 -0.219555 -0.934294
v 0.211819 -0.013024 -0.818261
v 0.287176 0.190013 -0.818261
v 0.287176 0.190013 -0.716981
v 0.211819 -0.013024 -0.716981
v -0.762432 -0.795077 -0.837096
v -0.762432 -0.795077 -0.698145
v -0.687248 -0.605233 -0.837096
v -0.687248 -0.605233 -0.698145
v -0.615751 -0.605233 -0.674291
v -0.615751 -0.795077 -0.860950
v -0.615751 -0.795077 -0.674291
v -0.656521 -0.795077 -0.882965
v -0.656521 -0.795077 -0.652275
v -0.656521 0.014173 -0.926020
v -0.656521 0.014173 -0.609221
v -0.456034 0.014173 -0.926020
v -0.456034 0.014173 -0.609221
v -0.456034 -0.795077 -0.882965
v -0.456034 -0.795077 -0.652275
v -0.456034 -0.731845 -0.926020
v -0.656521 -0.731845 -0.926020
v -0.656521 -0.731845 -0.609221
v -0.456034 -0.731845 -0.609221
v -0.656936 -0.213451 -0.844019
v -0.656521 -0.210110 -0.704138
v -0.656521 0.014173 -0.704138
v -0.656521 0.014173 -0.831104
v -0.456034 0.014173 -0.704138
v -0.456034 0.014173 -0.831104
v -0.455563 -0.213458 -0.691244
v -0.456034 -0.210110 -0.831104
v -0.608953 0.074170 -0.609221
v -0.503602 0.074170 -0.609221
v -0.503602 0.074170 -0.704138
v -0.608953 0.074170 -0.704138
v -0.608953 0.074170 -0.926020
v -0.503602 0.074170 -0.926020
v -0.608953 0.074170 -0.831104
v -0.503602 0.074170 -0.831104
v -0.539109 -0.115801 -0.818261
v -0.591287 -0.115578 -0.716981
v -0.630179 0.024924 -0.818261
v -0.630179 0.024924 -0.716981
v -0.607588 -0.106639 -0.818261
v -0.649873 -0.041299 -0.716981
v -0.649873 -0.041299 -0.818261
v -0.491697 0.000519 -0.585488
v -0.491697 -0.052981 -0.585488
v -0.529528 -0.090811 -0.585488
v -0.583028 -0.090811 -0.585488
v -0.620858 -0.052981 -0.585488
v -0.620858 0.000519 -0.585488
v -0.556278 0.045037 -0.585488
v -0.491697 0.000519 -0.949753
v -0.491697 -0.052981 -0.949753
v -0.556278 -0.097499 -0.949753
v -0.620858 -0.052981 -0.949753
v -0.620858 0.000519 -0.949753
v -0.583028 0.038350 -0.949753
v -0.529528 0.038350 -0.949753
v -0.652892 -0.560719 -0.674306
v -0.656521 -0.270269 -0.726420
v -0.652168 -0.274329 -0.806415
v -0.463291 -0.558172 -0.857784
v -0.460388 -0.274329 -0.806415
v -0.456034 -0.270269 -0.726420
v -0.649265 -0.558172 -0.857784
v -0.634755 -0.290573 -0.738291
v -0.459663 -0.560719 -0.674306
v -0.477801 -0.290573 -0.738291
v -0.645638 -0.025598 -0.633192
v -0.652168 -0.021953 -0.677122
v -0.647943 -0.255821 -0.675221
v -0.652311 -0.372016 -0.903090
v -0.652168 -0.021953 -0.858118
v -0.460244 -0.372014 -0.632151
v -0.460388 -0.021953 -0.677122
v -0.466918 -0.025598 -0.902048
v -0.460388 -0.021952 -0.858118
v -0.464613 -0.255822 -0.860019
v -0.652311 -0.372014 -0.632151
v -0.645638 -0.025598 -0.902048
v -0.634755 -0.252426 -0.865296
v -0.466918 -0.025598 -0.633192
v -0.477801 -0.252426 -0.669945
v -0.460244 -0.372016 -0.903090
v -0.507756 -0.590179 -0.598879
v -0.502999 -0.216023 -0.604050
v -0.607970 -0.217985 -0.602326
v -0.606702 -0.592533 -0.934294
v -0.610507 -0.214846 -0.930157
v -0.505854 -0.219555 -0.934294
v -0.609556 -0.596065 -0.604050
v -0.504585 -0.594103 -0.932915
v -0.211822 -0.013024 -0.818261
v -0.287178 0.190013 -0.818261
v -0.287178 0.190013 -0.716981
v -0.211822 -0.013024 -0.716981
v 0.398252 -0.065444 0.241368
v 0.448840 -0.040822 0.241368
v 0.435281 -0.054284 0.342649
v 0.480195 0.092990 0.342648
v 0.478441 0.091993 0.241368
v 0.300781 -0.057292 0.241368
v 0.407787 0.174648 0.241368
v 0.407787 0.174648 0.342648
v 0.300781 -0.057292 0.342648
v 0.300228 0.408281 1.056019
v 0.301354 0.392342 1.104787
v 0.317922 0.363963 1.061623
v 0.328827 0.386757 1.048622
v 0.312338 0.420630 1.070802
v 0.317747 0.398555 1.103987
v 0.332685 0.368382 1.081985
v 0.361162 0.257923 1.044274
v 0.347911 0.283342 1.075143
v 0.357352 0.256290 1.103366
v 0.370514 0.230827 1.075149
v 0.376897 0.264668 1.048134
v 0.363604 0.288654 1.087582
v 0.379115 0.250068 1.101052
v 0.365738 0.138703 1.065605
v 0.360191 0.133176 1.103078
v 0.344700 0.093437 1.093483
v 0.351714 0.102545 1.054941
v 0.367388 0.094711 1.053995
v 0.379450 0.132693 1.095455
v 0.363928 0.096877 1.105152
v 0.308110 -0.001737 1.049527
v 0.309748 0.012127 1.098912
v 0.294013 -0.024862 1.100257
v 0.292887 -0.033269 1.072958
v 0.317878 -0.022512 1.053595
v 0.330213 0.010587 1.072827
v 0.314124 -0.019812 1.110916
v -0.178653 0.508481 1.053259
v -0.204808 0.498387 1.047677
v -0.219674 0.488122 1.083610
v -0.185739 0.500142 1.101547
v -0.169166 0.509477 1.080207
v -0.185245 0.524426 1.055045
v -0.227973 0.504996 1.070802
v -0.205898 0.510406 1.103987
v -0.065194 0.553650 1.046919
v -0.090685 0.540570 1.075143
v -0.063634 0.550010 1.103366
v -0.038137 0.563093 1.075143
v -0.049098 0.578299 1.062247
v -0.085049 0.563697 1.051661
v -0.093359 0.557173 1.090469
v -0.057411 0.571774 1.101052
v 0.049565 0.559219 1.076016
v 0.090400 0.539908 1.106065
v 0.090111 0.544372 1.054941
v 0.097946 0.560047 1.053995
v 0.055988 0.574616 1.085149
v 0.095779 0.556587 1.105152
v 0.194393 0.500769 1.049527
v 0.180530 0.502407 1.098912
v 0.217518 0.486671 1.100257
v 0.225925 0.485546 1.072958
v 0.215169 0.510536 1.053595
v 0.182070 0.522872 1.072827
v 0.212468 0.506783 1.110916
v -0.305651 -0.012116 1.047668
v -0.295465 -0.027015 1.083611
v -0.307485 0.006920 1.101547
v -0.317671 0.021818 1.065604
v -0.331770 0.007413 1.055045
v -0.316176 -0.029558 1.057805
v -0.313258 -0.025795 1.097742
v -0.328852 0.011177 1.094982
v -0.362591 0.131021 1.045957
v -0.347992 0.101940 1.075149
v -0.357354 0.129025 1.103366
v -0.370437 0.154522 1.075143
v -0.385643 0.143561 1.062247
v -0.371041 0.107610 1.051661
v -0.373088 0.122281 1.107226
v -0.366563 0.242224 1.076016
v -0.347252 0.283058 1.106065
v -0.351716 0.282770 1.054941
v -0.367390 0.290605 1.053995
v -0.381959 0.248647 1.085149
v -0.363930 0.288438 1.105152
v -0.312292 0.375275 1.058825
v -0.309750 0.373188 1.098912
v -0.294094 0.410211 1.100264
v -0.292810 0.418550 1.072951
v -0.302028 0.401133 1.052242
v -0.330216 0.374728 1.072827
v -0.320289 0.391081 1.108207
v -0.308742 0.425278 1.074311
v 0.204773 -0.112992 1.047668
v 0.219672 -0.102807 1.083611
v 0.185737 -0.114827 1.101547
v 0.170839 -0.125012 1.065604
v 0.185243 -0.139111 1.055045
v 0.222215 -0.123518 1.057805
v 0.218451 -0.120599 1.097742
v 0.181480 -0.136193 1.094982
v 0.065265 -0.168506 1.044274
v 0.090717 -0.155334 1.075149
v 0.063632 -0.164695 1.103366
v 0.038135 -0.177778 1.075143
v 0.072009 -0.184240 1.048134
v 0.083682 -0.175198 1.101052
v 0.045836 -0.192447 1.087580
v -0.053989 -0.173161 1.065612
v -0.053433 -0.170874 1.094102
v -0.090402 -0.154593 1.106065
v -0.090113 -0.159058 1.054941
v -0.097948 -0.174731 1.053995
v -0.095782 -0.171272 1.105152
v -0.208443 -0.109290 1.052235
v -0.182653 -0.119712 1.058831
v -0.174249 -0.120836 1.086131
v -0.191730 -0.111779 1.106854
v -0.224798 -0.099363 1.087613
v -0.226339 -0.119827 1.061533
v -0.180977 -0.136767 1.087491
v -0.224249 -0.117287 1.101618
v 0.315822 0.371309 0.442752
v 0.300228 0.408281 0.445513
v 0.301354 0.392342 0.494281
v 0.316819 0.361822 0.469701
v 0.328827 0.386757 0.438115
v 0.312338 0.420630 0.460296
v 0.317747 0.398555 0.493480
v 0.349610 0.282126 0.449201
v 0.352028 0.269557 0.489338
v 0.363210 0.243250 0.489332
v 0.369735 0.234937 0.450526
v 0.376897 0.264667 0.437627
v 0.363816 0.290159 0.465850
v 0.384640 0.238826 0.481283
v 0.365659 0.138735 0.455092
v 0.358644 0.129626 0.493634
v 0.344700 0.093437 0.482977
v 0.351714 0.102545 0.444435
v 0.367388 0.094710 0.443489
v 0.381957 0.136668 0.474642
v 0.363928 0.096877 0.494645
v 0.301946 -0.015785 0.441728
v 0.315326 0.019633 0.460204
v 0.304435 0.000928 0.496348
v 0.292019 -0.032140 0.477106
v 0.313505 -0.031967 0.447540
v 0.330214 0.010587 0.462320
v 0.309944 -0.031590 0.491111
v -0.204775 0.498308 0.437161
v -0.219674 0.488122 0.473104
v -0.185739 0.500142 0.491040
v -0.170841 0.510327 0.455097
v -0.197801 0.519935 0.438294
v -0.227973 0.504996 0.460296
v -0.205898 0.510405 0.493480
v -0.175726 0.525344 0.471478
v -0.065194 0.553650 0.436413
v -0.090685 0.540569 0.464636
v -0.063634 0.550010 0.492860
v -0.038137 0.563093 0.464636
v -0.049098 0.578299 0.451740
v -0.085049 0.563697 0.441155
v -0.093359 0.557173 0.479963
v -0.057411 0.571774 0.490546
v 0.047932 0.559557 0.469417
v 0.092805 0.539213 0.492127
v 0.090111 0.544372 0.444435
v 0.097946 0.560047 0.443489
v 0.056952 0.574552 0.470744
v 0.093051 0.557467 0.497456
v 0.194393 0.500769 0.439020
v 0.180530 0.502407 0.488405
v 0.217518 0.486671 0.489751
v 0.225925 0.485546 0.462452
v 0.201607 0.516275 0.442953
v 0.180975 0.522082 0.476985
v 0.215681 0.505642 0.497874
v -0.305731 -0.012149 0.437170
v -0.295212 -0.026549 0.477085
v -0.307485 0.006919 0.491040
v -0.317671 0.021818 0.455098
v -0.334658 0.017515 0.456040
v -0.312340 -0.035315 0.460296
v -0.317749 -0.013240 0.493480
v -0.366397 0.140700 0.439941
v -0.355215 0.114393 0.439947
v -0.347913 0.101973 0.464636
v -0.352031 0.115758 0.489338
v -0.363213 0.142064 0.489332
v -0.370516 0.154488 0.464642
v -0.382302 0.133882 0.441155
v -0.363818 0.095156 0.465850
v -0.379118 0.135247 0.490546
v -0.365740 0.246613 0.455099
v -0.358646 0.255689 0.493634
v -0.344702 0.291878 0.482977
v -0.351716 0.282770 0.444435
v -0.367390 0.290605 0.443489
v -0.379452 0.252622 0.484949
v -0.363930 0.288438 0.494645
v -0.301949 0.401099 0.441728
v -0.312371 0.375309 0.448325
v -0.309750 0.373188 0.488405
v -0.291806 0.417156 0.481105
v -0.312486 0.418995 0.451026
v -0.329426 0.373633 0.476985
v -0.312986 0.408339 0.497874
v 0.204773 -0.112993 0.437161
v 0.219672 -0.102807 0.473104
v 0.185737 -0.114827 0.491040
v 0.170839 -0.125012 0.455098
v 0.194098 -0.136170 0.438116
v 0.227971 -0.119682 0.460296
v 0.205896 -0.125090 0.493480
v 0.175723 -0.140029 0.471478
v 0.065192 -0.168335 0.436413
v 0.090683 -0.155255 0.464636
v 0.063632 -0.164696 0.492860
v 0.038135 -0.177778 0.464636
v 0.049096 -0.192984 0.451741
v 0.093220 -0.174365 0.447890
v 0.070376 -0.180430 0.496719
v -0.053989 -0.173161 0.455105
v -0.053433 -0.170874 0.483595
v -0.090402 -0.154593 0.495558
v -0.090113 -0.159058 0.444435
v -0.097948 -0.174732 0.443489
v -0.095782 -0.171272 0.494645
v -0.208443 -0.109290 0.441728
v -0.173360 -0.122170 0.464409
v -0.191730 -0.111779 0.496348
v -0.224798 -0.099363 0.477106
v -0.201609 -0.130960 0.442953
v -0.180977 -0.136767 0.476985
v -0.233844 -0.114250 0.479223
v 0.277921 0.470580 0.404201
v -0.000001 0.585698 0.404201
v -0.277923 0.470580 0.404201
v -0.393042 0.192657 0.404201
v -0.277923 -0.085264 0.404201
v -0.000001 -0.200384 0.404201
v 0.277921 -0.085264 0.404201
v 0.393040 0.192657 0.404201
v 0.277921 0.470580 1.132862
v -0.000001 0.585698 1.132862
v -0.277923 0.470580 1.132862
v -0.393042 0.192657 1.132862
v -0.277923 -0.085264 1.132862
v -0.000001 -0.200383 1.132862
v 0.277921 -0.085264 1.132862
v 0.393040 0.192657 1.132862
v 0.233573 0.429051 1.199891
v 0.207564 0.411642 1.373795
v -0.004037 0.492601 1.373784
v 0.303287 0.196696 1.373784
v -0.003194 0.473189 1.407699
v -0.196090 0.393276 1.407458
v 0.197973 -0.009817 1.407456
v 0.159628 0.352288 1.203700
v -0.000001 0.418408 1.203700
v -0.159631 0.352288 1.203700
v -0.225751 0.192657 1.203700
v -0.159631 0.033028 1.203700
v -0.000001 -0.033092 1.203700
v 0.159628 0.033028 1.203700
v 0.225749 0.192657 1.203700
v 0.106049 0.298708 1.203700
v -0.000001 0.342634 1.203700
v -0.106051 0.298708 1.203700
v -0.149978 0.192657 1.203700
v -0.106051 0.086608 1.203700
v -0.000001 0.042680 1.203700
v 0.106049 0.086608 1.203700
v 0.149976 0.192657 1.203700
v -0.000001 0.337066 1.338850
v -0.102153 0.291408 1.341531
v -0.143401 0.190825 1.339346
v -0.099917 0.092742 1.341201
v -0.000001 0.049381 1.341092
v 0.099914 0.092741 1.341201
v 0.143399 0.190825 1.339346
v 0.102151 0.291408 1.341531
v 0.022189 0.262382 1.345138
v -0.069726 0.214848 1.345138
v -0.049661 0.142997 1.345706
v 0.022175 0.122981 1.345025
v 0.070228 0.192657 1.345706
v 0.041658 0.234317 1.318264
v -0.028151 0.247090 1.317551
v -0.054433 0.164508 1.317551
v -0.000001 0.133743 1.318264
v 0.054340 0.164554 1.317315
v 0.239838 0.432496 0.367875
v -0.000001 0.531841 0.367875
v -0.239840 0.432496 0.367875
v -0.339184 0.192657 0.367875
v -0.239840 -0.047181 0.367875
v -0.000001 -0.146525 0.367875
v 0.239838 -0.047181 0.367875
v 0.339182 0.192657 0.367875
v 0.239838 0.432496 0.206011
v -0.000001 0.531841 0.206011
v -0.239840 0.432496 0.206011
v -0.339184 0.192657 0.206011
v -0.239840 -0.047181 0.206011
v -0.000001 -0.146525 0.206011
v 0.239838 -0.047181 0.206011
v 0.339182 0.192657 0.206011
v 0.202281 0.394940 0.174082
v -0.000001 0.478728 0.174082
v -0.202284 0.394940 0.174082
v -0.286072 0.192657 0.174082
v -0.202284 -0.009625 0.174082
v -0.000001 -0.093413 0.174082
v 0.202281 -0.009625 0.174082
v 0.286069 0.192657 0.174082
v 0.202281 0.394940 -0.685203
v -0.000001 0.478728 -0.685203
v -0.202284 0.394940 -0.685203
v -0.286072 0.192657 -0.685203
v -0.202284 -0.009625 -0.685203
v -0.000001 -0.093413 -0.685203
v 0.202281 -0.009625 -0.685203
v 0.286069 0.192657 -0.685203
v 0.158248 0.413179 0.126034
v 0.044032 0.460489 0.126034
v 0.158248 0.413179 -0.637154
v 0.044032 0.460489 -0.637154
v -0.220523 0.350906 0.126034
v -0.267833 0.236690 0.126034
v -0.220523 0.350906 -0.637154
v -0.267833 0.236690 -0.637154
v -0.158250 -0.027864 0.126034
v -0.044034 -0.075174 0.126034
v -0.158250 -0.027864 -0.637154
v -0.044034 -0.075174 -0.637154
v 0.220520 0.034408 0.126034
v 0.267830 0.148624 0.126034
v 0.220520 0.034408 -0.637154
v 0.267830 0.148624 -0.637154
v -0.044034 0.460489 0.126034
v -0.158250 0.413179 0.126034
v -0.044034 0.460489 -0.637154
v -0.158250 0.413179 -0.637154
v -0.267833 0.148625 0.126034
v -0.220523 0.034409 0.126034
v -0.267833 0.148625 -0.637154
v -0.220523 0.034409 -0.637154
v 0.044032 -0.075174 0.126034
v 0.158248 -0.027864 0.126034
v 0.044032 -0.075174 -0.637154
v 0.158248 -0.027864 -0.637154
v 0.267830 0.236690 0.126034
v 0.220520 0.350906 0.126034
v 0.267830 0.236690 -0.637154
v 0.220520 0.350906 -0.637154
v 0.124368 0.376753 0.100486
v 0.042233 0.410774 0.100486
v 0.124368 0.376753 -0.611606
v 0.042233 0.410774 -0.611606
v -0.042235 0.410774 0.100486
v -0.124370 0.376753 0.100486
v -0.042235 0.410774 -0.611606
v -0.124370 0.376753 -0.611606
v -0.184097 0.317025 0.100486
v -0.218119 0.234891 0.100486
v -0.184097 0.317025 -0.611606
v -0.218119 0.234891 -0.611606
v -0.218119 0.150424 0.100486
v -0.184097 0.068289 0.100486
v -0.218119 0.150424 -0.611607
v -0.184097 0.068289 -0.611607
v -0.124370 0.008561 0.100486
v -0.042235 -0.025460 0.100486
v -0.124370 0.008561 -0.611607
v -0.042235 -0.025460 -0.611607
v 0.042233 -0.025460 0.100486
v 0.124368 0.008561 0.100486
v 0.042233 -0.025460 -0.611607
v 0.124368 0.008561 -0.611607
v 0.184095 0.068289 0.100486
v 0.218116 0.150424 0.100486
v 0.184095 0.068289 -0.611607
v 0.218116 0.150424 -0.611607
v 0.218116 0.234891 0.100486
v 0.184095 0.317025 0.100486
v 0.218116 0.234891 -0.611606
v 0.184095 0.317025 -0.611606
v 0.330201 0.194510 1.200996
v -0.001997 0.522934 1.200959
v -0.232179 0.427455 1.200996
v -0.332319 0.194651 1.199891
v -0.234800 -0.039520 1.200996
v -0.000001 -0.140734 1.199327
v 0.237013 -0.038853 1.200423
v 0.360566 0.194165 1.157409
v 0.247025 0.439683 1.171523
v 0.000078 0.541978 1.171653
v -0.243148 0.441175 1.172062
v -0.351065 0.196427 1.171186
v -0.248519 -0.050489 1.172062
v 0.252350 -0.049055 1.171606
v 0.257003 0.449661 1.146601
v -0.000001 0.556116 1.146601
v -0.257005 0.449661 1.146601
v -0.363460 0.192657 1.146601
v -0.257005 -0.064347 1.146601
v -0.000001 -0.167773 1.159507
v 0.257003 -0.064347 1.146601
v -0.000001 -0.146841 1.173461
v 0.339497 0.192657 1.173461
v 0.393040 0.192657 0.896357
v 0.277921 0.470580 0.896357
v -0.000001 0.585698 0.896357
v -0.277923 0.470580 0.896357
v -0.393042 0.192657 0.896357
v 0.393040 0.192657 0.779153
v 0.277921 0.470580 0.779153
v -0.000001 0.585698 0.779153
v -0.277923 0.470580 0.779153
v -0.393042 0.192657 0.779153
v -0.335483 0.053696 0.779153
v -0.343511 0.055170 0.893142
v 0.335480 0.053696 0.779153
v 0.426002 0.192657 0.791143
v 0.301228 0.493887 0.791143
v 0.301228 0.493887 0.884366
v 0.426002 0.192657 0.884366
v -0.000001 0.618659 0.791143
v -0.000001 0.618659 0.884366
v -0.301230 0.493887 0.791143
v -0.301230 0.493887 0.884366
v -0.426004 0.192657 0.791143
v -0.426004 0.192657 0.884366
v -0.368444 0.060361 0.791143
v 0.368442 0.060361 0.791143
v 0.343508 0.055170 0.893142
v -0.277923 0.470580 0.563461
v -0.277923 0.470580 0.736193
v -0.000001 0.585698 0.563461
v -0.000001 0.585698 0.736193
v 0.277921 0.470580 0.563461
v 0.277921 0.470580 0.736193
v -0.335483 0.331618 0.563461
v -0.335483 0.331618 0.736193
v 0.335480 0.331618 0.736193
v 0.335480 0.331618 0.563461
v 0.299672 0.323146 0.726167
v 0.299672 0.323146 0.573487
v 0.253436 0.436785 0.573487
v 0.253436 0.436785 0.726167
v -0.000001 0.541761 0.573487
v -0.000001 0.541761 0.726167
v -0.253438 0.436785 0.573487
v -0.253438 0.436785 0.726167
v -0.299674 0.323146 0.573487
v -0.299674 0.323146 0.726167
v -0.003194 -0.087873 1.407699
v 0.283167 0.195829 1.407697
v 0.194777 0.396457 1.407537
v -0.283169 0.195829 1.407697
v -0.199290 -0.006632 1.407376
v -0.004040 -0.110628 1.373816
v 0.213272 -0.020615 1.373805
v -0.209238 0.407602 1.373816
v -0.303289 0.196696 1.373784
v -0.214945 -0.016579 1.373816
v -0.119921 -0.096853 0.367875
v -0.119921 -0.096853 0.206011
v -0.119921 0.482169 0.367875
v -0.119921 0.482169 0.206011
v 0.119918 0.482169 0.367875
v 0.119918 0.482169 0.206011
v 0.119918 -0.096853 0.367875
v 0.119918 -0.096853 0.206011
v -0.154925 0.530816 0.367875
v -0.301980 0.465683 0.367875
v -0.154925 0.530816 0.206011
v -0.301980 0.465683 0.206011
v -0.427064 0.192657 0.367875
v -0.427064 0.192657 0.206011
v -0.301980 -0.080368 0.367875
v -0.301980 -0.080368 0.206011
v -0.154925 -0.145501 0.367875
v -0.154925 -0.145501 0.206011
v 0.154923 -0.145501 0.367875
v 0.301978 -0.080368 0.367875
v 0.154923 -0.145501 0.206011
v 0.301978 -0.080368 0.206011
v 0.427062 0.192657 0.367875
v 0.427062 0.192657 0.206011
v 0.301978 0.465683 0.367875
v 0.301978 0.465683 0.206011
v 0.154923 0.530816 0.367875
v 0.154923 0.530816 0.206011
v -0.398255 -0.065444 0.241368
v -0.435283 -0.054284 0.342649
v -0.478443 0.091993 0.241368
v -0.480197 0.092990 0.342648
v -0.448842 -0.040822 0.241368
v -0.300783 -0.057292 0.241368
v -0.407789 0.174648 0.241368
v -0.407789 0.174648 0.342648
v -0.300783 -0.057292 0.342648
v 0.123590 0.485999 -0.437163
v 0.147692 0.452475 -0.420182
v 0.207662 0.479622 -0.467902
v 0.147692 0.452475 -0.507354
v 0.131101 0.348244 -0.485562
v 0.098411 0.367117 -0.507354
v 0.065718 0.385993 -0.485562
v 0.065718 0.385993 -0.441975
v 0.117091 0.356332 -0.426409
v 0.188773 0.448366 -0.437163
v 0.184299 0.515879 -0.471506
v 0.141215 0.517986 -0.467902
v 0.203106 0.624704 0.656484
v 0.211231 0.562527 0.606699
v 0.252641 0.559177 0.624503
v 0.173315 0.453714 0.612926
v 0.187325 0.445626 0.672080
v 0.154635 0.464499 0.693872
v 0.121942 0.483375 0.672080
v 0.121942 0.483375 0.628493
v 0.268269 0.584732 0.660227
v 0.254818 0.638021 0.606699
v 0.233952 0.605861 0.682181
v 0.187864 0.597187 0.623017
v 0.254818 0.638021 0.230918
v 0.211228 0.638023 0.237354
v 0.189435 0.600275 0.250627
v 0.211231 0.562527 0.256482
v 0.254817 0.562527 0.250627
v 0.276611 0.600274 0.237354
v 0.191279 0.527970 0.001147
v 0.147690 0.527971 0.007995
v 0.125896 0.490224 0.022243
v 0.147693 0.452475 0.026401
v 0.191279 0.452475 0.022243
v 0.213072 0.490222 0.007995
v -0.151095 0.453551 -0.485562
v -0.157210 0.468698 -0.438533
v -0.116218 0.467998 -0.420182
v -0.081344 0.482443 -0.485562
v -0.116218 0.467998 -0.507354
v -0.038644 0.393446 -0.463769
v -0.078500 0.376938 -0.507354
v -0.118359 0.360428 -0.463769
v -0.078500 0.376938 -0.420182
v -0.087731 0.497477 -0.438533
v -0.102832 0.535343 -0.458835
v -0.144235 0.535637 -0.471506
v -0.173308 0.506151 -0.458834
v -0.218503 0.614860 0.660227
v -0.164849 0.585401 0.606699
v -0.136981 0.616215 0.624503
v -0.081676 0.497334 0.650287
v -0.121531 0.480825 0.693872
v -0.161390 0.464315 0.650287
v -0.121531 0.480825 0.606699
v -0.147742 0.644170 0.660227
v -0.198208 0.665939 0.606699
v -0.184489 0.632819 0.679911
v -0.206345 0.587483 0.624503
v -0.198208 0.665939 0.230918
v -0.224745 0.631358 0.237354
v -0.208065 0.591089 0.250627
v -0.164849 0.585401 0.256482
v -0.138315 0.619981 0.250627
v -0.154994 0.660250 0.237354
v -0.149578 0.548536 0.001147
v -0.176115 0.513954 0.007995
v -0.159435 0.473686 0.022243
v -0.116218 0.467998 0.026401
v -0.089684 0.502577 0.022243
v -0.106364 0.542846 0.007995
v -0.194534 0.266926 -0.475984
v -0.194054 0.281960 -0.462657
v -0.193999 0.256309 -0.459482
v -0.305790 0.175045 -0.475219
v -0.308112 0.161212 -0.450247
v -0.280378 0.228087 -0.462657
v -0.282057 0.251391 -0.450962
v -0.280450 0.249367 -0.474760
v -0.301988 -0.378114 -0.473872
v -0.303954 -0.377981 -0.449450
v 0.078323 -0.071038 -0.027710
v 0.103344 -0.071518 -0.018133
v 0.105369 -0.068754 -0.036934
v 0.078407 -0.060723 -0.491130
v 0.103344 -0.071518 -0.498280
v 0.103849 -0.071506 -0.478592
v 0.108446 -0.205624 -0.459344
v 0.093678 -0.194353 -0.445776
v 0.079130 -0.197906 -0.463545
v 0.108696 -0.288892 -0.373677
v 0.093678 -0.269894 -0.366501
v 0.078908 -0.283275 -0.383316
v 0.109394 -0.308864 -0.258208
v 0.083603 -0.300425 -0.258209
v 0.093678 -0.329441 -0.258208
v 0.108449 -0.283275 -0.133098
v 0.093678 -0.269894 -0.149916
v 0.078661 -0.288892 -0.142738
v 0.083036 -0.198029 -0.068770
v 0.084013 -0.209436 -0.050298
v 0.108492 -0.200980 -0.056047
v 0.080119 0.013093 -0.023160
v 0.109062 0.013093 -0.027740
v 0.093678 0.013093 -0.041617
v 0.093678 0.013093 -0.474801
v 0.107238 0.013093 -0.493253
v 0.079566 0.013093 -0.490807
v -0.393773 0.002325 0.556959
v -0.372973 0.008103 0.549959
v -0.372553 0.011731 0.569957
v -0.392937 0.111921 0.650463
v -0.369018 0.109323 0.650463
v -0.381165 0.091455 0.650463
v -0.393731 0.080115 0.579045
v -0.368391 0.084225 0.582751
v -0.381165 0.069550 0.592771
v -0.393773 0.002325 0.743968
v -0.372973 0.008103 0.750968
v -0.372553 0.011731 0.730970
v -0.368391 0.084225 0.718174
v -0.381165 0.069550 0.708153
v -0.393731 0.080115 0.721880
v -0.394290 -0.528473 0.744493
v -0.372968 -0.535519 0.751010
v -0.372972 -0.536942 0.732001
v -0.392937 -0.640080 0.650465
v -0.369018 -0.637482 0.650465
v -0.381165 -0.619614 0.650465
v -0.393723 -0.608271 0.721862
v -0.368396 -0.612383 0.718165
v -0.381165 -0.597710 0.708156
v -0.389358 -0.536942 0.568929
v -0.389363 -0.535519 0.549920
v -0.368064 -0.542293 0.558782
v -0.368396 -0.612383 0.582765
v -0.381165 -0.597710 0.592774
v -0.393723 -0.608271 0.579068
v 0.369513 -0.072199 0.719779
v 0.293925 -0.040890 0.719779
v 0.450236 0.122681 0.719779
v 0.374648 0.153991 0.719779
v 0.450236 0.122681 0.580610
v 0.374648 0.153991 0.580610
v 0.293925 -0.040890 0.580610
v 0.362854 -0.047421 0.713749
v 0.428595 0.110137 0.585133
v 0.370042 -0.059750 0.579581
v 0.314679 -0.027978 0.715256
v 0.380876 0.128369 0.710734
v 0.428595 0.110137 0.715256
v 0.380876 0.128369 0.589656
v 0.314679 -0.027978 0.585133
v 0.361032 -0.042575 0.598701
v -0.293928 -0.040890 0.719779
v -0.450238 0.122681 0.719779
v -0.374650 0.153991 0.719779
v -0.450238 0.122681 0.580610
v -0.371396 0.145983 0.579594
v -0.293928 -0.040890 0.580610
v -0.366829 -0.061763 0.720995
v -0.314681 -0.027978 0.715256
v -0.380878 0.128368 0.710734
v -0.428597 0.110137 0.715256
v -0.314681 -0.027978 0.585133
v -0.370044 -0.059750 0.579581
v -0.361035 -0.042575 0.701689
v -0.428597 0.110137 0.585133
v -0.382244 0.124734 0.598701
v -0.361035 -0.042575 0.598701
v -0.345470 -0.158367 0.716634
v -0.352184 -0.148598 0.750556
v -0.323722 -0.149322 0.734294
v 0.337054 -0.149322 0.716009
v 0.361636 -0.147311 0.736368
v 0.328893 -0.143954 0.745428
v 0.296278 -0.312495 0.751687
v 0.280340 -0.292246 0.734294
v 0.302797 -0.303290 0.716646
v 0.162013 -0.407107 0.751761
v 0.167717 -0.382400 0.723152
v 0.179403 -0.410539 0.723049
v -0.000001 -0.425483 0.752580
v -0.000001 -0.417216 0.723864
v -0.000001 -0.447240 0.723049
v -0.000001 -0.447240 0.745540
v -0.167719 -0.382400 0.745437
v -0.162018 -0.407107 0.716828
v -0.179411 -0.410539 0.745540
v -0.285675 -0.292410 0.723086
v -0.310746 -0.309796 0.723049
v -0.297918 -0.307031 0.751924
v -0.341656 -0.012290 0.702381
v -0.358821 0.012972 0.701062
v -0.337062 0.020012 0.701062
v -0.323722 0.001726 0.701062
v 0.341652 -0.012290 0.702381
v 0.358812 0.012972 0.701062
v 0.337054 0.020012 0.701062
v 0.323714 0.001726 0.701062
v -0.359993 -0.019067 0.720383
v -0.360307 -0.012857 0.739939
v -0.337090 -0.008104 0.744887
v -0.325538 -0.014112 0.729679
v 0.325104 -0.014539 0.730413
v 0.338653 -0.008644 0.745903
v 0.360047 -0.010700 0.738189
v 0.360168 -0.019608 0.721105
v -0.338083 -0.021563 0.714658
v 0.338294 -0.021370 0.714309
v 0.374783 0.101150 0.650463
v 0.388110 0.115299 0.649673
v 0.391771 0.090292 0.649718
v 0.375549 0.009269 0.743964
v 0.400520 -0.004564 0.746286
v 0.388110 0.008103 0.728599
v 0.396316 0.089464 0.723563
v 0.396708 0.073043 0.709425
v 0.375339 0.081115 0.719226
v 0.376896 -0.447946 0.740163
v 0.401318 -0.447813 0.742128
v -0.246595 0.200514 1.312072
v -0.177253 0.015406 1.313815
v -0.000001 -0.049915 1.310369
v 0.177250 0.015406 1.313815
v 0.246593 0.200514 1.312072
v -0.000001 0.435231 1.310369
v -0.168814 0.372583 1.312072
v 0.168811 0.372583 1.312072
v 0.225587 0.418246 -0.692932
v -0.000001 0.511688 -0.692932
v -0.225590 0.418246 -0.692932
v -0.319031 0.192656 -0.692932
v -0.225590 -0.032931 -0.692932
v -0.000001 -0.126373 -0.692932
v 0.225587 -0.032931 -0.692932
v 0.319029 0.192656 -0.692932
v 0.069310 0.261969 -1.021535
v -0.000001 0.290678 -1.021535
v -0.069312 0.261969 -1.021535
v -0.098021 0.192657 -1.021535
v -0.069312 0.123346 -1.021535
v -0.000001 0.094636 -1.021535
v 0.069310 0.123346 -1.021535
v 0.098019 0.192657 -1.021535
v 0.225587 0.418246 -0.842898
v -0.000001 0.511688 -0.842898
v 0.159633 0.352292 -0.818994
v -0.000001 0.418415 -0.818994
v -0.225590 0.418246 -0.842898
v -0.159636 0.352292 -0.818994
v -0.319031 0.192656 -0.842898
v -0.225759 0.192657 -0.818995
v -0.225590 -0.032931 -0.842898
v -0.159636 0.033023 -0.818995
v -0.000001 -0.126373 -0.842898
v -0.000001 -0.033100 -0.818995
v 0.225587 -0.032931 -0.842898
v 0.159633 0.033023 -0.818995
v 0.319029 0.192656 -0.842898
v 0.225756 0.192657 -0.818995
v 0.116405 0.309064 -1.147762
v -0.000001 0.357281 -1.147762
v -0.116407 0.309064 -1.147762
v -0.164624 0.192657 -1.147762
v -0.116407 0.076252 -1.147762
v -0.000001 0.028035 -1.147762
v 0.116405 0.076252 -1.147762
v 0.164622 0.192657 -1.147762
v 0.086762 0.279420 -1.147762
v -0.000001 0.315359 -1.147762
v -0.086765 0.279420 -1.147762
v -0.122703 0.192657 -1.147762
v -0.086765 0.105895 -1.147762
v -0.000001 0.069955 -1.147762
v 0.086762 0.105895 -1.147762
v 0.122701 0.192657 -1.147762
v 0.456032 -1.064571 0.855393
v 0.656519 -1.064571 0.855393
v 0.656519 -1.064571 1.086083
v 0.456032 -1.064571 1.086083
v -0.456034 -1.064571 0.855393
v -0.456034 -1.064571 1.086083
v -0.656521 -1.064571 1.086083
v -0.656521 -1.064571 0.855393
v 0.456032 -1.064571 -0.882965
v 0.656519 -1.064571 -0.882965
v 0.656519 -1.064571 -0.652275
v 0.456032 -1.064571 -0.652275
v -0.456034 -1.064571 -0.882965
v -0.456034 -1.064571 -0.652275
v -0.656521 -1.064571 -0.652275
v -0.656521 -1.064571 -0.882965
v 0.615749 -0.953875 1.064068
v 0.762430 -0.953875 1.040213
v 0.762430 -0.953875 0.901262
v -0.762432 -0.897049 0.901262
v -0.762432 -0.897049 1.040213
v -0.615751 -0.953875 0.877408
v -0.615751 -0.605233 0.877408
v -0.615751 -0.764032 1.064068
v -0.615751 -0.953875 1.064068
v 0.615749 -0.953875 -0.674291
v 0.762430 -0.953875 -0.698145
v 0.762430 -0.953875 -0.837096
v -0.762432 -0.953875 -0.837096
v -0.762432 -0.953875 -0.698145
v -0.615751 -0.953875 -0.860950
v -0.615751 -0.605233 -0.860950
v -0.615751 -0.953875 -0.674291
v -0.253514 0.192656 -0.860421
v -0.179262 0.371918 -0.860421
v -0.000001 0.446171 -0.860421
v 0.179260 0.371918 -0.860421
v 0.253512 0.192656 -0.860421
v 0.179260 0.013397 -0.860421
v -0.000001 -0.060856 -0.860421
v -0.179262 0.013397 -0.860421
v -0.218791 -0.019526 0.061983
v -0.210950 0.493957 0.062100
v -0.218791 0.497855 -0.037992
v -0.210950 -0.015627 -0.038108
v -0.292109 0.145625 -0.058975
v -0.327704 0.141260 -0.058975
v -0.327704 0.141260 0.082967
v -0.292109 0.145625 0.082967
v -0.327704 0.337069 0.082967
v -0.327704 0.337069 -0.058975
v -0.292109 0.332704 -0.058975
v -0.292109 0.332704 0.082967
v -0.292109 0.257367 0.025807
v -0.292109 0.220962 0.016599
v -0.292109 0.257367 -0.001816
v -0.194243 0.220962 0.007392
v -0.194243 0.257367 0.016599
v 0.214894 -0.017531 0.062047
v 0.210948 0.493957 0.062100
v 0.218789 0.497855 -0.037992
v 0.226765 -0.023259 -0.037898
v 0.203228 -0.011558 -0.037898
v 0.292107 0.145625 -0.058975
v 0.327702 0.141260 -0.058975
v 0.327702 0.141260 0.082967
v 0.292107 0.145625 0.082967
v 0.327702 0.337069 0.082967
v 0.327702 0.337069 -0.058975
v 0.292107 0.332704 -0.058975
v 0.292107 0.332704 0.082967
v 0.292107 0.220962 0.025807
v 0.292107 0.220962 -0.001816
v 0.292107 0.257367 0.007392
v 0.194241 0.257367 0.016599
v 0.194241 0.220962 0.007392
v -0.226767 -0.023259 -0.212950
v -0.203230 -0.011558 -0.212950
v -0.210950 0.493957 -0.212740
v -0.218791 0.497855 -0.312831
v -0.214896 -0.017531 -0.312896
v -0.292109 0.145625 -0.333815
v -0.327704 0.141260 -0.333815
v -0.327704 0.141260 -0.191873
v -0.292109 0.145625 -0.191873
v -0.327704 0.337069 -0.191873
v -0.327704 0.337069 -0.333815
v -0.292109 0.332704 -0.333815
v -0.292109 0.332704 -0.191873
v -0.292109 0.257367 -0.249033
v -0.292109 0.220962 -0.258240
v -0.292109 0.257367 -0.276655
v -0.194243 0.220962 -0.267448
v -0.194243 0.257367 -0.258240
v 0.226765 -0.023259 -0.212950
v 0.203228 -0.011558 -0.212950
v 0.210948 0.493957 -0.212740
v 0.218789 0.497855 -0.312831
v 0.214894 -0.017531 -0.312896
v 0.292107 0.145625 -0.333815
v 0.327702 0.141260 -0.333815
v 0.327702 0.141260 -0.191873
v 0.292107 0.145625 -0.191873
v 0.327702 0.337069 -0.191873
v 0.327702 0.337069 -0.333815
v 0.292107 0.332704 -0.333815
v 0.292107 0.332704 -0.191873
v 0.292107 0.220962 -0.249033
v 0.292107 0.220962 -0.276655
v 0.292107 0.257367 -0.267448
v 0.194241 0.257367 -0.258240
v 0.194241 0.220962 -0.267448
v -0.214896 -0.017531 -0.494518
v -0.210950 0.493957 -0.494466
v -0.218791 0.497855 -0.594557
v -0.226767 -0.023259 -0.594463
v -0.203230 -0.011558 -0.594463
v -0.292109 0.145625 -0.615540
v -0.327704 0.141260 -0.615540
v -0.327704 0.141260 -0.473598
v -0.292109 0.145625 -0.473598
v -0.327704 0.337069 -0.473598
v -0.327704 0.337069 -0.615540
v -0.292109 0.332704 -0.615540
v -0.292109 0.332704 -0.473598
v -0.292109 0.257367 -0.530758
v -0.292109 0.220962 -0.539966
v -0.292109 0.257367 -0.558381
v -0.194243 0.220962 -0.549173
v -0.194243 0.257367 -0.539966
v 0.214894 -0.017531 -0.494518
v 0.210948 0.493957 -0.494466
v 0.218789 0.497855 -0.594557
v 0.226765 -0.023259 -0.594463
v 0.203228 -0.011558 -0.594463
v 0.292107 0.145625 -0.615540
v 0.327702 0.141260 -0.615540
v 0.327702 0.141260 -0.473598
v 0.292107 0.145625 -0.473598
v 0.327702 0.337069 -0.473598
v 0.327702 0.337069 -0.615540
v 0.292107 0.332704 -0.615540
v 0.292107 0.332704 -0.473598
v 0.292107 0.220962 -0.530758
v 0.292107 0.220962 -0.558381
v 0.292107 0.257367 -0.549173
v 0.194241 0.257367 -0.539966
v 0.194241 0.220962 -0.549173
v -0.109720 -1.122870 -0.529461
v -0.270617 -1.122870 -0.529461
v -0.351065 -1.244175 -0.529461
v -0.270617 -1.365480 -0.529461
v -0.109720 -1.365480 -0.529461
v -0.029272 -1.244175 -0.529461
v -0.109720 -1.122869 0.788047
v -0.270617 -1.122869 0.788047
v -0.351065 -1.244175 0.788047
v -0.270617 -1.365480 0.788047
v -0.109720 -1.365480 0.788047
v -0.029272 -1.244175 0.788047
v 0.270614 -1.122870 -0.529461
v 0.109718 -1.122870 -0.529461
v 0.029270 -1.244175 -0.529461
v 0.109718 -1.365480 -0.529461
v 0.270614 -1.365480 -0.529461
v 0.351063 -1.244175 -0.529461
v 0.270614 -1.122869 0.788047
v 0.109718 -1.122869 0.788047
v 0.029270 -1.244175 0.788047
v 0.109718 -1.365480 0.788047
v 0.270614 -1.365480 0.788047
v 0.351063 -1.244175 0.788047
v -0.109720 -1.365480 -0.401594
v -0.029272 -1.244175 -0.401594
v -0.109720 -1.122870 -0.401594
v -0.270617 -1.122870 -0.401594
v -0.351065 -1.244175 -0.401594
v -0.270617 -1.365480 -0.401594
v 0.270614 -1.365480 -0.401594
v 0.351063 -1.244175 -0.401594
v 0.270614 -1.122870 -0.401594
v 0.109718 -1.122870 -0.401594
v 0.029270 -1.244175 -0.401594
v 0.109718 -1.365480 -0.401594
v -0.109720 -1.365480 0.660710
v -0.029272 -1.244175 0.660710
v -0.109720 -1.122869 0.660710
v -0.270617 -1.122869 0.660710
v -0.351065 -1.244175 0.660710
v -0.270617 -1.365480 0.660710
v 0.270614 -1.365480 0.660710
v 0.351063 -1.244175 0.660711
v 0.270614 -1.122869 0.660710
v 0.109718 -1.122869 0.660710
v 0.029270 -1.244175 0.660710
v 0.109718 -1.365480 0.660710
v -0.150659 -1.344904 -0.362295
v -0.070211 -1.244175 -0.362295
v -0.070211 -1.244175 0.621411
v -0.150659 -1.344903 0.621411
v -0.130190 -1.153735 -0.362295
v -0.130190 -1.153735 0.621411
v -0.250147 -1.153735 -0.362295
v -0.250147 -1.153735 0.621411
v -0.310126 -1.244175 -0.362295
v -0.310126 -1.244175 0.621411
v -0.229678 -1.344904 -0.362295
v -0.229678 -1.344903 0.621411
v 0.229676 -1.344904 -0.362295
v 0.310124 -1.244175 -0.362295
v 0.310124 -1.244175 0.621411
v 0.229676 -1.344903 0.621411
v 0.250145 -1.153735 -0.362295
v 0.250145 -1.153735 0.621411
v 0.130188 -1.153735 -0.362295
v 0.130188 -1.153735 0.621411
v 0.070209 -1.244175 -0.362295
v 0.070209 -1.244175 0.621411
v 0.150657 -1.344904 -0.362295
v 0.150657 -1.344903 0.621411
v -0.627620 -1.097984 0.772238
v 0.627618 -1.097984 0.772238
v -0.627620 -1.097985 -0.513113
v 0.627618 -1.097985 -0.513113
v -0.439966 -1.097984 0.629989
v 0.439964 -1.097984 0.629989
v 0.439964 -1.097985 -0.370863
v -0.439966 -1.097985 -0.370863
v -0.370354 -1.303838 0.664678
v 0.370351 -1.303838 0.664678
v 0.370351 -1.303838 -0.405554
v -0.370354 -1.303838 -0.405554
v -0.668423 -1.339242 -0.554895
v 0.668421 -1.339242 -0.554895
v 0.668421 -1.339241 0.814019
v -0.668423 -1.339241 0.814019
v 0.879516 -1.339241 1.042162
v 0.879516 -1.339242 -0.783038
v -0.879519 -1.339242 -0.783038
v -0.879519 -1.339241 1.042162
v 0.382871 -1.097985 -0.582241
v 0.382871 -1.339242 -0.628516
v 0.382871 -1.339242 -0.783038
v 0.382871 -1.339241 1.042162
v 0.382871 -1.339241 0.887641
v 0.382871 -1.097984 0.841365
v -0.382874 -1.339241 1.042162
v -0.382874 -1.339242 -0.783038
v -0.382873 -1.339242 -0.628516
v -0.382873 -1.097985 -0.582241
v -0.382873 -1.097984 0.841365
v -0.382873 -1.339241 0.887641
v 0.278581 -1.339241 1.201762
v 0.278581 -1.339241 1.020216
v -0.278583 -1.339241 1.020216
v -0.278583 -1.339241 1.201762
v 0.269471 -1.303838 0.758261
v 0.269471 -1.303838 -0.499137
v -0.269473 -1.303838 -0.499137
v -0.269473 -1.303838 0.758261
v 0.278581 -1.339242 -0.761093
v 0.278581 -1.339242 -0.942637
v -0.278583 -1.339242 -0.942637
v -0.278583 -1.339242 -0.761093
v 0.278581 -1.097984 0.965848
v 0.278581 -1.097984 0.786180
v -0.278583 -1.097984 0.786181
v -0.278583 -1.097984 0.965848
v 0.278581 -1.097985 -0.527057
v 0.278581 -1.097985 -0.706724
v -0.278583 -1.097985 -0.706724
v -0.278583 -1.097985 -0.527057
v 0.627618 -1.097985 0.358903
v 0.627618 -1.097985 -0.099779
v 0.483390 -1.097985 -0.086576
v 0.483390 -1.097985 0.345699
v 0.647858 -1.208812 -0.083586
v 0.647858 -1.208811 0.342710
v -0.627620 -1.097985 0.358903
v -0.627620 -1.097985 -0.099779
v -0.483393 -1.097985 0.345699
v -0.483393 -1.097985 -0.086576
v -0.647860 -1.208811 0.342710
v -0.647860 -1.208812 -0.083586
v 0.648728 -1.066240 0.336883
v 0.648728 -1.066240 -0.077759
v 0.512551 -1.066240 -0.065823
v 0.512551 -1.066240 0.324947
v 0.679315 -1.174518 -0.063119
v 0.679315 -1.174518 0.322243
v -0.648730 -1.066240 0.336883
v -0.648730 -1.066240 -0.077759
v -0.512553 -1.066240 0.324947
v -0.512553 -1.066240 -0.065823
v -0.679317 -1.174518 0.322243
v -0.679317 -1.174518 -0.063119
v -0.889055 -1.387318 1.052058
v -0.382874 -1.387318 1.052058
v -0.278583 -1.387318 1.213388
v 0.278581 -1.387318 1.213388
v 0.382871 -1.387318 1.052058
v 0.889053 -1.387318 1.052058
v 0.889053 -1.387318 -0.792933
v 0.382871 -1.387318 -0.792933
v 0.278581 -1.387318 -0.954262
v -0.278583 -1.387318 -0.954263
v -0.382874 -1.387318 -0.792933
v -0.889056 -1.387318 -0.792933
v 0.438576 -1.874571 -1.051712
v 0.438576 -1.874571 1.310839
v -0.438578 -1.874571 1.310839
v -0.438578 -1.874571 -1.051712
v 0.602762 -1.874571 -0.875877
v 0.602762 -1.874571 1.135001
v 0.965381 -1.874571 -0.875877
v 0.965381 -1.874571 1.135001
v -0.965383 -1.874571 -0.875877
v -0.602764 -1.874571 -0.875877
v -0.602764 -1.874571 1.135001
v -0.965383 -1.874571 1.135001
v -0.602764 -1.387318 1.119080
v -0.950096 -1.387318 1.119080
v -0.438578 -1.387318 1.292131
v 0.438576 -1.387318 1.292131
v 0.602762 -1.387318 1.119080
v 0.950094 -1.387318 1.119080
v 0.950094 -1.387318 -0.859956
v 0.602762 -1.387318 -0.859956
v 0.438576 -1.387318 -1.033006
v -0.438578 -1.387318 -1.033006
v -0.602764 -1.387318 -0.859956
v -0.950096 -1.387318 -0.859956
v 1.095641 -1.874571 -0.731389
v 1.095641 -1.874571 0.990513
v 1.078291 -1.387318 -0.717756
v 1.078291 -1.387318 0.976880
v -1.095643 -1.874571 -0.731389
v -1.095643 -1.874571 0.990513
v -1.078294 -1.387318 0.976880
v -1.078294 -1.387318 -0.717756
v 0.094138 -1.097984 0.836416
v -0.091118 -1.105184 0.838860
v -0.094140 -1.097984 0.915612
v 0.094138 -1.097985 -0.656489
v -0.094140 -1.097985 -0.656489
v -0.094140 -1.097985 -0.577293
v 0.091115 -1.105184 0.913169
v 0.082048 -1.126784 0.846190
v -0.082050 -1.126784 0.905839
v 0.090108 -1.107584 -0.580551
v 0.082048 -1.126784 -0.646715
v -0.082050 -1.126784 -0.646715
v -0.082050 -1.126784 -0.587066
v 0.595845 0.314276 -1.245352
v 0.595845 0.444326 -1.320437
v 0.628338 0.407824 -1.395228
v 0.595845 0.270926 -1.320437
v 0.703294 0.362386 -1.244810
v 0.725897 0.444326 -1.395521
v 0.769246 0.444326 -1.320437
v 0.725897 1.874571 -1.395521
v 0.639197 1.874571 -1.395521
v 0.595845 1.874571 -1.320437
v 0.639197 1.874571 -1.245353
v 0.725897 1.874571 -1.245353
v 0.769246 1.874571 -1.320437
v 0.677786 0.336879 -1.396064
v 0.720471 0.319702 -1.320437
v 0.632350 0.411836 -1.245646
v 0.999546 -0.089424 -1.245352
v 0.999546 0.040627 -1.320437
v 1.032037 0.004124 -1.395228
v 0.999546 -0.132774 -1.320437
v 1.107037 -0.041347 -1.244900
v 1.129596 0.040627 -1.395521
v 1.172946 0.040627 -1.320437
v 1.129596 1.874571 -1.395521
v 1.042897 1.874571 -1.395521
v 0.999546 1.874571 -1.320437
v 1.042897 1.874571 -1.245353
v 1.129596 1.874571 -1.245353
v 1.172946 1.874571 -1.320437
v 1.081487 -0.066821 -1.396064
v 1.124171 -0.083998 -1.320437
v 1.036014 0.008168 -1.245718
v 0.797696 0.112426 -1.245352
v 0.797696 0.242477 -1.320437
v 0.830187 0.205974 -1.395228
v 0.797696 0.069076 -1.320437
v 0.905187 0.160503 -1.244900
v 0.927746 0.242477 -1.395521
v 0.971096 0.242477 -1.320437
v 0.927746 1.874571 -1.395521
v 0.841047 1.874571 -1.395521
v 0.797696 1.874571 -1.320437
v 0.841047 1.874571 -1.245353
v 0.927746 1.874571 -1.245353
v 0.971096 1.874571 -1.320437
v 0.879637 0.135029 -1.396064
v 0.922321 0.117852 -1.320437
v 0.834164 0.210017 -1.245718
v -0.595848 -0.002723 -1.245352
v -0.595848 -0.132774 -1.320437
v -0.628306 -0.096307 -1.395155
v -0.595848 0.040627 -1.320437
v -0.703294 -0.050833 -1.244809
v -0.725897 -0.132774 -1.395521
v -0.769246 -0.132774 -1.320437
v -0.725897 -1.874571 -1.395521
v -0.639197 -1.874571 -1.395521
v -0.595848 -1.874571 -1.320437
v -0.639197 -1.874571 -1.245352
v -0.725897 -1.874571 -1.245352
v -0.769246 -1.874571 -1.320437
v -0.677819 -0.025282 -1.395973
v -0.720472 -0.008149 -1.320437
v -0.632350 -0.100283 -1.245645
v -0.999546 0.400976 -1.245353
v -0.999546 0.270926 -1.320437
v -1.032037 0.307429 -1.395228
v -0.999546 0.444326 -1.320437
v -1.106994 0.352866 -1.244810
v -1.129597 0.270926 -1.395521
v -1.172946 0.270926 -1.320437
v -1.129597 -1.874571 -1.395521
v -1.042897 -1.874571 -1.395521
v -0.999546 -1.874571 -1.320437
v -1.042897 -1.874571 -1.245352
v -1.129597 -1.874571 -1.245352
v -1.172946 -1.874571 -1.320437
v -1.081487 0.378374 -1.396064
v -1.124171 0.395550 -1.320437
v -1.036050 0.303416 -1.245646
v -0.797696 0.199126 -1.245352
v -0.797696 0.069076 -1.320437
v -0.830156 0.105543 -1.395155
v -0.797696 0.242477 -1.320437
v -0.905144 0.151017 -1.244809
v -0.927747 0.069076 -1.395521
v -0.971096 0.069076 -1.320437
v -0.927747 -1.874571 -1.395521
v -0.841047 -1.874571 -1.395521
v -0.797696 -1.874571 -1.320437
v -0.841047 -1.874571 -1.245352
v -0.927747 -1.874571 -1.245352
v -0.971096 -1.874571 -1.320437
v -0.879670 0.176567 -1.395973
v -0.922321 0.193700 -1.320437
v -0.834200 0.101567 -1.245645
v 0.205542 -0.002405 -1.407646
v 0.205542 0.051286 -1.326223
v 0.205542 0.007617 -1.239015
v 0.205542 -0.089742 -1.233228
v 0.205542 -0.143433 -1.314651
v 0.250096 -0.089742 -1.407646
v 0.333171 -0.143433 -1.314759
v 0.384888 -0.094753 -1.236121
v 0.385349 -0.000756 -1.236211
v 0.384888 0.051286 -1.314759
v 0.384414 0.005924 -1.404927
v 0.385349 -0.091391 -1.404662
v -0.231157 0.207736 -1.404955
v -0.287191 0.253136 -1.326038
v -0.287191 0.209307 -1.238922
v -0.287191 0.111948 -1.233320
v -0.287191 0.058417 -1.314835
v -0.287191 0.102245 -1.401951
v -0.988887 -0.232703 -1.326057
v -1.034278 -0.233212 -1.235926
v -1.131588 -0.232211 -1.236223
v -1.183606 -0.232703 -1.314816
v -1.139795 -0.232703 -1.401942
v -1.032699 -0.288097 -1.401942
v 0.585186 0.804725 -1.314800
v 0.630569 0.750871 -1.235931
v 0.727881 0.749888 -1.236219
v 0.779906 0.750372 -1.314800
v 0.736109 0.750372 -1.401934
v 0.638749 0.750372 -1.407571
v 1.032529 0.391126 -1.239030
v 1.129889 0.391126 -1.233213
v 1.183606 0.391126 -1.314620
v 1.139963 0.391126 -1.401844
v 1.042604 0.391126 -1.407661
v 0.988887 0.433575 -1.314620
v 0.250096 0.007618 -1.401859
v 0.205542 -0.099765 -1.401859
v 0.250096 0.051286 -1.314651
v 0.250096 -0.002405 -1.233228
v 0.250096 -0.099764 -1.239015
v 0.250096 -0.143433 -1.326223
v 0.384414 -0.145243 -1.323222
v 0.333171 -0.089836 -1.233282
v 0.333171 0.007524 -1.238961
v 0.333171 0.051286 -1.326115
v 0.333171 -0.002311 -1.407592
v 0.333171 -0.099671 -1.401913
v -0.230637 0.253136 -1.314835
v -0.287191 0.199605 -1.407553
v -0.230134 0.201125 -1.236226
v -0.230637 0.107097 -1.236121
v -0.231157 0.056601 -1.323176
v -0.230134 0.110428 -1.404648
v -1.042435 -0.232703 -1.407563
v -0.988887 -0.288097 -1.314817
v -1.042435 -0.288097 -1.233311
v -1.139795 -0.288097 -1.238931
v -1.181849 -0.288590 -1.323278
v -1.133452 -0.287588 -1.407699
v 0.585186 0.750372 -1.326074
v 0.638749 0.804725 -1.233303
v 0.736109 0.804725 -1.238940
v 0.779906 0.804725 -1.326074
v 0.726345 0.804725 -1.407571
v 0.628985 0.804725 -1.401934
v 0.988887 0.391126 -1.326253
v 1.042604 0.433575 -1.233213
v 1.139963 0.433575 -1.239030
v 1.183606 0.433575 -1.326254
v 1.129888 0.433575 -1.407661
v 1.032529 0.433575 -1.401844
vn 0.9297 0.3682 -0.0000
vn -0.0000 1.0000 -0.0000
vn 0.1602 0.0634 0.9850
vn 0.1227 0.0486 -0.9913
vn -0.0000 -1.0000 -0.0000
vn 0.0135 -0.0000 0.9999
vn -0.0505 -0.0043 -0.9987
vn -0.0000 -0.5628 -0.8266
vn -0.0000 -0.5628 0.8266
vn 0.9998 0.0089 -0.0196
vn 0.9260 0.0167 -0.3773
vn 0.9986 0.0191 0.0498
vn -0.9986 0.0191 -0.0498
vn -0.9998 0.0089 -0.0196
vn -0.9260 0.0167 0.3773
vn 0.0096 0.9999 -0.0127
vn -0.7836 0.6213 -0.0000
vn 0.7836 0.6213 -0.0000
vn 0.8107 -0.5855 -0.0000
vn 0.9585 0.2851 -0.0000
vn -1.0000 -0.0000 -0.0000
vn -0.7071 -0.7071 -0.0000
vn 0.7071 -0.7071 -0.0000
vn 0.9998 -0.0000 0.0184
vn 0.5674 0.8230 0.0266
vn -0.5674 0.8230 0.0266
vn 0.9983 -0.0583 -0.0035
vn -0.0000 -0.0000 -1.0000
vn 0.2256 0.5448 -0.8077
vn 0.9847 0.0115 0.1740
vn -0.0000 -0.0000 1.0000
vn -0.9390 -0.3248 0.1126
vn -0.1094 -0.0000 0.9940
vn 0.1094 -0.0000 -0.9940
vn 0.4951 0.8688 -0.0000
vn -0.1815 -0.9834 -0.0000
vn -0.9297 0.3682 -0.0000
vn -0.1602 0.0634 0.9850
vn -0.3165 -0.0000 -0.9486
vn -0.0505 -0.0043 0.9987
vn 0.0134 -0.0036 -0.9999
vn -0.9239 0.3827 -0.0000
vn -0.9987 -0.0211 0.0465
vn -0.9875 -0.0702 -0.1410
vn 0.9875 -0.0702 0.1410
vn 0.9943 -0.0083 -0.1062
vn 0.0151 0.9996 0.0238
vn -0.8107 -0.5855 -0.0000
vn -0.9585 0.2851 -0.0000
vn 1.0000 -0.0000 -0.0000
vn -0.0000 -0.9998 0.0184
vn -0.5674 -0.8230 -0.0266
vn -0.7071 0.7071 -0.0000
vn -0.2798 -0.1159 0.9530
vn -0.9993 0.0327 -0.0193
vn -0.9914 -0.1238 0.0416
vn 0.9983 -0.0587 -0.0044
vn 0.5906 -0.1499 0.7929
vn 0.4889 -0.1823 0.8531
vn 0.2087 -0.5039 -0.8382
vn -0.7208 -0.0329 -0.6924
vn 0.7214 -0.0330 0.6917
vn 0.2240 0.0106 0.9745
vn -0.0976 -0.0041 0.9952
vn 0.0128 -0.0455 -0.9989
vn -0.4951 0.8688 -0.0000
vn 0.1815 -0.9834 -0.0000
vn -0.0503 -0.0078 -0.9987
vn 0.9979 0.0625 -0.0189
vn -0.9979 0.0625 -0.0189
vn 0.8395 -0.5433 -0.0000
vn 0.1323 -0.9890 -0.0660
vn 0.8229 -0.5673 0.0313
vn 0.8230 0.5674 0.0266
vn -0.8660 0.5000 -0.0000
vn -0.0626 -0.0559 0.9965
vn 0.0631 -0.0564 -0.9964
vn 1.0000 -0.0056 -0.0032
vn 0.0626 -0.0559 -0.9965
vn -0.0627 -0.0560 0.9965
vn -0.9836 -0.0000 0.1806
vn 0.9928 -0.1196 -0.0000
vn -0.7388 0.3311 -0.5870
vn 0.9993 0.0327 -0.0193
vn -0.0630 -0.0563 0.9964
vn -0.9847 0.0115 -0.1741
vn -0.3800 0.9192 0.1030
vn -0.1638 -0.0000 -0.9865
vn 0.4337 0.9011 -0.0000
vn -0.2996 -0.9541 -0.0000
vn -0.9704 -0.0525 0.2355
vn 0.0151 0.9996 0.0239
vn -0.8395 -0.5433 -0.0000
vn -0.1323 -0.9890 -0.0660
vn 0.0630 -0.0563 -0.9964
vn -1.0000 -0.0011 0.0030
vn -0.6821 -0.7312 -0.0000
vn 0.5782 -0.1511 -0.8018
vn -0.0976 -0.0041 -0.9952
vn -0.0895 -0.0000 -0.9960
vn -0.9169 -0.3930 0.0700
vn -0.7214 -0.0330 -0.6917
vn 0.7208 -0.0329 0.6924
vn -0.0097 0.0031 0.9999
vn -0.4337 0.9011 -0.0000
vn 0.2996 -0.9541 -0.0000
vn 0.9759 -0.2175 -0.0148
vn 0.4368 -0.8975 -0.0608
vn 0.9184 -0.3878 0.0784
vn 0.7600 0.6496 -0.0196
vn -0.0833 -0.9965 -0.0000
vn 0.2729 0.6165 -0.7386
vn -0.8084 0.5537 0.1997
vn 0.2292 -0.4969 0.8370
vn 0.7188 -0.5705 -0.3973
vn -0.9876 -0.1371 0.0763
vn -0.2073 0.8033 -0.5583
vn 0.2083 0.3959 0.8944
vn -0.1535 -0.7682 0.6216
vn -0.2256 0.5448 -0.8077
vn 0.0703 0.2570 -0.9638
vn -0.5182 -0.0045 0.8552
vn 0.1454 -0.9880 0.0517
vn 0.7547 0.3189 0.5733
vn -0.5012 0.2434 0.8304
vn 0.0857 -0.9532 0.2900
vn 0.1431 0.1684 -0.9753
vn -0.2049 -0.5885 0.7821
vn 0.4155 0.6696 0.6156
vn 0.9169 0.3930 0.0700
vn 0.0492 0.5041 -0.8623
vn -0.4543 -0.5777 -0.6781
vn -0.3498 0.1974 0.9158
vn 0.7676 -0.1533 0.6224
vn -0.4116 0.1515 -0.8987
vn -0.6367 -0.1793 0.7500
vn 0.9518 -0.3060 0.0196
vn -0.4343 -0.8748 0.2150
vn -0.3189 0.7547 0.5733
vn -0.2434 -0.5012 0.8304
vn 0.9532 0.0857 0.2900
vn -0.3930 0.9169 0.0700
vn 0.1314 0.4992 -0.8565
vn 0.0059 -0.9956 0.0934
vn 0.6016 -0.1962 0.7743
vn -0.7092 0.7049 -0.0146
vn -0.5743 0.0078 -0.8186
vn 0.6091 -0.3883 -0.6915
vn -0.1310 0.7047 0.6973
vn -0.0240 0.7755 -0.6309
vn -0.2256 -0.5448 -0.8077
vn -0.1515 -0.4116 -0.8987
vn 0.1793 -0.6367 0.7500
vn 0.3060 0.9518 0.0196
vn 0.9239 0.3827 -0.0000
vn -0.6370 -0.6160 0.4634
vn 0.4211 -0.2103 0.8823
vn 0.2332 0.6906 -0.6846
vn 0.3800 -0.9192 0.1030
vn -0.4992 0.1314 -0.8565
vn 0.9956 0.0059 0.0934
vn 0.1962 0.6016 0.7744
vn -0.7049 -0.7092 -0.0146
vn -0.2087 0.5039 -0.8382
vn 0.7306 0.1497 -0.6662
vn -0.7653 0.1324 0.6300
vn -0.4139 -0.7053 -0.5756
vn 0.2572 -0.0704 -0.9638
vn -0.9518 0.3060 0.0196
vn 0.8660 -0.5000 -0.0000
vn 0.0301 -0.9964 0.0794
vn -0.0471 -0.6148 -0.7873
vn 0.6907 -0.2332 0.6845
vn -0.6159 0.6371 -0.4635
vn 0.2729 0.6165 -0.7385
vn 0.2412 -0.5317 0.8119
vn -0.5046 -0.2385 -0.8298
vn 0.2471 0.7733 -0.5839
vn -0.6849 0.6826 0.2550
vn -0.2277 -0.3729 -0.8995
vn 0.0702 0.2568 -0.9639
vn -0.5107 -0.0559 0.8580
vn 0.2291 0.0126 -0.9733
vn -0.8658 -0.4975 -0.0545
vn 0.6191 0.1665 -0.7675
vn 0.3912 0.7639 0.5132
vn -0.6335 -0.6191 -0.4640
vn 0.4957 -0.1148 -0.8609
vn -0.6477 0.2466 -0.7208
vn 0.3448 0.4863 0.8029
vn -0.3878 -0.9184 0.0784
vn 0.1406 -0.0000 0.9901
vn 0.0491 0.5041 -0.8623
vn -0.4545 0.1745 -0.8735
vn -0.5059 0.2307 0.8312
vn 0.9953 -0.0392 0.0884
vn -0.7194 0.4655 -0.5156
vn -0.2035 -0.4020 0.8928
vn 0.9548 -0.0340 0.2954
vn 0.3878 0.9184 0.0784
vn -0.1555 0.4178 -0.8951
vn -0.6559 0.4106 0.6335
vn -0.0643 -0.0276 -0.9975
vn 0.3733 -0.7822 0.4987
vn -0.3090 0.8097 0.4988
vn -0.0703 -0.2570 -0.9638
vn 0.5107 0.0559 0.8580
vn -0.1454 0.9880 0.0517
vn -0.6148 0.0471 -0.7873
vn 0.6500 -0.1413 0.7467
vn 0.6683 0.6127 -0.4220
vn -0.9184 0.3878 0.0784
vn -0.5126 0.2017 -0.8346
vn 0.6226 -0.3162 -0.7158
vn 0.2049 0.5885 0.7821
vn -0.3448 -0.4863 0.8029
vn -0.6230 -0.6602 -0.4195
vn -0.0631 -0.0564 0.9964
vn -0.9928 -0.1196 -0.0000
vn 0.1873 -0.6040 -0.7747
vn 0.4062 0.6321 -0.6599
vn 0.8933 -0.2233 0.3902
vn -0.7047 -0.1310 0.6973
vn 0.3930 -0.9169 0.0700
vn 0.9002 0.0160 0.4353
vn 0.0180 -0.9976 0.0667
vn 0.5623 -0.6883 -0.4584
vn 0.8642 -0.0178 0.5028
vn -0.7804 0.4067 -0.4749
vn 0.3827 0.9239 -0.0000
vn -0.3827 0.9239 -0.0000
vn -0.3827 -0.9239 -0.0000
vn 0.3827 -0.9239 -0.0000
vn 0.8658 -0.4975 -0.0545
vn -0.9999 0.0155 -0.0000
vn 0.3668 0.9186 0.1468
vn -0.3780 0.9126 0.1557
vn -0.9007 0.4016 0.1657
vn -0.9125 -0.3779 0.1568
vn -0.4016 -0.9007 0.1657
vn 0.3888 -0.9063 0.1654
vn 0.9160 -0.3662 0.1639
vn 0.9156 0.3778 0.1378
vn -0.2087 -0.5039 -0.8382
vn 0.4060 0.9119 0.0598
vn -0.3824 0.9232 0.0380
vn -0.9229 0.3823 0.0463
vn -0.9232 -0.3824 0.0396
vn -0.3974 -0.9158 0.0586
vn 0.3823 -0.9229 0.0450
vn 0.9130 -0.4037 0.0587
vn 0.9245 0.3780 0.0499
vn 0.9846 0.0119 0.1746
vn -0.0263 -0.0631 0.9977
vn 0.2261 0.7922 0.5669
vn -0.3861 0.6995 0.6013
vn -0.8185 0.5655 -0.1017
vn -0.7909 -0.1518 0.5929
vn 0.2256 -0.5448 -0.8077
vn -0.5448 0.2256 -0.8077
vn -0.5448 -0.2256 -0.8077
vn 0.2087 0.5039 -0.8382
vn 0.5448 -0.2256 -0.8077
vn 0.5448 0.2256 -0.8077
vn -0.4050 0.9143 -0.0000
vn -0.9091 0.4165 -0.0000
vn -0.9091 -0.4165 -0.0000
vn 0.4050 -0.9143 -0.0000
vn 0.9091 -0.4165 -0.0000
vn 0.9091 0.4165 -0.0000
vn -0.5039 0.2087 -0.8382
vn -0.5039 -0.2087 -0.8382
vn 0.9995 0.0098 -0.0300
vn 0.5039 -0.2087 -0.8382
vn 0.5039 0.2087 -0.8382
vn -0.9239 -0.3827 -0.0000
vn 0.9239 -0.3827 -0.0000
vn -0.3254 -0.7856 -0.5263
vn 0.3254 -0.7856 -0.5263
vn 0.7856 -0.3254 -0.5263
vn 0.7856 0.3254 -0.5263
vn 0.3254 0.7856 -0.5263
vn -0.3254 0.7856 -0.5263
vn -0.7856 0.3254 -0.5263
vn -0.7856 -0.3254 -0.5263
vn 0.3772 0.9105 -0.1693
vn -0.3772 0.9105 -0.1693
vn -0.9105 0.3772 -0.1693
vn -0.9105 -0.3772 -0.1693
vn -0.3772 -0.9105 -0.1693
vn 0.3772 -0.9105 -0.1693
vn 0.9105 -0.3772 -0.1693
vn 0.9105 0.3772 -0.1693
vn -0.3766 -0.9092 -0.1778
vn 0.3766 -0.9092 -0.1778
vn 0.9092 -0.3766 -0.1778
vn 0.9092 0.3766 -0.1778
vn 0.3766 0.9092 -0.1778
vn -0.3766 0.9092 -0.1778
vn -0.9092 0.3766 -0.1778
vn -0.9092 -0.3766 -0.1778
vn 0.1839 0.4440 -0.8770
vn -0.7322 0.6811 -0.0000
vn 0.1839 0.4440 0.8770
vn 0.9993 -0.0362 -0.0000
vn -0.1839 0.4440 -0.8770
vn -0.9993 -0.0362 -0.0000
vn -0.1839 0.4440 0.8770
vn 0.7322 0.6811 -0.0000
vn -0.4440 0.1839 -0.8770
vn -0.6811 -0.7322 -0.0000
vn -0.4440 0.1839 0.8770
vn 0.0362 0.9993 -0.0000
vn -0.4440 -0.1839 -0.8770
vn 0.0362 -0.9993 -0.0000
vn -0.4440 -0.1839 0.8770
vn -0.6811 0.7322 -0.0000
vn -0.1839 -0.4440 -0.8769
vn 0.7322 -0.6811 -0.0000
vn -0.1839 -0.4440 0.8769
vn -0.9993 0.0362 -0.0000
vn 0.1839 -0.4440 -0.8770
vn 0.9993 0.0362 -0.0000
vn 0.1839 -0.4440 0.8769
vn -0.7322 -0.6811 -0.0000
vn 0.4440 -0.1839 -0.8770
vn 0.6811 0.7322 -0.0000
vn 0.4440 -0.1839 0.8770
vn -0.0362 -0.9993 -0.0000
vn 0.4440 0.1839 -0.8770
vn -0.0362 0.9993 -0.0000
vn 0.4440 0.1839 0.8770
vn 0.6811 -0.7322 -0.0000
vn 0.5805 0.2234 0.7830
vn 0.2158 -0.5416 0.8125
vn 0.3393 0.8185 0.4635
vn -0.3386 0.8190 0.4632
vn -0.7741 0.3394 0.5344
vn -0.8184 -0.3383 0.4645
vn -0.3385 -0.7745 0.5344
vn 0.8539 -0.3579 0.3778
vn 0.5885 0.2708 0.7618
vn 0.1719 0.4149 0.8935
vn -0.1719 0.4149 0.8935
vn -0.4149 0.1719 0.8935
vn -0.4149 -0.1719 0.8935
vn -0.1719 -0.4150 0.8935
vn 0.2816 -0.6071 0.7430
vn 0.3943 -0.1955 0.8980
vn -0.3462 -0.8110 0.4716
vn -0.7995 -0.3303 0.5017
vn -0.8108 0.3465 0.4717
vn -0.3314 0.8017 0.4975
vn 0.3387 0.8170 0.4668
vn 0.8884 0.3673 0.2752
vn 0.7977 -0.2917 0.5278
vn 0.3543 -0.9101 0.2149
vn -0.9170 -0.3990 -0.0000
vn 0.9263 0.3769 -0.0000
vn -0.9263 0.3769 -0.0000
vn 0.8482 -0.4973 0.1820
vn 0.3385 0.1402 -0.9305
vn 0.3385 0.1402 0.9305
vn 0.1402 0.3385 -0.9305
vn 0.1402 0.3385 0.9305
vn -0.1402 0.3385 -0.9305
vn -0.1402 0.3385 0.9305
vn -0.3385 0.1402 -0.9305
vn -0.3385 0.1402 0.9305
vn -0.3381 -0.1471 -0.9295
vn -0.1987 -0.9801 -0.0013
vn 0.3648 -0.1511 -0.9188
vn 0.3383 -0.1436 0.9300
vn -0.2302 0.9731 -0.0000
vn 0.2462 0.1002 0.9640
vn 0.2508 0.1039 -0.9625
vn 0.0918 0.2215 0.9708
vn 0.0918 0.2215 -0.9708
vn -0.0918 0.2215 0.9708
vn -0.0918 0.2215 -0.9708
vn -0.2508 0.1039 0.9625
vn 0.2302 0.9731 -0.0000
vn -0.2462 0.1002 -0.9640
vn 0.3084 -0.7932 0.5250
vn 0.8117 -0.3368 0.4771
vn 0.7996 0.3561 0.4835
vn 0.3123 0.8164 0.4858
vn -0.3369 0.8135 0.4740
vn -0.8084 0.3571 0.4680
vn -0.8135 -0.3369 0.4740
vn -0.3493 -0.8414 0.4123
vn -0.9958 0.0059 0.0910
vn 0.9836 -0.0000 -0.1806
vn -0.4050 -0.9143 -0.0000
vn 0.4050 0.9143 -0.0000
vn 0.8117 0.5841 -0.0000
vn 0.8117 -0.5841 -0.0000
vn -0.8117 -0.5841 -0.0000
vn -0.8117 0.5841 -0.0000
vn -0.9759 -0.2175 -0.0148
vn -0.4368 -0.8975 -0.0608
vn -0.7600 0.6496 -0.0196
vn 0.0833 -0.9965 -0.0000
vn 0.6092 -0.2540 -0.7512
vn -0.5246 0.4006 -0.7513
vn -0.3866 0.1802 0.9045
vn 0.3612 -0.1743 0.9160
vn -0.0806 -0.9967 -0.0000
vn -0.8655 -0.5009 -0.0078
vn 0.9619 0.2719 0.0290
vn 0.4631 -0.1958 0.8644
vn -0.4042 0.2983 0.8647
vn -0.3767 0.1744 -0.9098
vn 0.3758 -0.1829 -0.9085
vn 0.6581 0.6098 0.4417
vn -0.0616 0.9067 -0.4172
vn -0.8124 -0.4038 0.4206
vn 0.0403 -0.9057 0.4221
vn 0.8179 0.3966 -0.4169
vn 0.0466 0.9986 -0.0262
vn -0.8142 -0.5806 0.0094
vn 0.8675 0.4970 -0.0209
vn 0.4619 0.1913 -0.8660
vn -0.4619 -0.1913 -0.8661
vn -0.4052 -0.1678 0.8987
vn 0.4052 0.1678 0.8987
vn 0.2859 0.5221 -0.8036
vn -0.5713 0.1671 -0.8036
vn 0.0627 -0.0561 -0.9965
vn 0.7417 -0.6708 -0.0000
vn -0.1293 -0.9916 -0.0090
vn -0.7933 0.6088 -0.0000
vn 0.3699 0.9286 0.0290
vn 0.9390 -0.3248 -0.1126
vn 0.6649 0.2516 0.7033
vn -0.4550 -0.1073 0.8840
vn -0.6117 -0.3697 -0.6994
vn 0.3959 0.1640 -0.9035
vn -0.0548 0.9058 0.4201
vn -0.7568 0.5031 -0.4172
vn -0.1742 -0.8904 0.4206
vn 0.7430 -0.5194 0.4221
vn 0.1833 0.8903 -0.4169
vn -0.7176 0.6959 -0.0271
vn -0.0219 -0.9997 0.0107
vn 0.7934 -0.6088 -0.0000
vn 0.1328 0.9910 -0.0149
vn -0.1452 0.6589 -0.7381
vn -0.3385 0.9354 -0.1024
vn 0.1108 -0.4394 0.8914
vn 0.2816 -0.8028 -0.5256
vn -0.9424 0.3219 -0.0910
vn 0.7951 -0.2253 0.5631
vn -0.9953 -0.0071 -0.0965
vn 0.3995 0.0044 0.9167
vn 0.4417 0.0009 -0.8972
vn -0.3553 -0.1648 0.9201
vn -0.3310 0.2792 -0.9014
vn 0.7206 0.1226 0.6824
vn -0.7798 0.1195 0.6146
vn 0.0648 -0.2760 -0.9590
vn 0.7788 0.4509 0.4360
vn -0.8231 0.3900 0.4127
vn 0.0900 -0.7140 -0.6943
vn 0.3070 0.9381 0.1604
vn -0.9446 -0.3280 -0.0095
vn 0.7900 -0.6033 -0.1091
vn 0.7856 0.5725 -0.2345
vn -0.9446 -0.3280 -0.0077
vn 0.0675 -0.9386 0.3384
vn 0.7881 -0.6019 0.1291
vn 0.3762 0.7176 -0.5862
vn -0.7678 0.4263 -0.4782
vn 0.3774 -0.6330 0.6759
vn -0.3578 -0.0428 0.9328
vn 0.9935 -0.0559 0.0988
vn -0.3137 -0.0988 -0.9444
vn 0.9987 -0.0444 -0.0256
vn -0.2473 0.0688 -0.9665
vn -0.7501 0.0089 0.6613
vn -0.0885 0.9103 -0.4044
vn 0.8041 -0.5558 0.2110
vn -0.7612 -0.6063 0.2302
vn -0.3711 0.2538 -0.8932
vn 0.9984 -0.0554 -0.0109
vn -0.3499 -0.3885 0.8524
vn -0.0885 0.9103 0.4044
vn 0.8083 -0.5495 -0.2112
vn -0.7612 -0.6063 -0.2302
vn -0.3711 0.2538 0.8932
vn 0.7169 -0.1609 -0.6783
vn -0.3499 -0.3885 -0.8524
vn -0.3193 0.0012 0.9477
vn 0.9998 -0.0000 0.0210
vn -0.5222 -0.0003 -0.8528
vn -0.0887 -0.9102 0.4045
vn 0.8041 0.5558 -0.2110
vn -0.7612 0.6063 -0.2302
vn -0.3591 -0.2570 0.8972
vn 0.9981 0.0614 -0.0049
vn -0.3492 0.3827 -0.8553
vn -1.0000 -0.0082 -0.0004
vn -0.3214 0.0098 -0.9469
vn -0.0887 -0.9102 -0.4045
vn 0.8083 0.5495 0.2112
vn -0.7612 0.6063 0.2302
vn 0.2529 -0.3728 -0.8928
vn 0.7428 0.2136 0.6345
vn -0.9981 0.0618 0.0049
vn 0.0367 0.0134 0.9992
vn -0.1094 -0.0399 -0.9932
vn -0.2407 -0.9667 -0.0868
vn 0.9234 -0.3825 -0.0305
vn -0.3325 0.1377 0.9330
vn -0.7485 0.2777 -0.6021
vn 0.1094 -0.0399 0.9932
vn 0.2708 0.0343 -0.9620
vn 0.2407 -0.9704 -0.0193
vn -0.9155 -0.4024 -0.0000
vn 0.2747 0.1305 0.9526
vn -0.3944 0.7082 0.5855
vn -0.6972 -0.2487 -0.6724
vn 0.7485 0.2777 -0.6021
vn -0.9658 -0.2268 -0.1259
vn 0.4917 0.1758 0.8528
vn 0.5614 0.2119 -0.7999
vn -0.6349 0.1510 0.7577
vn -0.9325 0.2063 -0.2963
vn 0.6381 -0.1451 -0.7561
vn 0.9295 -0.3605 0.0782
vn 0.2652 -0.0155 0.9641
vn -0.5816 0.6694 0.4622
vn -0.3475 0.5297 -0.7737
vn 0.5261 -0.7463 0.4078
vn -0.1945 0.9426 0.2714
vn -0.0007 0.0034 -1.0000
vn 0.2404 -0.9707 -0.0000
vn 0.0755 0.7621 -0.6431
vn -0.1949 -0.9530 -0.2320
vn 0.0007 0.0034 1.0000
vn 0.4395 0.7120 0.5476
vn -0.0208 0.0321 -0.9993
vn -0.6085 -0.7175 0.3390
vn -0.5548 -0.4146 -0.7213
vn -0.2766 0.8053 0.5244
vn 0.7555 0.5512 0.3541
vn 0.5532 -0.7432 -0.3762
vn 0.2345 -0.8041 -0.5462
vn 0.9993 0.0348 -0.0110
vn 0.2643 0.8169 0.5126
vn -0.6946 0.6148 0.3736
vn -0.7910 -0.3587 -0.4957
vn -0.9813 -0.0978 -0.1661
vn 0.4957 -0.0182 0.8683
vn 0.6347 -0.0178 -0.7725
vn 0.2645 -0.0225 0.9641
vn 0.6397 -0.0840 -0.7641
vn -0.7738 -0.0009 -0.6334
vn -0.4077 0.8469 0.3414
vn 0.9877 0.1445 -0.0592
vn -0.4306 -0.8759 -0.2174
vn -0.3089 0.3088 0.8996
vn 0.9990 0.0401 -0.0189
vn -0.7746 -0.0826 -0.6270
vn -0.0973 -0.0086 0.9952
vn 0.8209 0.0068 -0.5711
vn -0.7741 0.0030 -0.6331
vn 0.8757 0.3314 0.3512
vn 0.3654 0.8832 0.2941
vn -0.3317 0.8825 0.3333
vn -0.8832 0.3655 0.2939
vn -0.8690 -0.3826 0.3136
vn -0.3428 -0.8852 0.3146
vn 0.3287 -0.8762 0.3525
vn 0.8601 -0.3888 0.3303
vn -0.3426 -0.9177 0.2009
vn -0.8926 -0.4035 0.2009
vn -0.9165 0.3452 0.2019
vn -0.3787 0.9142 0.1442
vn 0.3421 0.9178 0.2016
vn 0.9137 0.3785 0.1483
vn 0.9137 -0.3784 0.1483
vn 0.3787 -0.9142 0.1442
vn 0.0942 0.2273 0.9693
vn -0.0942 0.2273 0.9693
vn -0.2273 0.0942 0.9693
vn -0.2273 -0.0942 0.9693
vn -0.0942 -0.2273 0.9693
vn 0.0942 -0.2273 0.9693
vn 0.2273 -0.0942 0.9693
vn 0.2273 0.0942 0.9693
vn -0.0030 -1.0000 -0.0027
vn 0.1605 -0.0000 0.9870
vn -0.1605 -0.0000 -0.9870
vn -0.1605 -0.0000 0.9870
vn -0.2569 0.1064 -0.9606
vn -0.1064 0.2569 -0.9606
vn 0.1064 0.2569 -0.9606
vn 0.2569 0.1064 -0.9606
vn 0.2569 -0.1064 -0.9606
vn 0.1064 -0.2569 -0.9606
vn -0.1064 -0.2569 -0.9606
vn -0.2569 -0.1064 -0.9606
vn 0.0148 -0.1210 -0.9925
vn -0.7938 -0.6021 -0.0856
vn 0.0147 -0.1196 0.9927
vn 0.9146 0.3950 0.0870
vn -0.8279 0.5608 -0.0000
vn 0.0147 0.1196 -0.9927
vn 0.8932 -0.4496 -0.0000
vn 0.0148 0.1210 0.9925
vn 0.0908 -0.2442 0.9655
vn -0.0837 -0.4498 -0.8892
vn -0.4451 -0.8955 -0.0016
vn -0.0145 -0.1183 -0.9929
vn 0.8004 -0.5855 0.1286
vn -0.9026 0.4105 0.1299
vn 0.8279 0.5608 -0.0000
vn -0.8932 -0.4496 -0.0000
vn -0.0148 0.1210 0.9925
vn 0.0837 0.4498 0.8892
vn -0.0908 0.2442 -0.9655
vn 0.0148 -0.1203 -0.9926
vn -0.8004 -0.5855 -0.1286
vn 0.0145 -0.1183 0.9929
vn 0.8705 0.4922 -0.0000
vn -0.0148 -0.1203 -0.9926
vn 0.8004 -0.5855 -0.1286
vn -0.0517 -0.1040 0.9932
vn -0.9026 0.4105 -0.1299
vn 0.9998 -0.0128 0.0145
vn 0.4451 -0.8955 -0.0016
vn 0.0145 -0.1183 -0.9929
vn -0.8524 -0.5229 -0.0000
vn 0.0148 -0.1203 0.9926
vn 0.9026 0.4105 0.1299
vn -0.8334 0.5527 -0.0000
vn -0.8334 -0.5527 -0.0000
vn 0.8334 -0.5527 -0.0000
vn 0.8334 0.5527 -0.0000
vn 0.7814 -0.6241 -0.0000
vn -0.7814 -0.6241 -0.0000
vn 0.5151 -0.4114 0.7520
vn 0.6293 -0.4174 -0.6556
vn 0.6293 0.4174 0.6556
vn 0.6293 0.4173 -0.6556
vn -0.0000 0.7864 0.6177
vn -0.0000 0.7864 -0.6177
vn -0.6293 0.4174 0.6556
vn -0.6293 0.4174 -0.6556
vn -0.6293 -0.4174 0.6556
vn -0.5151 -0.4114 -0.7520
vn 0.6293 -0.4173 -0.6556
vn -0.0000 0.0297 0.9996
vn -0.1062 0.9505 -0.2921
vn -0.0969 0.9590 -0.2665
vn -0.0000 0.1344 -0.9909
vn -0.9473 0.3203 -0.0000
vn -0.0000 0.1344 0.9909
vn 0.9473 0.3203 -0.0000
vn -0.0000 0.2198 -0.9755
vn 0.9623 0.2718 -0.0000
vn -0.0000 0.2198 0.9755
vn -0.9623 0.2718 -0.0000
vn 0.9809 0.1946 -0.0000
vn -0.0000 0.2350 -0.9720
vn -0.9809 0.1946 -0.0000
vn -0.0000 0.2351 0.9720
vn 0.2443 0.2054 -0.9477
vn -0.0000 0.2016 -0.9795
vn -0.0000 0.2016 0.9795
vn 0.2673 0.1815 0.9464
vn -0.2443 0.2054 -0.9477
vn -0.2443 0.2054 0.9477
vn -0.6910 0.1134 -0.7139
vn 0.6745 0.1285 -0.7270
vn -0.6745 0.1285 0.7270
vn 0.6910 0.1134 0.7139
vn 0.7608 0.1223 -0.6374
vn -0.7784 0.1380 -0.6124
vn 0.7784 0.1380 0.6124
vn -0.7608 0.1223 0.6374
vn 0.8319 0.1119 -0.5436
vn -0.8327 0.1302 -0.5383
vn 0.8327 0.1302 0.5383
vn -0.8319 0.1119 0.5436
vn 0.9878 0.1557 -0.0000
vn -0.9878 0.1557 -0.0000
vn -0.0699 0.5995 -0.7973
vn -0.7364 0.6765 -0.0000
vn -0.0735 0.5921 0.8025
vn 0.7369 -0.6760 -0.0000
vn 0.5596 -0.0189 -0.8285
vn 0.6561 0.0839 0.7500
vn 0.0699 0.5995 0.7973
vn 0.7364 0.6765 -0.0000
vn 0.0735 0.5921 -0.8025
vn -0.7369 -0.6760 -0.0000
vn -0.5596 -0.0189 0.8285
vn -0.6561 0.0839 -0.7500
vn -0.0000 0.0327 0.9995
vn -0.7307 0.0262 0.6822
vn -0.0000 0.0384 0.9993
vn 0.7307 0.0262 0.6822
vn 0.9994 0.0356 -0.0000
vn -0.0000 0.0327 -0.9995
vn 0.7307 0.0262 -0.6822
vn -0.0000 0.0384 -0.9993
vn -0.7307 0.0262 -0.6822
vn -0.9994 0.0356 -0.0000
vn 0.7420 0.0451 -0.6689
vn 0.7420 0.0451 0.6689
vn -0.7420 0.0451 0.6689
vn -0.7420 0.0451 -0.6689
vn -0.0404 0.9881 -0.1482
vn -0.0000 0.3214 0.9470
vn -0.0000 0.3214 -0.9470
vn 0.9220 0.3871 -0.0000
vn 0.3364 -0.8594 -0.3850
vn 0.3595 -0.8081 0.4666
vn -0.0578 0.0112 -0.9983
vn -0.8934 0.0112 -0.4491
vn -0.8356 0.0112 0.5492
vn 0.0578 0.0112 0.9983
vn 0.8934 0.0112 0.4491
vn 0.8356 0.0112 -0.5492
vn 0.7956 -0.3114 -0.5197
vn -0.0000 0.8987 -0.4386
vn -0.0060 0.9161 0.4009
vn -0.0000 -0.8660 0.5000
vn 0.0128 -0.7604 -0.6493
vn -0.0596 0.0084 -0.9982
vn -0.8943 0.0084 -0.4474
vn -0.8346 0.0084 0.5507
vn 0.0596 0.0084 0.9982
vn 0.8943 0.0084 0.4475
vn 0.8346 0.0084 -0.5507
vn 0.1155 0.0589 -0.9916
vn 0.1155 0.8882 -0.4447
vn 0.1155 0.8292 0.5468
vn 0.1155 -0.0589 0.9916
vn 0.1155 -0.8882 0.4447
vn 0.1155 -0.8292 -0.5468
vn -0.9161 0.0059 -0.4009
vn -0.8987 -0.0000 0.4386
vn 0.7587 -0.0098 0.6514
vn 0.8660 -0.0000 -0.5000
vn 0.0070 0.8998 -0.4362
vn -0.0041 0.9165 0.4001
vn 0.0092 -0.8650 0.5017
vn 0.0219 -0.7651 -0.6435
vn -0.3364 0.8595 -0.3849
vn -0.3595 0.8081 0.4666
vn 0.9162 -0.0055 -0.4007
vn 0.8987 -0.0000 0.4386
vn -0.7586 0.0092 0.6515
vn -0.8660 -0.0000 -0.5000
vn -0.7955 0.3113 -0.5198
vn -0.3364 0.8594 -0.3850
vn 0.0570 -0.0075 -0.9983
vn 0.8934 -0.0076 -0.4493
vn 0.8357 -0.0076 0.5491
vn -0.0576 -0.0076 0.9983
vn -0.8949 -0.0076 0.4462
vn -0.8660 -0.0058 -0.5000
vn -0.7956 0.3114 -0.5197
vn 0.9163 -0.0050 -0.4005
vn -0.7581 0.0083 0.6521
vn -0.7955 0.3114 -0.5198
vn -0.0151 0.8347 -0.5504
vn -0.0151 0.8941 0.4477
vn -0.0151 -0.8347 0.5504
vn -0.0073 -0.8941 -0.4477
vn -0.0756 -0.8331 0.5480
vn -0.0756 0.0581 0.9954
vn -0.0756 0.8911 0.4474
vn -0.0756 0.8331 -0.5480
vn -0.0756 -0.0581 -0.9954
vn -0.0756 -0.8911 -0.4474
vn 0.0522 -0.8641 0.5006
vn 0.0549 0.0007 0.9985
vn 0.1027 0.8295 0.5490
vn 0.0983 0.8888 -0.4477
vn 0.0523 -0.0022 -0.9986
vn 0.1029 -0.8302 -0.5478
vn 0.0153 -0.8651 0.5014
vn -0.0067 0.9160 0.4012
vn 0.0116 0.9006 -0.4345
vn 0.0351 -0.7717 -0.6350
vn 0.0889 0.8893 -0.4485
vn 0.0932 0.8306 0.5490
vn 0.0495 0.0008 0.9988
vn 0.0466 -0.8642 0.5010
vn 0.0933 -0.8312 -0.5480
vn 0.0467 -0.0027 -0.9989
vn -0.0235 0.8356 -0.5488
vn -0.0235 0.8931 0.4493
vn -0.0235 -0.8356 0.5488
vn -0.0111 -0.8933 -0.4494
vn 0.9156 -0.0084 -0.4019
vn 0.9010 0.0142 0.4336
vn -0.7750 0.0418 0.6305
vn -0.8660 0.0127 -0.5000
vn 0.8323 0.0908 -0.5468
vn 0.8892 0.0910 0.4483
vn -0.0026 0.0480 0.9988
vn -0.8304 0.0953 0.5490
vn -0.8927 0.0399 -0.4489
vn -0.0574 0.0976 -0.9936
vn -0.8891 -0.0929 0.4481
vn 0.0025 -0.0491 0.9988
vn 0.8301 -0.0973 0.5490
vn 0.8896 -0.0928 -0.4472
vn 0.0576 -0.0928 -0.9940
vn -0.8321 -0.0928 -0.5469
vn -0.9024 -0.0235 0.4302
vn 0.7852 -0.0635 0.6160
vn 0.8658 -0.0210 -0.4999
vn -0.9147 0.0133 -0.4039
vn -0.9019 -0.0203 0.4314
vn 0.7826 -0.0581 0.6198
vn 0.8659 -0.0180 -0.4999
vn -0.9150 0.0120 -0.4034
vn -0.8877 -0.1217 0.4441
vn -0.0592 -0.1217 0.9908
vn 0.8285 -0.1217 0.5467
vn 0.8877 -0.1217 -0.4441
vn 0.0592 -0.1217 -0.9908
vn -0.8285 -0.1217 -0.5467
vn 0.3165 -0.0000 0.9486
vn 0.3165 0.0056 -0.9486
vn -0.0163 0.0081 0.9998
vn 0.0162 0.0136 -0.9998
vn -1.0000 0.0001 -0.0000
vn 0.9987 -0.0211 0.0465
vn 0.9892 -0.0167 -0.1456
vn -0.9892 -0.0167 0.1457
vn -0.0096 0.9999 0.0127
vn 0.8004 -0.5992 0.0158
vn 0.8230 -0.5674 -0.0266
vn 0.8230 0.5674 -0.0266
vn -0.0000 0.9998 -0.0184
vn -0.9103 -0.1372 -0.3905
vn -0.9223 0.3785 0.0784
vn 0.9892 -0.1405 0.0408
vn -0.0236 0.0574 0.9981
vn -0.0126 0.0017 0.9999
vn 0.0077 -0.0059 1.0000
vn 0.0115 -0.0004 0.9999
vn -0.0000 0.0001 1.0000
vn 0.2592 0.8940 0.3655
vn -0.4988 0.5616 -0.6602
vn -0.9002 0.0160 -0.4353
vn -0.9836 -0.0000 -0.1806
vn -0.0173 -0.0574 -0.9982
vn -0.0126 -0.0203 -0.9997
vn 0.0064 -0.0071 -1.0000
vn 0.0037 0.0002 -1.0000
vn 0.7262 -0.0335 0.6867
vn 0.2777 0.3263 0.9035
vn -0.7256 -0.0334 -0.6873
vn -0.2779 0.3263 -0.9035
vn -0.1821 0.0067 0.9833
vn 0.2240 0.0106 -0.9745
vn -0.1720 -0.9846 0.0312
vn -0.3165 -0.0000 0.9486
vn -0.1602 0.0634 -0.9850
vn 0.0162 0.0136 0.9998
vn -0.0390 0.0106 -0.9992
vn 0.9259 0.0167 -0.3773
vn 0.9964 -0.0721 0.0441
vn 0.9892 -0.0167 -0.1457
vn -0.0151 0.9996 -0.0239
vn -0.8004 -0.5992 0.0158
vn 0.0578 -0.0377 -0.9976
vn 0.0049 -0.0211 -0.9998
vn -0.0059 0.0077 -1.0000
vn -0.0007 0.0113 -0.9999
vn 0.0007 -0.0113 -0.9999
vn -0.0018 0.0128 -0.9999
vn 0.0059 -0.0077 -1.0000
vn -0.0576 0.0239 -0.9981
vn 0.5674 -0.8230 -0.0266
vn 0.7071 0.7071 -0.0000
vn 0.9192 0.3800 0.1030
vn 0.9582 -0.1721 0.2284
vn 0.0849 -0.2050 0.9751
vn 0.2277 -0.3729 0.8995
vn -0.4889 -0.1823 0.8531
vn -0.0553 0.2496 0.9668
vn 0.2718 0.1249 -0.9542
vn -0.0506 0.2568 -0.9651
vn -0.9997 0.0136 -0.0200
vn -0.9989 0.0265 0.0389
vn -0.9984 -0.0430 0.0379
vn -0.9999 -0.0143 0.0085
vn -0.9979 -0.0649 0.0049
vn 0.9887 -0.1443 0.0406
vn 0.5747 0.8184 -0.0000
vn -0.2277 -0.3729 0.8995
vn -0.0849 -0.2050 0.9751
vn 0.1088 0.2626 0.9588
vn 0.1025 0.1781 0.9787
vn 0.2798 -0.1159 0.9530
vn 0.9846 0.0117 0.1743
vn -0.2891 0.3268 -0.8998
vn 0.2889 0.3268 0.8998
vn 0.1094 -0.0000 0.9940
vn 0.0161 0.0192 0.9997
vn -0.1406 -0.0000 0.9901
vn -0.0000 -0.0381 0.9993
vn -0.0454 -0.0892 0.9950
vn -0.0000 -0.0593 -0.9982
vn 0.1720 -0.9846 0.0312
vn 0.0388 0.0159 -0.9991
vn 0.9704 -0.0525 0.2355
vn 0.7832 -0.6177 0.0715
vn 0.1808 -0.9832 -0.0266
vn 0.9830 -0.1808 -0.0313
vn -0.8672 0.4980 -0.0000
vn -0.8656 0.5005 -0.0173
vn -0.8662 0.4998 -0.0009
vn -0.8751 0.4839 0.0018
vn -0.8689 0.4947 0.0167
vn -0.8655 0.5009 -0.0000
vn -0.8749 0.4842 0.0003
vn -0.8661 0.4999 -0.0003
vn -0.9192 -0.3800 0.1030
vn 0.9950 -0.0866 -0.0497
vn -1.0000 -0.0010 0.0028
vn -0.9933 -0.1046 -0.0487
vn -0.9873 -0.0000 0.1591
vn -0.9995 0.0098 -0.0300
vn -0.9861 0.0890 0.1401
vn -0.9649 -0.0153 0.2621
vn -0.9390 -0.3248 -0.1126
vn -0.9998 -0.0128 0.0145
vn -0.9992 -0.0056 0.0386
vn -0.9807 -0.0680 0.1835
vn -0.9977 -0.0466 0.0486
vn -0.9002 0.0160 0.4353
vn 0.6821 -0.7312 -0.0000
vn -0.5782 -0.1511 -0.8018
vn 0.9390 -0.3248 0.1126
vn -0.3395 0.7175 0.6082
vn 0.9989 0.0265 0.0389
vn 0.9958 0.0059 0.0910
vn 0.9002 0.0160 -0.4353
vn 0.9997 0.0136 -0.0200
vn 0.9999 0.0155 -0.0000
vn 0.9966 0.0590 -0.0582
vn 0.9649 -0.0153 -0.2621
vn 0.9873 -0.0000 -0.1591
vn 0.9869 -0.1116 -0.1163
vn 0.9995 -0.0208 0.0222
vn 0.9992 -0.0056 0.0386
vn 0.7256 -0.0334 0.6873
vn 0.2779 0.3263 0.9035
vn -0.7262 -0.0335 -0.6867
vn -0.2777 0.3263 -0.9035
vn 0.3785 0.9223 0.0784
vn -0.0879 -0.0075 -0.9961
vn -0.2585 -0.9565 0.1353
vn -0.0151 0.9996 -0.0238
vn -0.7832 -0.6177 0.0715
vn 0.1638 -0.0000 -0.9865
vn 0.1317 -0.0032 -0.9913
vn -0.1879 0.0089 -0.9821
vn -0.0375 0.0433 -0.9984
vn -0.0000 0.0181 -0.9998
vn -0.9930 -0.1078 -0.0486
vn -0.0454 -0.0892 -0.9950
vn -0.1406 -0.0000 -0.9901
vn -0.0000 0.0297 -0.9996
vn 0.0161 0.0192 -0.9997
vn -0.0000 -0.0381 -0.9993
vn -0.9846 0.0117 -0.1743
vn -0.0823 0.0121 0.9965
vn -0.0739 -0.0139 0.9972
vn -0.0760 -0.0133 0.9970
vn 0.0131 0.0877 0.9961
vn -0.0100 0.0809 0.9967
vn 0.0861 -0.0193 0.9961
vn 0.0869 0.0140 0.9961
vn 0.0254 -0.0610 0.9978
vn -0.0200 0.0386 0.9991
vn 0.0357 -0.0344 0.9988
vn 0.0337 0.0313 0.9989
vn -0.4759 -0.6230 -0.6207
vn -0.3901 -0.5862 0.7100
vn -0.8882 0.4572 0.0446
vn -0.2889 0.3268 -0.8998
vn 0.2891 0.3268 0.8998
vn -0.0071 0.0064 1.0000
vn -0.0596 -0.0238 0.9979
vn -0.0238 -0.0177 0.9996
vn 0.0150 0.0009 0.9999
vn 0.0146 -0.0017 0.9999
vn -0.0106 0.0044 0.9999
vn 0.0228 -0.0095 0.9997
vn 0.2585 -0.9565 0.1353
vn 0.9527 -0.2906 0.0889
vn 0.0002 -0.0031 1.0000
vn 0.0214 0.0138 0.9997
vn -0.0029 0.0181 0.9998
vn -0.0002 0.0031 1.0000
vn -0.0077 0.0059 1.0000
vn -0.0261 -0.0205 0.9994
vn 0.0027 -0.0286 0.9996
vn 0.4403 -0.8951 0.0710
vn 0.7482 0.6635 -0.0000
vn 0.0222 -0.9946 0.1015
vn -0.4332 -0.2812 -0.8563
vn -0.2686 0.7812 0.5635
vn -0.3342 -0.8413 0.4249
vn -0.9997 0.0082 -0.0230
vn -0.9991 0.0406 0.0083
vn -0.9980 -0.0634 0.0040
vn 0.1866 0.7962 -0.5755
vn -0.6455 0.4319 0.6299
vn 0.4258 -0.6122 -0.6662
vn -0.0117 -0.0593 -0.9982
vn -0.0081 -0.0172 -0.9998
vn 0.0872 0.9836 0.1580
vn 0.3685 0.0908 0.9252
vn -0.4425 -0.8513 -0.2817
vn 0.9103 0.1372 -0.3905
vn 0.9223 -0.3785 0.0784
vn 0.6676 0.1720 -0.7243
vn -0.2531 0.9336 -0.2537
vn -0.4618 -0.3745 -0.8040
vn -0.6251 -0.6432 -0.4423
vn -0.8333 0.0097 0.5527
vn 0.8629 0.3924 -0.3183
vn 0.9554 -0.2721 -0.1151
vn -0.9784 0.0310 -0.2043
vn -0.4290 -0.6490 0.6283
vn 0.6650 0.7000 0.2602
vn 0.7296 -0.0524 -0.6819
vn -0.3454 0.5811 -0.7369
vn -0.3791 0.1721 0.9092
vn 0.8925 -0.4488 -0.0442
vn -0.1720 0.6676 -0.7243
vn -0.9336 -0.2531 -0.2537
vn 0.3745 -0.4618 -0.8040
vn -0.4294 -0.2460 -0.8690
vn 0.6302 -0.6377 -0.4429
vn -0.3036 -0.0570 0.9511
vn 0.0731 0.9285 0.3641
vn 0.4201 -0.5810 0.6971
vn -0.7405 0.5037 0.4450
vn -0.5811 -0.3453 -0.7369
vn -0.1721 -0.3791 0.9092
vn 0.4488 0.8925 -0.0442
vn 0.9240 0.3823 -0.0013
vn 0.9334 0.3589 0.0003
vn 0.9096 0.4126 -0.0489
vn 0.9287 0.3709 0.0011
vn 0.9029 0.4296 -0.0147
vn 0.9276 0.3735 0.0066
vn 0.9239 0.3826 -0.0003
vn -0.6158 0.0442 -0.7866
vn -0.0097 -0.9986 -0.0514
vn 0.3934 0.8740 0.2853
vn 0.2460 -0.4294 -0.8690
vn 0.6377 0.6302 -0.4429
vn 0.0570 -0.3036 0.9511
vn -0.9285 0.0731 0.3641
vn 0.4186 0.6622 0.6215
vn -0.1222 -0.4304 0.8943
vn -0.7040 -0.4388 -0.5584
vn 0.8796 -0.4617 -0.1151
vn 0.2514 -0.1336 0.9586
vn -0.8925 0.4488 -0.0442
vn 0.8566 -0.5160 0.0018
vn 0.8658 -0.5003 -0.0013
vn 0.8529 -0.5220 0.0003
vn 0.8636 -0.5040 -0.0173
vn 0.7847 -0.5614 -0.2626
vn 0.8629 -0.5051 0.0167
vn 0.7759 -0.5737 0.2622
vn 0.8660 -0.5001 -0.0003
vn 0.8740 -0.3934 -0.2852
vn -0.2251 0.5956 0.7711
vn -0.9986 0.0096 0.0515
vn 0.7916 0.0359 0.6099
vn -0.2840 -0.0483 -0.9576
vn 0.6987 -0.6664 -0.2604
vn -0.2836 -0.1227 -0.9510
vn 0.0600 -0.2453 -0.9676
vn 0.3758 0.1595 0.9129
vn -0.1309 -0.9737 0.1866
vn 0.8549 -0.3656 -0.3681
vn 0.5844 0.4417 0.6807
vn 0.4889 -0.1823 -0.8531
vn 0.2798 -0.1159 -0.9530
vn -0.2718 0.1249 -0.9542
vn -0.0849 -0.2050 -0.9751
vn 0.7636 0.1924 -0.6163
vn -0.1248 0.9704 0.2066
vn 0.6045 0.1218 0.7872
vn 0.0375 0.0433 -0.9984
vn 0.0895 -0.0000 -0.9960
vn -0.9235 -0.3825 0.0286
vn -0.9408 -0.3389 -0.0000
vn 0.2675 0.2207 -0.9379
vn -0.5956 -0.2251 0.7711
vn 0.0225 -0.9997 0.0105
vn -0.6258 -0.6430 -0.4416
vn 0.9288 -0.0900 0.3595
vn 0.5426 0.6935 -0.4740
vn -0.0293 -0.8597 -0.5099
vn -0.0218 -0.6182 0.7857
vn -0.0161 0.0192 0.9997
vn -0.0000 -0.0593 0.9982
vn 0.0128 -0.0455 0.9989
vn -0.4360 0.3362 -0.8348
vn -0.5211 -0.2327 0.8212
vn 0.8877 -0.4497 -0.0988
vn -0.0000 0.0003 1.0000
vn -0.0116 -0.0002 0.9999
vn 0.0090 0.0011 1.0000
vn 0.0089 0.0004 1.0000
vn -0.9555 -0.1315 -0.2639
vn -0.2686 0.4881 0.8304
vn 0.5761 -0.0613 -0.8151
vn 0.8091 0.5800 -0.0951
vn 0.6963 -0.5968 -0.3988
vn -0.1011 -0.8359 0.5396
vn 0.5166 -0.1612 0.8409
vn -0.2004 0.8837 0.4231
vn 0.3090 -0.8098 -0.4987
vn 0.0643 0.0276 0.9975
vn -0.3734 0.7822 -0.4988
vn 0.0518 -0.9741 0.2199
vn -0.3726 -0.0886 0.9238
vn 0.4426 0.8513 -0.2817
vn 0.0084 -0.9985 -0.0534
vn -0.4881 -0.2686 0.8304
vn -0.2264 0.9503 0.2137
vn -0.8597 0.0293 -0.5099
vn 0.6258 0.6430 -0.4416
vn 0.8333 -0.0097 0.5527
vn -0.9288 0.0900 0.3595
vn -0.9846 0.0119 -0.1746
vn 0.5809 0.4200 0.6973
vn -0.5037 -0.7405 0.4450
vn -0.7296 0.0524 -0.6819
vn -0.9846 0.0117 -0.1744
vn 0.9836 -0.0000 0.1806
vn 0.5724 0.1348 -0.8088
vn -0.3706 0.3477 0.8613
vn -0.7780 -0.2772 -0.5638
vn -0.7393 -0.3582 -0.5702
vn -0.2502 -0.6580 0.7102
vn 0.9408 -0.3389 -0.0000
vn 0.9235 -0.3825 0.0286
vn -0.9983 -0.0440 0.0389
vn 0.3524 0.9210 0.1658
vn -0.3785 0.9125 0.1551
vn -0.9089 0.3903 0.1471
vn -0.9122 -0.3792 0.1551
vn -0.3906 -0.9086 0.1477
vn 0.3785 -0.9137 0.1479
vn 0.9138 -0.3785 0.1471
vn 0.8995 0.4006 0.1746
vn 0.3824 0.9232 0.0380
vn -0.4060 0.9119 0.0598
vn -0.9245 0.3780 0.0499
vn -0.9130 -0.4037 0.0587
vn -0.3823 -0.9229 0.0450
vn 0.3974 -0.9158 0.0586
vn 0.9232 -0.3824 0.0396
vn 0.9229 0.3823 0.0463
vn -0.0050 -0.0519 0.9986
vn -0.1411 -0.7340 0.6643
vn 0.4341 -0.8395 -0.3269
vn 0.6469 -0.2059 0.7343
vn 0.9622 0.2690 0.0425
vn 0.4918 0.8688 -0.0581
vn -0.8234 -0.5674 -0.0040
vn 0.8951 0.4403 0.0710
vn 0.9992 0.0142 -0.0386
vn 0.9954 0.0638 -0.0712
vn 0.9996 0.0172 -0.0236
vn 0.9864 -0.1048 -0.1269
vn 0.9938 -0.0632 -0.0919
vn 0.9997 0.0082 -0.0230
vn 0.9998 -0.0015 0.0191
vn -0.1839 -0.4440 -0.8770
vn -0.1839 -0.4440 0.8770
vn 0.1839 -0.4440 -0.8769
vn -0.2146 -0.5417 0.8127
vn 0.6008 -0.2225 0.7678
vn 0.8132 0.3493 0.4654
vn 0.3395 0.8196 0.4615
vn -0.3400 0.8210 0.4587
vn -0.8557 0.3544 0.3770
vn -0.8209 -0.3400 0.4587
vn 0.3382 -0.7735 0.5360
vn 0.4149 0.1719 0.8935
vn -0.4150 -0.1719 0.8935
vn -0.2816 -0.6071 0.7430
vn 0.1719 -0.4150 0.8935
vn 0.5783 -0.2396 0.7798
vn -0.3541 -0.9102 0.2149
vn -0.7983 -0.3301 0.5037
vn -0.7773 0.3409 0.5287
vn -0.3309 0.7979 0.5038
vn 0.3154 0.7854 0.5327
vn 0.8101 0.3072 0.4993
vn 0.8794 -0.3520 0.3206
vn 0.3464 -0.8110 0.4715
vn -0.8482 -0.4973 0.1820
vn 0.9170 -0.3990 -0.0000
vn -0.3648 -0.1511 -0.9188
vn -0.3383 -0.1436 0.9300
vn 0.1987 -0.9801 -0.0013
vn 0.3381 -0.1471 -0.9295
vn 0.2508 0.1039 0.9625
vn 0.2462 0.1002 -0.9640
vn -0.2462 0.1002 0.9640
vn -0.2508 0.1039 -0.9625
vn 0.3463 -0.8360 0.4257
vn 0.8135 -0.3369 0.4740
vn 0.8090 0.3568 0.4671
vn 0.3204 0.8256 0.4646
vn -0.3368 0.8116 0.4773
vn -0.7995 0.3565 0.4835
vn -0.8111 -0.3368 0.4782
vn -0.3456 -0.7750 0.5291
vn -0.9976 -0.0475 0.0495
vn 0.9995 -0.0215 0.0214
vn -0.9527 -0.2906 0.0889
vn -0.7482 0.6635 -0.0000
vn -0.0222 -0.9946 0.1015
vn 0.4330 -0.2500 -0.8660
vn -0.4330 0.2500 -0.8661
vn -0.2763 0.0257 0.9607
vn 0.4667 0.2155 -0.8577
vn -0.0467 0.5119 -0.8577
vn -0.0012 -1.0000 -0.0090
vn -0.8292 -0.5590 -0.0000
vn -0.2252 0.9739 0.0266
vn 0.8660 0.5000 -0.0000
vn 0.4492 -0.1797 0.8752
vn -0.4611 0.3546 0.8135
vn -0.2692 0.0387 -0.9623
vn 0.1841 0.8849 0.4279
vn -0.0655 0.9066 -0.4169
vn -0.8044 -0.4180 0.4221
vn 0.0565 -0.9055 0.4206
vn 0.8160 0.4000 -0.4172
vn -0.0033 0.9998 -0.0209
vn -0.8660 -0.5000 -0.0000
vn -0.0957 -0.9954 0.0094
vn 0.8415 0.5396 -0.0262
vn 0.6965 0.1631 -0.6987
vn -0.6078 -0.3772 -0.6988
vn -0.9349 -0.3515 -0.0488
vn -0.9237 -0.3830 -0.0013
vn -0.9189 -0.3944 0.0011
vn -0.9200 -0.3919 0.0066
vn -0.9422 -0.3347 -0.0147
vn -0.9138 -0.4062 0.0003
vn -0.9238 -0.3828 -0.0003
vn -0.6062 -0.3803 0.6984
vn 0.6976 0.1598 0.6984
vn 0.2512 0.5324 -0.8083
vn -0.5541 0.1989 -0.8084
vn 0.7926 -0.6097 -0.0090
vn -0.0501 -0.9987 -0.0000
vn -0.9182 0.3952 0.0290
vn 0.1305 0.9914 -0.0000
vn 0.3976 0.2459 0.8840
vn -0.6480 -0.2923 0.7033
vn -0.3959 -0.1640 -0.9035
vn 0.6940 0.1712 -0.6994
vn -0.6018 0.6793 0.4201
vn -0.7591 0.5000 -0.4169
vn -0.1581 -0.8927 0.4221
vn 0.7528 -0.5064 0.4206
vn 0.1794 0.8909 -0.4172
vn -0.7947 0.6069 -0.0149
vn -0.1305 -0.9914 -0.0000
vn 0.7224 -0.6914 0.0107
vn 0.0154 0.9995 -0.0271
vn 0.0888 0.1226 0.9885
vn 0.0883 -0.4922 -0.8660
vn -0.9586 0.2775 0.0646
vn 0.8241 -0.2779 -0.4936
vn -0.9968 -0.0078 -0.0802
vn 0.9961 -0.0370 0.0804
vn -0.9987 -0.0451 0.0249
vn 0.3041 -0.2566 0.9174
vn 0.9941 0.0078 0.1082
vn 0.4556 0.1379 -0.8795
vn -0.3316 0.2690 0.9043
vn -0.3447 -0.1868 -0.9200
vn 0.9992 0.0306 -0.0257
vn 0.7646 0.4666 0.4446
vn -0.7138 0.5070 0.4831
vn -0.0756 -0.6828 -0.7267
vn 0.8039 0.5488 0.2295
vn -0.7375 0.6648 0.1188
vn -0.0675 -0.9386 -0.3384
vn 0.3054 0.9334 -0.1886
vn -0.7980 0.5954 -0.0936
vn 0.8233 0.3877 -0.4146
vn -0.9985 0.0034 0.0549
vn -0.0689 -0.7546 0.6526
vn 0.1555 0.1011 0.9826
vn 0.6689 0.0531 -0.7415
vn -0.8049 0.0492 -0.5913
vn 0.8039 0.0702 0.5907
vn -0.0881 0.0057 -0.9961
vn -0.4725 -0.0961 0.8761
vn 0.1013 0.9331 -0.3449
vn 0.8084 -0.5495 0.2112
vn -0.8445 -0.4857 0.2257
vn 0.0708 0.3910 -0.9177
vn 0.7169 -0.1609 0.6783
vn -0.7880 -0.1677 0.5923
vn 0.1013 0.9331 0.3449
vn 0.8041 -0.5558 -0.2110
vn -0.8445 -0.4857 -0.2257
vn 0.0708 0.3911 0.9176
vn 0.9984 -0.0554 0.0109
vn -0.7881 -0.1678 -0.5923
vn -0.2922 0.0001 0.9563
vn 1.0000 -0.0008 -0.0002
vn -0.5059 -0.0012 -0.8626
vn 0.1013 -0.9331 0.3450
vn 0.8084 0.5495 -0.2112
vn -0.8445 0.4857 -0.2257
vn 0.0711 -0.3884 0.9188
vn 0.7200 0.1672 -0.6735
vn -0.7869 0.1632 -0.5952
vn 0.3810 -0.0114 -0.9245
vn 0.9997 0.0086 -0.0225
vn 0.4271 -0.0148 0.9041
vn -0.5270 0.0145 0.8498
vn 0.1013 -0.9331 -0.3450
vn 0.8041 0.5558 0.2110
vn -0.8445 0.4857 0.2257
vn 0.0852 -0.3229 -0.9426
vn 0.4739 0.3763 0.7961
vn -0.7801 0.1346 0.6110
vn -0.0846 0.0258 0.9961
vn 0.2565 -0.0807 -0.9632
vn 0.9155 -0.4024 -0.0000
vn -0.2579 0.0984 0.9611
vn 0.0506 0.2568 -0.9651
vn 0.3904 0.7688 -0.5066
vn -0.2565 -0.0807 0.9632
vn -0.2836 0.9570 -0.0612
vn -0.2708 -0.0343 -0.9620
vn 0.2753 -0.9614 -0.0000
vn -0.9111 -0.4119 0.0148
vn 0.7886 0.3013 0.5361
vn 0.3941 -0.7176 -0.5743
vn -0.3904 0.7688 -0.5066
vn 0.0266 -0.0362 -0.9990
vn -0.8633 -0.2921 0.4115
vn 0.8640 0.1933 0.4648
vn -0.5270 0.2339 -0.8170
vn -0.3223 0.4580 0.8285
vn -0.0404 -0.0131 -0.9991
vn 0.6518 -0.7545 -0.0769
vn -0.0832 0.7623 0.6418
vn -0.0099 0.0272 -0.9996
vn 0.1950 -0.9530 0.2320
vn 0.0397 -0.3076 0.9507
vn 0.2288 0.9355 0.2693
vn 0.0451 0.0271 -0.9986
vn -0.2404 -0.9707 -0.0000
vn -0.1188 -0.3057 0.9447
vn 0.5929 0.6641 -0.4554
vn -0.5131 -0.7586 -0.4015
vn 0.0418 -0.0137 0.9990
vn -0.2335 -0.8074 -0.5418
vn -0.9995 0.0226 -0.0232
vn -0.2628 0.8122 0.5209
vn 0.7540 0.5533 0.3541
vn 0.7974 -0.3467 -0.4940
vn 0.5593 -0.4174 -0.7162
vn 0.2633 0.8174 0.5124
vn -0.7487 0.5462 0.3757
vn -0.5506 -0.7409 -0.3845
vn -0.2528 -0.0003 -0.9675
vn -0.9982 -0.0595 0.0029
vn -0.2204 0.0630 0.9734
vn 0.8018 0.0311 0.5967
vn 0.7788 -0.0511 -0.6251
vn -0.7615 0.0527 0.6460
vn 0.3384 -0.0086 0.9409
vn 0.9999 0.0116 0.0011
vn 0.2978 -0.0156 -0.9545
vn -0.9647 -0.0581 -0.2570
vn -0.7071 0.6773 0.2031
vn 0.9953 0.0757 -0.0604
vn -0.5309 -0.8147 -0.2331
vn 0.0407 0.2364 0.9708
vn 0.6733 -0.2899 -0.6801
vn -0.4866 -0.2857 -0.8256
vn -0.0802 -0.0095 0.9967
vn 0.0803 -0.0272 -0.9964
vn 0.8832 0.3654 0.2941
vn 0.3296 0.8759 0.3524
vn -0.3431 0.8851 0.3143
vn -0.8757 0.3314 0.3512
vn -0.8598 -0.3887 0.3311
vn -0.3310 -0.8828 0.3334
vn 0.3653 -0.8826 0.2959
vn 0.8690 -0.3828 0.3136
vn -0.3787 -0.9142 0.1442
vn -0.9137 -0.3784 0.1483
vn -0.9137 0.3785 0.1483
vn -0.3421 0.9178 0.2016
vn 0.3787 0.9142 0.1442
vn 0.9165 0.3452 0.2019
vn 0.8926 -0.4035 0.2009
vn 0.3426 -0.9177 0.2009
vn -1.0000 -0.0000 0.0002
vn -0.3613 -0.9325 -0.0000
vn 0.1740 -0.0000 -0.9847
vn -0.8279 -0.5608 -0.0000
vn 0.8932 0.4496 -0.0000
vn -0.7938 0.6021 0.0856
vn 0.9146 -0.3950 -0.0870
vn 0.1795 0.2412 -0.9537
vn -0.0517 -0.1040 -0.9932
vn 0.8524 -0.5229 -0.0000
vn -0.0148 -0.1203 0.9926
vn -0.8705 0.4922 -0.0000
vn 0.7938 0.6021 0.0856
vn -0.0147 0.1196 -0.9927
vn -0.9146 -0.3950 -0.0870
vn -0.1795 -0.2412 0.9537
vn 0.4451 -0.8955 0.0016
vn 0.0517 -0.1040 0.9932
vn 0.9026 0.4105 -0.1299
vn -0.4451 -0.8955 0.0016
vn -0.0145 -0.1183 0.9929
vn 1.0000 -0.0061 -0.0035
vn 0.9950 -0.0866 -0.0498
vn 0.0517 -0.1040 -0.9932
vn -0.8004 -0.5855 0.1286
vn 0.6293 -0.4174 0.6556
vn 0.5151 -0.4114 -0.7520
vn 0.6293 0.4174 -0.6556
vn -0.6293 0.4173 -0.6556
vn -0.5151 -0.4114 0.7520
vn -0.6293 -0.4174 -0.6556
vn 0.1062 0.9505 0.2921
vn 0.2673 0.1815 -0.9464
vn 0.2443 0.2054 0.9477
vn -0.2673 0.1815 -0.9464
vn -0.2673 0.1815 0.9464
vn -0.0846 0.9891 0.1205
vn 0.0637 0.9938 -0.0907
vn 0.0257 0.9952 0.0944
vn -0.0384 0.9993 -0.0000
vn 0.0342 0.9666 -0.2539
vn -0.6745 0.1285 -0.7271
vn 0.6910 0.1134 -0.7139
vn -0.6910 0.1134 0.7139
vn 0.6745 0.1285 0.7270
vn 0.7784 0.1380 -0.6124
vn -0.7608 0.1223 -0.6374
vn 0.7608 0.1223 0.6374
vn -0.7784 0.1380 0.6124
vn 0.8327 0.1302 -0.5383
vn -0.8319 0.1119 -0.5436
vn 0.8319 0.1119 0.5436
vn -0.8327 0.1302 0.5383
vn 0.9859 0.1673 -0.0033
vn 0.9837 0.1797 -0.0000
vn 0.9859 0.1673 0.0033
vn -0.9859 0.1673 0.0033
vn -0.9837 0.1797 -0.0000
vn -0.9859 0.1673 -0.0033
vn -0.0735 0.5921 -0.8025
vn -0.0699 0.5995 0.7973
vn 0.6561 0.0839 -0.7500
vn 0.5596 -0.0189 0.8285
vn 0.0735 0.5921 0.8025
vn 0.0699 0.5995 -0.7973
vn -0.6561 0.0839 0.7500
vn -0.5596 -0.0189 -0.8285
vn -0.7253 0.0225 0.6881
vn 0.7253 0.0225 0.6881
vn 0.7253 0.0225 -0.6881
vn -0.7253 0.0225 -0.6881
vn 0.9999 -0.0143 0.0085
vn 0.9939 -0.0622 -0.0909
vn -0.0000 0.9908 0.1354
vn -0.9220 0.3871 -0.0000
vn -0.0000 -0.0002 -1.0000
vn -0.0030 -0.0000 -1.0000
vn 0.0074 0.0169 -0.9998
vn 0.0092 -0.0031 -1.0000
vn 0.0435 0.9454 -0.3231
vn 0.3114 -0.7956 0.5197
vn -0.0000 0.0060 -1.0000
vn -0.8660 0.0060 -0.5000
vn -0.8660 0.0060 0.5000
vn -0.0000 0.0060 1.0000
vn 0.8660 0.0060 0.5000
vn 0.8660 0.0060 -0.5000
vn 0.8081 -0.3595 -0.4666
vn 0.8594 -0.3364 0.3850
vn -0.0155 0.0593 0.9981
vn -0.0079 -0.0000 1.0000
vn -0.0000 0.0002 1.0000
vn -0.0128 0.7604 -0.6493
vn -0.0000 0.8660 0.5000
vn 0.0060 -0.9161 0.4009
vn -0.0000 -0.8987 -0.4386
vn 0.3114 -0.7955 0.5198
vn -0.0000 0.0044 -1.0000
vn -0.8660 0.0044 -0.5000
vn -0.8660 0.0044 0.5000
vn -0.0000 0.0044 1.0000
vn 0.8660 0.0044 0.5000
vn 0.8660 0.0044 -0.5000
vn 0.8595 -0.3364 0.3849
vn -0.1155 -0.0589 -0.9916
vn -0.1155 0.8292 -0.5468
vn -0.1155 0.8882 0.4447
vn -0.1155 0.0589 0.9916
vn -0.1155 -0.8292 0.5468
vn -0.1155 -0.8882 -0.4447
vn -0.8660 0.0035 0.5000
vn 0.8660 -0.0000 0.5000
vn 0.0056 0.8930 -0.4499
vn 0.0116 0.8340 0.5517
vn 0.0090 -0.8660 0.5000
vn 0.0116 -0.8344 -0.5511
vn -0.3114 0.7956 0.5197
vn 0.8660 -0.0033 0.5000
vn -0.8660 -0.0000 0.5000
vn -0.8081 0.3595 -0.4666
vn -0.8594 0.3364 0.3850
vn -0.0000 -0.0040 -1.0000
vn 0.8660 -0.0040 -0.5000
vn 0.8660 -0.0040 0.5000
vn -0.0000 -0.0040 1.0000
vn -0.8660 -0.0040 0.5000
vn -0.8675 -0.0059 -0.4974
vn 0.8660 -0.0029 0.5000
vn -0.0283 0.7682 -0.6396
vn -0.0079 0.8660 0.5000
vn 0.0056 -0.9162 0.4007
vn -0.0088 -0.9001 -0.4355
vn 0.0758 -0.8916 0.4465
vn 0.0758 -0.0592 0.9954
vn 0.0758 0.8324 0.5489
vn 0.0758 0.8916 -0.4465
vn 0.0758 0.0592 -0.9954
vn 0.0758 -0.8324 -0.5489
vn -0.0492 -0.8344 0.5489
vn -0.0433 0.0582 0.9974
vn -0.0981 0.8894 0.4466
vn -0.1051 0.8308 -0.5465
vn -0.0433 -0.0582 -0.9974
vn -0.1051 -0.8887 -0.4462
vn 0.0150 -0.8659 0.4999
vn 0.0196 0.8335 0.5521
vn 0.0092 0.8933 -0.4494
vn 0.0194 -0.8341 -0.5513
vn -0.0954 0.8321 -0.5464
vn -0.0887 0.8898 0.4477
vn -0.0389 0.0574 0.9976
vn -0.0445 -0.8350 0.5484
vn -0.0954 -0.8892 -0.4474
vn -0.0389 -0.0574 -0.9976
vn -0.0425 0.7752 -0.6303
vn -0.0126 0.8660 0.5000
vn 0.0083 -0.9157 0.4018
vn -0.0141 -0.9010 -0.4336
vn 0.8355 0.0238 -0.5489
vn 0.8931 0.0111 0.4498
vn -0.8337 0.0238 0.5517
vn -0.8932 0.0238 -0.4491
vn 0.8897 -0.0908 -0.4474
vn 0.8318 -0.0976 0.5465
vn -0.0576 -0.0399 0.9975
vn -0.8906 -0.0953 0.4446
vn -0.8663 -0.0480 -0.4972
vn 0.0564 -0.0910 -0.9943
vn -0.8315 0.0996 0.5465
vn 0.0578 0.0408 0.9975
vn 0.8896 0.0928 0.4472
vn 0.8321 0.0928 -0.5469
vn -0.0576 0.0928 -0.9940
vn -0.8896 0.0927 -0.4472
vn -0.8930 -0.0176 0.4497
vn 0.8333 -0.0392 0.5514
vn 0.8928 -0.0392 -0.4488
vn -0.8350 -0.0392 -0.5488
vn -0.8942 -0.0160 0.4474
vn 0.0596 -0.0337 -0.9977
vn 0.0038 -0.0182 -0.9998
vn 0.0116 0.0199 -0.9997
vn 0.0150 -0.0026 -0.9999
vn 0.8342 -0.0345 0.5504
vn 0.8938 -0.0345 -0.4472
vn -0.8342 -0.0345 -0.5504
vn -0.8285 0.1217 0.5467
vn 0.0592 0.1217 0.9908
vn 0.8876 0.1217 0.4441
vn 0.8285 0.1217 -0.5467
vn -0.0592 0.1217 -0.9908
vn -0.8877 0.1217 -0.4441
vt 0.875000 0.625000
vt 0.625000 0.875000
vt 0.125000 0.625000
vt 0.375000 0.375000
vt 0.125000 0.875000
vt 0.125000 0.375000
vt 0.375000 0.875000
vt 0.875000 0.875000
s 0
usemtl ruins_ch_false_voice
f 1/1/1 4/1/1 2/1/1
f 5/1/2 4/1/2 3/1/2
f 4/1/3 8/1/3 2/1/3
f 7/1/4 3/1/4 1/1/4
f 1161/1/5 1163/1/5 1160/1/5
f 85/2/6 83/2/6 81/2/6
f 88/2/7 86/2/7 82/2/7
f 17/1/8 9/1/8 15/1/8
f 19/1/9 16/1/9 10/1/9
f 55/2/10 58/2/10 57/2/10
f 71/2/11 69/2/11 63/2/11
f 65/2/12 73/2/12 72/2/12
f 30/1/2 28/1/2 27/1/2
f 34/1/2 31/1/2 32/1/2
f 66/2/13 76/2/13 75/2/13
f 62/2/14 60/2/14 56/2/14
f 80/2/15 78/2/15 67/2/15
f 64/1/16 68/1/16 26/1/16
f 28/1/17 24/1/17 14/1/17
f 30/1/18 12/1/18 22/1/18
f 31/1/18 23/1/18 11/1/18
f 34/1/17 13/1/17 25/1/17
f 39/1/19 35/1/19 40/1/19
f 39/1/20 36/1/20 37/1/20
f 48/2/21 42/2/21 41/2/21
f 49/2/22 43/2/22 42/2/22
f 50/2/5 44/2/5 43/2/5
f 51/2/23 45/2/23 44/2/23
f 52/2/24 46/2/24 45/2/24
f 46/2/25 53/2/25 47/2/25
f 54/2/26 41/2/26 47/2/26
f 64/1/27 59/1/27 21/1/27
f 52/2/28 51/2/28 54/2/28
f 613/3/29 670/3/29 849/3/29
f 70/1/30 64/1/30 22/1/30
f 130/1/31 132/1/31 128/1/31
f 198/1/32 264/1/32 253/1/32
f 20/1/33 84/1/33 14/1/33
f 18/1/34 87/1/34 11/1/34
f 90/1/35 37/1/35 36/1/35
f 35/1/36 92/1/36 89/1/36
f 93/1/37 96/1/37 95/1/37
f 96/1/2 1182/1/2 95/1/2
f 99/1/38 96/1/38 94/1/38
f 98/1/39 95/1/39 1182/1/39
f 1165/1/5 1167/1/5 1164/1/5
f 173/2/40 175/2/40 179/2/40
f 176/2/41 178/2/41 180/2/41
f 100/1/8 108/1/8 106/1/8
f 107/1/9 110/1/9 101/1/9
f 616/3/42 798/3/42 821/3/42
f 154/2/43 149/2/43 150/2/43
f 157/2/13 159/2/13 167/2/13
f 168/2/44 169/2/44 161/2/44
f 121/1/2 123/1/2 120/1/2
f 124/1/2 127/1/2 125/1/2
f 170/2/45 171/2/45 163/2/45
f 156/2/46 153/2/46 155/2/46
f 164/2/12 166/2/12 172/2/12
f 119/1/47 113/1/47 118/1/47
f 116/1/18 121/1/18 105/1/18
f 103/1/17 123/1/17 114/1/17
f 115/1/17 124/1/17 102/1/17
f 104/1/18 127/1/18 117/1/18
f 131/1/48 132/1/48 133/1/48
f 131/1/28 133/1/28 129/1/28
f 129/1/49 132/1/49 130/1/49
f 135/2/50 141/2/50 134/2/50
f 136/2/23 142/2/23 135/2/23
f 137/2/51 143/2/51 136/2/51
f 137/2/52 144/2/52 143/2/52
f 139/2/21 144/2/21 138/2/21
f 139/2/53 146/2/53 145/2/53
f 134/2/25 147/2/25 140/2/25
f 1039/1/54 1044/1/54 1037/1/54
f 144/2/28 146/2/28 141/2/28
f 56/1/55 60/1/55 15/1/55
f 113/1/56 150/1/56 149/1/56
f 118/1/57 152/1/57 119/1/57
f 152/1/58 156/1/58 151/1/58
f 1125/4/28 1124/4/28 1123/4/28
f 1031/1/59 1032/1/59 1024/1/59
f 651/4/31 650/4/31 642/4/31
f 692/1/60 684/1/60 852/1/60
f 112/1/61 161/1/61 169/1/61
f 118/1/62 163/1/62 171/1/62
f 111/1/63 174/1/63 173/1/63
f 110/1/64 179/1/64 175/1/64
f 108/1/65 176/1/65 180/1/65
f 130/1/66 182/1/66 129/1/66
f 184/1/67 131/1/67 181/1/67
f 185/1/1 188/1/1 186/1/1
f 189/1/2 188/1/2 187/1/2
f 188/1/3 192/1/3 186/1/3
f 191/1/4 187/1/4 185/1/4
f 1169/1/5 1171/1/5 1168/1/5
f 272/2/6 270/2/6 268/2/6
f 275/2/68 273/2/68 269/2/68
f 201/1/8 193/1/8 199/1/8
f 203/1/9 200/1/9 194/1/9
f 240/2/69 245/2/69 244/2/69
f 258/2/11 256/2/11 250/2/11
f 252/2/12 260/2/12 259/2/12
f 214/1/2 212/1/2 211/1/2
f 218/1/2 215/1/2 216/1/2
f 253/2/13 263/2/13 262/2/13
f 249/2/70 247/2/70 242/2/70
f 267/2/15 265/2/15 254/2/15
f 251/1/16 255/1/16 210/1/16
f 198/1/17 213/1/17 208/1/17
f 214/1/18 196/1/18 206/1/18
f 215/1/18 207/1/18 195/1/18
f 218/1/17 197/1/17 209/1/17
f 224/1/71 222/1/71 225/1/71
f 222/1/72 223/1/72 219/1/72
f 224/1/20 220/1/20 221/1/20
f 233/2/21 227/2/21 226/2/21
f 234/2/22 228/2/22 227/2/22
f 235/2/5 229/2/5 228/2/5
f 229/2/73 236/2/73 230/2/73
f 237/2/74 231/2/74 230/2/74
f 238/2/2 232/2/2 231/2/2
f 239/2/53 226/2/53 232/2/53
f 907/5/75 913/5/75 908/5/75
f 25/1/76 68/1/76 21/1/76
f 881/1/31 880/1/31 876/1/31
f 116/1/77 118/1/77 113/1/77
f 241/1/78 205/1/78 251/1/78
f 206/1/79 251/1/79 210/1/79
f 209/1/80 255/1/80 205/1/80
f 254/1/81 197/1/81 201/1/81
f 196/1/82 257/1/82 206/1/82
f 468/5/83 465/5/83 466/5/83
f 193/1/84 240/1/84 244/1/84
f 115/1/85 112/1/85 119/1/85
f 266/1/86 255/1/86 209/1/86
f 204/1/33 271/1/33 198/1/33
f 530/5/87 531/5/87 532/5/87
f 275/1/88 201/1/88 197/1/88
f 277/1/89 221/1/89 220/1/89
f 219/1/90 279/1/90 276/1/90
f 280/1/37 283/1/37 282/1/37
f 283/1/2 1191/1/2 282/1/2
f 286/1/38 283/1/38 281/1/38
f 285/1/39 282/1/39 1191/1/39
f 1173/1/5 1175/1/5 1172/1/5
f 362/2/40 364/2/40 368/2/40
f 365/2/41 367/2/41 369/2/41
f 287/1/8 295/1/8 293/1/8
f 294/1/9 297/1/9 288/1/9
f 342/2/91 343/2/91 338/2/91
f 346/2/13 348/2/13 356/2/13
f 357/2/44 358/2/44 350/2/44
f 308/1/2 310/1/2 307/1/2
f 311/1/2 314/1/2 312/1/2
f 359/2/45 360/2/45 352/2/45
f 339/2/69 345/2/69 344/2/69
f 353/2/12 355/2/12 361/2/12
f 306/1/92 300/1/92 305/1/92
f 292/1/18 309/1/18 308/1/18
f 290/1/17 310/1/17 301/1/17
f 302/1/17 311/1/17 289/1/17
f 291/1/18 314/1/18 304/1/18
f 319/1/93 320/1/93 321/1/93
f 316/1/94 319/1/94 315/1/94
f 317/1/49 320/1/49 318/1/49
f 303/1/95 305/1/95 300/1/95
f 323/2/50 329/2/50 322/2/50
f 324/2/23 330/2/23 323/2/23
f 325/2/51 331/2/51 324/2/51
f 325/2/52 332/2/52 331/2/52
f 327/2/21 332/2/21 326/2/21
f 327/2/53 334/2/53 333/2/53
f 322/2/25 335/2/25 328/2/25
f 41/2/31 43/2/31 45/2/31
f 329/2/28 331/2/28 332/2/28
f 102/1/28 124/1/28 125/1/28
f 299/1/96 337/1/96 300/1/96
f 337/1/97 338/1/97 343/1/97
f 341/1/98 344/1/98 345/1/98
f 88/1/99 82/1/99 17/1/99
f 366/1/100 296/1/100 289/1/100
f 569/5/101 570/5/101 568/5/101
f 299/1/102 350/1/102 358/1/102
f 305/1/103 352/1/103 360/1/103
f 298/1/63 363/1/63 362/1/63
f 665/5/104 666/5/104 667/5/104
f 318/1/105 371/1/105 317/1/105
f 373/1/106 315/1/106 370/1/106
f 377/1/107 375/1/107 378/1/107
f 375/1/108 376/1/108 374/1/108
f 408/5/109 409/5/109 410/5/109
f 380/1/110 377/1/110 378/1/110
f 374/1/111 382/1/111 379/1/111
f 383/5/112 387/5/112 386/5/112
f 384/5/113 387/5/113 383/5/113
f 384/5/114 389/5/114 388/5/114
f 385/5/115 386/5/115 389/5/115
f 76/1/116 26/1/116 62/1/116
f 390/5/117 395/5/117 394/5/117
f 392/5/118 396/5/118 395/5/118
f 393/5/119 396/5/119 392/5/119
f 847/3/120 672/3/120 615/3/120
f 397/5/121 401/5/121 400/5/121
f 399/5/122 403/5/122 398/5/122
f 399/5/123 401/5/123 403/5/123
f 322/2/31 328/2/31 325/2/31
f 405/5/124 410/5/124 409/5/124
f 406/5/125 410/5/125 405/5/125
f 407/5/126 410/5/126 406/5/126
f 411/5/127 412/5/127 416/5/127
f 414/5/128 418/5/128 413/5/128
f 414/5/129 415/5/129 418/5/129
f 396/5/130 394/5/130 395/5/130
f 419/5/131 424/5/131 423/5/131
f 420/5/132 424/5/132 419/5/132
f 421/5/133 426/5/133 425/5/133
f 422/5/134 426/5/134 421/5/134
f 427/5/135 430/5/135 429/5/135
f 428/5/136 431/5/136 427/5/136
f 428/5/137 430/5/137 432/5/137
f 453/5/138 449/5/138 454/5/138
f 434/5/139 439/5/139 438/5/139
f 435/5/140 439/5/140 434/5/140
f 436/5/141 439/5/141 435/5/141
f 423/5/142 425/5/142 426/5/142
f 440/5/143 444/5/143 443/5/143
f 441/5/144 446/5/144 445/5/144
f 442/5/145 446/5/145 441/5/145
f 443/5/146 444/5/146 447/5/146
f 448/5/147 453/5/147 452/5/147
f 449/5/148 453/5/148 448/5/148
f 451/5/149 454/5/149 450/5/149
f 448/5/150 452/5/150 451/5/150
f 617/3/151 674/3/151 845/3/151
f 455/5/152 458/5/152 457/5/152
f 456/5/153 459/5/153 455/5/153
f 456/5/154 458/5/154 460/5/154
f 953/5/155 947/5/155 946/5/155
f 462/5/156 467/5/156 466/5/156
f 463/5/157 467/5/157 462/5/157
f 465/5/158 468/5/158 464/5/158
f 475/5/159 476/5/159 473/5/159
f 14/1/32 77/1/32 66/1/32
f 469/5/160 473/5/160 472/5/160
f 470/5/161 475/5/161 474/5/161
f 471/5/162 475/5/162 470/5/162
f 472/5/163 473/5/163 476/5/163
f 688/1/164 680/1/164 848/1/164
f 477/5/165 478/5/165 481/5/165
f 480/5/166 483/5/166 479/5/166
f 477/5/167 483/5/167 480/5/167
f 484/5/168 488/5/168 487/5/168
f 486/5/169 488/5/169 489/5/169
f 917/5/170 911/5/170 910/5/170
f 484/5/171 485/5/171 489/5/171
f 490/5/172 491/5/172 495/5/172
f 492/5/173 493/5/173 496/5/173
f 490/5/174 495/5/174 494/5/174
f 523/5/109 524/5/109 525/5/109
f 499/5/175 503/5/175 502/5/175
f 500/5/113 503/5/113 499/5/113
f 500/5/176 501/5/176 504/5/176
f 222/1/28 219/1/28 220/1/28
f 505/5/177 509/5/177 508/5/177
f 505/5/178 510/5/178 509/5/178
f 505/5/179 506/5/179 510/5/179
f 137/2/31 136/2/31 135/2/31
f 511/5/130 509/5/130 510/5/130
f 1029/1/180 1034/1/180 1026/1/180
f 512/5/181 516/5/181 515/5/181
f 514/5/182 518/5/182 513/5/182
f 514/5/123 516/5/123 518/5/123
f 202/1/183 273/1/183 274/1/183
f 625/3/184 800/3/184 799/3/184
f 520/5/185 523/5/185 519/5/185
f 520/5/186 521/5/186 524/5/186
f 519/5/187 523/5/187 522/5/187
f 526/5/188 530/5/188 529/5/188
f 526/5/189 531/5/189 530/5/189
f 528/5/128 532/5/128 527/5/128
f 528/5/190 533/5/190 532/5/190
f 495/5/191 496/5/191 497/5/191
f 272/1/192 203/1/192 196/1/192
f 534/5/193 539/5/193 538/5/193
f 535/5/132 539/5/132 534/5/132
f 536/5/133 541/5/133 540/5/133
f 537/5/134 541/5/134 536/5/134
f 538/5/142 540/5/142 541/5/142
f 542/5/194 545/5/194 544/5/194
f 542/5/195 547/5/195 546/5/195
f 543/5/196 545/5/196 547/5/196
f 548/5/197 553/5/197 552/5/197
f 550/5/198 554/5/198 549/5/198
f 551/5/199 554/5/199 550/5/199
f 554/5/200 552/5/200 553/5/200
f 555/5/201 559/5/201 558/5/201
f 557/5/202 559/5/202 561/5/202
f 562/5/203 563/5/203 568/5/203
f 564/5/204 565/5/204 569/5/204
f 566/5/205 567/5/205 570/5/205
f 571/5/206 575/5/206 574/5/206
f 573/5/207 577/5/207 572/5/207
f 573/5/208 575/5/208 577/5/208
f 578/5/209 579/5/209 582/5/209
f 581/5/210 584/5/210 580/5/210
f 578/5/211 582/5/211 581/5/211
f 584/5/212 582/5/212 583/5/212
f 585/5/213 589/5/213 588/5/213
f 585/5/214 590/5/214 589/5/214
f 587/5/215 591/5/215 586/5/215
f 587/5/216 592/5/216 591/5/216
f 588/5/217 589/5/217 592/5/217
f 302/1/218 299/1/218 306/1/218
f 115/1/219 102/1/219 161/1/219
f 593/5/220 598/5/220 597/5/220
f 594/5/221 598/5/221 593/5/221
f 594/5/222 599/5/222 598/5/222
f 596/5/223 599/5/223 595/5/223
f 597/5/224 598/5/224 599/5/224
f 600/5/168 604/5/168 603/5/168
f 602/5/169 604/5/169 605/5/169
f 79/1/219 25/1/219 13/1/219
f 353/1/225 361/1/225 291/1/225
f 604/5/226 600/5/226 605/5/226
f 607/5/227 611/5/227 610/5/227
f 607/5/228 608/5/228 611/5/228
f 606/5/229 612/5/229 609/5/229
f 610/5/191 611/5/191 612/5/191
f 791/3/230 621/3/230 790/3/230
f 791/3/231 623/3/231 622/3/231
f 792/3/42 624/3/42 623/3/42
f 626/3/232 617/3/232 618/3/232
f 626/3/233 619/3/233 627/3/233
f 801/3/234 814/3/234 627/3/234
f 790/3/155 628/3/155 789/3/155
f 148/1/235 100/1/235 101/1/235
f 319/1/28 321/1/28 317/1/28
f 1473/1/5 1477/1/5 1472/1/5
f 767/6/236 630/6/236 629/6/236
f 767/6/237 842/6/237 631/6/237
f 768/6/238 843/6/238 842/6/238
f 769/6/239 844/6/239 843/6/239
f 770/6/240 840/6/240 844/6/240
f 772/6/241 840/6/241 771/6/241
f 766/6/242 841/6/242 772/6/242
f 629/6/243 632/6/243 766/6/243
f 691/1/244 683/1/244 846/1/244
f 1396/3/2 1397/3/2 1394/3/2
f 639/4/31 647/4/31 646/4/31
f 644/3/245 652/3/245 659/3/245
f 646/3/246 652/3/246 645/3/246
f 647/3/247 653/3/247 646/3/247
f 648/3/248 654/3/248 647/3/248
f 648/3/249 656/3/249 655/3/249
f 650/3/250 656/3/250 649/3/250
f 650/3/251 658/3/251 657/3/251
f 651/3/252 659/3/252 658/3/252
f 303/1/253 352/1/253 305/1/253
f 656/3/254 662/3/254 655/3/254
f 85/1/192 81/1/192 19/1/192
f 663/3/255 667/3/255 662/3/255
f 663/3/256 669/3/256 668/3/256
f 664/3/257 669/3/257 663/3/257
f 664/3/258 665/3/258 669/3/258
f 851/3/259 676/3/259 619/3/259
f 438/5/200 439/5/200 437/5/200
f 616/3/260 672/3/260 673/3/260
f 617/3/261 673/3/261 674/3/261
f 687/1/262 679/1/262 850/1/262
f 619/3/263 677/3/263 620/3/263
f 620/3/264 670/3/264 613/3/264
f 849/1/230 679/1/230 671/1/230
f 853/4/265 856/4/265 854/4/265
f 857/4/266 856/4/266 858/4/266
f 857/4/267 860/4/267 859/4/267
f 845/1/232 683/1/232 675/1/232
f 863/4/268 866/4/268 864/4/268
f 864/4/269 868/4/269 867/4/269
f 869/4/270 868/4/270 870/4/270
f 695/2/231 721/2/231 720/2/231
f 680/1/271 689/1/271 681/1/271
f 682/1/272 689/1/272 690/1/272
f 162/1/273 111/1/273 155/1/273
f 684/1/274 693/1/274 685/1/274
f 678/1/275 693/1/275 686/1/275
f 734/5/230 737/5/230 735/5/230
f 738/5/231 741/5/231 739/5/231
f 742/5/42 745/5/42 743/5/42
f 746/5/276 749/5/276 747/5/276
f 750/5/232 753/5/232 751/5/232
f 754/5/233 757/5/233 755/5/233
f 758/5/277 761/5/277 759/5/277
f 762/5/155 765/5/155 763/5/155
f 1196/6/278 1131/6/278 1195/6/278
f 1194/6/279 1131/6/279 1133/6/279
f 1194/6/280 1135/6/280 1193/6/280
f 1193/6/281 1137/6/281 1200/6/281
f 1200/6/282 1139/6/282 1199/6/282
f 1199/6/283 1141/6/283 1198/6/283
f 1197/6/284 1141/6/284 1143/6/284
f 1196/6/285 1143/6/285 1130/6/285
f 1131/5/286 1144/5/286 1145/5/286
f 1131/5/287 1146/5/287 1133/5/287
f 1135/5/288 1146/5/288 1147/5/288
f 1135/5/289 1148/5/289 1137/5/289
f 1137/5/290 1149/5/290 1139/5/290
f 1139/5/291 1150/5/291 1141/5/291
f 1143/5/292 1150/5/292 1151/5/292
f 1143/5/293 1144/5/293 1130/5/293
f 103/1/32 158/1/32 157/1/32
f 1147/5/28 1154/5/28 1155/5/28
f 1151/5/28 1150/5/28 1159/5/28
f 1153/5/294 1120/5/294 1121/5/294
f 1153/5/295 1122/5/295 1154/5/295
f 1154/5/296 1123/5/296 1155/5/296
f 1156/5/297 1123/5/297 1124/5/297
f 1157/5/298 1124/5/298 1125/5/298
f 1157/5/299 1126/5/299 1158/5/299
f 1158/5/300 1127/5/300 1159/5/300
f 1152/5/301 1127/5/301 1120/5/301
f 688/2/42 696/2/42 706/2/42
f 689/2/42 709/2/42 697/2/42
f 691/2/232 710/2/232 711/2/232
f 700/2/277 716/2/277 692/2/277
f 727/2/233 729/2/233 692/2/233
f 697/2/276 725/2/276 724/2/276
f 701/2/155 730/2/155 693/2/155
f 686/2/155 733/2/155 694/2/155
f 702/2/302 735/2/302 703/2/302
f 702/2/303 736/2/303 734/2/303
f 704/2/304 737/2/304 736/2/304
f 703/2/305 737/2/305 705/2/305
f 719/2/306 738/2/306 739/2/306
f 718/2/307 740/2/307 738/2/307
f 721/2/308 740/2/308 720/2/308
f 719/2/309 741/2/309 721/2/309
f 707/2/310 742/2/310 743/2/310
f 708/2/311 742/2/311 706/2/311
f 708/2/312 745/2/312 744/2/312
f 707/2/313 745/2/313 709/2/313
f 723/2/314 746/2/314 747/2/314
f 724/2/315 746/2/315 722/2/315
f 725/2/316 748/2/316 724/2/316
f 723/2/317 749/2/317 725/2/317
f 710/2/318 751/2/318 711/2/318
f 710/2/319 752/2/319 750/2/319
f 712/2/320 753/2/320 752/2/320
f 711/2/321 753/2/321 713/2/321
f 727/2/322 754/2/322 755/2/322
f 726/2/323 756/2/323 754/2/323
f 729/2/324 756/2/324 728/2/324
f 727/2/325 757/2/325 729/2/325
f 714/2/326 759/2/326 715/2/326
f 716/2/327 758/2/327 714/2/327
f 717/2/328 760/2/328 716/2/328
f 717/2/329 759/2/329 761/2/329
f 731/2/330 762/2/330 763/2/330
f 730/2/331 764/2/331 762/2/331
f 733/2/332 764/2/332 732/2/332
f 733/2/333 763/2/333 765/2/333
f 774/7/334 788/7/334 773/7/334
f 779/7/335 787/7/335 785/7/335
f 780/7/336 775/7/336 774/7/336
f 781/7/337 776/7/337 775/7/337
f 782/7/338 777/7/338 776/7/338
f 783/7/339 778/7/339 777/7/339
f 784/7/340 785/7/340 778/7/340
f 773/7/341 779/7/341 786/7/341
f 628/3/342 780/3/342 773/3/342
f 621/3/343 781/3/343 780/3/343
f 623/3/344 781/3/344 622/3/344
f 624/3/345 782/3/345 623/3/345
f 625/3/346 783/3/346 624/3/346
f 626/3/347 784/3/347 625/3/347
f 626/3/348 786/3/348 785/3/348
f 627/3/349 773/3/349 786/3/349
f 778/7/350 771/7/350 770/7/350
f 778/7/351 769/7/351 777/7/351
f 776/7/352 769/7/352 768/7/352
f 776/7/353 767/7/353 775/7/353
f 775/7/354 629/7/354 774/7/354
f 788/7/355 629/7/355 766/7/355
f 788/7/356 772/7/356 779/7/356
f 779/7/357 771/7/357 787/7/357
f 803/6/155 805/6/155 802/6/155
f 806/6/230 804/6/230 803/6/230
f 808/6/231 807/6/231 806/6/231
f 810/6/42 809/6/42 808/6/42
f 812/6/358 811/6/358 810/6/358
f 826/5/359 828/5/359 825/5/359
f 829/5/230 828/5/230 827/5/230
f 831/5/231 830/5/231 829/5/231
f 833/5/360 832/5/360 831/5/360
f 813/6/361 805/6/361 814/6/361
f 795/6/362 802/6/362 794/6/362
f 789/6/363 804/6/363 790/6/363
f 795/6/364 806/6/364 803/6/364
f 790/6/365 807/6/365 791/6/365
f 797/6/366 806/6/366 796/6/366
f 792/6/367 807/6/367 809/6/367
f 798/6/368 808/6/368 797/6/368
f 792/6/369 811/6/369 793/6/369
f 798/6/370 812/6/370 810/6/370
f 799/6/371 800/6/371 812/6/371
f 794/6/372 813/6/372 801/6/372
f 789/6/373 814/6/373 805/6/373
f 816/3/231 796/3/231 818/3/231
f 818/3/230 795/3/230 820/3/230
f 824/3/155 823/3/155 794/3/155
f 614/3/230 819/3/230 613/3/230
f 615/3/231 817/3/231 614/3/231
f 823/2/374 826/2/374 825/2/374
f 824/2/375 827/2/375 826/2/375
f 823/2/376 828/2/376 820/2/376
f 819/2/377 829/2/377 827/2/377
f 820/2/378 830/2/378 818/2/378
f 815/2/379 829/2/379 817/2/379
f 816/2/380 830/2/380 832/2/380
f 821/2/381 831/2/381 815/2/381
f 822/2/382 833/2/382 821/2/382
f 822/2/383 832/2/383 834/2/383
f 840/6/384 635/6/384 835/6/384
f 841/6/385 836/6/385 635/6/385
f 630/6/386 836/6/386 632/6/386
f 631/6/387 837/6/387 630/6/387
f 842/6/388 633/6/388 631/6/388
f 842/6/389 838/6/389 634/6/389
f 844/6/390 838/6/390 843/6/390
f 844/6/391 835/6/391 839/6/391
f 698/2/232 699/2/232 712/2/232
f 342/1/392 349/1/392 296/1/392
f 301/1/219 347/1/219 290/1/219
f 351/1/393 292/1/393 298/1/393
f 861/4/394 860/4/394 862/4/394
f 847/1/231 679/1/231 848/1/231
f 871/4/395 870/4/395 872/4/395
f 851/1/233 683/1/233 852/1/233
f 848/4/396 853/4/396 847/4/396
f 673/4/31 854/4/31 857/4/31
f 681/4/28 860/4/28 858/4/28
f 845/4/397 862/4/397 846/4/397
f 852/4/398 863/4/398 851/4/398
f 226/2/31 228/2/31 230/2/31
f 677/4/31 864/4/31 867/4/31
f 849/4/399 872/4/399 850/4/399
f 870/4/28 868/4/28 685/4/28
f 877/1/400 876/1/400 875/1/400
f 874/1/401 877/1/401 873/1/401
f 233/2/28 239/2/28 236/2/28
f 876/1/402 879/1/402 875/1/402
f 881/1/403 873/1/403 878/1/403
f 886/5/404 885/5/404 884/5/404
f 885/5/405 888/5/405 893/5/405
f 889/5/406 883/5/406 882/5/406
f 883/5/407 890/5/407 891/5/407
f 909/5/408 896/5/408 895/5/408
f 909/5/409 905/5/409 908/5/409
f 907/5/2 903/5/2 906/5/2
f 911/5/410 903/5/410 902/5/410
f 902/5/411 899/5/411 898/5/411
f 904/5/412 900/5/412 899/5/412
f 895/5/413 901/5/413 905/5/413
f 896/5/414 897/5/414 895/5/414
f 902/5/415 903/5/415 904/5/415
f 912/5/416 907/5/416 906/5/416
f 914/5/417 909/5/417 908/5/417
f 916/5/418 909/5/418 915/5/418
f 912/5/419 911/5/419 917/5/419
f 893/5/420 912/5/420 892/5/420
f 883/5/421 914/5/421 882/5/421
f 883/5/5 916/5/5 915/5/5
f 884/5/422 912/5/422 917/5/422
f 921/5/423 924/5/423 922/5/423
f 924/5/424 918/5/424 922/5/424
f 950/5/276 944/5/276 949/5/276
f 919/5/425 926/5/425 920/5/425
f 926/5/426 927/5/426 920/5/426
f 922/5/427 928/5/427 921/5/427
f 930/5/428 922/5/428 918/5/428
f 22/1/429 64/1/429 26/1/429
f 945/5/430 933/5/430 932/5/430
f 945/5/431 941/5/431 944/5/431
f 943/5/432 939/5/432 942/5/432
f 947/5/433 939/5/433 938/5/433
f 195/1/434 261/1/434 252/1/434
f 938/5/435 935/5/435 934/5/435
f 931/5/436 935/5/436 940/5/436
f 941/5/437 937/5/437 936/5/437
f 933/5/438 937/5/438 932/5/438
f 74/1/434 65/1/434 11/1/434
f 938/5/439 939/5/439 940/5/439
f 948/5/440 943/5/440 942/5/440
f 950/5/441 945/5/441 944/5/441
f 952/5/442 945/5/442 951/5/442
f 948/5/443 947/5/443 953/5/443
f 930/5/444 948/5/444 929/5/444
f 920/5/445 950/5/445 919/5/445
f 920/5/446 952/5/446 951/5/446
f 928/5/447 948/5/447 953/5/447
f 961/5/448 955/5/448 954/5/448
f 960/5/449 955/5/449 961/5/449
f 959/5/450 956/5/450 960/5/450
f 959/5/451 954/5/451 956/5/451
f 957/5/452 960/5/452 961/5/452
f 958/5/453 959/5/453 960/5/453
f 962/5/454 958/5/454 957/5/454
f 963/5/455 959/5/455 958/5/455
f 959/5/456 962/5/456 957/5/456
f 983/4/457 965/4/457 964/4/457
f 982/4/458 964/4/458 966/4/458
f 969/4/459 971/4/459 970/4/459
f 971/4/460 967/4/460 972/4/460
f 972/4/461 968/4/461 970/4/461
f 970/4/462 974/4/462 973/4/462
f 974/4/463 972/4/463 975/4/463
f 975/4/464 970/4/464 973/4/464
f 973/4/465 977/4/465 976/4/465
f 977/4/466 975/4/466 978/4/466
f 973/4/467 976/4/467 978/4/467
f 979/4/468 977/4/468 980/4/468
f 981/4/469 977/4/469 978/4/469
f 981/4/470 978/4/470 979/4/470
f 976/4/471 979/4/471 978/4/471
f 984/4/472 980/4/472 982/4/472
f 982/4/473 980/4/473 981/4/473
f 983/4/474 979/4/474 984/4/474
f 965/4/475 985/4/475 964/4/475
f 966/4/476 986/4/476 965/4/476
f 964/4/477 987/4/477 966/4/477
f 968/4/478 989/4/478 969/4/478
f 967/4/479 989/4/479 968/4/479
f 967/4/480 988/4/480 990/4/480
f 994/8/481 998/8/481 997/8/481
f 998/8/482 996/8/482 999/8/482
f 996/8/483 997/8/483 999/8/483
f 997/8/484 992/8/484 991/8/484
f 992/8/485 998/8/485 993/8/485
f 999/8/486 991/8/486 993/8/486
f 1003/8/487 994/8/487 1005/8/487
f 1003/8/488 996/8/488 995/8/488
f 1005/8/489 996/8/489 1004/8/489
f 1001/8/490 1005/8/490 1000/8/490
f 1002/8/491 1004/8/491 1003/8/491
f 1000/8/492 1004/8/492 1002/8/492
f 1006/8/493 1001/8/493 1000/8/493
f 1007/8/494 1002/8/494 1001/8/494
f 1002/8/495 1006/8/495 1000/8/495
f 1009/8/496 1013/8/496 1012/8/496
f 1013/8/497 1011/8/497 1014/8/497
f 1011/8/498 1012/8/498 1014/8/498
f 1012/8/499 1007/8/499 1006/8/499
f 1007/8/500 1013/8/500 1008/8/500
f 1014/8/501 1006/8/501 1008/8/501
f 991/8/502 1016/8/502 1015/8/502
f 992/8/503 1016/8/503 991/8/503
f 1018/8/504 1009/8/504 1020/8/504
f 1018/8/505 1011/8/505 1010/8/505
f 1020/8/506 1011/8/506 1019/8/506
f 1017/8/507 1020/8/507 1016/8/507
f 1017/8/508 1019/8/508 1018/8/508
f 1016/8/509 1020/8/509 1015/8/509
f 1028/5/510 1032/5/510 1031/5/510
f 1025/1/230 1024/1/230 1023/1/230
f 1036/5/511 1034/5/511 1029/5/511
f 1021/1/512 1027/1/512 1030/1/512
f 1030/1/513 1023/1/513 1021/1/513
f 1023/1/514 1028/1/514 1021/1/514
f 1036/1/515 1029/1/515 1030/1/515
f 1049/5/516 1045/5/516 1046/5/516
f 1039/1/231 1040/1/231 1038/1/231
f 1051/5/517 1052/5/517 1050/5/517
f 1042/1/518 1043/1/518 1048/1/518
f 1048/1/519 1038/1/519 1040/1/519
f 1038/1/520 1043/1/520 1046/1/520
f 1043/1/521 1044/1/521 1049/1/521
f 1047/1/522 1051/1/522 1041/1/522
f 1050/1/523 1052/1/523 1048/1/523
f 1073/5/524 1054/5/524 1053/5/524
f 1074/5/525 1055/5/525 1054/5/525
f 1055/5/526 1072/5/526 1053/5/526
f 1059/5/527 1058/5/527 1060/5/527
f 1061/5/528 1058/5/528 1056/5/528
f 1061/5/529 1056/5/529 1057/5/529
f 1061/5/530 1057/5/530 1059/5/530
f 1058/5/531 1059/5/531 1057/5/531
f 1062/5/532 1060/5/532 1063/5/532
f 1063/5/533 1060/5/533 1061/5/533
f 1064/5/534 1059/5/534 1062/5/534
f 1065/5/535 1063/5/535 1066/5/535
f 1067/5/536 1063/5/536 1064/5/536
f 1067/5/537 1062/5/537 1068/5/537
f 1069/5/538 1066/5/538 1070/5/538
f 1070/5/539 1068/5/539 1071/5/539
f 1068/5/540 1069/5/540 1071/5/540
f 1069/5/541 1072/5/541 1074/5/541
f 1072/5/542 1070/5/542 1073/5/542
f 1073/5/543 1071/5/543 1074/5/543
f 1083/5/544 1076/5/544 1075/5/544
f 1085/5/545 1076/5/545 1084/5/545
f 1085/5/546 1078/5/546 1077/5/546
f 1086/5/547 1075/5/547 1078/5/547
f 1092/5/548 1079/5/548 1090/5/548
f 1090/5/549 1080/5/549 1089/5/549
f 1088/5/550 1080/5/550 1081/5/550
f 1088/5/551 1082/5/551 1087/5/551
f 1087/5/552 1079/5/552 1092/5/552
f 1054/5/553 1083/5/553 1053/5/553
f 1055/5/554 1085/5/554 1054/5/554
f 1053/5/555 1086/5/555 1055/5/555
f 1057/5/556 1088/5/556 1058/5/556
f 1056/5/557 1090/5/557 1057/5/557
f 1056/5/558 1087/5/558 1092/5/558
f 1099/2/559 1094/2/559 1101/2/559
f 1099/2/560 1095/2/560 1094/2/560
f 1101/2/561 1095/2/561 1100/2/561
f 1096/2/562 1099/2/562 1101/2/562
f 1097/2/563 1100/2/563 1099/2/563
f 1096/2/564 1100/2/564 1098/2/564
f 1102/2/565 1097/2/565 1096/2/565
f 1103/2/566 1098/2/566 1097/2/566
f 1098/2/567 1102/2/567 1096/2/567
f 838/6/568 1105/6/568 1104/6/568
f 835/6/569 1105/6/569 839/6/569
f 835/6/570 1107/6/570 1106/6/570
f 836/6/571 1107/6/571 635/6/571
f 837/6/572 1108/6/572 836/6/572
f 633/6/573 1111/6/573 837/6/573
f 633/6/574 1110/6/574 1109/6/574
f 634/6/575 1104/6/575 1110/6/575
f 1109/6/576 636/6/576 1111/6/576
f 1111/6/577 643/6/577 1108/6/577
f 1108/6/578 642/6/578 1107/6/578
f 1106/6/579 642/6/579 641/6/579
f 1106/6/580 640/6/580 1105/6/580
f 1104/6/581 640/6/581 639/6/581
f 1110/6/582 639/6/582 638/6/582
f 1109/6/583 638/6/583 637/6/583
f 694/6/584 1113/6/584 695/6/584
f 695/6/585 1114/6/585 696/6/585
f 697/6/586 1114/6/586 1115/6/586
f 698/6/587 1115/6/587 1116/6/587
f 698/6/588 1117/6/588 699/6/588
f 700/6/589 1117/6/589 1118/6/589
f 700/6/590 1119/6/590 701/6/590
f 701/6/591 1112/6/591 694/6/591
f 1112/6/230 1129/6/230 1113/6/230
f 1113/6/231 1132/6/231 1114/6/231
f 1115/6/42 1132/6/42 1134/6/42
f 1115/6/276 1136/6/276 1116/6/276
f 1116/6/232 1138/6/232 1117/6/232
f 1117/6/233 1140/6/233 1118/6/233
f 1119/6/277 1140/6/277 1142/6/277
f 1119/6/155 1128/6/155 1112/6/155
f 7/1/592 1178/1/592 1176/1/592
f 1182/1/50 1183/1/50 1184/1/50
f 191/1/592 1187/1/592 1185/1/592
f 1191/1/50 284/1/50 1192/1/50
f 9/1/28 1160/1/28 15/1/28
f 16/1/31 1162/1/31 10/1/31
f 101/1/31 1165/1/31 107/1/31
f 106/1/28 1167/1/28 100/1/28
f 193/1/28 1168/1/28 199/1/28
f 200/1/31 1170/1/31 194/1/31
f 288/1/31 1173/1/31 294/1/31
f 293/1/28 1175/1/28 287/1/28
f 8/1/593 1177/1/593 2/1/593
f 2/1/50 1178/1/50 1/1/50
f 93/1/21 1180/1/21 94/1/21
f 98/1/594 1179/1/594 93/1/594
f 99/1/595 1180/1/595 1184/1/595
f 192/1/593 1186/1/593 186/1/593
f 186/1/50 1187/1/50 185/1/50
f 280/1/21 1189/1/21 281/1/21
f 285/1/594 1188/1/594 280/1/594
f 281/1/595 1192/1/595 286/1/595
f 1134/6/596 1194/6/596 1193/6/596
f 1132/6/597 1195/6/597 1194/6/597
f 1128/6/598 1195/6/598 1129/6/598
f 1142/6/599 1196/6/599 1128/6/599
f 1142/6/600 1198/6/600 1197/6/600
f 1140/6/601 1199/6/601 1198/6/601
f 1136/6/602 1199/6/602 1138/6/602
f 1134/6/603 1200/6/603 1136/6/603
f 1207/6/31 1212/6/31 1209/6/31
f 1206/6/28 1211/6/28 1205/6/28
f 1207/6/21 1210/6/21 1206/6/21
f 1205/6/604 1204/6/604 1206/6/604
f 1201/6/605 1206/6/605 1204/6/605
f 1201/6/606 1208/6/606 1207/6/606
f 1204/6/607 1208/6/607 1201/6/607
f 1209/6/608 1203/6/608 1210/6/608
f 1203/6/609 1211/6/609 1210/6/609
f 1211/6/610 1202/6/610 1212/6/610
f 1212/6/611 1202/6/611 1209/6/611
f 1212/6/50 1214/6/50 1213/6/50
f 1214/7/612 1217/7/612 1213/7/612
f 1215/7/613 1216/7/613 1214/7/613
f 1213/7/2 1217/7/2 1215/7/2
f 1230/6/31 1225/6/31 1227/6/31
f 1229/6/28 1224/6/28 1223/6/28
f 1218/6/614 1222/6/614 1221/6/614
f 1228/6/50 1225/6/50 1224/6/50
f 1221/6/615 1223/6/615 1224/6/615
f 1221/6/616 1225/6/616 1218/6/616
f 1226/6/617 1222/6/617 1218/6/617
f 1220/6/618 1227/6/618 1228/6/618
f 1219/6/619 1229/6/619 1230/6/619
f 1219/6/620 1230/6/620 1227/6/620
f 1230/6/21 1231/6/21 1226/6/21
f 1233/6/21 1229/6/21 1223/6/21
f 1234/7/621 1231/7/621 1233/7/621
f 1235/7/5 1232/7/5 1231/7/5
f 1235/7/622 1233/7/622 1232/7/622
f 1243/6/31 1248/6/31 1245/6/31
f 1242/6/28 1247/6/28 1241/6/28
f 1242/6/21 1245/6/21 1246/6/21
f 1241/6/623 1240/6/623 1242/6/623
f 1236/6/624 1242/6/624 1240/6/624
f 1236/6/625 1244/6/625 1243/6/625
f 1237/6/626 1241/6/626 1244/6/626
f 1245/6/608 1239/6/608 1246/6/608
f 1239/6/609 1247/6/609 1246/6/609
f 1247/6/610 1238/6/610 1248/6/610
f 1248/6/611 1238/6/611 1245/6/611
f 1247/6/50 1248/6/50 1251/6/50
f 1241/6/50 1250/6/50 1244/6/50
f 1250/7/612 1253/7/612 1249/7/612
f 1251/7/613 1252/7/613 1250/7/613
f 1249/7/2 1253/7/2 1251/7/2
f 1266/6/31 1261/6/31 1263/6/31
f 1265/6/28 1260/6/28 1259/6/28
f 1260/6/50 1263/6/50 1261/6/50
f 1258/6/627 1259/6/627 1260/6/627
f 1260/6/628 1254/6/628 1258/6/628
f 1254/6/629 1262/6/629 1255/6/629
f 1255/6/630 1259/6/630 1258/6/630
f 1257/6/618 1263/6/618 1264/6/618
f 1256/6/619 1265/6/619 1266/6/619
f 1256/6/620 1266/6/620 1263/6/620
f 361/1/631 340/1/631 339/1/631
f 1267/6/21 1259/6/21 1262/6/21
f 1269/6/21 1266/6/21 1265/6/21
f 1270/7/621 1267/7/621 1269/7/621
f 1271/7/5 1268/7/5 1267/7/5
f 1271/7/622 1269/7/622 1268/7/622
f 1279/6/31 1284/6/31 1281/6/31
f 1278/6/28 1283/6/28 1277/6/28
f 1276/6/632 1272/6/632 1275/6/632
f 1279/6/21 1282/6/21 1278/6/21
f 1277/6/633 1275/6/633 1278/6/633
f 1275/6/634 1279/6/634 1278/6/634
f 1272/6/635 1280/6/635 1279/6/635
f 1276/6/636 1280/6/636 1272/6/636
f 1281/6/608 1274/6/608 1282/6/608
f 1274/6/609 1283/6/609 1282/6/609
f 1283/6/610 1273/6/610 1284/6/610
f 1284/6/611 1273/6/611 1281/6/611
f 1277/6/50 1286/6/50 1280/6/50
f 1283/6/50 1284/6/50 1287/6/50
f 1286/7/612 1289/7/612 1285/7/612
f 1287/7/613 1288/7/613 1286/7/613
f 1285/7/2 1289/7/2 1287/7/2
f 1302/6/31 1297/6/31 1299/6/31
f 1301/6/28 1296/6/28 1295/6/28
f 1290/6/614 1294/6/614 1293/6/614
f 1300/6/50 1297/6/50 1296/6/50
f 1293/6/615 1295/6/615 1296/6/615
f 1293/6/616 1297/6/616 1290/6/616
f 1298/6/617 1294/6/617 1290/6/617
f 1292/6/618 1299/6/618 1300/6/618
f 1291/6/619 1301/6/619 1302/6/619
f 1291/6/620 1302/6/620 1299/6/620
f 1305/6/21 1302/6/21 1301/6/21
f 1303/6/21 1295/6/21 1298/6/21
f 1306/7/621 1303/7/621 1305/7/621
f 1307/7/5 1304/7/5 1303/7/5
f 1307/7/622 1305/7/622 1304/7/622
f 1347/7/2 1314/7/2 1346/7/2
f 1347/7/637 1316/7/637 1315/7/637
f 1349/7/638 1316/7/638 1348/7/638
f 1345/7/639 1318/7/639 1344/7/639
f 1346/7/640 1319/7/640 1345/7/640
f 1353/7/2 1326/7/2 1352/7/2
f 1354/7/637 1327/7/637 1353/7/637
f 1354/7/638 1329/7/638 1328/7/638
f 1351/7/639 1330/7/639 1350/7/639
f 1351/7/640 1326/7/640 1331/7/640
f 1313/7/639 1332/7/639 1312/7/639
f 1308/7/640 1333/7/640 1313/7/640
f 1309/7/2 1334/7/2 1308/7/2
f 1309/7/637 1336/7/637 1335/7/637
f 1311/7/638 1336/7/638 1310/7/638
f 1325/7/639 1338/7/639 1324/7/639
f 1320/7/640 1339/7/640 1325/7/640
f 1321/7/2 1340/7/2 1320/7/2
f 1322/7/637 1341/7/637 1321/7/637
f 1323/7/638 1342/7/638 1322/7/638
f 1356/6/641 1358/6/641 1359/6/641
f 1360/6/640 1358/6/640 1357/6/640
f 1362/6/2 1361/6/2 1360/6/2
f 1364/6/637 1363/6/637 1362/6/637
f 1366/6/642 1365/6/642 1364/6/642
f 1369/6/641 1371/6/641 1368/6/641
f 1372/6/640 1370/6/640 1369/6/640
f 1374/6/2 1373/6/2 1372/6/2
f 1376/6/637 1375/6/637 1374/6/637
f 1376/6/642 1379/6/642 1377/6/642
f 1332/7/643 1357/7/643 1356/7/643
f 1344/7/644 1358/7/644 1345/7/644
f 1334/7/645 1357/7/645 1333/7/645
f 1346/7/646 1358/7/646 1361/7/646
f 1334/7/647 1362/7/647 1360/7/647
f 1346/7/648 1363/7/648 1347/7/648
f 1335/7/649 1364/7/649 1362/7/649
f 1347/7/650 1365/7/650 1348/7/650
f 1337/7/651 1364/7/651 1336/7/651
f 1349/7/652 1365/7/652 1367/7/652
f 1338/7/643 1369/7/643 1368/7/643
f 1350/7/653 1370/7/653 1351/7/653
f 1340/7/645 1369/7/645 1339/7/645
f 1352/7/646 1370/7/646 1373/7/646
f 1341/7/647 1372/7/647 1340/7/647
f 1352/7/648 1375/7/648 1353/7/648
f 1341/7/649 1376/7/649 1374/7/649
f 1353/7/650 1377/7/650 1354/7/650
f 1343/7/651 1376/7/651 1342/7/651
f 1355/7/652 1377/7/652 1379/7/652
f 1420/3/2 1422/3/2 1423/3/2
f 364/1/654 292/1/654 290/1/654
f 1507/4/655 1508/4/655 1506/4/655
f 1445/6/2 1447/6/2 1444/6/2
f 1510/4/656 1512/4/656 1509/4/656
f 1450/6/2 1453/6/2 1451/6/2
f 1416/1/657 1426/1/657 1425/1/657
f 1386/1/658 1389/1/658 1385/1/658
f 1428/1/659 1418/1/659 1417/1/659
f 1387/1/660 1388/1/660 1391/1/660
f 1420/1/661 1430/1/661 1429/1/661
f 1449/6/662 1445/6/662 1444/6/662
f 1414/1/663 1424/1/663 1427/1/663
f 1455/6/664 1450/6/664 1451/6/664
f 1462/3/665 1396/3/665 1461/3/665
f 1421/3/666 1465/3/666 1422/3/666
f 1456/3/667 1398/3/667 1467/3/667
f 1459/3/668 1415/3/668 1458/3/668
f 164/1/225 172/1/225 104/1/225
f 1401/1/669 1383/1/669 1393/1/669
f 1463/3/670 1397/3/670 1462/3/670
f 1460/3/671 1396/3/671 1403/3/671
f 1404/1/672 1381/1/672 1405/1/672
f 1457/3/671 1399/3/671 1456/3/671
f 1398/3/670 1466/3/670 1467/3/670
f 1382/1/673 1408/1/673 1392/1/673
f 1411/1/674 1380/1/674 1395/1/674
f 1390/5/2 1417/5/2 1418/5/2
f 1502/1/2 1427/1/2 1424/1/2
f 1389/1/675 1425/1/675 1385/1/675
f 1388/1/676 1426/1/676 1419/1/676
f 1390/1/677 1428/1/677 1417/1/677
f 1391/1/678 1431/1/678 1387/1/678
f 1401/1/679 1429/1/679 1400/1/679
f 1408/1/680 1430/1/680 1423/1/680
f 1404/1/681 1424/1/681 1413/1/681
f 1411/1/682 1427/1/682 1410/1/682
f 1463/3/683 1421/3/683 1402/3/683
f 1466/3/684 1422/3/684 1465/3/684
f 1460/3/685 1412/3/685 1459/3/685
f 1457/3/686 1415/3/686 1406/3/686
f 1436/1/687 1437/1/687 1394/1/687
f 295/1/65 365/1/65 369/1/65
f 1395/1/688 1443/1/688 1392/1/688
f 1433/6/689 1446/6/689 1445/6/689
f 1435/6/690 1446/6/690 1434/6/690
f 1432/6/691 1447/6/691 1435/6/691
f 1436/6/692 1449/6/692 1437/6/692
f 1433/6/693 1448/6/693 1436/6/693
f 1432/6/694 1449/6/694 1444/6/694
f 1438/6/695 1452/6/695 1450/6/695
f 1440/6/696 1453/6/696 1452/6/696
f 1439/6/697 1453/6/697 1441/6/697
f 1443/6/698 1454/6/698 1455/6/698
f 1438/6/699 1454/6/699 1442/6/699
f 1439/6/700 1455/6/700 1451/6/700
f 1478/7/701 1481/7/701 1479/7/701
f 1482/7/702 1478/7/702 1470/7/702
f 1483/7/703 1470/7/703 1469/7/703
f 1473/7/704 1483/7/704 1469/7/704
f 1485/7/701 1473/7/701 1475/7/701
f 1493/7/705 1494/7/705 1495/7/705
f 1472/7/706 1486/7/706 1474/7/706
f 1488/7/707 1472/7/707 1468/7/707
f 1488/7/708 1471/7/708 1489/7/708
f 1477/7/709 1489/7/709 1471/7/709
f 1491/7/706 1477/7/706 1476/7/706
f 1497/7/710 1499/7/710 1496/7/710
f 1457/7/2 1480/7/2 1482/7/2
f 1465/7/2 1488/7/2 1489/7/2
f 1474/7/5 1493/7/5 1475/7/5
f 1486/7/711 1492/7/711 1474/7/711
f 1485/7/712 1493/7/712 1495/7/712
f 1479/7/5 1496/7/5 1476/7/5
f 1481/7/713 1497/7/713 1479/7/713
f 63/1/273 19/1/273 57/1/273
f 1491/7/714 1496/7/714 1499/7/714
f 1425/1/715 1501/1/715 1500/1/715
f 1500/1/716 1501/1/716 1507/1/716
f 1506/1/717 1508/1/717 1502/1/717
f 1504/1/716 1510/1/716 1503/1/716
f 1504/1/718 1512/1/718 1511/1/718
f 1509/1/717 1512/1/717 1505/1/717
f 1387/1/2 1431/1/2 1409/1/2
f 1516/3/719 1526/3/719 1527/3/719
f 1516/3/720 1517/3/720 1513/3/720
f 1674/3/721 1520/3/721 1673/3/721
f 1633/3/722 1521/3/722 1674/3/722
f 1670/3/723 1522/3/723 1633/3/723
f 1671/3/724 1523/3/724 1670/3/724
f 1672/3/725 1524/3/725 1671/3/725
f 1673/3/726 1525/3/726 1672/3/726
f 686/2/230 702/2/230 687/2/230
f 1526/3/727 1519/3/727 1527/3/727
f 1515/3/728 1580/3/728 1514/3/728
f 1514/3/729 1577/3/729 1528/3/729
f 1513/3/730 1578/3/730 1516/3/730
f 1516/3/731 1579/3/731 1526/3/731
f 1532/3/719 1542/3/719 1543/3/719
f 1532/3/720 1533/3/720 1529/3/720
f 1680/3/732 1536/3/732 1679/3/732
f 1644/3/733 1537/3/733 1680/3/733
f 1676/3/734 1538/3/734 1644/3/734
f 1677/3/735 1539/3/735 1676/3/735
f 1678/3/736 1540/3/736 1677/3/736
f 1679/3/737 1541/3/737 1678/3/737
f 1542/3/727 1535/3/727 1543/3/727
f 1614/7/738 1609/7/738 1645/7/738
f 1645/7/739 1610/7/739 1647/7/739
f 1647/7/740 1611/7/740 1648/7/740
f 1648/7/741 1612/7/741 1649/7/741
f 1649/7/742 1613/7/742 1650/7/742
f 1650/7/743 1646/7/743 1614/7/743
f 687/2/231 718/2/231 719/2/231
f 1548/3/719 1558/3/719 1559/3/719
f 1548/3/720 1549/3/720 1545/3/720
f 693/2/277 714/2/277 715/2/277
f 1546/3/744 1553/3/744 1547/3/744
f 1560/3/745 1554/3/745 1546/3/745
f 374/1/28 379/1/28 378/1/28
f 1551/3/746 1556/3/746 1549/3/746
f 1550/3/747 1557/3/747 1551/3/747
f 1558/3/727 1551/3/727 1559/3/727
f 1547/3/748 1657/3/748 1546/3/748
f 1546/3/749 1659/3/749 1560/3/749
f 695/2/230 703/2/230 705/2/230
f 1548/3/750 1660/3/750 1661/3/750
f 1548/3/751 1662/3/751 1558/3/751
f 690/2/276 689/2/276 723/2/276
f 699/2/233 728/2/233 691/2/233
f 1564/3/752 1574/3/752 1575/3/752
f 1564/3/753 1565/3/753 1561/3/753
f 1562/3/754 1569/3/754 1563/3/754
f 1576/3/755 1570/3/755 1562/3/755
f 1567/3/756 1572/3/756 1565/3/756
f 1566/3/757 1573/3/757 1567/3/757
f 1574/3/758 1567/3/758 1575/3/758
f 1580/3/759 1590/3/759 1591/3/759
f 1580/3/753 1581/3/753 1577/3/753
f 1632/3/760 1584/3/760 1668/3/760
f 1664/3/761 1585/3/761 1632/3/761
f 1665/3/762 1586/3/762 1664/3/762
f 1666/3/763 1587/3/763 1665/3/763
f 1667/3/764 1588/3/764 1666/3/764
f 1667/3/765 1584/3/765 1589/3/765
f 1590/3/766 1583/3/766 1591/3/766
f 1596/3/752 1606/3/752 1607/3/752
f 1596/3/753 1597/3/753 1593/3/753
f 318/1/31 320/1/31 316/1/31
f 1594/3/767 1601/3/767 1595/3/767
f 1608/3/755 1602/3/755 1594/3/755
f 200/1/235 242/1/235 199/1/235
f 1599/3/768 1604/3/768 1597/3/768
f 1598/3/757 1605/3/757 1599/3/757
f 1606/3/769 1599/3/769 1607/3/769
f 1609/3/770 1564/3/770 1610/3/770
f 1610/3/771 1561/3/771 1611/3/771
f 1612/3/772 1562/3/772 1613/3/772
f 1613/3/773 1563/3/773 1646/3/773
f 1652/3/774 1650/3/774 1615/3/774
f 1653/3/775 1649/3/775 1652/3/775
f 1654/3/776 1648/3/776 1653/3/776
f 1655/3/777 1647/3/777 1654/3/777
f 1656/3/778 1645/3/778 1655/3/778
f 1615/3/779 1614/3/779 1656/3/779
f 1616/7/780 1615/7/780 1651/7/780
f 1617/7/781 1652/7/781 1616/7/781
f 1618/7/782 1653/7/782 1617/7/782
f 1619/7/783 1654/7/783 1618/7/783
f 1620/7/784 1655/7/784 1619/7/784
f 1651/7/785 1656/7/785 1620/7/785
f 1532/3/786 1616/3/786 1651/3/786
f 1530/3/787 1617/3/787 1544/3/787
f 1531/3/788 1618/3/788 1530/3/788
f 1532/3/789 1620/3/789 1542/3/789
f 1621/7/790 1622/7/790 1657/7/790
f 1657/7/791 1623/7/791 1659/7/791
f 1659/7/792 1624/7/792 1660/7/792
f 1660/7/793 1625/7/793 1661/7/793
f 1661/7/794 1626/7/794 1662/7/794
f 1662/7/795 1658/7/795 1621/7/795
f 1658/3/796 1596/3/796 1622/3/796
f 1622/3/797 1593/3/797 1623/3/797
f 1624/3/798 1594/3/798 1625/3/798
f 1625/3/799 1595/3/799 1626/3/799
f 1578/3/800 1663/3/800 1579/3/800
f 1592/3/801 1627/3/801 1578/3/801
f 1583/3/802 1629/3/802 1581/3/802
f 1582/3/803 1630/3/803 1583/3/803
f 1627/7/804 1632/7/804 1663/7/804
f 1628/7/805 1664/7/805 1627/7/805
f 1629/7/806 1665/7/806 1628/7/806
f 1630/7/807 1666/7/807 1629/7/807
f 1631/7/808 1667/7/808 1630/7/808
f 1663/7/809 1668/7/809 1631/7/809
f 1634/7/810 1633/7/810 1669/7/810
f 1635/7/811 1670/7/811 1634/7/811
f 1636/7/812 1671/7/812 1635/7/812
f 1637/7/813 1672/7/813 1636/7/813
f 1638/7/814 1673/7/814 1637/7/814
f 1669/7/815 1674/7/815 1638/7/815
f 1528/3/816 1669/3/816 1514/3/816
f 1519/3/817 1635/3/817 1517/3/817
f 1518/3/818 1636/3/818 1519/3/818
f 1514/3/819 1638/3/819 1515/3/819
f 1544/3/820 1675/3/820 1530/3/820
f 1535/3/821 1640/3/821 1533/3/821
f 1534/3/822 1641/3/822 1535/3/822
f 1530/3/823 1643/3/823 1531/3/823
f 1639/7/824 1644/7/824 1675/7/824
f 1640/7/825 1676/7/825 1639/7/825
f 1641/7/826 1677/7/826 1640/7/826
f 1642/7/827 1678/7/827 1641/7/827
f 1643/7/828 1679/7/828 1642/7/828
f 1675/7/829 1680/7/829 1643/7/829
f 1/1/1 3/1/1 4/1/1
f 5/1/2 6/1/2 4/1/2
f 4/1/830 6/1/830 8/1/830
f 7/1/831 5/1/831 3/1/831
f 1161/1/5 1162/1/5 1163/1/5
f 85/2/832 84/2/832 83/2/832
f 88/2/833 87/2/833 86/2/833
f 17/1/8 18/1/8 9/1/8
f 6/1/834 5/1/834 7/1/834
f 19/1/9 20/1/9 16/1/9
f 55/2/835 59/2/835 58/2/835
f 71/2/45 70/2/45 69/2/45
f 65/2/836 74/2/836 73/2/836
f 30/1/2 29/1/2 28/1/2
f 34/1/2 33/1/2 31/1/2
f 66/2/837 77/2/837 76/2/837
f 62/2/43 61/2/43 60/2/43
f 80/2/44 79/2/44 78/2/44
f 64/1/838 21/1/838 68/1/838
f 28/1/17 29/1/17 24/1/17
f 30/1/18 27/1/18 12/1/18
f 31/1/18 33/1/18 23/1/18
f 34/1/17 32/1/17 13/1/17
f 39/1/839 38/1/839 35/1/839
f 39/1/20 40/1/20 36/1/20
f 48/2/21 49/2/21 42/2/21
f 49/2/22 50/2/22 43/2/22
f 50/2/5 51/2/5 44/2/5
f 51/2/840 52/2/840 45/2/840
f 46/2/841 52/2/841 53/2/841
f 53/2/842 54/2/842 47/2/842
f 54/2/53 48/2/53 41/2/53
f 575/5/843 571/5/843 576/5/843
f 576/5/844 577/5/844 575/5/844
f 1211/6/50 1212/6/50 1213/6/50
f 1211/6/50 1213/6/50 1215/6/50
f 1214/6/50 1208/6/50 1205/6/50
f 1211/6/50 1215/6/50 1205/6/50
f 1215/6/50 1214/6/50 1205/6/50
f 64/1/845 58/1/845 59/1/845
f 51/2/28 50/2/28 49/2/28
f 49/2/28 48/2/28 51/2/28
f 48/2/28 54/2/28 51/2/28
f 54/2/28 53/2/28 52/2/28
f 671/3/29 614/3/29 849/3/29
f 614/3/29 613/3/29 849/3/29
f 1608/3/846 1624/3/846 1623/3/846
f 1623/3/847 1593/3/847 1608/3/847
f 1593/3/848 1597/3/848 1608/3/848
f 1597/3/849 1604/3/849 1608/3/849
f 1604/3/850 1603/3/850 1608/3/850
f 1182/1/50 97/1/50 1183/1/50
f 418/5/851 415/5/851 416/5/851
f 416/5/852 412/5/852 417/5/852
f 417/5/87 418/5/87 416/5/87
f 128/1/31 184/1/31 183/1/31
f 130/1/31 128/1/31 183/1/31
f 198/1/219 208/1/219 264/1/219
f 253/1/853 262/1/853 198/1/853
f 262/1/854 204/1/854 198/1/854
f 1606/3/855 1658/3/855 1626/3/855
f 1606/3/856 1626/3/856 1595/3/856
f 1598/3/857 1606/3/857 1595/3/857
f 1601/3/28 1600/3/28 1598/3/28
f 1595/3/858 1601/3/858 1598/3/858
f 70/1/859 71/1/859 64/1/859
f 64/1/860 71/1/860 63/1/860
f 79/1/861 80/1/861 68/1/861
f 68/1/862 80/1/862 67/1/862
f 20/1/863 83/1/863 84/1/863
f 18/1/864 86/1/864 87/1/864
f 90/1/35 91/1/35 37/1/35
f 35/1/865 38/1/865 92/1/865
f 93/1/37 94/1/37 96/1/37
f 96/1/2 97/1/2 1182/1/2
f 99/1/866 97/1/866 96/1/866
f 98/1/867 93/1/867 95/1/867
f 1165/1/5 1166/1/5 1167/1/5
f 173/2/868 174/2/868 175/2/868
f 176/2/869 177/2/869 178/2/869
f 100/1/8 109/1/8 108/1/8
f 107/1/9 111/1/9 110/1/9
f 798/3/42 797/3/42 822/3/42
f 797/3/42 816/3/42 822/3/42
f 815/3/42 615/3/42 821/3/42
f 615/3/42 616/3/42 821/3/42
f 798/3/42 822/3/42 821/3/42
f 154/2/14 148/2/14 149/2/14
f 157/2/837 158/2/837 159/2/837
f 168/2/15 160/2/15 169/2/15
f 121/1/2 122/1/2 123/1/2
f 124/1/2 126/1/2 127/1/2
f 170/2/870 162/2/870 171/2/870
f 156/2/871 152/2/871 153/2/871
f 164/2/872 165/2/872 166/2/872
f 119/1/873 112/1/873 113/1/873
f 116/1/18 122/1/18 121/1/18
f 103/1/17 120/1/17 123/1/17
f 115/1/17 126/1/17 124/1/17
f 104/1/18 125/1/18 127/1/18
f 131/1/874 128/1/874 132/1/874
f 129/1/28 182/1/28 131/1/28
f 182/1/28 181/1/28 131/1/28
f 129/1/49 133/1/49 132/1/49
f 1515/3/875 1638/3/875 1637/3/875
f 1637/3/876 1518/3/876 1515/3/876
f 1518/3/877 1526/3/877 1515/3/877
f 1526/3/878 1579/3/878 1515/3/878
f 1590/3/879 1515/3/879 1579/3/879
f 1631/3/880 1582/3/880 1579/3/880
f 1582/3/881 1590/3/881 1579/3/881
f 1579/3/882 1663/3/882 1631/3/882
f 135/2/50 142/2/50 141/2/50
f 136/2/883 143/2/883 142/2/883
f 137/2/22 138/2/22 144/2/22
f 139/2/21 145/2/21 144/2/21
f 139/2/26 140/2/26 146/2/26
f 140/2/842 147/2/842 146/2/842
f 134/2/884 141/2/884 147/2/884
f 503/5/885 504/5/885 502/5/885
f 504/5/886 501/5/886 502/5/886
f 1039/1/887 1038/1/887 1046/1/887
f 1039/1/888 1046/1/888 1045/1/888
f 1039/1/889 1045/1/889 1044/1/889
f 1044/1/890 1043/1/890 1037/1/890
f 1040/1/891 1050/1/891 1048/1/891
f 1048/1/892 1047/1/892 1042/1/892
f 141/2/28 142/2/28 143/2/28
f 143/2/28 144/2/28 141/2/28
f 144/2/28 145/2/28 146/2/28
f 146/2/28 147/2/28 141/2/28
f 15/1/21 1160/1/21 1163/1/21
f 16/1/893 20/1/893 56/1/893
f 15/1/21 1163/1/21 16/1/21
f 67/1/392 17/1/392 60/1/392
f 17/1/894 15/1/894 60/1/894
f 68/1/895 67/1/895 61/1/895
f 60/1/896 61/1/896 67/1/896
f 16/1/235 56/1/235 15/1/235
f 113/1/897 112/1/897 150/1/897
f 89/1/28 90/1/28 35/1/28
f 90/1/28 36/1/28 35/1/28
f 36/1/28 40/1/28 35/1/28
f 118/1/898 153/1/898 152/1/898
f 155/1/899 151/1/899 156/1/899
f 191/1/834 190/1/834 189/1/834
f 1123/4/28 1122/4/28 1121/4/28
f 1121/4/28 1120/4/28 1123/4/28
f 1120/4/28 1127/4/28 1123/4/28
f 1127/4/28 1126/4/28 1123/4/28
f 1126/4/28 1125/4/28 1123/4/28
f 1032/1/900 1033/1/900 1024/1/900
f 1033/1/901 1023/1/901 1024/1/901
f 1022/1/902 1021/1/902 1028/1/902
f 1022/1/903 1028/1/903 1031/1/903
f 1022/1/904 1031/1/904 1024/1/904
f 118/1/905 116/1/905 163/1/905
f 642/4/31 643/4/31 651/4/31
f 643/4/31 636/4/31 651/4/31
f 636/4/31 644/4/31 651/4/31
f 650/4/31 649/4/31 642/4/31
f 649/4/31 641/4/31 642/4/31
f 852/1/60 683/1/60 691/1/60
f 691/1/60 692/1/60 852/1/60
f 112/1/906 169/1/906 160/1/906
f 118/1/907 171/1/907 162/1/907
f 111/1/908 105/1/908 174/1/908
f 175/1/909 174/1/909 105/1/909
f 105/1/31 121/1/31 120/1/31
f 120/1/31 103/1/31 105/1/31
f 103/1/910 110/1/910 175/1/910
f 110/1/911 111/1/911 179/1/911
f 111/1/912 173/1/912 179/1/912
f 175/1/654 105/1/654 103/1/654
f 108/1/913 109/1/913 176/1/913
f 130/1/66 183/1/66 182/1/66
f 184/1/914 128/1/914 131/1/914
f 185/1/1 187/1/1 188/1/1
f 189/1/2 190/1/2 188/1/2
f 188/1/830 190/1/830 192/1/830
f 191/1/831 189/1/831 187/1/831
f 1169/1/5 1170/1/5 1171/1/5
f 272/2/832 271/2/832 270/2/832
f 275/2/915 274/2/915 273/2/915
f 201/1/8 202/1/8 193/1/8
f 203/1/9 204/1/9 200/1/9
f 240/2/916 246/2/916 245/2/916
f 258/2/45 257/2/45 256/2/45
f 252/2/836 261/2/836 260/2/836
f 214/1/2 213/1/2 212/1/2
f 218/1/2 217/1/2 215/1/2
f 253/2/837 264/2/837 263/2/837
f 249/2/91 248/2/91 247/2/91
f 267/2/44 266/2/44 265/2/44
f 251/1/838 205/1/838 255/1/838
f 198/1/17 212/1/17 213/1/17
f 214/1/18 211/1/18 196/1/18
f 215/1/18 217/1/18 207/1/18
f 218/1/17 216/1/17 197/1/17
f 224/1/917 223/1/917 222/1/917
f 224/1/20 225/1/20 220/1/20
f 233/2/21 234/2/21 227/2/21
f 234/2/22 235/2/22 228/2/22
f 235/2/918 236/2/918 229/2/918
f 230/2/919 236/2/919 237/2/919
f 237/2/884 238/2/884 231/2/884
f 238/2/2 239/2/2 232/2/2
f 239/2/53 233/2/53 226/2/53
f 900/5/920 894/5/920 901/5/920
f 901/5/921 894/5/921 905/5/921
f 894/5/922 907/5/922 908/5/922
f 913/5/923 893/5/923 882/5/923
f 893/5/924 888/5/924 882/5/924
f 888/5/925 889/5/925 882/5/925
f 908/5/926 905/5/926 894/5/926
f 913/5/927 882/5/927 914/5/927
f 913/5/75 914/5/75 908/5/75
f 21/1/31 23/1/31 25/1/31
f 23/1/31 33/1/31 25/1/31
f 33/1/31 34/1/31 25/1/31
f 874/1/31 881/1/31 876/1/31
f 447/5/928 444/5/928 446/5/928
f 444/5/928 445/5/928 446/5/928
f 113/1/28 114/1/28 116/1/28
f 114/1/28 123/1/28 116/1/28
f 123/1/28 122/1/28 116/1/28
f 241/1/929 246/1/929 205/1/929
f 210/1/28 208/1/28 206/1/28
f 208/1/28 213/1/28 206/1/28
f 213/1/28 214/1/28 206/1/28
f 205/1/31 207/1/31 209/1/31
f 207/1/31 217/1/31 209/1/31
f 217/1/31 218/1/31 209/1/31
f 210/1/930 255/1/930 243/1/930
f 243/1/931 255/1/931 248/1/931
f 264/1/932 208/1/932 210/1/932
f 204/1/933 262/1/933 242/1/933
f 262/1/934 263/1/934 243/1/934
f 263/1/935 264/1/935 210/1/935
f 265/1/936 266/1/936 197/1/936
f 266/1/219 209/1/219 197/1/219
f 201/1/392 247/1/392 254/1/392
f 247/1/937 248/1/937 254/1/937
f 243/1/938 242/1/938 262/1/938
f 263/1/939 210/1/939 243/1/939
f 248/1/940 255/1/940 254/1/940
f 254/1/941 265/1/941 197/1/941
f 244/1/98 245/1/98 241/1/98
f 241/1/942 245/1/942 246/1/942
f 248/1/97 249/1/97 243/1/97
f 243/1/943 249/1/943 242/1/943
f 196/1/944 256/1/944 257/1/944
f 466/5/212 467/5/212 468/5/212
f 467/5/945 463/5/945 468/5/945
f 194/1/50 1170/1/50 193/1/50
f 1170/1/50 1169/1/50 193/1/50
f 193/1/946 202/1/946 240/1/946
f 202/1/947 259/1/947 240/1/947
f 256/1/948 196/1/948 250/1/948
f 196/1/393 203/1/393 250/1/393
f 203/1/949 194/1/949 244/1/949
f 194/1/950 193/1/950 244/1/950
f 259/1/951 260/1/951 246/1/951
f 240/1/631 259/1/631 246/1/631
f 260/1/952 261/1/952 205/1/952
f 261/1/953 207/1/953 205/1/953
f 205/1/954 246/1/954 260/1/954
f 251/1/955 250/1/955 241/1/955
f 250/1/273 203/1/273 244/1/273
f 206/1/905 257/1/905 251/1/905
f 244/1/956 241/1/956 250/1/956
f 119/1/31 117/1/31 115/1/31
f 117/1/31 127/1/31 115/1/31
f 127/1/31 126/1/31 115/1/31
f 257/1/957 258/1/957 251/1/957
f 251/1/958 258/1/958 250/1/958
f 266/1/959 267/1/959 255/1/959
f 255/1/960 267/1/960 254/1/960
f 546/5/961 547/5/961 545/5/961
f 204/1/863 270/1/863 271/1/863
f 533/5/87 530/5/87 532/5/87
f 275/1/962 269/1/962 201/1/962
f 277/1/89 278/1/89 221/1/89
f 219/1/963 223/1/963 279/1/963
f 280/1/37 281/1/37 283/1/37
f 283/1/2 284/1/2 1191/1/2
f 286/1/866 284/1/866 283/1/866
f 285/1/867 280/1/867 282/1/867
f 1173/1/5 1174/1/5 1175/1/5
f 362/2/868 363/2/868 364/2/868
f 365/2/869 366/2/869 367/2/869
f 287/1/8 296/1/8 295/1/8
f 294/1/9 298/1/9 297/1/9
f 342/2/70 336/2/70 343/2/70
f 346/2/837 347/2/837 348/2/837
f 357/2/15 349/2/15 358/2/15
f 308/1/2 309/1/2 310/1/2
f 311/1/2 313/1/2 314/1/2
f 359/2/870 351/2/870 360/2/870
f 339/2/916 340/2/916 345/2/916
f 353/2/872 354/2/872 355/2/872
f 306/1/964 299/1/964 300/1/964
f 292/1/18 303/1/18 309/1/18
f 290/1/17 307/1/17 310/1/17
f 302/1/17 313/1/17 311/1/17
f 291/1/18 312/1/18 314/1/18
f 319/1/965 316/1/965 320/1/965
f 317/1/49 321/1/49 320/1/49
f 300/1/28 301/1/28 303/1/28
f 301/1/28 310/1/28 303/1/28
f 310/1/28 309/1/28 303/1/28
f 323/2/50 330/2/50 329/2/50
f 324/2/883 331/2/883 330/2/883
f 325/2/22 326/2/22 332/2/22
f 327/2/21 333/2/21 332/2/21
f 327/2/26 328/2/26 334/2/26
f 328/2/842 335/2/842 334/2/842
f 322/2/884 329/2/884 335/2/884
f 41/2/31 42/2/31 43/2/31
f 43/2/31 44/2/31 45/2/31
f 45/2/31 46/2/31 47/2/31
f 47/2/31 41/2/31 45/2/31
f 334/2/28 335/2/28 329/2/28
f 329/2/28 330/2/28 331/2/28
f 332/2/28 333/2/28 334/2/28
f 334/2/28 329/2/28 332/2/28
f 125/1/28 104/1/28 102/1/28
f 104/1/966 108/1/966 178/1/966
f 108/1/967 180/1/967 178/1/967
f 177/1/968 176/1/968 109/1/968
f 104/1/969 178/1/969 177/1/969
f 177/1/100 109/1/100 102/1/100
f 104/1/970 177/1/970 102/1/970
f 299/1/971 338/1/971 337/1/971
f 337/1/943 343/1/943 336/1/943
f 341/1/942 345/1/942 340/1/942
f 82/1/972 86/1/972 18/1/972
f 17/1/973 13/1/973 88/1/973
f 13/1/28 32/1/28 11/1/28
f 88/1/974 13/1/974 11/1/974
f 32/1/28 31/1/28 11/1/28
f 11/1/975 87/1/975 88/1/975
f 82/1/976 18/1/976 17/1/976
f 299/1/977 302/1/977 350/1/977
f 312/1/28 291/1/28 289/1/28
f 291/1/969 367/1/969 366/1/969
f 366/1/968 365/1/968 296/1/968
f 291/1/970 366/1/970 289/1/970
f 289/1/28 311/1/28 312/1/28
f 653/3/978 654/3/978 661/3/978
f 654/3/979 655/3/979 661/3/979
f 655/3/980 662/3/980 661/3/980
f 659/3/981 652/3/981 660/3/981
f 652/3/982 653/3/982 660/3/982
f 657/3/983 658/3/983 664/3/983
f 658/3/984 659/3/984 664/3/984
f 656/3/985 657/3/985 663/3/985
f 653/3/986 661/3/986 660/3/986
f 664/3/987 663/3/987 657/3/987
f 660/3/988 664/3/988 659/3/988
f 568/5/989 563/5/989 569/5/989
f 569/5/990 565/5/990 570/5/990
f 570/5/991 567/5/991 568/5/991
f 299/1/992 358/1/992 349/1/992
f 305/1/993 360/1/993 351/1/993
f 1529/3/994 1533/3/994 1544/3/994
f 1533/3/995 1640/3/995 1639/3/995
f 1533/3/996 1639/3/996 1544/3/996
f 1617/3/997 1616/3/997 1529/3/997
f 1544/3/998 1617/3/998 1529/3/998
f 298/1/908 292/1/908 363/1/908
f 667/5/999 668/5/999 665/5/999
f 668/5/1000 669/5/1000 665/5/1000
f 318/1/105 372/1/105 371/1/105
f 373/1/1001 316/1/1001 315/1/1001
f 377/1/1002 376/1/1002 375/1/1002
f 1528/3/1003 1577/3/1003 1592/3/1003
f 1577/3/848 1581/3/848 1592/3/848
f 1581/3/1004 1629/3/1004 1592/3/1004
f 1629/3/1005 1628/3/1005 1592/3/1005
f 1592/3/1006 1513/3/1006 1528/3/1006
f 1513/3/1007 1517/3/1007 1528/3/1007
f 1517/3/1008 1635/3/1008 1528/3/1008
f 1635/3/1009 1634/3/1009 1528/3/1009
f 410/5/1010 407/5/1010 408/5/1010
f 380/1/1011 381/1/1011 377/1/1011
f 374/1/1012 376/1/1012 382/1/1012
f 385/5/1013 383/5/1013 386/5/1013
f 384/5/1014 388/5/1014 387/5/1014
f 384/5/1015 385/5/1015 389/5/1015
f 56/1/933 20/1/933 75/1/933
f 76/1/935 77/1/935 26/1/935
f 77/1/932 24/1/932 26/1/932
f 56/1/1016 75/1/1016 62/1/1016
f 75/1/1017 76/1/1017 62/1/1017
f 68/1/1018 61/1/1018 26/1/1018
f 61/1/56 62/1/56 26/1/56
f 390/5/1019 391/5/1019 395/5/1019
f 391/5/1020 392/5/1020 395/5/1020
f 390/5/1021 394/5/1021 393/5/1021
f 1574/3/1022 1609/3/1022 1646/3/1022
f 1574/3/1023 1646/3/1023 1563/3/1023
f 1566/3/857 1574/3/857 1563/3/857
f 1569/3/28 1568/3/28 1566/3/28
f 1563/3/858 1569/3/858 1566/3/858
f 615/3/120 614/3/120 847/3/120
f 614/3/120 671/3/120 847/3/120
f 398/5/1024 402/5/1024 397/5/1024
f 398/5/1025 403/5/1025 402/5/1025
f 399/5/1026 400/5/1026 401/5/1026
f 401/5/1027 397/5/1027 402/5/1027
f 402/5/1028 403/5/1028 401/5/1028
f 327/2/31 326/2/31 328/2/31
f 326/2/31 325/2/31 328/2/31
f 325/2/31 324/2/31 323/2/31
f 323/2/31 322/2/31 325/2/31
f 404/5/1029 409/5/1029 408/5/1029
f 404/5/1030 405/5/1030 409/5/1030
f 404/5/1031 408/5/1031 407/5/1031
f 412/5/1032 413/5/1032 417/5/1032
f 413/5/1033 418/5/1033 417/5/1033
f 415/5/1034 411/5/1034 416/5/1034
f 430/5/961 431/5/961 432/5/961
f 396/5/1035 393/5/1035 394/5/1035
f 420/5/1036 425/5/1036 424/5/1036
f 420/5/1037 421/5/1037 425/5/1037
f 422/5/1038 423/5/1038 426/5/1038
f 422/5/1039 419/5/1039 423/5/1039
f 427/5/1040 431/5/1040 430/5/1040
f 428/5/1041 432/5/1041 431/5/1041
f 428/5/1042 429/5/1042 430/5/1042
f 452/5/101 453/5/101 454/5/101
f 433/5/1043 438/5/1043 437/5/1043
f 433/5/1044 434/5/1044 438/5/1044
f 433/5/1045 437/5/1045 436/5/1045
f 423/5/142 424/5/142 425/5/142
f 440/5/1046 445/5/1046 444/5/1046
f 440/5/1047 441/5/1047 445/5/1047
f 442/5/1048 447/5/1048 446/5/1048
f 442/5/1049 443/5/1049 447/5/1049
f 449/5/1050 450/5/1050 454/5/1050
f 451/5/1051 452/5/1051 454/5/1051
f 675/3/151 618/3/151 845/3/151
f 618/3/151 617/3/151 845/3/151
f 455/5/1052 459/5/1052 458/5/1052
f 456/5/1053 460/5/1053 459/5/1053
f 456/5/1054 457/5/1054 458/5/1054
f 947/5/1055 938/5/1055 946/5/1055
f 946/5/1056 938/5/1056 933/5/1056
f 938/5/1057 934/5/1057 933/5/1057
f 928/5/1058 953/5/1058 927/5/1058
f 923/5/1059 921/5/1059 927/5/1059
f 921/5/1060 928/5/1060 927/5/1060
f 952/5/1061 927/5/1061 953/5/1061
f 946/5/155 952/5/155 953/5/155
f 461/5/1062 466/5/1062 465/5/1062
f 461/5/1063 462/5/1063 466/5/1063
f 464/5/1064 468/5/1064 463/5/1064
f 474/5/159 475/5/159 473/5/159
f 14/1/219 24/1/219 77/1/219
f 66/1/853 75/1/853 14/1/853
f 75/1/854 20/1/854 14/1/854
f 469/5/1065 474/5/1065 473/5/1065
f 469/5/1066 470/5/1066 474/5/1066
f 471/5/1067 476/5/1067 475/5/1067
f 471/5/1068 472/5/1068 476/5/1068
f 848/1/164 679/1/164 687/1/164
f 687/1/164 688/1/164 848/1/164
f 478/5/1069 479/5/1069 482/5/1069
f 479/5/1070 483/5/1070 482/5/1070
f 477/5/1071 481/5/1071 483/5/1071
f 481/5/1072 478/5/1072 482/5/1072
f 483/5/224 481/5/224 482/5/224
f 486/5/1073 489/5/1073 485/5/1073
f 486/5/1074 487/5/1074 488/5/1074
f 884/5/1075 917/5/1075 891/5/1075
f 911/5/1076 902/5/1076 910/5/1076
f 910/5/1077 902/5/1077 896/5/1077
f 902/5/1078 898/5/1078 896/5/1078
f 898/5/1079 897/5/1079 896/5/1079
f 886/5/1080 884/5/1080 891/5/1080
f 891/5/1081 890/5/1081 886/5/1081
f 916/5/1082 891/5/1082 917/5/1082
f 910/5/170 916/5/170 917/5/170
f 488/5/226 484/5/226 489/5/226
f 491/5/1083 492/5/1083 496/5/1083
f 493/5/1084 494/5/1084 497/5/1084
f 494/5/1085 495/5/1085 497/5/1085
f 524/5/1086 521/5/1086 525/5/1086
f 498/5/1087 499/5/1087 502/5/1087
f 500/5/1014 504/5/1014 503/5/1014
f 501/5/1088 498/5/1088 502/5/1088
f 1041/1/1089 1042/1/1089 1047/1/1089
f 1050/1/1090 1040/1/1090 1041/1/1090
f 276/1/28 277/1/28 219/1/28
f 277/1/28 220/1/28 219/1/28
f 220/1/28 225/1/28 222/1/28
f 506/5/1091 507/5/1091 511/5/1091
f 507/5/1092 508/5/1092 511/5/1092
f 508/5/1093 509/5/1093 511/5/1093
f 135/2/31 134/2/31 139/2/31
f 134/2/31 140/2/31 139/2/31
f 139/2/31 138/2/31 135/2/31
f 138/2/31 137/2/31 135/2/31
f 510/5/1094 506/5/1094 511/5/1094
f 1034/1/1095 1035/1/1095 1026/1/1095
f 1035/1/1096 1027/1/1096 1026/1/1096
f 1025/1/1097 1030/1/1097 1029/1/1097
f 1025/1/1098 1029/1/1098 1026/1/1098
f 512/5/1099 517/5/1099 516/5/1099
f 512/5/1100 513/5/1100 517/5/1100
f 513/5/1101 518/5/1101 517/5/1101
f 514/5/1026 515/5/1026 516/5/1026
f 274/1/1102 275/1/1102 197/1/1102
f 197/1/28 216/1/28 215/1/28
f 215/1/28 195/1/28 197/1/28
f 195/1/1103 202/1/1103 274/1/1103
f 202/1/976 201/1/976 269/1/976
f 202/1/972 269/1/972 273/1/972
f 274/1/970 197/1/970 195/1/970
f 616/3/276 617/3/276 799/3/276
f 617/3/276 625/3/276 799/3/276
f 625/3/1104 624/3/1104 800/3/1104
f 624/3/1105 793/3/1105 800/3/1105
f 799/3/276 798/3/276 616/3/276
f 520/5/1106 524/5/1106 523/5/1106
f 521/5/1107 522/5/1107 525/5/1107
f 522/5/1108 523/5/1108 525/5/1108
f 224/1/31 221/1/31 223/1/31
f 221/1/31 278/1/31 223/1/31
f 278/1/31 279/1/31 223/1/31
f 526/5/1109 527/5/1109 531/5/1109
f 527/5/1033 532/5/1033 531/5/1033
f 528/5/1110 529/5/1110 533/5/1110
f 529/5/1111 530/5/1111 533/5/1111
f 495/5/1112 491/5/1112 496/5/1112
f 496/5/1113 493/5/1113 497/5/1113
f 212/1/31 198/1/31 196/1/31
f 198/1/1114 271/1/1114 272/1/1114
f 198/1/654 272/1/654 196/1/654
f 196/1/31 211/1/31 212/1/31
f 270/1/1115 204/1/1115 203/1/1115
f 268/1/1116 270/1/1116 203/1/1116
f 272/1/192 268/1/192 203/1/192
f 535/5/1036 540/5/1036 539/5/1036
f 535/5/1037 536/5/1037 540/5/1037
f 537/5/1038 538/5/1038 541/5/1038
f 537/5/1039 534/5/1039 538/5/1039
f 538/5/142 539/5/142 540/5/142
f 542/5/1117 546/5/1117 545/5/1117
f 542/5/1118 543/5/1118 547/5/1118
f 543/5/1119 544/5/1119 545/5/1119
f 1545/3/994 1549/3/994 1560/3/994
f 1549/3/1120 1556/3/1120 1555/3/1120
f 1549/3/1121 1555/3/1121 1560/3/1121
f 1659/3/1122 1660/3/1122 1545/3/1122
f 1560/3/1123 1659/3/1123 1545/3/1123
f 548/5/1124 549/5/1124 553/5/1124
f 549/5/1125 554/5/1125 553/5/1125
f 548/5/1126 552/5/1126 551/5/1126
f 554/5/1127 551/5/1127 552/5/1127
f 555/5/1128 556/5/1128 560/5/1128
f 556/5/1129 561/5/1129 560/5/1129
f 556/5/1130 557/5/1130 561/5/1130
f 557/5/1131 558/5/1131 559/5/1131
f 564/5/1132 569/5/1132 563/5/1132
f 566/5/1133 570/5/1133 565/5/1133
f 562/5/1134 568/5/1134 567/5/1134
f 458/5/844 459/5/844 460/5/844
f 571/5/1135 572/5/1135 576/5/1135
f 572/5/1136 577/5/1136 576/5/1136
f 573/5/1137 574/5/1137 575/5/1137
f 579/5/1138 580/5/1138 583/5/1138
f 580/5/1139 584/5/1139 583/5/1139
f 581/5/1140 582/5/1140 584/5/1140
f 582/5/1141 579/5/1141 583/5/1141
f 585/5/1142 586/5/1142 590/5/1142
f 586/5/1143 591/5/1143 590/5/1143
f 587/5/1144 588/5/1144 592/5/1144
f 306/1/31 304/1/31 302/1/31
f 304/1/31 314/1/31 302/1/31
f 314/1/31 313/1/31 302/1/31
f 102/1/81 109/1/81 160/1/81
f 102/1/941 160/1/941 168/1/941
f 112/1/1145 115/1/1145 161/1/1145
f 102/1/936 168/1/936 161/1/936
f 589/5/159 590/5/159 591/5/159
f 592/5/159 589/5/159 591/5/159
f 594/5/1146 595/5/1146 599/5/1146
f 596/5/1147 597/5/1147 599/5/1147
f 596/5/1148 593/5/1148 597/5/1148
f 602/5/1073 605/5/1073 601/5/1073
f 602/5/1074 603/5/1074 604/5/1074
f 13/1/81 17/1/81 67/1/81
f 13/1/941 67/1/941 78/1/941
f 79/1/1149 68/1/1149 25/1/1149
f 13/1/936 78/1/936 79/1/936
f 304/1/953 306/1/953 354/1/953
f 306/1/952 355/1/952 354/1/952
f 361/1/1150 295/1/1150 291/1/1150
f 304/1/82 354/1/82 291/1/82
f 354/1/434 353/1/434 291/1/434
f 600/5/171 601/5/171 605/5/171
f 606/5/1151 607/5/1151 610/5/1151
f 608/5/1152 609/5/1152 612/5/1152
f 606/5/1153 610/5/1153 612/5/1153
f 559/5/1154 555/5/1154 560/5/1154
f 560/5/928 561/5/928 559/5/928
f 611/5/1155 608/5/1155 612/5/1155
f 791/3/230 622/3/230 621/3/230
f 791/3/231 792/3/231 623/3/231
f 792/3/42 793/3/42 624/3/42
f 626/3/232 625/3/232 617/3/232
f 626/3/233 618/3/233 619/3/233
f 627/3/277 619/3/277 801/3/277
f 619/3/277 620/3/277 801/3/277
f 620/3/277 794/3/277 801/3/277
f 814/3/1156 789/3/1156 628/3/1156
f 814/3/1157 628/3/1157 627/3/1157
f 790/3/155 621/3/155 628/3/155
f 101/1/893 110/1/893 148/1/893
f 110/1/933 167/1/933 148/1/933
f 159/1/935 158/1/935 113/1/935
f 158/1/932 114/1/932 113/1/932
f 167/1/1017 159/1/1017 149/1/1017
f 148/1/1016 167/1/1016 149/1/1016
f 1167/1/21 1166/1/21 100/1/21
f 1166/1/21 101/1/21 100/1/21
f 160/1/392 109/1/392 154/1/392
f 109/1/894 100/1/894 154/1/894
f 113/1/116 149/1/116 159/1/116
f 112/1/1158 160/1/1158 150/1/1158
f 154/1/896 150/1/896 160/1/896
f 148/1/55 154/1/55 100/1/55
f 317/1/28 371/1/28 315/1/28
f 371/1/28 370/1/28 315/1/28
f 315/1/28 319/1/28 317/1/28
f 1473/1/5 1469/1/5 1470/1/5
f 1478/1/5 1479/1/5 1476/1/5
f 1473/1/5 1470/1/5 1478/1/5
f 1474/1/5 1475/1/5 1473/1/5
f 1471/1/5 1468/1/5 1472/1/5
f 1472/1/5 1474/1/5 1473/1/5
f 1473/1/5 1478/1/5 1477/1/5
f 1478/1/5 1476/1/5 1477/1/5
f 1477/1/5 1471/1/5 1472/1/5
f 767/6/1159 631/6/1159 630/6/1159
f 767/6/1160 768/6/1160 842/6/1160
f 768/6/1161 769/6/1161 843/6/1161
f 769/6/1162 770/6/1162 844/6/1162
f 770/6/1163 771/6/1163 840/6/1163
f 772/6/1164 841/6/1164 840/6/1164
f 766/6/1165 632/6/1165 841/6/1165
f 629/6/1166 630/6/1166 632/6/1166
f 846/1/244 682/1/244 690/1/244
f 690/1/244 691/1/244 846/1/244
f 1394/3/2 1404/3/2 1403/3/2
f 1404/3/2 1413/3/2 1403/3/2
f 1414/3/2 1411/3/2 1406/3/2
f 1411/3/2 1395/3/2 1406/3/2
f 1392/3/2 1408/3/2 1407/3/2
f 1408/3/2 1423/3/2 1407/3/2
f 1423/3/2 1422/3/2 1407/3/2
f 1406/3/2 1415/3/2 1414/3/2
f 1415/3/2 1412/3/2 1414/3/2
f 1412/3/2 1403/3/2 1413/3/2
f 1414/3/2 1412/3/2 1413/3/2
f 1407/3/2 1398/3/2 1392/3/2
f 1402/3/2 1421/3/2 1420/3/2
f 1420/3/2 1401/3/2 1402/3/2
f 1401/3/2 1393/3/2 1402/3/2
f 1392/3/2 1398/3/2 1395/3/2
f 1398/3/2 1399/3/2 1395/3/2
f 1395/3/2 1399/3/2 1406/3/2
f 1397/3/2 1402/3/2 1393/3/2
f 1397/3/2 1393/3/2 1394/3/2
f 1394/3/2 1403/3/2 1396/3/2
f 639/4/31 640/4/31 648/4/31
f 640/4/31 641/4/31 648/4/31
f 641/4/31 649/4/31 648/4/31
f 637/4/31 638/4/31 646/4/31
f 638/4/31 639/4/31 646/4/31
f 644/4/31 636/4/31 637/4/31
f 645/4/31 644/4/31 637/4/31
f 639/4/31 648/4/31 647/4/31
f 646/4/31 645/4/31 637/4/31
f 644/3/1167 645/3/1167 652/3/1167
f 646/3/1168 653/3/1168 652/3/1168
f 647/3/1169 654/3/1169 653/3/1169
f 648/3/1170 655/3/1170 654/3/1170
f 648/3/1171 649/3/1171 656/3/1171
f 650/3/1172 657/3/1172 656/3/1172
f 650/3/1173 651/3/1173 658/3/1173
f 651/3/1174 644/3/1174 659/3/1174
f 303/1/82 292/1/82 352/1/82
f 292/1/944 359/1/944 352/1/944
f 656/3/1175 663/3/1175 662/3/1175
f 81/1/1116 83/1/1116 19/1/1116
f 83/1/1115 20/1/1115 19/1/1115
f 19/1/192 12/1/192 85/1/192
f 12/1/31 27/1/31 14/1/31
f 85/1/654 12/1/654 14/1/654
f 27/1/31 28/1/31 14/1/31
f 14/1/1114 84/1/1114 85/1/1114
f 660/3/1176 666/3/1176 665/3/1176
f 660/3/1177 661/3/1177 666/3/1177
f 661/3/1178 667/3/1178 666/3/1178
f 661/3/1179 662/3/1179 667/3/1179
f 663/3/1180 668/3/1180 667/3/1180
f 664/3/1181 660/3/1181 665/3/1181
f 619/3/259 618/3/259 851/3/259
f 618/3/259 675/3/259 851/3/259
f 439/5/1182 436/5/1182 437/5/1182
f 616/3/260 615/3/260 672/3/260
f 617/3/261 616/3/261 673/3/261
f 850/1/262 678/1/262 686/1/262
f 686/1/262 687/1/262 850/1/262
f 619/3/263 676/3/263 677/3/263
f 620/3/264 677/3/264 670/3/264
f 849/1/230 850/1/230 679/1/230
f 853/4/265 855/4/265 856/4/265
f 857/4/266 854/4/266 856/4/266
f 857/4/267 858/4/267 860/4/267
f 845/1/232 846/1/232 683/1/232
f 863/4/268 865/4/268 866/4/268
f 864/4/269 866/4/269 868/4/269
f 869/4/270 867/4/270 868/4/270
f 695/2/231 696/2/231 721/2/231
f 720/2/231 718/2/231 695/2/231
f 718/2/231 687/2/231 695/2/231
f 680/1/271 688/1/271 689/1/271
f 682/1/272 681/1/272 689/1/272
f 107/1/50 1165/1/50 106/1/50
f 1165/1/50 1164/1/50 106/1/50
f 106/1/50 108/1/50 151/1/50
f 108/1/1183 172/1/1183 151/1/1183
f 163/1/82 116/1/82 105/1/82
f 170/1/944 163/1/944 105/1/944
f 111/1/949 107/1/949 155/1/949
f 107/1/950 106/1/950 155/1/950
f 172/1/1184 166/1/1184 152/1/1184
f 151/1/1185 172/1/1185 152/1/1185
f 166/1/1186 119/1/1186 152/1/1186
f 170/1/948 105/1/948 162/1/948
f 105/1/393 111/1/393 162/1/393
f 118/1/1187 162/1/1187 153/1/1187
f 155/1/1188 153/1/1188 162/1/1188
f 106/1/1189 151/1/1189 155/1/1189
f 684/1/274 692/1/274 693/1/274
f 678/1/275 685/1/275 693/1/275
f 734/5/230 736/5/230 737/5/230
f 738/5/231 740/5/231 741/5/231
f 742/5/42 744/5/42 745/5/42
f 746/5/276 748/5/276 749/5/276
f 750/5/232 752/5/232 753/5/232
f 754/5/233 756/5/233 757/5/233
f 758/5/277 760/5/277 761/5/277
f 762/5/155 764/5/155 765/5/155
f 1196/6/278 1130/6/278 1131/6/278
f 1194/6/279 1195/6/279 1131/6/279
f 1194/6/280 1133/6/280 1135/6/280
f 1193/6/281 1135/6/281 1137/6/281
f 1200/6/282 1137/6/282 1139/6/282
f 1199/6/283 1139/6/283 1141/6/283
f 1197/6/284 1198/6/284 1141/6/284
f 1196/6/285 1197/6/285 1143/6/285
f 1131/5/286 1130/5/286 1144/5/286
f 1131/5/287 1145/5/287 1146/5/287
f 1135/5/288 1133/5/288 1146/5/288
f 1135/5/289 1147/5/289 1148/5/289
f 1137/5/290 1148/5/290 1149/5/290
f 1139/5/291 1149/5/291 1150/5/291
f 1143/5/292 1141/5/292 1150/5/292
f 1143/5/293 1151/5/293 1144/5/293
f 103/1/219 114/1/219 158/1/219
f 157/1/853 167/1/853 103/1/853
f 167/1/854 110/1/854 103/1/854
f 1147/5/28 1146/5/28 1154/5/28
f 1148/5/28 1147/5/28 1155/5/28
f 1148/5/28 1155/5/28 1156/5/28
f 1154/5/28 1146/5/28 1153/5/28
f 1146/5/28 1145/5/28 1153/5/28
f 1149/5/28 1148/5/28 1157/5/28
f 1148/5/28 1156/5/28 1157/5/28
f 1153/5/28 1145/5/28 1144/5/28
f 1152/5/28 1153/5/28 1144/5/28
f 1150/5/28 1149/5/28 1157/5/28
f 1150/5/28 1157/5/28 1158/5/28
f 1152/5/28 1144/5/28 1151/5/28
f 1150/5/28 1158/5/28 1159/5/28
f 1159/5/28 1152/5/28 1151/5/28
f 1153/5/294 1152/5/294 1120/5/294
f 1153/5/295 1121/5/295 1122/5/295
f 1154/5/296 1122/5/296 1123/5/296
f 1156/5/297 1155/5/297 1123/5/297
f 1157/5/298 1156/5/298 1124/5/298
f 1157/5/299 1125/5/299 1126/5/299
f 1158/5/300 1126/5/300 1127/5/300
f 1152/5/301 1159/5/301 1127/5/301
f 696/2/42 697/2/42 708/2/42
f 697/2/42 709/2/42 708/2/42
f 707/2/42 689/2/42 706/2/42
f 689/2/42 688/2/42 706/2/42
f 696/2/42 708/2/42 706/2/42
f 689/2/42 707/2/42 709/2/42
f 691/2/232 690/2/232 710/2/232
f 700/2/277 701/2/277 716/2/277
f 701/2/277 717/2/277 716/2/277
f 716/2/277 714/2/277 692/2/277
f 729/2/233 700/2/233 692/2/233
f 692/2/233 691/2/233 727/2/233
f 691/2/233 726/2/233 727/2/233
f 697/2/276 698/2/276 725/2/276
f 39/1/31 37/1/31 38/1/31
f 37/1/31 91/1/31 38/1/31
f 91/1/31 92/1/31 38/1/31
f 701/2/155 694/2/155 733/2/155
f 701/2/155 733/2/155 732/2/155
f 731/2/155 686/2/155 693/2/155
f 701/2/155 732/2/155 730/2/155
f 730/2/155 731/2/155 693/2/155
f 686/2/155 731/2/155 733/2/155
f 702/2/302 734/2/302 735/2/302
f 702/2/303 704/2/303 736/2/303
f 704/2/304 705/2/304 737/2/304
f 703/2/305 735/2/305 737/2/305
f 719/2/306 718/2/306 738/2/306
f 718/2/307 720/2/307 740/2/307
f 721/2/308 741/2/308 740/2/308
f 719/2/309 739/2/309 741/2/309
f 707/2/310 706/2/310 742/2/310
f 708/2/311 744/2/311 742/2/311
f 708/2/312 709/2/312 745/2/312
f 707/2/313 743/2/313 745/2/313
f 723/2/314 722/2/314 746/2/314
f 724/2/315 748/2/315 746/2/315
f 725/2/316 749/2/316 748/2/316
f 723/2/317 747/2/317 749/2/317
f 710/2/1190 750/2/1190 751/2/1190
f 710/2/319 712/2/319 752/2/319
f 712/2/1191 713/2/1191 753/2/1191
f 711/2/321 751/2/321 753/2/321
f 727/2/1192 726/2/1192 754/2/1192
f 726/2/323 728/2/323 756/2/323
f 729/2/324 757/2/324 756/2/324
f 727/2/325 755/2/325 757/2/325
f 714/2/326 758/2/326 759/2/326
f 716/2/327 760/2/327 758/2/327
f 717/2/328 761/2/328 760/2/328
f 717/2/329 715/2/329 759/2/329
f 731/2/330 730/2/330 762/2/330
f 730/2/331 732/2/331 764/2/331
f 733/2/332 765/2/332 764/2/332
f 733/2/333 731/2/333 763/2/333
f 778/7/1193 785/7/1193 787/7/1193
f 779/7/1194 773/7/1194 788/7/1194
f 780/7/1195 774/7/1195 773/7/1195
f 780/7/1196 781/7/1196 775/7/1196
f 781/7/1197 782/7/1197 776/7/1197
f 782/7/1198 783/7/1198 777/7/1198
f 783/7/1199 784/7/1199 778/7/1199
f 786/7/1200 779/7/1200 785/7/1200
f 628/3/1201 621/3/1201 780/3/1201
f 621/3/343 622/3/343 781/3/343
f 623/3/344 782/3/344 781/3/344
f 624/3/345 783/3/345 782/3/345
f 625/3/1202 784/3/1202 783/3/1202
f 626/3/1203 785/3/1203 784/3/1203
f 626/3/1204 627/3/1204 786/3/1204
f 627/3/1205 628/3/1205 773/3/1205
f 778/7/1206 787/7/1206 771/7/1206
f 778/7/1207 770/7/1207 769/7/1207
f 776/7/1208 777/7/1208 769/7/1208
f 776/7/1209 768/7/1209 767/7/1209
f 775/7/1210 767/7/1210 629/7/1210
f 788/7/1211 774/7/1211 629/7/1211
f 788/7/1212 766/7/1212 772/7/1212
f 779/7/1213 772/7/1213 771/7/1213
f 803/6/155 804/6/155 805/6/155
f 806/6/230 807/6/230 804/6/230
f 808/6/231 809/6/231 807/6/231
f 810/6/42 811/6/42 809/6/42
f 812/6/1214 800/6/1214 811/6/1214
f 826/5/359 827/5/359 828/5/359
f 829/5/230 830/5/230 828/5/230
f 831/5/231 832/5/231 830/5/231
f 833/5/360 834/5/360 832/5/360
f 813/6/1215 802/6/1215 805/6/1215
f 795/6/362 803/6/362 802/6/362
f 789/6/363 805/6/363 804/6/363
f 795/6/364 796/6/364 806/6/364
f 790/6/365 804/6/365 807/6/365
f 797/6/366 808/6/366 806/6/366
f 792/6/367 791/6/367 807/6/367
f 798/6/368 810/6/368 808/6/368
f 792/6/369 809/6/369 811/6/369
f 798/6/1216 799/6/1216 812/6/1216
f 793/6/1217 811/6/1217 800/6/1217
f 801/6/1218 813/6/1218 814/6/1218
f 794/6/1219 802/6/1219 813/6/1219
f 816/3/231 797/3/231 796/3/231
f 818/3/230 796/3/230 795/3/230
f 620/3/155 613/3/155 824/3/155
f 613/3/155 819/3/155 824/3/155
f 820/3/155 795/3/155 823/3/155
f 795/3/155 794/3/155 823/3/155
f 620/3/155 824/3/155 794/3/155
f 614/3/230 817/3/230 819/3/230
f 615/3/231 815/3/231 817/3/231
f 823/2/374 824/2/374 826/2/374
f 824/2/1220 819/2/1220 827/2/1220
f 823/2/1221 825/2/1221 828/2/1221
f 819/2/377 817/2/377 829/2/377
f 820/2/378 828/2/378 830/2/378
f 815/2/379 831/2/379 829/2/379
f 816/2/380 818/2/380 830/2/380
f 821/2/1222 833/2/1222 831/2/1222
f 822/2/382 834/2/382 833/2/382
f 822/2/1223 816/2/1223 832/2/1223
f 840/6/1224 841/6/1224 635/6/1224
f 841/6/1225 632/6/1225 836/6/1225
f 630/6/1226 837/6/1226 836/6/1226
f 631/6/1227 633/6/1227 837/6/1227
f 842/6/1228 634/6/1228 633/6/1228
f 842/6/1229 843/6/1229 838/6/1229
f 844/6/1230 839/6/1230 838/6/1230
f 844/6/1231 840/6/1231 835/6/1231
f 699/2/232 691/2/232 711/2/232
f 699/2/232 711/2/232 713/2/232
f 710/2/232 690/2/232 698/2/232
f 699/2/232 713/2/232 712/2/232
f 712/2/232 710/2/232 698/2/232
f 350/1/219 302/1/219 289/1/219
f 287/1/21 1175/1/21 1174/1/21
f 287/1/21 1174/1/21 288/1/21
f 357/1/936 350/1/936 289/1/936
f 299/1/1232 349/1/1232 338/1/1232
f 349/1/941 357/1/941 289/1/941
f 296/1/894 287/1/894 342/1/894
f 287/1/235 288/1/235 336/1/235
f 297/1/854 290/1/854 356/1/854
f 290/1/853 346/1/853 356/1/853
f 356/1/934 348/1/934 337/1/934
f 348/1/939 300/1/939 337/1/939
f 287/1/55 336/1/55 342/1/55
f 288/1/893 297/1/893 336/1/893
f 349/1/81 289/1/81 296/1/81
f 342/1/937 338/1/937 349/1/937
f 297/1/933 356/1/933 336/1/933
f 336/1/938 356/1/938 337/1/938
f 301/1/932 300/1/932 347/1/932
f 300/1/935 348/1/935 347/1/935
f 347/1/32 346/1/32 290/1/32
f 351/1/948 359/1/948 292/1/948
f 341/1/1233 305/1/1233 351/1/1233
f 298/1/273 344/1/273 351/1/273
f 344/1/956 341/1/956 351/1/956
f 861/4/394 859/4/394 860/4/394
f 847/1/231 671/1/231 679/1/231
f 871/4/395 869/4/395 870/4/395
f 851/1/233 675/1/233 683/1/233
f 848/4/396 855/4/396 853/4/396
f 861/4/31 845/4/31 674/4/31
f 859/4/31 861/4/31 674/4/31
f 847/4/31 853/4/31 672/4/31
f 853/4/31 854/4/31 672/4/31
f 857/4/31 859/4/31 673/4/31
f 859/4/31 674/4/31 673/4/31
f 673/4/31 672/4/31 854/4/31
f 682/4/28 846/4/28 862/4/28
f 856/4/28 855/4/28 680/4/28
f 855/4/28 848/4/28 680/4/28
f 682/4/28 862/4/28 860/4/28
f 856/4/28 680/4/28 681/4/28
f 681/4/28 682/4/28 860/4/28
f 858/4/28 856/4/28 681/4/28
f 845/4/397 861/4/397 862/4/397
f 852/4/398 865/4/398 863/4/398
f 231/2/31 232/2/31 226/2/31
f 226/2/31 227/2/31 228/2/31
f 228/2/31 229/2/31 230/2/31
f 231/2/31 226/2/31 230/2/31
f 676/4/31 851/4/31 863/4/31
f 869/4/31 871/4/31 670/4/31
f 871/4/31 849/4/31 670/4/31
f 676/4/31 863/4/31 864/4/31
f 869/4/31 670/4/31 677/4/31
f 677/4/31 676/4/31 864/4/31
f 867/4/31 869/4/31 677/4/31
f 849/4/399 871/4/399 872/4/399
f 678/4/28 850/4/28 872/4/28
f 866/4/28 865/4/28 684/4/28
f 865/4/28 852/4/28 684/4/28
f 678/4/28 872/4/28 870/4/28
f 866/4/28 684/4/28 685/4/28
f 685/4/28 678/4/28 870/4/28
f 868/4/28 866/4/28 685/4/28
f 877/1/1234 874/1/1234 876/1/1234
f 875/1/28 879/1/28 878/1/28
f 878/1/28 873/1/28 875/1/28
f 873/1/28 877/1/28 875/1/28
f 239/2/28 238/2/28 237/2/28
f 237/2/28 236/2/28 239/2/28
f 236/2/28 235/2/28 234/2/28
f 234/2/28 233/2/28 236/2/28
f 876/1/1235 880/1/1235 879/1/1235
f 881/1/1236 874/1/1236 873/1/1236
f 886/5/1237 887/5/1237 885/5/1237
f 885/5/1238 887/5/1238 888/5/1238
f 889/5/1239 890/5/1239 883/5/1239
f 885/5/1240 892/5/1240 884/5/1240
f 893/5/1241 892/5/1241 885/5/1241
f 909/5/1242 910/5/1242 896/5/1242
f 909/5/1243 895/5/1243 905/5/1243
f 907/5/1244 894/5/1244 903/5/1244
f 911/5/1245 906/5/1245 903/5/1245
f 902/5/1246 904/5/1246 899/5/1246
f 904/5/1247 894/5/1247 900/5/1247
f 895/5/1248 897/5/1248 901/5/1248
f 894/5/1249 904/5/1249 903/5/1249
f 912/5/1250 913/5/1250 907/5/1250
f 914/5/1251 915/5/1251 909/5/1251
f 916/5/1252 910/5/1252 909/5/1252
f 912/5/1253 906/5/1253 911/5/1253
f 893/5/1254 913/5/1254 912/5/1254
f 883/5/1255 915/5/1255 914/5/1255
f 883/5/1256 891/5/1256 916/5/1256
f 884/5/1257 892/5/1257 912/5/1257
f 921/5/1258 923/5/1258 924/5/1258
f 924/5/1259 925/5/1259 918/5/1259
f 936/5/1260 931/5/1260 941/5/1260
f 931/5/1261 943/5/1261 944/5/1261
f 949/5/1262 930/5/1262 919/5/1262
f 930/5/1263 918/5/1263 919/5/1263
f 918/5/1264 925/5/1264 919/5/1264
f 944/5/1265 941/5/1265 931/5/1265
f 949/5/1266 919/5/1266 950/5/1266
f 944/5/276 943/5/276 949/5/276
f 919/5/1267 925/5/1267 926/5/1267
f 926/5/1268 923/5/1268 927/5/1268
f 922/5/1269 929/5/1269 928/5/1269
f 930/5/1270 929/5/1270 922/5/1270
f 26/1/28 24/1/28 22/1/28
f 24/1/28 29/1/28 22/1/28
f 29/1/28 30/1/28 22/1/28
f 945/5/1271 946/5/1271 933/5/1271
f 945/5/1272 932/5/1272 941/5/1272
f 943/5/1273 931/5/1273 939/5/1273
f 947/5/1274 942/5/1274 939/5/1274
f 195/1/82 207/1/82 261/1/82
f 252/1/225 259/1/225 195/1/225
f 259/1/1150 202/1/1150 195/1/1150
f 938/5/1275 940/5/1275 935/5/1275
f 931/5/1276 936/5/1276 935/5/1276
f 941/5/1277 932/5/1277 937/5/1277
f 933/5/1278 934/5/1278 937/5/1278
f 65/1/225 72/1/225 11/1/225
f 72/1/1150 18/1/1150 11/1/1150
f 23/1/953 21/1/953 74/1/953
f 21/1/952 73/1/952 74/1/952
f 23/1/82 74/1/82 11/1/82
f 931/5/1279 940/5/1279 939/5/1279
f 948/5/1280 949/5/1280 943/5/1280
f 386/5/885 387/5/885 388/5/885
f 389/5/885 386/5/885 388/5/885
f 950/5/1281 951/5/1281 945/5/1281
f 952/5/1282 946/5/1282 945/5/1282
f 948/5/1283 942/5/1283 947/5/1283
f 930/5/1284 949/5/1284 948/5/1284
f 920/5/1285 951/5/1285 950/5/1285
f 920/5/1286 927/5/1286 952/5/1286
f 928/5/1287 929/5/1287 948/5/1287
f 960/5/1288 956/5/1288 955/5/1288
f 959/5/1289 961/5/1289 954/5/1289
f 957/5/1290 958/5/1290 960/5/1290
f 957/5/1291 961/5/1291 959/5/1291
f 962/5/1292 963/5/1292 958/5/1292
f 963/5/1293 962/5/1293 959/5/1293
f 982/4/1294 983/4/1294 964/4/1294
f 983/4/1295 984/4/1295 965/4/1295
f 984/4/1296 966/4/1296 965/4/1296
f 966/4/1297 984/4/1297 982/4/1297
f 971/4/1298 969/4/1298 967/4/1298
f 972/4/1299 967/4/1299 968/4/1299
f 968/4/1300 969/4/1300 970/4/1300
f 970/4/1301 971/4/1301 974/4/1301
f 974/4/1302 971/4/1302 972/4/1302
f 975/4/1303 972/4/1303 970/4/1303
f 973/4/1304 974/4/1304 977/4/1304
f 977/4/1305 974/4/1305 975/4/1305
f 978/4/1306 975/4/1306 973/4/1306
f 979/4/1307 976/4/1307 977/4/1307
f 981/4/1308 980/4/1308 977/4/1308
f 984/4/1309 979/4/1309 980/4/1309
f 983/4/1310 982/4/1310 981/4/1310
f 983/4/1311 981/4/1311 979/4/1311
f 965/4/1312 986/4/1312 985/4/1312
f 966/4/1313 987/4/1313 986/4/1313
f 964/4/1314 985/4/1314 987/4/1314
f 969/4/1315 989/4/1315 988/4/1315
f 967/4/1316 990/4/1316 989/4/1316
f 967/4/1317 969/4/1317 988/4/1317
f 994/8/1318 995/8/1318 998/8/1318
f 998/8/1319 995/8/1319 996/8/1319
f 996/8/1320 994/8/1320 997/8/1320
f 997/8/1321 998/8/1321 992/8/1321
f 993/8/1322 998/8/1322 999/8/1322
f 999/8/1323 997/8/1323 991/8/1323
f 1003/8/1324 995/8/1324 994/8/1324
f 1003/8/1325 1004/8/1325 996/8/1325
f 1005/8/1326 994/8/1326 996/8/1326
f 1001/8/1327 1003/8/1327 1005/8/1327
f 1001/8/1328 1002/8/1328 1003/8/1328
f 1000/8/1329 1005/8/1329 1004/8/1329
f 1006/8/1330 1007/8/1330 1001/8/1330
f 1007/8/1331 1008/8/1331 1002/8/1331
f 1002/8/1332 1008/8/1332 1006/8/1332
f 1009/8/1333 1010/8/1333 1013/8/1333
f 1013/8/1334 1010/8/1334 1011/8/1334
f 1011/8/1335 1009/8/1335 1012/8/1335
f 1012/8/1336 1013/8/1336 1007/8/1336
f 1008/8/1337 1013/8/1337 1014/8/1337
f 1014/8/1338 1012/8/1338 1006/8/1338
f 992/8/1339 1017/8/1339 1016/8/1339
f 1017/8/1340 992/8/1340 993/8/1340
f 993/8/1341 1015/8/1341 1017/8/1341
f 993/8/1342 991/8/1342 1015/8/1342
f 1018/8/1343 1010/8/1343 1009/8/1343
f 1018/8/1344 1019/8/1344 1011/8/1344
f 1020/8/1345 1009/8/1345 1011/8/1345
f 1017/8/1346 1018/8/1346 1020/8/1346
f 1017/8/1347 1015/8/1347 1019/8/1347
f 1015/8/1348 1020/8/1348 1019/8/1348
f 1028/5/1349 1033/5/1349 1032/5/1349
f 1025/1/230 1026/1/230 1024/1/230
f 1036/5/1350 1035/5/1350 1034/5/1350
f 1021/1/232 1022/1/232 1027/1/232
f 1030/1/1351 1025/1/1351 1023/1/1351
f 1023/1/1352 1033/1/1352 1028/1/1352
f 1027/1/1353 1035/1/1353 1030/1/1353
f 1035/1/1354 1036/1/1354 1030/1/1354
f 1049/5/1355 1044/5/1355 1045/5/1355
f 1039/1/1356 1041/1/1356 1040/1/1356
f 1051/5/1357 1047/5/1357 1052/5/1357
f 1042/1/1358 1037/1/1358 1043/1/1358
f 1048/1/1359 1043/1/1359 1038/1/1359
f 516/5/1028 517/5/1028 518/5/1028
f 1046/1/1360 1043/1/1360 1049/1/1360
f 1050/1/1361 1041/1/1361 1051/1/1361
f 1048/1/1362 1052/1/1362 1047/1/1362
f 1053/5/1363 1072/5/1363 1073/5/1363
f 1073/5/1364 1074/5/1364 1054/5/1364
f 1074/5/1365 1072/5/1365 1055/5/1365
f 1061/5/1366 1060/5/1366 1058/5/1366
f 1062/5/1367 1059/5/1367 1060/5/1367
f 1064/5/1368 1063/5/1368 1061/5/1368
f 1064/5/1369 1061/5/1369 1059/5/1369
f 1065/5/1370 1062/5/1370 1063/5/1370
f 1067/5/1371 1066/5/1371 1063/5/1371
f 1067/5/1372 1064/5/1372 1062/5/1372
f 1062/5/1373 1065/5/1373 1068/5/1373
f 1065/5/1374 1066/5/1374 1069/5/1374
f 1070/5/1375 1066/5/1375 1067/5/1375
f 1070/5/1376 1067/5/1376 1068/5/1376
f 1068/5/1377 1065/5/1377 1069/5/1377
f 1072/5/1378 1069/5/1378 1070/5/1378
f 1073/5/1379 1070/5/1379 1071/5/1379
f 1071/5/1380 1069/5/1380 1074/5/1380
f 1091/5/1381 1083/5/1381 1075/5/1381
f 1083/5/1382 1084/5/1382 1076/5/1382
f 1085/5/1383 1077/5/1383 1076/5/1383
f 1085/5/1384 1086/5/1384 1078/5/1384
f 1086/5/1385 1091/5/1385 1075/5/1385
f 1090/5/1386 1079/5/1386 1080/5/1386
f 1088/5/1387 1089/5/1387 1080/5/1387
f 1088/5/1388 1081/5/1388 1082/5/1388
f 1087/5/1389 1082/5/1389 1079/5/1389
f 1053/5/1390 1083/5/1390 1091/5/1390
f 1054/5/1391 1084/5/1391 1083/5/1391
f 1054/5/1392 1085/5/1392 1084/5/1392
f 1055/5/1393 1086/5/1393 1085/5/1393
f 1053/5/1394 1091/5/1394 1086/5/1394
f 1058/5/1395 1088/5/1395 1087/5/1395
f 1057/5/1396 1089/5/1396 1088/5/1396
f 1057/5/1397 1090/5/1397 1089/5/1397
f 1056/5/1398 1092/5/1398 1090/5/1398
f 1056/5/1399 1058/5/1399 1087/5/1399
f 1101/2/1400 1094/2/1400 1093/2/1400
f 1099/2/1401 1100/2/1401 1095/2/1401
f 1101/2/1402 1093/2/1402 1095/2/1402
f 1096/2/1403 1097/2/1403 1099/2/1403
f 1097/2/1404 1098/2/1404 1100/2/1404
f 1096/2/1405 1101/2/1405 1100/2/1405
f 1102/2/1406 1103/2/1406 1097/2/1406
f 1103/2/1407 1102/2/1407 1098/2/1407
f 838/6/1408 839/6/1408 1105/6/1408
f 835/6/1409 1106/6/1409 1105/6/1409
f 835/6/1410 635/6/1410 1107/6/1410
f 836/6/1411 1108/6/1411 1107/6/1411
f 837/6/1412 1111/6/1412 1108/6/1412
f 633/6/1413 1109/6/1413 1111/6/1413
f 633/6/1414 634/6/1414 1110/6/1414
f 634/6/1415 838/6/1415 1104/6/1415
f 1109/6/1416 637/6/1416 636/6/1416
f 1111/6/1417 636/6/1417 643/6/1417
f 1108/6/1418 643/6/1418 642/6/1418
f 1106/6/1419 1107/6/1419 642/6/1419
f 1106/6/1420 641/6/1420 640/6/1420
f 1104/6/1421 1105/6/1421 640/6/1421
f 1110/6/1422 1104/6/1422 639/6/1422
f 1109/6/1423 1110/6/1423 638/6/1423
f 694/6/584 1112/6/584 1113/6/584
f 695/6/585 1113/6/585 1114/6/585
f 697/6/586 696/6/586 1114/6/586
f 698/6/587 697/6/587 1115/6/587
f 698/6/588 1116/6/588 1117/6/588
f 700/6/589 699/6/589 1117/6/589
f 700/6/590 1118/6/590 1119/6/590
f 701/6/591 1119/6/591 1112/6/591
f 1112/6/230 1128/6/230 1129/6/230
f 1113/6/231 1129/6/231 1132/6/231
f 1115/6/42 1114/6/42 1132/6/42
f 1115/6/276 1134/6/276 1136/6/276
f 1116/6/232 1136/6/232 1138/6/232
f 1117/6/233 1138/6/233 1140/6/233
f 1119/6/277 1118/6/277 1140/6/277
f 1119/6/155 1142/6/155 1128/6/155
f 1178/1/5 1177/1/5 1176/1/5
f 1176/1/1424 6/1/1424 7/1/1424
f 1184/1/1425 1180/1/1425 1179/1/1425
f 1179/1/1425 1181/1/1425 1184/1/1425
f 1181/1/50 1182/1/50 1184/1/50
f 1187/1/5 1186/1/5 1185/1/5
f 1185/1/1424 190/1/1424 191/1/1424
f 1192/1/5 1189/1/5 1188/1/5
f 1188/1/5 1190/1/5 1192/1/5
f 1190/1/50 1191/1/50 1192/1/50
f 9/1/28 1161/1/28 1160/1/28
f 16/1/31 1163/1/31 1162/1/31
f 101/1/31 1166/1/31 1165/1/31
f 106/1/28 1164/1/28 1167/1/28
f 193/1/28 1169/1/28 1168/1/28
f 200/1/31 1171/1/31 1170/1/31
f 288/1/31 1174/1/31 1173/1/31
f 293/1/28 1172/1/28 1175/1/28
f 8/1/593 1176/1/593 1177/1/593
f 1/1/1426 1178/1/1426 7/1/1426
f 2/1/50 1177/1/50 1178/1/50
f 93/1/21 1179/1/21 1180/1/21
f 98/1/594 1181/1/594 1179/1/594
f 99/1/595 94/1/595 1180/1/595
f 192/1/593 1185/1/593 1186/1/593
f 185/1/1426 1187/1/1426 191/1/1426
f 186/1/50 1186/1/50 1187/1/50
f 280/1/21 1188/1/21 1189/1/21
f 285/1/594 1190/1/594 1188/1/594
f 281/1/595 1189/1/595 1192/1/595
f 1134/6/596 1132/6/596 1194/6/596
f 1132/6/597 1129/6/597 1195/6/597
f 1128/6/598 1196/6/598 1195/6/598
f 1142/6/599 1197/6/599 1196/6/599
f 1142/6/600 1140/6/600 1198/6/600
f 1140/6/601 1138/6/601 1199/6/601
f 1136/6/602 1200/6/602 1199/6/602
f 1134/6/603 1193/6/603 1200/6/603
f 1207/6/31 1208/6/31 1212/6/31
f 1206/6/28 1210/6/28 1211/6/28
f 1207/6/21 1209/6/21 1210/6/21
f 1201/6/1427 1207/6/1427 1206/6/1427
f 1204/6/1428 1205/6/1428 1208/6/1428
f 1209/6/1429 1202/6/1429 1203/6/1429
f 1211/6/1430 1203/6/1430 1202/6/1430
f 1212/6/50 1208/6/50 1214/6/50
f 1214/7/612 1216/7/612 1217/7/612
f 1215/7/1431 1217/7/1431 1216/7/1431
f 1230/6/31 1226/6/31 1225/6/31
f 1229/6/28 1228/6/28 1224/6/28
f 1228/6/50 1227/6/50 1225/6/50
f 1221/6/1432 1222/6/1432 1223/6/1432
f 1221/6/1433 1224/6/1433 1225/6/1433
f 1218/6/1434 1225/6/1434 1226/6/1434
f 1226/6/1435 1223/6/1435 1222/6/1435
f 1220/6/1436 1219/6/1436 1227/6/1436
f 1220/6/1437 1228/6/1437 1229/6/1437
f 1219/6/1438 1220/6/1438 1229/6/1438
f 1230/6/21 1233/6/21 1231/6/21
f 1223/6/21 1226/6/21 1231/6/21
f 1223/6/21 1231/6/21 1232/6/21
f 1233/6/21 1230/6/21 1229/6/21
f 1223/6/21 1232/6/21 1233/6/21
f 1234/7/1439 1235/7/1439 1231/7/1439
f 1235/7/622 1234/7/622 1233/7/622
f 1243/6/31 1244/6/31 1248/6/31
f 1242/6/28 1246/6/28 1247/6/28
f 1240/6/1440 1237/6/1440 1236/6/1440
f 1242/6/21 1243/6/21 1245/6/21
f 1236/6/634 1243/6/634 1242/6/634
f 1236/6/1441 1237/6/1441 1244/6/1441
f 1237/6/1442 1240/6/1442 1241/6/1442
f 1245/6/1429 1238/6/1429 1239/6/1429
f 1247/6/1430 1239/6/1430 1238/6/1430
f 1248/6/50 1244/6/50 1250/6/50
f 1248/6/50 1250/6/50 1249/6/50
f 1250/6/50 1241/6/50 1247/6/50
f 1248/6/50 1249/6/50 1251/6/50
f 1251/6/50 1250/6/50 1247/6/50
f 1250/7/612 1252/7/612 1253/7/612
f 1251/7/1431 1253/7/1431 1252/7/1431
f 1266/6/31 1262/6/31 1261/6/31
f 1265/6/28 1264/6/28 1260/6/28
f 1254/6/1443 1255/6/1443 1258/6/1443
f 1260/6/50 1264/6/50 1263/6/50
f 1260/6/1433 1261/6/1433 1254/6/1433
f 1254/6/1444 1261/6/1444 1262/6/1444
f 1255/6/1435 1262/6/1435 1259/6/1435
f 1257/6/1436 1256/6/1436 1263/6/1436
f 1257/6/1437 1264/6/1437 1265/6/1437
f 1256/6/1438 1257/6/1438 1265/6/1438
f 293/1/946 295/1/946 339/1/946
f 295/1/947 361/1/947 339/1/947
f 361/1/951 355/1/951 340/1/951
f 355/1/954 306/1/954 340/1/954
f 306/1/1445 305/1/1445 341/1/1445
f 306/1/1446 341/1/1446 340/1/1446
f 1173/1/50 1172/1/50 293/1/50
f 344/1/949 298/1/949 294/1/949
f 294/1/50 1173/1/50 293/1/50
f 339/1/84 344/1/84 293/1/84
f 344/1/950 294/1/950 293/1/950
f 1267/6/21 1268/6/21 1259/6/21
f 1269/6/21 1267/6/21 1262/6/21
f 1265/6/21 1259/6/21 1268/6/21
f 1265/6/21 1268/6/21 1269/6/21
f 1269/6/21 1262/6/21 1266/6/21
f 1270/7/1439 1271/7/1439 1267/7/1439
f 1271/7/622 1270/7/622 1269/7/622
f 1279/6/31 1280/6/31 1284/6/31
f 1278/6/28 1282/6/28 1283/6/28
f 1279/6/21 1281/6/21 1282/6/21
f 1277/6/1447 1276/6/1447 1275/6/1447
f 1275/6/1448 1272/6/1448 1279/6/1448
f 1276/6/626 1277/6/626 1280/6/626
f 1281/6/1429 1273/6/1429 1274/6/1429
f 1283/6/1430 1274/6/1430 1273/6/1430
f 1284/6/50 1280/6/50 1286/6/50
f 1284/6/50 1286/6/50 1285/6/50
f 1286/6/50 1277/6/50 1283/6/50
f 1284/6/50 1285/6/50 1287/6/50
f 1287/6/50 1286/6/50 1283/6/50
f 1286/7/612 1288/7/612 1289/7/612
f 1287/7/1431 1289/7/1431 1288/7/1431
f 1302/6/31 1298/6/31 1297/6/31
f 1301/6/28 1300/6/28 1296/6/28
f 1300/6/50 1299/6/50 1297/6/50
f 1293/6/1432 1294/6/1432 1295/6/1432
f 1293/6/1433 1296/6/1433 1297/6/1433
f 1290/6/1434 1297/6/1434 1298/6/1434
f 1298/6/1435 1295/6/1435 1294/6/1435
f 1292/6/1436 1291/6/1436 1299/6/1436
f 1292/6/1437 1300/6/1437 1301/6/1437
f 1291/6/1438 1292/6/1438 1301/6/1438
f 1305/6/21 1303/6/21 1298/6/21
f 1301/6/21 1295/6/21 1304/6/21
f 1301/6/21 1304/6/21 1305/6/21
f 1305/6/21 1298/6/21 1302/6/21
f 1303/6/21 1304/6/21 1295/6/21
f 1306/7/1439 1307/7/1439 1303/7/1439
f 1307/7/622 1306/7/622 1305/7/622
f 1347/7/2 1315/7/2 1314/7/2
f 1347/7/637 1348/7/637 1316/7/637
f 1349/7/638 1317/7/638 1316/7/638
f 1345/7/639 1319/7/639 1318/7/639
f 1346/7/640 1314/7/640 1319/7/640
f 1353/7/2 1327/7/2 1326/7/2
f 1354/7/637 1328/7/637 1327/7/637
f 1354/7/638 1355/7/638 1329/7/638
f 1351/7/639 1331/7/639 1330/7/639
f 1351/7/640 1352/7/640 1326/7/640
f 1313/7/639 1333/7/639 1332/7/639
f 1308/7/640 1334/7/640 1333/7/640
f 1309/7/2 1335/7/2 1334/7/2
f 1309/7/637 1310/7/637 1336/7/637
f 1311/7/638 1337/7/638 1336/7/638
f 1325/7/639 1339/7/639 1338/7/639
f 1320/7/640 1340/7/640 1339/7/640
f 1321/7/2 1341/7/2 1340/7/2
f 1322/7/637 1342/7/637 1341/7/637
f 1323/7/638 1343/7/638 1342/7/638
f 1356/6/641 1357/6/641 1358/6/641
f 1360/6/640 1361/6/640 1358/6/640
f 1362/6/2 1363/6/2 1361/6/2
f 1364/6/637 1365/6/637 1363/6/637
f 1366/6/642 1367/6/642 1365/6/642
f 1369/6/641 1370/6/641 1371/6/641
f 1372/6/640 1373/6/640 1370/6/640
f 1374/6/2 1375/6/2 1373/6/2
f 1376/6/637 1377/6/637 1375/6/637
f 1376/6/642 1378/6/642 1379/6/642
f 1332/7/1449 1333/7/1449 1357/7/1449
f 1344/7/1450 1359/7/1450 1358/7/1450
f 1334/7/645 1360/7/645 1357/7/645
f 1346/7/1451 1345/7/1451 1358/7/1451
f 1334/7/647 1335/7/647 1362/7/647
f 1346/7/648 1361/7/648 1363/7/648
f 1335/7/649 1336/7/649 1364/7/649
f 1347/7/1452 1363/7/1452 1365/7/1452
f 1337/7/1453 1366/7/1453 1364/7/1453
f 1349/7/1454 1348/7/1454 1365/7/1454
f 1338/7/1449 1339/7/1449 1369/7/1449
f 1350/7/1450 1371/7/1450 1370/7/1450
f 1340/7/645 1372/7/645 1369/7/645
f 1352/7/1451 1351/7/1451 1370/7/1451
f 1341/7/647 1374/7/647 1372/7/647
f 1352/7/648 1373/7/648 1375/7/648
f 1341/7/649 1342/7/649 1376/7/649
f 1353/7/1452 1375/7/1452 1377/7/1452
f 1343/7/1453 1378/7/1453 1376/7/1453
f 1355/7/1454 1354/7/1454 1377/7/1454
f 1420/3/2 1421/3/2 1422/3/2
f 307/1/31 290/1/31 292/1/31
f 290/1/910 297/1/910 364/1/910
f 297/1/911 298/1/911 368/1/911
f 298/1/912 362/1/912 368/1/912
f 292/1/31 308/1/31 307/1/31
f 364/1/909 363/1/909 292/1/909
f 297/1/64 368/1/64 364/1/64
f 1507/4/1455 1501/4/1455 1508/4/1455
f 1445/6/2 1446/6/2 1447/6/2
f 1510/4/2 1511/4/2 1512/4/2
f 1450/6/2 1452/6/2 1453/6/2
f 1416/1/657 1419/1/657 1426/1/657
f 1386/1/658 1390/1/658 1389/1/658
f 1428/1/659 1431/1/659 1418/1/659
f 1387/1/660 1384/1/660 1388/1/660
f 1420/1/661 1423/1/661 1430/1/661
f 1449/6/662 1448/6/662 1445/6/662
f 1414/1/663 1413/1/663 1424/1/663
f 1455/6/664 1454/6/664 1450/6/664
f 1462/3/665 1397/3/665 1396/3/665
f 1421/3/666 1464/3/666 1465/3/666
f 1456/3/667 1399/3/667 1398/3/667
f 1459/3/668 1412/3/668 1415/3/668
f 117/1/953 119/1/953 165/1/953
f 119/1/952 166/1/952 165/1/952
f 172/1/1150 108/1/1150 104/1/1150
f 117/1/82 165/1/82 104/1/82
f 165/1/434 164/1/434 104/1/434
f 1401/1/1456 1400/1/1456 1383/1/1456
f 1463/3/670 1402/3/670 1397/3/670
f 1460/3/671 1461/3/671 1396/3/671
f 1404/1/1457 1394/1/1457 1381/1/1457
f 1457/3/671 1406/3/671 1399/3/671
f 1398/3/670 1407/3/670 1466/3/670
f 1382/1/1458 1409/1/1458 1408/1/1458
f 1411/1/1459 1410/1/1459 1380/1/1459
f 1418/5/2 1391/5/2 1390/5/2
f 1391/5/2 1388/5/2 1390/5/2
f 1388/5/2 1419/5/2 1416/5/2
f 1416/5/2 1389/5/2 1388/5/2
f 1389/5/2 1390/5/2 1388/5/2
f 1434/1/2 1433/1/2 1386/1/2
f 1433/1/2 1383/1/2 1386/1/2
f 1381/1/2 1432/1/2 1385/1/2
f 1432/1/2 1435/1/2 1385/1/2
f 1429/1/2 1430/1/2 1504/1/2
f 1503/1/1460 1509/1/1460 1428/1/1460
f 1429/1/2 1504/1/2 1503/1/2
f 1400/1/2 1429/1/2 1428/1/2
f 1429/1/2 1503/1/2 1428/1/2
f 1438/1/2 1380/1/2 1384/1/2
f 1380/1/2 1410/1/2 1384/1/2
f 1384/1/2 1440/1/2 1438/1/2
f 1502/1/1461 1501/1/1461 1426/1/1461
f 1426/1/2 1384/1/2 1410/1/2
f 1383/1/2 1400/1/2 1386/1/2
f 1400/1/2 1428/1/2 1386/1/2
f 1434/1/2 1386/1/2 1435/1/2
f 1386/1/2 1385/1/2 1435/1/2
f 1425/1/1462 1500/1/1462 1506/1/1462
f 1381/1/2 1385/1/2 1405/1/2
f 1385/1/2 1425/1/2 1405/1/2
f 1405/1/2 1425/1/2 1424/1/2
f 1425/1/1463 1506/1/1463 1424/1/1463
f 1426/1/2 1410/1/2 1427/1/2
f 1502/1/2 1426/1/2 1427/1/2
f 1506/1/1464 1502/1/1464 1424/1/1464
f 1389/1/1465 1416/1/1465 1425/1/1465
f 1388/1/1466 1384/1/1466 1426/1/1466
f 1390/1/1467 1386/1/1467 1428/1/1467
f 1391/1/1468 1418/1/1468 1431/1/1468
f 1401/1/1469 1420/1/1469 1429/1/1469
f 1408/1/1470 1409/1/1470 1430/1/1470
f 1404/1/1471 1405/1/1471 1424/1/1471
f 1411/1/1472 1414/1/1472 1427/1/1472
f 1463/3/1473 1464/3/1473 1421/3/1473
f 1466/3/1474 1407/3/1474 1422/3/1474
f 1460/3/1475 1403/3/1475 1412/3/1475
f 1457/3/1476 1458/3/1476 1415/3/1476
f 1393/1/1477 1383/1/1477 1436/1/1477
f 1383/1/1478 1433/1/1478 1436/1/1478
f 1432/1/1478 1381/1/1478 1437/1/1478
f 1381/1/1479 1394/1/1479 1437/1/1479
f 1393/1/687 1436/1/687 1394/1/687
f 367/1/966 291/1/966 295/1/966
f 295/1/913 296/1/913 365/1/913
f 369/1/967 367/1/967 295/1/967
f 1395/1/1480 1380/1/1480 1442/1/1480
f 1380/1/1481 1438/1/1481 1442/1/1481
f 1439/1/1481 1382/1/1481 1443/1/1481
f 1382/1/1482 1392/1/1482 1443/1/1482
f 1395/1/688 1442/1/688 1443/1/688
f 1433/6/1483 1434/6/1483 1446/6/1483
f 1435/6/690 1447/6/690 1446/6/690
f 1432/6/1484 1444/6/1484 1447/6/1484
f 1436/6/692 1448/6/692 1449/6/692
f 1433/6/1485 1445/6/1485 1448/6/1485
f 1432/6/1486 1437/6/1486 1449/6/1486
f 1438/6/1487 1440/6/1487 1452/6/1487
f 1440/6/696 1441/6/696 1453/6/696
f 1439/6/1488 1451/6/1488 1453/6/1488
f 1443/6/698 1442/6/698 1454/6/698
f 1438/6/1489 1450/6/1489 1454/6/1489
f 1439/6/1490 1443/6/1490 1455/6/1490
f 1478/7/701 1480/7/701 1481/7/701
f 1482/7/1491 1480/7/1491 1478/7/1491
f 1483/7/703 1482/7/703 1470/7/703
f 1473/7/1492 1484/7/1492 1483/7/1492
f 1485/7/701 1484/7/701 1473/7/701
f 1493/7/705 1492/7/705 1494/7/705
f 1472/7/706 1487/7/706 1486/7/706
f 1488/7/1493 1487/7/1493 1472/7/1493
f 1488/7/708 1468/7/708 1471/7/708
f 1477/7/1494 1490/7/1494 1489/7/1494
f 1491/7/706 1490/7/706 1477/7/706
f 1497/7/710 1498/7/710 1499/7/710
f 1456/7/2 1467/7/2 1498/7/2
f 1467/7/2 1491/7/2 1499/7/2
f 1498/7/2 1467/7/2 1499/7/2
f 1485/7/2 1495/7/2 1461/7/2
f 1495/7/2 1494/7/2 1461/7/2
f 1486/7/2 1487/7/2 1462/7/2
f 1487/7/2 1463/7/2 1462/7/2
f 1494/7/2 1486/7/2 1462/7/2
f 1494/7/2 1462/7/2 1461/7/2
f 1484/7/2 1485/7/2 1461/7/2
f 1484/7/2 1461/7/2 1460/7/2
f 1484/7/2 1460/7/2 1483/7/2
f 1460/7/2 1459/7/2 1483/7/2
f 1456/7/2 1498/7/2 1481/7/2
f 1456/7/2 1481/7/2 1480/7/2
f 1483/7/2 1459/7/2 1458/7/2
f 1457/7/2 1456/7/2 1480/7/2
f 1482/7/2 1483/7/2 1458/7/2
f 1458/7/2 1457/7/2 1482/7/2
f 1491/7/2 1467/7/2 1490/7/2
f 1467/7/2 1466/7/2 1490/7/2
f 1463/7/2 1487/7/2 1488/7/2
f 1464/7/2 1463/7/2 1488/7/2
f 1489/7/2 1490/7/2 1466/7/2
f 1465/7/2 1464/7/2 1488/7/2
f 1489/7/2 1466/7/2 1465/7/2
f 1474/7/5 1492/7/5 1493/7/5
f 1486/7/711 1494/7/711 1492/7/711
f 1485/7/712 1475/7/712 1493/7/712
f 1479/7/5 1497/7/5 1496/7/5
f 1481/7/713 1498/7/713 1497/7/713
f 10/1/50 1162/1/50 1161/1/50
f 9/1/946 18/1/946 55/1/946
f 18/1/947 72/1/947 55/1/947
f 10/1/50 1161/1/50 9/1/50
f 70/1/82 22/1/82 12/1/82
f 69/1/944 70/1/944 12/1/944
f 19/1/949 10/1/949 57/1/949
f 10/1/950 9/1/950 57/1/950
f 72/1/1184 73/1/1184 59/1/1184
f 55/1/1495 72/1/1495 59/1/1495
f 73/1/1186 21/1/1186 59/1/1186
f 69/1/948 12/1/948 63/1/948
f 12/1/393 19/1/393 63/1/393
f 64/1/1496 63/1/1496 58/1/1496
f 57/1/1188 58/1/1188 63/1/1188
f 9/1/84 55/1/84 57/1/84
f 1491/7/714 1476/7/714 1496/7/714
f 1425/1/1497 1426/1/1497 1501/1/1497
f 1500/1/1498 1507/1/1498 1506/1/1498
f 1501/1/718 1502/1/718 1508/1/718
f 1503/1/1498 1510/1/1498 1509/1/1498
f 1504/1/716 1511/1/716 1510/1/716
f 1504/1/718 1505/1/718 1512/1/718
f 1547/3/1499 1553/3/1499 1552/3/1499
f 1552/3/1500 1550/3/1500 1547/3/1500
f 1550/3/877 1558/3/877 1547/3/877
f 1558/3/1501 1662/3/1501 1547/3/1501
f 1662/3/1502 1621/3/1502 1547/3/1502
f 1409/1/2 1382/1/2 1387/1/2
f 1382/1/2 1439/1/2 1387/1/2
f 1441/1/2 1440/1/2 1387/1/2
f 1440/1/2 1384/1/2 1387/1/2
f 1430/1/2 1409/1/2 1431/1/2
f 1505/1/2 1504/1/2 1431/1/2
f 1504/1/2 1430/1/2 1431/1/2
f 1428/1/1503 1509/1/1503 1505/1/1503
f 1431/1/2 1428/1/2 1505/1/2
f 1439/1/2 1441/1/2 1387/1/2
f 1516/3/1504 1527/3/1504 1517/3/1504
f 1674/3/1505 1521/3/1505 1520/3/1505
f 1633/3/1506 1522/3/1506 1521/3/1506
f 1670/3/1507 1523/3/1507 1522/3/1507
f 1671/3/1508 1524/3/1508 1523/3/1508
f 1672/3/1509 1525/3/1509 1524/3/1509
f 1673/3/1510 1520/3/1510 1525/3/1510
f 686/2/230 694/2/230 704/2/230
f 702/2/230 703/2/230 687/2/230
f 686/2/230 704/2/230 702/2/230
f 1526/3/1511 1518/3/1511 1519/3/1511
f 1517/3/1512 1527/3/1512 1519/3/1512
f 1576/3/1513 1612/3/1513 1611/3/1513
f 1611/3/1514 1561/3/1514 1576/3/1514
f 1561/3/848 1565/3/848 1576/3/848
f 1565/3/849 1572/3/849 1576/3/849
f 1572/3/1515 1571/3/1515 1576/3/1515
f 1515/3/1516 1590/3/1516 1580/3/1516
f 1514/3/1517 1580/3/1517 1577/3/1517
f 1513/3/1518 1592/3/1518 1578/3/1518
f 1516/3/1519 1578/3/1519 1579/3/1519
f 1532/3/1520 1543/3/1520 1533/3/1520
f 1680/3/1521 1537/3/1521 1536/3/1521
f 1644/3/1522 1538/3/1522 1537/3/1522
f 1676/3/1523 1539/3/1523 1538/3/1523
f 1677/3/1524 1540/3/1524 1539/3/1524
f 1678/3/1525 1541/3/1525 1540/3/1525
f 1679/3/1526 1536/3/1526 1541/3/1526
f 1542/3/1511 1534/3/1511 1535/3/1511
f 1533/3/1527 1543/3/1527 1535/3/1527
f 1614/7/1528 1646/7/1528 1609/7/1528
f 1645/7/1529 1609/7/1529 1610/7/1529
f 1647/7/1530 1610/7/1530 1611/7/1530
f 1648/7/1531 1611/7/1531 1612/7/1531
f 1649/7/1532 1612/7/1532 1613/7/1532
f 1650/7/1533 1613/7/1533 1646/7/1533
f 721/2/231 696/2/231 719/2/231
f 696/2/231 688/2/231 719/2/231
f 688/2/231 687/2/231 719/2/231
f 1548/3/1520 1559/3/1520 1549/3/1520
f 717/2/277 701/2/277 693/2/277
f 693/2/277 692/2/277 714/2/277
f 715/2/277 717/2/277 693/2/277
f 1546/3/757 1554/3/757 1553/3/757
f 1560/3/1534 1555/3/1534 1554/3/1534
f 379/1/28 380/1/28 378/1/28
f 378/1/28 375/1/28 374/1/28
f 1551/3/1535 1557/3/1535 1556/3/1535
f 1550/3/747 1552/3/747 1557/3/747
f 1558/3/1511 1550/3/1511 1551/3/1511
f 1549/3/1527 1559/3/1527 1551/3/1527
f 1547/3/1536 1621/3/1536 1657/3/1536
f 1546/3/1537 1657/3/1537 1659/3/1537
f 695/2/230 687/2/230 703/2/230
f 705/2/230 704/2/230 695/2/230
f 704/2/230 694/2/230 695/2/230
f 1548/3/1538 1545/3/1538 1660/3/1538
f 1548/3/1539 1661/3/1539 1662/3/1539
f 725/2/276 698/2/276 723/2/276
f 698/2/276 690/2/276 723/2/276
f 689/2/276 697/2/276 724/2/276
f 689/2/276 724/2/276 722/2/276
f 689/2/276 722/2/276 723/2/276
f 699/2/233 700/2/233 728/2/233
f 700/2/233 729/2/233 728/2/233
f 728/2/233 726/2/233 691/2/233
f 1564/3/1540 1575/3/1540 1565/3/1540
f 1562/3/747 1570/3/747 1569/3/747
f 1576/3/1541 1571/3/1541 1570/3/1541
f 1567/3/1542 1573/3/1542 1572/3/1542
f 1566/3/757 1568/3/757 1573/3/757
f 1574/3/1543 1566/3/1543 1567/3/1543
f 1565/3/1544 1575/3/1544 1567/3/1544
f 1580/3/1540 1591/3/1540 1581/3/1540
f 1632/3/1545 1585/3/1545 1584/3/1545
f 1664/3/1546 1586/3/1546 1585/3/1546
f 1665/3/1547 1587/3/1547 1586/3/1547
f 1666/3/1548 1588/3/1548 1587/3/1548
f 1667/3/1549 1589/3/1549 1588/3/1549
f 1667/3/1550 1668/3/1550 1584/3/1550
f 1590/3/1543 1582/3/1543 1583/3/1543
f 1581/3/1544 1591/3/1544 1583/3/1544
f 1596/3/1540 1607/3/1540 1597/3/1540
f 316/1/31 373/1/31 372/1/31
f 318/1/31 316/1/31 372/1/31
f 1594/3/747 1602/3/747 1601/3/747
f 1608/3/1551 1603/3/1551 1602/3/1551
f 200/1/893 204/1/893 242/1/893
f 242/1/55 247/1/55 199/1/55
f 247/1/894 201/1/894 199/1/894
f 199/1/21 1168/1/21 1171/1/21
f 1171/1/21 200/1/21 199/1/21
f 1599/3/1542 1605/3/1542 1604/3/1542
f 1598/3/757 1600/3/757 1605/3/757
f 1606/3/1543 1598/3/1543 1599/3/1543
f 1597/3/1544 1607/3/1544 1599/3/1544
f 1609/3/1552 1574/3/1552 1564/3/1552
f 1610/3/1553 1564/3/1553 1561/3/1553
f 1612/3/1554 1576/3/1554 1562/3/1554
f 1613/3/1555 1562/3/1555 1563/3/1555
f 1652/3/1556 1649/3/1556 1650/3/1556
f 1653/3/1557 1648/3/1557 1649/3/1557
f 1654/3/1558 1647/3/1558 1648/3/1558
f 1655/3/1559 1645/3/1559 1647/3/1559
f 1656/3/1560 1614/3/1560 1645/3/1560
f 1615/3/1561 1650/3/1561 1614/3/1561
f 1616/7/1562 1652/7/1562 1615/7/1562
f 1617/7/1563 1653/7/1563 1652/7/1563
f 1618/7/1564 1654/7/1564 1653/7/1564
f 1619/7/1565 1655/7/1565 1654/7/1565
f 1620/7/1566 1656/7/1566 1655/7/1566
f 1651/7/1567 1615/7/1567 1656/7/1567
f 1532/3/1568 1529/3/1568 1616/3/1568
f 1530/3/1569 1618/3/1569 1617/3/1569
f 1531/3/1570 1619/3/1570 1618/3/1570
f 1532/3/1571 1651/3/1571 1620/3/1571
f 1621/7/1572 1658/7/1572 1622/7/1572
f 1657/7/1573 1622/7/1573 1623/7/1573
f 1659/7/1574 1623/7/1574 1624/7/1574
f 1660/7/1575 1624/7/1575 1625/7/1575
f 1661/7/1576 1625/7/1576 1626/7/1576
f 1662/7/1577 1626/7/1577 1658/7/1577
f 1658/3/1578 1606/3/1578 1596/3/1578
f 1622/3/1579 1596/3/1579 1593/3/1579
f 1624/3/1580 1608/3/1580 1594/3/1580
f 1625/3/1581 1594/3/1581 1595/3/1581
f 1578/3/1582 1627/3/1582 1663/3/1582
f 1592/3/1583 1628/3/1583 1627/3/1583
f 1583/3/1584 1630/3/1584 1629/3/1584
f 1582/3/1585 1631/3/1585 1630/3/1585
f 1627/7/1586 1664/7/1586 1632/7/1586
f 1628/7/1587 1665/7/1587 1664/7/1587
f 1629/7/1588 1666/7/1588 1665/7/1588
f 1630/7/1589 1667/7/1589 1666/7/1589
f 1631/7/1590 1668/7/1590 1667/7/1590
f 1663/7/1591 1632/7/1591 1668/7/1591
f 1634/7/1592 1670/7/1592 1633/7/1592
f 1635/7/1593 1671/7/1593 1670/7/1593
f 1636/7/1594 1672/7/1594 1671/7/1594
f 1637/7/1595 1673/7/1595 1672/7/1595
f 1638/7/1596 1674/7/1596 1673/7/1596
f 1669/7/1597 1633/7/1597 1674/7/1597
f 1528/3/1598 1634/3/1598 1669/3/1598
f 1519/3/1599 1636/3/1599 1635/3/1599
f 1518/3/1600 1637/3/1600 1636/3/1600
f 1514/3/1601 1669/3/1601 1638/3/1601
f 1544/3/1602 1639/3/1602 1675/3/1602
f 1531/3/1603 1643/3/1603 1642/3/1603
f 1642/3/1604 1534/3/1604 1531/3/1604
f 1534/3/877 1542/3/877 1531/3/877
f 1542/3/1605 1620/3/1605 1531/3/1605
f 1620/3/1606 1619/3/1606 1531/3/1606
f 1535/3/1607 1641/3/1607 1640/3/1607
f 1534/3/1608 1642/3/1608 1641/3/1608
f 377/1/31 381/1/31 382/1/31
f 382/1/31 376/1/31 377/1/31
f 1530/3/1609 1675/3/1609 1643/3/1609
f 1639/7/1610 1676/7/1610 1644/7/1610
f 1640/7/1611 1677/7/1611 1676/7/1611
f 1641/7/1612 1678/7/1612 1677/7/1612
f 1642/7/1613 1679/7/1613 1678/7/1613
f 1643/7/1614 1680/7/1614 1679/7/1614
f 1675/7/1615 1644/7/1615 1680/7/1615
l 1184 97
